[2026-04-26T08:58:47.876+0000] {processor.py:186} INFO - Started process (PID=29) to work on /opt/airflow/dags/kafka_load.py
[2026-04-26T08:58:47.877+0000] {processor.py:914} INFO - Processing file /opt/airflow/dags/kafka_load.py for tasks to queue
[2026-04-26T08:58:47.880+0000] {logging_mixin.py:190} INFO - [2026-04-26T08:58:47.880+0000] {dagbag.py:588} INFO - Filling up the DagBag from /opt/airflow/dags/kafka_load.py
[2026-04-26T08:58:47.954+0000] {processor.py:925} INFO - DAG(s) 'kafka_producer' retrieved from /opt/airflow/dags/kafka_load.py
[2026-04-26T08:58:48.336+0000] {logging_mixin.py:190} INFO - [2026-04-26T08:58:48.335+0000] {override.py:1912} INFO - Created Permission View: can edit on DAG:kafka_producer
[2026-04-26T08:58:48.354+0000] {logging_mixin.py:190} INFO - [2026-04-26T08:58:48.354+0000] {override.py:1912} INFO - Created Permission View: can delete on DAG:kafka_producer
[2026-04-26T08:58:48.370+0000] {logging_mixin.py:190} INFO - [2026-04-26T08:58:48.369+0000] {override.py:1912} INFO - Created Permission View: can read on DAG:kafka_producer
[2026-04-26T08:58:48.384+0000] {logging_mixin.py:190} INFO - [2026-04-26T08:58:48.384+0000] {override.py:1912} INFO - Created Permission View: can create on DAG Run:kafka_producer
[2026-04-26T08:58:48.394+0000] {logging_mixin.py:190} INFO - [2026-04-26T08:58:48.394+0000] {override.py:1912} INFO - Created Permission View: can delete on DAG Run:kafka_producer
[2026-04-26T08:58:48.407+0000] {logging_mixin.py:190} INFO - [2026-04-26T08:58:48.406+0000] {override.py:1912} INFO - Created Permission View: can read on DAG Run:kafka_producer
[2026-04-26T08:58:48.419+0000] {logging_mixin.py:190} INFO - [2026-04-26T08:58:48.419+0000] {override.py:1912} INFO - Created Permission View: menu access on DAG Run:kafka_producer
[2026-04-26T08:58:48.420+0000] {logging_mixin.py:190} INFO - [2026-04-26T08:58:48.420+0000] {dag.py:3239} INFO - Sync 1 DAGs
[2026-04-26T08:58:48.437+0000] {logging_mixin.py:190} INFO - [2026-04-26T08:58:48.436+0000] {dag.py:3262} INFO - Creating ORM DAG for kafka_producer
[2026-04-26T08:58:48.455+0000] {logging_mixin.py:190} INFO - [2026-04-26T08:58:48.455+0000] {dag.py:4180} INFO - Setting next_dagrun for kafka_producer to 2026-04-24 18:30:00+00:00, run_after=2026-04-25 18:30:00+00:00
[2026-04-26T08:58:48.484+0000] {processor.py:208} INFO - Processing /opt/airflow/dags/kafka_load.py took 0.617 seconds
[2026-04-26T08:59:19.203+0000] {processor.py:186} INFO - Started process (PID=32) to work on /opt/airflow/dags/kafka_load.py
[2026-04-26T08:59:19.206+0000] {processor.py:914} INFO - Processing file /opt/airflow/dags/kafka_load.py for tasks to queue
[2026-04-26T08:59:19.229+0000] {logging_mixin.py:190} INFO - [2026-04-26T08:59:19.228+0000] {dagbag.py:588} INFO - Filling up the DagBag from /opt/airflow/dags/kafka_load.py
[2026-04-26T08:59:19.387+0000] {processor.py:925} INFO - DAG(s) 'kafka_producer' retrieved from /opt/airflow/dags/kafka_load.py
[2026-04-26T08:59:19.429+0000] {logging_mixin.py:190} INFO - [2026-04-26T08:59:19.429+0000] {dag.py:3239} INFO - Sync 1 DAGs
[2026-04-26T08:59:19.471+0000] {logging_mixin.py:190} INFO - [2026-04-26T08:59:19.471+0000] {dag.py:4180} INFO - Setting next_dagrun for kafka_producer to 2026-04-25 18:30:00+00:00, run_after=2026-04-26 18:30:00+00:00
[2026-04-26T08:59:19.508+0000] {processor.py:208} INFO - Processing /opt/airflow/dags/kafka_load.py took 0.323 seconds
[2026-04-26T08:59:50.166+0000] {processor.py:186} INFO - Started process (PID=35) to work on /opt/airflow/dags/kafka_load.py
[2026-04-26T08:59:50.168+0000] {processor.py:914} INFO - Processing file /opt/airflow/dags/kafka_load.py for tasks to queue
[2026-04-26T08:59:50.172+0000] {logging_mixin.py:190} INFO - [2026-04-26T08:59:50.172+0000] {dagbag.py:588} INFO - Filling up the DagBag from /opt/airflow/dags/kafka_load.py
[2026-04-26T08:59:50.209+0000] {processor.py:925} INFO - DAG(s) 'kafka_producer' retrieved from /opt/airflow/dags/kafka_load.py
[2026-04-26T08:59:50.242+0000] {logging_mixin.py:190} INFO - [2026-04-26T08:59:50.241+0000] {dag.py:3239} INFO - Sync 1 DAGs
[2026-04-26T08:59:50.284+0000] {logging_mixin.py:190} INFO - [2026-04-26T08:59:50.284+0000] {dag.py:4180} INFO - Setting next_dagrun for kafka_producer to 2026-04-25 18:30:00+00:00, run_after=2026-04-26 18:30:00+00:00
[2026-04-26T08:59:50.331+0000] {processor.py:208} INFO - Processing /opt/airflow/dags/kafka_load.py took 0.178 seconds
[2026-04-26T09:00:20.804+0000] {processor.py:186} INFO - Started process (PID=38) to work on /opt/airflow/dags/kafka_load.py
[2026-04-26T09:00:20.806+0000] {processor.py:914} INFO - Processing file /opt/airflow/dags/kafka_load.py for tasks to queue
[2026-04-26T09:00:20.809+0000] {logging_mixin.py:190} INFO - [2026-04-26T09:00:20.808+0000] {dagbag.py:588} INFO - Filling up the DagBag from /opt/airflow/dags/kafka_load.py
[2026-04-26T09:00:20.846+0000] {processor.py:925} INFO - DAG(s) 'kafka_producer' retrieved from /opt/airflow/dags/kafka_load.py
[2026-04-26T09:00:20.884+0000] {logging_mixin.py:190} INFO - [2026-04-26T09:00:20.884+0000] {dag.py:3239} INFO - Sync 1 DAGs
[2026-04-26T09:00:20.917+0000] {logging_mixin.py:190} INFO - [2026-04-26T09:00:20.916+0000] {dag.py:4180} INFO - Setting next_dagrun for kafka_producer to 2026-04-25 18:30:00+00:00, run_after=2026-04-26 18:30:00+00:00
[2026-04-26T09:00:20.941+0000] {processor.py:208} INFO - Processing /opt/airflow/dags/kafka_load.py took 0.146 seconds
[2026-04-26T09:00:51.375+0000] {processor.py:186} INFO - Started process (PID=41) to work on /opt/airflow/dags/kafka_load.py
[2026-04-26T09:00:51.377+0000] {processor.py:914} INFO - Processing file /opt/airflow/dags/kafka_load.py for tasks to queue
[2026-04-26T09:00:51.383+0000] {logging_mixin.py:190} INFO - [2026-04-26T09:00:51.382+0000] {dagbag.py:588} INFO - Filling up the DagBag from /opt/airflow/dags/kafka_load.py
[2026-04-26T09:00:51.425+0000] {processor.py:925} INFO - DAG(s) 'kafka_producer' retrieved from /opt/airflow/dags/kafka_load.py
[2026-04-26T09:00:51.454+0000] {logging_mixin.py:190} INFO - [2026-04-26T09:00:51.454+0000] {dag.py:3239} INFO - Sync 1 DAGs
[2026-04-26T09:00:51.490+0000] {logging_mixin.py:190} INFO - [2026-04-26T09:00:51.490+0000] {dag.py:4180} INFO - Setting next_dagrun for kafka_producer to 2026-04-25 18:30:00+00:00, run_after=2026-04-26 18:30:00+00:00
[2026-04-26T09:00:51.523+0000] {processor.py:208} INFO - Processing /opt/airflow/dags/kafka_load.py took 0.158 seconds
[2026-04-26T09:01:22.018+0000] {processor.py:186} INFO - Started process (PID=44) to work on /opt/airflow/dags/kafka_load.py
[2026-04-26T09:01:22.019+0000] {processor.py:914} INFO - Processing file /opt/airflow/dags/kafka_load.py for tasks to queue
[2026-04-26T09:01:22.024+0000] {logging_mixin.py:190} INFO - [2026-04-26T09:01:22.023+0000] {dagbag.py:588} INFO - Filling up the DagBag from /opt/airflow/dags/kafka_load.py
[2026-04-26T09:01:22.069+0000] {processor.py:925} INFO - DAG(s) 'kafka_producer' retrieved from /opt/airflow/dags/kafka_load.py
[2026-04-26T09:01:22.099+0000] {logging_mixin.py:190} INFO - [2026-04-26T09:01:22.099+0000] {dag.py:3239} INFO - Sync 1 DAGs
[2026-04-26T09:01:22.132+0000] {logging_mixin.py:190} INFO - [2026-04-26T09:01:22.132+0000] {dag.py:4180} INFO - Setting next_dagrun for kafka_producer to 2026-04-25 18:30:00+00:00, run_after=2026-04-26 18:30:00+00:00
[2026-04-26T09:01:22.161+0000] {processor.py:208} INFO - Processing /opt/airflow/dags/kafka_load.py took 0.158 seconds
[2026-04-26T09:01:52.576+0000] {processor.py:186} INFO - Started process (PID=47) to work on /opt/airflow/dags/kafka_load.py
[2026-04-26T09:01:52.577+0000] {processor.py:914} INFO - Processing file /opt/airflow/dags/kafka_load.py for tasks to queue
[2026-04-26T09:01:52.582+0000] {logging_mixin.py:190} INFO - [2026-04-26T09:01:52.582+0000] {dagbag.py:588} INFO - Filling up the DagBag from /opt/airflow/dags/kafka_load.py
[2026-04-26T09:01:52.619+0000] {processor.py:925} INFO - DAG(s) 'kafka_producer' retrieved from /opt/airflow/dags/kafka_load.py
[2026-04-26T09:01:52.651+0000] {logging_mixin.py:190} INFO - [2026-04-26T09:01:52.651+0000] {dag.py:3239} INFO - Sync 1 DAGs
[2026-04-26T09:01:52.685+0000] {logging_mixin.py:190} INFO - [2026-04-26T09:01:52.685+0000] {dag.py:4180} INFO - Setting next_dagrun for kafka_producer to 2026-04-25 18:30:00+00:00, run_after=2026-04-26 18:30:00+00:00
[2026-04-26T09:01:52.710+0000] {processor.py:208} INFO - Processing /opt/airflow/dags/kafka_load.py took 0.149 seconds
[2026-04-26T09:02:23.188+0000] {processor.py:186} INFO - Started process (PID=50) to work on /opt/airflow/dags/kafka_load.py
[2026-04-26T09:02:23.190+0000] {processor.py:914} INFO - Processing file /opt/airflow/dags/kafka_load.py for tasks to queue
[2026-04-26T09:02:23.194+0000] {logging_mixin.py:190} INFO - [2026-04-26T09:02:23.194+0000] {dagbag.py:588} INFO - Filling up the DagBag from /opt/airflow/dags/kafka_load.py
[2026-04-26T09:02:23.237+0000] {processor.py:925} INFO - DAG(s) 'kafka_producer' retrieved from /opt/airflow/dags/kafka_load.py
[2026-04-26T09:02:23.267+0000] {logging_mixin.py:190} INFO - [2026-04-26T09:02:23.267+0000] {dag.py:3239} INFO - Sync 1 DAGs
[2026-04-26T09:02:23.303+0000] {logging_mixin.py:190} INFO - [2026-04-26T09:02:23.303+0000] {dag.py:4180} INFO - Setting next_dagrun for kafka_producer to 2026-04-25 18:30:00+00:00, run_after=2026-04-26 18:30:00+00:00
[2026-04-26T09:02:23.331+0000] {processor.py:208} INFO - Processing /opt/airflow/dags/kafka_load.py took 0.157 seconds
[2026-04-26T09:02:53.880+0000] {processor.py:186} INFO - Started process (PID=53) to work on /opt/airflow/dags/kafka_load.py
[2026-04-26T09:02:53.881+0000] {processor.py:914} INFO - Processing file /opt/airflow/dags/kafka_load.py for tasks to queue
[2026-04-26T09:02:53.886+0000] {logging_mixin.py:190} INFO - [2026-04-26T09:02:53.886+0000] {dagbag.py:588} INFO - Filling up the DagBag from /opt/airflow/dags/kafka_load.py
[2026-04-26T09:02:53.921+0000] {processor.py:925} INFO - DAG(s) 'kafka_producer' retrieved from /opt/airflow/dags/kafka_load.py
[2026-04-26T09:02:53.957+0000] {logging_mixin.py:190} INFO - [2026-04-26T09:02:53.956+0000] {dag.py:3239} INFO - Sync 1 DAGs
[2026-04-26T09:02:54.036+0000] {logging_mixin.py:190} INFO - [2026-04-26T09:02:54.036+0000] {dag.py:4180} INFO - Setting next_dagrun for kafka_producer to 2026-04-25 18:30:00+00:00, run_after=2026-04-26 18:30:00+00:00
[2026-04-26T09:02:54.100+0000] {processor.py:208} INFO - Processing /opt/airflow/dags/kafka_load.py took 0.234 seconds
[2026-04-26T09:03:24.557+0000] {processor.py:186} INFO - Started process (PID=56) to work on /opt/airflow/dags/kafka_load.py
[2026-04-26T09:03:24.558+0000] {processor.py:914} INFO - Processing file /opt/airflow/dags/kafka_load.py for tasks to queue
[2026-04-26T09:03:24.561+0000] {logging_mixin.py:190} INFO - [2026-04-26T09:03:24.561+0000] {dagbag.py:588} INFO - Filling up the DagBag from /opt/airflow/dags/kafka_load.py
[2026-04-26T09:03:24.592+0000] {processor.py:925} INFO - DAG(s) 'kafka_producer' retrieved from /opt/airflow/dags/kafka_load.py
[2026-04-26T09:03:24.622+0000] {logging_mixin.py:190} INFO - [2026-04-26T09:03:24.622+0000] {dag.py:3239} INFO - Sync 1 DAGs
[2026-04-26T09:03:24.661+0000] {logging_mixin.py:190} INFO - [2026-04-26T09:03:24.660+0000] {dag.py:4180} INFO - Setting next_dagrun for kafka_producer to 2026-04-25 18:30:00+00:00, run_after=2026-04-26 18:30:00+00:00
[2026-04-26T09:03:24.689+0000] {processor.py:208} INFO - Processing /opt/airflow/dags/kafka_load.py took 0.147 seconds
[2026-04-26T09:03:55.225+0000] {processor.py:186} INFO - Started process (PID=59) to work on /opt/airflow/dags/kafka_load.py
[2026-04-26T09:03:55.227+0000] {processor.py:914} INFO - Processing file /opt/airflow/dags/kafka_load.py for tasks to queue
[2026-04-26T09:03:55.230+0000] {logging_mixin.py:190} INFO - [2026-04-26T09:03:55.230+0000] {dagbag.py:588} INFO - Filling up the DagBag from /opt/airflow/dags/kafka_load.py
[2026-04-26T09:03:55.257+0000] {processor.py:925} INFO - DAG(s) 'kafka_producer' retrieved from /opt/airflow/dags/kafka_load.py
[2026-04-26T09:03:55.283+0000] {logging_mixin.py:190} INFO - [2026-04-26T09:03:55.283+0000] {dag.py:3239} INFO - Sync 1 DAGs
[2026-04-26T09:03:55.315+0000] {logging_mixin.py:190} INFO - [2026-04-26T09:03:55.315+0000] {dag.py:4180} INFO - Setting next_dagrun for kafka_producer to 2026-04-25 18:30:00+00:00, run_after=2026-04-26 18:30:00+00:00
[2026-04-26T09:03:55.338+0000] {processor.py:208} INFO - Processing /opt/airflow/dags/kafka_load.py took 0.130 seconds
[2026-04-26T09:04:25.823+0000] {processor.py:186} INFO - Started process (PID=62) to work on /opt/airflow/dags/kafka_load.py
[2026-04-26T09:04:25.824+0000] {processor.py:914} INFO - Processing file /opt/airflow/dags/kafka_load.py for tasks to queue
[2026-04-26T09:04:25.827+0000] {logging_mixin.py:190} INFO - [2026-04-26T09:04:25.827+0000] {dagbag.py:588} INFO - Filling up the DagBag from /opt/airflow/dags/kafka_load.py
[2026-04-26T09:04:25.896+0000] {processor.py:925} INFO - DAG(s) 'kafka_producer' retrieved from /opt/airflow/dags/kafka_load.py
[2026-04-26T09:04:25.931+0000] {logging_mixin.py:190} INFO - [2026-04-26T09:04:25.931+0000] {dag.py:3239} INFO - Sync 1 DAGs
[2026-04-26T09:04:25.969+0000] {logging_mixin.py:190} INFO - [2026-04-26T09:04:25.968+0000] {dag.py:4180} INFO - Setting next_dagrun for kafka_producer to 2026-04-25 18:30:00+00:00, run_after=2026-04-26 18:30:00+00:00
[2026-04-26T09:04:26.000+0000] {processor.py:208} INFO - Processing /opt/airflow/dags/kafka_load.py took 0.186 seconds
[2026-04-26T09:04:56.511+0000] {processor.py:186} INFO - Started process (PID=65) to work on /opt/airflow/dags/kafka_load.py
[2026-04-26T09:04:56.516+0000] {processor.py:914} INFO - Processing file /opt/airflow/dags/kafka_load.py for tasks to queue
[2026-04-26T09:04:56.526+0000] {logging_mixin.py:190} INFO - [2026-04-26T09:04:56.524+0000] {dagbag.py:588} INFO - Filling up the DagBag from /opt/airflow/dags/kafka_load.py
[2026-04-26T09:04:56.574+0000] {processor.py:925} INFO - DAG(s) 'kafka_producer' retrieved from /opt/airflow/dags/kafka_load.py
[2026-04-26T09:04:56.607+0000] {logging_mixin.py:190} INFO - [2026-04-26T09:04:56.607+0000] {dag.py:3239} INFO - Sync 1 DAGs
[2026-04-26T09:04:56.645+0000] {logging_mixin.py:190} INFO - [2026-04-26T09:04:56.644+0000] {dag.py:4180} INFO - Setting next_dagrun for kafka_producer to 2026-04-25 18:30:00+00:00, run_after=2026-04-26 18:30:00+00:00
[2026-04-26T09:04:56.673+0000] {processor.py:208} INFO - Processing /opt/airflow/dags/kafka_load.py took 0.178 seconds
[2026-04-26T09:05:27.161+0000] {processor.py:186} INFO - Started process (PID=68) to work on /opt/airflow/dags/kafka_load.py
[2026-04-26T09:05:27.162+0000] {processor.py:914} INFO - Processing file /opt/airflow/dags/kafka_load.py for tasks to queue
[2026-04-26T09:05:27.165+0000] {logging_mixin.py:190} INFO - [2026-04-26T09:05:27.165+0000] {dagbag.py:588} INFO - Filling up the DagBag from /opt/airflow/dags/kafka_load.py
[2026-04-26T09:05:27.195+0000] {processor.py:925} INFO - DAG(s) 'kafka_producer' retrieved from /opt/airflow/dags/kafka_load.py
[2026-04-26T09:05:27.223+0000] {logging_mixin.py:190} INFO - [2026-04-26T09:05:27.223+0000] {dag.py:3239} INFO - Sync 1 DAGs
[2026-04-26T09:05:27.260+0000] {logging_mixin.py:190} INFO - [2026-04-26T09:05:27.260+0000] {dag.py:4180} INFO - Setting next_dagrun for kafka_producer to 2026-04-25 18:30:00+00:00, run_after=2026-04-26 18:30:00+00:00
[2026-04-26T09:05:27.287+0000] {processor.py:208} INFO - Processing /opt/airflow/dags/kafka_load.py took 0.141 seconds
[2026-04-26T09:05:57.855+0000] {processor.py:186} INFO - Started process (PID=71) to work on /opt/airflow/dags/kafka_load.py
[2026-04-26T09:05:57.863+0000] {processor.py:914} INFO - Processing file /opt/airflow/dags/kafka_load.py for tasks to queue
[2026-04-26T09:05:57.874+0000] {logging_mixin.py:190} INFO - [2026-04-26T09:05:57.873+0000] {dagbag.py:588} INFO - Filling up the DagBag from /opt/airflow/dags/kafka_load.py
[2026-04-26T09:05:57.913+0000] {processor.py:925} INFO - DAG(s) 'kafka_producer' retrieved from /opt/airflow/dags/kafka_load.py
[2026-04-26T09:05:57.945+0000] {logging_mixin.py:190} INFO - [2026-04-26T09:05:57.944+0000] {dag.py:3239} INFO - Sync 1 DAGs
[2026-04-26T09:05:57.982+0000] {logging_mixin.py:190} INFO - [2026-04-26T09:05:57.981+0000] {dag.py:4180} INFO - Setting next_dagrun for kafka_producer to 2026-04-25 18:30:00+00:00, run_after=2026-04-26 18:30:00+00:00
[2026-04-26T09:05:58.010+0000] {processor.py:208} INFO - Processing /opt/airflow/dags/kafka_load.py took 0.175 seconds
[2026-04-26T09:06:28.525+0000] {processor.py:186} INFO - Started process (PID=74) to work on /opt/airflow/dags/kafka_load.py
[2026-04-26T09:06:28.526+0000] {processor.py:914} INFO - Processing file /opt/airflow/dags/kafka_load.py for tasks to queue
[2026-04-26T09:06:28.531+0000] {logging_mixin.py:190} INFO - [2026-04-26T09:06:28.530+0000] {dagbag.py:588} INFO - Filling up the DagBag from /opt/airflow/dags/kafka_load.py
[2026-04-26T09:06:28.569+0000] {processor.py:925} INFO - DAG(s) 'kafka_producer' retrieved from /opt/airflow/dags/kafka_load.py
[2026-04-26T09:06:28.598+0000] {logging_mixin.py:190} INFO - [2026-04-26T09:06:28.598+0000] {dag.py:3239} INFO - Sync 1 DAGs
[2026-04-26T09:06:28.632+0000] {logging_mixin.py:190} INFO - [2026-04-26T09:06:28.632+0000] {dag.py:4180} INFO - Setting next_dagrun for kafka_producer to 2026-04-25 18:30:00+00:00, run_after=2026-04-26 18:30:00+00:00
[2026-04-26T09:06:28.663+0000] {processor.py:208} INFO - Processing /opt/airflow/dags/kafka_load.py took 0.151 seconds
[2026-04-26T09:06:59.116+0000] {processor.py:186} INFO - Started process (PID=77) to work on /opt/airflow/dags/kafka_load.py
[2026-04-26T09:06:59.119+0000] {processor.py:914} INFO - Processing file /opt/airflow/dags/kafka_load.py for tasks to queue
[2026-04-26T09:06:59.122+0000] {logging_mixin.py:190} INFO - [2026-04-26T09:06:59.122+0000] {dagbag.py:588} INFO - Filling up the DagBag from /opt/airflow/dags/kafka_load.py
[2026-04-26T09:06:59.160+0000] {processor.py:925} INFO - DAG(s) 'kafka_producer' retrieved from /opt/airflow/dags/kafka_load.py
[2026-04-26T09:06:59.197+0000] {logging_mixin.py:190} INFO - [2026-04-26T09:06:59.196+0000] {dag.py:3239} INFO - Sync 1 DAGs
[2026-04-26T09:06:59.228+0000] {logging_mixin.py:190} INFO - [2026-04-26T09:06:59.228+0000] {dag.py:4180} INFO - Setting next_dagrun for kafka_producer to 2026-04-25 18:30:00+00:00, run_after=2026-04-26 18:30:00+00:00
[2026-04-26T09:06:59.253+0000] {processor.py:208} INFO - Processing /opt/airflow/dags/kafka_load.py took 0.147 seconds
[2026-04-26T09:07:29.798+0000] {processor.py:186} INFO - Started process (PID=80) to work on /opt/airflow/dags/kafka_load.py
[2026-04-26T09:07:29.800+0000] {processor.py:914} INFO - Processing file /opt/airflow/dags/kafka_load.py for tasks to queue
[2026-04-26T09:07:29.805+0000] {logging_mixin.py:190} INFO - [2026-04-26T09:07:29.804+0000] {dagbag.py:588} INFO - Filling up the DagBag from /opt/airflow/dags/kafka_load.py
[2026-04-26T09:07:29.839+0000] {processor.py:925} INFO - DAG(s) 'kafka_producer' retrieved from /opt/airflow/dags/kafka_load.py
[2026-04-26T09:07:29.868+0000] {logging_mixin.py:190} INFO - [2026-04-26T09:07:29.868+0000] {dag.py:3239} INFO - Sync 1 DAGs
[2026-04-26T09:07:29.903+0000] {logging_mixin.py:190} INFO - [2026-04-26T09:07:29.903+0000] {dag.py:4180} INFO - Setting next_dagrun for kafka_producer to 2026-04-25 18:30:00+00:00, run_after=2026-04-26 18:30:00+00:00
[2026-04-26T09:07:29.930+0000] {processor.py:208} INFO - Processing /opt/airflow/dags/kafka_load.py took 0.143 seconds
[2026-04-26T09:08:00.392+0000] {processor.py:186} INFO - Started process (PID=83) to work on /opt/airflow/dags/kafka_load.py
[2026-04-26T09:08:00.395+0000] {processor.py:914} INFO - Processing file /opt/airflow/dags/kafka_load.py for tasks to queue
[2026-04-26T09:08:00.399+0000] {logging_mixin.py:190} INFO - [2026-04-26T09:08:00.399+0000] {dagbag.py:588} INFO - Filling up the DagBag from /opt/airflow/dags/kafka_load.py
[2026-04-26T09:08:00.436+0000] {processor.py:925} INFO - DAG(s) 'kafka_producer' retrieved from /opt/airflow/dags/kafka_load.py
[2026-04-26T09:08:00.466+0000] {logging_mixin.py:190} INFO - [2026-04-26T09:08:00.465+0000] {dag.py:3239} INFO - Sync 1 DAGs
[2026-04-26T09:08:00.506+0000] {logging_mixin.py:190} INFO - [2026-04-26T09:08:00.506+0000] {dag.py:4180} INFO - Setting next_dagrun for kafka_producer to 2026-04-25 18:30:00+00:00, run_after=2026-04-26 18:30:00+00:00
[2026-04-26T09:08:00.538+0000] {processor.py:208} INFO - Processing /opt/airflow/dags/kafka_load.py took 0.157 seconds
[2026-04-26T09:08:31.076+0000] {processor.py:186} INFO - Started process (PID=86) to work on /opt/airflow/dags/kafka_load.py
[2026-04-26T09:08:31.078+0000] {processor.py:914} INFO - Processing file /opt/airflow/dags/kafka_load.py for tasks to queue
[2026-04-26T09:08:31.081+0000] {logging_mixin.py:190} INFO - [2026-04-26T09:08:31.080+0000] {dagbag.py:588} INFO - Filling up the DagBag from /opt/airflow/dags/kafka_load.py
[2026-04-26T09:08:31.120+0000] {processor.py:925} INFO - DAG(s) 'kafka_producer' retrieved from /opt/airflow/dags/kafka_load.py
[2026-04-26T09:08:31.148+0000] {logging_mixin.py:190} INFO - [2026-04-26T09:08:31.147+0000] {dag.py:3239} INFO - Sync 1 DAGs
[2026-04-26T09:08:31.181+0000] {logging_mixin.py:190} INFO - [2026-04-26T09:08:31.180+0000] {dag.py:4180} INFO - Setting next_dagrun for kafka_producer to 2026-04-25 18:30:00+00:00, run_after=2026-04-26 18:30:00+00:00
[2026-04-26T09:08:31.207+0000] {processor.py:208} INFO - Processing /opt/airflow/dags/kafka_load.py took 0.140 seconds
[2026-04-26T09:09:01.753+0000] {processor.py:186} INFO - Started process (PID=89) to work on /opt/airflow/dags/kafka_load.py
[2026-04-26T09:09:01.756+0000] {processor.py:914} INFO - Processing file /opt/airflow/dags/kafka_load.py for tasks to queue
[2026-04-26T09:09:01.763+0000] {logging_mixin.py:190} INFO - [2026-04-26T09:09:01.763+0000] {dagbag.py:588} INFO - Filling up the DagBag from /opt/airflow/dags/kafka_load.py
[2026-04-26T09:09:01.807+0000] {processor.py:925} INFO - DAG(s) 'kafka_producer' retrieved from /opt/airflow/dags/kafka_load.py
[2026-04-26T09:09:01.841+0000] {logging_mixin.py:190} INFO - [2026-04-26T09:09:01.840+0000] {dag.py:3239} INFO - Sync 1 DAGs
[2026-04-26T09:09:01.900+0000] {logging_mixin.py:190} INFO - [2026-04-26T09:09:01.899+0000] {dag.py:4180} INFO - Setting next_dagrun for kafka_producer to 2026-04-25 18:30:00+00:00, run_after=2026-04-26 18:30:00+00:00
[2026-04-26T09:09:01.952+0000] {processor.py:208} INFO - Processing /opt/airflow/dags/kafka_load.py took 0.215 seconds
[2026-04-26T09:09:32.386+0000] {processor.py:186} INFO - Started process (PID=92) to work on /opt/airflow/dags/kafka_load.py
[2026-04-26T09:09:32.387+0000] {processor.py:914} INFO - Processing file /opt/airflow/dags/kafka_load.py for tasks to queue
[2026-04-26T09:09:32.391+0000] {logging_mixin.py:190} INFO - [2026-04-26T09:09:32.390+0000] {dagbag.py:588} INFO - Filling up the DagBag from /opt/airflow/dags/kafka_load.py
[2026-04-26T09:09:32.430+0000] {processor.py:925} INFO - DAG(s) 'kafka_producer' retrieved from /opt/airflow/dags/kafka_load.py
[2026-04-26T09:09:32.463+0000] {logging_mixin.py:190} INFO - [2026-04-26T09:09:32.463+0000] {dag.py:3239} INFO - Sync 1 DAGs
[2026-04-26T09:09:32.496+0000] {logging_mixin.py:190} INFO - [2026-04-26T09:09:32.496+0000] {dag.py:4180} INFO - Setting next_dagrun for kafka_producer to 2026-04-25 18:30:00+00:00, run_after=2026-04-26 18:30:00+00:00
[2026-04-26T09:09:32.525+0000] {processor.py:208} INFO - Processing /opt/airflow/dags/kafka_load.py took 0.150 seconds
[2026-04-26T09:10:03.041+0000] {processor.py:186} INFO - Started process (PID=95) to work on /opt/airflow/dags/kafka_load.py
[2026-04-26T09:10:03.042+0000] {processor.py:914} INFO - Processing file /opt/airflow/dags/kafka_load.py for tasks to queue
[2026-04-26T09:10:03.046+0000] {logging_mixin.py:190} INFO - [2026-04-26T09:10:03.045+0000] {dagbag.py:588} INFO - Filling up the DagBag from /opt/airflow/dags/kafka_load.py
[2026-04-26T09:10:03.080+0000] {processor.py:925} INFO - DAG(s) 'kafka_producer' retrieved from /opt/airflow/dags/kafka_load.py
[2026-04-26T09:10:03.110+0000] {logging_mixin.py:190} INFO - [2026-04-26T09:10:03.110+0000] {dag.py:3239} INFO - Sync 1 DAGs
[2026-04-26T09:10:03.143+0000] {logging_mixin.py:190} INFO - [2026-04-26T09:10:03.143+0000] {dag.py:4180} INFO - Setting next_dagrun for kafka_producer to 2026-04-25 18:30:00+00:00, run_after=2026-04-26 18:30:00+00:00
[2026-04-26T09:10:03.177+0000] {processor.py:208} INFO - Processing /opt/airflow/dags/kafka_load.py took 0.146 seconds
[2026-04-26T09:10:35.510+0000] {processor.py:186} INFO - Started process (PID=98) to work on /opt/airflow/dags/kafka_load.py
[2026-04-26T09:10:35.704+0000] {processor.py:914} INFO - Processing file /opt/airflow/dags/kafka_load.py for tasks to queue
[2026-04-26T09:10:36.047+0000] {logging_mixin.py:190} INFO - [2026-04-26T09:10:36.046+0000] {dagbag.py:588} INFO - Filling up the DagBag from /opt/airflow/dags/kafka_load.py
[2026-04-26T09:10:37.123+0000] {processor.py:925} INFO - DAG(s) 'kafka_producer' retrieved from /opt/airflow/dags/kafka_load.py
[2026-04-26T09:10:37.183+0000] {logging_mixin.py:190} INFO - [2026-04-26T09:10:37.182+0000] {dag.py:3239} INFO - Sync 1 DAGs
[2026-04-26T09:10:37.395+0000] {logging_mixin.py:190} INFO - [2026-04-26T09:10:37.395+0000] {dag.py:4180} INFO - Setting next_dagrun for kafka_producer to 2026-04-25 18:30:00+00:00, run_after=2026-04-26 18:30:00+00:00
[2026-04-26T09:10:37.805+0000] {processor.py:208} INFO - Processing /opt/airflow/dags/kafka_load.py took 2.304 seconds
[2026-04-26T09:11:08.365+0000] {processor.py:186} INFO - Started process (PID=101) to work on /opt/airflow/dags/kafka_load.py
[2026-04-26T09:11:08.367+0000] {processor.py:914} INFO - Processing file /opt/airflow/dags/kafka_load.py for tasks to queue
[2026-04-26T09:11:08.371+0000] {logging_mixin.py:190} INFO - [2026-04-26T09:11:08.370+0000] {dagbag.py:588} INFO - Filling up the DagBag from /opt/airflow/dags/kafka_load.py
[2026-04-26T09:11:08.409+0000] {processor.py:925} INFO - DAG(s) 'kafka_producer' retrieved from /opt/airflow/dags/kafka_load.py
[2026-04-26T09:11:08.446+0000] {logging_mixin.py:190} INFO - [2026-04-26T09:11:08.445+0000] {dag.py:3239} INFO - Sync 1 DAGs
[2026-04-26T09:11:08.478+0000] {logging_mixin.py:190} INFO - [2026-04-26T09:11:08.477+0000] {dag.py:4180} INFO - Setting next_dagrun for kafka_producer to 2026-04-25 18:30:00+00:00, run_after=2026-04-26 18:30:00+00:00
[2026-04-26T09:11:08.507+0000] {processor.py:208} INFO - Processing /opt/airflow/dags/kafka_load.py took 0.158 seconds
[2026-04-26T09:11:38.884+0000] {processor.py:186} INFO - Started process (PID=104) to work on /opt/airflow/dags/kafka_load.py
[2026-04-26T09:11:38.886+0000] {processor.py:914} INFO - Processing file /opt/airflow/dags/kafka_load.py for tasks to queue
[2026-04-26T09:11:38.890+0000] {logging_mixin.py:190} INFO - [2026-04-26T09:11:38.890+0000] {dagbag.py:588} INFO - Filling up the DagBag from /opt/airflow/dags/kafka_load.py
[2026-04-26T09:11:38.930+0000] {processor.py:925} INFO - DAG(s) 'kafka_producer' retrieved from /opt/airflow/dags/kafka_load.py
[2026-04-26T09:11:38.972+0000] {logging_mixin.py:190} INFO - [2026-04-26T09:11:38.972+0000] {dag.py:3239} INFO - Sync 1 DAGs
[2026-04-26T09:11:39.020+0000] {logging_mixin.py:190} INFO - [2026-04-26T09:11:39.020+0000] {dag.py:4180} INFO - Setting next_dagrun for kafka_producer to 2026-04-25 18:30:00+00:00, run_after=2026-04-26 18:30:00+00:00
[2026-04-26T09:11:39.063+0000] {processor.py:208} INFO - Processing /opt/airflow/dags/kafka_load.py took 0.192 seconds
[2026-04-26T09:12:09.475+0000] {processor.py:186} INFO - Started process (PID=107) to work on /opt/airflow/dags/kafka_load.py
[2026-04-26T09:12:09.477+0000] {processor.py:914} INFO - Processing file /opt/airflow/dags/kafka_load.py for tasks to queue
[2026-04-26T09:12:09.481+0000] {logging_mixin.py:190} INFO - [2026-04-26T09:12:09.480+0000] {dagbag.py:588} INFO - Filling up the DagBag from /opt/airflow/dags/kafka_load.py
[2026-04-26T09:12:09.517+0000] {processor.py:925} INFO - DAG(s) 'kafka_producer' retrieved from /opt/airflow/dags/kafka_load.py
[2026-04-26T09:12:09.546+0000] {logging_mixin.py:190} INFO - [2026-04-26T09:12:09.545+0000] {dag.py:3239} INFO - Sync 1 DAGs
[2026-04-26T09:12:09.577+0000] {logging_mixin.py:190} INFO - [2026-04-26T09:12:09.577+0000] {dag.py:4180} INFO - Setting next_dagrun for kafka_producer to 2026-04-25 18:30:00+00:00, run_after=2026-04-26 18:30:00+00:00
[2026-04-26T09:12:09.606+0000] {processor.py:208} INFO - Processing /opt/airflow/dags/kafka_load.py took 0.140 seconds
[2026-04-26T09:12:40.002+0000] {processor.py:186} INFO - Started process (PID=110) to work on /opt/airflow/dags/kafka_load.py
[2026-04-26T09:12:40.005+0000] {processor.py:914} INFO - Processing file /opt/airflow/dags/kafka_load.py for tasks to queue
[2026-04-26T09:12:40.009+0000] {logging_mixin.py:190} INFO - [2026-04-26T09:12:40.009+0000] {dagbag.py:588} INFO - Filling up the DagBag from /opt/airflow/dags/kafka_load.py
[2026-04-26T09:12:40.057+0000] {processor.py:925} INFO - DAG(s) 'kafka_producer' retrieved from /opt/airflow/dags/kafka_load.py
[2026-04-26T09:12:40.090+0000] {logging_mixin.py:190} INFO - [2026-04-26T09:12:40.089+0000] {dag.py:3239} INFO - Sync 1 DAGs
[2026-04-26T09:12:40.136+0000] {logging_mixin.py:190} INFO - [2026-04-26T09:12:40.136+0000] {dag.py:4180} INFO - Setting next_dagrun for kafka_producer to 2026-04-25 18:30:00+00:00, run_after=2026-04-26 18:30:00+00:00
[2026-04-26T09:12:40.169+0000] {processor.py:208} INFO - Processing /opt/airflow/dags/kafka_load.py took 0.180 seconds
[2026-04-26T09:13:10.756+0000] {processor.py:186} INFO - Started process (PID=113) to work on /opt/airflow/dags/kafka_load.py
[2026-04-26T09:13:10.758+0000] {processor.py:914} INFO - Processing file /opt/airflow/dags/kafka_load.py for tasks to queue
[2026-04-26T09:13:10.762+0000] {logging_mixin.py:190} INFO - [2026-04-26T09:13:10.761+0000] {dagbag.py:588} INFO - Filling up the DagBag from /opt/airflow/dags/kafka_load.py
[2026-04-26T09:13:10.800+0000] {processor.py:925} INFO - DAG(s) 'kafka_producer' retrieved from /opt/airflow/dags/kafka_load.py
[2026-04-26T09:13:10.828+0000] {logging_mixin.py:190} INFO - [2026-04-26T09:13:10.828+0000] {dag.py:3239} INFO - Sync 1 DAGs
[2026-04-26T09:13:10.858+0000] {logging_mixin.py:190} INFO - [2026-04-26T09:13:10.858+0000] {dag.py:4180} INFO - Setting next_dagrun for kafka_producer to 2026-04-25 18:30:00+00:00, run_after=2026-04-26 18:30:00+00:00
[2026-04-26T09:13:10.884+0000] {processor.py:208} INFO - Processing /opt/airflow/dags/kafka_load.py took 0.140 seconds
[2026-04-26T09:13:41.273+0000] {processor.py:186} INFO - Started process (PID=116) to work on /opt/airflow/dags/kafka_load.py
[2026-04-26T09:13:41.274+0000] {processor.py:914} INFO - Processing file /opt/airflow/dags/kafka_load.py for tasks to queue
[2026-04-26T09:13:41.280+0000] {logging_mixin.py:190} INFO - [2026-04-26T09:13:41.279+0000] {dagbag.py:588} INFO - Filling up the DagBag from /opt/airflow/dags/kafka_load.py
[2026-04-26T09:13:41.317+0000] {processor.py:925} INFO - DAG(s) 'kafka_producer' retrieved from /opt/airflow/dags/kafka_load.py
[2026-04-26T09:13:41.344+0000] {logging_mixin.py:190} INFO - [2026-04-26T09:13:41.343+0000] {dag.py:3239} INFO - Sync 1 DAGs
[2026-04-26T09:13:41.374+0000] {logging_mixin.py:190} INFO - [2026-04-26T09:13:41.374+0000] {dag.py:4180} INFO - Setting next_dagrun for kafka_producer to 2026-04-25 18:30:00+00:00, run_after=2026-04-26 18:30:00+00:00
[2026-04-26T09:13:41.403+0000] {processor.py:208} INFO - Processing /opt/airflow/dags/kafka_load.py took 0.144 seconds
[2026-04-26T09:14:12.037+0000] {processor.py:186} INFO - Started process (PID=119) to work on /opt/airflow/dags/kafka_load.py
[2026-04-26T09:14:12.056+0000] {processor.py:914} INFO - Processing file /opt/airflow/dags/kafka_load.py for tasks to queue
[2026-04-26T09:14:12.061+0000] {logging_mixin.py:190} INFO - [2026-04-26T09:14:12.061+0000] {dagbag.py:588} INFO - Filling up the DagBag from /opt/airflow/dags/kafka_load.py
[2026-04-26T09:14:12.102+0000] {processor.py:925} INFO - DAG(s) 'kafka_producer' retrieved from /opt/airflow/dags/kafka_load.py
[2026-04-26T09:14:12.135+0000] {logging_mixin.py:190} INFO - [2026-04-26T09:14:12.135+0000] {dag.py:3239} INFO - Sync 1 DAGs
[2026-04-26T09:14:12.171+0000] {logging_mixin.py:190} INFO - [2026-04-26T09:14:12.171+0000] {dag.py:4180} INFO - Setting next_dagrun for kafka_producer to 2026-04-25 18:30:00+00:00, run_after=2026-04-26 18:30:00+00:00
[2026-04-26T09:14:12.197+0000] {processor.py:208} INFO - Processing /opt/airflow/dags/kafka_load.py took 0.170 seconds
[2026-04-26T09:14:42.875+0000] {processor.py:186} INFO - Started process (PID=122) to work on /opt/airflow/dags/kafka_load.py
[2026-04-26T09:14:42.877+0000] {processor.py:914} INFO - Processing file /opt/airflow/dags/kafka_load.py for tasks to queue
[2026-04-26T09:14:42.883+0000] {logging_mixin.py:190} INFO - [2026-04-26T09:14:42.883+0000] {dagbag.py:588} INFO - Filling up the DagBag from /opt/airflow/dags/kafka_load.py
[2026-04-26T09:14:42.983+0000] {processor.py:925} INFO - DAG(s) 'kafka_producer' retrieved from /opt/airflow/dags/kafka_load.py
[2026-04-26T09:14:43.052+0000] {logging_mixin.py:190} INFO - [2026-04-26T09:14:43.051+0000] {dag.py:3239} INFO - Sync 1 DAGs
[2026-04-26T09:14:43.136+0000] {logging_mixin.py:190} INFO - [2026-04-26T09:14:43.135+0000] {dag.py:4180} INFO - Setting next_dagrun for kafka_producer to 2026-04-25 18:30:00+00:00, run_after=2026-04-26 18:30:00+00:00
[2026-04-26T09:14:43.232+0000] {processor.py:208} INFO - Processing /opt/airflow/dags/kafka_load.py took 0.403 seconds
[2026-04-26T09:15:13.323+0000] {processor.py:186} INFO - Started process (PID=125) to work on /opt/airflow/dags/kafka_load.py
[2026-04-26T09:15:13.324+0000] {processor.py:914} INFO - Processing file /opt/airflow/dags/kafka_load.py for tasks to queue
[2026-04-26T09:15:13.328+0000] {logging_mixin.py:190} INFO - [2026-04-26T09:15:13.327+0000] {dagbag.py:588} INFO - Filling up the DagBag from /opt/airflow/dags/kafka_load.py
[2026-04-26T09:15:13.364+0000] {processor.py:925} INFO - DAG(s) 'kafka_producer' retrieved from /opt/airflow/dags/kafka_load.py
[2026-04-26T09:15:13.392+0000] {logging_mixin.py:190} INFO - [2026-04-26T09:15:13.392+0000] {dag.py:3239} INFO - Sync 1 DAGs
[2026-04-26T09:15:13.426+0000] {logging_mixin.py:190} INFO - [2026-04-26T09:15:13.426+0000] {dag.py:4180} INFO - Setting next_dagrun for kafka_producer to 2026-04-25 18:30:00+00:00, run_after=2026-04-26 18:30:00+00:00
[2026-04-26T09:15:13.451+0000] {processor.py:208} INFO - Processing /opt/airflow/dags/kafka_load.py took 0.139 seconds
[2026-04-26T09:15:44.203+0000] {processor.py:186} INFO - Started process (PID=128) to work on /opt/airflow/dags/kafka_load.py
[2026-04-26T09:15:44.204+0000] {processor.py:914} INFO - Processing file /opt/airflow/dags/kafka_load.py for tasks to queue
[2026-04-26T09:15:44.208+0000] {logging_mixin.py:190} INFO - [2026-04-26T09:15:44.208+0000] {dagbag.py:588} INFO - Filling up the DagBag from /opt/airflow/dags/kafka_load.py
[2026-04-26T09:15:44.248+0000] {processor.py:925} INFO - DAG(s) 'kafka_producer' retrieved from /opt/airflow/dags/kafka_load.py
[2026-04-26T09:15:44.277+0000] {logging_mixin.py:190} INFO - [2026-04-26T09:15:44.277+0000] {dag.py:3239} INFO - Sync 1 DAGs
[2026-04-26T09:15:44.312+0000] {logging_mixin.py:190} INFO - [2026-04-26T09:15:44.312+0000] {dag.py:4180} INFO - Setting next_dagrun for kafka_producer to 2026-04-25 18:30:00+00:00, run_after=2026-04-26 18:30:00+00:00
[2026-04-26T09:15:44.409+0000] {processor.py:208} INFO - Processing /opt/airflow/dags/kafka_load.py took 0.218 seconds
[2026-04-26T09:16:14.990+0000] {processor.py:186} INFO - Started process (PID=131) to work on /opt/airflow/dags/kafka_load.py
[2026-04-26T09:16:14.994+0000] {processor.py:914} INFO - Processing file /opt/airflow/dags/kafka_load.py for tasks to queue
[2026-04-26T09:16:15.000+0000] {logging_mixin.py:190} INFO - [2026-04-26T09:16:14.999+0000] {dagbag.py:588} INFO - Filling up the DagBag from /opt/airflow/dags/kafka_load.py
[2026-04-26T09:16:15.042+0000] {processor.py:925} INFO - DAG(s) 'kafka_producer' retrieved from /opt/airflow/dags/kafka_load.py
[2026-04-26T09:16:15.070+0000] {logging_mixin.py:190} INFO - [2026-04-26T09:16:15.070+0000] {dag.py:3239} INFO - Sync 1 DAGs
[2026-04-26T09:16:15.100+0000] {logging_mixin.py:190} INFO - [2026-04-26T09:16:15.100+0000] {dag.py:4180} INFO - Setting next_dagrun for kafka_producer to 2026-04-25 18:30:00+00:00, run_after=2026-04-26 18:30:00+00:00
[2026-04-26T09:16:15.130+0000] {processor.py:208} INFO - Processing /opt/airflow/dags/kafka_load.py took 0.150 seconds
[2026-04-26T09:16:45.486+0000] {processor.py:186} INFO - Started process (PID=134) to work on /opt/airflow/dags/kafka_load.py
[2026-04-26T09:16:45.488+0000] {processor.py:914} INFO - Processing file /opt/airflow/dags/kafka_load.py for tasks to queue
[2026-04-26T09:16:45.492+0000] {logging_mixin.py:190} INFO - [2026-04-26T09:16:45.492+0000] {dagbag.py:588} INFO - Filling up the DagBag from /opt/airflow/dags/kafka_load.py
[2026-04-26T09:16:45.524+0000] {processor.py:925} INFO - DAG(s) 'kafka_producer' retrieved from /opt/airflow/dags/kafka_load.py
[2026-04-26T09:16:45.552+0000] {logging_mixin.py:190} INFO - [2026-04-26T09:16:45.552+0000] {dag.py:3239} INFO - Sync 1 DAGs
[2026-04-26T09:16:45.595+0000] {logging_mixin.py:190} INFO - [2026-04-26T09:16:45.595+0000] {dag.py:4180} INFO - Setting next_dagrun for kafka_producer to 2026-04-25 18:30:00+00:00, run_after=2026-04-26 18:30:00+00:00
[2026-04-26T09:16:45.626+0000] {processor.py:208} INFO - Processing /opt/airflow/dags/kafka_load.py took 0.152 seconds
[2026-04-26T09:17:15.992+0000] {processor.py:186} INFO - Started process (PID=137) to work on /opt/airflow/dags/kafka_load.py
[2026-04-26T09:17:15.996+0000] {processor.py:914} INFO - Processing file /opt/airflow/dags/kafka_load.py for tasks to queue
[2026-04-26T09:17:16.004+0000] {logging_mixin.py:190} INFO - [2026-04-26T09:17:16.003+0000] {dagbag.py:588} INFO - Filling up the DagBag from /opt/airflow/dags/kafka_load.py
[2026-04-26T09:17:16.049+0000] {processor.py:925} INFO - DAG(s) 'kafka_producer' retrieved from /opt/airflow/dags/kafka_load.py
[2026-04-26T09:17:16.102+0000] {logging_mixin.py:190} INFO - [2026-04-26T09:17:16.100+0000] {dag.py:3239} INFO - Sync 1 DAGs
[2026-04-26T09:17:16.145+0000] {logging_mixin.py:190} INFO - [2026-04-26T09:17:16.144+0000] {dag.py:4180} INFO - Setting next_dagrun for kafka_producer to 2026-04-25 18:30:00+00:00, run_after=2026-04-26 18:30:00+00:00
[2026-04-26T09:17:16.202+0000] {processor.py:208} INFO - Processing /opt/airflow/dags/kafka_load.py took 0.221 seconds
[2026-04-26T09:17:46.862+0000] {processor.py:186} INFO - Started process (PID=140) to work on /opt/airflow/dags/kafka_load.py
[2026-04-26T09:17:46.864+0000] {processor.py:914} INFO - Processing file /opt/airflow/dags/kafka_load.py for tasks to queue
[2026-04-26T09:17:46.872+0000] {logging_mixin.py:190} INFO - [2026-04-26T09:17:46.871+0000] {dagbag.py:588} INFO - Filling up the DagBag from /opt/airflow/dags/kafka_load.py
[2026-04-26T09:17:46.947+0000] {processor.py:925} INFO - DAG(s) 'kafka_producer' retrieved from /opt/airflow/dags/kafka_load.py
[2026-04-26T09:17:46.999+0000] {logging_mixin.py:190} INFO - [2026-04-26T09:17:46.998+0000] {dag.py:3239} INFO - Sync 1 DAGs
[2026-04-26T09:17:47.041+0000] {logging_mixin.py:190} INFO - [2026-04-26T09:17:47.040+0000] {dag.py:4180} INFO - Setting next_dagrun for kafka_producer to 2026-04-25 18:30:00+00:00, run_after=2026-04-26 18:30:00+00:00
[2026-04-26T09:17:47.064+0000] {processor.py:208} INFO - Processing /opt/airflow/dags/kafka_load.py took 0.216 seconds
[2026-04-26T09:18:17.444+0000] {processor.py:186} INFO - Started process (PID=143) to work on /opt/airflow/dags/kafka_load.py
[2026-04-26T09:18:17.445+0000] {processor.py:914} INFO - Processing file /opt/airflow/dags/kafka_load.py for tasks to queue
[2026-04-26T09:18:17.448+0000] {logging_mixin.py:190} INFO - [2026-04-26T09:18:17.448+0000] {dagbag.py:588} INFO - Filling up the DagBag from /opt/airflow/dags/kafka_load.py
[2026-04-26T09:18:17.477+0000] {processor.py:925} INFO - DAG(s) 'kafka_producer' retrieved from /opt/airflow/dags/kafka_load.py
[2026-04-26T09:18:17.507+0000] {logging_mixin.py:190} INFO - [2026-04-26T09:18:17.507+0000] {dag.py:3239} INFO - Sync 1 DAGs
[2026-04-26T09:18:17.538+0000] {logging_mixin.py:190} INFO - [2026-04-26T09:18:17.537+0000] {dag.py:4180} INFO - Setting next_dagrun for kafka_producer to 2026-04-25 18:30:00+00:00, run_after=2026-04-26 18:30:00+00:00
[2026-04-26T09:18:17.568+0000] {processor.py:208} INFO - Processing /opt/airflow/dags/kafka_load.py took 0.133 seconds
[2026-04-26T09:18:48.092+0000] {processor.py:186} INFO - Started process (PID=146) to work on /opt/airflow/dags/kafka_load.py
[2026-04-26T09:18:48.094+0000] {processor.py:914} INFO - Processing file /opt/airflow/dags/kafka_load.py for tasks to queue
[2026-04-26T09:18:48.098+0000] {logging_mixin.py:190} INFO - [2026-04-26T09:18:48.098+0000] {dagbag.py:588} INFO - Filling up the DagBag from /opt/airflow/dags/kafka_load.py
[2026-04-26T09:18:48.142+0000] {processor.py:925} INFO - DAG(s) 'kafka_producer' retrieved from /opt/airflow/dags/kafka_load.py
[2026-04-26T09:18:48.182+0000] {logging_mixin.py:190} INFO - [2026-04-26T09:18:48.182+0000] {dag.py:3239} INFO - Sync 1 DAGs
[2026-04-26T09:18:48.222+0000] {logging_mixin.py:190} INFO - [2026-04-26T09:18:48.222+0000] {dag.py:4180} INFO - Setting next_dagrun for kafka_producer to 2026-04-25 18:30:00+00:00, run_after=2026-04-26 18:30:00+00:00
[2026-04-26T09:18:48.247+0000] {processor.py:208} INFO - Processing /opt/airflow/dags/kafka_load.py took 0.172 seconds
[2026-04-26T09:19:18.644+0000] {processor.py:186} INFO - Started process (PID=149) to work on /opt/airflow/dags/kafka_load.py
[2026-04-26T09:19:18.646+0000] {processor.py:914} INFO - Processing file /opt/airflow/dags/kafka_load.py for tasks to queue
[2026-04-26T09:19:18.650+0000] {logging_mixin.py:190} INFO - [2026-04-26T09:19:18.650+0000] {dagbag.py:588} INFO - Filling up the DagBag from /opt/airflow/dags/kafka_load.py
[2026-04-26T09:19:18.710+0000] {processor.py:925} INFO - DAG(s) 'kafka_producer' retrieved from /opt/airflow/dags/kafka_load.py
[2026-04-26T09:19:18.752+0000] {logging_mixin.py:190} INFO - [2026-04-26T09:19:18.752+0000] {dag.py:3239} INFO - Sync 1 DAGs
[2026-04-26T09:19:18.798+0000] {logging_mixin.py:190} INFO - [2026-04-26T09:19:18.798+0000] {dag.py:4180} INFO - Setting next_dagrun for kafka_producer to 2026-04-25 18:30:00+00:00, run_after=2026-04-26 18:30:00+00:00
[2026-04-26T09:19:18.844+0000] {processor.py:208} INFO - Processing /opt/airflow/dags/kafka_load.py took 0.213 seconds
[2026-04-26T09:19:49.273+0000] {processor.py:186} INFO - Started process (PID=152) to work on /opt/airflow/dags/kafka_load.py
[2026-04-26T09:19:49.275+0000] {processor.py:914} INFO - Processing file /opt/airflow/dags/kafka_load.py for tasks to queue
[2026-04-26T09:19:49.280+0000] {logging_mixin.py:190} INFO - [2026-04-26T09:19:49.279+0000] {dagbag.py:588} INFO - Filling up the DagBag from /opt/airflow/dags/kafka_load.py
[2026-04-26T09:19:49.318+0000] {processor.py:925} INFO - DAG(s) 'kafka_producer' retrieved from /opt/airflow/dags/kafka_load.py
[2026-04-26T09:19:49.348+0000] {logging_mixin.py:190} INFO - [2026-04-26T09:19:49.347+0000] {dag.py:3239} INFO - Sync 1 DAGs
[2026-04-26T09:19:49.380+0000] {logging_mixin.py:190} INFO - [2026-04-26T09:19:49.380+0000] {dag.py:4180} INFO - Setting next_dagrun for kafka_producer to 2026-04-25 18:30:00+00:00, run_after=2026-04-26 18:30:00+00:00
[2026-04-26T09:19:49.406+0000] {processor.py:208} INFO - Processing /opt/airflow/dags/kafka_load.py took 0.143 seconds
[2026-04-26T09:20:19.786+0000] {processor.py:186} INFO - Started process (PID=155) to work on /opt/airflow/dags/kafka_load.py
[2026-04-26T09:20:19.788+0000] {processor.py:914} INFO - Processing file /opt/airflow/dags/kafka_load.py for tasks to queue
[2026-04-26T09:20:19.794+0000] {logging_mixin.py:190} INFO - [2026-04-26T09:20:19.793+0000] {dagbag.py:588} INFO - Filling up the DagBag from /opt/airflow/dags/kafka_load.py
[2026-04-26T09:20:19.833+0000] {processor.py:925} INFO - DAG(s) 'kafka_producer' retrieved from /opt/airflow/dags/kafka_load.py
[2026-04-26T09:20:19.864+0000] {logging_mixin.py:190} INFO - [2026-04-26T09:20:19.864+0000] {dag.py:3239} INFO - Sync 1 DAGs
[2026-04-26T09:20:19.896+0000] {logging_mixin.py:190} INFO - [2026-04-26T09:20:19.896+0000] {dag.py:4180} INFO - Setting next_dagrun for kafka_producer to 2026-04-25 18:30:00+00:00, run_after=2026-04-26 18:30:00+00:00
[2026-04-26T09:20:19.921+0000] {processor.py:208} INFO - Processing /opt/airflow/dags/kafka_load.py took 0.144 seconds
[2026-04-26T09:20:50.317+0000] {processor.py:186} INFO - Started process (PID=158) to work on /opt/airflow/dags/kafka_load.py
[2026-04-26T09:20:50.318+0000] {processor.py:914} INFO - Processing file /opt/airflow/dags/kafka_load.py for tasks to queue
[2026-04-26T09:20:50.322+0000] {logging_mixin.py:190} INFO - [2026-04-26T09:20:50.321+0000] {dagbag.py:588} INFO - Filling up the DagBag from /opt/airflow/dags/kafka_load.py
[2026-04-26T09:20:50.364+0000] {processor.py:925} INFO - DAG(s) 'kafka_producer' retrieved from /opt/airflow/dags/kafka_load.py
[2026-04-26T09:20:50.392+0000] {logging_mixin.py:190} INFO - [2026-04-26T09:20:50.392+0000] {dag.py:3239} INFO - Sync 1 DAGs
[2026-04-26T09:20:50.425+0000] {logging_mixin.py:190} INFO - [2026-04-26T09:20:50.425+0000] {dag.py:4180} INFO - Setting next_dagrun for kafka_producer to 2026-04-25 18:30:00+00:00, run_after=2026-04-26 18:30:00+00:00
[2026-04-26T09:20:50.459+0000] {processor.py:208} INFO - Processing /opt/airflow/dags/kafka_load.py took 0.154 seconds
[2026-04-26T09:21:20.935+0000] {processor.py:186} INFO - Started process (PID=161) to work on /opt/airflow/dags/kafka_load.py
[2026-04-26T09:21:20.937+0000] {processor.py:914} INFO - Processing file /opt/airflow/dags/kafka_load.py for tasks to queue
[2026-04-26T09:21:20.940+0000] {logging_mixin.py:190} INFO - [2026-04-26T09:21:20.940+0000] {dagbag.py:588} INFO - Filling up the DagBag from /opt/airflow/dags/kafka_load.py
[2026-04-26T09:21:20.982+0000] {processor.py:925} INFO - DAG(s) 'kafka_producer' retrieved from /opt/airflow/dags/kafka_load.py
[2026-04-26T09:21:21.012+0000] {logging_mixin.py:190} INFO - [2026-04-26T09:21:21.011+0000] {dag.py:3239} INFO - Sync 1 DAGs
[2026-04-26T09:21:21.044+0000] {logging_mixin.py:190} INFO - [2026-04-26T09:21:21.041+0000] {dag.py:4180} INFO - Setting next_dagrun for kafka_producer to 2026-04-25 18:30:00+00:00, run_after=2026-04-26 18:30:00+00:00
[2026-04-26T09:21:21.069+0000] {processor.py:208} INFO - Processing /opt/airflow/dags/kafka_load.py took 0.143 seconds
[2026-04-26T09:21:51.455+0000] {processor.py:186} INFO - Started process (PID=164) to work on /opt/airflow/dags/kafka_load.py
[2026-04-26T09:21:51.457+0000] {processor.py:914} INFO - Processing file /opt/airflow/dags/kafka_load.py for tasks to queue
[2026-04-26T09:21:51.460+0000] {logging_mixin.py:190} INFO - [2026-04-26T09:21:51.460+0000] {dagbag.py:588} INFO - Filling up the DagBag from /opt/airflow/dags/kafka_load.py
[2026-04-26T09:21:51.516+0000] {processor.py:925} INFO - DAG(s) 'kafka_producer' retrieved from /opt/airflow/dags/kafka_load.py
[2026-04-26T09:21:51.551+0000] {logging_mixin.py:190} INFO - [2026-04-26T09:21:51.550+0000] {dag.py:3239} INFO - Sync 1 DAGs
[2026-04-26T09:21:51.603+0000] {logging_mixin.py:190} INFO - [2026-04-26T09:21:51.603+0000] {dag.py:4180} INFO - Setting next_dagrun for kafka_producer to 2026-04-25 18:30:00+00:00, run_after=2026-04-26 18:30:00+00:00
[2026-04-26T09:21:51.640+0000] {processor.py:208} INFO - Processing /opt/airflow/dags/kafka_load.py took 0.195 seconds
[2026-04-26T09:22:22.056+0000] {processor.py:186} INFO - Started process (PID=167) to work on /opt/airflow/dags/kafka_load.py
[2026-04-26T09:22:22.058+0000] {processor.py:914} INFO - Processing file /opt/airflow/dags/kafka_load.py for tasks to queue
[2026-04-26T09:22:22.062+0000] {logging_mixin.py:190} INFO - [2026-04-26T09:22:22.062+0000] {dagbag.py:588} INFO - Filling up the DagBag from /opt/airflow/dags/kafka_load.py
[2026-04-26T09:22:22.105+0000] {processor.py:925} INFO - DAG(s) 'kafka_producer' retrieved from /opt/airflow/dags/kafka_load.py
[2026-04-26T09:22:22.136+0000] {logging_mixin.py:190} INFO - [2026-04-26T09:22:22.135+0000] {dag.py:3239} INFO - Sync 1 DAGs
[2026-04-26T09:22:22.171+0000] {logging_mixin.py:190} INFO - [2026-04-26T09:22:22.171+0000] {dag.py:4180} INFO - Setting next_dagrun for kafka_producer to 2026-04-25 18:30:00+00:00, run_after=2026-04-26 18:30:00+00:00
[2026-04-26T09:22:22.205+0000] {processor.py:208} INFO - Processing /opt/airflow/dags/kafka_load.py took 0.160 seconds
[2026-04-26T09:22:52.615+0000] {processor.py:186} INFO - Started process (PID=170) to work on /opt/airflow/dags/kafka_load.py
[2026-04-26T09:22:52.618+0000] {processor.py:914} INFO - Processing file /opt/airflow/dags/kafka_load.py for tasks to queue
[2026-04-26T09:22:52.622+0000] {logging_mixin.py:190} INFO - [2026-04-26T09:22:52.621+0000] {dagbag.py:588} INFO - Filling up the DagBag from /opt/airflow/dags/kafka_load.py
[2026-04-26T09:22:52.664+0000] {processor.py:925} INFO - DAG(s) 'kafka_producer' retrieved from /opt/airflow/dags/kafka_load.py
[2026-04-26T09:22:52.712+0000] {logging_mixin.py:190} INFO - [2026-04-26T09:22:52.712+0000] {dag.py:3239} INFO - Sync 1 DAGs
[2026-04-26T09:22:52.757+0000] {logging_mixin.py:190} INFO - [2026-04-26T09:22:52.756+0000] {dag.py:4180} INFO - Setting next_dagrun for kafka_producer to 2026-04-25 18:30:00+00:00, run_after=2026-04-26 18:30:00+00:00
[2026-04-26T09:22:52.790+0000] {processor.py:208} INFO - Processing /opt/airflow/dags/kafka_load.py took 0.190 seconds
[2026-04-26T09:23:23.203+0000] {processor.py:186} INFO - Started process (PID=173) to work on /opt/airflow/dags/kafka_load.py
[2026-04-26T09:23:23.205+0000] {processor.py:914} INFO - Processing file /opt/airflow/dags/kafka_load.py for tasks to queue
[2026-04-26T09:23:23.209+0000] {logging_mixin.py:190} INFO - [2026-04-26T09:23:23.209+0000] {dagbag.py:588} INFO - Filling up the DagBag from /opt/airflow/dags/kafka_load.py
[2026-04-26T09:23:23.242+0000] {processor.py:925} INFO - DAG(s) 'kafka_producer' retrieved from /opt/airflow/dags/kafka_load.py
[2026-04-26T09:23:23.271+0000] {logging_mixin.py:190} INFO - [2026-04-26T09:23:23.270+0000] {dag.py:3239} INFO - Sync 1 DAGs
[2026-04-26T09:23:23.304+0000] {logging_mixin.py:190} INFO - [2026-04-26T09:23:23.303+0000] {dag.py:4180} INFO - Setting next_dagrun for kafka_producer to 2026-04-25 18:30:00+00:00, run_after=2026-04-26 18:30:00+00:00
[2026-04-26T09:23:23.330+0000] {processor.py:208} INFO - Processing /opt/airflow/dags/kafka_load.py took 0.138 seconds
[2026-04-26T09:23:54.069+0000] {processor.py:186} INFO - Started process (PID=176) to work on /opt/airflow/dags/kafka_load.py
[2026-04-26T09:23:54.077+0000] {processor.py:914} INFO - Processing file /opt/airflow/dags/kafka_load.py for tasks to queue
[2026-04-26T09:23:54.081+0000] {logging_mixin.py:190} INFO - [2026-04-26T09:23:54.080+0000] {dagbag.py:588} INFO - Filling up the DagBag from /opt/airflow/dags/kafka_load.py
[2026-04-26T09:23:54.264+0000] {processor.py:925} INFO - DAG(s) 'kafka_producer' retrieved from /opt/airflow/dags/kafka_load.py
[2026-04-26T09:23:54.306+0000] {logging_mixin.py:190} INFO - [2026-04-26T09:23:54.304+0000] {dag.py:3239} INFO - Sync 1 DAGs
[2026-04-26T09:23:54.347+0000] {logging_mixin.py:190} INFO - [2026-04-26T09:23:54.347+0000] {dag.py:4180} INFO - Setting next_dagrun for kafka_producer to 2026-04-25 18:30:00+00:00, run_after=2026-04-26 18:30:00+00:00
[2026-04-26T09:23:54.383+0000] {processor.py:208} INFO - Processing /opt/airflow/dags/kafka_load.py took 0.334 seconds
[2026-04-26T09:24:24.494+0000] {processor.py:186} INFO - Started process (PID=179) to work on /opt/airflow/dags/kafka_load.py
[2026-04-26T09:24:24.499+0000] {processor.py:914} INFO - Processing file /opt/airflow/dags/kafka_load.py for tasks to queue
[2026-04-26T09:24:24.503+0000] {logging_mixin.py:190} INFO - [2026-04-26T09:24:24.503+0000] {dagbag.py:588} INFO - Filling up the DagBag from /opt/airflow/dags/kafka_load.py
[2026-04-26T09:24:24.543+0000] {processor.py:925} INFO - DAG(s) 'kafka_producer' retrieved from /opt/airflow/dags/kafka_load.py
[2026-04-26T09:24:24.578+0000] {logging_mixin.py:190} INFO - [2026-04-26T09:24:24.578+0000] {dag.py:3239} INFO - Sync 1 DAGs
[2026-04-26T09:24:24.618+0000] {logging_mixin.py:190} INFO - [2026-04-26T09:24:24.617+0000] {dag.py:4180} INFO - Setting next_dagrun for kafka_producer to 2026-04-25 18:30:00+00:00, run_after=2026-04-26 18:30:00+00:00
[2026-04-26T09:24:24.649+0000] {processor.py:208} INFO - Processing /opt/airflow/dags/kafka_load.py took 0.167 seconds
[2026-04-26T09:24:55.061+0000] {processor.py:186} INFO - Started process (PID=182) to work on /opt/airflow/dags/kafka_load.py
[2026-04-26T09:24:55.063+0000] {processor.py:914} INFO - Processing file /opt/airflow/dags/kafka_load.py for tasks to queue
[2026-04-26T09:24:55.067+0000] {logging_mixin.py:190} INFO - [2026-04-26T09:24:55.067+0000] {dagbag.py:588} INFO - Filling up the DagBag from /opt/airflow/dags/kafka_load.py
[2026-04-26T09:24:55.133+0000] {processor.py:925} INFO - DAG(s) 'kafka_producer' retrieved from /opt/airflow/dags/kafka_load.py
[2026-04-26T09:24:55.217+0000] {logging_mixin.py:190} INFO - [2026-04-26T09:24:55.206+0000] {dag.py:3239} INFO - Sync 1 DAGs
[2026-04-26T09:24:55.309+0000] {logging_mixin.py:190} INFO - [2026-04-26T09:24:55.309+0000] {dag.py:4180} INFO - Setting next_dagrun for kafka_producer to 2026-04-25 18:30:00+00:00, run_after=2026-04-26 18:30:00+00:00
[2026-04-26T09:24:55.355+0000] {processor.py:208} INFO - Processing /opt/airflow/dags/kafka_load.py took 0.307 seconds
[2026-04-26T09:25:25.463+0000] {processor.py:186} INFO - Started process (PID=185) to work on /opt/airflow/dags/kafka_load.py
[2026-04-26T09:25:25.464+0000] {processor.py:914} INFO - Processing file /opt/airflow/dags/kafka_load.py for tasks to queue
[2026-04-26T09:25:25.468+0000] {logging_mixin.py:190} INFO - [2026-04-26T09:25:25.467+0000] {dagbag.py:588} INFO - Filling up the DagBag from /opt/airflow/dags/kafka_load.py
[2026-04-26T09:25:25.507+0000] {processor.py:925} INFO - DAG(s) 'kafka_producer' retrieved from /opt/airflow/dags/kafka_load.py
[2026-04-26T09:25:25.536+0000] {logging_mixin.py:190} INFO - [2026-04-26T09:25:25.536+0000] {dag.py:3239} INFO - Sync 1 DAGs
[2026-04-26T09:25:25.575+0000] {logging_mixin.py:190} INFO - [2026-04-26T09:25:25.574+0000] {dag.py:4180} INFO - Setting next_dagrun for kafka_producer to 2026-04-25 18:30:00+00:00, run_after=2026-04-26 18:30:00+00:00
[2026-04-26T09:25:25.608+0000] {processor.py:208} INFO - Processing /opt/airflow/dags/kafka_load.py took 0.154 seconds
[2026-04-26T09:25:56.442+0000] {processor.py:186} INFO - Started process (PID=188) to work on /opt/airflow/dags/kafka_load.py
[2026-04-26T09:25:56.445+0000] {processor.py:914} INFO - Processing file /opt/airflow/dags/kafka_load.py for tasks to queue
[2026-04-26T09:25:56.449+0000] {logging_mixin.py:190} INFO - [2026-04-26T09:25:56.449+0000] {dagbag.py:588} INFO - Filling up the DagBag from /opt/airflow/dags/kafka_load.py
[2026-04-26T09:25:56.481+0000] {processor.py:925} INFO - DAG(s) 'kafka_producer' retrieved from /opt/airflow/dags/kafka_load.py
[2026-04-26T09:25:56.510+0000] {logging_mixin.py:190} INFO - [2026-04-26T09:25:56.510+0000] {dag.py:3239} INFO - Sync 1 DAGs
[2026-04-26T09:25:56.574+0000] {logging_mixin.py:190} INFO - [2026-04-26T09:25:56.574+0000] {dag.py:4180} INFO - Setting next_dagrun for kafka_producer to 2026-04-25 18:30:00+00:00, run_after=2026-04-26 18:30:00+00:00
[2026-04-26T09:25:56.605+0000] {processor.py:208} INFO - Processing /opt/airflow/dags/kafka_load.py took 0.172 seconds
[2026-04-26T09:26:27.247+0000] {processor.py:186} INFO - Started process (PID=191) to work on /opt/airflow/dags/kafka_load.py
[2026-04-26T09:26:27.251+0000] {processor.py:914} INFO - Processing file /opt/airflow/dags/kafka_load.py for tasks to queue
[2026-04-26T09:26:27.263+0000] {logging_mixin.py:190} INFO - [2026-04-26T09:26:27.263+0000] {dagbag.py:588} INFO - Filling up the DagBag from /opt/airflow/dags/kafka_load.py
[2026-04-26T09:26:27.335+0000] {processor.py:925} INFO - DAG(s) 'kafka_producer' retrieved from /opt/airflow/dags/kafka_load.py
[2026-04-26T09:26:27.365+0000] {logging_mixin.py:190} INFO - [2026-04-26T09:26:27.365+0000] {dag.py:3239} INFO - Sync 1 DAGs
[2026-04-26T09:26:27.403+0000] {logging_mixin.py:190} INFO - [2026-04-26T09:26:27.402+0000] {dag.py:4180} INFO - Setting next_dagrun for kafka_producer to 2026-04-25 18:30:00+00:00, run_after=2026-04-26 18:30:00+00:00
[2026-04-26T09:26:27.432+0000] {processor.py:208} INFO - Processing /opt/airflow/dags/kafka_load.py took 0.202 seconds
[2026-04-26T09:26:57.895+0000] {processor.py:186} INFO - Started process (PID=194) to work on /opt/airflow/dags/kafka_load.py
[2026-04-26T09:26:57.897+0000] {processor.py:914} INFO - Processing file /opt/airflow/dags/kafka_load.py for tasks to queue
[2026-04-26T09:26:57.900+0000] {logging_mixin.py:190} INFO - [2026-04-26T09:26:57.900+0000] {dagbag.py:588} INFO - Filling up the DagBag from /opt/airflow/dags/kafka_load.py
[2026-04-26T09:26:57.936+0000] {processor.py:925} INFO - DAG(s) 'kafka_producer' retrieved from /opt/airflow/dags/kafka_load.py
[2026-04-26T09:26:57.971+0000] {logging_mixin.py:190} INFO - [2026-04-26T09:26:57.971+0000] {dag.py:3239} INFO - Sync 1 DAGs
[2026-04-26T09:26:58.018+0000] {logging_mixin.py:190} INFO - [2026-04-26T09:26:58.018+0000] {dag.py:4180} INFO - Setting next_dagrun for kafka_producer to 2026-04-25 18:30:00+00:00, run_after=2026-04-26 18:30:00+00:00
[2026-04-26T09:26:58.053+0000] {processor.py:208} INFO - Processing /opt/airflow/dags/kafka_load.py took 0.171 seconds
[2026-04-26T09:27:28.528+0000] {processor.py:186} INFO - Started process (PID=197) to work on /opt/airflow/dags/kafka_load.py
[2026-04-26T09:27:28.530+0000] {processor.py:914} INFO - Processing file /opt/airflow/dags/kafka_load.py for tasks to queue
[2026-04-26T09:27:28.534+0000] {logging_mixin.py:190} INFO - [2026-04-26T09:27:28.533+0000] {dagbag.py:588} INFO - Filling up the DagBag from /opt/airflow/dags/kafka_load.py
[2026-04-26T09:27:28.575+0000] {processor.py:925} INFO - DAG(s) 'kafka_producer' retrieved from /opt/airflow/dags/kafka_load.py
[2026-04-26T09:27:28.614+0000] {logging_mixin.py:190} INFO - [2026-04-26T09:27:28.614+0000] {dag.py:3239} INFO - Sync 1 DAGs
[2026-04-26T09:27:28.650+0000] {logging_mixin.py:190} INFO - [2026-04-26T09:27:28.650+0000] {dag.py:4180} INFO - Setting next_dagrun for kafka_producer to 2026-04-25 18:30:00+00:00, run_after=2026-04-26 18:30:00+00:00
[2026-04-26T09:27:28.681+0000] {processor.py:208} INFO - Processing /opt/airflow/dags/kafka_load.py took 0.162 seconds
[2026-04-26T09:27:59.089+0000] {processor.py:186} INFO - Started process (PID=200) to work on /opt/airflow/dags/kafka_load.py
[2026-04-26T09:27:59.091+0000] {processor.py:914} INFO - Processing file /opt/airflow/dags/kafka_load.py for tasks to queue
[2026-04-26T09:27:59.100+0000] {logging_mixin.py:190} INFO - [2026-04-26T09:27:59.100+0000] {dagbag.py:588} INFO - Filling up the DagBag from /opt/airflow/dags/kafka_load.py
[2026-04-26T09:27:59.139+0000] {processor.py:925} INFO - DAG(s) 'kafka_producer' retrieved from /opt/airflow/dags/kafka_load.py
[2026-04-26T09:27:59.174+0000] {logging_mixin.py:190} INFO - [2026-04-26T09:27:59.173+0000] {dag.py:3239} INFO - Sync 1 DAGs
[2026-04-26T09:27:59.207+0000] {logging_mixin.py:190} INFO - [2026-04-26T09:27:59.207+0000] {dag.py:4180} INFO - Setting next_dagrun for kafka_producer to 2026-04-25 18:30:00+00:00, run_after=2026-04-26 18:30:00+00:00
[2026-04-26T09:27:59.235+0000] {processor.py:208} INFO - Processing /opt/airflow/dags/kafka_load.py took 0.157 seconds
[2026-04-26T09:28:29.634+0000] {processor.py:186} INFO - Started process (PID=203) to work on /opt/airflow/dags/kafka_load.py
[2026-04-26T09:28:29.636+0000] {processor.py:914} INFO - Processing file /opt/airflow/dags/kafka_load.py for tasks to queue
[2026-04-26T09:28:29.639+0000] {logging_mixin.py:190} INFO - [2026-04-26T09:28:29.639+0000] {dagbag.py:588} INFO - Filling up the DagBag from /opt/airflow/dags/kafka_load.py
[2026-04-26T09:28:29.689+0000] {processor.py:925} INFO - DAG(s) 'kafka_producer' retrieved from /opt/airflow/dags/kafka_load.py
[2026-04-26T09:28:29.727+0000] {logging_mixin.py:190} INFO - [2026-04-26T09:28:29.726+0000] {dag.py:3239} INFO - Sync 1 DAGs
[2026-04-26T09:28:29.764+0000] {logging_mixin.py:190} INFO - [2026-04-26T09:28:29.763+0000] {dag.py:4180} INFO - Setting next_dagrun for kafka_producer to 2026-04-25 18:30:00+00:00, run_after=2026-04-26 18:30:00+00:00
[2026-04-26T09:28:29.795+0000] {processor.py:208} INFO - Processing /opt/airflow/dags/kafka_load.py took 0.173 seconds
[2026-04-26T09:29:00.263+0000] {processor.py:186} INFO - Started process (PID=206) to work on /opt/airflow/dags/kafka_load.py
[2026-04-26T09:29:00.265+0000] {processor.py:914} INFO - Processing file /opt/airflow/dags/kafka_load.py for tasks to queue
[2026-04-26T09:29:00.269+0000] {logging_mixin.py:190} INFO - [2026-04-26T09:29:00.269+0000] {dagbag.py:588} INFO - Filling up the DagBag from /opt/airflow/dags/kafka_load.py
[2026-04-26T09:29:00.308+0000] {processor.py:925} INFO - DAG(s) 'kafka_producer' retrieved from /opt/airflow/dags/kafka_load.py
[2026-04-26T09:29:00.336+0000] {logging_mixin.py:190} INFO - [2026-04-26T09:29:00.336+0000] {dag.py:3239} INFO - Sync 1 DAGs
[2026-04-26T09:29:00.368+0000] {logging_mixin.py:190} INFO - [2026-04-26T09:29:00.368+0000] {dag.py:4180} INFO - Setting next_dagrun for kafka_producer to 2026-04-25 18:30:00+00:00, run_after=2026-04-26 18:30:00+00:00
[2026-04-26T09:29:00.395+0000] {processor.py:208} INFO - Processing /opt/airflow/dags/kafka_load.py took 0.144 seconds
[2026-04-26T09:29:30.860+0000] {processor.py:186} INFO - Started process (PID=209) to work on /opt/airflow/dags/kafka_load.py
[2026-04-26T09:29:30.863+0000] {processor.py:914} INFO - Processing file /opt/airflow/dags/kafka_load.py for tasks to queue
[2026-04-26T09:29:30.866+0000] {logging_mixin.py:190} INFO - [2026-04-26T09:29:30.866+0000] {dagbag.py:588} INFO - Filling up the DagBag from /opt/airflow/dags/kafka_load.py
[2026-04-26T09:29:30.906+0000] {processor.py:925} INFO - DAG(s) 'kafka_producer' retrieved from /opt/airflow/dags/kafka_load.py
[2026-04-26T09:29:30.935+0000] {logging_mixin.py:190} INFO - [2026-04-26T09:29:30.935+0000] {dag.py:3239} INFO - Sync 1 DAGs
[2026-04-26T09:29:30.971+0000] {logging_mixin.py:190} INFO - [2026-04-26T09:29:30.970+0000] {dag.py:4180} INFO - Setting next_dagrun for kafka_producer to 2026-04-25 18:30:00+00:00, run_after=2026-04-26 18:30:00+00:00
[2026-04-26T09:29:30.998+0000] {processor.py:208} INFO - Processing /opt/airflow/dags/kafka_load.py took 0.147 seconds
[2026-04-26T09:30:01.463+0000] {processor.py:186} INFO - Started process (PID=212) to work on /opt/airflow/dags/kafka_load.py
[2026-04-26T09:30:01.464+0000] {processor.py:914} INFO - Processing file /opt/airflow/dags/kafka_load.py for tasks to queue
[2026-04-26T09:30:01.468+0000] {logging_mixin.py:190} INFO - [2026-04-26T09:30:01.468+0000] {dagbag.py:588} INFO - Filling up the DagBag from /opt/airflow/dags/kafka_load.py
[2026-04-26T09:30:01.508+0000] {processor.py:925} INFO - DAG(s) 'kafka_producer' retrieved from /opt/airflow/dags/kafka_load.py
[2026-04-26T09:30:01.536+0000] {logging_mixin.py:190} INFO - [2026-04-26T09:30:01.536+0000] {dag.py:3239} INFO - Sync 1 DAGs
[2026-04-26T09:30:01.570+0000] {logging_mixin.py:190} INFO - [2026-04-26T09:30:01.570+0000] {dag.py:4180} INFO - Setting next_dagrun for kafka_producer to 2026-04-25 18:30:00+00:00, run_after=2026-04-26 18:30:00+00:00
[2026-04-26T09:30:01.598+0000] {processor.py:208} INFO - Processing /opt/airflow/dags/kafka_load.py took 0.146 seconds
[2026-04-26T09:30:32.102+0000] {processor.py:186} INFO - Started process (PID=215) to work on /opt/airflow/dags/kafka_load.py
[2026-04-26T09:30:32.103+0000] {processor.py:914} INFO - Processing file /opt/airflow/dags/kafka_load.py for tasks to queue
[2026-04-26T09:30:32.108+0000] {logging_mixin.py:190} INFO - [2026-04-26T09:30:32.108+0000] {dagbag.py:588} INFO - Filling up the DagBag from /opt/airflow/dags/kafka_load.py
[2026-04-26T09:30:32.145+0000] {processor.py:925} INFO - DAG(s) 'kafka_producer' retrieved from /opt/airflow/dags/kafka_load.py
[2026-04-26T09:30:32.175+0000] {logging_mixin.py:190} INFO - [2026-04-26T09:30:32.174+0000] {dag.py:3239} INFO - Sync 1 DAGs
[2026-04-26T09:30:32.205+0000] {logging_mixin.py:190} INFO - [2026-04-26T09:30:32.205+0000] {dag.py:4180} INFO - Setting next_dagrun for kafka_producer to 2026-04-25 18:30:00+00:00, run_after=2026-04-26 18:30:00+00:00
[2026-04-26T09:30:32.229+0000] {processor.py:208} INFO - Processing /opt/airflow/dags/kafka_load.py took 0.139 seconds
[2026-04-26T09:31:02.849+0000] {processor.py:186} INFO - Started process (PID=218) to work on /opt/airflow/dags/kafka_load.py
[2026-04-26T09:31:02.850+0000] {processor.py:914} INFO - Processing file /opt/airflow/dags/kafka_load.py for tasks to queue
[2026-04-26T09:31:02.854+0000] {logging_mixin.py:190} INFO - [2026-04-26T09:31:02.854+0000] {dagbag.py:588} INFO - Filling up the DagBag from /opt/airflow/dags/kafka_load.py
[2026-04-26T09:31:02.895+0000] {processor.py:925} INFO - DAG(s) 'kafka_producer' retrieved from /opt/airflow/dags/kafka_load.py
[2026-04-26T09:31:02.927+0000] {logging_mixin.py:190} INFO - [2026-04-26T09:31:02.927+0000] {dag.py:3239} INFO - Sync 1 DAGs
[2026-04-26T09:31:02.968+0000] {logging_mixin.py:190} INFO - [2026-04-26T09:31:02.968+0000] {dag.py:4180} INFO - Setting next_dagrun for kafka_producer to 2026-04-25 18:30:00+00:00, run_after=2026-04-26 18:30:00+00:00
[2026-04-26T09:31:03.003+0000] {processor.py:208} INFO - Processing /opt/airflow/dags/kafka_load.py took 0.168 seconds
[2026-04-26T09:31:33.418+0000] {processor.py:186} INFO - Started process (PID=221) to work on /opt/airflow/dags/kafka_load.py
[2026-04-26T09:31:33.420+0000] {processor.py:914} INFO - Processing file /opt/airflow/dags/kafka_load.py for tasks to queue
[2026-04-26T09:31:33.423+0000] {logging_mixin.py:190} INFO - [2026-04-26T09:31:33.423+0000] {dagbag.py:588} INFO - Filling up the DagBag from /opt/airflow/dags/kafka_load.py
[2026-04-26T09:31:33.462+0000] {processor.py:925} INFO - DAG(s) 'kafka_producer' retrieved from /opt/airflow/dags/kafka_load.py
[2026-04-26T09:31:33.491+0000] {logging_mixin.py:190} INFO - [2026-04-26T09:31:33.491+0000] {dag.py:3239} INFO - Sync 1 DAGs
[2026-04-26T09:31:33.525+0000] {logging_mixin.py:190} INFO - [2026-04-26T09:31:33.524+0000] {dag.py:4180} INFO - Setting next_dagrun for kafka_producer to 2026-04-25 18:30:00+00:00, run_after=2026-04-26 18:30:00+00:00
[2026-04-26T09:31:33.551+0000] {processor.py:208} INFO - Processing /opt/airflow/dags/kafka_load.py took 0.144 seconds
[2026-04-26T09:32:03.928+0000] {processor.py:186} INFO - Started process (PID=224) to work on /opt/airflow/dags/kafka_load.py
[2026-04-26T09:32:03.929+0000] {processor.py:914} INFO - Processing file /opt/airflow/dags/kafka_load.py for tasks to queue
[2026-04-26T09:32:03.933+0000] {logging_mixin.py:190} INFO - [2026-04-26T09:32:03.933+0000] {dagbag.py:588} INFO - Filling up the DagBag from /opt/airflow/dags/kafka_load.py
[2026-04-26T09:32:03.969+0000] {processor.py:925} INFO - DAG(s) 'kafka_producer' retrieved from /opt/airflow/dags/kafka_load.py
[2026-04-26T09:32:03.999+0000] {logging_mixin.py:190} INFO - [2026-04-26T09:32:03.998+0000] {dag.py:3239} INFO - Sync 1 DAGs
[2026-04-26T09:32:04.034+0000] {logging_mixin.py:190} INFO - [2026-04-26T09:32:04.033+0000] {dag.py:4180} INFO - Setting next_dagrun for kafka_producer to 2026-04-25 18:30:00+00:00, run_after=2026-04-26 18:30:00+00:00
[2026-04-26T09:32:04.061+0000] {processor.py:208} INFO - Processing /opt/airflow/dags/kafka_load.py took 0.142 seconds
[2026-04-26T09:32:34.503+0000] {processor.py:186} INFO - Started process (PID=227) to work on /opt/airflow/dags/kafka_load.py
[2026-04-26T09:32:34.505+0000] {processor.py:914} INFO - Processing file /opt/airflow/dags/kafka_load.py for tasks to queue
[2026-04-26T09:32:34.509+0000] {logging_mixin.py:190} INFO - [2026-04-26T09:32:34.509+0000] {dagbag.py:588} INFO - Filling up the DagBag from /opt/airflow/dags/kafka_load.py
[2026-04-26T09:32:34.555+0000] {processor.py:925} INFO - DAG(s) 'kafka_producer' retrieved from /opt/airflow/dags/kafka_load.py
[2026-04-26T09:32:34.588+0000] {logging_mixin.py:190} INFO - [2026-04-26T09:32:34.587+0000] {dag.py:3239} INFO - Sync 1 DAGs
[2026-04-26T09:32:34.623+0000] {logging_mixin.py:190} INFO - [2026-04-26T09:32:34.622+0000] {dag.py:4180} INFO - Setting next_dagrun for kafka_producer to 2026-04-25 18:30:00+00:00, run_after=2026-04-26 18:30:00+00:00
[2026-04-26T09:32:34.651+0000] {processor.py:208} INFO - Processing /opt/airflow/dags/kafka_load.py took 0.161 seconds
[2026-04-26T09:33:05.069+0000] {processor.py:186} INFO - Started process (PID=230) to work on /opt/airflow/dags/kafka_load.py
[2026-04-26T09:33:05.071+0000] {processor.py:914} INFO - Processing file /opt/airflow/dags/kafka_load.py for tasks to queue
[2026-04-26T09:33:05.074+0000] {logging_mixin.py:190} INFO - [2026-04-26T09:33:05.074+0000] {dagbag.py:588} INFO - Filling up the DagBag from /opt/airflow/dags/kafka_load.py
[2026-04-26T09:33:05.122+0000] {processor.py:925} INFO - DAG(s) 'kafka_producer' retrieved from /opt/airflow/dags/kafka_load.py
[2026-04-26T09:33:05.155+0000] {logging_mixin.py:190} INFO - [2026-04-26T09:33:05.154+0000] {dag.py:3239} INFO - Sync 1 DAGs
[2026-04-26T09:33:05.185+0000] {logging_mixin.py:190} INFO - [2026-04-26T09:33:05.185+0000] {dag.py:4180} INFO - Setting next_dagrun for kafka_producer to 2026-04-25 18:30:00+00:00, run_after=2026-04-26 18:30:00+00:00
[2026-04-26T09:33:05.207+0000] {processor.py:208} INFO - Processing /opt/airflow/dags/kafka_load.py took 0.150 seconds
[2026-04-26T09:33:35.772+0000] {processor.py:186} INFO - Started process (PID=233) to work on /opt/airflow/dags/kafka_load.py
[2026-04-26T09:33:35.773+0000] {processor.py:914} INFO - Processing file /opt/airflow/dags/kafka_load.py for tasks to queue
[2026-04-26T09:33:35.777+0000] {logging_mixin.py:190} INFO - [2026-04-26T09:33:35.776+0000] {dagbag.py:588} INFO - Filling up the DagBag from /opt/airflow/dags/kafka_load.py
[2026-04-26T09:33:35.909+0000] {processor.py:925} INFO - DAG(s) 'kafka_producer' retrieved from /opt/airflow/dags/kafka_load.py
[2026-04-26T09:33:35.944+0000] {logging_mixin.py:190} INFO - [2026-04-26T09:33:35.944+0000] {dag.py:3239} INFO - Sync 1 DAGs
[2026-04-26T09:33:36.008+0000] {logging_mixin.py:190} INFO - [2026-04-26T09:33:36.008+0000] {dag.py:4180} INFO - Setting next_dagrun for kafka_producer to 2026-04-25 18:30:00+00:00, run_after=2026-04-26 18:30:00+00:00
[2026-04-26T09:33:36.040+0000] {processor.py:208} INFO - Processing /opt/airflow/dags/kafka_load.py took 0.288 seconds
[2026-04-26T09:34:06.550+0000] {processor.py:186} INFO - Started process (PID=236) to work on /opt/airflow/dags/kafka_load.py
[2026-04-26T09:34:06.551+0000] {processor.py:914} INFO - Processing file /opt/airflow/dags/kafka_load.py for tasks to queue
[2026-04-26T09:34:06.557+0000] {logging_mixin.py:190} INFO - [2026-04-26T09:34:06.556+0000] {dagbag.py:588} INFO - Filling up the DagBag from /opt/airflow/dags/kafka_load.py
[2026-04-26T09:34:06.611+0000] {processor.py:925} INFO - DAG(s) 'kafka_producer' retrieved from /opt/airflow/dags/kafka_load.py
[2026-04-26T09:34:06.642+0000] {logging_mixin.py:190} INFO - [2026-04-26T09:34:06.641+0000] {dag.py:3239} INFO - Sync 1 DAGs
[2026-04-26T09:34:06.672+0000] {logging_mixin.py:190} INFO - [2026-04-26T09:34:06.672+0000] {dag.py:4180} INFO - Setting next_dagrun for kafka_producer to 2026-04-25 18:30:00+00:00, run_after=2026-04-26 18:30:00+00:00
[2026-04-26T09:34:06.697+0000] {processor.py:208} INFO - Processing /opt/airflow/dags/kafka_load.py took 0.157 seconds
[2026-04-26T09:34:37.167+0000] {processor.py:186} INFO - Started process (PID=239) to work on /opt/airflow/dags/kafka_load.py
[2026-04-26T09:34:37.169+0000] {processor.py:914} INFO - Processing file /opt/airflow/dags/kafka_load.py for tasks to queue
[2026-04-26T09:34:37.174+0000] {logging_mixin.py:190} INFO - [2026-04-26T09:34:37.174+0000] {dagbag.py:588} INFO - Filling up the DagBag from /opt/airflow/dags/kafka_load.py
[2026-04-26T09:34:37.214+0000] {processor.py:925} INFO - DAG(s) 'kafka_producer' retrieved from /opt/airflow/dags/kafka_load.py
[2026-04-26T09:34:37.243+0000] {logging_mixin.py:190} INFO - [2026-04-26T09:34:37.243+0000] {dag.py:3239} INFO - Sync 1 DAGs
[2026-04-26T09:34:37.281+0000] {logging_mixin.py:190} INFO - [2026-04-26T09:34:37.280+0000] {dag.py:4180} INFO - Setting next_dagrun for kafka_producer to 2026-04-25 18:30:00+00:00, run_after=2026-04-26 18:30:00+00:00
[2026-04-26T09:34:37.311+0000] {processor.py:208} INFO - Processing /opt/airflow/dags/kafka_load.py took 0.156 seconds
[2026-04-26T09:35:07.842+0000] {processor.py:186} INFO - Started process (PID=242) to work on /opt/airflow/dags/kafka_load.py
[2026-04-26T09:35:07.844+0000] {processor.py:914} INFO - Processing file /opt/airflow/dags/kafka_load.py for tasks to queue
[2026-04-26T09:35:07.849+0000] {logging_mixin.py:190} INFO - [2026-04-26T09:35:07.848+0000] {dagbag.py:588} INFO - Filling up the DagBag from /opt/airflow/dags/kafka_load.py
[2026-04-26T09:35:07.944+0000] {processor.py:925} INFO - DAG(s) 'kafka_producer' retrieved from /opt/airflow/dags/kafka_load.py
[2026-04-26T09:35:07.998+0000] {logging_mixin.py:190} INFO - [2026-04-26T09:35:07.997+0000] {dag.py:3239} INFO - Sync 1 DAGs
[2026-04-26T09:35:08.078+0000] {logging_mixin.py:190} INFO - [2026-04-26T09:35:08.077+0000] {dag.py:4180} INFO - Setting next_dagrun for kafka_producer to 2026-04-25 18:30:00+00:00, run_after=2026-04-26 18:30:00+00:00
[2026-04-26T09:35:08.141+0000] {processor.py:208} INFO - Processing /opt/airflow/dags/kafka_load.py took 0.318 seconds
[2026-04-26T09:35:38.597+0000] {processor.py:186} INFO - Started process (PID=245) to work on /opt/airflow/dags/kafka_load.py
[2026-04-26T09:35:38.599+0000] {processor.py:914} INFO - Processing file /opt/airflow/dags/kafka_load.py for tasks to queue
[2026-04-26T09:35:38.608+0000] {logging_mixin.py:190} INFO - [2026-04-26T09:35:38.607+0000] {dagbag.py:588} INFO - Filling up the DagBag from /opt/airflow/dags/kafka_load.py
[2026-04-26T09:35:38.640+0000] {processor.py:925} INFO - DAG(s) 'kafka_producer' retrieved from /opt/airflow/dags/kafka_load.py
[2026-04-26T09:35:38.673+0000] {logging_mixin.py:190} INFO - [2026-04-26T09:35:38.673+0000] {dag.py:3239} INFO - Sync 1 DAGs
[2026-04-26T09:35:38.726+0000] {logging_mixin.py:190} INFO - [2026-04-26T09:35:38.725+0000] {dag.py:4180} INFO - Setting next_dagrun for kafka_producer to 2026-04-25 18:30:00+00:00, run_after=2026-04-26 18:30:00+00:00
[2026-04-26T09:35:38.753+0000] {processor.py:208} INFO - Processing /opt/airflow/dags/kafka_load.py took 0.173 seconds
[2026-04-26T09:36:09.179+0000] {processor.py:186} INFO - Started process (PID=248) to work on /opt/airflow/dags/kafka_load.py
[2026-04-26T09:36:09.181+0000] {processor.py:914} INFO - Processing file /opt/airflow/dags/kafka_load.py for tasks to queue
[2026-04-26T09:36:09.185+0000] {logging_mixin.py:190} INFO - [2026-04-26T09:36:09.184+0000] {dagbag.py:588} INFO - Filling up the DagBag from /opt/airflow/dags/kafka_load.py
[2026-04-26T09:36:09.219+0000] {processor.py:925} INFO - DAG(s) 'kafka_producer' retrieved from /opt/airflow/dags/kafka_load.py
[2026-04-26T09:36:09.250+0000] {logging_mixin.py:190} INFO - [2026-04-26T09:36:09.249+0000] {dag.py:3239} INFO - Sync 1 DAGs
[2026-04-26T09:36:09.312+0000] {logging_mixin.py:190} INFO - [2026-04-26T09:36:09.312+0000] {dag.py:4180} INFO - Setting next_dagrun for kafka_producer to 2026-04-25 18:30:00+00:00, run_after=2026-04-26 18:30:00+00:00
[2026-04-26T09:36:09.382+0000] {processor.py:208} INFO - Processing /opt/airflow/dags/kafka_load.py took 0.215 seconds
[2026-04-26T09:36:39.814+0000] {processor.py:186} INFO - Started process (PID=251) to work on /opt/airflow/dags/kafka_load.py
[2026-04-26T09:36:39.815+0000] {processor.py:914} INFO - Processing file /opt/airflow/dags/kafka_load.py for tasks to queue
[2026-04-26T09:36:39.821+0000] {logging_mixin.py:190} INFO - [2026-04-26T09:36:39.820+0000] {dagbag.py:588} INFO - Filling up the DagBag from /opt/airflow/dags/kafka_load.py
[2026-04-26T09:36:39.863+0000] {processor.py:925} INFO - DAG(s) 'kafka_producer' retrieved from /opt/airflow/dags/kafka_load.py
[2026-04-26T09:36:39.899+0000] {logging_mixin.py:190} INFO - [2026-04-26T09:36:39.899+0000] {dag.py:3239} INFO - Sync 1 DAGs
[2026-04-26T09:36:39.934+0000] {logging_mixin.py:190} INFO - [2026-04-26T09:36:39.933+0000] {dag.py:4180} INFO - Setting next_dagrun for kafka_producer to 2026-04-25 18:30:00+00:00, run_after=2026-04-26 18:30:00+00:00
[2026-04-26T09:36:39.962+0000] {processor.py:208} INFO - Processing /opt/airflow/dags/kafka_load.py took 0.158 seconds
[2026-04-26T09:37:10.424+0000] {processor.py:186} INFO - Started process (PID=254) to work on /opt/airflow/dags/kafka_load.py
[2026-04-26T09:37:10.426+0000] {processor.py:914} INFO - Processing file /opt/airflow/dags/kafka_load.py for tasks to queue
[2026-04-26T09:37:10.429+0000] {logging_mixin.py:190} INFO - [2026-04-26T09:37:10.429+0000] {dagbag.py:588} INFO - Filling up the DagBag from /opt/airflow/dags/kafka_load.py
[2026-04-26T09:37:10.475+0000] {processor.py:925} INFO - DAG(s) 'kafka_producer' retrieved from /opt/airflow/dags/kafka_load.py
[2026-04-26T09:37:10.516+0000] {logging_mixin.py:190} INFO - [2026-04-26T09:37:10.516+0000] {dag.py:3239} INFO - Sync 1 DAGs
[2026-04-26T09:37:10.559+0000] {logging_mixin.py:190} INFO - [2026-04-26T09:37:10.558+0000] {dag.py:4180} INFO - Setting next_dagrun for kafka_producer to 2026-04-25 18:30:00+00:00, run_after=2026-04-26 18:30:00+00:00
[2026-04-26T09:37:10.596+0000] {processor.py:208} INFO - Processing /opt/airflow/dags/kafka_load.py took 0.183 seconds
[2026-04-26T09:37:40.787+0000] {processor.py:186} INFO - Started process (PID=258) to work on /opt/airflow/dags/kafka_load.py
[2026-04-26T09:37:40.788+0000] {processor.py:914} INFO - Processing file /opt/airflow/dags/kafka_load.py for tasks to queue
[2026-04-26T09:37:40.791+0000] {logging_mixin.py:190} INFO - [2026-04-26T09:37:40.791+0000] {dagbag.py:588} INFO - Filling up the DagBag from /opt/airflow/dags/kafka_load.py
[2026-04-26T09:37:40.822+0000] {processor.py:925} INFO - DAG(s) 'kafka_producer' retrieved from /opt/airflow/dags/kafka_load.py
[2026-04-26T09:37:40.851+0000] {logging_mixin.py:190} INFO - [2026-04-26T09:37:40.851+0000] {dag.py:3239} INFO - Sync 1 DAGs
[2026-04-26T09:37:40.881+0000] {logging_mixin.py:190} INFO - [2026-04-26T09:37:40.881+0000] {dag.py:4180} INFO - Setting next_dagrun for kafka_producer to 2026-04-25 18:30:00+00:00, run_after=2026-04-26 18:30:00+00:00
[2026-04-26T09:37:40.907+0000] {processor.py:208} INFO - Processing /opt/airflow/dags/kafka_load.py took 0.129 seconds
[2026-04-26T09:38:11.146+0000] {processor.py:186} INFO - Started process (PID=260) to work on /opt/airflow/dags/kafka_load.py
[2026-04-26T09:38:11.147+0000] {processor.py:914} INFO - Processing file /opt/airflow/dags/kafka_load.py for tasks to queue
[2026-04-26T09:38:11.151+0000] {logging_mixin.py:190} INFO - [2026-04-26T09:38:11.150+0000] {dagbag.py:588} INFO - Filling up the DagBag from /opt/airflow/dags/kafka_load.py
[2026-04-26T09:38:11.194+0000] {processor.py:925} INFO - DAG(s) 'kafka_producer' retrieved from /opt/airflow/dags/kafka_load.py
[2026-04-26T09:38:11.227+0000] {logging_mixin.py:190} INFO - [2026-04-26T09:38:11.227+0000] {dag.py:3239} INFO - Sync 1 DAGs
[2026-04-26T09:38:11.262+0000] {logging_mixin.py:190} INFO - [2026-04-26T09:38:11.262+0000] {dag.py:4180} INFO - Setting next_dagrun for kafka_producer to 2026-04-25 18:30:00+00:00, run_after=2026-04-26 18:30:00+00:00
[2026-04-26T09:38:11.300+0000] {processor.py:208} INFO - Processing /opt/airflow/dags/kafka_load.py took 0.166 seconds
[2026-04-26T09:38:41.692+0000] {processor.py:186} INFO - Started process (PID=263) to work on /opt/airflow/dags/kafka_load.py
[2026-04-26T09:38:41.698+0000] {processor.py:914} INFO - Processing file /opt/airflow/dags/kafka_load.py for tasks to queue
[2026-04-26T09:38:41.701+0000] {logging_mixin.py:190} INFO - [2026-04-26T09:38:41.701+0000] {dagbag.py:588} INFO - Filling up the DagBag from /opt/airflow/dags/kafka_load.py
[2026-04-26T09:38:41.735+0000] {processor.py:925} INFO - DAG(s) 'kafka_producer' retrieved from /opt/airflow/dags/kafka_load.py
[2026-04-26T09:38:41.766+0000] {logging_mixin.py:190} INFO - [2026-04-26T09:38:41.766+0000] {dag.py:3239} INFO - Sync 1 DAGs
[2026-04-26T09:38:41.800+0000] {logging_mixin.py:190} INFO - [2026-04-26T09:38:41.799+0000] {dag.py:4180} INFO - Setting next_dagrun for kafka_producer to 2026-04-25 18:30:00+00:00, run_after=2026-04-26 18:30:00+00:00
[2026-04-26T09:38:41.837+0000] {processor.py:208} INFO - Processing /opt/airflow/dags/kafka_load.py took 0.154 seconds
[2026-04-26T09:39:12.704+0000] {processor.py:186} INFO - Started process (PID=266) to work on /opt/airflow/dags/kafka_load.py
[2026-04-26T09:39:12.706+0000] {processor.py:914} INFO - Processing file /opt/airflow/dags/kafka_load.py for tasks to queue
[2026-04-26T09:39:12.710+0000] {logging_mixin.py:190} INFO - [2026-04-26T09:39:12.709+0000] {dagbag.py:588} INFO - Filling up the DagBag from /opt/airflow/dags/kafka_load.py
[2026-04-26T09:39:12.756+0000] {processor.py:925} INFO - DAG(s) 'kafka_producer' retrieved from /opt/airflow/dags/kafka_load.py
[2026-04-26T09:39:12.788+0000] {logging_mixin.py:190} INFO - [2026-04-26T09:39:12.788+0000] {dag.py:3239} INFO - Sync 1 DAGs
[2026-04-26T09:39:12.826+0000] {logging_mixin.py:190} INFO - [2026-04-26T09:39:12.825+0000] {dag.py:4180} INFO - Setting next_dagrun for kafka_producer to 2026-04-25 18:30:00+00:00, run_after=2026-04-26 18:30:00+00:00
[2026-04-26T09:39:12.856+0000] {processor.py:208} INFO - Processing /opt/airflow/dags/kafka_load.py took 0.162 seconds
[2026-04-26T09:39:43.349+0000] {processor.py:186} INFO - Started process (PID=269) to work on /opt/airflow/dags/kafka_load.py
[2026-04-26T09:39:43.351+0000] {processor.py:914} INFO - Processing file /opt/airflow/dags/kafka_load.py for tasks to queue
[2026-04-26T09:39:43.356+0000] {logging_mixin.py:190} INFO - [2026-04-26T09:39:43.355+0000] {dagbag.py:588} INFO - Filling up the DagBag from /opt/airflow/dags/kafka_load.py
[2026-04-26T09:39:43.392+0000] {processor.py:925} INFO - DAG(s) 'kafka_producer' retrieved from /opt/airflow/dags/kafka_load.py
[2026-04-26T09:39:43.421+0000] {logging_mixin.py:190} INFO - [2026-04-26T09:39:43.420+0000] {dag.py:3239} INFO - Sync 1 DAGs
[2026-04-26T09:39:43.453+0000] {logging_mixin.py:190} INFO - [2026-04-26T09:39:43.452+0000] {dag.py:4180} INFO - Setting next_dagrun for kafka_producer to 2026-04-25 18:30:00+00:00, run_after=2026-04-26 18:30:00+00:00
[2026-04-26T09:39:43.478+0000] {processor.py:208} INFO - Processing /opt/airflow/dags/kafka_load.py took 0.139 seconds
[2026-04-26T09:40:13.944+0000] {processor.py:186} INFO - Started process (PID=272) to work on /opt/airflow/dags/kafka_load.py
[2026-04-26T09:40:13.946+0000] {processor.py:914} INFO - Processing file /opt/airflow/dags/kafka_load.py for tasks to queue
[2026-04-26T09:40:13.949+0000] {logging_mixin.py:190} INFO - [2026-04-26T09:40:13.949+0000] {dagbag.py:588} INFO - Filling up the DagBag from /opt/airflow/dags/kafka_load.py
[2026-04-26T09:40:13.990+0000] {processor.py:925} INFO - DAG(s) 'kafka_producer' retrieved from /opt/airflow/dags/kafka_load.py
[2026-04-26T09:40:14.018+0000] {logging_mixin.py:190} INFO - [2026-04-26T09:40:14.017+0000] {dag.py:3239} INFO - Sync 1 DAGs
[2026-04-26T09:40:14.062+0000] {logging_mixin.py:190} INFO - [2026-04-26T09:40:14.061+0000] {dag.py:4180} INFO - Setting next_dagrun for kafka_producer to 2026-04-25 18:30:00+00:00, run_after=2026-04-26 18:30:00+00:00
[2026-04-26T09:40:14.084+0000] {processor.py:208} INFO - Processing /opt/airflow/dags/kafka_load.py took 0.151 seconds
[2026-04-26T09:40:44.458+0000] {processor.py:186} INFO - Started process (PID=275) to work on /opt/airflow/dags/kafka_load.py
[2026-04-26T09:40:44.460+0000] {processor.py:914} INFO - Processing file /opt/airflow/dags/kafka_load.py for tasks to queue
[2026-04-26T09:40:44.463+0000] {logging_mixin.py:190} INFO - [2026-04-26T09:40:44.463+0000] {dagbag.py:588} INFO - Filling up the DagBag from /opt/airflow/dags/kafka_load.py
[2026-04-26T09:40:44.505+0000] {processor.py:925} INFO - DAG(s) 'kafka_producer' retrieved from /opt/airflow/dags/kafka_load.py
[2026-04-26T09:40:44.538+0000] {logging_mixin.py:190} INFO - [2026-04-26T09:40:44.538+0000] {dag.py:3239} INFO - Sync 1 DAGs
[2026-04-26T09:40:44.573+0000] {logging_mixin.py:190} INFO - [2026-04-26T09:40:44.573+0000] {dag.py:4180} INFO - Setting next_dagrun for kafka_producer to 2026-04-25 18:30:00+00:00, run_after=2026-04-26 18:30:00+00:00
[2026-04-26T09:40:44.599+0000] {processor.py:208} INFO - Processing /opt/airflow/dags/kafka_load.py took 0.150 seconds
[2026-04-26T09:41:15.085+0000] {processor.py:186} INFO - Started process (PID=278) to work on /opt/airflow/dags/kafka_load.py
[2026-04-26T09:41:15.087+0000] {processor.py:914} INFO - Processing file /opt/airflow/dags/kafka_load.py for tasks to queue
[2026-04-26T09:41:15.090+0000] {logging_mixin.py:190} INFO - [2026-04-26T09:41:15.090+0000] {dagbag.py:588} INFO - Filling up the DagBag from /opt/airflow/dags/kafka_load.py
[2026-04-26T09:41:15.131+0000] {processor.py:925} INFO - DAG(s) 'kafka_producer' retrieved from /opt/airflow/dags/kafka_load.py
[2026-04-26T09:41:15.161+0000] {logging_mixin.py:190} INFO - [2026-04-26T09:41:15.161+0000] {dag.py:3239} INFO - Sync 1 DAGs
[2026-04-26T09:41:15.193+0000] {logging_mixin.py:190} INFO - [2026-04-26T09:41:15.192+0000] {dag.py:4180} INFO - Setting next_dagrun for kafka_producer to 2026-04-25 18:30:00+00:00, run_after=2026-04-26 18:30:00+00:00
[2026-04-26T09:41:15.222+0000] {processor.py:208} INFO - Processing /opt/airflow/dags/kafka_load.py took 0.147 seconds
[2026-04-26T09:41:45.832+0000] {processor.py:186} INFO - Started process (PID=281) to work on /opt/airflow/dags/kafka_load.py
[2026-04-26T09:41:45.850+0000] {processor.py:914} INFO - Processing file /opt/airflow/dags/kafka_load.py for tasks to queue
[2026-04-26T09:41:45.865+0000] {logging_mixin.py:190} INFO - [2026-04-26T09:41:45.865+0000] {dagbag.py:588} INFO - Filling up the DagBag from /opt/airflow/dags/kafka_load.py
[2026-04-26T09:41:46.275+0000] {processor.py:925} INFO - DAG(s) 'kafka_producer' retrieved from /opt/airflow/dags/kafka_load.py
[2026-04-26T09:41:46.466+0000] {logging_mixin.py:190} INFO - [2026-04-26T09:41:46.466+0000] {dag.py:3239} INFO - Sync 1 DAGs
[2026-04-26T09:41:46.639+0000] {logging_mixin.py:190} INFO - [2026-04-26T09:41:46.639+0000] {dag.py:4180} INFO - Setting next_dagrun for kafka_producer to 2026-04-25 18:30:00+00:00, run_after=2026-04-26 18:30:00+00:00
[2026-04-26T09:41:46.713+0000] {processor.py:208} INFO - Processing /opt/airflow/dags/kafka_load.py took 0.908 seconds
[2026-04-26T09:42:17.320+0000] {processor.py:186} INFO - Started process (PID=284) to work on /opt/airflow/dags/kafka_load.py
[2026-04-26T09:42:17.322+0000] {processor.py:914} INFO - Processing file /opt/airflow/dags/kafka_load.py for tasks to queue
[2026-04-26T09:42:17.326+0000] {logging_mixin.py:190} INFO - [2026-04-26T09:42:17.326+0000] {dagbag.py:588} INFO - Filling up the DagBag from /opt/airflow/dags/kafka_load.py
[2026-04-26T09:42:17.364+0000] {processor.py:925} INFO - DAG(s) 'kafka_producer' retrieved from /opt/airflow/dags/kafka_load.py
[2026-04-26T09:42:17.397+0000] {logging_mixin.py:190} INFO - [2026-04-26T09:42:17.397+0000] {dag.py:3239} INFO - Sync 1 DAGs
[2026-04-26T09:42:17.427+0000] {logging_mixin.py:190} INFO - [2026-04-26T09:42:17.427+0000] {dag.py:4180} INFO - Setting next_dagrun for kafka_producer to 2026-04-25 18:30:00+00:00, run_after=2026-04-26 18:30:00+00:00
[2026-04-26T09:42:17.460+0000] {processor.py:208} INFO - Processing /opt/airflow/dags/kafka_load.py took 0.151 seconds
[2026-04-26T09:42:47.893+0000] {processor.py:186} INFO - Started process (PID=287) to work on /opt/airflow/dags/kafka_load.py
[2026-04-26T09:42:47.895+0000] {processor.py:914} INFO - Processing file /opt/airflow/dags/kafka_load.py for tasks to queue
[2026-04-26T09:42:47.905+0000] {logging_mixin.py:190} INFO - [2026-04-26T09:42:47.904+0000] {dagbag.py:588} INFO - Filling up the DagBag from /opt/airflow/dags/kafka_load.py
[2026-04-26T09:42:47.974+0000] {processor.py:925} INFO - DAG(s) 'kafka_producer' retrieved from /opt/airflow/dags/kafka_load.py
[2026-04-26T09:42:48.028+0000] {logging_mixin.py:190} INFO - [2026-04-26T09:42:48.027+0000] {dag.py:3239} INFO - Sync 1 DAGs
[2026-04-26T09:42:48.072+0000] {logging_mixin.py:190} INFO - [2026-04-26T09:42:48.072+0000] {dag.py:4180} INFO - Setting next_dagrun for kafka_producer to 2026-04-25 18:30:00+00:00, run_after=2026-04-26 18:30:00+00:00
[2026-04-26T09:42:48.107+0000] {processor.py:208} INFO - Processing /opt/airflow/dags/kafka_load.py took 0.232 seconds
[2026-04-26T09:43:18.559+0000] {processor.py:186} INFO - Started process (PID=290) to work on /opt/airflow/dags/kafka_load.py
[2026-04-26T09:43:18.560+0000] {processor.py:914} INFO - Processing file /opt/airflow/dags/kafka_load.py for tasks to queue
[2026-04-26T09:43:18.563+0000] {logging_mixin.py:190} INFO - [2026-04-26T09:43:18.563+0000] {dagbag.py:588} INFO - Filling up the DagBag from /opt/airflow/dags/kafka_load.py
[2026-04-26T09:43:18.595+0000] {processor.py:925} INFO - DAG(s) 'kafka_producer' retrieved from /opt/airflow/dags/kafka_load.py
[2026-04-26T09:43:18.625+0000] {logging_mixin.py:190} INFO - [2026-04-26T09:43:18.625+0000] {dag.py:3239} INFO - Sync 1 DAGs
[2026-04-26T09:43:18.659+0000] {logging_mixin.py:190} INFO - [2026-04-26T09:43:18.659+0000] {dag.py:4180} INFO - Setting next_dagrun for kafka_producer to 2026-04-25 18:30:00+00:00, run_after=2026-04-26 18:30:00+00:00
[2026-04-26T09:43:18.687+0000] {processor.py:208} INFO - Processing /opt/airflow/dags/kafka_load.py took 0.137 seconds
[2026-04-26T09:43:49.123+0000] {processor.py:186} INFO - Started process (PID=293) to work on /opt/airflow/dags/kafka_load.py
[2026-04-26T09:43:49.124+0000] {processor.py:914} INFO - Processing file /opt/airflow/dags/kafka_load.py for tasks to queue
[2026-04-26T09:43:49.129+0000] {logging_mixin.py:190} INFO - [2026-04-26T09:43:49.128+0000] {dagbag.py:588} INFO - Filling up the DagBag from /opt/airflow/dags/kafka_load.py
[2026-04-26T09:43:49.170+0000] {processor.py:925} INFO - DAG(s) 'kafka_producer' retrieved from /opt/airflow/dags/kafka_load.py
[2026-04-26T09:43:49.196+0000] {logging_mixin.py:190} INFO - [2026-04-26T09:43:49.196+0000] {dag.py:3239} INFO - Sync 1 DAGs
[2026-04-26T09:43:49.230+0000] {logging_mixin.py:190} INFO - [2026-04-26T09:43:49.230+0000] {dag.py:4180} INFO - Setting next_dagrun for kafka_producer to 2026-04-25 18:30:00+00:00, run_after=2026-04-26 18:30:00+00:00
[2026-04-26T09:43:49.257+0000] {processor.py:208} INFO - Processing /opt/airflow/dags/kafka_load.py took 0.145 seconds
[2026-04-26T09:44:19.741+0000] {processor.py:186} INFO - Started process (PID=296) to work on /opt/airflow/dags/kafka_load.py
[2026-04-26T09:44:19.746+0000] {processor.py:914} INFO - Processing file /opt/airflow/dags/kafka_load.py for tasks to queue
[2026-04-26T09:44:19.751+0000] {logging_mixin.py:190} INFO - [2026-04-26T09:44:19.750+0000] {dagbag.py:588} INFO - Filling up the DagBag from /opt/airflow/dags/kafka_load.py
[2026-04-26T09:44:19.792+0000] {processor.py:925} INFO - DAG(s) 'kafka_producer' retrieved from /opt/airflow/dags/kafka_load.py
[2026-04-26T09:44:19.824+0000] {logging_mixin.py:190} INFO - [2026-04-26T09:44:19.823+0000] {dag.py:3239} INFO - Sync 1 DAGs
[2026-04-26T09:44:19.867+0000] {logging_mixin.py:190} INFO - [2026-04-26T09:44:19.866+0000] {dag.py:4180} INFO - Setting next_dagrun for kafka_producer to 2026-04-25 18:30:00+00:00, run_after=2026-04-26 18:30:00+00:00
[2026-04-26T09:44:19.905+0000] {processor.py:208} INFO - Processing /opt/airflow/dags/kafka_load.py took 0.181 seconds
[2026-04-26T09:44:50.859+0000] {processor.py:186} INFO - Started process (PID=299) to work on /opt/airflow/dags/kafka_load.py
[2026-04-26T09:44:50.861+0000] {processor.py:914} INFO - Processing file /opt/airflow/dags/kafka_load.py for tasks to queue
[2026-04-26T09:44:50.866+0000] {logging_mixin.py:190} INFO - [2026-04-26T09:44:50.865+0000] {dagbag.py:588} INFO - Filling up the DagBag from /opt/airflow/dags/kafka_load.py
[2026-04-26T09:44:50.905+0000] {processor.py:925} INFO - DAG(s) 'kafka_producer' retrieved from /opt/airflow/dags/kafka_load.py
[2026-04-26T09:44:50.931+0000] {logging_mixin.py:190} INFO - [2026-04-26T09:44:50.931+0000] {dag.py:3239} INFO - Sync 1 DAGs
[2026-04-26T09:44:50.960+0000] {logging_mixin.py:190} INFO - [2026-04-26T09:44:50.959+0000] {dag.py:4180} INFO - Setting next_dagrun for kafka_producer to 2026-04-25 18:30:00+00:00, run_after=2026-04-26 18:30:00+00:00
[2026-04-26T09:44:50.985+0000] {processor.py:208} INFO - Processing /opt/airflow/dags/kafka_load.py took 0.137 seconds
[2026-04-26T09:45:21.575+0000] {processor.py:186} INFO - Started process (PID=302) to work on /opt/airflow/dags/kafka_load.py
[2026-04-26T09:45:21.586+0000] {processor.py:914} INFO - Processing file /opt/airflow/dags/kafka_load.py for tasks to queue
[2026-04-26T09:45:21.598+0000] {logging_mixin.py:190} INFO - [2026-04-26T09:45:21.597+0000] {dagbag.py:588} INFO - Filling up the DagBag from /opt/airflow/dags/kafka_load.py
[2026-04-26T09:45:21.687+0000] {processor.py:925} INFO - DAG(s) 'kafka_producer' retrieved from /opt/airflow/dags/kafka_load.py
[2026-04-26T09:45:21.776+0000] {logging_mixin.py:190} INFO - [2026-04-26T09:45:21.775+0000] {dag.py:3239} INFO - Sync 1 DAGs
[2026-04-26T09:45:21.850+0000] {logging_mixin.py:190} INFO - [2026-04-26T09:45:21.850+0000] {dag.py:4180} INFO - Setting next_dagrun for kafka_producer to 2026-04-25 18:30:00+00:00, run_after=2026-04-26 18:30:00+00:00
[2026-04-26T09:45:21.884+0000] {processor.py:208} INFO - Processing /opt/airflow/dags/kafka_load.py took 0.343 seconds
[2026-04-26T09:45:52.398+0000] {processor.py:186} INFO - Started process (PID=305) to work on /opt/airflow/dags/kafka_load.py
[2026-04-26T09:45:52.400+0000] {processor.py:914} INFO - Processing file /opt/airflow/dags/kafka_load.py for tasks to queue
[2026-04-26T09:45:52.404+0000] {logging_mixin.py:190} INFO - [2026-04-26T09:45:52.404+0000] {dagbag.py:588} INFO - Filling up the DagBag from /opt/airflow/dags/kafka_load.py
[2026-04-26T09:45:52.445+0000] {processor.py:925} INFO - DAG(s) 'kafka_producer' retrieved from /opt/airflow/dags/kafka_load.py
[2026-04-26T09:45:52.477+0000] {logging_mixin.py:190} INFO - [2026-04-26T09:45:52.477+0000] {dag.py:3239} INFO - Sync 1 DAGs
[2026-04-26T09:45:52.511+0000] {logging_mixin.py:190} INFO - [2026-04-26T09:45:52.510+0000] {dag.py:4180} INFO - Setting next_dagrun for kafka_producer to 2026-04-25 18:30:00+00:00, run_after=2026-04-26 18:30:00+00:00
[2026-04-26T09:45:52.539+0000] {processor.py:208} INFO - Processing /opt/airflow/dags/kafka_load.py took 0.153 seconds
[2026-04-26T09:46:23.175+0000] {processor.py:186} INFO - Started process (PID=308) to work on /opt/airflow/dags/kafka_load.py
[2026-04-26T09:46:23.178+0000] {processor.py:914} INFO - Processing file /opt/airflow/dags/kafka_load.py for tasks to queue
[2026-04-26T09:46:23.182+0000] {logging_mixin.py:190} INFO - [2026-04-26T09:46:23.181+0000] {dagbag.py:588} INFO - Filling up the DagBag from /opt/airflow/dags/kafka_load.py
[2026-04-26T09:46:23.212+0000] {processor.py:925} INFO - DAG(s) 'kafka_producer' retrieved from /opt/airflow/dags/kafka_load.py
[2026-04-26T09:46:23.237+0000] {logging_mixin.py:190} INFO - [2026-04-26T09:46:23.237+0000] {dag.py:3239} INFO - Sync 1 DAGs
[2026-04-26T09:46:23.270+0000] {logging_mixin.py:190} INFO - [2026-04-26T09:46:23.270+0000] {dag.py:4180} INFO - Setting next_dagrun for kafka_producer to 2026-04-25 18:30:00+00:00, run_after=2026-04-26 18:30:00+00:00
[2026-04-26T09:46:23.303+0000] {processor.py:208} INFO - Processing /opt/airflow/dags/kafka_load.py took 0.139 seconds
[2026-04-26T09:46:53.751+0000] {processor.py:186} INFO - Started process (PID=311) to work on /opt/airflow/dags/kafka_load.py
[2026-04-26T09:46:53.753+0000] {processor.py:914} INFO - Processing file /opt/airflow/dags/kafka_load.py for tasks to queue
[2026-04-26T09:46:53.757+0000] {logging_mixin.py:190} INFO - [2026-04-26T09:46:53.756+0000] {dagbag.py:588} INFO - Filling up the DagBag from /opt/airflow/dags/kafka_load.py
[2026-04-26T09:46:53.792+0000] {processor.py:925} INFO - DAG(s) 'kafka_producer' retrieved from /opt/airflow/dags/kafka_load.py
[2026-04-26T09:46:53.821+0000] {logging_mixin.py:190} INFO - [2026-04-26T09:46:53.821+0000] {dag.py:3239} INFO - Sync 1 DAGs
[2026-04-26T09:46:53.852+0000] {logging_mixin.py:190} INFO - [2026-04-26T09:46:53.852+0000] {dag.py:4180} INFO - Setting next_dagrun for kafka_producer to 2026-04-25 18:30:00+00:00, run_after=2026-04-26 18:30:00+00:00
[2026-04-26T09:46:53.876+0000] {processor.py:208} INFO - Processing /opt/airflow/dags/kafka_load.py took 0.138 seconds
[2026-04-26T09:47:24.330+0000] {processor.py:186} INFO - Started process (PID=314) to work on /opt/airflow/dags/kafka_load.py
[2026-04-26T09:47:24.332+0000] {processor.py:914} INFO - Processing file /opt/airflow/dags/kafka_load.py for tasks to queue
[2026-04-26T09:47:24.336+0000] {logging_mixin.py:190} INFO - [2026-04-26T09:47:24.336+0000] {dagbag.py:588} INFO - Filling up the DagBag from /opt/airflow/dags/kafka_load.py
[2026-04-26T09:47:24.383+0000] {processor.py:925} INFO - DAG(s) 'kafka_producer' retrieved from /opt/airflow/dags/kafka_load.py
[2026-04-26T09:47:24.421+0000] {logging_mixin.py:190} INFO - [2026-04-26T09:47:24.420+0000] {dag.py:3239} INFO - Sync 1 DAGs
[2026-04-26T09:47:24.457+0000] {logging_mixin.py:190} INFO - [2026-04-26T09:47:24.457+0000] {dag.py:4180} INFO - Setting next_dagrun for kafka_producer to 2026-04-25 18:30:00+00:00, run_after=2026-04-26 18:30:00+00:00
[2026-04-26T09:47:24.491+0000] {processor.py:208} INFO - Processing /opt/airflow/dags/kafka_load.py took 0.173 seconds
[2026-04-26T09:47:54.900+0000] {processor.py:186} INFO - Started process (PID=317) to work on /opt/airflow/dags/kafka_load.py
[2026-04-26T09:47:54.902+0000] {processor.py:914} INFO - Processing file /opt/airflow/dags/kafka_load.py for tasks to queue
[2026-04-26T09:47:54.906+0000] {logging_mixin.py:190} INFO - [2026-04-26T09:47:54.906+0000] {dagbag.py:588} INFO - Filling up the DagBag from /opt/airflow/dags/kafka_load.py
[2026-04-26T09:47:54.960+0000] {processor.py:925} INFO - DAG(s) 'kafka_producer' retrieved from /opt/airflow/dags/kafka_load.py
[2026-04-26T09:47:55.000+0000] {logging_mixin.py:190} INFO - [2026-04-26T09:47:55.000+0000] {dag.py:3239} INFO - Sync 1 DAGs
[2026-04-26T09:47:55.036+0000] {logging_mixin.py:190} INFO - [2026-04-26T09:47:55.036+0000] {dag.py:4180} INFO - Setting next_dagrun for kafka_producer to 2026-04-25 18:30:00+00:00, run_after=2026-04-26 18:30:00+00:00
[2026-04-26T09:47:55.063+0000] {processor.py:208} INFO - Processing /opt/airflow/dags/kafka_load.py took 0.177 seconds
[2026-04-26T09:48:25.459+0000] {processor.py:186} INFO - Started process (PID=320) to work on /opt/airflow/dags/kafka_load.py
[2026-04-26T09:48:25.461+0000] {processor.py:914} INFO - Processing file /opt/airflow/dags/kafka_load.py for tasks to queue
[2026-04-26T09:48:25.465+0000] {logging_mixin.py:190} INFO - [2026-04-26T09:48:25.464+0000] {dagbag.py:588} INFO - Filling up the DagBag from /opt/airflow/dags/kafka_load.py
[2026-04-26T09:48:25.495+0000] {processor.py:925} INFO - DAG(s) 'kafka_producer' retrieved from /opt/airflow/dags/kafka_load.py
[2026-04-26T09:48:25.524+0000] {logging_mixin.py:190} INFO - [2026-04-26T09:48:25.524+0000] {dag.py:3239} INFO - Sync 1 DAGs
[2026-04-26T09:48:25.556+0000] {logging_mixin.py:190} INFO - [2026-04-26T09:48:25.555+0000] {dag.py:4180} INFO - Setting next_dagrun for kafka_producer to 2026-04-25 18:30:00+00:00, run_after=2026-04-26 18:30:00+00:00
[2026-04-26T09:48:25.583+0000] {processor.py:208} INFO - Processing /opt/airflow/dags/kafka_load.py took 0.136 seconds
[2026-04-26T09:48:56.430+0000] {processor.py:186} INFO - Started process (PID=323) to work on /opt/airflow/dags/kafka_load.py
[2026-04-26T09:48:56.445+0000] {processor.py:914} INFO - Processing file /opt/airflow/dags/kafka_load.py for tasks to queue
[2026-04-26T09:48:56.464+0000] {logging_mixin.py:190} INFO - [2026-04-26T09:48:56.456+0000] {dagbag.py:588} INFO - Filling up the DagBag from /opt/airflow/dags/kafka_load.py
[2026-04-26T09:48:56.625+0000] {processor.py:925} INFO - DAG(s) 'kafka_producer' retrieved from /opt/airflow/dags/kafka_load.py
[2026-04-26T09:48:56.716+0000] {logging_mixin.py:190} INFO - [2026-04-26T09:48:56.716+0000] {dag.py:3239} INFO - Sync 1 DAGs
[2026-04-26T09:48:56.917+0000] {logging_mixin.py:190} INFO - [2026-04-26T09:48:56.917+0000] {dag.py:4180} INFO - Setting next_dagrun for kafka_producer to 2026-04-25 18:30:00+00:00, run_after=2026-04-26 18:30:00+00:00
[2026-04-26T09:48:56.988+0000] {processor.py:208} INFO - Processing /opt/airflow/dags/kafka_load.py took 0.588 seconds
[2026-04-26T09:49:27.617+0000] {processor.py:186} INFO - Started process (PID=326) to work on /opt/airflow/dags/kafka_load.py
[2026-04-26T09:49:27.620+0000] {processor.py:914} INFO - Processing file /opt/airflow/dags/kafka_load.py for tasks to queue
[2026-04-26T09:49:27.627+0000] {logging_mixin.py:190} INFO - [2026-04-26T09:49:27.626+0000] {dagbag.py:588} INFO - Filling up the DagBag from /opt/airflow/dags/kafka_load.py
[2026-04-26T09:49:27.674+0000] {processor.py:925} INFO - DAG(s) 'kafka_producer' retrieved from /opt/airflow/dags/kafka_load.py
[2026-04-26T09:49:27.737+0000] {logging_mixin.py:190} INFO - [2026-04-26T09:49:27.737+0000] {dag.py:3239} INFO - Sync 1 DAGs
[2026-04-26T09:49:27.828+0000] {logging_mixin.py:190} INFO - [2026-04-26T09:49:27.827+0000] {dag.py:4180} INFO - Setting next_dagrun for kafka_producer to 2026-04-25 18:30:00+00:00, run_after=2026-04-26 18:30:00+00:00
[2026-04-26T09:49:27.892+0000] {processor.py:208} INFO - Processing /opt/airflow/dags/kafka_load.py took 0.290 seconds
[2026-04-26T09:49:58.786+0000] {processor.py:186} INFO - Started process (PID=329) to work on /opt/airflow/dags/kafka_load.py
[2026-04-26T09:49:58.787+0000] {processor.py:914} INFO - Processing file /opt/airflow/dags/kafka_load.py for tasks to queue
[2026-04-26T09:49:58.793+0000] {logging_mixin.py:190} INFO - [2026-04-26T09:49:58.792+0000] {dagbag.py:588} INFO - Filling up the DagBag from /opt/airflow/dags/kafka_load.py
[2026-04-26T09:49:58.837+0000] {processor.py:925} INFO - DAG(s) 'kafka_producer' retrieved from /opt/airflow/dags/kafka_load.py
[2026-04-26T09:49:58.897+0000] {logging_mixin.py:190} INFO - [2026-04-26T09:49:58.897+0000] {dag.py:3239} INFO - Sync 1 DAGs
[2026-04-26T09:49:58.959+0000] {logging_mixin.py:190} INFO - [2026-04-26T09:49:58.959+0000] {dag.py:4180} INFO - Setting next_dagrun for kafka_producer to 2026-04-25 18:30:00+00:00, run_after=2026-04-26 18:30:00+00:00
[2026-04-26T09:49:59.010+0000] {processor.py:208} INFO - Processing /opt/airflow/dags/kafka_load.py took 0.238 seconds
[2026-04-26T09:50:29.708+0000] {processor.py:186} INFO - Started process (PID=332) to work on /opt/airflow/dags/kafka_load.py
[2026-04-26T09:50:29.709+0000] {processor.py:914} INFO - Processing file /opt/airflow/dags/kafka_load.py for tasks to queue
[2026-04-26T09:50:29.713+0000] {logging_mixin.py:190} INFO - [2026-04-26T09:50:29.712+0000] {dagbag.py:588} INFO - Filling up the DagBag from /opt/airflow/dags/kafka_load.py
[2026-04-26T09:50:29.759+0000] {processor.py:925} INFO - DAG(s) 'kafka_producer' retrieved from /opt/airflow/dags/kafka_load.py
[2026-04-26T09:50:29.792+0000] {logging_mixin.py:190} INFO - [2026-04-26T09:50:29.792+0000] {dag.py:3239} INFO - Sync 1 DAGs
[2026-04-26T09:50:29.830+0000] {logging_mixin.py:190} INFO - [2026-04-26T09:50:29.830+0000] {dag.py:4180} INFO - Setting next_dagrun for kafka_producer to 2026-04-25 18:30:00+00:00, run_after=2026-04-26 18:30:00+00:00
[2026-04-26T09:50:29.878+0000] {processor.py:208} INFO - Processing /opt/airflow/dags/kafka_load.py took 0.184 seconds
[2026-04-26T09:51:00.588+0000] {processor.py:186} INFO - Started process (PID=335) to work on /opt/airflow/dags/kafka_load.py
[2026-04-26T09:51:00.610+0000] {processor.py:914} INFO - Processing file /opt/airflow/dags/kafka_load.py for tasks to queue
[2026-04-26T09:51:00.613+0000] {logging_mixin.py:190} INFO - [2026-04-26T09:51:00.613+0000] {dagbag.py:588} INFO - Filling up the DagBag from /opt/airflow/dags/kafka_load.py
[2026-04-26T09:51:00.655+0000] {processor.py:925} INFO - DAG(s) 'kafka_producer' retrieved from /opt/airflow/dags/kafka_load.py
[2026-04-26T09:51:00.691+0000] {logging_mixin.py:190} INFO - [2026-04-26T09:51:00.690+0000] {dag.py:3239} INFO - Sync 1 DAGs
[2026-04-26T09:51:00.723+0000] {logging_mixin.py:190} INFO - [2026-04-26T09:51:00.723+0000] {dag.py:4180} INFO - Setting next_dagrun for kafka_producer to 2026-04-25 18:30:00+00:00, run_after=2026-04-26 18:30:00+00:00
[2026-04-26T09:51:00.750+0000] {processor.py:208} INFO - Processing /opt/airflow/dags/kafka_load.py took 0.171 seconds
[2026-04-26T09:51:31.475+0000] {processor.py:186} INFO - Started process (PID=338) to work on /opt/airflow/dags/kafka_load.py
[2026-04-26T09:51:31.478+0000] {processor.py:914} INFO - Processing file /opt/airflow/dags/kafka_load.py for tasks to queue
[2026-04-26T09:51:31.482+0000] {logging_mixin.py:190} INFO - [2026-04-26T09:51:31.481+0000] {dagbag.py:588} INFO - Filling up the DagBag from /opt/airflow/dags/kafka_load.py
[2026-04-26T09:51:31.525+0000] {processor.py:925} INFO - DAG(s) 'kafka_producer' retrieved from /opt/airflow/dags/kafka_load.py
[2026-04-26T09:51:31.553+0000] {logging_mixin.py:190} INFO - [2026-04-26T09:51:31.552+0000] {dag.py:3239} INFO - Sync 1 DAGs
[2026-04-26T09:51:31.583+0000] {logging_mixin.py:190} INFO - [2026-04-26T09:51:31.583+0000] {dag.py:4180} INFO - Setting next_dagrun for kafka_producer to 2026-04-25 18:30:00+00:00, run_after=2026-04-26 18:30:00+00:00
[2026-04-26T09:51:32.585+0000] {processor.py:208} INFO - Processing /opt/airflow/dags/kafka_load.py took 1.122 seconds
[2026-04-26T09:52:03.207+0000] {processor.py:186} INFO - Started process (PID=343) to work on /opt/airflow/dags/kafka_load.py
[2026-04-26T09:52:03.209+0000] {processor.py:914} INFO - Processing file /opt/airflow/dags/kafka_load.py for tasks to queue
[2026-04-26T09:52:03.214+0000] {logging_mixin.py:190} INFO - [2026-04-26T09:52:03.214+0000] {dagbag.py:588} INFO - Filling up the DagBag from /opt/airflow/dags/kafka_load.py
[2026-04-26T09:52:03.257+0000] {processor.py:925} INFO - DAG(s) 'kafka_producer' retrieved from /opt/airflow/dags/kafka_load.py
[2026-04-26T09:52:03.288+0000] {logging_mixin.py:190} INFO - [2026-04-26T09:52:03.287+0000] {dag.py:3239} INFO - Sync 1 DAGs
[2026-04-26T09:52:03.324+0000] {logging_mixin.py:190} INFO - [2026-04-26T09:52:03.324+0000] {dag.py:4180} INFO - Setting next_dagrun for kafka_producer to 2026-04-25 18:30:00+00:00, run_after=2026-04-26 18:30:00+00:00
[2026-04-26T09:52:03.345+0000] {processor.py:208} INFO - Processing /opt/airflow/dags/kafka_load.py took 0.151 seconds
[2026-04-26T09:52:33.557+0000] {processor.py:186} INFO - Started process (PID=346) to work on /opt/airflow/dags/kafka_load.py
[2026-04-26T09:52:33.559+0000] {processor.py:914} INFO - Processing file /opt/airflow/dags/kafka_load.py for tasks to queue
[2026-04-26T09:52:33.562+0000] {logging_mixin.py:190} INFO - [2026-04-26T09:52:33.562+0000] {dagbag.py:588} INFO - Filling up the DagBag from /opt/airflow/dags/kafka_load.py
[2026-04-26T09:52:33.604+0000] {processor.py:925} INFO - DAG(s) 'kafka_producer' retrieved from /opt/airflow/dags/kafka_load.py
[2026-04-26T09:52:33.634+0000] {logging_mixin.py:190} INFO - [2026-04-26T09:52:33.634+0000] {dag.py:3239} INFO - Sync 1 DAGs
[2026-04-26T09:52:33.672+0000] {logging_mixin.py:190} INFO - [2026-04-26T09:52:33.672+0000] {dag.py:4180} INFO - Setting next_dagrun for kafka_producer to 2026-04-25 18:30:00+00:00, run_after=2026-04-26 18:30:00+00:00
[2026-04-26T09:52:33.704+0000] {processor.py:208} INFO - Processing /opt/airflow/dags/kafka_load.py took 0.156 seconds
[2026-04-26T09:53:04.340+0000] {processor.py:186} INFO - Started process (PID=349) to work on /opt/airflow/dags/kafka_load.py
[2026-04-26T09:53:04.342+0000] {processor.py:914} INFO - Processing file /opt/airflow/dags/kafka_load.py for tasks to queue
[2026-04-26T09:53:04.345+0000] {logging_mixin.py:190} INFO - [2026-04-26T09:53:04.345+0000] {dagbag.py:588} INFO - Filling up the DagBag from /opt/airflow/dags/kafka_load.py
[2026-04-26T09:53:04.384+0000] {processor.py:925} INFO - DAG(s) 'kafka_producer' retrieved from /opt/airflow/dags/kafka_load.py
[2026-04-26T09:53:04.412+0000] {logging_mixin.py:190} INFO - [2026-04-26T09:53:04.412+0000] {dag.py:3239} INFO - Sync 1 DAGs
[2026-04-26T09:53:04.450+0000] {logging_mixin.py:190} INFO - [2026-04-26T09:53:04.450+0000] {dag.py:4180} INFO - Setting next_dagrun for kafka_producer to 2026-04-25 18:30:00+00:00, run_after=2026-04-26 18:30:00+00:00
[2026-04-26T09:53:04.477+0000] {processor.py:208} INFO - Processing /opt/airflow/dags/kafka_load.py took 0.147 seconds
[2026-04-26T09:53:35.049+0000] {processor.py:186} INFO - Started process (PID=352) to work on /opt/airflow/dags/kafka_load.py
[2026-04-26T09:53:35.051+0000] {processor.py:914} INFO - Processing file /opt/airflow/dags/kafka_load.py for tasks to queue
[2026-04-26T09:53:35.055+0000] {logging_mixin.py:190} INFO - [2026-04-26T09:53:35.054+0000] {dagbag.py:588} INFO - Filling up the DagBag from /opt/airflow/dags/kafka_load.py
[2026-04-26T09:53:35.091+0000] {processor.py:925} INFO - DAG(s) 'kafka_producer' retrieved from /opt/airflow/dags/kafka_load.py
[2026-04-26T09:53:35.120+0000] {logging_mixin.py:190} INFO - [2026-04-26T09:53:35.120+0000] {dag.py:3239} INFO - Sync 1 DAGs
[2026-04-26T09:53:35.152+0000] {logging_mixin.py:190} INFO - [2026-04-26T09:53:35.152+0000] {dag.py:4180} INFO - Setting next_dagrun for kafka_producer to 2026-04-25 18:30:00+00:00, run_after=2026-04-26 18:30:00+00:00
[2026-04-26T09:53:35.180+0000] {processor.py:208} INFO - Processing /opt/airflow/dags/kafka_load.py took 0.139 seconds
[2026-04-26T09:54:05.551+0000] {processor.py:186} INFO - Started process (PID=355) to work on /opt/airflow/dags/kafka_load.py
[2026-04-26T09:54:05.553+0000] {processor.py:914} INFO - Processing file /opt/airflow/dags/kafka_load.py for tasks to queue
[2026-04-26T09:54:05.556+0000] {logging_mixin.py:190} INFO - [2026-04-26T09:54:05.556+0000] {dagbag.py:588} INFO - Filling up the DagBag from /opt/airflow/dags/kafka_load.py
[2026-04-26T09:54:05.601+0000] {processor.py:925} INFO - DAG(s) 'kafka_producer' retrieved from /opt/airflow/dags/kafka_load.py
[2026-04-26T09:54:05.632+0000] {logging_mixin.py:190} INFO - [2026-04-26T09:54:05.631+0000] {dag.py:3239} INFO - Sync 1 DAGs
[2026-04-26T09:54:05.666+0000] {logging_mixin.py:190} INFO - [2026-04-26T09:54:05.666+0000] {dag.py:4180} INFO - Setting next_dagrun for kafka_producer to 2026-04-25 18:30:00+00:00, run_after=2026-04-26 18:30:00+00:00
[2026-04-26T09:54:05.695+0000] {processor.py:208} INFO - Processing /opt/airflow/dags/kafka_load.py took 0.153 seconds
[2026-04-26T09:54:36.184+0000] {processor.py:186} INFO - Started process (PID=358) to work on /opt/airflow/dags/kafka_load.py
[2026-04-26T09:54:36.188+0000] {processor.py:914} INFO - Processing file /opt/airflow/dags/kafka_load.py for tasks to queue
[2026-04-26T09:54:36.192+0000] {logging_mixin.py:190} INFO - [2026-04-26T09:54:36.192+0000] {dagbag.py:588} INFO - Filling up the DagBag from /opt/airflow/dags/kafka_load.py
[2026-04-26T09:54:36.227+0000] {processor.py:925} INFO - DAG(s) 'kafka_producer' retrieved from /opt/airflow/dags/kafka_load.py
[2026-04-26T09:54:36.259+0000] {logging_mixin.py:190} INFO - [2026-04-26T09:54:36.259+0000] {dag.py:3239} INFO - Sync 1 DAGs
[2026-04-26T09:54:36.322+0000] {logging_mixin.py:190} INFO - [2026-04-26T09:54:36.314+0000] {dag.py:4180} INFO - Setting next_dagrun for kafka_producer to 2026-04-25 18:30:00+00:00, run_after=2026-04-26 18:30:00+00:00
[2026-04-26T09:54:36.381+0000] {processor.py:208} INFO - Processing /opt/airflow/dags/kafka_load.py took 0.205 seconds
[2026-04-26T09:55:07.146+0000] {processor.py:186} INFO - Started process (PID=361) to work on /opt/airflow/dags/kafka_load.py
[2026-04-26T09:55:07.148+0000] {processor.py:914} INFO - Processing file /opt/airflow/dags/kafka_load.py for tasks to queue
[2026-04-26T09:55:07.151+0000] {logging_mixin.py:190} INFO - [2026-04-26T09:55:07.150+0000] {dagbag.py:588} INFO - Filling up the DagBag from /opt/airflow/dags/kafka_load.py
[2026-04-26T09:55:07.184+0000] {processor.py:925} INFO - DAG(s) 'kafka_producer' retrieved from /opt/airflow/dags/kafka_load.py
[2026-04-26T09:55:07.212+0000] {logging_mixin.py:190} INFO - [2026-04-26T09:55:07.212+0000] {dag.py:3239} INFO - Sync 1 DAGs
[2026-04-26T09:55:07.243+0000] {logging_mixin.py:190} INFO - [2026-04-26T09:55:07.242+0000] {dag.py:4180} INFO - Setting next_dagrun for kafka_producer to 2026-04-25 18:30:00+00:00, run_after=2026-04-26 18:30:00+00:00
[2026-04-26T09:55:07.273+0000] {processor.py:208} INFO - Processing /opt/airflow/dags/kafka_load.py took 0.135 seconds
[2026-04-26T09:55:37.640+0000] {processor.py:186} INFO - Started process (PID=364) to work on /opt/airflow/dags/kafka_load.py
[2026-04-26T09:55:37.642+0000] {processor.py:914} INFO - Processing file /opt/airflow/dags/kafka_load.py for tasks to queue
[2026-04-26T09:55:37.646+0000] {logging_mixin.py:190} INFO - [2026-04-26T09:55:37.645+0000] {dagbag.py:588} INFO - Filling up the DagBag from /opt/airflow/dags/kafka_load.py
[2026-04-26T09:55:37.684+0000] {processor.py:925} INFO - DAG(s) 'kafka_producer' retrieved from /opt/airflow/dags/kafka_load.py
[2026-04-26T09:55:37.712+0000] {logging_mixin.py:190} INFO - [2026-04-26T09:55:37.712+0000] {dag.py:3239} INFO - Sync 1 DAGs
[2026-04-26T09:55:37.745+0000] {logging_mixin.py:190} INFO - [2026-04-26T09:55:37.744+0000] {dag.py:4180} INFO - Setting next_dagrun for kafka_producer to 2026-04-25 18:30:00+00:00, run_after=2026-04-26 18:30:00+00:00
[2026-04-26T09:55:37.771+0000] {processor.py:208} INFO - Processing /opt/airflow/dags/kafka_load.py took 0.142 seconds
[2026-04-26T09:56:08.139+0000] {processor.py:186} INFO - Started process (PID=367) to work on /opt/airflow/dags/kafka_load.py
[2026-04-26T09:56:08.141+0000] {processor.py:914} INFO - Processing file /opt/airflow/dags/kafka_load.py for tasks to queue
[2026-04-26T09:56:08.145+0000] {logging_mixin.py:190} INFO - [2026-04-26T09:56:08.144+0000] {dagbag.py:588} INFO - Filling up the DagBag from /opt/airflow/dags/kafka_load.py
[2026-04-26T09:56:08.190+0000] {processor.py:925} INFO - DAG(s) 'kafka_producer' retrieved from /opt/airflow/dags/kafka_load.py
[2026-04-26T09:56:08.217+0000] {logging_mixin.py:190} INFO - [2026-04-26T09:56:08.216+0000] {dag.py:3239} INFO - Sync 1 DAGs
[2026-04-26T09:56:08.251+0000] {logging_mixin.py:190} INFO - [2026-04-26T09:56:08.251+0000] {dag.py:4180} INFO - Setting next_dagrun for kafka_producer to 2026-04-25 18:30:00+00:00, run_after=2026-04-26 18:30:00+00:00
[2026-04-26T09:56:08.282+0000] {processor.py:208} INFO - Processing /opt/airflow/dags/kafka_load.py took 0.152 seconds
[2026-04-26T09:56:38.730+0000] {processor.py:186} INFO - Started process (PID=370) to work on /opt/airflow/dags/kafka_load.py
[2026-04-26T09:56:38.732+0000] {processor.py:914} INFO - Processing file /opt/airflow/dags/kafka_load.py for tasks to queue
[2026-04-26T09:56:38.736+0000] {logging_mixin.py:190} INFO - [2026-04-26T09:56:38.736+0000] {dagbag.py:588} INFO - Filling up the DagBag from /opt/airflow/dags/kafka_load.py
[2026-04-26T09:56:38.776+0000] {processor.py:925} INFO - DAG(s) 'kafka_producer' retrieved from /opt/airflow/dags/kafka_load.py
[2026-04-26T09:56:38.808+0000] {logging_mixin.py:190} INFO - [2026-04-26T09:56:38.808+0000] {dag.py:3239} INFO - Sync 1 DAGs
[2026-04-26T09:56:38.843+0000] {logging_mixin.py:190} INFO - [2026-04-26T09:56:38.843+0000] {dag.py:4180} INFO - Setting next_dagrun for kafka_producer to 2026-04-25 18:30:00+00:00, run_after=2026-04-26 18:30:00+00:00
[2026-04-26T09:56:38.869+0000] {processor.py:208} INFO - Processing /opt/airflow/dags/kafka_load.py took 0.151 seconds
[2026-04-26T09:57:09.320+0000] {processor.py:186} INFO - Started process (PID=373) to work on /opt/airflow/dags/kafka_load.py
[2026-04-26T09:57:09.325+0000] {processor.py:914} INFO - Processing file /opt/airflow/dags/kafka_load.py for tasks to queue
[2026-04-26T09:57:09.330+0000] {logging_mixin.py:190} INFO - [2026-04-26T09:57:09.329+0000] {dagbag.py:588} INFO - Filling up the DagBag from /opt/airflow/dags/kafka_load.py
[2026-04-26T09:57:09.391+0000] {processor.py:925} INFO - DAG(s) 'kafka_producer' retrieved from /opt/airflow/dags/kafka_load.py
[2026-04-26T09:57:09.430+0000] {logging_mixin.py:190} INFO - [2026-04-26T09:57:09.430+0000] {dag.py:3239} INFO - Sync 1 DAGs
[2026-04-26T09:57:09.467+0000] {logging_mixin.py:190} INFO - [2026-04-26T09:57:09.467+0000] {dag.py:4180} INFO - Setting next_dagrun for kafka_producer to 2026-04-25 18:30:00+00:00, run_after=2026-04-26 18:30:00+00:00
[2026-04-26T09:57:09.511+0000] {processor.py:208} INFO - Processing /opt/airflow/dags/kafka_load.py took 0.210 seconds
[2026-04-26T09:57:39.927+0000] {processor.py:186} INFO - Started process (PID=376) to work on /opt/airflow/dags/kafka_load.py
[2026-04-26T09:57:39.928+0000] {processor.py:914} INFO - Processing file /opt/airflow/dags/kafka_load.py for tasks to queue
[2026-04-26T09:57:39.931+0000] {logging_mixin.py:190} INFO - [2026-04-26T09:57:39.931+0000] {dagbag.py:588} INFO - Filling up the DagBag from /opt/airflow/dags/kafka_load.py
[2026-04-26T09:57:39.966+0000] {processor.py:925} INFO - DAG(s) 'kafka_producer' retrieved from /opt/airflow/dags/kafka_load.py
[2026-04-26T09:57:39.992+0000] {logging_mixin.py:190} INFO - [2026-04-26T09:57:39.992+0000] {dag.py:3239} INFO - Sync 1 DAGs
[2026-04-26T09:57:40.025+0000] {logging_mixin.py:190} INFO - [2026-04-26T09:57:40.024+0000] {dag.py:4180} INFO - Setting next_dagrun for kafka_producer to 2026-04-25 18:30:00+00:00, run_after=2026-04-26 18:30:00+00:00
[2026-04-26T09:57:40.052+0000] {processor.py:208} INFO - Processing /opt/airflow/dags/kafka_load.py took 0.138 seconds
[2026-04-26T09:58:10.510+0000] {processor.py:186} INFO - Started process (PID=379) to work on /opt/airflow/dags/kafka_load.py
[2026-04-26T09:58:10.512+0000] {processor.py:914} INFO - Processing file /opt/airflow/dags/kafka_load.py for tasks to queue
[2026-04-26T09:58:10.515+0000] {logging_mixin.py:190} INFO - [2026-04-26T09:58:10.515+0000] {dagbag.py:588} INFO - Filling up the DagBag from /opt/airflow/dags/kafka_load.py
[2026-04-26T09:58:10.549+0000] {processor.py:925} INFO - DAG(s) 'kafka_producer' retrieved from /opt/airflow/dags/kafka_load.py
[2026-04-26T09:58:10.578+0000] {logging_mixin.py:190} INFO - [2026-04-26T09:58:10.578+0000] {dag.py:3239} INFO - Sync 1 DAGs
[2026-04-26T09:58:10.613+0000] {logging_mixin.py:190} INFO - [2026-04-26T09:58:10.613+0000] {dag.py:4180} INFO - Setting next_dagrun for kafka_producer to 2026-04-25 18:30:00+00:00, run_after=2026-04-26 18:30:00+00:00
[2026-04-26T09:58:10.634+0000] {processor.py:208} INFO - Processing /opt/airflow/dags/kafka_load.py took 0.132 seconds
[2026-04-26T09:58:41.052+0000] {processor.py:186} INFO - Started process (PID=382) to work on /opt/airflow/dags/kafka_load.py
[2026-04-26T09:58:41.054+0000] {processor.py:914} INFO - Processing file /opt/airflow/dags/kafka_load.py for tasks to queue
[2026-04-26T09:58:41.059+0000] {logging_mixin.py:190} INFO - [2026-04-26T09:58:41.059+0000] {dagbag.py:588} INFO - Filling up the DagBag from /opt/airflow/dags/kafka_load.py
[2026-04-26T09:58:41.098+0000] {processor.py:925} INFO - DAG(s) 'kafka_producer' retrieved from /opt/airflow/dags/kafka_load.py
[2026-04-26T09:58:41.126+0000] {logging_mixin.py:190} INFO - [2026-04-26T09:58:41.126+0000] {dag.py:3239} INFO - Sync 1 DAGs
[2026-04-26T09:58:41.156+0000] {logging_mixin.py:190} INFO - [2026-04-26T09:58:41.156+0000] {dag.py:4180} INFO - Setting next_dagrun for kafka_producer to 2026-04-25 18:30:00+00:00, run_after=2026-04-26 18:30:00+00:00
[2026-04-26T09:58:41.182+0000] {processor.py:208} INFO - Processing /opt/airflow/dags/kafka_load.py took 0.140 seconds
[2026-04-26T09:59:11.931+0000] {processor.py:186} INFO - Started process (PID=385) to work on /opt/airflow/dags/kafka_load.py
[2026-04-26T09:59:11.933+0000] {processor.py:914} INFO - Processing file /opt/airflow/dags/kafka_load.py for tasks to queue
[2026-04-26T09:59:11.937+0000] {logging_mixin.py:190} INFO - [2026-04-26T09:59:11.936+0000] {dagbag.py:588} INFO - Filling up the DagBag from /opt/airflow/dags/kafka_load.py
[2026-04-26T09:59:11.974+0000] {processor.py:925} INFO - DAG(s) 'kafka_producer' retrieved from /opt/airflow/dags/kafka_load.py
[2026-04-26T09:59:11.999+0000] {logging_mixin.py:190} INFO - [2026-04-26T09:59:11.999+0000] {dag.py:3239} INFO - Sync 1 DAGs
[2026-04-26T09:59:12.033+0000] {logging_mixin.py:190} INFO - [2026-04-26T09:59:12.033+0000] {dag.py:4180} INFO - Setting next_dagrun for kafka_producer to 2026-04-25 18:30:00+00:00, run_after=2026-04-26 18:30:00+00:00
[2026-04-26T09:59:12.057+0000] {processor.py:208} INFO - Processing /opt/airflow/dags/kafka_load.py took 0.140 seconds
[2026-04-26T09:59:42.624+0000] {processor.py:186} INFO - Started process (PID=388) to work on /opt/airflow/dags/kafka_load.py
[2026-04-26T09:59:42.626+0000] {processor.py:914} INFO - Processing file /opt/airflow/dags/kafka_load.py for tasks to queue
[2026-04-26T09:59:42.630+0000] {logging_mixin.py:190} INFO - [2026-04-26T09:59:42.629+0000] {dagbag.py:588} INFO - Filling up the DagBag from /opt/airflow/dags/kafka_load.py
[2026-04-26T09:59:42.663+0000] {processor.py:925} INFO - DAG(s) 'kafka_producer' retrieved from /opt/airflow/dags/kafka_load.py
[2026-04-26T09:59:42.692+0000] {logging_mixin.py:190} INFO - [2026-04-26T09:59:42.691+0000] {dag.py:3239} INFO - Sync 1 DAGs
[2026-04-26T09:59:42.728+0000] {logging_mixin.py:190} INFO - [2026-04-26T09:59:42.728+0000] {dag.py:4180} INFO - Setting next_dagrun for kafka_producer to 2026-04-25 18:30:00+00:00, run_after=2026-04-26 18:30:00+00:00
[2026-04-26T09:59:42.755+0000] {processor.py:208} INFO - Processing /opt/airflow/dags/kafka_load.py took 0.139 seconds
[2026-04-26T10:00:13.040+0000] {processor.py:186} INFO - Started process (PID=391) to work on /opt/airflow/dags/kafka_load.py
[2026-04-26T10:00:13.043+0000] {processor.py:914} INFO - Processing file /opt/airflow/dags/kafka_load.py for tasks to queue
[2026-04-26T10:00:13.047+0000] {logging_mixin.py:190} INFO - [2026-04-26T10:00:13.047+0000] {dagbag.py:588} INFO - Filling up the DagBag from /opt/airflow/dags/kafka_load.py
[2026-04-26T10:00:13.089+0000] {processor.py:925} INFO - DAG(s) 'kafka_producer' retrieved from /opt/airflow/dags/kafka_load.py
[2026-04-26T10:00:13.119+0000] {logging_mixin.py:190} INFO - [2026-04-26T10:00:13.119+0000] {dag.py:3239} INFO - Sync 1 DAGs
[2026-04-26T10:00:13.151+0000] {logging_mixin.py:190} INFO - [2026-04-26T10:00:13.151+0000] {dag.py:4180} INFO - Setting next_dagrun for kafka_producer to 2026-04-25 18:30:00+00:00, run_after=2026-04-26 18:30:00+00:00
[2026-04-26T10:00:13.188+0000] {processor.py:208} INFO - Processing /opt/airflow/dags/kafka_load.py took 0.165 seconds
[2026-04-26T10:00:43.905+0000] {processor.py:186} INFO - Started process (PID=394) to work on /opt/airflow/dags/kafka_load.py
[2026-04-26T10:00:43.907+0000] {processor.py:914} INFO - Processing file /opt/airflow/dags/kafka_load.py for tasks to queue
[2026-04-26T10:00:43.920+0000] {logging_mixin.py:190} INFO - [2026-04-26T10:00:43.913+0000] {dagbag.py:588} INFO - Filling up the DagBag from /opt/airflow/dags/kafka_load.py
[2026-04-26T10:00:43.986+0000] {processor.py:925} INFO - DAG(s) 'kafka_producer' retrieved from /opt/airflow/dags/kafka_load.py
[2026-04-26T10:00:44.057+0000] {logging_mixin.py:190} INFO - [2026-04-26T10:00:44.056+0000] {dag.py:3239} INFO - Sync 1 DAGs
[2026-04-26T10:00:44.137+0000] {logging_mixin.py:190} INFO - [2026-04-26T10:00:44.137+0000] {dag.py:4180} INFO - Setting next_dagrun for kafka_producer to 2026-04-25 18:30:00+00:00, run_after=2026-04-26 18:30:00+00:00
[2026-04-26T10:00:44.267+0000] {processor.py:208} INFO - Processing /opt/airflow/dags/kafka_load.py took 0.382 seconds
[2026-04-26T10:01:14.380+0000] {processor.py:186} INFO - Started process (PID=397) to work on /opt/airflow/dags/kafka_load.py
[2026-04-26T10:01:14.382+0000] {processor.py:914} INFO - Processing file /opt/airflow/dags/kafka_load.py for tasks to queue
[2026-04-26T10:01:14.386+0000] {logging_mixin.py:190} INFO - [2026-04-26T10:01:14.386+0000] {dagbag.py:588} INFO - Filling up the DagBag from /opt/airflow/dags/kafka_load.py
[2026-04-26T10:01:14.419+0000] {processor.py:925} INFO - DAG(s) 'kafka_producer' retrieved from /opt/airflow/dags/kafka_load.py
[2026-04-26T10:01:14.447+0000] {logging_mixin.py:190} INFO - [2026-04-26T10:01:14.447+0000] {dag.py:3239} INFO - Sync 1 DAGs
[2026-04-26T10:01:14.480+0000] {logging_mixin.py:190} INFO - [2026-04-26T10:01:14.479+0000] {dag.py:4180} INFO - Setting next_dagrun for kafka_producer to 2026-04-25 18:30:00+00:00, run_after=2026-04-26 18:30:00+00:00
[2026-04-26T10:01:14.514+0000] {processor.py:208} INFO - Processing /opt/airflow/dags/kafka_load.py took 0.144 seconds
[2026-04-26T10:01:44.611+0000] {processor.py:186} INFO - Started process (PID=399) to work on /opt/airflow/dags/kafka_load.py
[2026-04-26T10:01:44.624+0000] {processor.py:914} INFO - Processing file /opt/airflow/dags/kafka_load.py for tasks to queue
[2026-04-26T10:01:44.627+0000] {logging_mixin.py:190} INFO - [2026-04-26T10:01:44.627+0000] {dagbag.py:588} INFO - Filling up the DagBag from /opt/airflow/dags/kafka_load.py
[2026-04-26T10:01:44.689+0000] {processor.py:925} INFO - DAG(s) 'kafka_producer' retrieved from /opt/airflow/dags/kafka_load.py
[2026-04-26T10:01:44.738+0000] {logging_mixin.py:190} INFO - [2026-04-26T10:01:44.738+0000] {dag.py:3239} INFO - Sync 1 DAGs
[2026-04-26T10:01:45.296+0000] {logging_mixin.py:190} INFO - [2026-04-26T10:01:45.295+0000] {dag.py:4180} INFO - Setting next_dagrun for kafka_producer to 2026-04-25 18:30:00+00:00, run_after=2026-04-26 18:30:00+00:00
[2026-04-26T10:01:45.345+0000] {processor.py:208} INFO - Processing /opt/airflow/dags/kafka_load.py took 0.746 seconds
[2026-04-26T10:02:16.061+0000] {processor.py:186} INFO - Started process (PID=403) to work on /opt/airflow/dags/kafka_load.py
[2026-04-26T10:02:16.065+0000] {processor.py:914} INFO - Processing file /opt/airflow/dags/kafka_load.py for tasks to queue
[2026-04-26T10:02:16.081+0000] {logging_mixin.py:190} INFO - [2026-04-26T10:02:16.080+0000] {dagbag.py:588} INFO - Filling up the DagBag from /opt/airflow/dags/kafka_load.py
[2026-04-26T10:02:16.209+0000] {processor.py:925} INFO - DAG(s) 'kafka_producer' retrieved from /opt/airflow/dags/kafka_load.py
[2026-04-26T10:02:16.256+0000] {logging_mixin.py:190} INFO - [2026-04-26T10:02:16.256+0000] {dag.py:3239} INFO - Sync 1 DAGs
[2026-04-26T10:02:16.323+0000] {logging_mixin.py:190} INFO - [2026-04-26T10:02:16.323+0000] {dag.py:4180} INFO - Setting next_dagrun for kafka_producer to 2026-04-25 18:30:00+00:00, run_after=2026-04-26 18:30:00+00:00
[2026-04-26T10:02:16.408+0000] {processor.py:208} INFO - Processing /opt/airflow/dags/kafka_load.py took 0.366 seconds
[2026-04-26T10:02:46.500+0000] {processor.py:186} INFO - Started process (PID=406) to work on /opt/airflow/dags/kafka_load.py
[2026-04-26T10:02:46.503+0000] {processor.py:914} INFO - Processing file /opt/airflow/dags/kafka_load.py for tasks to queue
[2026-04-26T10:02:46.507+0000] {logging_mixin.py:190} INFO - [2026-04-26T10:02:46.506+0000] {dagbag.py:588} INFO - Filling up the DagBag from /opt/airflow/dags/kafka_load.py
[2026-04-26T10:02:46.554+0000] {processor.py:925} INFO - DAG(s) 'kafka_producer' retrieved from /opt/airflow/dags/kafka_load.py
[2026-04-26T10:02:46.590+0000] {logging_mixin.py:190} INFO - [2026-04-26T10:02:46.589+0000] {dag.py:3239} INFO - Sync 1 DAGs
[2026-04-26T10:02:46.624+0000] {logging_mixin.py:190} INFO - [2026-04-26T10:02:46.624+0000] {dag.py:4180} INFO - Setting next_dagrun for kafka_producer to 2026-04-25 18:30:00+00:00, run_after=2026-04-26 18:30:00+00:00
[2026-04-26T10:02:46.651+0000] {processor.py:208} INFO - Processing /opt/airflow/dags/kafka_load.py took 0.163 seconds
[2026-04-26T10:03:17.139+0000] {processor.py:186} INFO - Started process (PID=409) to work on /opt/airflow/dags/kafka_load.py
[2026-04-26T10:03:17.141+0000] {processor.py:914} INFO - Processing file /opt/airflow/dags/kafka_load.py for tasks to queue
[2026-04-26T10:03:17.145+0000] {logging_mixin.py:190} INFO - [2026-04-26T10:03:17.144+0000] {dagbag.py:588} INFO - Filling up the DagBag from /opt/airflow/dags/kafka_load.py
[2026-04-26T10:03:17.189+0000] {processor.py:925} INFO - DAG(s) 'kafka_producer' retrieved from /opt/airflow/dags/kafka_load.py
[2026-04-26T10:03:17.226+0000] {logging_mixin.py:190} INFO - [2026-04-26T10:03:17.226+0000] {dag.py:3239} INFO - Sync 1 DAGs
[2026-04-26T10:03:17.258+0000] {logging_mixin.py:190} INFO - [2026-04-26T10:03:17.258+0000] {dag.py:4180} INFO - Setting next_dagrun for kafka_producer to 2026-04-25 18:30:00+00:00, run_after=2026-04-26 18:30:00+00:00
[2026-04-26T10:03:17.289+0000] {processor.py:208} INFO - Processing /opt/airflow/dags/kafka_load.py took 0.159 seconds
[2026-04-26T10:03:47.816+0000] {processor.py:186} INFO - Started process (PID=412) to work on /opt/airflow/dags/kafka_load.py
[2026-04-26T10:03:47.818+0000] {processor.py:914} INFO - Processing file /opt/airflow/dags/kafka_load.py for tasks to queue
[2026-04-26T10:03:47.821+0000] {logging_mixin.py:190} INFO - [2026-04-26T10:03:47.820+0000] {dagbag.py:588} INFO - Filling up the DagBag from /opt/airflow/dags/kafka_load.py
[2026-04-26T10:03:47.851+0000] {processor.py:925} INFO - DAG(s) 'kafka_producer' retrieved from /opt/airflow/dags/kafka_load.py
[2026-04-26T10:03:47.881+0000] {logging_mixin.py:190} INFO - [2026-04-26T10:03:47.881+0000] {dag.py:3239} INFO - Sync 1 DAGs
[2026-04-26T10:03:47.915+0000] {logging_mixin.py:190} INFO - [2026-04-26T10:03:47.915+0000] {dag.py:4180} INFO - Setting next_dagrun for kafka_producer to 2026-04-25 18:30:00+00:00, run_after=2026-04-26 18:30:00+00:00
[2026-04-26T10:03:47.941+0000] {processor.py:208} INFO - Processing /opt/airflow/dags/kafka_load.py took 0.133 seconds
[2026-04-26T10:04:18.415+0000] {processor.py:186} INFO - Started process (PID=415) to work on /opt/airflow/dags/kafka_load.py
[2026-04-26T10:04:18.417+0000] {processor.py:914} INFO - Processing file /opt/airflow/dags/kafka_load.py for tasks to queue
[2026-04-26T10:04:18.420+0000] {logging_mixin.py:190} INFO - [2026-04-26T10:04:18.420+0000] {dagbag.py:588} INFO - Filling up the DagBag from /opt/airflow/dags/kafka_load.py
[2026-04-26T10:04:18.459+0000] {processor.py:925} INFO - DAG(s) 'kafka_producer' retrieved from /opt/airflow/dags/kafka_load.py
[2026-04-26T10:04:18.491+0000] {logging_mixin.py:190} INFO - [2026-04-26T10:04:18.491+0000] {dag.py:3239} INFO - Sync 1 DAGs
[2026-04-26T10:04:18.751+0000] {logging_mixin.py:190} INFO - [2026-04-26T10:04:18.751+0000] {dag.py:4180} INFO - Setting next_dagrun for kafka_producer to 2026-04-25 18:30:00+00:00, run_after=2026-04-26 18:30:00+00:00
[2026-04-26T10:04:18.777+0000] {processor.py:208} INFO - Processing /opt/airflow/dags/kafka_load.py took 0.371 seconds
[2026-04-26T10:04:49.228+0000] {processor.py:186} INFO - Started process (PID=418) to work on /opt/airflow/dags/kafka_load.py
[2026-04-26T10:04:49.230+0000] {processor.py:914} INFO - Processing file /opt/airflow/dags/kafka_load.py for tasks to queue
[2026-04-26T10:04:49.238+0000] {logging_mixin.py:190} INFO - [2026-04-26T10:04:49.237+0000] {dagbag.py:588} INFO - Filling up the DagBag from /opt/airflow/dags/kafka_load.py
[2026-04-26T10:04:49.400+0000] {processor.py:925} INFO - DAG(s) 'kafka_producer' retrieved from /opt/airflow/dags/kafka_load.py
[2026-04-26T10:04:49.429+0000] {logging_mixin.py:190} INFO - [2026-04-26T10:04:49.428+0000] {dag.py:3239} INFO - Sync 1 DAGs
[2026-04-26T10:04:49.459+0000] {logging_mixin.py:190} INFO - [2026-04-26T10:04:49.459+0000] {dag.py:4180} INFO - Setting next_dagrun for kafka_producer to 2026-04-25 18:30:00+00:00, run_after=2026-04-26 18:30:00+00:00
[2026-04-26T10:04:49.494+0000] {processor.py:208} INFO - Processing /opt/airflow/dags/kafka_load.py took 0.277 seconds
[2026-04-26T10:05:19.629+0000] {processor.py:186} INFO - Started process (PID=421) to work on /opt/airflow/dags/kafka_load.py
[2026-04-26T10:05:19.631+0000] {processor.py:914} INFO - Processing file /opt/airflow/dags/kafka_load.py for tasks to queue
[2026-04-26T10:05:19.634+0000] {logging_mixin.py:190} INFO - [2026-04-26T10:05:19.634+0000] {dagbag.py:588} INFO - Filling up the DagBag from /opt/airflow/dags/kafka_load.py
[2026-04-26T10:05:19.670+0000] {processor.py:925} INFO - DAG(s) 'kafka_producer' retrieved from /opt/airflow/dags/kafka_load.py
[2026-04-26T10:05:19.700+0000] {logging_mixin.py:190} INFO - [2026-04-26T10:05:19.699+0000] {dag.py:3239} INFO - Sync 1 DAGs
[2026-04-26T10:05:19.740+0000] {logging_mixin.py:190} INFO - [2026-04-26T10:05:19.740+0000] {dag.py:4180} INFO - Setting next_dagrun for kafka_producer to 2026-04-25 18:30:00+00:00, run_after=2026-04-26 18:30:00+00:00
[2026-04-26T10:05:19.791+0000] {processor.py:208} INFO - Processing /opt/airflow/dags/kafka_load.py took 0.170 seconds
[2026-04-26T10:05:50.243+0000] {processor.py:186} INFO - Started process (PID=424) to work on /opt/airflow/dags/kafka_load.py
[2026-04-26T10:05:50.244+0000] {processor.py:914} INFO - Processing file /opt/airflow/dags/kafka_load.py for tasks to queue
[2026-04-26T10:05:50.247+0000] {logging_mixin.py:190} INFO - [2026-04-26T10:05:50.247+0000] {dagbag.py:588} INFO - Filling up the DagBag from /opt/airflow/dags/kafka_load.py
[2026-04-26T10:05:50.281+0000] {processor.py:925} INFO - DAG(s) 'kafka_producer' retrieved from /opt/airflow/dags/kafka_load.py
[2026-04-26T10:05:50.313+0000] {logging_mixin.py:190} INFO - [2026-04-26T10:05:50.312+0000] {dag.py:3239} INFO - Sync 1 DAGs
[2026-04-26T10:05:50.344+0000] {logging_mixin.py:190} INFO - [2026-04-26T10:05:50.343+0000] {dag.py:4180} INFO - Setting next_dagrun for kafka_producer to 2026-04-25 18:30:00+00:00, run_after=2026-04-26 18:30:00+00:00
[2026-04-26T10:05:50.370+0000] {processor.py:208} INFO - Processing /opt/airflow/dags/kafka_load.py took 0.137 seconds
[2026-04-26T10:06:20.738+0000] {processor.py:186} INFO - Started process (PID=427) to work on /opt/airflow/dags/kafka_load.py
[2026-04-26T10:06:20.739+0000] {processor.py:914} INFO - Processing file /opt/airflow/dags/kafka_load.py for tasks to queue
[2026-04-26T10:06:20.743+0000] {logging_mixin.py:190} INFO - [2026-04-26T10:06:20.742+0000] {dagbag.py:588} INFO - Filling up the DagBag from /opt/airflow/dags/kafka_load.py
[2026-04-26T10:06:20.784+0000] {processor.py:925} INFO - DAG(s) 'kafka_producer' retrieved from /opt/airflow/dags/kafka_load.py
[2026-04-26T10:06:20.822+0000] {logging_mixin.py:190} INFO - [2026-04-26T10:06:20.822+0000] {dag.py:3239} INFO - Sync 1 DAGs
[2026-04-26T10:06:20.861+0000] {logging_mixin.py:190} INFO - [2026-04-26T10:06:20.861+0000] {dag.py:4180} INFO - Setting next_dagrun for kafka_producer to 2026-04-25 18:30:00+00:00, run_after=2026-04-26 18:30:00+00:00
[2026-04-26T10:06:23.481+0000] {processor.py:208} INFO - Processing /opt/airflow/dags/kafka_load.py took 2.757 seconds
[2026-04-26T10:06:53.545+0000] {processor.py:186} INFO - Started process (PID=430) to work on /opt/airflow/dags/kafka_load.py
[2026-04-26T10:06:53.546+0000] {processor.py:914} INFO - Processing file /opt/airflow/dags/kafka_load.py for tasks to queue
[2026-04-26T10:06:53.550+0000] {logging_mixin.py:190} INFO - [2026-04-26T10:06:53.550+0000] {dagbag.py:588} INFO - Filling up the DagBag from /opt/airflow/dags/kafka_load.py
[2026-04-26T10:06:53.586+0000] {processor.py:925} INFO - DAG(s) 'kafka_producer' retrieved from /opt/airflow/dags/kafka_load.py
[2026-04-26T10:06:53.623+0000] {logging_mixin.py:190} INFO - [2026-04-26T10:06:53.623+0000] {dag.py:3239} INFO - Sync 1 DAGs
[2026-04-26T10:06:53.913+0000] {logging_mixin.py:190} INFO - [2026-04-26T10:06:53.913+0000] {dag.py:4180} INFO - Setting next_dagrun for kafka_producer to 2026-04-25 18:30:00+00:00, run_after=2026-04-26 18:30:00+00:00
[2026-04-26T10:06:53.951+0000] {processor.py:208} INFO - Processing /opt/airflow/dags/kafka_load.py took 0.415 seconds
[2026-04-26T10:07:24.151+0000] {processor.py:186} INFO - Started process (PID=433) to work on /opt/airflow/dags/kafka_load.py
[2026-04-26T10:07:24.153+0000] {processor.py:914} INFO - Processing file /opt/airflow/dags/kafka_load.py for tasks to queue
[2026-04-26T10:07:24.157+0000] {logging_mixin.py:190} INFO - [2026-04-26T10:07:24.157+0000] {dagbag.py:588} INFO - Filling up the DagBag from /opt/airflow/dags/kafka_load.py
[2026-04-26T10:07:24.205+0000] {processor.py:925} INFO - DAG(s) 'kafka_producer' retrieved from /opt/airflow/dags/kafka_load.py
[2026-04-26T10:07:24.238+0000] {logging_mixin.py:190} INFO - [2026-04-26T10:07:24.238+0000] {dag.py:3239} INFO - Sync 1 DAGs
[2026-04-26T10:07:24.275+0000] {logging_mixin.py:190} INFO - [2026-04-26T10:07:24.275+0000] {dag.py:4180} INFO - Setting next_dagrun for kafka_producer to 2026-04-25 18:30:00+00:00, run_after=2026-04-26 18:30:00+00:00
[2026-04-26T10:07:24.310+0000] {processor.py:208} INFO - Processing /opt/airflow/dags/kafka_load.py took 0.168 seconds
[2026-04-26T10:07:54.802+0000] {processor.py:186} INFO - Started process (PID=436) to work on /opt/airflow/dags/kafka_load.py
[2026-04-26T10:07:54.804+0000] {processor.py:914} INFO - Processing file /opt/airflow/dags/kafka_load.py for tasks to queue
[2026-04-26T10:07:54.812+0000] {logging_mixin.py:190} INFO - [2026-04-26T10:07:54.811+0000] {dagbag.py:588} INFO - Filling up the DagBag from /opt/airflow/dags/kafka_load.py
[2026-04-26T10:07:54.841+0000] {processor.py:925} INFO - DAG(s) 'kafka_producer' retrieved from /opt/airflow/dags/kafka_load.py
[2026-04-26T10:07:54.866+0000] {logging_mixin.py:190} INFO - [2026-04-26T10:07:54.865+0000] {dag.py:3239} INFO - Sync 1 DAGs
[2026-04-26T10:07:54.895+0000] {logging_mixin.py:190} INFO - [2026-04-26T10:07:54.895+0000] {dag.py:4180} INFO - Setting next_dagrun for kafka_producer to 2026-04-25 18:30:00+00:00, run_after=2026-04-26 18:30:00+00:00
[2026-04-26T10:07:54.919+0000] {processor.py:208} INFO - Processing /opt/airflow/dags/kafka_load.py took 0.124 seconds
[2026-04-26T10:08:25.489+0000] {processor.py:186} INFO - Started process (PID=439) to work on /opt/airflow/dags/kafka_load.py
[2026-04-26T10:08:25.496+0000] {processor.py:914} INFO - Processing file /opt/airflow/dags/kafka_load.py for tasks to queue
[2026-04-26T10:08:25.503+0000] {logging_mixin.py:190} INFO - [2026-04-26T10:08:25.502+0000] {dagbag.py:588} INFO - Filling up the DagBag from /opt/airflow/dags/kafka_load.py
[2026-04-26T10:08:25.551+0000] {processor.py:925} INFO - DAG(s) 'kafka_producer' retrieved from /opt/airflow/dags/kafka_load.py
[2026-04-26T10:08:25.582+0000] {logging_mixin.py:190} INFO - [2026-04-26T10:08:25.581+0000] {dag.py:3239} INFO - Sync 1 DAGs
[2026-04-26T10:08:25.625+0000] {logging_mixin.py:190} INFO - [2026-04-26T10:08:25.625+0000] {dag.py:4180} INFO - Setting next_dagrun for kafka_producer to 2026-04-25 18:30:00+00:00, run_after=2026-04-26 18:30:00+00:00
[2026-04-26T10:08:25.659+0000] {processor.py:208} INFO - Processing /opt/airflow/dags/kafka_load.py took 0.180 seconds
[2026-04-26T10:08:56.132+0000] {processor.py:186} INFO - Started process (PID=442) to work on /opt/airflow/dags/kafka_load.py
[2026-04-26T10:08:56.133+0000] {processor.py:914} INFO - Processing file /opt/airflow/dags/kafka_load.py for tasks to queue
[2026-04-26T10:08:56.137+0000] {logging_mixin.py:190} INFO - [2026-04-26T10:08:56.136+0000] {dagbag.py:588} INFO - Filling up the DagBag from /opt/airflow/dags/kafka_load.py
[2026-04-26T10:08:56.176+0000] {processor.py:925} INFO - DAG(s) 'kafka_producer' retrieved from /opt/airflow/dags/kafka_load.py
[2026-04-26T10:08:56.208+0000] {logging_mixin.py:190} INFO - [2026-04-26T10:08:56.207+0000] {dag.py:3239} INFO - Sync 1 DAGs
[2026-04-26T10:08:56.241+0000] {logging_mixin.py:190} INFO - [2026-04-26T10:08:56.241+0000] {dag.py:4180} INFO - Setting next_dagrun for kafka_producer to 2026-04-25 18:30:00+00:00, run_after=2026-04-26 18:30:00+00:00
[2026-04-26T10:08:56.595+0000] {processor.py:208} INFO - Processing /opt/airflow/dags/kafka_load.py took 0.473 seconds
[2026-04-26T10:09:27.024+0000] {processor.py:186} INFO - Started process (PID=445) to work on /opt/airflow/dags/kafka_load.py
[2026-04-26T10:09:27.026+0000] {processor.py:914} INFO - Processing file /opt/airflow/dags/kafka_load.py for tasks to queue
[2026-04-26T10:09:27.029+0000] {logging_mixin.py:190} INFO - [2026-04-26T10:09:27.029+0000] {dagbag.py:588} INFO - Filling up the DagBag from /opt/airflow/dags/kafka_load.py
[2026-04-26T10:09:27.072+0000] {processor.py:925} INFO - DAG(s) 'kafka_producer' retrieved from /opt/airflow/dags/kafka_load.py
[2026-04-26T10:09:27.112+0000] {logging_mixin.py:190} INFO - [2026-04-26T10:09:27.111+0000] {dag.py:3239} INFO - Sync 1 DAGs
[2026-04-26T10:09:27.406+0000] {logging_mixin.py:190} INFO - [2026-04-26T10:09:27.406+0000] {dag.py:4180} INFO - Setting next_dagrun for kafka_producer to 2026-04-25 18:30:00+00:00, run_after=2026-04-26 18:30:00+00:00
[2026-04-26T10:09:27.431+0000] {processor.py:208} INFO - Processing /opt/airflow/dags/kafka_load.py took 0.422 seconds
[2026-04-26T10:09:58.134+0000] {processor.py:186} INFO - Started process (PID=448) to work on /opt/airflow/dags/kafka_load.py
[2026-04-26T10:09:58.136+0000] {processor.py:914} INFO - Processing file /opt/airflow/dags/kafka_load.py for tasks to queue
[2026-04-26T10:09:58.139+0000] {logging_mixin.py:190} INFO - [2026-04-26T10:09:58.138+0000] {dagbag.py:588} INFO - Filling up the DagBag from /opt/airflow/dags/kafka_load.py
[2026-04-26T10:09:58.171+0000] {processor.py:925} INFO - DAG(s) 'kafka_producer' retrieved from /opt/airflow/dags/kafka_load.py
[2026-04-26T10:09:58.208+0000] {logging_mixin.py:190} INFO - [2026-04-26T10:09:58.208+0000] {dag.py:3239} INFO - Sync 1 DAGs
[2026-04-26T10:09:58.242+0000] {logging_mixin.py:190} INFO - [2026-04-26T10:09:58.241+0000] {dag.py:4180} INFO - Setting next_dagrun for kafka_producer to 2026-04-25 18:30:00+00:00, run_after=2026-04-26 18:30:00+00:00
[2026-04-26T10:09:58.266+0000] {processor.py:208} INFO - Processing /opt/airflow/dags/kafka_load.py took 0.141 seconds
[2026-04-26T10:10:28.667+0000] {processor.py:186} INFO - Started process (PID=451) to work on /opt/airflow/dags/kafka_load.py
[2026-04-26T10:10:28.668+0000] {processor.py:914} INFO - Processing file /opt/airflow/dags/kafka_load.py for tasks to queue
[2026-04-26T10:10:28.672+0000] {logging_mixin.py:190} INFO - [2026-04-26T10:10:28.671+0000] {dagbag.py:588} INFO - Filling up the DagBag from /opt/airflow/dags/kafka_load.py
[2026-04-26T10:10:28.707+0000] {processor.py:925} INFO - DAG(s) 'kafka_producer' retrieved from /opt/airflow/dags/kafka_load.py
[2026-04-26T10:10:28.733+0000] {logging_mixin.py:190} INFO - [2026-04-26T10:10:28.733+0000] {dag.py:3239} INFO - Sync 1 DAGs
[2026-04-26T10:10:28.763+0000] {logging_mixin.py:190} INFO - [2026-04-26T10:10:28.763+0000] {dag.py:4180} INFO - Setting next_dagrun for kafka_producer to 2026-04-25 18:30:00+00:00, run_after=2026-04-26 18:30:00+00:00
[2026-04-26T10:10:28.788+0000] {processor.py:208} INFO - Processing /opt/airflow/dags/kafka_load.py took 0.131 seconds
[2026-04-26T10:10:59.189+0000] {processor.py:186} INFO - Started process (PID=454) to work on /opt/airflow/dags/kafka_load.py
[2026-04-26T10:10:59.191+0000] {processor.py:914} INFO - Processing file /opt/airflow/dags/kafka_load.py for tasks to queue
[2026-04-26T10:10:59.195+0000] {logging_mixin.py:190} INFO - [2026-04-26T10:10:59.194+0000] {dagbag.py:588} INFO - Filling up the DagBag from /opt/airflow/dags/kafka_load.py
[2026-04-26T10:10:59.236+0000] {processor.py:925} INFO - DAG(s) 'kafka_producer' retrieved from /opt/airflow/dags/kafka_load.py
[2026-04-26T10:10:59.270+0000] {logging_mixin.py:190} INFO - [2026-04-26T10:10:59.270+0000] {dag.py:3239} INFO - Sync 1 DAGs
[2026-04-26T10:10:59.316+0000] {logging_mixin.py:190} INFO - [2026-04-26T10:10:59.315+0000] {dag.py:4180} INFO - Setting next_dagrun for kafka_producer to 2026-04-25 18:30:00+00:00, run_after=2026-04-26 18:30:00+00:00
[2026-04-26T10:10:59.348+0000] {processor.py:208} INFO - Processing /opt/airflow/dags/kafka_load.py took 0.169 seconds
[2026-04-26T10:11:29.890+0000] {processor.py:186} INFO - Started process (PID=457) to work on /opt/airflow/dags/kafka_load.py
[2026-04-26T10:11:29.891+0000] {processor.py:914} INFO - Processing file /opt/airflow/dags/kafka_load.py for tasks to queue
[2026-04-26T10:11:29.894+0000] {logging_mixin.py:190} INFO - [2026-04-26T10:11:29.894+0000] {dagbag.py:588} INFO - Filling up the DagBag from /opt/airflow/dags/kafka_load.py
[2026-04-26T10:11:29.928+0000] {processor.py:925} INFO - DAG(s) 'kafka_producer' retrieved from /opt/airflow/dags/kafka_load.py
[2026-04-26T10:11:29.955+0000] {logging_mixin.py:190} INFO - [2026-04-26T10:11:29.955+0000] {dag.py:3239} INFO - Sync 1 DAGs
[2026-04-26T10:11:29.988+0000] {logging_mixin.py:190} INFO - [2026-04-26T10:11:29.987+0000] {dag.py:4180} INFO - Setting next_dagrun for kafka_producer to 2026-04-25 18:30:00+00:00, run_after=2026-04-26 18:30:00+00:00
[2026-04-26T10:11:30.245+0000] {processor.py:208} INFO - Processing /opt/airflow/dags/kafka_load.py took 0.365 seconds
[2026-04-26T10:12:01.194+0000] {processor.py:186} INFO - Started process (PID=460) to work on /opt/airflow/dags/kafka_load.py
[2026-04-26T10:12:01.196+0000] {processor.py:914} INFO - Processing file /opt/airflow/dags/kafka_load.py for tasks to queue
[2026-04-26T10:12:01.205+0000] {logging_mixin.py:190} INFO - [2026-04-26T10:12:01.204+0000] {dagbag.py:588} INFO - Filling up the DagBag from /opt/airflow/dags/kafka_load.py
[2026-04-26T10:12:01.272+0000] {processor.py:925} INFO - DAG(s) 'kafka_producer' retrieved from /opt/airflow/dags/kafka_load.py
[2026-04-26T10:12:01.327+0000] {logging_mixin.py:190} INFO - [2026-04-26T10:12:01.327+0000] {dag.py:3239} INFO - Sync 1 DAGs
[2026-04-26T10:12:01.744+0000] {logging_mixin.py:190} INFO - [2026-04-26T10:12:01.743+0000] {dag.py:4180} INFO - Setting next_dagrun for kafka_producer to 2026-04-25 18:30:00+00:00, run_after=2026-04-26 18:30:00+00:00
[2026-04-26T10:12:01.783+0000] {processor.py:208} INFO - Processing /opt/airflow/dags/kafka_load.py took 0.599 seconds
[2026-04-26T10:12:32.408+0000] {processor.py:186} INFO - Started process (PID=463) to work on /opt/airflow/dags/kafka_load.py
[2026-04-26T10:12:32.410+0000] {processor.py:914} INFO - Processing file /opt/airflow/dags/kafka_load.py for tasks to queue
[2026-04-26T10:12:32.416+0000] {logging_mixin.py:190} INFO - [2026-04-26T10:12:32.415+0000] {dagbag.py:588} INFO - Filling up the DagBag from /opt/airflow/dags/kafka_load.py
[2026-04-26T10:12:32.447+0000] {processor.py:925} INFO - DAG(s) 'kafka_producer' retrieved from /opt/airflow/dags/kafka_load.py
[2026-04-26T10:12:32.476+0000] {logging_mixin.py:190} INFO - [2026-04-26T10:12:32.476+0000] {dag.py:3239} INFO - Sync 1 DAGs
[2026-04-26T10:12:32.510+0000] {logging_mixin.py:190} INFO - [2026-04-26T10:12:32.510+0000] {dag.py:4180} INFO - Setting next_dagrun for kafka_producer to 2026-04-25 18:30:00+00:00, run_after=2026-04-26 18:30:00+00:00
[2026-04-26T10:12:32.536+0000] {processor.py:208} INFO - Processing /opt/airflow/dags/kafka_load.py took 0.139 seconds
[2026-04-26T10:13:02.877+0000] {processor.py:186} INFO - Started process (PID=466) to work on /opt/airflow/dags/kafka_load.py
[2026-04-26T10:13:02.879+0000] {processor.py:914} INFO - Processing file /opt/airflow/dags/kafka_load.py for tasks to queue
[2026-04-26T10:13:02.882+0000] {logging_mixin.py:190} INFO - [2026-04-26T10:13:02.882+0000] {dagbag.py:588} INFO - Filling up the DagBag from /opt/airflow/dags/kafka_load.py
[2026-04-26T10:13:02.922+0000] {processor.py:925} INFO - DAG(s) 'kafka_producer' retrieved from /opt/airflow/dags/kafka_load.py
[2026-04-26T10:13:02.954+0000] {logging_mixin.py:190} INFO - [2026-04-26T10:13:02.953+0000] {dag.py:3239} INFO - Sync 1 DAGs
[2026-04-26T10:13:02.984+0000] {logging_mixin.py:190} INFO - [2026-04-26T10:13:02.984+0000] {dag.py:4180} INFO - Setting next_dagrun for kafka_producer to 2026-04-25 18:30:00+00:00, run_after=2026-04-26 18:30:00+00:00
[2026-04-26T10:13:03.011+0000] {processor.py:208} INFO - Processing /opt/airflow/dags/kafka_load.py took 0.142 seconds
[2026-04-26T10:13:33.466+0000] {processor.py:186} INFO - Started process (PID=469) to work on /opt/airflow/dags/kafka_load.py
[2026-04-26T10:13:33.468+0000] {processor.py:914} INFO - Processing file /opt/airflow/dags/kafka_load.py for tasks to queue
[2026-04-26T10:13:33.473+0000] {logging_mixin.py:190} INFO - [2026-04-26T10:13:33.472+0000] {dagbag.py:588} INFO - Filling up the DagBag from /opt/airflow/dags/kafka_load.py
[2026-04-26T10:13:33.512+0000] {processor.py:925} INFO - DAG(s) 'kafka_producer' retrieved from /opt/airflow/dags/kafka_load.py
[2026-04-26T10:13:33.545+0000] {logging_mixin.py:190} INFO - [2026-04-26T10:13:33.545+0000] {dag.py:3239} INFO - Sync 1 DAGs
[2026-04-26T10:13:33.580+0000] {logging_mixin.py:190} INFO - [2026-04-26T10:13:33.579+0000] {dag.py:4180} INFO - Setting next_dagrun for kafka_producer to 2026-04-25 18:30:00+00:00, run_after=2026-04-26 18:30:00+00:00
[2026-04-26T10:13:33.608+0000] {processor.py:208} INFO - Processing /opt/airflow/dags/kafka_load.py took 0.154 seconds
[2026-04-26T10:14:03.955+0000] {processor.py:186} INFO - Started process (PID=472) to work on /opt/airflow/dags/kafka_load.py
[2026-04-26T10:14:03.958+0000] {processor.py:914} INFO - Processing file /opt/airflow/dags/kafka_load.py for tasks to queue
[2026-04-26T10:14:03.961+0000] {logging_mixin.py:190} INFO - [2026-04-26T10:14:03.961+0000] {dagbag.py:588} INFO - Filling up the DagBag from /opt/airflow/dags/kafka_load.py
[2026-04-26T10:14:03.993+0000] {processor.py:925} INFO - DAG(s) 'kafka_producer' retrieved from /opt/airflow/dags/kafka_load.py
[2026-04-26T10:14:04.024+0000] {logging_mixin.py:190} INFO - [2026-04-26T10:14:04.023+0000] {dag.py:3239} INFO - Sync 1 DAGs
[2026-04-26T10:14:04.244+0000] {logging_mixin.py:190} INFO - [2026-04-26T10:14:04.243+0000] {dag.py:4180} INFO - Setting next_dagrun for kafka_producer to 2026-04-25 18:30:00+00:00, run_after=2026-04-26 18:30:00+00:00
[2026-04-26T10:14:04.271+0000] {processor.py:208} INFO - Processing /opt/airflow/dags/kafka_load.py took 0.325 seconds
[2026-04-26T10:14:34.830+0000] {processor.py:186} INFO - Started process (PID=475) to work on /opt/airflow/dags/kafka_load.py
[2026-04-26T10:14:34.831+0000] {processor.py:914} INFO - Processing file /opt/airflow/dags/kafka_load.py for tasks to queue
[2026-04-26T10:14:34.835+0000] {logging_mixin.py:190} INFO - [2026-04-26T10:14:34.834+0000] {dagbag.py:588} INFO - Filling up the DagBag from /opt/airflow/dags/kafka_load.py
[2026-04-26T10:14:34.886+0000] {processor.py:925} INFO - DAG(s) 'kafka_producer' retrieved from /opt/airflow/dags/kafka_load.py
[2026-04-26T10:14:34.935+0000] {logging_mixin.py:190} INFO - [2026-04-26T10:14:34.935+0000] {dag.py:3239} INFO - Sync 1 DAGs
[2026-04-26T10:14:35.180+0000] {logging_mixin.py:190} INFO - [2026-04-26T10:14:35.180+0000] {dag.py:4180} INFO - Setting next_dagrun for kafka_producer to 2026-04-25 18:30:00+00:00, run_after=2026-04-26 18:30:00+00:00
[2026-04-26T10:14:35.210+0000] {processor.py:208} INFO - Processing /opt/airflow/dags/kafka_load.py took 0.390 seconds
[2026-04-26T10:15:06.037+0000] {processor.py:186} INFO - Started process (PID=478) to work on /opt/airflow/dags/kafka_load.py
[2026-04-26T10:15:06.038+0000] {processor.py:914} INFO - Processing file /opt/airflow/dags/kafka_load.py for tasks to queue
[2026-04-26T10:15:06.043+0000] {logging_mixin.py:190} INFO - [2026-04-26T10:15:06.043+0000] {dagbag.py:588} INFO - Filling up the DagBag from /opt/airflow/dags/kafka_load.py
[2026-04-26T10:15:06.082+0000] {processor.py:925} INFO - DAG(s) 'kafka_producer' retrieved from /opt/airflow/dags/kafka_load.py
[2026-04-26T10:15:06.110+0000] {logging_mixin.py:190} INFO - [2026-04-26T10:15:06.110+0000] {dag.py:3239} INFO - Sync 1 DAGs
[2026-04-26T10:15:06.143+0000] {logging_mixin.py:190} INFO - [2026-04-26T10:15:06.143+0000] {dag.py:4180} INFO - Setting next_dagrun for kafka_producer to 2026-04-25 18:30:00+00:00, run_after=2026-04-26 18:30:00+00:00
[2026-04-26T10:15:06.171+0000] {processor.py:208} INFO - Processing /opt/airflow/dags/kafka_load.py took 0.142 seconds
[2026-04-26T10:15:36.530+0000] {processor.py:186} INFO - Started process (PID=481) to work on /opt/airflow/dags/kafka_load.py
[2026-04-26T10:15:36.532+0000] {processor.py:914} INFO - Processing file /opt/airflow/dags/kafka_load.py for tasks to queue
[2026-04-26T10:15:36.535+0000] {logging_mixin.py:190} INFO - [2026-04-26T10:15:36.535+0000] {dagbag.py:588} INFO - Filling up the DagBag from /opt/airflow/dags/kafka_load.py
[2026-04-26T10:15:36.576+0000] {processor.py:925} INFO - DAG(s) 'kafka_producer' retrieved from /opt/airflow/dags/kafka_load.py
[2026-04-26T10:15:36.608+0000] {logging_mixin.py:190} INFO - [2026-04-26T10:15:36.607+0000] {dag.py:3239} INFO - Sync 1 DAGs
[2026-04-26T10:15:36.638+0000] {logging_mixin.py:190} INFO - [2026-04-26T10:15:36.638+0000] {dag.py:4180} INFO - Setting next_dagrun for kafka_producer to 2026-04-25 18:30:00+00:00, run_after=2026-04-26 18:30:00+00:00
[2026-04-26T10:15:36.667+0000] {processor.py:208} INFO - Processing /opt/airflow/dags/kafka_load.py took 0.145 seconds
[2026-04-26T10:16:07.122+0000] {processor.py:186} INFO - Started process (PID=484) to work on /opt/airflow/dags/kafka_load.py
[2026-04-26T10:16:07.124+0000] {processor.py:914} INFO - Processing file /opt/airflow/dags/kafka_load.py for tasks to queue
[2026-04-26T10:16:07.128+0000] {logging_mixin.py:190} INFO - [2026-04-26T10:16:07.128+0000] {dagbag.py:588} INFO - Filling up the DagBag from /opt/airflow/dags/kafka_load.py
[2026-04-26T10:16:07.167+0000] {processor.py:925} INFO - DAG(s) 'kafka_producer' retrieved from /opt/airflow/dags/kafka_load.py
[2026-04-26T10:16:07.196+0000] {logging_mixin.py:190} INFO - [2026-04-26T10:16:07.196+0000] {dag.py:3239} INFO - Sync 1 DAGs
[2026-04-26T10:16:07.229+0000] {logging_mixin.py:190} INFO - [2026-04-26T10:16:07.228+0000] {dag.py:4180} INFO - Setting next_dagrun for kafka_producer to 2026-04-25 18:30:00+00:00, run_after=2026-04-26 18:30:00+00:00
[2026-04-26T10:16:07.254+0000] {processor.py:208} INFO - Processing /opt/airflow/dags/kafka_load.py took 0.140 seconds
[2026-04-26T10:16:37.668+0000] {processor.py:186} INFO - Started process (PID=487) to work on /opt/airflow/dags/kafka_load.py
[2026-04-26T10:16:37.670+0000] {processor.py:914} INFO - Processing file /opt/airflow/dags/kafka_load.py for tasks to queue
[2026-04-26T10:16:37.673+0000] {logging_mixin.py:190} INFO - [2026-04-26T10:16:37.673+0000] {dagbag.py:588} INFO - Filling up the DagBag from /opt/airflow/dags/kafka_load.py
[2026-04-26T10:16:37.714+0000] {processor.py:925} INFO - DAG(s) 'kafka_producer' retrieved from /opt/airflow/dags/kafka_load.py
[2026-04-26T10:16:37.741+0000] {logging_mixin.py:190} INFO - [2026-04-26T10:16:37.741+0000] {dag.py:3239} INFO - Sync 1 DAGs
[2026-04-26T10:16:37.975+0000] {logging_mixin.py:190} INFO - [2026-04-26T10:16:37.975+0000] {dag.py:4180} INFO - Setting next_dagrun for kafka_producer to 2026-04-25 18:30:00+00:00, run_after=2026-04-26 18:30:00+00:00
[2026-04-26T10:16:37.999+0000] {processor.py:208} INFO - Processing /opt/airflow/dags/kafka_load.py took 0.340 seconds
[2026-04-26T10:17:08.447+0000] {processor.py:186} INFO - Started process (PID=490) to work on /opt/airflow/dags/kafka_load.py
[2026-04-26T10:17:08.448+0000] {processor.py:914} INFO - Processing file /opt/airflow/dags/kafka_load.py for tasks to queue
[2026-04-26T10:17:08.452+0000] {logging_mixin.py:190} INFO - [2026-04-26T10:17:08.451+0000] {dagbag.py:588} INFO - Filling up the DagBag from /opt/airflow/dags/kafka_load.py
[2026-04-26T10:17:08.481+0000] {processor.py:925} INFO - DAG(s) 'kafka_producer' retrieved from /opt/airflow/dags/kafka_load.py
[2026-04-26T10:17:08.507+0000] {logging_mixin.py:190} INFO - [2026-04-26T10:17:08.506+0000] {dag.py:3239} INFO - Sync 1 DAGs
[2026-04-26T10:17:08.722+0000] {logging_mixin.py:190} INFO - [2026-04-26T10:17:08.722+0000] {dag.py:4180} INFO - Setting next_dagrun for kafka_producer to 2026-04-25 18:30:00+00:00, run_after=2026-04-26 18:30:00+00:00
[2026-04-26T10:17:08.745+0000] {processor.py:208} INFO - Processing /opt/airflow/dags/kafka_load.py took 0.311 seconds
[2026-04-26T10:17:38.956+0000] {processor.py:186} INFO - Started process (PID=493) to work on /opt/airflow/dags/kafka_load.py
[2026-04-26T10:17:38.959+0000] {processor.py:914} INFO - Processing file /opt/airflow/dags/kafka_load.py for tasks to queue
[2026-04-26T10:17:38.962+0000] {logging_mixin.py:190} INFO - [2026-04-26T10:17:38.962+0000] {dagbag.py:588} INFO - Filling up the DagBag from /opt/airflow/dags/kafka_load.py
[2026-04-26T10:17:39.001+0000] {processor.py:925} INFO - DAG(s) 'kafka_producer' retrieved from /opt/airflow/dags/kafka_load.py
[2026-04-26T10:17:39.033+0000] {logging_mixin.py:190} INFO - [2026-04-26T10:17:39.033+0000] {dag.py:3239} INFO - Sync 1 DAGs
[2026-04-26T10:17:39.064+0000] {logging_mixin.py:190} INFO - [2026-04-26T10:17:39.064+0000] {dag.py:4180} INFO - Setting next_dagrun for kafka_producer to 2026-04-25 18:30:00+00:00, run_after=2026-04-26 18:30:00+00:00
[2026-04-26T10:17:39.092+0000] {processor.py:208} INFO - Processing /opt/airflow/dags/kafka_load.py took 0.144 seconds
[2026-04-26T10:18:09.561+0000] {processor.py:186} INFO - Started process (PID=496) to work on /opt/airflow/dags/kafka_load.py
[2026-04-26T10:18:09.562+0000] {processor.py:914} INFO - Processing file /opt/airflow/dags/kafka_load.py for tasks to queue
[2026-04-26T10:18:09.565+0000] {logging_mixin.py:190} INFO - [2026-04-26T10:18:09.565+0000] {dagbag.py:588} INFO - Filling up the DagBag from /opt/airflow/dags/kafka_load.py
[2026-04-26T10:18:09.608+0000] {processor.py:925} INFO - DAG(s) 'kafka_producer' retrieved from /opt/airflow/dags/kafka_load.py
[2026-04-26T10:18:09.638+0000] {logging_mixin.py:190} INFO - [2026-04-26T10:18:09.638+0000] {dag.py:3239} INFO - Sync 1 DAGs
[2026-04-26T10:18:09.677+0000] {logging_mixin.py:190} INFO - [2026-04-26T10:18:09.676+0000] {dag.py:4180} INFO - Setting next_dagrun for kafka_producer to 2026-04-25 18:30:00+00:00, run_after=2026-04-26 18:30:00+00:00
[2026-04-26T10:18:09.707+0000] {processor.py:208} INFO - Processing /opt/airflow/dags/kafka_load.py took 0.156 seconds
[2026-04-26T10:18:40.101+0000] {processor.py:186} INFO - Started process (PID=499) to work on /opt/airflow/dags/kafka_load.py
[2026-04-26T10:18:40.102+0000] {processor.py:914} INFO - Processing file /opt/airflow/dags/kafka_load.py for tasks to queue
[2026-04-26T10:18:40.106+0000] {logging_mixin.py:190} INFO - [2026-04-26T10:18:40.105+0000] {dagbag.py:588} INFO - Filling up the DagBag from /opt/airflow/dags/kafka_load.py
[2026-04-26T10:18:40.140+0000] {processor.py:925} INFO - DAG(s) 'kafka_producer' retrieved from /opt/airflow/dags/kafka_load.py
[2026-04-26T10:18:40.174+0000] {logging_mixin.py:190} INFO - [2026-04-26T10:18:40.174+0000] {dag.py:3239} INFO - Sync 1 DAGs
[2026-04-26T10:18:40.214+0000] {logging_mixin.py:190} INFO - [2026-04-26T10:18:40.214+0000] {dag.py:4180} INFO - Setting next_dagrun for kafka_producer to 2026-04-25 18:30:00+00:00, run_after=2026-04-26 18:30:00+00:00
[2026-04-26T10:18:40.255+0000] {processor.py:208} INFO - Processing /opt/airflow/dags/kafka_load.py took 0.166 seconds
[2026-04-26T10:19:10.633+0000] {processor.py:186} INFO - Started process (PID=502) to work on /opt/airflow/dags/kafka_load.py
[2026-04-26T10:19:10.635+0000] {processor.py:914} INFO - Processing file /opt/airflow/dags/kafka_load.py for tasks to queue
[2026-04-26T10:19:10.638+0000] {logging_mixin.py:190} INFO - [2026-04-26T10:19:10.638+0000] {dagbag.py:588} INFO - Filling up the DagBag from /opt/airflow/dags/kafka_load.py
[2026-04-26T10:19:10.679+0000] {processor.py:925} INFO - DAG(s) 'kafka_producer' retrieved from /opt/airflow/dags/kafka_load.py
[2026-04-26T10:19:10.709+0000] {logging_mixin.py:190} INFO - [2026-04-26T10:19:10.709+0000] {dag.py:3239} INFO - Sync 1 DAGs
[2026-04-26T10:19:10.927+0000] {logging_mixin.py:190} INFO - [2026-04-26T10:19:10.927+0000] {dag.py:4180} INFO - Setting next_dagrun for kafka_producer to 2026-04-25 18:30:00+00:00, run_after=2026-04-26 18:30:00+00:00
[2026-04-26T10:19:10.952+0000] {processor.py:208} INFO - Processing /opt/airflow/dags/kafka_load.py took 0.328 seconds
[2026-04-26T10:19:41.613+0000] {processor.py:186} INFO - Started process (PID=505) to work on /opt/airflow/dags/kafka_load.py
[2026-04-26T10:19:41.614+0000] {processor.py:914} INFO - Processing file /opt/airflow/dags/kafka_load.py for tasks to queue
[2026-04-26T10:19:41.618+0000] {logging_mixin.py:190} INFO - [2026-04-26T10:19:41.618+0000] {dagbag.py:588} INFO - Filling up the DagBag from /opt/airflow/dags/kafka_load.py
[2026-04-26T10:19:41.653+0000] {processor.py:925} INFO - DAG(s) 'kafka_producer' retrieved from /opt/airflow/dags/kafka_load.py
[2026-04-26T10:19:41.681+0000] {logging_mixin.py:190} INFO - [2026-04-26T10:19:41.681+0000] {dag.py:3239} INFO - Sync 1 DAGs
[2026-04-26T10:19:41.895+0000] {logging_mixin.py:190} INFO - [2026-04-26T10:19:41.895+0000] {dag.py:4180} INFO - Setting next_dagrun for kafka_producer to 2026-04-25 18:30:00+00:00, run_after=2026-04-26 18:30:00+00:00
[2026-04-26T10:19:41.919+0000] {processor.py:208} INFO - Processing /opt/airflow/dags/kafka_load.py took 0.317 seconds
[2026-04-26T10:20:12.472+0000] {processor.py:186} INFO - Started process (PID=508) to work on /opt/airflow/dags/kafka_load.py
[2026-04-26T10:20:12.473+0000] {processor.py:914} INFO - Processing file /opt/airflow/dags/kafka_load.py for tasks to queue
[2026-04-26T10:20:12.478+0000] {logging_mixin.py:190} INFO - [2026-04-26T10:20:12.477+0000] {dagbag.py:588} INFO - Filling up the DagBag from /opt/airflow/dags/kafka_load.py
[2026-04-26T10:20:12.520+0000] {processor.py:925} INFO - DAG(s) 'kafka_producer' retrieved from /opt/airflow/dags/kafka_load.py
[2026-04-26T10:20:12.549+0000] {logging_mixin.py:190} INFO - [2026-04-26T10:20:12.549+0000] {dag.py:3239} INFO - Sync 1 DAGs
[2026-04-26T10:20:12.580+0000] {logging_mixin.py:190} INFO - [2026-04-26T10:20:12.580+0000] {dag.py:4180} INFO - Setting next_dagrun for kafka_producer to 2026-04-25 18:30:00+00:00, run_after=2026-04-26 18:30:00+00:00
[2026-04-26T10:20:12.610+0000] {processor.py:208} INFO - Processing /opt/airflow/dags/kafka_load.py took 0.147 seconds
[2026-04-26T10:20:42.976+0000] {processor.py:186} INFO - Started process (PID=511) to work on /opt/airflow/dags/kafka_load.py
[2026-04-26T10:20:42.978+0000] {processor.py:914} INFO - Processing file /opt/airflow/dags/kafka_load.py for tasks to queue
[2026-04-26T10:20:42.982+0000] {logging_mixin.py:190} INFO - [2026-04-26T10:20:42.981+0000] {dagbag.py:588} INFO - Filling up the DagBag from /opt/airflow/dags/kafka_load.py
[2026-04-26T10:20:43.021+0000] {processor.py:925} INFO - DAG(s) 'kafka_producer' retrieved from /opt/airflow/dags/kafka_load.py
[2026-04-26T10:20:43.059+0000] {logging_mixin.py:190} INFO - [2026-04-26T10:20:43.058+0000] {dag.py:3239} INFO - Sync 1 DAGs
[2026-04-26T10:20:43.112+0000] {logging_mixin.py:190} INFO - [2026-04-26T10:20:43.112+0000] {dag.py:4180} INFO - Setting next_dagrun for kafka_producer to 2026-04-25 18:30:00+00:00, run_after=2026-04-26 18:30:00+00:00
[2026-04-26T10:20:45.199+0000] {processor.py:208} INFO - Processing /opt/airflow/dags/kafka_load.py took 2.232 seconds
[2026-04-26T10:21:15.571+0000] {processor.py:186} INFO - Started process (PID=514) to work on /opt/airflow/dags/kafka_load.py
[2026-04-26T10:21:15.573+0000] {processor.py:914} INFO - Processing file /opt/airflow/dags/kafka_load.py for tasks to queue
[2026-04-26T10:21:15.576+0000] {logging_mixin.py:190} INFO - [2026-04-26T10:21:15.576+0000] {dagbag.py:588} INFO - Filling up the DagBag from /opt/airflow/dags/kafka_load.py
[2026-04-26T10:21:15.615+0000] {processor.py:925} INFO - DAG(s) 'kafka_producer' retrieved from /opt/airflow/dags/kafka_load.py
[2026-04-26T10:21:15.646+0000] {logging_mixin.py:190} INFO - [2026-04-26T10:21:15.645+0000] {dag.py:3239} INFO - Sync 1 DAGs
[2026-04-26T10:21:15.678+0000] {logging_mixin.py:190} INFO - [2026-04-26T10:21:15.677+0000] {dag.py:4180} INFO - Setting next_dagrun for kafka_producer to 2026-04-25 18:30:00+00:00, run_after=2026-04-26 18:30:00+00:00
[2026-04-26T10:21:15.906+0000] {processor.py:208} INFO - Processing /opt/airflow/dags/kafka_load.py took 0.344 seconds
[2026-04-26T10:21:46.677+0000] {processor.py:186} INFO - Started process (PID=517) to work on /opt/airflow/dags/kafka_load.py
[2026-04-26T10:21:46.679+0000] {processor.py:914} INFO - Processing file /opt/airflow/dags/kafka_load.py for tasks to queue
[2026-04-26T10:21:46.683+0000] {logging_mixin.py:190} INFO - [2026-04-26T10:21:46.682+0000] {dagbag.py:588} INFO - Filling up the DagBag from /opt/airflow/dags/kafka_load.py
[2026-04-26T10:21:46.718+0000] {processor.py:925} INFO - DAG(s) 'kafka_producer' retrieved from /opt/airflow/dags/kafka_load.py
[2026-04-26T10:21:46.746+0000] {logging_mixin.py:190} INFO - [2026-04-26T10:21:46.746+0000] {dag.py:3239} INFO - Sync 1 DAGs
[2026-04-26T10:21:46.979+0000] {logging_mixin.py:190} INFO - [2026-04-26T10:21:46.979+0000] {dag.py:4180} INFO - Setting next_dagrun for kafka_producer to 2026-04-25 18:30:00+00:00, run_after=2026-04-26 18:30:00+00:00
[2026-04-26T10:21:47.004+0000] {processor.py:208} INFO - Processing /opt/airflow/dags/kafka_load.py took 0.334 seconds
[2026-04-26T10:22:17.978+0000] {processor.py:186} INFO - Started process (PID=520) to work on /opt/airflow/dags/kafka_load.py
[2026-04-26T10:22:17.979+0000] {processor.py:914} INFO - Processing file /opt/airflow/dags/kafka_load.py for tasks to queue
[2026-04-26T10:22:17.983+0000] {logging_mixin.py:190} INFO - [2026-04-26T10:22:17.982+0000] {dagbag.py:588} INFO - Filling up the DagBag from /opt/airflow/dags/kafka_load.py
[2026-04-26T10:22:18.016+0000] {processor.py:925} INFO - DAG(s) 'kafka_producer' retrieved from /opt/airflow/dags/kafka_load.py
[2026-04-26T10:22:18.255+0000] {logging_mixin.py:190} INFO - [2026-04-26T10:22:18.254+0000] {dag.py:3239} INFO - Sync 1 DAGs
[2026-04-26T10:22:18.287+0000] {logging_mixin.py:190} INFO - [2026-04-26T10:22:18.287+0000] {dag.py:4180} INFO - Setting next_dagrun for kafka_producer to 2026-04-25 18:30:00+00:00, run_after=2026-04-26 18:30:00+00:00
[2026-04-26T10:22:18.316+0000] {processor.py:208} INFO - Processing /opt/airflow/dags/kafka_load.py took 0.347 seconds
[2026-04-26T10:22:48.667+0000] {processor.py:186} INFO - Started process (PID=523) to work on /opt/airflow/dags/kafka_load.py
[2026-04-26T10:22:48.668+0000] {processor.py:914} INFO - Processing file /opt/airflow/dags/kafka_load.py for tasks to queue
[2026-04-26T10:22:48.673+0000] {logging_mixin.py:190} INFO - [2026-04-26T10:22:48.672+0000] {dagbag.py:588} INFO - Filling up the DagBag from /opt/airflow/dags/kafka_load.py
[2026-04-26T10:22:48.707+0000] {processor.py:925} INFO - DAG(s) 'kafka_producer' retrieved from /opt/airflow/dags/kafka_load.py
[2026-04-26T10:22:48.733+0000] {logging_mixin.py:190} INFO - [2026-04-26T10:22:48.733+0000] {dag.py:3239} INFO - Sync 1 DAGs
[2026-04-26T10:22:48.762+0000] {logging_mixin.py:190} INFO - [2026-04-26T10:22:48.762+0000] {dag.py:4180} INFO - Setting next_dagrun for kafka_producer to 2026-04-25 18:30:00+00:00, run_after=2026-04-26 18:30:00+00:00
[2026-04-26T10:22:48.785+0000] {processor.py:208} INFO - Processing /opt/airflow/dags/kafka_load.py took 0.134 seconds
[2026-04-26T10:23:19.242+0000] {processor.py:186} INFO - Started process (PID=526) to work on /opt/airflow/dags/kafka_load.py
[2026-04-26T10:23:19.243+0000] {processor.py:914} INFO - Processing file /opt/airflow/dags/kafka_load.py for tasks to queue
[2026-04-26T10:23:19.247+0000] {logging_mixin.py:190} INFO - [2026-04-26T10:23:19.246+0000] {dagbag.py:588} INFO - Filling up the DagBag from /opt/airflow/dags/kafka_load.py
[2026-04-26T10:23:19.284+0000] {processor.py:925} INFO - DAG(s) 'kafka_producer' retrieved from /opt/airflow/dags/kafka_load.py
[2026-04-26T10:23:19.311+0000] {logging_mixin.py:190} INFO - [2026-04-26T10:23:19.310+0000] {dag.py:3239} INFO - Sync 1 DAGs
[2026-04-26T10:23:19.343+0000] {logging_mixin.py:190} INFO - [2026-04-26T10:23:19.343+0000] {dag.py:4180} INFO - Setting next_dagrun for kafka_producer to 2026-04-25 18:30:00+00:00, run_after=2026-04-26 18:30:00+00:00
[2026-04-26T10:23:19.368+0000] {processor.py:208} INFO - Processing /opt/airflow/dags/kafka_load.py took 0.136 seconds
[2026-04-26T10:23:49.861+0000] {processor.py:186} INFO - Started process (PID=529) to work on /opt/airflow/dags/kafka_load.py
[2026-04-26T10:23:49.863+0000] {processor.py:914} INFO - Processing file /opt/airflow/dags/kafka_load.py for tasks to queue
[2026-04-26T10:23:49.867+0000] {logging_mixin.py:190} INFO - [2026-04-26T10:23:49.866+0000] {dagbag.py:588} INFO - Filling up the DagBag from /opt/airflow/dags/kafka_load.py
[2026-04-26T10:23:49.903+0000] {processor.py:925} INFO - DAG(s) 'kafka_producer' retrieved from /opt/airflow/dags/kafka_load.py
[2026-04-26T10:23:49.928+0000] {logging_mixin.py:190} INFO - [2026-04-26T10:23:49.928+0000] {dag.py:3239} INFO - Sync 1 DAGs
[2026-04-26T10:23:49.962+0000] {logging_mixin.py:190} INFO - [2026-04-26T10:23:49.962+0000] {dag.py:4180} INFO - Setting next_dagrun for kafka_producer to 2026-04-25 18:30:00+00:00, run_after=2026-04-26 18:30:00+00:00
[2026-04-26T10:23:50.172+0000] {processor.py:208} INFO - Processing /opt/airflow/dags/kafka_load.py took 0.323 seconds
[2026-04-26T10:24:20.789+0000] {processor.py:186} INFO - Started process (PID=532) to work on /opt/airflow/dags/kafka_load.py
[2026-04-26T10:24:20.790+0000] {processor.py:914} INFO - Processing file /opt/airflow/dags/kafka_load.py for tasks to queue
[2026-04-26T10:24:20.794+0000] {logging_mixin.py:190} INFO - [2026-04-26T10:24:20.793+0000] {dagbag.py:588} INFO - Filling up the DagBag from /opt/airflow/dags/kafka_load.py
[2026-04-26T10:24:20.841+0000] {processor.py:925} INFO - DAG(s) 'kafka_producer' retrieved from /opt/airflow/dags/kafka_load.py
[2026-04-26T10:24:20.868+0000] {logging_mixin.py:190} INFO - [2026-04-26T10:24:20.868+0000] {dag.py:3239} INFO - Sync 1 DAGs
[2026-04-26T10:24:21.094+0000] {logging_mixin.py:190} INFO - [2026-04-26T10:24:21.094+0000] {dag.py:4180} INFO - Setting next_dagrun for kafka_producer to 2026-04-25 18:30:00+00:00, run_after=2026-04-26 18:30:00+00:00
[2026-04-26T10:24:21.118+0000] {processor.py:208} INFO - Processing /opt/airflow/dags/kafka_load.py took 0.340 seconds
[2026-04-26T10:24:51.644+0000] {processor.py:186} INFO - Started process (PID=535) to work on /opt/airflow/dags/kafka_load.py
[2026-04-26T10:24:51.646+0000] {processor.py:914} INFO - Processing file /opt/airflow/dags/kafka_load.py for tasks to queue
[2026-04-26T10:24:51.649+0000] {logging_mixin.py:190} INFO - [2026-04-26T10:24:51.648+0000] {dagbag.py:588} INFO - Filling up the DagBag from /opt/airflow/dags/kafka_load.py
[2026-04-26T10:24:51.685+0000] {processor.py:925} INFO - DAG(s) 'kafka_producer' retrieved from /opt/airflow/dags/kafka_load.py
[2026-04-26T10:24:51.898+0000] {logging_mixin.py:190} INFO - [2026-04-26T10:24:51.898+0000] {dag.py:3239} INFO - Sync 1 DAGs
[2026-04-26T10:24:51.925+0000] {logging_mixin.py:190} INFO - [2026-04-26T10:24:51.925+0000] {dag.py:4180} INFO - Setting next_dagrun for kafka_producer to 2026-04-25 18:30:00+00:00, run_after=2026-04-26 18:30:00+00:00
[2026-04-26T10:24:51.951+0000] {processor.py:208} INFO - Processing /opt/airflow/dags/kafka_load.py took 0.315 seconds
[2026-04-26T10:25:22.137+0000] {processor.py:186} INFO - Started process (PID=538) to work on /opt/airflow/dags/kafka_load.py
[2026-04-26T10:25:22.139+0000] {processor.py:914} INFO - Processing file /opt/airflow/dags/kafka_load.py for tasks to queue
[2026-04-26T10:25:22.142+0000] {logging_mixin.py:190} INFO - [2026-04-26T10:25:22.141+0000] {dagbag.py:588} INFO - Filling up the DagBag from /opt/airflow/dags/kafka_load.py
[2026-04-26T10:25:22.179+0000] {processor.py:925} INFO - DAG(s) 'kafka_producer' retrieved from /opt/airflow/dags/kafka_load.py
[2026-04-26T10:25:22.211+0000] {logging_mixin.py:190} INFO - [2026-04-26T10:25:22.210+0000] {dag.py:3239} INFO - Sync 1 DAGs
[2026-04-26T10:25:22.242+0000] {logging_mixin.py:190} INFO - [2026-04-26T10:25:22.242+0000] {dag.py:4180} INFO - Setting next_dagrun for kafka_producer to 2026-04-25 18:30:00+00:00, run_after=2026-04-26 18:30:00+00:00
[2026-04-26T10:25:22.266+0000] {processor.py:208} INFO - Processing /opt/airflow/dags/kafka_load.py took 0.138 seconds
[2026-04-26T10:25:52.437+0000] {processor.py:186} INFO - Started process (PID=541) to work on /opt/airflow/dags/kafka_load.py
[2026-04-26T10:25:52.438+0000] {processor.py:914} INFO - Processing file /opt/airflow/dags/kafka_load.py for tasks to queue
[2026-04-26T10:25:52.443+0000] {logging_mixin.py:190} INFO - [2026-04-26T10:25:52.442+0000] {dagbag.py:588} INFO - Filling up the DagBag from /opt/airflow/dags/kafka_load.py
[2026-04-26T10:25:52.484+0000] {processor.py:925} INFO - DAG(s) 'kafka_producer' retrieved from /opt/airflow/dags/kafka_load.py
[2026-04-26T10:25:52.513+0000] {logging_mixin.py:190} INFO - [2026-04-26T10:25:52.512+0000] {dag.py:3239} INFO - Sync 1 DAGs
[2026-04-26T10:25:52.543+0000] {logging_mixin.py:190} INFO - [2026-04-26T10:25:52.542+0000] {dag.py:4180} INFO - Setting next_dagrun for kafka_producer to 2026-04-25 18:30:00+00:00, run_after=2026-04-26 18:30:00+00:00
[2026-04-26T10:25:52.572+0000] {processor.py:208} INFO - Processing /opt/airflow/dags/kafka_load.py took 0.143 seconds
[2026-04-26T10:26:23.012+0000] {processor.py:186} INFO - Started process (PID=544) to work on /opt/airflow/dags/kafka_load.py
[2026-04-26T10:26:23.013+0000] {processor.py:914} INFO - Processing file /opt/airflow/dags/kafka_load.py for tasks to queue
[2026-04-26T10:26:23.018+0000] {logging_mixin.py:190} INFO - [2026-04-26T10:26:23.017+0000] {dagbag.py:588} INFO - Filling up the DagBag from /opt/airflow/dags/kafka_load.py
[2026-04-26T10:26:23.054+0000] {processor.py:925} INFO - DAG(s) 'kafka_producer' retrieved from /opt/airflow/dags/kafka_load.py
[2026-04-26T10:26:23.085+0000] {logging_mixin.py:190} INFO - [2026-04-26T10:26:23.085+0000] {dag.py:3239} INFO - Sync 1 DAGs
[2026-04-26T10:26:23.124+0000] {logging_mixin.py:190} INFO - [2026-04-26T10:26:23.124+0000] {dag.py:4180} INFO - Setting next_dagrun for kafka_producer to 2026-04-25 18:30:00+00:00, run_after=2026-04-26 18:30:00+00:00
[2026-04-26T10:26:23.333+0000] {processor.py:208} INFO - Processing /opt/airflow/dags/kafka_load.py took 0.330 seconds
[2026-04-26T10:26:53.929+0000] {processor.py:186} INFO - Started process (PID=547) to work on /opt/airflow/dags/kafka_load.py
[2026-04-26T10:26:53.930+0000] {processor.py:914} INFO - Processing file /opt/airflow/dags/kafka_load.py for tasks to queue
[2026-04-26T10:26:53.934+0000] {logging_mixin.py:190} INFO - [2026-04-26T10:26:53.933+0000] {dagbag.py:588} INFO - Filling up the DagBag from /opt/airflow/dags/kafka_load.py
[2026-04-26T10:26:53.972+0000] {processor.py:925} INFO - DAG(s) 'kafka_producer' retrieved from /opt/airflow/dags/kafka_load.py
[2026-04-26T10:26:53.999+0000] {logging_mixin.py:190} INFO - [2026-04-26T10:26:53.998+0000] {dag.py:3239} INFO - Sync 1 DAGs
[2026-04-26T10:26:54.287+0000] {logging_mixin.py:190} INFO - [2026-04-26T10:26:54.287+0000] {dag.py:4180} INFO - Setting next_dagrun for kafka_producer to 2026-04-25 18:30:00+00:00, run_after=2026-04-26 18:30:00+00:00
[2026-04-26T10:26:54.311+0000] {processor.py:208} INFO - Processing /opt/airflow/dags/kafka_load.py took 0.390 seconds
[2026-04-26T10:27:24.821+0000] {processor.py:186} INFO - Started process (PID=550) to work on /opt/airflow/dags/kafka_load.py
[2026-04-26T10:27:24.822+0000] {processor.py:914} INFO - Processing file /opt/airflow/dags/kafka_load.py for tasks to queue
[2026-04-26T10:27:24.827+0000] {logging_mixin.py:190} INFO - [2026-04-26T10:27:24.825+0000] {dagbag.py:588} INFO - Filling up the DagBag from /opt/airflow/dags/kafka_load.py
[2026-04-26T10:27:24.876+0000] {processor.py:925} INFO - DAG(s) 'kafka_producer' retrieved from /opt/airflow/dags/kafka_load.py
[2026-04-26T10:27:25.114+0000] {logging_mixin.py:190} INFO - [2026-04-26T10:27:25.114+0000] {dag.py:3239} INFO - Sync 1 DAGs
[2026-04-26T10:27:25.139+0000] {logging_mixin.py:190} INFO - [2026-04-26T10:27:25.139+0000] {dag.py:4180} INFO - Setting next_dagrun for kafka_producer to 2026-04-25 18:30:00+00:00, run_after=2026-04-26 18:30:00+00:00
[2026-04-26T10:27:25.163+0000] {processor.py:208} INFO - Processing /opt/airflow/dags/kafka_load.py took 0.350 seconds
[2026-04-26T10:27:55.277+0000] {processor.py:186} INFO - Started process (PID=553) to work on /opt/airflow/dags/kafka_load.py
[2026-04-26T10:27:55.279+0000] {processor.py:914} INFO - Processing file /opt/airflow/dags/kafka_load.py for tasks to queue
[2026-04-26T10:27:55.282+0000] {logging_mixin.py:190} INFO - [2026-04-26T10:27:55.281+0000] {dagbag.py:588} INFO - Filling up the DagBag from /opt/airflow/dags/kafka_load.py
[2026-04-26T10:27:55.323+0000] {processor.py:925} INFO - DAG(s) 'kafka_producer' retrieved from /opt/airflow/dags/kafka_load.py
[2026-04-26T10:27:55.351+0000] {logging_mixin.py:190} INFO - [2026-04-26T10:27:55.351+0000] {dag.py:3239} INFO - Sync 1 DAGs
[2026-04-26T10:27:55.385+0000] {logging_mixin.py:190} INFO - [2026-04-26T10:27:55.385+0000] {dag.py:4180} INFO - Setting next_dagrun for kafka_producer to 2026-04-25 18:30:00+00:00, run_after=2026-04-26 18:30:00+00:00
[2026-04-26T10:27:55.410+0000] {processor.py:208} INFO - Processing /opt/airflow/dags/kafka_load.py took 0.142 seconds
[2026-04-26T10:28:25.901+0000] {processor.py:186} INFO - Started process (PID=556) to work on /opt/airflow/dags/kafka_load.py
[2026-04-26T10:28:25.902+0000] {processor.py:914} INFO - Processing file /opt/airflow/dags/kafka_load.py for tasks to queue
[2026-04-26T10:28:25.906+0000] {logging_mixin.py:190} INFO - [2026-04-26T10:28:25.905+0000] {dagbag.py:588} INFO - Filling up the DagBag from /opt/airflow/dags/kafka_load.py
[2026-04-26T10:28:25.944+0000] {processor.py:925} INFO - DAG(s) 'kafka_producer' retrieved from /opt/airflow/dags/kafka_load.py
[2026-04-26T10:28:25.973+0000] {logging_mixin.py:190} INFO - [2026-04-26T10:28:25.973+0000] {dag.py:3239} INFO - Sync 1 DAGs
[2026-04-26T10:28:26.006+0000] {logging_mixin.py:190} INFO - [2026-04-26T10:28:26.006+0000] {dag.py:4180} INFO - Setting next_dagrun for kafka_producer to 2026-04-25 18:30:00+00:00, run_after=2026-04-26 18:30:00+00:00
[2026-04-26T10:28:26.648+0000] {processor.py:208} INFO - Processing /opt/airflow/dags/kafka_load.py took 0.756 seconds
[2026-04-26T10:28:57.227+0000] {processor.py:186} INFO - Started process (PID=559) to work on /opt/airflow/dags/kafka_load.py
[2026-04-26T10:28:57.229+0000] {processor.py:914} INFO - Processing file /opt/airflow/dags/kafka_load.py for tasks to queue
[2026-04-26T10:28:57.232+0000] {logging_mixin.py:190} INFO - [2026-04-26T10:28:57.231+0000] {dagbag.py:588} INFO - Filling up the DagBag from /opt/airflow/dags/kafka_load.py
[2026-04-26T10:28:57.272+0000] {processor.py:925} INFO - DAG(s) 'kafka_producer' retrieved from /opt/airflow/dags/kafka_load.py
[2026-04-26T10:28:57.303+0000] {logging_mixin.py:190} INFO - [2026-04-26T10:28:57.302+0000] {dag.py:3239} INFO - Sync 1 DAGs
[2026-04-26T10:28:57.518+0000] {logging_mixin.py:190} INFO - [2026-04-26T10:28:57.518+0000] {dag.py:4180} INFO - Setting next_dagrun for kafka_producer to 2026-04-25 18:30:00+00:00, run_after=2026-04-26 18:30:00+00:00
[2026-04-26T10:28:57.543+0000] {processor.py:208} INFO - Processing /opt/airflow/dags/kafka_load.py took 0.326 seconds
[2026-04-26T10:29:28.067+0000] {processor.py:186} INFO - Started process (PID=562) to work on /opt/airflow/dags/kafka_load.py
[2026-04-26T10:29:28.068+0000] {processor.py:914} INFO - Processing file /opt/airflow/dags/kafka_load.py for tasks to queue
[2026-04-26T10:29:28.071+0000] {logging_mixin.py:190} INFO - [2026-04-26T10:29:28.071+0000] {dagbag.py:588} INFO - Filling up the DagBag from /opt/airflow/dags/kafka_load.py
[2026-04-26T10:29:28.108+0000] {processor.py:925} INFO - DAG(s) 'kafka_producer' retrieved from /opt/airflow/dags/kafka_load.py
[2026-04-26T10:29:28.134+0000] {logging_mixin.py:190} INFO - [2026-04-26T10:29:28.134+0000] {dag.py:3239} INFO - Sync 1 DAGs
[2026-04-26T10:29:28.346+0000] {logging_mixin.py:190} INFO - [2026-04-26T10:29:28.346+0000] {dag.py:4180} INFO - Setting next_dagrun for kafka_producer to 2026-04-25 18:30:00+00:00, run_after=2026-04-26 18:30:00+00:00
[2026-04-26T10:29:28.370+0000] {processor.py:208} INFO - Processing /opt/airflow/dags/kafka_load.py took 0.312 seconds
[2026-04-26T10:29:58.861+0000] {processor.py:186} INFO - Started process (PID=565) to work on /opt/airflow/dags/kafka_load.py
[2026-04-26T10:29:58.863+0000] {processor.py:914} INFO - Processing file /opt/airflow/dags/kafka_load.py for tasks to queue
[2026-04-26T10:29:58.866+0000] {logging_mixin.py:190} INFO - [2026-04-26T10:29:58.865+0000] {dagbag.py:588} INFO - Filling up the DagBag from /opt/airflow/dags/kafka_load.py
[2026-04-26T10:29:58.921+0000] {processor.py:925} INFO - DAG(s) 'kafka_producer' retrieved from /opt/airflow/dags/kafka_load.py
[2026-04-26T10:29:58.985+0000] {logging_mixin.py:190} INFO - [2026-04-26T10:29:58.983+0000] {dag.py:3239} INFO - Sync 1 DAGs
[2026-04-26T10:29:59.035+0000] {logging_mixin.py:190} INFO - [2026-04-26T10:29:59.034+0000] {dag.py:4180} INFO - Setting next_dagrun for kafka_producer to 2026-04-25 18:30:00+00:00, run_after=2026-04-26 18:30:00+00:00
[2026-04-26T10:29:59.058+0000] {processor.py:208} INFO - Processing /opt/airflow/dags/kafka_load.py took 0.206 seconds
[2026-04-26T10:30:29.595+0000] {processor.py:186} INFO - Started process (PID=568) to work on /opt/airflow/dags/kafka_load.py
[2026-04-26T10:30:29.596+0000] {processor.py:914} INFO - Processing file /opt/airflow/dags/kafka_load.py for tasks to queue
[2026-04-26T10:30:29.600+0000] {logging_mixin.py:190} INFO - [2026-04-26T10:30:29.600+0000] {dagbag.py:588} INFO - Filling up the DagBag from /opt/airflow/dags/kafka_load.py
[2026-04-26T10:30:29.636+0000] {processor.py:925} INFO - DAG(s) 'kafka_producer' retrieved from /opt/airflow/dags/kafka_load.py
[2026-04-26T10:30:29.664+0000] {logging_mixin.py:190} INFO - [2026-04-26T10:30:29.664+0000] {dag.py:3239} INFO - Sync 1 DAGs
[2026-04-26T10:30:29.695+0000] {logging_mixin.py:190} INFO - [2026-04-26T10:30:29.694+0000] {dag.py:4180} INFO - Setting next_dagrun for kafka_producer to 2026-04-25 18:30:00+00:00, run_after=2026-04-26 18:30:00+00:00
[2026-04-26T10:30:29.721+0000] {processor.py:208} INFO - Processing /opt/airflow/dags/kafka_load.py took 0.139 seconds
[2026-04-26T10:31:00.156+0000] {processor.py:186} INFO - Started process (PID=571) to work on /opt/airflow/dags/kafka_load.py
[2026-04-26T10:31:00.158+0000] {processor.py:914} INFO - Processing file /opt/airflow/dags/kafka_load.py for tasks to queue
[2026-04-26T10:31:00.161+0000] {logging_mixin.py:190} INFO - [2026-04-26T10:31:00.160+0000] {dagbag.py:588} INFO - Filling up the DagBag from /opt/airflow/dags/kafka_load.py
[2026-04-26T10:31:00.194+0000] {processor.py:925} INFO - DAG(s) 'kafka_producer' retrieved from /opt/airflow/dags/kafka_load.py
[2026-04-26T10:31:00.230+0000] {logging_mixin.py:190} INFO - [2026-04-26T10:31:00.230+0000] {dag.py:3239} INFO - Sync 1 DAGs
[2026-04-26T10:31:00.261+0000] {logging_mixin.py:190} INFO - [2026-04-26T10:31:00.260+0000] {dag.py:4180} INFO - Setting next_dagrun for kafka_producer to 2026-04-25 18:30:00+00:00, run_after=2026-04-26 18:30:00+00:00
[2026-04-26T10:31:00.288+0000] {processor.py:208} INFO - Processing /opt/airflow/dags/kafka_load.py took 0.141 seconds
[2026-04-26T10:31:30.753+0000] {processor.py:186} INFO - Started process (PID=574) to work on /opt/airflow/dags/kafka_load.py
[2026-04-26T10:31:30.755+0000] {processor.py:914} INFO - Processing file /opt/airflow/dags/kafka_load.py for tasks to queue
[2026-04-26T10:31:30.758+0000] {logging_mixin.py:190} INFO - [2026-04-26T10:31:30.757+0000] {dagbag.py:588} INFO - Filling up the DagBag from /opt/airflow/dags/kafka_load.py
[2026-04-26T10:31:30.791+0000] {processor.py:925} INFO - DAG(s) 'kafka_producer' retrieved from /opt/airflow/dags/kafka_load.py
[2026-04-26T10:31:30.819+0000] {logging_mixin.py:190} INFO - [2026-04-26T10:31:30.819+0000] {dag.py:3239} INFO - Sync 1 DAGs
[2026-04-26T10:31:31.095+0000] {logging_mixin.py:190} INFO - [2026-04-26T10:31:31.094+0000] {dag.py:4180} INFO - Setting next_dagrun for kafka_producer to 2026-04-25 18:30:00+00:00, run_after=2026-04-26 18:30:00+00:00
[2026-04-26T10:31:32.055+0000] {processor.py:208} INFO - Processing /opt/airflow/dags/kafka_load.py took 1.309 seconds
[2026-04-26T10:32:02.191+0000] {processor.py:186} INFO - Started process (PID=577) to work on /opt/airflow/dags/kafka_load.py
[2026-04-26T10:32:02.192+0000] {processor.py:914} INFO - Processing file /opt/airflow/dags/kafka_load.py for tasks to queue
[2026-04-26T10:32:02.197+0000] {logging_mixin.py:190} INFO - [2026-04-26T10:32:02.196+0000] {dagbag.py:588} INFO - Filling up the DagBag from /opt/airflow/dags/kafka_load.py
[2026-04-26T10:32:02.228+0000] {processor.py:925} INFO - DAG(s) 'kafka_producer' retrieved from /opt/airflow/dags/kafka_load.py
[2026-04-26T10:32:02.256+0000] {logging_mixin.py:190} INFO - [2026-04-26T10:32:02.256+0000] {dag.py:3239} INFO - Sync 1 DAGs
[2026-04-26T10:32:02.465+0000] {logging_mixin.py:190} INFO - [2026-04-26T10:32:02.465+0000] {dag.py:4180} INFO - Setting next_dagrun for kafka_producer to 2026-04-25 18:30:00+00:00, run_after=2026-04-26 18:30:00+00:00
[2026-04-26T10:32:02.490+0000] {processor.py:208} INFO - Processing /opt/airflow/dags/kafka_load.py took 0.307 seconds
[2026-04-26T10:32:33.443+0000] {processor.py:186} INFO - Started process (PID=580) to work on /opt/airflow/dags/kafka_load.py
[2026-04-26T10:32:33.444+0000] {processor.py:914} INFO - Processing file /opt/airflow/dags/kafka_load.py for tasks to queue
[2026-04-26T10:32:33.447+0000] {logging_mixin.py:190} INFO - [2026-04-26T10:32:33.447+0000] {dagbag.py:588} INFO - Filling up the DagBag from /opt/airflow/dags/kafka_load.py
[2026-04-26T10:32:33.477+0000] {processor.py:925} INFO - DAG(s) 'kafka_producer' retrieved from /opt/airflow/dags/kafka_load.py
[2026-04-26T10:32:33.502+0000] {logging_mixin.py:190} INFO - [2026-04-26T10:32:33.501+0000] {dag.py:3239} INFO - Sync 1 DAGs
[2026-04-26T10:32:33.533+0000] {logging_mixin.py:190} INFO - [2026-04-26T10:32:33.533+0000] {dag.py:4180} INFO - Setting next_dagrun for kafka_producer to 2026-04-25 18:30:00+00:00, run_after=2026-04-26 18:30:00+00:00
[2026-04-26T10:32:33.561+0000] {processor.py:208} INFO - Processing /opt/airflow/dags/kafka_load.py took 0.127 seconds
[2026-04-26T10:33:03.975+0000] {processor.py:186} INFO - Started process (PID=583) to work on /opt/airflow/dags/kafka_load.py
[2026-04-26T10:33:03.977+0000] {processor.py:914} INFO - Processing file /opt/airflow/dags/kafka_load.py for tasks to queue
[2026-04-26T10:33:03.980+0000] {logging_mixin.py:190} INFO - [2026-04-26T10:33:03.979+0000] {dagbag.py:588} INFO - Filling up the DagBag from /opt/airflow/dags/kafka_load.py
[2026-04-26T10:33:04.015+0000] {processor.py:925} INFO - DAG(s) 'kafka_producer' retrieved from /opt/airflow/dags/kafka_load.py
[2026-04-26T10:33:04.043+0000] {logging_mixin.py:190} INFO - [2026-04-26T10:33:04.043+0000] {dag.py:3239} INFO - Sync 1 DAGs
[2026-04-26T10:33:04.089+0000] {logging_mixin.py:190} INFO - [2026-04-26T10:33:04.089+0000] {dag.py:4180} INFO - Setting next_dagrun for kafka_producer to 2026-04-25 18:30:00+00:00, run_after=2026-04-26 18:30:00+00:00
[2026-04-26T10:33:04.119+0000] {processor.py:208} INFO - Processing /opt/airflow/dags/kafka_load.py took 0.152 seconds
[2026-04-26T10:33:34.533+0000] {processor.py:186} INFO - Started process (PID=586) to work on /opt/airflow/dags/kafka_load.py
[2026-04-26T10:33:34.536+0000] {processor.py:914} INFO - Processing file /opt/airflow/dags/kafka_load.py for tasks to queue
[2026-04-26T10:33:34.539+0000] {logging_mixin.py:190} INFO - [2026-04-26T10:33:34.539+0000] {dagbag.py:588} INFO - Filling up the DagBag from /opt/airflow/dags/kafka_load.py
[2026-04-26T10:33:34.581+0000] {processor.py:925} INFO - DAG(s) 'kafka_producer' retrieved from /opt/airflow/dags/kafka_load.py
[2026-04-26T10:33:34.609+0000] {logging_mixin.py:190} INFO - [2026-04-26T10:33:34.608+0000] {dag.py:3239} INFO - Sync 1 DAGs
[2026-04-26T10:33:34.640+0000] {logging_mixin.py:190} INFO - [2026-04-26T10:33:34.639+0000] {dag.py:4180} INFO - Setting next_dagrun for kafka_producer to 2026-04-25 18:30:00+00:00, run_after=2026-04-26 18:30:00+00:00
[2026-04-26T10:33:34.666+0000] {processor.py:208} INFO - Processing /opt/airflow/dags/kafka_load.py took 0.141 seconds
[2026-04-26T10:34:05.317+0000] {processor.py:186} INFO - Started process (PID=589) to work on /opt/airflow/dags/kafka_load.py
[2026-04-26T10:34:05.319+0000] {processor.py:914} INFO - Processing file /opt/airflow/dags/kafka_load.py for tasks to queue
[2026-04-26T10:34:05.322+0000] {logging_mixin.py:190} INFO - [2026-04-26T10:34:05.321+0000] {dagbag.py:588} INFO - Filling up the DagBag from /opt/airflow/dags/kafka_load.py
[2026-04-26T10:34:05.358+0000] {processor.py:925} INFO - DAG(s) 'kafka_producer' retrieved from /opt/airflow/dags/kafka_load.py
[2026-04-26T10:34:05.386+0000] {logging_mixin.py:190} INFO - [2026-04-26T10:34:05.386+0000] {dag.py:3239} INFO - Sync 1 DAGs
[2026-04-26T10:34:05.603+0000] {logging_mixin.py:190} INFO - [2026-04-26T10:34:05.602+0000] {dag.py:4180} INFO - Setting next_dagrun for kafka_producer to 2026-04-25 18:30:00+00:00, run_after=2026-04-26 18:30:00+00:00
[2026-04-26T10:34:05.625+0000] {processor.py:208} INFO - Processing /opt/airflow/dags/kafka_load.py took 0.318 seconds
[2026-04-26T10:34:36.102+0000] {processor.py:186} INFO - Started process (PID=592) to work on /opt/airflow/dags/kafka_load.py
[2026-04-26T10:34:36.104+0000] {processor.py:914} INFO - Processing file /opt/airflow/dags/kafka_load.py for tasks to queue
[2026-04-26T10:34:36.108+0000] {logging_mixin.py:190} INFO - [2026-04-26T10:34:36.107+0000] {dagbag.py:588} INFO - Filling up the DagBag from /opt/airflow/dags/kafka_load.py
[2026-04-26T10:34:36.139+0000] {processor.py:925} INFO - DAG(s) 'kafka_producer' retrieved from /opt/airflow/dags/kafka_load.py
[2026-04-26T10:34:36.168+0000] {logging_mixin.py:190} INFO - [2026-04-26T10:34:36.167+0000] {dag.py:3239} INFO - Sync 1 DAGs
[2026-04-26T10:34:36.380+0000] {logging_mixin.py:190} INFO - [2026-04-26T10:34:36.380+0000] {dag.py:4180} INFO - Setting next_dagrun for kafka_producer to 2026-04-25 18:30:00+00:00, run_after=2026-04-26 18:30:00+00:00
[2026-04-26T10:34:36.404+0000] {processor.py:208} INFO - Processing /opt/airflow/dags/kafka_load.py took 0.311 seconds
[2026-04-26T10:35:06.948+0000] {processor.py:186} INFO - Started process (PID=595) to work on /opt/airflow/dags/kafka_load.py
[2026-04-26T10:35:06.949+0000] {processor.py:914} INFO - Processing file /opt/airflow/dags/kafka_load.py for tasks to queue
[2026-04-26T10:35:06.952+0000] {logging_mixin.py:190} INFO - [2026-04-26T10:35:06.952+0000] {dagbag.py:588} INFO - Filling up the DagBag from /opt/airflow/dags/kafka_load.py
[2026-04-26T10:35:06.988+0000] {processor.py:925} INFO - DAG(s) 'kafka_producer' retrieved from /opt/airflow/dags/kafka_load.py
[2026-04-26T10:35:07.014+0000] {logging_mixin.py:190} INFO - [2026-04-26T10:35:07.014+0000] {dag.py:3239} INFO - Sync 1 DAGs
[2026-04-26T10:35:07.044+0000] {logging_mixin.py:190} INFO - [2026-04-26T10:35:07.043+0000] {dag.py:4180} INFO - Setting next_dagrun for kafka_producer to 2026-04-25 18:30:00+00:00, run_after=2026-04-26 18:30:00+00:00
[2026-04-26T10:35:07.250+0000] {processor.py:208} INFO - Processing /opt/airflow/dags/kafka_load.py took 0.309 seconds
[2026-04-26T10:35:37.418+0000] {processor.py:186} INFO - Started process (PID=598) to work on /opt/airflow/dags/kafka_load.py
[2026-04-26T10:35:37.420+0000] {processor.py:914} INFO - Processing file /opt/airflow/dags/kafka_load.py for tasks to queue
[2026-04-26T10:35:37.424+0000] {logging_mixin.py:190} INFO - [2026-04-26T10:35:37.424+0000] {dagbag.py:588} INFO - Filling up the DagBag from /opt/airflow/dags/kafka_load.py
[2026-04-26T10:35:37.463+0000] {processor.py:925} INFO - DAG(s) 'kafka_producer' retrieved from /opt/airflow/dags/kafka_load.py
[2026-04-26T10:35:37.500+0000] {logging_mixin.py:190} INFO - [2026-04-26T10:35:37.499+0000] {dag.py:3239} INFO - Sync 1 DAGs
[2026-04-26T10:35:37.535+0000] {logging_mixin.py:190} INFO - [2026-04-26T10:35:37.535+0000] {dag.py:4180} INFO - Setting next_dagrun for kafka_producer to 2026-04-25 18:30:00+00:00, run_after=2026-04-26 18:30:00+00:00
[2026-04-26T10:35:37.568+0000] {processor.py:208} INFO - Processing /opt/airflow/dags/kafka_load.py took 0.158 seconds
[2026-04-26T10:36:08.090+0000] {processor.py:186} INFO - Started process (PID=601) to work on /opt/airflow/dags/kafka_load.py
[2026-04-26T10:36:08.092+0000] {processor.py:914} INFO - Processing file /opt/airflow/dags/kafka_load.py for tasks to queue
[2026-04-26T10:36:08.095+0000] {logging_mixin.py:190} INFO - [2026-04-26T10:36:08.095+0000] {dagbag.py:588} INFO - Filling up the DagBag from /opt/airflow/dags/kafka_load.py
[2026-04-26T10:36:08.128+0000] {processor.py:925} INFO - DAG(s) 'kafka_producer' retrieved from /opt/airflow/dags/kafka_load.py
[2026-04-26T10:36:08.155+0000] {logging_mixin.py:190} INFO - [2026-04-26T10:36:08.155+0000] {dag.py:3239} INFO - Sync 1 DAGs
[2026-04-26T10:36:08.193+0000] {logging_mixin.py:190} INFO - [2026-04-26T10:36:08.193+0000] {dag.py:4180} INFO - Setting next_dagrun for kafka_producer to 2026-04-25 18:30:00+00:00, run_after=2026-04-26 18:30:00+00:00
[2026-04-26T10:36:08.222+0000] {processor.py:208} INFO - Processing /opt/airflow/dags/kafka_load.py took 0.144 seconds
[2026-04-26T10:36:38.676+0000] {processor.py:186} INFO - Started process (PID=604) to work on /opt/airflow/dags/kafka_load.py
[2026-04-26T10:36:38.678+0000] {processor.py:914} INFO - Processing file /opt/airflow/dags/kafka_load.py for tasks to queue
[2026-04-26T10:36:38.681+0000] {logging_mixin.py:190} INFO - [2026-04-26T10:36:38.681+0000] {dagbag.py:588} INFO - Filling up the DagBag from /opt/airflow/dags/kafka_load.py
[2026-04-26T10:36:38.710+0000] {processor.py:925} INFO - DAG(s) 'kafka_producer' retrieved from /opt/airflow/dags/kafka_load.py
[2026-04-26T10:36:38.734+0000] {logging_mixin.py:190} INFO - [2026-04-26T10:36:38.733+0000] {dag.py:3239} INFO - Sync 1 DAGs
[2026-04-26T10:36:38.947+0000] {logging_mixin.py:190} INFO - [2026-04-26T10:36:38.946+0000] {dag.py:4180} INFO - Setting next_dagrun for kafka_producer to 2026-04-25 18:30:00+00:00, run_after=2026-04-26 18:30:00+00:00
[2026-04-26T10:36:38.976+0000] {processor.py:208} INFO - Processing /opt/airflow/dags/kafka_load.py took 0.308 seconds
[2026-04-26T10:37:09.592+0000] {processor.py:186} INFO - Started process (PID=607) to work on /opt/airflow/dags/kafka_load.py
[2026-04-26T10:37:09.593+0000] {processor.py:914} INFO - Processing file /opt/airflow/dags/kafka_load.py for tasks to queue
[2026-04-26T10:37:09.598+0000] {logging_mixin.py:190} INFO - [2026-04-26T10:37:09.598+0000] {dagbag.py:588} INFO - Filling up the DagBag from /opt/airflow/dags/kafka_load.py
[2026-04-26T10:37:09.630+0000] {processor.py:925} INFO - DAG(s) 'kafka_producer' retrieved from /opt/airflow/dags/kafka_load.py
[2026-04-26T10:37:09.656+0000] {logging_mixin.py:190} INFO - [2026-04-26T10:37:09.656+0000] {dag.py:3239} INFO - Sync 1 DAGs
[2026-04-26T10:37:09.867+0000] {logging_mixin.py:190} INFO - [2026-04-26T10:37:09.867+0000] {dag.py:4180} INFO - Setting next_dagrun for kafka_producer to 2026-04-25 18:30:00+00:00, run_after=2026-04-26 18:30:00+00:00
[2026-04-26T10:37:09.893+0000] {processor.py:208} INFO - Processing /opt/airflow/dags/kafka_load.py took 0.308 seconds
[2026-04-26T10:37:40.373+0000] {processor.py:186} INFO - Started process (PID=610) to work on /opt/airflow/dags/kafka_load.py
[2026-04-26T10:37:40.375+0000] {processor.py:914} INFO - Processing file /opt/airflow/dags/kafka_load.py for tasks to queue
[2026-04-26T10:37:40.378+0000] {logging_mixin.py:190} INFO - [2026-04-26T10:37:40.378+0000] {dagbag.py:588} INFO - Filling up the DagBag from /opt/airflow/dags/kafka_load.py
[2026-04-26T10:37:40.602+0000] {processor.py:925} INFO - DAG(s) 'kafka_producer' retrieved from /opt/airflow/dags/kafka_load.py
[2026-04-26T10:37:40.623+0000] {logging_mixin.py:190} INFO - [2026-04-26T10:37:40.623+0000] {dag.py:3239} INFO - Sync 1 DAGs
[2026-04-26T10:37:40.651+0000] {logging_mixin.py:190} INFO - [2026-04-26T10:37:40.651+0000] {dag.py:4180} INFO - Setting next_dagrun for kafka_producer to 2026-04-25 18:30:00+00:00, run_after=2026-04-26 18:30:00+00:00
[2026-04-26T10:37:40.680+0000] {processor.py:208} INFO - Processing /opt/airflow/dags/kafka_load.py took 0.315 seconds
[2026-04-26T10:38:11.396+0000] {processor.py:186} INFO - Started process (PID=613) to work on /opt/airflow/dags/kafka_load.py
[2026-04-26T10:38:11.398+0000] {processor.py:914} INFO - Processing file /opt/airflow/dags/kafka_load.py for tasks to queue
[2026-04-26T10:38:11.401+0000] {logging_mixin.py:190} INFO - [2026-04-26T10:38:11.400+0000] {dagbag.py:588} INFO - Filling up the DagBag from /opt/airflow/dags/kafka_load.py
[2026-04-26T10:38:11.432+0000] {processor.py:925} INFO - DAG(s) 'kafka_producer' retrieved from /opt/airflow/dags/kafka_load.py
[2026-04-26T10:38:11.458+0000] {logging_mixin.py:190} INFO - [2026-04-26T10:38:11.458+0000] {dag.py:3239} INFO - Sync 1 DAGs
[2026-04-26T10:38:11.491+0000] {logging_mixin.py:190} INFO - [2026-04-26T10:38:11.491+0000] {dag.py:4180} INFO - Setting next_dagrun for kafka_producer to 2026-04-25 18:30:00+00:00, run_after=2026-04-26 18:30:00+00:00
[2026-04-26T10:38:11.517+0000] {processor.py:208} INFO - Processing /opt/airflow/dags/kafka_load.py took 0.129 seconds
[2026-04-26T10:38:41.996+0000] {processor.py:186} INFO - Started process (PID=616) to work on /opt/airflow/dags/kafka_load.py
[2026-04-26T10:38:41.997+0000] {processor.py:914} INFO - Processing file /opt/airflow/dags/kafka_load.py for tasks to queue
[2026-04-26T10:38:42.001+0000] {logging_mixin.py:190} INFO - [2026-04-26T10:38:42.000+0000] {dagbag.py:588} INFO - Filling up the DagBag from /opt/airflow/dags/kafka_load.py
[2026-04-26T10:38:42.036+0000] {processor.py:925} INFO - DAG(s) 'kafka_producer' retrieved from /opt/airflow/dags/kafka_load.py
[2026-04-26T10:38:42.061+0000] {logging_mixin.py:190} INFO - [2026-04-26T10:38:42.061+0000] {dag.py:3239} INFO - Sync 1 DAGs
[2026-04-26T10:38:42.096+0000] {logging_mixin.py:190} INFO - [2026-04-26T10:38:42.095+0000] {dag.py:4180} INFO - Setting next_dagrun for kafka_producer to 2026-04-25 18:30:00+00:00, run_after=2026-04-26 18:30:00+00:00
[2026-04-26T10:38:42.119+0000] {processor.py:208} INFO - Processing /opt/airflow/dags/kafka_load.py took 0.134 seconds
[2026-04-26T10:39:12.726+0000] {processor.py:186} INFO - Started process (PID=619) to work on /opt/airflow/dags/kafka_load.py
[2026-04-26T10:39:12.729+0000] {processor.py:914} INFO - Processing file /opt/airflow/dags/kafka_load.py for tasks to queue
[2026-04-26T10:39:12.733+0000] {logging_mixin.py:190} INFO - [2026-04-26T10:39:12.732+0000] {dagbag.py:588} INFO - Filling up the DagBag from /opt/airflow/dags/kafka_load.py
[2026-04-26T10:39:12.769+0000] {processor.py:925} INFO - DAG(s) 'kafka_producer' retrieved from /opt/airflow/dags/kafka_load.py
[2026-04-26T10:39:12.798+0000] {logging_mixin.py:190} INFO - [2026-04-26T10:39:12.798+0000] {dag.py:3239} INFO - Sync 1 DAGs
[2026-04-26T10:39:12.829+0000] {logging_mixin.py:190} INFO - [2026-04-26T10:39:12.829+0000] {dag.py:4180} INFO - Setting next_dagrun for kafka_producer to 2026-04-25 18:30:00+00:00, run_after=2026-04-26 18:30:00+00:00
[2026-04-26T10:39:12.857+0000] {processor.py:208} INFO - Processing /opt/airflow/dags/kafka_load.py took 0.139 seconds
[2026-04-26T10:39:43.449+0000] {processor.py:186} INFO - Started process (PID=622) to work on /opt/airflow/dags/kafka_load.py
[2026-04-26T10:39:43.450+0000] {processor.py:914} INFO - Processing file /opt/airflow/dags/kafka_load.py for tasks to queue
[2026-04-26T10:39:43.453+0000] {logging_mixin.py:190} INFO - [2026-04-26T10:39:43.453+0000] {dagbag.py:588} INFO - Filling up the DagBag from /opt/airflow/dags/kafka_load.py
[2026-04-26T10:39:43.494+0000] {processor.py:925} INFO - DAG(s) 'kafka_producer' retrieved from /opt/airflow/dags/kafka_load.py
[2026-04-26T10:39:43.524+0000] {logging_mixin.py:190} INFO - [2026-04-26T10:39:43.524+0000] {dag.py:3239} INFO - Sync 1 DAGs
[2026-04-26T10:39:43.553+0000] {logging_mixin.py:190} INFO - [2026-04-26T10:39:43.553+0000] {dag.py:4180} INFO - Setting next_dagrun for kafka_producer to 2026-04-25 18:30:00+00:00, run_after=2026-04-26 18:30:00+00:00
[2026-04-26T10:39:43.578+0000] {processor.py:208} INFO - Processing /opt/airflow/dags/kafka_load.py took 0.137 seconds
[2026-04-26T10:40:14.046+0000] {processor.py:186} INFO - Started process (PID=625) to work on /opt/airflow/dags/kafka_load.py
[2026-04-26T10:40:14.047+0000] {processor.py:914} INFO - Processing file /opt/airflow/dags/kafka_load.py for tasks to queue
[2026-04-26T10:40:14.050+0000] {logging_mixin.py:190} INFO - [2026-04-26T10:40:14.050+0000] {dagbag.py:588} INFO - Filling up the DagBag from /opt/airflow/dags/kafka_load.py
[2026-04-26T10:40:14.083+0000] {processor.py:925} INFO - DAG(s) 'kafka_producer' retrieved from /opt/airflow/dags/kafka_load.py
[2026-04-26T10:40:14.110+0000] {logging_mixin.py:190} INFO - [2026-04-26T10:40:14.110+0000] {dag.py:3239} INFO - Sync 1 DAGs
[2026-04-26T10:40:14.142+0000] {logging_mixin.py:190} INFO - [2026-04-26T10:40:14.142+0000] {dag.py:4180} INFO - Setting next_dagrun for kafka_producer to 2026-04-25 18:30:00+00:00, run_after=2026-04-26 18:30:00+00:00
[2026-04-26T10:40:14.168+0000] {processor.py:208} INFO - Processing /opt/airflow/dags/kafka_load.py took 0.130 seconds
[2026-04-26T10:40:44.595+0000] {processor.py:186} INFO - Started process (PID=628) to work on /opt/airflow/dags/kafka_load.py
[2026-04-26T10:40:44.597+0000] {processor.py:914} INFO - Processing file /opt/airflow/dags/kafka_load.py for tasks to queue
[2026-04-26T10:40:44.603+0000] {logging_mixin.py:190} INFO - [2026-04-26T10:40:44.602+0000] {dagbag.py:588} INFO - Filling up the DagBag from /opt/airflow/dags/kafka_load.py
[2026-04-26T10:40:44.638+0000] {processor.py:925} INFO - DAG(s) 'kafka_producer' retrieved from /opt/airflow/dags/kafka_load.py
[2026-04-26T10:40:44.664+0000] {logging_mixin.py:190} INFO - [2026-04-26T10:40:44.663+0000] {dag.py:3239} INFO - Sync 1 DAGs
[2026-04-26T10:40:44.695+0000] {logging_mixin.py:190} INFO - [2026-04-26T10:40:44.695+0000] {dag.py:4180} INFO - Setting next_dagrun for kafka_producer to 2026-04-25 18:30:00+00:00, run_after=2026-04-26 18:30:00+00:00
[2026-04-26T10:40:44.728+0000] {processor.py:208} INFO - Processing /opt/airflow/dags/kafka_load.py took 0.145 seconds
[2026-04-26T10:41:15.295+0000] {processor.py:186} INFO - Started process (PID=631) to work on /opt/airflow/dags/kafka_load.py
[2026-04-26T10:41:15.297+0000] {processor.py:914} INFO - Processing file /opt/airflow/dags/kafka_load.py for tasks to queue
[2026-04-26T10:41:15.302+0000] {logging_mixin.py:190} INFO - [2026-04-26T10:41:15.301+0000] {dagbag.py:588} INFO - Filling up the DagBag from /opt/airflow/dags/kafka_load.py
[2026-04-26T10:41:15.343+0000] {processor.py:925} INFO - DAG(s) 'kafka_producer' retrieved from /opt/airflow/dags/kafka_load.py
[2026-04-26T10:41:15.371+0000] {logging_mixin.py:190} INFO - [2026-04-26T10:41:15.371+0000] {dag.py:3239} INFO - Sync 1 DAGs
[2026-04-26T10:41:15.401+0000] {logging_mixin.py:190} INFO - [2026-04-26T10:41:15.400+0000] {dag.py:4180} INFO - Setting next_dagrun for kafka_producer to 2026-04-25 18:30:00+00:00, run_after=2026-04-26 18:30:00+00:00
[2026-04-26T10:41:15.426+0000] {processor.py:208} INFO - Processing /opt/airflow/dags/kafka_load.py took 0.148 seconds
[2026-04-26T10:41:45.905+0000] {processor.py:186} INFO - Started process (PID=634) to work on /opt/airflow/dags/kafka_load.py
[2026-04-26T10:41:45.906+0000] {processor.py:914} INFO - Processing file /opt/airflow/dags/kafka_load.py for tasks to queue
[2026-04-26T10:41:45.910+0000] {logging_mixin.py:190} INFO - [2026-04-26T10:41:45.909+0000] {dagbag.py:588} INFO - Filling up the DagBag from /opt/airflow/dags/kafka_load.py
[2026-04-26T10:41:45.947+0000] {processor.py:925} INFO - DAG(s) 'kafka_producer' retrieved from /opt/airflow/dags/kafka_load.py
[2026-04-26T10:41:45.975+0000] {logging_mixin.py:190} INFO - [2026-04-26T10:41:45.975+0000] {dag.py:3239} INFO - Sync 1 DAGs
[2026-04-26T10:41:46.008+0000] {logging_mixin.py:190} INFO - [2026-04-26T10:41:46.008+0000] {dag.py:4180} INFO - Setting next_dagrun for kafka_producer to 2026-04-25 18:30:00+00:00, run_after=2026-04-26 18:30:00+00:00
[2026-04-26T10:41:46.034+0000] {processor.py:208} INFO - Processing /opt/airflow/dags/kafka_load.py took 0.137 seconds
[2026-04-26T10:42:16.445+0000] {processor.py:186} INFO - Started process (PID=637) to work on /opt/airflow/dags/kafka_load.py
[2026-04-26T10:42:16.446+0000] {processor.py:914} INFO - Processing file /opt/airflow/dags/kafka_load.py for tasks to queue
[2026-04-26T10:42:16.450+0000] {logging_mixin.py:190} INFO - [2026-04-26T10:42:16.449+0000] {dagbag.py:588} INFO - Filling up the DagBag from /opt/airflow/dags/kafka_load.py
[2026-04-26T10:42:16.486+0000] {processor.py:925} INFO - DAG(s) 'kafka_producer' retrieved from /opt/airflow/dags/kafka_load.py
[2026-04-26T10:42:16.514+0000] {logging_mixin.py:190} INFO - [2026-04-26T10:42:16.514+0000] {dag.py:3239} INFO - Sync 1 DAGs
[2026-04-26T10:42:16.547+0000] {logging_mixin.py:190} INFO - [2026-04-26T10:42:16.547+0000] {dag.py:4180} INFO - Setting next_dagrun for kafka_producer to 2026-04-25 18:30:00+00:00, run_after=2026-04-26 18:30:00+00:00
[2026-04-26T10:42:16.574+0000] {processor.py:208} INFO - Processing /opt/airflow/dags/kafka_load.py took 0.138 seconds
[2026-04-26T10:42:47.028+0000] {processor.py:186} INFO - Started process (PID=640) to work on /opt/airflow/dags/kafka_load.py
[2026-04-26T10:42:47.030+0000] {processor.py:914} INFO - Processing file /opt/airflow/dags/kafka_load.py for tasks to queue
[2026-04-26T10:42:47.033+0000] {logging_mixin.py:190} INFO - [2026-04-26T10:42:47.033+0000] {dagbag.py:588} INFO - Filling up the DagBag from /opt/airflow/dags/kafka_load.py
[2026-04-26T10:42:47.065+0000] {processor.py:925} INFO - DAG(s) 'kafka_producer' retrieved from /opt/airflow/dags/kafka_load.py
[2026-04-26T10:42:47.093+0000] {logging_mixin.py:190} INFO - [2026-04-26T10:42:47.092+0000] {dag.py:3239} INFO - Sync 1 DAGs
[2026-04-26T10:42:47.122+0000] {logging_mixin.py:190} INFO - [2026-04-26T10:42:47.121+0000] {dag.py:4180} INFO - Setting next_dagrun for kafka_producer to 2026-04-25 18:30:00+00:00, run_after=2026-04-26 18:30:00+00:00
[2026-04-26T10:42:47.147+0000] {processor.py:208} INFO - Processing /opt/airflow/dags/kafka_load.py took 0.127 seconds
[2026-04-26T10:43:18.134+0000] {processor.py:186} INFO - Started process (PID=643) to work on /opt/airflow/dags/kafka_load.py
[2026-04-26T10:43:18.135+0000] {processor.py:914} INFO - Processing file /opt/airflow/dags/kafka_load.py for tasks to queue
[2026-04-26T10:43:18.138+0000] {logging_mixin.py:190} INFO - [2026-04-26T10:43:18.138+0000] {dagbag.py:588} INFO - Filling up the DagBag from /opt/airflow/dags/kafka_load.py
[2026-04-26T10:43:18.178+0000] {processor.py:925} INFO - DAG(s) 'kafka_producer' retrieved from /opt/airflow/dags/kafka_load.py
[2026-04-26T10:43:18.209+0000] {logging_mixin.py:190} INFO - [2026-04-26T10:43:18.209+0000] {dag.py:3239} INFO - Sync 1 DAGs
[2026-04-26T10:43:18.242+0000] {logging_mixin.py:190} INFO - [2026-04-26T10:43:18.242+0000] {dag.py:4180} INFO - Setting next_dagrun for kafka_producer to 2026-04-25 18:30:00+00:00, run_after=2026-04-26 18:30:00+00:00
[2026-04-26T10:43:18.268+0000] {processor.py:208} INFO - Processing /opt/airflow/dags/kafka_load.py took 0.142 seconds
[2026-04-26T10:43:48.785+0000] {processor.py:186} INFO - Started process (PID=646) to work on /opt/airflow/dags/kafka_load.py
[2026-04-26T10:43:48.788+0000] {processor.py:914} INFO - Processing file /opt/airflow/dags/kafka_load.py for tasks to queue
[2026-04-26T10:43:48.791+0000] {logging_mixin.py:190} INFO - [2026-04-26T10:43:48.791+0000] {dagbag.py:588} INFO - Filling up the DagBag from /opt/airflow/dags/kafka_load.py
[2026-04-26T10:43:48.827+0000] {processor.py:925} INFO - DAG(s) 'kafka_producer' retrieved from /opt/airflow/dags/kafka_load.py
[2026-04-26T10:43:48.855+0000] {logging_mixin.py:190} INFO - [2026-04-26T10:43:48.854+0000] {dag.py:3239} INFO - Sync 1 DAGs
[2026-04-26T10:43:48.886+0000] {logging_mixin.py:190} INFO - [2026-04-26T10:43:48.886+0000] {dag.py:4180} INFO - Setting next_dagrun for kafka_producer to 2026-04-25 18:30:00+00:00, run_after=2026-04-26 18:30:00+00:00
[2026-04-26T10:43:48.914+0000] {processor.py:208} INFO - Processing /opt/airflow/dags/kafka_load.py took 0.137 seconds
[2026-04-26T10:44:19.479+0000] {processor.py:186} INFO - Started process (PID=649) to work on /opt/airflow/dags/kafka_load.py
[2026-04-26T10:44:19.481+0000] {processor.py:914} INFO - Processing file /opt/airflow/dags/kafka_load.py for tasks to queue
[2026-04-26T10:44:19.484+0000] {logging_mixin.py:190} INFO - [2026-04-26T10:44:19.484+0000] {dagbag.py:588} INFO - Filling up the DagBag from /opt/airflow/dags/kafka_load.py
[2026-04-26T10:44:19.538+0000] {processor.py:925} INFO - DAG(s) 'kafka_producer' retrieved from /opt/airflow/dags/kafka_load.py
[2026-04-26T10:44:19.613+0000] {logging_mixin.py:190} INFO - [2026-04-26T10:44:19.612+0000] {dag.py:3239} INFO - Sync 1 DAGs
[2026-04-26T10:44:19.712+0000] {logging_mixin.py:190} INFO - [2026-04-26T10:44:19.712+0000] {dag.py:4180} INFO - Setting next_dagrun for kafka_producer to 2026-04-25 18:30:00+00:00, run_after=2026-04-26 18:30:00+00:00
[2026-04-26T10:44:19.758+0000] {processor.py:208} INFO - Processing /opt/airflow/dags/kafka_load.py took 0.288 seconds
[2026-04-26T10:44:50.037+0000] {processor.py:186} INFO - Started process (PID=652) to work on /opt/airflow/dags/kafka_load.py
[2026-04-26T10:44:50.040+0000] {processor.py:914} INFO - Processing file /opt/airflow/dags/kafka_load.py for tasks to queue
[2026-04-26T10:44:50.051+0000] {logging_mixin.py:190} INFO - [2026-04-26T10:44:50.050+0000] {dagbag.py:588} INFO - Filling up the DagBag from /opt/airflow/dags/kafka_load.py
[2026-04-26T10:44:50.132+0000] {processor.py:925} INFO - DAG(s) 'kafka_producer' retrieved from /opt/airflow/dags/kafka_load.py
[2026-04-26T10:44:50.179+0000] {logging_mixin.py:190} INFO - [2026-04-26T10:44:50.179+0000] {dag.py:3239} INFO - Sync 1 DAGs
[2026-04-26T10:44:50.214+0000] {logging_mixin.py:190} INFO - [2026-04-26T10:44:50.214+0000] {dag.py:4180} INFO - Setting next_dagrun for kafka_producer to 2026-04-25 18:30:00+00:00, run_after=2026-04-26 18:30:00+00:00
[2026-04-26T10:44:50.247+0000] {processor.py:208} INFO - Processing /opt/airflow/dags/kafka_load.py took 0.237 seconds
[2026-04-26T10:45:21.773+0000] {processor.py:186} INFO - Started process (PID=655) to work on /opt/airflow/dags/kafka_load.py
[2026-04-26T10:45:21.774+0000] {processor.py:914} INFO - Processing file /opt/airflow/dags/kafka_load.py for tasks to queue
[2026-04-26T10:45:21.778+0000] {logging_mixin.py:190} INFO - [2026-04-26T10:45:21.777+0000] {dagbag.py:588} INFO - Filling up the DagBag from /opt/airflow/dags/kafka_load.py
[2026-04-26T10:45:21.815+0000] {processor.py:925} INFO - DAG(s) 'kafka_producer' retrieved from /opt/airflow/dags/kafka_load.py
[2026-04-26T10:45:21.845+0000] {logging_mixin.py:190} INFO - [2026-04-26T10:45:21.845+0000] {dag.py:3239} INFO - Sync 1 DAGs
[2026-04-26T10:45:21.875+0000] {logging_mixin.py:190} INFO - [2026-04-26T10:45:21.875+0000] {dag.py:4180} INFO - Setting next_dagrun for kafka_producer to 2026-04-25 18:30:00+00:00, run_after=2026-04-26 18:30:00+00:00
[2026-04-26T10:45:21.902+0000] {processor.py:208} INFO - Processing /opt/airflow/dags/kafka_load.py took 0.138 seconds
[2026-04-26T10:45:52.137+0000] {processor.py:186} INFO - Started process (PID=656) to work on /opt/airflow/dags/kafka_load.py
[2026-04-26T10:45:52.143+0000] {processor.py:914} INFO - Processing file /opt/airflow/dags/kafka_load.py for tasks to queue
[2026-04-26T10:45:52.148+0000] {logging_mixin.py:190} INFO - [2026-04-26T10:45:52.147+0000] {dagbag.py:588} INFO - Filling up the DagBag from /opt/airflow/dags/kafka_load.py
[2026-04-26T10:45:52.193+0000] {processor.py:925} INFO - DAG(s) 'kafka_producer' retrieved from /opt/airflow/dags/kafka_load.py
[2026-04-26T10:45:52.223+0000] {logging_mixin.py:190} INFO - [2026-04-26T10:45:52.223+0000] {dag.py:3239} INFO - Sync 1 DAGs
[2026-04-26T10:45:52.254+0000] {logging_mixin.py:190} INFO - [2026-04-26T10:45:52.253+0000] {dag.py:4180} INFO - Setting next_dagrun for kafka_producer to 2026-04-25 18:30:00+00:00, run_after=2026-04-26 18:30:00+00:00
[2026-04-26T10:45:52.278+0000] {processor.py:208} INFO - Processing /opt/airflow/dags/kafka_load.py took 0.150 seconds
[2026-04-26T10:46:22.806+0000] {processor.py:186} INFO - Started process (PID=659) to work on /opt/airflow/dags/kafka_load.py
[2026-04-26T10:46:22.808+0000] {processor.py:914} INFO - Processing file /opt/airflow/dags/kafka_load.py for tasks to queue
[2026-04-26T10:46:22.812+0000] {logging_mixin.py:190} INFO - [2026-04-26T10:46:22.811+0000] {dagbag.py:588} INFO - Filling up the DagBag from /opt/airflow/dags/kafka_load.py
[2026-04-26T10:46:22.850+0000] {processor.py:925} INFO - DAG(s) 'kafka_producer' retrieved from /opt/airflow/dags/kafka_load.py
[2026-04-26T10:46:22.876+0000] {logging_mixin.py:190} INFO - [2026-04-26T10:46:22.875+0000] {dag.py:3239} INFO - Sync 1 DAGs
[2026-04-26T10:46:22.907+0000] {logging_mixin.py:190} INFO - [2026-04-26T10:46:22.906+0000] {dag.py:4180} INFO - Setting next_dagrun for kafka_producer to 2026-04-25 18:30:00+00:00, run_after=2026-04-26 18:30:00+00:00
[2026-04-26T10:46:22.933+0000] {processor.py:208} INFO - Processing /opt/airflow/dags/kafka_load.py took 0.139 seconds
[2026-04-26T10:46:53.398+0000] {processor.py:186} INFO - Started process (PID=662) to work on /opt/airflow/dags/kafka_load.py
[2026-04-26T10:46:53.403+0000] {processor.py:914} INFO - Processing file /opt/airflow/dags/kafka_load.py for tasks to queue
[2026-04-26T10:46:53.407+0000] {logging_mixin.py:190} INFO - [2026-04-26T10:46:53.407+0000] {dagbag.py:588} INFO - Filling up the DagBag from /opt/airflow/dags/kafka_load.py
[2026-04-26T10:46:53.441+0000] {processor.py:925} INFO - DAG(s) 'kafka_producer' retrieved from /opt/airflow/dags/kafka_load.py
[2026-04-26T10:46:53.468+0000] {logging_mixin.py:190} INFO - [2026-04-26T10:46:53.468+0000] {dag.py:3239} INFO - Sync 1 DAGs
[2026-04-26T10:46:53.497+0000] {logging_mixin.py:190} INFO - [2026-04-26T10:46:53.497+0000] {dag.py:4180} INFO - Setting next_dagrun for kafka_producer to 2026-04-25 18:30:00+00:00, run_after=2026-04-26 18:30:00+00:00
[2026-04-26T10:46:53.522+0000] {processor.py:208} INFO - Processing /opt/airflow/dags/kafka_load.py took 0.133 seconds
[2026-04-26T10:47:24.038+0000] {processor.py:186} INFO - Started process (PID=665) to work on /opt/airflow/dags/kafka_load.py
[2026-04-26T10:47:24.040+0000] {processor.py:914} INFO - Processing file /opt/airflow/dags/kafka_load.py for tasks to queue
[2026-04-26T10:47:24.044+0000] {logging_mixin.py:190} INFO - [2026-04-26T10:47:24.043+0000] {dagbag.py:588} INFO - Filling up the DagBag from /opt/airflow/dags/kafka_load.py
[2026-04-26T10:47:24.083+0000] {processor.py:925} INFO - DAG(s) 'kafka_producer' retrieved from /opt/airflow/dags/kafka_load.py
[2026-04-26T10:47:24.111+0000] {logging_mixin.py:190} INFO - [2026-04-26T10:47:24.111+0000] {dag.py:3239} INFO - Sync 1 DAGs
[2026-04-26T10:47:24.145+0000] {logging_mixin.py:190} INFO - [2026-04-26T10:47:24.145+0000] {dag.py:4180} INFO - Setting next_dagrun for kafka_producer to 2026-04-25 18:30:00+00:00, run_after=2026-04-26 18:30:00+00:00
[2026-04-26T10:47:24.171+0000] {processor.py:208} INFO - Processing /opt/airflow/dags/kafka_load.py took 0.144 seconds
[2026-04-26T10:47:54.658+0000] {processor.py:186} INFO - Started process (PID=668) to work on /opt/airflow/dags/kafka_load.py
[2026-04-26T10:47:54.661+0000] {processor.py:914} INFO - Processing file /opt/airflow/dags/kafka_load.py for tasks to queue
[2026-04-26T10:47:54.665+0000] {logging_mixin.py:190} INFO - [2026-04-26T10:47:54.664+0000] {dagbag.py:588} INFO - Filling up the DagBag from /opt/airflow/dags/kafka_load.py
[2026-04-26T10:47:54.702+0000] {processor.py:925} INFO - DAG(s) 'kafka_producer' retrieved from /opt/airflow/dags/kafka_load.py
[2026-04-26T10:47:54.734+0000] {logging_mixin.py:190} INFO - [2026-04-26T10:47:54.734+0000] {dag.py:3239} INFO - Sync 1 DAGs
[2026-04-26T10:47:54.767+0000] {logging_mixin.py:190} INFO - [2026-04-26T10:47:54.767+0000] {dag.py:4180} INFO - Setting next_dagrun for kafka_producer to 2026-04-25 18:30:00+00:00, run_after=2026-04-26 18:30:00+00:00
[2026-04-26T10:47:54.798+0000] {processor.py:208} INFO - Processing /opt/airflow/dags/kafka_load.py took 0.150 seconds
[2026-04-26T10:48:25.254+0000] {processor.py:186} INFO - Started process (PID=671) to work on /opt/airflow/dags/kafka_load.py
[2026-04-26T10:48:25.255+0000] {processor.py:914} INFO - Processing file /opt/airflow/dags/kafka_load.py for tasks to queue
[2026-04-26T10:48:25.259+0000] {logging_mixin.py:190} INFO - [2026-04-26T10:48:25.259+0000] {dagbag.py:588} INFO - Filling up the DagBag from /opt/airflow/dags/kafka_load.py
[2026-04-26T10:48:25.291+0000] {processor.py:925} INFO - DAG(s) 'kafka_producer' retrieved from /opt/airflow/dags/kafka_load.py
[2026-04-26T10:48:25.320+0000] {logging_mixin.py:190} INFO - [2026-04-26T10:48:25.319+0000] {dag.py:3239} INFO - Sync 1 DAGs
[2026-04-26T10:48:25.357+0000] {logging_mixin.py:190} INFO - [2026-04-26T10:48:25.357+0000] {dag.py:4180} INFO - Setting next_dagrun for kafka_producer to 2026-04-25 18:30:00+00:00, run_after=2026-04-26 18:30:00+00:00
[2026-04-26T10:48:25.395+0000] {processor.py:208} INFO - Processing /opt/airflow/dags/kafka_load.py took 0.150 seconds
[2026-04-26T10:48:55.981+0000] {processor.py:186} INFO - Started process (PID=674) to work on /opt/airflow/dags/kafka_load.py
[2026-04-26T10:48:55.982+0000] {processor.py:914} INFO - Processing file /opt/airflow/dags/kafka_load.py for tasks to queue
[2026-04-26T10:48:55.988+0000] {logging_mixin.py:190} INFO - [2026-04-26T10:48:55.987+0000] {dagbag.py:588} INFO - Filling up the DagBag from /opt/airflow/dags/kafka_load.py
[2026-04-26T10:48:56.036+0000] {processor.py:925} INFO - DAG(s) 'kafka_producer' retrieved from /opt/airflow/dags/kafka_load.py
[2026-04-26T10:48:56.064+0000] {logging_mixin.py:190} INFO - [2026-04-26T10:48:56.063+0000] {dag.py:3239} INFO - Sync 1 DAGs
[2026-04-26T10:48:56.095+0000] {logging_mixin.py:190} INFO - [2026-04-26T10:48:56.094+0000] {dag.py:4180} INFO - Setting next_dagrun for kafka_producer to 2026-04-25 18:30:00+00:00, run_after=2026-04-26 18:30:00+00:00
[2026-04-26T10:48:56.121+0000] {processor.py:208} INFO - Processing /opt/airflow/dags/kafka_load.py took 0.149 seconds
[2026-04-26T10:49:26.744+0000] {processor.py:186} INFO - Started process (PID=677) to work on /opt/airflow/dags/kafka_load.py
[2026-04-26T10:49:26.745+0000] {processor.py:914} INFO - Processing file /opt/airflow/dags/kafka_load.py for tasks to queue
[2026-04-26T10:49:26.754+0000] {logging_mixin.py:190} INFO - [2026-04-26T10:49:26.753+0000] {dagbag.py:588} INFO - Filling up the DagBag from /opt/airflow/dags/kafka_load.py
[2026-04-26T10:49:26.790+0000] {processor.py:925} INFO - DAG(s) 'kafka_producer' retrieved from /opt/airflow/dags/kafka_load.py
[2026-04-26T10:49:26.819+0000] {logging_mixin.py:190} INFO - [2026-04-26T10:49:26.819+0000] {dag.py:3239} INFO - Sync 1 DAGs
[2026-04-26T10:49:26.850+0000] {logging_mixin.py:190} INFO - [2026-04-26T10:49:26.849+0000] {dag.py:4180} INFO - Setting next_dagrun for kafka_producer to 2026-04-25 18:30:00+00:00, run_after=2026-04-26 18:30:00+00:00
[2026-04-26T10:49:26.874+0000] {processor.py:208} INFO - Processing /opt/airflow/dags/kafka_load.py took 0.141 seconds
[2026-04-26T10:49:57.372+0000] {processor.py:186} INFO - Started process (PID=680) to work on /opt/airflow/dags/kafka_load.py
[2026-04-26T10:49:57.374+0000] {processor.py:914} INFO - Processing file /opt/airflow/dags/kafka_load.py for tasks to queue
[2026-04-26T10:49:57.379+0000] {logging_mixin.py:190} INFO - [2026-04-26T10:49:57.378+0000] {dagbag.py:588} INFO - Filling up the DagBag from /opt/airflow/dags/kafka_load.py
[2026-04-26T10:49:57.416+0000] {processor.py:925} INFO - DAG(s) 'kafka_producer' retrieved from /opt/airflow/dags/kafka_load.py
[2026-04-26T10:49:57.445+0000] {logging_mixin.py:190} INFO - [2026-04-26T10:49:57.445+0000] {dag.py:3239} INFO - Sync 1 DAGs
[2026-04-26T10:49:57.475+0000] {logging_mixin.py:190} INFO - [2026-04-26T10:49:57.475+0000] {dag.py:4180} INFO - Setting next_dagrun for kafka_producer to 2026-04-25 18:30:00+00:00, run_after=2026-04-26 18:30:00+00:00
[2026-04-26T10:49:57.502+0000] {processor.py:208} INFO - Processing /opt/airflow/dags/kafka_load.py took 0.142 seconds
[2026-04-26T10:50:28.038+0000] {processor.py:186} INFO - Started process (PID=683) to work on /opt/airflow/dags/kafka_load.py
[2026-04-26T10:50:28.040+0000] {processor.py:914} INFO - Processing file /opt/airflow/dags/kafka_load.py for tasks to queue
[2026-04-26T10:50:28.045+0000] {logging_mixin.py:190} INFO - [2026-04-26T10:50:28.044+0000] {dagbag.py:588} INFO - Filling up the DagBag from /opt/airflow/dags/kafka_load.py
[2026-04-26T10:50:28.079+0000] {processor.py:925} INFO - DAG(s) 'kafka_producer' retrieved from /opt/airflow/dags/kafka_load.py
[2026-04-26T10:50:28.110+0000] {logging_mixin.py:190} INFO - [2026-04-26T10:50:28.110+0000] {dag.py:3239} INFO - Sync 1 DAGs
[2026-04-26T10:50:28.144+0000] {logging_mixin.py:190} INFO - [2026-04-26T10:50:28.143+0000] {dag.py:4180} INFO - Setting next_dagrun for kafka_producer to 2026-04-25 18:30:00+00:00, run_after=2026-04-26 18:30:00+00:00
[2026-04-26T10:50:28.180+0000] {processor.py:208} INFO - Processing /opt/airflow/dags/kafka_load.py took 0.151 seconds
[2026-04-26T10:50:58.699+0000] {processor.py:186} INFO - Started process (PID=686) to work on /opt/airflow/dags/kafka_load.py
[2026-04-26T10:50:58.700+0000] {processor.py:914} INFO - Processing file /opt/airflow/dags/kafka_load.py for tasks to queue
[2026-04-26T10:50:58.704+0000] {logging_mixin.py:190} INFO - [2026-04-26T10:50:58.703+0000] {dagbag.py:588} INFO - Filling up the DagBag from /opt/airflow/dags/kafka_load.py
[2026-04-26T10:50:58.741+0000] {processor.py:925} INFO - DAG(s) 'kafka_producer' retrieved from /opt/airflow/dags/kafka_load.py
[2026-04-26T10:50:58.767+0000] {logging_mixin.py:190} INFO - [2026-04-26T10:50:58.767+0000] {dag.py:3239} INFO - Sync 1 DAGs
[2026-04-26T10:50:58.809+0000] {logging_mixin.py:190} INFO - [2026-04-26T10:50:58.809+0000] {dag.py:4180} INFO - Setting next_dagrun for kafka_producer to 2026-04-25 18:30:00+00:00, run_after=2026-04-26 18:30:00+00:00
[2026-04-26T10:50:58.842+0000] {processor.py:208} INFO - Processing /opt/airflow/dags/kafka_load.py took 0.157 seconds
[2026-04-26T10:51:29.323+0000] {processor.py:186} INFO - Started process (PID=689) to work on /opt/airflow/dags/kafka_load.py
[2026-04-26T10:51:29.325+0000] {processor.py:914} INFO - Processing file /opt/airflow/dags/kafka_load.py for tasks to queue
[2026-04-26T10:51:29.329+0000] {logging_mixin.py:190} INFO - [2026-04-26T10:51:29.328+0000] {dagbag.py:588} INFO - Filling up the DagBag from /opt/airflow/dags/kafka_load.py
[2026-04-26T10:51:29.359+0000] {processor.py:925} INFO - DAG(s) 'kafka_producer' retrieved from /opt/airflow/dags/kafka_load.py
[2026-04-26T10:51:29.388+0000] {logging_mixin.py:190} INFO - [2026-04-26T10:51:29.388+0000] {dag.py:3239} INFO - Sync 1 DAGs
[2026-04-26T10:51:29.421+0000] {logging_mixin.py:190} INFO - [2026-04-26T10:51:29.421+0000] {dag.py:4180} INFO - Setting next_dagrun for kafka_producer to 2026-04-25 18:30:00+00:00, run_after=2026-04-26 18:30:00+00:00
[2026-04-26T10:51:29.449+0000] {processor.py:208} INFO - Processing /opt/airflow/dags/kafka_load.py took 0.136 seconds
[2026-04-26T10:51:59.985+0000] {processor.py:186} INFO - Started process (PID=692) to work on /opt/airflow/dags/kafka_load.py
[2026-04-26T10:51:59.995+0000] {processor.py:914} INFO - Processing file /opt/airflow/dags/kafka_load.py for tasks to queue
[2026-04-26T10:52:00.019+0000] {logging_mixin.py:190} INFO - [2026-04-26T10:52:00.018+0000] {dagbag.py:588} INFO - Filling up the DagBag from /opt/airflow/dags/kafka_load.py
[2026-04-26T10:52:00.081+0000] {processor.py:925} INFO - DAG(s) 'kafka_producer' retrieved from /opt/airflow/dags/kafka_load.py
[2026-04-26T10:52:00.106+0000] {logging_mixin.py:190} INFO - [2026-04-26T10:52:00.106+0000] {dag.py:3239} INFO - Sync 1 DAGs
[2026-04-26T10:52:00.138+0000] {logging_mixin.py:190} INFO - [2026-04-26T10:52:00.137+0000] {dag.py:4180} INFO - Setting next_dagrun for kafka_producer to 2026-04-25 18:30:00+00:00, run_after=2026-04-26 18:30:00+00:00
[2026-04-26T10:52:00.165+0000] {processor.py:208} INFO - Processing /opt/airflow/dags/kafka_load.py took 0.205 seconds
[2026-04-26T10:52:30.659+0000] {processor.py:186} INFO - Started process (PID=695) to work on /opt/airflow/dags/kafka_load.py
[2026-04-26T10:52:30.660+0000] {processor.py:914} INFO - Processing file /opt/airflow/dags/kafka_load.py for tasks to queue
[2026-04-26T10:52:30.663+0000] {logging_mixin.py:190} INFO - [2026-04-26T10:52:30.663+0000] {dagbag.py:588} INFO - Filling up the DagBag from /opt/airflow/dags/kafka_load.py
[2026-04-26T10:52:30.698+0000] {processor.py:925} INFO - DAG(s) 'kafka_producer' retrieved from /opt/airflow/dags/kafka_load.py
[2026-04-26T10:52:30.730+0000] {logging_mixin.py:190} INFO - [2026-04-26T10:52:30.729+0000] {dag.py:3239} INFO - Sync 1 DAGs
[2026-04-26T10:52:30.761+0000] {logging_mixin.py:190} INFO - [2026-04-26T10:52:30.761+0000] {dag.py:4180} INFO - Setting next_dagrun for kafka_producer to 2026-04-25 18:30:00+00:00, run_after=2026-04-26 18:30:00+00:00
[2026-04-26T10:52:30.792+0000] {processor.py:208} INFO - Processing /opt/airflow/dags/kafka_load.py took 0.147 seconds
[2026-04-26T10:53:01.290+0000] {processor.py:186} INFO - Started process (PID=698) to work on /opt/airflow/dags/kafka_load.py
[2026-04-26T10:53:01.296+0000] {processor.py:914} INFO - Processing file /opt/airflow/dags/kafka_load.py for tasks to queue
[2026-04-26T10:53:01.299+0000] {logging_mixin.py:190} INFO - [2026-04-26T10:53:01.299+0000] {dagbag.py:588} INFO - Filling up the DagBag from /opt/airflow/dags/kafka_load.py
[2026-04-26T10:53:01.332+0000] {processor.py:925} INFO - DAG(s) 'kafka_producer' retrieved from /opt/airflow/dags/kafka_load.py
[2026-04-26T10:53:01.359+0000] {logging_mixin.py:190} INFO - [2026-04-26T10:53:01.358+0000] {dag.py:3239} INFO - Sync 1 DAGs
[2026-04-26T10:53:01.389+0000] {logging_mixin.py:190} INFO - [2026-04-26T10:53:01.389+0000] {dag.py:4180} INFO - Setting next_dagrun for kafka_producer to 2026-04-25 18:30:00+00:00, run_after=2026-04-26 18:30:00+00:00
[2026-04-26T10:53:01.416+0000] {processor.py:208} INFO - Processing /opt/airflow/dags/kafka_load.py took 0.137 seconds
[2026-04-26T10:53:31.930+0000] {processor.py:186} INFO - Started process (PID=701) to work on /opt/airflow/dags/kafka_load.py
[2026-04-26T10:53:31.931+0000] {processor.py:914} INFO - Processing file /opt/airflow/dags/kafka_load.py for tasks to queue
[2026-04-26T10:53:31.934+0000] {logging_mixin.py:190} INFO - [2026-04-26T10:53:31.934+0000] {dagbag.py:588} INFO - Filling up the DagBag from /opt/airflow/dags/kafka_load.py
[2026-04-26T10:53:31.971+0000] {processor.py:925} INFO - DAG(s) 'kafka_producer' retrieved from /opt/airflow/dags/kafka_load.py
[2026-04-26T10:53:32.001+0000] {logging_mixin.py:190} INFO - [2026-04-26T10:53:32.001+0000] {dag.py:3239} INFO - Sync 1 DAGs
[2026-04-26T10:53:32.049+0000] {logging_mixin.py:190} INFO - [2026-04-26T10:53:32.046+0000] {dag.py:4180} INFO - Setting next_dagrun for kafka_producer to 2026-04-25 18:30:00+00:00, run_after=2026-04-26 18:30:00+00:00
[2026-04-26T10:53:32.097+0000] {processor.py:208} INFO - Processing /opt/airflow/dags/kafka_load.py took 0.177 seconds
[2026-04-26T10:54:02.659+0000] {processor.py:186} INFO - Started process (PID=704) to work on /opt/airflow/dags/kafka_load.py
[2026-04-26T10:54:02.660+0000] {processor.py:914} INFO - Processing file /opt/airflow/dags/kafka_load.py for tasks to queue
[2026-04-26T10:54:02.664+0000] {logging_mixin.py:190} INFO - [2026-04-26T10:54:02.663+0000] {dagbag.py:588} INFO - Filling up the DagBag from /opt/airflow/dags/kafka_load.py
[2026-04-26T10:54:02.697+0000] {processor.py:925} INFO - DAG(s) 'kafka_producer' retrieved from /opt/airflow/dags/kafka_load.py
[2026-04-26T10:54:02.733+0000] {logging_mixin.py:190} INFO - [2026-04-26T10:54:02.733+0000] {dag.py:3239} INFO - Sync 1 DAGs
[2026-04-26T10:54:02.764+0000] {logging_mixin.py:190} INFO - [2026-04-26T10:54:02.763+0000] {dag.py:4180} INFO - Setting next_dagrun for kafka_producer to 2026-04-25 18:30:00+00:00, run_after=2026-04-26 18:30:00+00:00
[2026-04-26T10:54:02.791+0000] {processor.py:208} INFO - Processing /opt/airflow/dags/kafka_load.py took 0.142 seconds
[2026-04-26T10:54:33.270+0000] {processor.py:186} INFO - Started process (PID=707) to work on /opt/airflow/dags/kafka_load.py
[2026-04-26T10:54:33.272+0000] {processor.py:914} INFO - Processing file /opt/airflow/dags/kafka_load.py for tasks to queue
[2026-04-26T10:54:33.275+0000] {logging_mixin.py:190} INFO - [2026-04-26T10:54:33.275+0000] {dagbag.py:588} INFO - Filling up the DagBag from /opt/airflow/dags/kafka_load.py
[2026-04-26T10:54:33.313+0000] {processor.py:925} INFO - DAG(s) 'kafka_producer' retrieved from /opt/airflow/dags/kafka_load.py
[2026-04-26T10:54:33.341+0000] {logging_mixin.py:190} INFO - [2026-04-26T10:54:33.341+0000] {dag.py:3239} INFO - Sync 1 DAGs
[2026-04-26T10:54:33.372+0000] {logging_mixin.py:190} INFO - [2026-04-26T10:54:33.372+0000] {dag.py:4180} INFO - Setting next_dagrun for kafka_producer to 2026-04-25 18:30:00+00:00, run_after=2026-04-26 18:30:00+00:00
[2026-04-26T10:54:33.395+0000] {processor.py:208} INFO - Processing /opt/airflow/dags/kafka_load.py took 0.135 seconds
[2026-04-26T10:55:03.964+0000] {processor.py:186} INFO - Started process (PID=710) to work on /opt/airflow/dags/kafka_load.py
[2026-04-26T10:55:03.966+0000] {processor.py:914} INFO - Processing file /opt/airflow/dags/kafka_load.py for tasks to queue
[2026-04-26T10:55:03.973+0000] {logging_mixin.py:190} INFO - [2026-04-26T10:55:03.972+0000] {dagbag.py:588} INFO - Filling up the DagBag from /opt/airflow/dags/kafka_load.py
[2026-04-26T10:55:04.014+0000] {processor.py:925} INFO - DAG(s) 'kafka_producer' retrieved from /opt/airflow/dags/kafka_load.py
[2026-04-26T10:55:04.045+0000] {logging_mixin.py:190} INFO - [2026-04-26T10:55:04.045+0000] {dag.py:3239} INFO - Sync 1 DAGs
[2026-04-26T10:55:04.085+0000] {logging_mixin.py:190} INFO - [2026-04-26T10:55:04.085+0000] {dag.py:4180} INFO - Setting next_dagrun for kafka_producer to 2026-04-25 18:30:00+00:00, run_after=2026-04-26 18:30:00+00:00
[2026-04-26T10:55:04.110+0000] {processor.py:208} INFO - Processing /opt/airflow/dags/kafka_load.py took 0.160 seconds
[2026-04-26T10:55:34.506+0000] {processor.py:186} INFO - Started process (PID=713) to work on /opt/airflow/dags/kafka_load.py
[2026-04-26T10:55:34.788+0000] {processor.py:914} INFO - Processing file /opt/airflow/dags/kafka_load.py for tasks to queue
[2026-04-26T10:55:34.796+0000] {logging_mixin.py:190} INFO - [2026-04-26T10:55:34.795+0000] {dagbag.py:588} INFO - Filling up the DagBag from /opt/airflow/dags/kafka_load.py
[2026-04-26T10:55:34.850+0000] {processor.py:925} INFO - DAG(s) 'kafka_producer' retrieved from /opt/airflow/dags/kafka_load.py
[2026-04-26T10:55:34.879+0000] {logging_mixin.py:190} INFO - [2026-04-26T10:55:34.879+0000] {dag.py:3239} INFO - Sync 1 DAGs
[2026-04-26T10:55:34.912+0000] {logging_mixin.py:190} INFO - [2026-04-26T10:55:34.911+0000] {dag.py:4180} INFO - Setting next_dagrun for kafka_producer to 2026-04-25 18:30:00+00:00, run_after=2026-04-26 18:30:00+00:00
[2026-04-26T10:55:35.511+0000] {processor.py:208} INFO - Processing /opt/airflow/dags/kafka_load.py took 1.014 seconds
[2026-04-26T10:56:05.937+0000] {processor.py:186} INFO - Started process (PID=716) to work on /opt/airflow/dags/kafka_load.py
[2026-04-26T10:56:05.940+0000] {processor.py:914} INFO - Processing file /opt/airflow/dags/kafka_load.py for tasks to queue
[2026-04-26T10:56:05.945+0000] {logging_mixin.py:190} INFO - [2026-04-26T10:56:05.944+0000] {dagbag.py:588} INFO - Filling up the DagBag from /opt/airflow/dags/kafka_load.py
[2026-04-26T10:56:05.984+0000] {processor.py:925} INFO - DAG(s) 'kafka_producer' retrieved from /opt/airflow/dags/kafka_load.py
[2026-04-26T10:56:06.017+0000] {logging_mixin.py:190} INFO - [2026-04-26T10:56:06.017+0000] {dag.py:3239} INFO - Sync 1 DAGs
[2026-04-26T10:56:06.050+0000] {logging_mixin.py:190} INFO - [2026-04-26T10:56:06.050+0000] {dag.py:4180} INFO - Setting next_dagrun for kafka_producer to 2026-04-25 18:30:00+00:00, run_after=2026-04-26 18:30:00+00:00
[2026-04-26T10:56:06.081+0000] {processor.py:208} INFO - Processing /opt/airflow/dags/kafka_load.py took 0.153 seconds
[2026-04-26T10:56:36.552+0000] {processor.py:186} INFO - Started process (PID=719) to work on /opt/airflow/dags/kafka_load.py
[2026-04-26T10:56:36.561+0000] {processor.py:914} INFO - Processing file /opt/airflow/dags/kafka_load.py for tasks to queue
[2026-04-26T10:56:36.565+0000] {logging_mixin.py:190} INFO - [2026-04-26T10:56:36.564+0000] {dagbag.py:588} INFO - Filling up the DagBag from /opt/airflow/dags/kafka_load.py
[2026-04-26T10:56:36.607+0000] {processor.py:925} INFO - DAG(s) 'kafka_producer' retrieved from /opt/airflow/dags/kafka_load.py
[2026-04-26T10:56:36.633+0000] {logging_mixin.py:190} INFO - [2026-04-26T10:56:36.633+0000] {dag.py:3239} INFO - Sync 1 DAGs
[2026-04-26T10:56:36.666+0000] {logging_mixin.py:190} INFO - [2026-04-26T10:56:36.665+0000] {dag.py:4180} INFO - Setting next_dagrun for kafka_producer to 2026-04-25 18:30:00+00:00, run_after=2026-04-26 18:30:00+00:00
[2026-04-26T10:56:36.694+0000] {processor.py:208} INFO - Processing /opt/airflow/dags/kafka_load.py took 0.157 seconds
[2026-04-26T10:57:07.145+0000] {processor.py:186} INFO - Started process (PID=722) to work on /opt/airflow/dags/kafka_load.py
[2026-04-26T10:57:07.146+0000] {processor.py:914} INFO - Processing file /opt/airflow/dags/kafka_load.py for tasks to queue
[2026-04-26T10:57:07.150+0000] {logging_mixin.py:190} INFO - [2026-04-26T10:57:07.149+0000] {dagbag.py:588} INFO - Filling up the DagBag from /opt/airflow/dags/kafka_load.py
[2026-04-26T10:57:07.189+0000] {processor.py:925} INFO - DAG(s) 'kafka_producer' retrieved from /opt/airflow/dags/kafka_load.py
[2026-04-26T10:57:07.218+0000] {logging_mixin.py:190} INFO - [2026-04-26T10:57:07.218+0000] {dag.py:3239} INFO - Sync 1 DAGs
[2026-04-26T10:57:07.249+0000] {logging_mixin.py:190} INFO - [2026-04-26T10:57:07.249+0000] {dag.py:4180} INFO - Setting next_dagrun for kafka_producer to 2026-04-25 18:30:00+00:00, run_after=2026-04-26 18:30:00+00:00
[2026-04-26T10:57:07.282+0000] {processor.py:208} INFO - Processing /opt/airflow/dags/kafka_load.py took 0.146 seconds
[2026-04-26T10:57:37.746+0000] {processor.py:186} INFO - Started process (PID=725) to work on /opt/airflow/dags/kafka_load.py
[2026-04-26T10:57:37.748+0000] {processor.py:914} INFO - Processing file /opt/airflow/dags/kafka_load.py for tasks to queue
[2026-04-26T10:57:37.752+0000] {logging_mixin.py:190} INFO - [2026-04-26T10:57:37.751+0000] {dagbag.py:588} INFO - Filling up the DagBag from /opt/airflow/dags/kafka_load.py
[2026-04-26T10:57:37.788+0000] {processor.py:925} INFO - DAG(s) 'kafka_producer' retrieved from /opt/airflow/dags/kafka_load.py
[2026-04-26T10:57:37.820+0000] {logging_mixin.py:190} INFO - [2026-04-26T10:57:37.820+0000] {dag.py:3239} INFO - Sync 1 DAGs
[2026-04-26T10:57:37.852+0000] {logging_mixin.py:190} INFO - [2026-04-26T10:57:37.852+0000] {dag.py:4180} INFO - Setting next_dagrun for kafka_producer to 2026-04-25 18:30:00+00:00, run_after=2026-04-26 18:30:00+00:00
[2026-04-26T10:57:37.885+0000] {processor.py:208} INFO - Processing /opt/airflow/dags/kafka_load.py took 0.149 seconds
[2026-04-26T10:58:08.336+0000] {processor.py:186} INFO - Started process (PID=728) to work on /opt/airflow/dags/kafka_load.py
[2026-04-26T10:58:08.338+0000] {processor.py:914} INFO - Processing file /opt/airflow/dags/kafka_load.py for tasks to queue
[2026-04-26T10:58:08.341+0000] {logging_mixin.py:190} INFO - [2026-04-26T10:58:08.340+0000] {dagbag.py:588} INFO - Filling up the DagBag from /opt/airflow/dags/kafka_load.py
[2026-04-26T10:58:08.377+0000] {processor.py:925} INFO - DAG(s) 'kafka_producer' retrieved from /opt/airflow/dags/kafka_load.py
[2026-04-26T10:58:08.405+0000] {logging_mixin.py:190} INFO - [2026-04-26T10:58:08.404+0000] {dag.py:3239} INFO - Sync 1 DAGs
[2026-04-26T10:58:08.439+0000] {logging_mixin.py:190} INFO - [2026-04-26T10:58:08.439+0000] {dag.py:4180} INFO - Setting next_dagrun for kafka_producer to 2026-04-25 18:30:00+00:00, run_after=2026-04-26 18:30:00+00:00
[2026-04-26T10:58:08.463+0000] {processor.py:208} INFO - Processing /opt/airflow/dags/kafka_load.py took 0.136 seconds
[2026-04-26T10:58:38.922+0000] {processor.py:186} INFO - Started process (PID=731) to work on /opt/airflow/dags/kafka_load.py
[2026-04-26T10:58:38.924+0000] {processor.py:914} INFO - Processing file /opt/airflow/dags/kafka_load.py for tasks to queue
[2026-04-26T10:58:38.927+0000] {logging_mixin.py:190} INFO - [2026-04-26T10:58:38.927+0000] {dagbag.py:588} INFO - Filling up the DagBag from /opt/airflow/dags/kafka_load.py
[2026-04-26T10:58:38.977+0000] {processor.py:925} INFO - DAG(s) 'kafka_producer' retrieved from /opt/airflow/dags/kafka_load.py
[2026-04-26T10:58:39.025+0000] {logging_mixin.py:190} INFO - [2026-04-26T10:58:39.024+0000] {dag.py:3239} INFO - Sync 1 DAGs
[2026-04-26T10:58:39.061+0000] {logging_mixin.py:190} INFO - [2026-04-26T10:58:39.061+0000] {dag.py:4180} INFO - Setting next_dagrun for kafka_producer to 2026-04-25 18:30:00+00:00, run_after=2026-04-26 18:30:00+00:00
[2026-04-26T10:58:39.093+0000] {processor.py:208} INFO - Processing /opt/airflow/dags/kafka_load.py took 0.186 seconds
[2026-04-26T10:59:09.719+0000] {processor.py:186} INFO - Started process (PID=734) to work on /opt/airflow/dags/kafka_load.py
[2026-04-26T10:59:09.720+0000] {processor.py:914} INFO - Processing file /opt/airflow/dags/kafka_load.py for tasks to queue
[2026-04-26T10:59:09.725+0000] {logging_mixin.py:190} INFO - [2026-04-26T10:59:09.724+0000] {dagbag.py:588} INFO - Filling up the DagBag from /opt/airflow/dags/kafka_load.py
[2026-04-26T10:59:09.758+0000] {processor.py:925} INFO - DAG(s) 'kafka_producer' retrieved from /opt/airflow/dags/kafka_load.py
[2026-04-26T10:59:09.783+0000] {logging_mixin.py:190} INFO - [2026-04-26T10:59:09.783+0000] {dag.py:3239} INFO - Sync 1 DAGs
[2026-04-26T10:59:09.816+0000] {logging_mixin.py:190} INFO - [2026-04-26T10:59:09.816+0000] {dag.py:4180} INFO - Setting next_dagrun for kafka_producer to 2026-04-25 18:30:00+00:00, run_after=2026-04-26 18:30:00+00:00
[2026-04-26T10:59:09.839+0000] {processor.py:208} INFO - Processing /opt/airflow/dags/kafka_load.py took 0.132 seconds
[2026-04-26T10:59:40.285+0000] {processor.py:186} INFO - Started process (PID=737) to work on /opt/airflow/dags/kafka_load.py
[2026-04-26T10:59:40.291+0000] {processor.py:914} INFO - Processing file /opt/airflow/dags/kafka_load.py for tasks to queue
[2026-04-26T10:59:40.296+0000] {logging_mixin.py:190} INFO - [2026-04-26T10:59:40.295+0000] {dagbag.py:588} INFO - Filling up the DagBag from /opt/airflow/dags/kafka_load.py
[2026-04-26T10:59:40.389+0000] {processor.py:925} INFO - DAG(s) 'kafka_producer' retrieved from /opt/airflow/dags/kafka_load.py
[2026-04-26T10:59:40.435+0000] {logging_mixin.py:190} INFO - [2026-04-26T10:59:40.435+0000] {dag.py:3239} INFO - Sync 1 DAGs
[2026-04-26T10:59:40.466+0000] {logging_mixin.py:190} INFO - [2026-04-26T10:59:40.466+0000] {dag.py:4180} INFO - Setting next_dagrun for kafka_producer to 2026-04-25 18:30:00+00:00, run_after=2026-04-26 18:30:00+00:00
[2026-04-26T10:59:40.490+0000] {processor.py:208} INFO - Processing /opt/airflow/dags/kafka_load.py took 0.223 seconds
[2026-04-26T11:00:10.977+0000] {processor.py:186} INFO - Started process (PID=740) to work on /opt/airflow/dags/kafka_load.py
[2026-04-26T11:00:10.981+0000] {processor.py:914} INFO - Processing file /opt/airflow/dags/kafka_load.py for tasks to queue
[2026-04-26T11:00:10.986+0000] {logging_mixin.py:190} INFO - [2026-04-26T11:00:10.986+0000] {dagbag.py:588} INFO - Filling up the DagBag from /opt/airflow/dags/kafka_load.py
[2026-04-26T11:00:11.023+0000] {processor.py:925} INFO - DAG(s) 'kafka_producer' retrieved from /opt/airflow/dags/kafka_load.py
[2026-04-26T11:00:11.049+0000] {logging_mixin.py:190} INFO - [2026-04-26T11:00:11.049+0000] {dag.py:3239} INFO - Sync 1 DAGs
[2026-04-26T11:00:11.078+0000] {logging_mixin.py:190} INFO - [2026-04-26T11:00:11.078+0000] {dag.py:4180} INFO - Setting next_dagrun for kafka_producer to 2026-04-25 18:30:00+00:00, run_after=2026-04-26 18:30:00+00:00
[2026-04-26T11:00:11.103+0000] {processor.py:208} INFO - Processing /opt/airflow/dags/kafka_load.py took 0.136 seconds
[2026-04-26T11:00:41.551+0000] {processor.py:186} INFO - Started process (PID=743) to work on /opt/airflow/dags/kafka_load.py
[2026-04-26T11:00:41.552+0000] {processor.py:914} INFO - Processing file /opt/airflow/dags/kafka_load.py for tasks to queue
[2026-04-26T11:00:41.556+0000] {logging_mixin.py:190} INFO - [2026-04-26T11:00:41.555+0000] {dagbag.py:588} INFO - Filling up the DagBag from /opt/airflow/dags/kafka_load.py
[2026-04-26T11:00:41.599+0000] {processor.py:925} INFO - DAG(s) 'kafka_producer' retrieved from /opt/airflow/dags/kafka_load.py
[2026-04-26T11:00:41.627+0000] {logging_mixin.py:190} INFO - [2026-04-26T11:00:41.626+0000] {dag.py:3239} INFO - Sync 1 DAGs
[2026-04-26T11:00:41.659+0000] {logging_mixin.py:190} INFO - [2026-04-26T11:00:41.658+0000] {dag.py:4180} INFO - Setting next_dagrun for kafka_producer to 2026-04-25 18:30:00+00:00, run_after=2026-04-26 18:30:00+00:00
[2026-04-26T11:00:41.688+0000] {processor.py:208} INFO - Processing /opt/airflow/dags/kafka_load.py took 0.149 seconds
[2026-04-26T11:01:12.130+0000] {processor.py:186} INFO - Started process (PID=746) to work on /opt/airflow/dags/kafka_load.py
[2026-04-26T11:01:12.132+0000] {processor.py:914} INFO - Processing file /opt/airflow/dags/kafka_load.py for tasks to queue
[2026-04-26T11:01:12.135+0000] {logging_mixin.py:190} INFO - [2026-04-26T11:01:12.135+0000] {dagbag.py:588} INFO - Filling up the DagBag from /opt/airflow/dags/kafka_load.py
[2026-04-26T11:01:12.175+0000] {processor.py:925} INFO - DAG(s) 'kafka_producer' retrieved from /opt/airflow/dags/kafka_load.py
[2026-04-26T11:01:12.203+0000] {logging_mixin.py:190} INFO - [2026-04-26T11:01:12.202+0000] {dag.py:3239} INFO - Sync 1 DAGs
[2026-04-26T11:01:12.235+0000] {logging_mixin.py:190} INFO - [2026-04-26T11:01:12.234+0000] {dag.py:4180} INFO - Setting next_dagrun for kafka_producer to 2026-04-25 18:30:00+00:00, run_after=2026-04-26 18:30:00+00:00
[2026-04-26T11:01:12.263+0000] {processor.py:208} INFO - Processing /opt/airflow/dags/kafka_load.py took 0.142 seconds
[2026-04-26T11:01:42.733+0000] {processor.py:186} INFO - Started process (PID=749) to work on /opt/airflow/dags/kafka_load.py
[2026-04-26T11:01:42.734+0000] {processor.py:914} INFO - Processing file /opt/airflow/dags/kafka_load.py for tasks to queue
[2026-04-26T11:01:42.738+0000] {logging_mixin.py:190} INFO - [2026-04-26T11:01:42.738+0000] {dagbag.py:588} INFO - Filling up the DagBag from /opt/airflow/dags/kafka_load.py
[2026-04-26T11:01:42.797+0000] {processor.py:925} INFO - DAG(s) 'kafka_producer' retrieved from /opt/airflow/dags/kafka_load.py
[2026-04-26T11:01:42.840+0000] {logging_mixin.py:190} INFO - [2026-04-26T11:01:42.840+0000] {dag.py:3239} INFO - Sync 1 DAGs
[2026-04-26T11:01:42.919+0000] {logging_mixin.py:190} INFO - [2026-04-26T11:01:42.919+0000] {dag.py:4180} INFO - Setting next_dagrun for kafka_producer to 2026-04-25 18:30:00+00:00, run_after=2026-04-26 18:30:00+00:00
[2026-04-26T11:01:43.684+0000] {processor.py:208} INFO - Processing /opt/airflow/dags/kafka_load.py took 0.966 seconds
[2026-04-26T11:02:14.174+0000] {processor.py:186} INFO - Started process (PID=752) to work on /opt/airflow/dags/kafka_load.py
[2026-04-26T11:02:14.176+0000] {processor.py:914} INFO - Processing file /opt/airflow/dags/kafka_load.py for tasks to queue
[2026-04-26T11:02:14.180+0000] {logging_mixin.py:190} INFO - [2026-04-26T11:02:14.180+0000] {dagbag.py:588} INFO - Filling up the DagBag from /opt/airflow/dags/kafka_load.py
[2026-04-26T11:02:14.223+0000] {processor.py:925} INFO - DAG(s) 'kafka_producer' retrieved from /opt/airflow/dags/kafka_load.py
[2026-04-26T11:02:14.254+0000] {logging_mixin.py:190} INFO - [2026-04-26T11:02:14.254+0000] {dag.py:3239} INFO - Sync 1 DAGs
[2026-04-26T11:02:14.309+0000] {logging_mixin.py:190} INFO - [2026-04-26T11:02:14.309+0000] {dag.py:4180} INFO - Setting next_dagrun for kafka_producer to 2026-04-25 18:30:00+00:00, run_after=2026-04-26 18:30:00+00:00
[2026-04-26T11:02:14.340+0000] {processor.py:208} INFO - Processing /opt/airflow/dags/kafka_load.py took 0.178 seconds
[2026-04-26T11:02:44.714+0000] {processor.py:186} INFO - Started process (PID=755) to work on /opt/airflow/dags/kafka_load.py
[2026-04-26T11:02:44.718+0000] {processor.py:914} INFO - Processing file /opt/airflow/dags/kafka_load.py for tasks to queue
[2026-04-26T11:02:44.724+0000] {logging_mixin.py:190} INFO - [2026-04-26T11:02:44.723+0000] {dagbag.py:588} INFO - Filling up the DagBag from /opt/airflow/dags/kafka_load.py
[2026-04-26T11:02:44.789+0000] {processor.py:925} INFO - DAG(s) 'kafka_producer' retrieved from /opt/airflow/dags/kafka_load.py
[2026-04-26T11:02:44.930+0000] {logging_mixin.py:190} INFO - [2026-04-26T11:02:44.918+0000] {dag.py:3239} INFO - Sync 1 DAGs
[2026-04-26T11:02:45.019+0000] {logging_mixin.py:190} INFO - [2026-04-26T11:02:45.019+0000] {dag.py:4180} INFO - Setting next_dagrun for kafka_producer to 2026-04-25 18:30:00+00:00, run_after=2026-04-26 18:30:00+00:00
[2026-04-26T11:02:45.122+0000] {processor.py:208} INFO - Processing /opt/airflow/dags/kafka_load.py took 0.418 seconds
[2026-04-26T11:03:15.592+0000] {processor.py:186} INFO - Started process (PID=758) to work on /opt/airflow/dags/kafka_load.py
[2026-04-26T11:03:15.594+0000] {processor.py:914} INFO - Processing file /opt/airflow/dags/kafka_load.py for tasks to queue
[2026-04-26T11:03:15.597+0000] {logging_mixin.py:190} INFO - [2026-04-26T11:03:15.596+0000] {dagbag.py:588} INFO - Filling up the DagBag from /opt/airflow/dags/kafka_load.py
[2026-04-26T11:03:15.638+0000] {processor.py:925} INFO - DAG(s) 'kafka_producer' retrieved from /opt/airflow/dags/kafka_load.py
[2026-04-26T11:03:15.670+0000] {logging_mixin.py:190} INFO - [2026-04-26T11:03:15.669+0000] {dag.py:3239} INFO - Sync 1 DAGs
[2026-04-26T11:03:15.706+0000] {logging_mixin.py:190} INFO - [2026-04-26T11:03:15.706+0000] {dag.py:4180} INFO - Setting next_dagrun for kafka_producer to 2026-04-25 18:30:00+00:00, run_after=2026-04-26 18:30:00+00:00
[2026-04-26T11:03:15.732+0000] {processor.py:208} INFO - Processing /opt/airflow/dags/kafka_load.py took 0.149 seconds
[2026-04-26T11:03:45.860+0000] {processor.py:186} INFO - Started process (PID=761) to work on /opt/airflow/dags/kafka_load.py
[2026-04-26T11:03:45.863+0000] {processor.py:914} INFO - Processing file /opt/airflow/dags/kafka_load.py for tasks to queue
[2026-04-26T11:03:45.867+0000] {logging_mixin.py:190} INFO - [2026-04-26T11:03:45.866+0000] {dagbag.py:588} INFO - Filling up the DagBag from /opt/airflow/dags/kafka_load.py
[2026-04-26T11:03:45.909+0000] {processor.py:925} INFO - DAG(s) 'kafka_producer' retrieved from /opt/airflow/dags/kafka_load.py
[2026-04-26T11:03:45.948+0000] {logging_mixin.py:190} INFO - [2026-04-26T11:03:45.947+0000] {dag.py:3239} INFO - Sync 1 DAGs
[2026-04-26T11:03:45.982+0000] {logging_mixin.py:190} INFO - [2026-04-26T11:03:45.982+0000] {dag.py:4180} INFO - Setting next_dagrun for kafka_producer to 2026-04-25 18:30:00+00:00, run_after=2026-04-26 18:30:00+00:00
[2026-04-26T11:03:50.305+0000] {processor.py:208} INFO - Processing /opt/airflow/dags/kafka_load.py took 4.456 seconds
[2026-04-26T11:04:20.982+0000] {processor.py:186} INFO - Started process (PID=764) to work on /opt/airflow/dags/kafka_load.py
[2026-04-26T11:04:20.985+0000] {processor.py:914} INFO - Processing file /opt/airflow/dags/kafka_load.py for tasks to queue
[2026-04-26T11:04:20.991+0000] {logging_mixin.py:190} INFO - [2026-04-26T11:04:20.991+0000] {dagbag.py:588} INFO - Filling up the DagBag from /opt/airflow/dags/kafka_load.py
[2026-04-26T11:04:21.059+0000] {processor.py:925} INFO - DAG(s) 'kafka_producer' retrieved from /opt/airflow/dags/kafka_load.py
[2026-04-26T11:04:21.112+0000] {logging_mixin.py:190} INFO - [2026-04-26T11:04:21.112+0000] {dag.py:3239} INFO - Sync 1 DAGs
[2026-04-26T11:04:21.149+0000] {logging_mixin.py:190} INFO - [2026-04-26T11:04:21.149+0000] {dag.py:4180} INFO - Setting next_dagrun for kafka_producer to 2026-04-25 18:30:00+00:00, run_after=2026-04-26 18:30:00+00:00
[2026-04-26T11:04:21.177+0000] {processor.py:208} INFO - Processing /opt/airflow/dags/kafka_load.py took 0.214 seconds
[2026-04-26T11:04:51.695+0000] {processor.py:186} INFO - Started process (PID=767) to work on /opt/airflow/dags/kafka_load.py
[2026-04-26T11:04:51.697+0000] {processor.py:914} INFO - Processing file /opt/airflow/dags/kafka_load.py for tasks to queue
[2026-04-26T11:04:51.704+0000] {logging_mixin.py:190} INFO - [2026-04-26T11:04:51.703+0000] {dagbag.py:588} INFO - Filling up the DagBag from /opt/airflow/dags/kafka_load.py
[2026-04-26T11:04:51.738+0000] {processor.py:925} INFO - DAG(s) 'kafka_producer' retrieved from /opt/airflow/dags/kafka_load.py
[2026-04-26T11:04:51.767+0000] {logging_mixin.py:190} INFO - [2026-04-26T11:04:51.766+0000] {dag.py:3239} INFO - Sync 1 DAGs
[2026-04-26T11:04:51.799+0000] {logging_mixin.py:190} INFO - [2026-04-26T11:04:51.799+0000] {dag.py:4180} INFO - Setting next_dagrun for kafka_producer to 2026-04-25 18:30:00+00:00, run_after=2026-04-26 18:30:00+00:00
[2026-04-26T11:04:51.841+0000] {processor.py:208} INFO - Processing /opt/airflow/dags/kafka_load.py took 0.156 seconds
[2026-04-26T11:05:22.245+0000] {processor.py:186} INFO - Started process (PID=770) to work on /opt/airflow/dags/kafka_load.py
[2026-04-26T11:05:22.247+0000] {processor.py:914} INFO - Processing file /opt/airflow/dags/kafka_load.py for tasks to queue
[2026-04-26T11:05:22.250+0000] {logging_mixin.py:190} INFO - [2026-04-26T11:05:22.250+0000] {dagbag.py:588} INFO - Filling up the DagBag from /opt/airflow/dags/kafka_load.py
[2026-04-26T11:05:22.291+0000] {processor.py:925} INFO - DAG(s) 'kafka_producer' retrieved from /opt/airflow/dags/kafka_load.py
[2026-04-26T11:05:22.328+0000] {logging_mixin.py:190} INFO - [2026-04-26T11:05:22.328+0000] {dag.py:3239} INFO - Sync 1 DAGs
[2026-04-26T11:05:22.359+0000] {logging_mixin.py:190} INFO - [2026-04-26T11:05:22.359+0000] {dag.py:4180} INFO - Setting next_dagrun for kafka_producer to 2026-04-25 18:30:00+00:00, run_after=2026-04-26 18:30:00+00:00
[2026-04-26T11:05:22.399+0000] {processor.py:208} INFO - Processing /opt/airflow/dags/kafka_load.py took 0.164 seconds
[2026-04-26T11:05:52.795+0000] {processor.py:186} INFO - Started process (PID=773) to work on /opt/airflow/dags/kafka_load.py
[2026-04-26T11:05:52.797+0000] {processor.py:914} INFO - Processing file /opt/airflow/dags/kafka_load.py for tasks to queue
[2026-04-26T11:05:52.802+0000] {logging_mixin.py:190} INFO - [2026-04-26T11:05:52.801+0000] {dagbag.py:588} INFO - Filling up the DagBag from /opt/airflow/dags/kafka_load.py
[2026-04-26T11:05:52.873+0000] {processor.py:925} INFO - DAG(s) 'kafka_producer' retrieved from /opt/airflow/dags/kafka_load.py
[2026-04-26T11:05:52.904+0000] {logging_mixin.py:190} INFO - [2026-04-26T11:05:52.903+0000] {dag.py:3239} INFO - Sync 1 DAGs
[2026-04-26T11:05:52.962+0000] {logging_mixin.py:190} INFO - [2026-04-26T11:05:52.962+0000] {dag.py:4180} INFO - Setting next_dagrun for kafka_producer to 2026-04-25 18:30:00+00:00, run_after=2026-04-26 18:30:00+00:00
[2026-04-26T11:05:53.010+0000] {processor.py:208} INFO - Processing /opt/airflow/dags/kafka_load.py took 0.236 seconds
[2026-04-26T11:06:23.448+0000] {processor.py:186} INFO - Started process (PID=776) to work on /opt/airflow/dags/kafka_load.py
[2026-04-26T11:06:23.450+0000] {processor.py:914} INFO - Processing file /opt/airflow/dags/kafka_load.py for tasks to queue
[2026-04-26T11:06:23.456+0000] {logging_mixin.py:190} INFO - [2026-04-26T11:06:23.455+0000] {dagbag.py:588} INFO - Filling up the DagBag from /opt/airflow/dags/kafka_load.py
[2026-04-26T11:06:23.493+0000] {processor.py:925} INFO - DAG(s) 'kafka_producer' retrieved from /opt/airflow/dags/kafka_load.py
[2026-04-26T11:06:23.524+0000] {logging_mixin.py:190} INFO - [2026-04-26T11:06:23.523+0000] {dag.py:3239} INFO - Sync 1 DAGs
[2026-04-26T11:06:23.559+0000] {logging_mixin.py:190} INFO - [2026-04-26T11:06:23.558+0000] {dag.py:4180} INFO - Setting next_dagrun for kafka_producer to 2026-04-25 18:30:00+00:00, run_after=2026-04-26 18:30:00+00:00
[2026-04-26T11:06:23.589+0000] {processor.py:208} INFO - Processing /opt/airflow/dags/kafka_load.py took 0.155 seconds
[2026-04-26T11:06:53.966+0000] {processor.py:186} INFO - Started process (PID=779) to work on /opt/airflow/dags/kafka_load.py
[2026-04-26T11:06:53.968+0000] {processor.py:914} INFO - Processing file /opt/airflow/dags/kafka_load.py for tasks to queue
[2026-04-26T11:06:53.972+0000] {logging_mixin.py:190} INFO - [2026-04-26T11:06:53.971+0000] {dagbag.py:588} INFO - Filling up the DagBag from /opt/airflow/dags/kafka_load.py
[2026-04-26T11:06:54.016+0000] {processor.py:925} INFO - DAG(s) 'kafka_producer' retrieved from /opt/airflow/dags/kafka_load.py
[2026-04-26T11:06:54.045+0000] {logging_mixin.py:190} INFO - [2026-04-26T11:06:54.045+0000] {dag.py:3239} INFO - Sync 1 DAGs
[2026-04-26T11:06:54.079+0000] {logging_mixin.py:190} INFO - [2026-04-26T11:06:54.079+0000] {dag.py:4180} INFO - Setting next_dagrun for kafka_producer to 2026-04-25 18:30:00+00:00, run_after=2026-04-26 18:30:00+00:00
[2026-04-26T11:06:54.106+0000] {processor.py:208} INFO - Processing /opt/airflow/dags/kafka_load.py took 0.151 seconds
[2026-04-26T11:07:24.484+0000] {processor.py:186} INFO - Started process (PID=782) to work on /opt/airflow/dags/kafka_load.py
[2026-04-26T11:07:24.486+0000] {processor.py:914} INFO - Processing file /opt/airflow/dags/kafka_load.py for tasks to queue
[2026-04-26T11:07:24.498+0000] {logging_mixin.py:190} INFO - [2026-04-26T11:07:24.498+0000] {dagbag.py:588} INFO - Filling up the DagBag from /opt/airflow/dags/kafka_load.py
[2026-04-26T11:07:24.548+0000] {processor.py:925} INFO - DAG(s) 'kafka_producer' retrieved from /opt/airflow/dags/kafka_load.py
[2026-04-26T11:07:24.584+0000] {logging_mixin.py:190} INFO - [2026-04-26T11:07:24.583+0000] {dag.py:3239} INFO - Sync 1 DAGs
[2026-04-26T11:07:24.624+0000] {logging_mixin.py:190} INFO - [2026-04-26T11:07:24.623+0000] {dag.py:4180} INFO - Setting next_dagrun for kafka_producer to 2026-04-25 18:30:00+00:00, run_after=2026-04-26 18:30:00+00:00
[2026-04-26T11:07:24.651+0000] {processor.py:208} INFO - Processing /opt/airflow/dags/kafka_load.py took 0.184 seconds
[2026-04-26T11:07:54.992+0000] {processor.py:186} INFO - Started process (PID=785) to work on /opt/airflow/dags/kafka_load.py
[2026-04-26T11:07:54.993+0000] {processor.py:914} INFO - Processing file /opt/airflow/dags/kafka_load.py for tasks to queue
[2026-04-26T11:07:54.997+0000] {logging_mixin.py:190} INFO - [2026-04-26T11:07:54.996+0000] {dagbag.py:588} INFO - Filling up the DagBag from /opt/airflow/dags/kafka_load.py
[2026-04-26T11:07:55.039+0000] {processor.py:925} INFO - DAG(s) 'kafka_producer' retrieved from /opt/airflow/dags/kafka_load.py
[2026-04-26T11:07:55.069+0000] {logging_mixin.py:190} INFO - [2026-04-26T11:07:55.069+0000] {dag.py:3239} INFO - Sync 1 DAGs
[2026-04-26T11:07:55.103+0000] {logging_mixin.py:190} INFO - [2026-04-26T11:07:55.102+0000] {dag.py:4180} INFO - Setting next_dagrun for kafka_producer to 2026-04-25 18:30:00+00:00, run_after=2026-04-26 18:30:00+00:00
[2026-04-26T11:07:55.132+0000] {processor.py:208} INFO - Processing /opt/airflow/dags/kafka_load.py took 0.153 seconds
[2026-04-26T11:08:25.544+0000] {processor.py:186} INFO - Started process (PID=788) to work on /opt/airflow/dags/kafka_load.py
[2026-04-26T11:08:25.546+0000] {processor.py:914} INFO - Processing file /opt/airflow/dags/kafka_load.py for tasks to queue
[2026-04-26T11:08:25.550+0000] {logging_mixin.py:190} INFO - [2026-04-26T11:08:25.549+0000] {dagbag.py:588} INFO - Filling up the DagBag from /opt/airflow/dags/kafka_load.py
[2026-04-26T11:08:25.590+0000] {processor.py:925} INFO - DAG(s) 'kafka_producer' retrieved from /opt/airflow/dags/kafka_load.py
[2026-04-26T11:08:25.619+0000] {logging_mixin.py:190} INFO - [2026-04-26T11:08:25.619+0000] {dag.py:3239} INFO - Sync 1 DAGs
[2026-04-26T11:08:25.653+0000] {logging_mixin.py:190} INFO - [2026-04-26T11:08:25.652+0000] {dag.py:4180} INFO - Setting next_dagrun for kafka_producer to 2026-04-25 18:30:00+00:00, run_after=2026-04-26 18:30:00+00:00
[2026-04-26T11:08:25.679+0000] {processor.py:208} INFO - Processing /opt/airflow/dags/kafka_load.py took 0.145 seconds
[2026-04-26T11:08:56.062+0000] {processor.py:186} INFO - Started process (PID=791) to work on /opt/airflow/dags/kafka_load.py
[2026-04-26T11:08:56.064+0000] {processor.py:914} INFO - Processing file /opt/airflow/dags/kafka_load.py for tasks to queue
[2026-04-26T11:08:56.067+0000] {logging_mixin.py:190} INFO - [2026-04-26T11:08:56.067+0000] {dagbag.py:588} INFO - Filling up the DagBag from /opt/airflow/dags/kafka_load.py
[2026-04-26T11:08:56.109+0000] {processor.py:925} INFO - DAG(s) 'kafka_producer' retrieved from /opt/airflow/dags/kafka_load.py
[2026-04-26T11:08:56.143+0000] {logging_mixin.py:190} INFO - [2026-04-26T11:08:56.142+0000] {dag.py:3239} INFO - Sync 1 DAGs
[2026-04-26T11:08:56.178+0000] {logging_mixin.py:190} INFO - [2026-04-26T11:08:56.178+0000] {dag.py:4180} INFO - Setting next_dagrun for kafka_producer to 2026-04-25 18:30:00+00:00, run_after=2026-04-26 18:30:00+00:00
[2026-04-26T11:08:56.207+0000] {processor.py:208} INFO - Processing /opt/airflow/dags/kafka_load.py took 0.155 seconds
[2026-04-26T11:09:26.676+0000] {processor.py:186} INFO - Started process (PID=794) to work on /opt/airflow/dags/kafka_load.py
[2026-04-26T11:09:26.678+0000] {processor.py:914} INFO - Processing file /opt/airflow/dags/kafka_load.py for tasks to queue
[2026-04-26T11:09:26.682+0000] {logging_mixin.py:190} INFO - [2026-04-26T11:09:26.681+0000] {dagbag.py:588} INFO - Filling up the DagBag from /opt/airflow/dags/kafka_load.py
[2026-04-26T11:09:26.727+0000] {processor.py:925} INFO - DAG(s) 'kafka_producer' retrieved from /opt/airflow/dags/kafka_load.py
[2026-04-26T11:09:26.755+0000] {logging_mixin.py:190} INFO - [2026-04-26T11:09:26.755+0000] {dag.py:3239} INFO - Sync 1 DAGs
[2026-04-26T11:09:26.793+0000] {logging_mixin.py:190} INFO - [2026-04-26T11:09:26.793+0000] {dag.py:4180} INFO - Setting next_dagrun for kafka_producer to 2026-04-25 18:30:00+00:00, run_after=2026-04-26 18:30:00+00:00
[2026-04-26T11:09:26.822+0000] {processor.py:208} INFO - Processing /opt/airflow/dags/kafka_load.py took 0.158 seconds
[2026-04-26T11:09:57.202+0000] {processor.py:186} INFO - Started process (PID=797) to work on /opt/airflow/dags/kafka_load.py
[2026-04-26T11:09:57.204+0000] {processor.py:914} INFO - Processing file /opt/airflow/dags/kafka_load.py for tasks to queue
[2026-04-26T11:09:57.208+0000] {logging_mixin.py:190} INFO - [2026-04-26T11:09:57.208+0000] {dagbag.py:588} INFO - Filling up the DagBag from /opt/airflow/dags/kafka_load.py
[2026-04-26T11:09:57.250+0000] {processor.py:925} INFO - DAG(s) 'kafka_producer' retrieved from /opt/airflow/dags/kafka_load.py
[2026-04-26T11:09:57.288+0000] {logging_mixin.py:190} INFO - [2026-04-26T11:09:57.287+0000] {dag.py:3239} INFO - Sync 1 DAGs
[2026-04-26T11:09:57.320+0000] {logging_mixin.py:190} INFO - [2026-04-26T11:09:57.320+0000] {dag.py:4180} INFO - Setting next_dagrun for kafka_producer to 2026-04-25 18:30:00+00:00, run_after=2026-04-26 18:30:00+00:00
[2026-04-26T11:09:57.347+0000] {processor.py:208} INFO - Processing /opt/airflow/dags/kafka_load.py took 0.158 seconds
[2026-04-26T11:10:27.746+0000] {processor.py:186} INFO - Started process (PID=800) to work on /opt/airflow/dags/kafka_load.py
[2026-04-26T11:10:27.748+0000] {processor.py:914} INFO - Processing file /opt/airflow/dags/kafka_load.py for tasks to queue
[2026-04-26T11:10:27.751+0000] {logging_mixin.py:190} INFO - [2026-04-26T11:10:27.751+0000] {dagbag.py:588} INFO - Filling up the DagBag from /opt/airflow/dags/kafka_load.py
[2026-04-26T11:10:27.798+0000] {processor.py:925} INFO - DAG(s) 'kafka_producer' retrieved from /opt/airflow/dags/kafka_load.py
[2026-04-26T11:10:27.834+0000] {logging_mixin.py:190} INFO - [2026-04-26T11:10:27.834+0000] {dag.py:3239} INFO - Sync 1 DAGs
[2026-04-26T11:10:27.867+0000] {logging_mixin.py:190} INFO - [2026-04-26T11:10:27.867+0000] {dag.py:4180} INFO - Setting next_dagrun for kafka_producer to 2026-04-25 18:30:00+00:00, run_after=2026-04-26 18:30:00+00:00
[2026-04-26T11:10:27.902+0000] {processor.py:208} INFO - Processing /opt/airflow/dags/kafka_load.py took 0.168 seconds
[2026-04-26T11:10:58.278+0000] {processor.py:186} INFO - Started process (PID=803) to work on /opt/airflow/dags/kafka_load.py
[2026-04-26T11:10:58.279+0000] {processor.py:914} INFO - Processing file /opt/airflow/dags/kafka_load.py for tasks to queue
[2026-04-26T11:10:58.283+0000] {logging_mixin.py:190} INFO - [2026-04-26T11:10:58.282+0000] {dagbag.py:588} INFO - Filling up the DagBag from /opt/airflow/dags/kafka_load.py
[2026-04-26T11:10:58.316+0000] {processor.py:925} INFO - DAG(s) 'kafka_producer' retrieved from /opt/airflow/dags/kafka_load.py
[2026-04-26T11:10:58.344+0000] {logging_mixin.py:190} INFO - [2026-04-26T11:10:58.344+0000] {dag.py:3239} INFO - Sync 1 DAGs
[2026-04-26T11:10:58.376+0000] {logging_mixin.py:190} INFO - [2026-04-26T11:10:58.376+0000] {dag.py:4180} INFO - Setting next_dagrun for kafka_producer to 2026-04-25 18:30:00+00:00, run_after=2026-04-26 18:30:00+00:00
[2026-04-26T11:10:58.400+0000] {processor.py:208} INFO - Processing /opt/airflow/dags/kafka_load.py took 0.132 seconds
[2026-04-26T11:11:28.799+0000] {processor.py:186} INFO - Started process (PID=806) to work on /opt/airflow/dags/kafka_load.py
[2026-04-26T11:11:28.801+0000] {processor.py:914} INFO - Processing file /opt/airflow/dags/kafka_load.py for tasks to queue
[2026-04-26T11:11:28.805+0000] {logging_mixin.py:190} INFO - [2026-04-26T11:11:28.804+0000] {dagbag.py:588} INFO - Filling up the DagBag from /opt/airflow/dags/kafka_load.py
[2026-04-26T11:11:28.843+0000] {processor.py:925} INFO - DAG(s) 'kafka_producer' retrieved from /opt/airflow/dags/kafka_load.py
[2026-04-26T11:11:28.871+0000] {logging_mixin.py:190} INFO - [2026-04-26T11:11:28.871+0000] {dag.py:3239} INFO - Sync 1 DAGs
[2026-04-26T11:11:28.904+0000] {logging_mixin.py:190} INFO - [2026-04-26T11:11:28.904+0000] {dag.py:4180} INFO - Setting next_dagrun for kafka_producer to 2026-04-25 18:30:00+00:00, run_after=2026-04-26 18:30:00+00:00
[2026-04-26T11:11:28.931+0000] {processor.py:208} INFO - Processing /opt/airflow/dags/kafka_load.py took 0.146 seconds
[2026-04-26T11:11:59.292+0000] {processor.py:186} INFO - Started process (PID=809) to work on /opt/airflow/dags/kafka_load.py
[2026-04-26T11:11:59.294+0000] {processor.py:914} INFO - Processing file /opt/airflow/dags/kafka_load.py for tasks to queue
[2026-04-26T11:11:59.298+0000] {logging_mixin.py:190} INFO - [2026-04-26T11:11:59.298+0000] {dagbag.py:588} INFO - Filling up the DagBag from /opt/airflow/dags/kafka_load.py
[2026-04-26T11:11:59.340+0000] {processor.py:925} INFO - DAG(s) 'kafka_producer' retrieved from /opt/airflow/dags/kafka_load.py
[2026-04-26T11:11:59.368+0000] {logging_mixin.py:190} INFO - [2026-04-26T11:11:59.368+0000] {dag.py:3239} INFO - Sync 1 DAGs
[2026-04-26T11:11:59.399+0000] {logging_mixin.py:190} INFO - [2026-04-26T11:11:59.398+0000] {dag.py:4180} INFO - Setting next_dagrun for kafka_producer to 2026-04-25 18:30:00+00:00, run_after=2026-04-26 18:30:00+00:00
[2026-04-26T11:11:59.429+0000] {processor.py:208} INFO - Processing /opt/airflow/dags/kafka_load.py took 0.150 seconds
[2026-04-26T11:12:29.832+0000] {processor.py:186} INFO - Started process (PID=812) to work on /opt/airflow/dags/kafka_load.py
[2026-04-26T11:12:29.834+0000] {processor.py:914} INFO - Processing file /opt/airflow/dags/kafka_load.py for tasks to queue
[2026-04-26T11:12:29.839+0000] {logging_mixin.py:190} INFO - [2026-04-26T11:12:29.838+0000] {dagbag.py:588} INFO - Filling up the DagBag from /opt/airflow/dags/kafka_load.py
[2026-04-26T11:12:29.877+0000] {processor.py:925} INFO - DAG(s) 'kafka_producer' retrieved from /opt/airflow/dags/kafka_load.py
[2026-04-26T11:12:29.913+0000] {logging_mixin.py:190} INFO - [2026-04-26T11:12:29.913+0000] {dag.py:3239} INFO - Sync 1 DAGs
[2026-04-26T11:12:29.964+0000] {logging_mixin.py:190} INFO - [2026-04-26T11:12:29.964+0000] {dag.py:4180} INFO - Setting next_dagrun for kafka_producer to 2026-04-25 18:30:00+00:00, run_after=2026-04-26 18:30:00+00:00
[2026-04-26T11:12:29.998+0000] {processor.py:208} INFO - Processing /opt/airflow/dags/kafka_load.py took 0.179 seconds
[2026-04-26T11:13:00.384+0000] {processor.py:186} INFO - Started process (PID=815) to work on /opt/airflow/dags/kafka_load.py
[2026-04-26T11:13:00.386+0000] {processor.py:914} INFO - Processing file /opt/airflow/dags/kafka_load.py for tasks to queue
[2026-04-26T11:13:00.390+0000] {logging_mixin.py:190} INFO - [2026-04-26T11:13:00.389+0000] {dagbag.py:588} INFO - Filling up the DagBag from /opt/airflow/dags/kafka_load.py
[2026-04-26T11:13:00.426+0000] {processor.py:925} INFO - DAG(s) 'kafka_producer' retrieved from /opt/airflow/dags/kafka_load.py
[2026-04-26T11:13:00.458+0000] {logging_mixin.py:190} INFO - [2026-04-26T11:13:00.457+0000] {dag.py:3239} INFO - Sync 1 DAGs
[2026-04-26T11:13:00.498+0000] {logging_mixin.py:190} INFO - [2026-04-26T11:13:00.497+0000] {dag.py:4180} INFO - Setting next_dagrun for kafka_producer to 2026-04-25 18:30:00+00:00, run_after=2026-04-26 18:30:00+00:00
[2026-04-26T11:13:00.531+0000] {processor.py:208} INFO - Processing /opt/airflow/dags/kafka_load.py took 0.157 seconds
[2026-04-26T11:13:31.134+0000] {processor.py:186} INFO - Started process (PID=818) to work on /opt/airflow/dags/kafka_load.py
[2026-04-26T11:13:31.140+0000] {processor.py:914} INFO - Processing file /opt/airflow/dags/kafka_load.py for tasks to queue
[2026-04-26T11:13:31.155+0000] {logging_mixin.py:190} INFO - [2026-04-26T11:13:31.154+0000] {dagbag.py:588} INFO - Filling up the DagBag from /opt/airflow/dags/kafka_load.py
[2026-04-26T11:13:31.248+0000] {processor.py:925} INFO - DAG(s) 'kafka_producer' retrieved from /opt/airflow/dags/kafka_load.py
[2026-04-26T11:13:31.295+0000] {logging_mixin.py:190} INFO - [2026-04-26T11:13:31.292+0000] {dag.py:3239} INFO - Sync 1 DAGs
[2026-04-26T11:13:31.370+0000] {logging_mixin.py:190} INFO - [2026-04-26T11:13:31.364+0000] {dag.py:4180} INFO - Setting next_dagrun for kafka_producer to 2026-04-25 18:30:00+00:00, run_after=2026-04-26 18:30:00+00:00
[2026-04-26T11:13:31.405+0000] {processor.py:208} INFO - Processing /opt/airflow/dags/kafka_load.py took 0.304 seconds
[2026-04-26T11:14:01.969+0000] {processor.py:186} INFO - Started process (PID=821) to work on /opt/airflow/dags/kafka_load.py
[2026-04-26T11:14:01.970+0000] {processor.py:914} INFO - Processing file /opt/airflow/dags/kafka_load.py for tasks to queue
[2026-04-26T11:14:01.975+0000] {logging_mixin.py:190} INFO - [2026-04-26T11:14:01.975+0000] {dagbag.py:588} INFO - Filling up the DagBag from /opt/airflow/dags/kafka_load.py
[2026-04-26T11:14:02.023+0000] {processor.py:925} INFO - DAG(s) 'kafka_producer' retrieved from /opt/airflow/dags/kafka_load.py
[2026-04-26T11:14:02.071+0000] {logging_mixin.py:190} INFO - [2026-04-26T11:14:02.071+0000] {dag.py:3239} INFO - Sync 1 DAGs
[2026-04-26T11:14:02.108+0000] {logging_mixin.py:190} INFO - [2026-04-26T11:14:02.108+0000] {dag.py:4180} INFO - Setting next_dagrun for kafka_producer to 2026-04-25 18:30:00+00:00, run_after=2026-04-26 18:30:00+00:00
[2026-04-26T11:14:02.137+0000] {processor.py:208} INFO - Processing /opt/airflow/dags/kafka_load.py took 0.184 seconds
[2026-04-26T11:14:32.539+0000] {processor.py:186} INFO - Started process (PID=824) to work on /opt/airflow/dags/kafka_load.py
[2026-04-26T11:14:32.540+0000] {processor.py:914} INFO - Processing file /opt/airflow/dags/kafka_load.py for tasks to queue
[2026-04-26T11:14:32.543+0000] {logging_mixin.py:190} INFO - [2026-04-26T11:14:32.543+0000] {dagbag.py:588} INFO - Filling up the DagBag from /opt/airflow/dags/kafka_load.py
[2026-04-26T11:14:32.580+0000] {processor.py:925} INFO - DAG(s) 'kafka_producer' retrieved from /opt/airflow/dags/kafka_load.py
[2026-04-26T11:14:32.608+0000] {logging_mixin.py:190} INFO - [2026-04-26T11:14:32.608+0000] {dag.py:3239} INFO - Sync 1 DAGs
[2026-04-26T11:14:32.639+0000] {logging_mixin.py:190} INFO - [2026-04-26T11:14:32.639+0000] {dag.py:4180} INFO - Setting next_dagrun for kafka_producer to 2026-04-25 18:30:00+00:00, run_after=2026-04-26 18:30:00+00:00
[2026-04-26T11:14:32.665+0000] {processor.py:208} INFO - Processing /opt/airflow/dags/kafka_load.py took 0.137 seconds
[2026-04-26T11:15:03.134+0000] {processor.py:186} INFO - Started process (PID=827) to work on /opt/airflow/dags/kafka_load.py
[2026-04-26T11:15:03.135+0000] {processor.py:914} INFO - Processing file /opt/airflow/dags/kafka_load.py for tasks to queue
[2026-04-26T11:15:03.139+0000] {logging_mixin.py:190} INFO - [2026-04-26T11:15:03.138+0000] {dagbag.py:588} INFO - Filling up the DagBag from /opt/airflow/dags/kafka_load.py
[2026-04-26T11:15:03.181+0000] {processor.py:925} INFO - DAG(s) 'kafka_producer' retrieved from /opt/airflow/dags/kafka_load.py
[2026-04-26T11:15:03.215+0000] {logging_mixin.py:190} INFO - [2026-04-26T11:15:03.215+0000] {dag.py:3239} INFO - Sync 1 DAGs
[2026-04-26T11:15:03.254+0000] {logging_mixin.py:190} INFO - [2026-04-26T11:15:03.254+0000] {dag.py:4180} INFO - Setting next_dagrun for kafka_producer to 2026-04-25 18:30:00+00:00, run_after=2026-04-26 18:30:00+00:00
[2026-04-26T11:15:03.289+0000] {processor.py:208} INFO - Processing /opt/airflow/dags/kafka_load.py took 0.167 seconds
[2026-04-26T11:15:33.663+0000] {processor.py:186} INFO - Started process (PID=830) to work on /opt/airflow/dags/kafka_load.py
[2026-04-26T11:15:33.665+0000] {processor.py:914} INFO - Processing file /opt/airflow/dags/kafka_load.py for tasks to queue
[2026-04-26T11:15:33.668+0000] {logging_mixin.py:190} INFO - [2026-04-26T11:15:33.668+0000] {dagbag.py:588} INFO - Filling up the DagBag from /opt/airflow/dags/kafka_load.py
[2026-04-26T11:15:33.703+0000] {processor.py:925} INFO - DAG(s) 'kafka_producer' retrieved from /opt/airflow/dags/kafka_load.py
[2026-04-26T11:15:33.732+0000] {logging_mixin.py:190} INFO - [2026-04-26T11:15:33.732+0000] {dag.py:3239} INFO - Sync 1 DAGs
[2026-04-26T11:15:33.767+0000] {logging_mixin.py:190} INFO - [2026-04-26T11:15:33.767+0000] {dag.py:4180} INFO - Setting next_dagrun for kafka_producer to 2026-04-25 18:30:00+00:00, run_after=2026-04-26 18:30:00+00:00
[2026-04-26T11:15:33.794+0000] {processor.py:208} INFO - Processing /opt/airflow/dags/kafka_load.py took 0.140 seconds
[2026-04-26T11:16:04.202+0000] {processor.py:186} INFO - Started process (PID=833) to work on /opt/airflow/dags/kafka_load.py
[2026-04-26T11:16:04.204+0000] {processor.py:914} INFO - Processing file /opt/airflow/dags/kafka_load.py for tasks to queue
[2026-04-26T11:16:04.208+0000] {logging_mixin.py:190} INFO - [2026-04-26T11:16:04.207+0000] {dagbag.py:588} INFO - Filling up the DagBag from /opt/airflow/dags/kafka_load.py
[2026-04-26T11:16:04.250+0000] {processor.py:925} INFO - DAG(s) 'kafka_producer' retrieved from /opt/airflow/dags/kafka_load.py
[2026-04-26T11:16:04.282+0000] {logging_mixin.py:190} INFO - [2026-04-26T11:16:04.282+0000] {dag.py:3239} INFO - Sync 1 DAGs
[2026-04-26T11:16:04.314+0000] {logging_mixin.py:190} INFO - [2026-04-26T11:16:04.314+0000] {dag.py:4180} INFO - Setting next_dagrun for kafka_producer to 2026-04-25 18:30:00+00:00, run_after=2026-04-26 18:30:00+00:00
[2026-04-26T11:16:04.341+0000] {processor.py:208} INFO - Processing /opt/airflow/dags/kafka_load.py took 0.150 seconds
[2026-04-26T11:16:34.748+0000] {processor.py:186} INFO - Started process (PID=836) to work on /opt/airflow/dags/kafka_load.py
[2026-04-26T11:16:34.750+0000] {processor.py:914} INFO - Processing file /opt/airflow/dags/kafka_load.py for tasks to queue
[2026-04-26T11:16:34.754+0000] {logging_mixin.py:190} INFO - [2026-04-26T11:16:34.754+0000] {dagbag.py:588} INFO - Filling up the DagBag from /opt/airflow/dags/kafka_load.py
[2026-04-26T11:16:34.802+0000] {processor.py:925} INFO - DAG(s) 'kafka_producer' retrieved from /opt/airflow/dags/kafka_load.py
[2026-04-26T11:16:34.828+0000] {logging_mixin.py:190} INFO - [2026-04-26T11:16:34.828+0000] {dag.py:3239} INFO - Sync 1 DAGs
[2026-04-26T11:16:34.858+0000] {logging_mixin.py:190} INFO - [2026-04-26T11:16:34.858+0000] {dag.py:4180} INFO - Setting next_dagrun for kafka_producer to 2026-04-25 18:30:00+00:00, run_after=2026-04-26 18:30:00+00:00
[2026-04-26T11:16:34.884+0000] {processor.py:208} INFO - Processing /opt/airflow/dags/kafka_load.py took 0.148 seconds
[2026-04-26T11:17:05.296+0000] {processor.py:186} INFO - Started process (PID=839) to work on /opt/airflow/dags/kafka_load.py
[2026-04-26T11:17:05.298+0000] {processor.py:914} INFO - Processing file /opt/airflow/dags/kafka_load.py for tasks to queue
[2026-04-26T11:17:05.301+0000] {logging_mixin.py:190} INFO - [2026-04-26T11:17:05.301+0000] {dagbag.py:588} INFO - Filling up the DagBag from /opt/airflow/dags/kafka_load.py
[2026-04-26T11:17:05.349+0000] {processor.py:925} INFO - DAG(s) 'kafka_producer' retrieved from /opt/airflow/dags/kafka_load.py
[2026-04-26T11:17:05.385+0000] {logging_mixin.py:190} INFO - [2026-04-26T11:17:05.385+0000] {dag.py:3239} INFO - Sync 1 DAGs
[2026-04-26T11:17:05.425+0000] {logging_mixin.py:190} INFO - [2026-04-26T11:17:05.425+0000] {dag.py:4180} INFO - Setting next_dagrun for kafka_producer to 2026-04-25 18:30:00+00:00, run_after=2026-04-26 18:30:00+00:00
[2026-04-26T11:17:05.465+0000] {processor.py:208} INFO - Processing /opt/airflow/dags/kafka_load.py took 0.182 seconds
[2026-04-26T11:17:35.896+0000] {processor.py:186} INFO - Started process (PID=842) to work on /opt/airflow/dags/kafka_load.py
[2026-04-26T11:17:35.900+0000] {processor.py:914} INFO - Processing file /opt/airflow/dags/kafka_load.py for tasks to queue
[2026-04-26T11:17:35.904+0000] {logging_mixin.py:190} INFO - [2026-04-26T11:17:35.904+0000] {dagbag.py:588} INFO - Filling up the DagBag from /opt/airflow/dags/kafka_load.py
[2026-04-26T11:17:35.940+0000] {processor.py:925} INFO - DAG(s) 'kafka_producer' retrieved from /opt/airflow/dags/kafka_load.py
[2026-04-26T11:17:35.967+0000] {logging_mixin.py:190} INFO - [2026-04-26T11:17:35.967+0000] {dag.py:3239} INFO - Sync 1 DAGs
[2026-04-26T11:17:35.999+0000] {logging_mixin.py:190} INFO - [2026-04-26T11:17:35.999+0000] {dag.py:4180} INFO - Setting next_dagrun for kafka_producer to 2026-04-25 18:30:00+00:00, run_after=2026-04-26 18:30:00+00:00
[2026-04-26T11:17:36.027+0000] {processor.py:208} INFO - Processing /opt/airflow/dags/kafka_load.py took 0.140 seconds
[2026-04-26T11:18:06.419+0000] {processor.py:186} INFO - Started process (PID=845) to work on /opt/airflow/dags/kafka_load.py
[2026-04-26T11:18:06.422+0000] {processor.py:914} INFO - Processing file /opt/airflow/dags/kafka_load.py for tasks to queue
[2026-04-26T11:18:06.426+0000] {logging_mixin.py:190} INFO - [2026-04-26T11:18:06.425+0000] {dagbag.py:588} INFO - Filling up the DagBag from /opt/airflow/dags/kafka_load.py
[2026-04-26T11:18:06.464+0000] {processor.py:925} INFO - DAG(s) 'kafka_producer' retrieved from /opt/airflow/dags/kafka_load.py
[2026-04-26T11:18:06.492+0000] {logging_mixin.py:190} INFO - [2026-04-26T11:18:06.492+0000] {dag.py:3239} INFO - Sync 1 DAGs
[2026-04-26T11:18:06.525+0000] {logging_mixin.py:190} INFO - [2026-04-26T11:18:06.525+0000] {dag.py:4180} INFO - Setting next_dagrun for kafka_producer to 2026-04-25 18:30:00+00:00, run_after=2026-04-26 18:30:00+00:00
[2026-04-26T11:18:06.883+0000] {processor.py:208} INFO - Processing /opt/airflow/dags/kafka_load.py took 0.476 seconds
[2026-04-26T11:18:37.122+0000] {processor.py:186} INFO - Started process (PID=848) to work on /opt/airflow/dags/kafka_load.py
[2026-04-26T11:18:37.123+0000] {processor.py:914} INFO - Processing file /opt/airflow/dags/kafka_load.py for tasks to queue
[2026-04-26T11:18:37.127+0000] {logging_mixin.py:190} INFO - [2026-04-26T11:18:37.126+0000] {dagbag.py:588} INFO - Filling up the DagBag from /opt/airflow/dags/kafka_load.py
[2026-04-26T11:18:37.169+0000] {processor.py:925} INFO - DAG(s) 'kafka_producer' retrieved from /opt/airflow/dags/kafka_load.py
[2026-04-26T11:18:37.204+0000] {logging_mixin.py:190} INFO - [2026-04-26T11:18:37.204+0000] {dag.py:3239} INFO - Sync 1 DAGs
[2026-04-26T11:18:37.238+0000] {logging_mixin.py:190} INFO - [2026-04-26T11:18:37.238+0000] {dag.py:4180} INFO - Setting next_dagrun for kafka_producer to 2026-04-25 18:30:00+00:00, run_after=2026-04-26 18:30:00+00:00
[2026-04-26T11:18:37.271+0000] {processor.py:208} INFO - Processing /opt/airflow/dags/kafka_load.py took 0.161 seconds
[2026-04-26T11:19:07.747+0000] {processor.py:186} INFO - Started process (PID=851) to work on /opt/airflow/dags/kafka_load.py
[2026-04-26T11:19:07.749+0000] {processor.py:914} INFO - Processing file /opt/airflow/dags/kafka_load.py for tasks to queue
[2026-04-26T11:19:07.753+0000] {logging_mixin.py:190} INFO - [2026-04-26T11:19:07.753+0000] {dagbag.py:588} INFO - Filling up the DagBag from /opt/airflow/dags/kafka_load.py
[2026-04-26T11:19:07.799+0000] {processor.py:925} INFO - DAG(s) 'kafka_producer' retrieved from /opt/airflow/dags/kafka_load.py
[2026-04-26T11:19:07.827+0000] {logging_mixin.py:190} INFO - [2026-04-26T11:19:07.826+0000] {dag.py:3239} INFO - Sync 1 DAGs
[2026-04-26T11:19:07.858+0000] {logging_mixin.py:190} INFO - [2026-04-26T11:19:07.857+0000] {dag.py:4180} INFO - Setting next_dagrun for kafka_producer to 2026-04-25 18:30:00+00:00, run_after=2026-04-26 18:30:00+00:00
[2026-04-26T11:19:07.884+0000] {processor.py:208} INFO - Processing /opt/airflow/dags/kafka_load.py took 0.147 seconds
[2026-04-26T11:19:38.331+0000] {processor.py:186} INFO - Started process (PID=854) to work on /opt/airflow/dags/kafka_load.py
[2026-04-26T11:19:38.332+0000] {processor.py:914} INFO - Processing file /opt/airflow/dags/kafka_load.py for tasks to queue
[2026-04-26T11:19:38.336+0000] {logging_mixin.py:190} INFO - [2026-04-26T11:19:38.336+0000] {dagbag.py:588} INFO - Filling up the DagBag from /opt/airflow/dags/kafka_load.py
[2026-04-26T11:19:38.390+0000] {processor.py:925} INFO - DAG(s) 'kafka_producer' retrieved from /opt/airflow/dags/kafka_load.py
[2026-04-26T11:19:38.421+0000] {logging_mixin.py:190} INFO - [2026-04-26T11:19:38.420+0000] {dag.py:3239} INFO - Sync 1 DAGs
[2026-04-26T11:19:38.464+0000] {logging_mixin.py:190} INFO - [2026-04-26T11:19:38.464+0000] {dag.py:4180} INFO - Setting next_dagrun for kafka_producer to 2026-04-25 18:30:00+00:00, run_after=2026-04-26 18:30:00+00:00
[2026-04-26T11:19:38.495+0000] {processor.py:208} INFO - Processing /opt/airflow/dags/kafka_load.py took 0.180 seconds
[2026-04-26T11:20:08.947+0000] {processor.py:186} INFO - Started process (PID=857) to work on /opt/airflow/dags/kafka_load.py
[2026-04-26T11:20:08.949+0000] {processor.py:914} INFO - Processing file /opt/airflow/dags/kafka_load.py for tasks to queue
[2026-04-26T11:20:08.953+0000] {logging_mixin.py:190} INFO - [2026-04-26T11:20:08.952+0000] {dagbag.py:588} INFO - Filling up the DagBag from /opt/airflow/dags/kafka_load.py
[2026-04-26T11:20:08.996+0000] {processor.py:925} INFO - DAG(s) 'kafka_producer' retrieved from /opt/airflow/dags/kafka_load.py
[2026-04-26T11:20:09.030+0000] {logging_mixin.py:190} INFO - [2026-04-26T11:20:09.029+0000] {dag.py:3239} INFO - Sync 1 DAGs
[2026-04-26T11:20:09.084+0000] {logging_mixin.py:190} INFO - [2026-04-26T11:20:09.084+0000] {dag.py:4180} INFO - Setting next_dagrun for kafka_producer to 2026-04-25 18:30:00+00:00, run_after=2026-04-26 18:30:00+00:00
[2026-04-26T11:20:09.124+0000] {processor.py:208} INFO - Processing /opt/airflow/dags/kafka_load.py took 0.191 seconds
[2026-04-26T11:20:39.564+0000] {processor.py:186} INFO - Started process (PID=860) to work on /opt/airflow/dags/kafka_load.py
[2026-04-26T11:20:39.565+0000] {processor.py:914} INFO - Processing file /opt/airflow/dags/kafka_load.py for tasks to queue
[2026-04-26T11:20:39.572+0000] {logging_mixin.py:190} INFO - [2026-04-26T11:20:39.572+0000] {dagbag.py:588} INFO - Filling up the DagBag from /opt/airflow/dags/kafka_load.py
[2026-04-26T11:20:39.610+0000] {processor.py:925} INFO - DAG(s) 'kafka_producer' retrieved from /opt/airflow/dags/kafka_load.py
[2026-04-26T11:20:39.652+0000] {logging_mixin.py:190} INFO - [2026-04-26T11:20:39.652+0000] {dag.py:3239} INFO - Sync 1 DAGs
[2026-04-26T11:20:39.714+0000] {logging_mixin.py:190} INFO - [2026-04-26T11:20:39.713+0000] {dag.py:4180} INFO - Setting next_dagrun for kafka_producer to 2026-04-25 18:30:00+00:00, run_after=2026-04-26 18:30:00+00:00
[2026-04-26T11:20:39.741+0000] {processor.py:208} INFO - Processing /opt/airflow/dags/kafka_load.py took 0.188 seconds
[2026-04-26T11:21:10.153+0000] {processor.py:186} INFO - Started process (PID=863) to work on /opt/airflow/dags/kafka_load.py
[2026-04-26T11:21:10.155+0000] {processor.py:914} INFO - Processing file /opt/airflow/dags/kafka_load.py for tasks to queue
[2026-04-26T11:21:10.162+0000] {logging_mixin.py:190} INFO - [2026-04-26T11:21:10.161+0000] {dagbag.py:588} INFO - Filling up the DagBag from /opt/airflow/dags/kafka_load.py
[2026-04-26T11:21:10.206+0000] {processor.py:925} INFO - DAG(s) 'kafka_producer' retrieved from /opt/airflow/dags/kafka_load.py
[2026-04-26T11:21:10.239+0000] {logging_mixin.py:190} INFO - [2026-04-26T11:21:10.239+0000] {dag.py:3239} INFO - Sync 1 DAGs
[2026-04-26T11:21:10.271+0000] {logging_mixin.py:190} INFO - [2026-04-26T11:21:10.270+0000] {dag.py:4180} INFO - Setting next_dagrun for kafka_producer to 2026-04-25 18:30:00+00:00, run_after=2026-04-26 18:30:00+00:00
[2026-04-26T11:21:10.295+0000] {processor.py:208} INFO - Processing /opt/airflow/dags/kafka_load.py took 0.151 seconds
[2026-04-26T11:21:40.682+0000] {processor.py:186} INFO - Started process (PID=866) to work on /opt/airflow/dags/kafka_load.py
[2026-04-26T11:21:40.683+0000] {processor.py:914} INFO - Processing file /opt/airflow/dags/kafka_load.py for tasks to queue
[2026-04-26T11:21:40.687+0000] {logging_mixin.py:190} INFO - [2026-04-26T11:21:40.687+0000] {dagbag.py:588} INFO - Filling up the DagBag from /opt/airflow/dags/kafka_load.py
[2026-04-26T11:21:40.727+0000] {processor.py:925} INFO - DAG(s) 'kafka_producer' retrieved from /opt/airflow/dags/kafka_load.py
[2026-04-26T11:21:40.757+0000] {logging_mixin.py:190} INFO - [2026-04-26T11:21:40.757+0000] {dag.py:3239} INFO - Sync 1 DAGs
[2026-04-26T11:21:40.786+0000] {logging_mixin.py:190} INFO - [2026-04-26T11:21:40.786+0000] {dag.py:4180} INFO - Setting next_dagrun for kafka_producer to 2026-04-25 18:30:00+00:00, run_after=2026-04-26 18:30:00+00:00
[2026-04-26T11:21:40.815+0000] {processor.py:208} INFO - Processing /opt/airflow/dags/kafka_load.py took 0.144 seconds
[2026-04-26T11:22:11.258+0000] {processor.py:186} INFO - Started process (PID=869) to work on /opt/airflow/dags/kafka_load.py
[2026-04-26T11:22:11.264+0000] {processor.py:914} INFO - Processing file /opt/airflow/dags/kafka_load.py for tasks to queue
[2026-04-26T11:22:11.273+0000] {logging_mixin.py:190} INFO - [2026-04-26T11:22:11.271+0000] {dagbag.py:588} INFO - Filling up the DagBag from /opt/airflow/dags/kafka_load.py
[2026-04-26T11:22:11.428+0000] {processor.py:925} INFO - DAG(s) 'kafka_producer' retrieved from /opt/airflow/dags/kafka_load.py
[2026-04-26T11:22:11.484+0000] {logging_mixin.py:190} INFO - [2026-04-26T11:22:11.483+0000] {dag.py:3239} INFO - Sync 1 DAGs
[2026-04-26T11:22:11.528+0000] {logging_mixin.py:190} INFO - [2026-04-26T11:22:11.527+0000] {dag.py:4180} INFO - Setting next_dagrun for kafka_producer to 2026-04-25 18:30:00+00:00, run_after=2026-04-26 18:30:00+00:00
[2026-04-26T11:22:11.555+0000] {processor.py:208} INFO - Processing /opt/airflow/dags/kafka_load.py took 0.309 seconds
[2026-04-26T11:22:41.728+0000] {processor.py:186} INFO - Started process (PID=872) to work on /opt/airflow/dags/kafka_load.py
[2026-04-26T11:22:41.729+0000] {processor.py:914} INFO - Processing file /opt/airflow/dags/kafka_load.py for tasks to queue
[2026-04-26T11:22:41.733+0000] {logging_mixin.py:190} INFO - [2026-04-26T11:22:41.732+0000] {dagbag.py:588} INFO - Filling up the DagBag from /opt/airflow/dags/kafka_load.py
[2026-04-26T11:22:41.766+0000] {processor.py:925} INFO - DAG(s) 'kafka_producer' retrieved from /opt/airflow/dags/kafka_load.py
[2026-04-26T11:22:41.796+0000] {logging_mixin.py:190} INFO - [2026-04-26T11:22:41.796+0000] {dag.py:3239} INFO - Sync 1 DAGs
[2026-04-26T11:22:41.838+0000] {logging_mixin.py:190} INFO - [2026-04-26T11:22:41.838+0000] {dag.py:4180} INFO - Setting next_dagrun for kafka_producer to 2026-04-25 18:30:00+00:00, run_after=2026-04-26 18:30:00+00:00
[2026-04-26T11:22:41.871+0000] {processor.py:208} INFO - Processing /opt/airflow/dags/kafka_load.py took 0.157 seconds
[2026-04-26T11:23:12.267+0000] {processor.py:186} INFO - Started process (PID=875) to work on /opt/airflow/dags/kafka_load.py
[2026-04-26T11:23:12.268+0000] {processor.py:914} INFO - Processing file /opt/airflow/dags/kafka_load.py for tasks to queue
[2026-04-26T11:23:12.276+0000] {logging_mixin.py:190} INFO - [2026-04-26T11:23:12.276+0000] {dagbag.py:588} INFO - Filling up the DagBag from /opt/airflow/dags/kafka_load.py
[2026-04-26T11:23:12.323+0000] {processor.py:925} INFO - DAG(s) 'kafka_producer' retrieved from /opt/airflow/dags/kafka_load.py
[2026-04-26T11:23:12.355+0000] {logging_mixin.py:190} INFO - [2026-04-26T11:23:12.355+0000] {dag.py:3239} INFO - Sync 1 DAGs
[2026-04-26T11:23:12.387+0000] {logging_mixin.py:190} INFO - [2026-04-26T11:23:12.387+0000] {dag.py:4180} INFO - Setting next_dagrun for kafka_producer to 2026-04-25 18:30:00+00:00, run_after=2026-04-26 18:30:00+00:00
[2026-04-26T11:23:12.415+0000] {processor.py:208} INFO - Processing /opt/airflow/dags/kafka_load.py took 0.157 seconds
[2026-04-26T11:23:42.838+0000] {processor.py:186} INFO - Started process (PID=878) to work on /opt/airflow/dags/kafka_load.py
[2026-04-26T11:23:42.840+0000] {processor.py:914} INFO - Processing file /opt/airflow/dags/kafka_load.py for tasks to queue
[2026-04-26T11:23:42.844+0000] {logging_mixin.py:190} INFO - [2026-04-26T11:23:42.843+0000] {dagbag.py:588} INFO - Filling up the DagBag from /opt/airflow/dags/kafka_load.py
[2026-04-26T11:23:42.882+0000] {processor.py:925} INFO - DAG(s) 'kafka_producer' retrieved from /opt/airflow/dags/kafka_load.py
[2026-04-26T11:23:42.923+0000] {logging_mixin.py:190} INFO - [2026-04-26T11:23:42.923+0000] {dag.py:3239} INFO - Sync 1 DAGs
[2026-04-26T11:23:42.962+0000] {logging_mixin.py:190} INFO - [2026-04-26T11:23:42.961+0000] {dag.py:4180} INFO - Setting next_dagrun for kafka_producer to 2026-04-25 18:30:00+00:00, run_after=2026-04-26 18:30:00+00:00
[2026-04-26T11:23:42.991+0000] {processor.py:208} INFO - Processing /opt/airflow/dags/kafka_load.py took 0.163 seconds
[2026-04-26T11:24:13.449+0000] {processor.py:186} INFO - Started process (PID=881) to work on /opt/airflow/dags/kafka_load.py
[2026-04-26T11:24:13.452+0000] {processor.py:914} INFO - Processing file /opt/airflow/dags/kafka_load.py for tasks to queue
[2026-04-26T11:24:13.456+0000] {logging_mixin.py:190} INFO - [2026-04-26T11:24:13.455+0000] {dagbag.py:588} INFO - Filling up the DagBag from /opt/airflow/dags/kafka_load.py
[2026-04-26T11:24:13.504+0000] {processor.py:925} INFO - DAG(s) 'kafka_producer' retrieved from /opt/airflow/dags/kafka_load.py
[2026-04-26T11:24:13.535+0000] {logging_mixin.py:190} INFO - [2026-04-26T11:24:13.534+0000] {dag.py:3239} INFO - Sync 1 DAGs
[2026-04-26T11:24:13.572+0000] {logging_mixin.py:190} INFO - [2026-04-26T11:24:13.571+0000] {dag.py:4180} INFO - Setting next_dagrun for kafka_producer to 2026-04-25 18:30:00+00:00, run_after=2026-04-26 18:30:00+00:00
[2026-04-26T11:24:13.608+0000] {processor.py:208} INFO - Processing /opt/airflow/dags/kafka_load.py took 0.172 seconds
[2026-04-26T11:24:43.978+0000] {processor.py:186} INFO - Started process (PID=884) to work on /opt/airflow/dags/kafka_load.py
[2026-04-26T11:24:43.981+0000] {processor.py:914} INFO - Processing file /opt/airflow/dags/kafka_load.py for tasks to queue
[2026-04-26T11:24:43.984+0000] {logging_mixin.py:190} INFO - [2026-04-26T11:24:43.984+0000] {dagbag.py:588} INFO - Filling up the DagBag from /opt/airflow/dags/kafka_load.py
[2026-04-26T11:24:44.027+0000] {processor.py:925} INFO - DAG(s) 'kafka_producer' retrieved from /opt/airflow/dags/kafka_load.py
[2026-04-26T11:24:44.060+0000] {logging_mixin.py:190} INFO - [2026-04-26T11:24:44.060+0000] {dag.py:3239} INFO - Sync 1 DAGs
[2026-04-26T11:24:44.093+0000] {logging_mixin.py:190} INFO - [2026-04-26T11:24:44.093+0000] {dag.py:4180} INFO - Setting next_dagrun for kafka_producer to 2026-04-25 18:30:00+00:00, run_after=2026-04-26 18:30:00+00:00
[2026-04-26T11:24:44.125+0000] {processor.py:208} INFO - Processing /opt/airflow/dags/kafka_load.py took 0.157 seconds
[2026-04-26T11:25:14.667+0000] {processor.py:186} INFO - Started process (PID=887) to work on /opt/airflow/dags/kafka_load.py
[2026-04-26T11:25:14.669+0000] {processor.py:914} INFO - Processing file /opt/airflow/dags/kafka_load.py for tasks to queue
[2026-04-26T11:25:14.675+0000] {logging_mixin.py:190} INFO - [2026-04-26T11:25:14.674+0000] {dagbag.py:588} INFO - Filling up the DagBag from /opt/airflow/dags/kafka_load.py
[2026-04-26T11:25:14.730+0000] {processor.py:925} INFO - DAG(s) 'kafka_producer' retrieved from /opt/airflow/dags/kafka_load.py
[2026-04-26T11:25:14.810+0000] {logging_mixin.py:190} INFO - [2026-04-26T11:25:14.810+0000] {dag.py:3239} INFO - Sync 1 DAGs
[2026-04-26T11:25:14.874+0000] {logging_mixin.py:190} INFO - [2026-04-26T11:25:14.874+0000] {dag.py:4180} INFO - Setting next_dagrun for kafka_producer to 2026-04-25 18:30:00+00:00, run_after=2026-04-26 18:30:00+00:00
[2026-04-26T11:25:15.892+0000] {processor.py:208} INFO - Processing /opt/airflow/dags/kafka_load.py took 1.235 seconds
[2026-04-26T11:25:46.288+0000] {processor.py:186} INFO - Started process (PID=890) to work on /opt/airflow/dags/kafka_load.py
[2026-04-26T11:25:46.290+0000] {processor.py:914} INFO - Processing file /opt/airflow/dags/kafka_load.py for tasks to queue
[2026-04-26T11:25:46.294+0000] {logging_mixin.py:190} INFO - [2026-04-26T11:25:46.293+0000] {dagbag.py:588} INFO - Filling up the DagBag from /opt/airflow/dags/kafka_load.py
[2026-04-26T11:25:46.336+0000] {processor.py:925} INFO - DAG(s) 'kafka_producer' retrieved from /opt/airflow/dags/kafka_load.py
[2026-04-26T11:25:46.376+0000] {logging_mixin.py:190} INFO - [2026-04-26T11:25:46.376+0000] {dag.py:3239} INFO - Sync 1 DAGs
[2026-04-26T11:25:46.408+0000] {logging_mixin.py:190} INFO - [2026-04-26T11:25:46.408+0000] {dag.py:4180} INFO - Setting next_dagrun for kafka_producer to 2026-04-25 18:30:00+00:00, run_after=2026-04-26 18:30:00+00:00
[2026-04-26T11:25:46.439+0000] {processor.py:208} INFO - Processing /opt/airflow/dags/kafka_load.py took 0.163 seconds
[2026-04-26T11:26:16.819+0000] {processor.py:186} INFO - Started process (PID=893) to work on /opt/airflow/dags/kafka_load.py
[2026-04-26T11:26:16.820+0000] {processor.py:914} INFO - Processing file /opt/airflow/dags/kafka_load.py for tasks to queue
[2026-04-26T11:26:16.825+0000] {logging_mixin.py:190} INFO - [2026-04-26T11:26:16.824+0000] {dagbag.py:588} INFO - Filling up the DagBag from /opt/airflow/dags/kafka_load.py
[2026-04-26T11:26:16.952+0000] {processor.py:925} INFO - DAG(s) 'kafka_producer' retrieved from /opt/airflow/dags/kafka_load.py
[2026-04-26T11:26:16.982+0000] {logging_mixin.py:190} INFO - [2026-04-26T11:26:16.981+0000] {dag.py:3239} INFO - Sync 1 DAGs
[2026-04-26T11:26:17.013+0000] {logging_mixin.py:190} INFO - [2026-04-26T11:26:17.012+0000] {dag.py:4180} INFO - Setting next_dagrun for kafka_producer to 2026-04-25 18:30:00+00:00, run_after=2026-04-26 18:30:00+00:00
[2026-04-26T11:26:17.724+0000] {processor.py:208} INFO - Processing /opt/airflow/dags/kafka_load.py took 0.915 seconds
[2026-04-26T11:26:48.107+0000] {processor.py:186} INFO - Started process (PID=896) to work on /opt/airflow/dags/kafka_load.py
[2026-04-26T11:26:48.109+0000] {processor.py:914} INFO - Processing file /opt/airflow/dags/kafka_load.py for tasks to queue
[2026-04-26T11:26:48.112+0000] {logging_mixin.py:190} INFO - [2026-04-26T11:26:48.112+0000] {dagbag.py:588} INFO - Filling up the DagBag from /opt/airflow/dags/kafka_load.py
[2026-04-26T11:26:48.150+0000] {processor.py:925} INFO - DAG(s) 'kafka_producer' retrieved from /opt/airflow/dags/kafka_load.py
[2026-04-26T11:26:48.188+0000] {logging_mixin.py:190} INFO - [2026-04-26T11:26:48.187+0000] {dag.py:3239} INFO - Sync 1 DAGs
[2026-04-26T11:26:48.224+0000] {logging_mixin.py:190} INFO - [2026-04-26T11:26:48.224+0000] {dag.py:4180} INFO - Setting next_dagrun for kafka_producer to 2026-04-25 18:30:00+00:00, run_after=2026-04-26 18:30:00+00:00
[2026-04-26T11:26:48.254+0000] {processor.py:208} INFO - Processing /opt/airflow/dags/kafka_load.py took 0.157 seconds
[2026-04-26T11:27:18.655+0000] {processor.py:186} INFO - Started process (PID=899) to work on /opt/airflow/dags/kafka_load.py
[2026-04-26T11:27:18.657+0000] {processor.py:914} INFO - Processing file /opt/airflow/dags/kafka_load.py for tasks to queue
[2026-04-26T11:27:18.661+0000] {logging_mixin.py:190} INFO - [2026-04-26T11:27:18.661+0000] {dagbag.py:588} INFO - Filling up the DagBag from /opt/airflow/dags/kafka_load.py
[2026-04-26T11:27:18.729+0000] {processor.py:925} INFO - DAG(s) 'kafka_producer' retrieved from /opt/airflow/dags/kafka_load.py
[2026-04-26T11:27:18.768+0000] {logging_mixin.py:190} INFO - [2026-04-26T11:27:18.767+0000] {dag.py:3239} INFO - Sync 1 DAGs
[2026-04-26T11:27:18.815+0000] {logging_mixin.py:190} INFO - [2026-04-26T11:27:18.814+0000] {dag.py:4180} INFO - Setting next_dagrun for kafka_producer to 2026-04-25 18:30:00+00:00, run_after=2026-04-26 18:30:00+00:00
[2026-04-26T11:27:18.845+0000] {processor.py:208} INFO - Processing /opt/airflow/dags/kafka_load.py took 0.205 seconds
[2026-04-26T11:27:49.242+0000] {processor.py:186} INFO - Started process (PID=902) to work on /opt/airflow/dags/kafka_load.py
[2026-04-26T11:27:49.244+0000] {processor.py:914} INFO - Processing file /opt/airflow/dags/kafka_load.py for tasks to queue
[2026-04-26T11:27:49.249+0000] {logging_mixin.py:190} INFO - [2026-04-26T11:27:49.249+0000] {dagbag.py:588} INFO - Filling up the DagBag from /opt/airflow/dags/kafka_load.py
[2026-04-26T11:27:49.290+0000] {processor.py:925} INFO - DAG(s) 'kafka_producer' retrieved from /opt/airflow/dags/kafka_load.py
[2026-04-26T11:27:49.322+0000] {logging_mixin.py:190} INFO - [2026-04-26T11:27:49.322+0000] {dag.py:3239} INFO - Sync 1 DAGs
[2026-04-26T11:27:49.359+0000] {logging_mixin.py:190} INFO - [2026-04-26T11:27:49.359+0000] {dag.py:4180} INFO - Setting next_dagrun for kafka_producer to 2026-04-25 18:30:00+00:00, run_after=2026-04-26 18:30:00+00:00
[2026-04-26T11:27:49.386+0000] {processor.py:208} INFO - Processing /opt/airflow/dags/kafka_load.py took 0.156 seconds
[2026-04-26T11:28:19.809+0000] {processor.py:186} INFO - Started process (PID=905) to work on /opt/airflow/dags/kafka_load.py
[2026-04-26T11:28:19.811+0000] {processor.py:914} INFO - Processing file /opt/airflow/dags/kafka_load.py for tasks to queue
[2026-04-26T11:28:19.816+0000] {logging_mixin.py:190} INFO - [2026-04-26T11:28:19.815+0000] {dagbag.py:588} INFO - Filling up the DagBag from /opt/airflow/dags/kafka_load.py
[2026-04-26T11:28:19.864+0000] {processor.py:925} INFO - DAG(s) 'kafka_producer' retrieved from /opt/airflow/dags/kafka_load.py
[2026-04-26T11:28:19.901+0000] {logging_mixin.py:190} INFO - [2026-04-26T11:28:19.900+0000] {dag.py:3239} INFO - Sync 1 DAGs
[2026-04-26T11:28:19.934+0000] {logging_mixin.py:190} INFO - [2026-04-26T11:28:19.934+0000] {dag.py:4180} INFO - Setting next_dagrun for kafka_producer to 2026-04-25 18:30:00+00:00, run_after=2026-04-26 18:30:00+00:00
[2026-04-26T11:28:19.960+0000] {processor.py:208} INFO - Processing /opt/airflow/dags/kafka_load.py took 0.161 seconds
[2026-04-26T11:28:50.345+0000] {processor.py:186} INFO - Started process (PID=908) to work on /opt/airflow/dags/kafka_load.py
[2026-04-26T11:28:50.347+0000] {processor.py:914} INFO - Processing file /opt/airflow/dags/kafka_load.py for tasks to queue
[2026-04-26T11:28:50.350+0000] {logging_mixin.py:190} INFO - [2026-04-26T11:28:50.350+0000] {dagbag.py:588} INFO - Filling up the DagBag from /opt/airflow/dags/kafka_load.py
[2026-04-26T11:28:50.387+0000] {processor.py:925} INFO - DAG(s) 'kafka_producer' retrieved from /opt/airflow/dags/kafka_load.py
[2026-04-26T11:28:50.415+0000] {logging_mixin.py:190} INFO - [2026-04-26T11:28:50.414+0000] {dag.py:3239} INFO - Sync 1 DAGs
[2026-04-26T11:28:50.446+0000] {logging_mixin.py:190} INFO - [2026-04-26T11:28:50.445+0000] {dag.py:4180} INFO - Setting next_dagrun for kafka_producer to 2026-04-25 18:30:00+00:00, run_after=2026-04-26 18:30:00+00:00
[2026-04-26T11:28:50.470+0000] {processor.py:208} INFO - Processing /opt/airflow/dags/kafka_load.py took 0.135 seconds
[2026-04-26T11:29:20.928+0000] {processor.py:186} INFO - Started process (PID=911) to work on /opt/airflow/dags/kafka_load.py
[2026-04-26T11:29:20.929+0000] {processor.py:914} INFO - Processing file /opt/airflow/dags/kafka_load.py for tasks to queue
[2026-04-26T11:29:20.933+0000] {logging_mixin.py:190} INFO - [2026-04-26T11:29:20.933+0000] {dagbag.py:588} INFO - Filling up the DagBag from /opt/airflow/dags/kafka_load.py
[2026-04-26T11:29:20.975+0000] {processor.py:925} INFO - DAG(s) 'kafka_producer' retrieved from /opt/airflow/dags/kafka_load.py
[2026-04-26T11:29:21.003+0000] {logging_mixin.py:190} INFO - [2026-04-26T11:29:21.003+0000] {dag.py:3239} INFO - Sync 1 DAGs
[2026-04-26T11:29:21.035+0000] {logging_mixin.py:190} INFO - [2026-04-26T11:29:21.034+0000] {dag.py:4180} INFO - Setting next_dagrun for kafka_producer to 2026-04-25 18:30:00+00:00, run_after=2026-04-26 18:30:00+00:00
[2026-04-26T11:29:21.060+0000] {processor.py:208} INFO - Processing /opt/airflow/dags/kafka_load.py took 0.143 seconds
[2026-04-26T11:29:51.457+0000] {processor.py:186} INFO - Started process (PID=914) to work on /opt/airflow/dags/kafka_load.py
[2026-04-26T11:29:51.459+0000] {processor.py:914} INFO - Processing file /opt/airflow/dags/kafka_load.py for tasks to queue
[2026-04-26T11:29:51.469+0000] {logging_mixin.py:190} INFO - [2026-04-26T11:29:51.467+0000] {dagbag.py:588} INFO - Filling up the DagBag from /opt/airflow/dags/kafka_load.py
[2026-04-26T11:29:51.556+0000] {processor.py:925} INFO - DAG(s) 'kafka_producer' retrieved from /opt/airflow/dags/kafka_load.py
[2026-04-26T11:29:51.629+0000] {logging_mixin.py:190} INFO - [2026-04-26T11:29:51.629+0000] {dag.py:3239} INFO - Sync 1 DAGs
[2026-04-26T11:29:51.729+0000] {logging_mixin.py:190} INFO - [2026-04-26T11:29:51.729+0000] {dag.py:4180} INFO - Setting next_dagrun for kafka_producer to 2026-04-25 18:30:00+00:00, run_after=2026-04-26 18:30:00+00:00
[2026-04-26T11:29:51.822+0000] {processor.py:208} INFO - Processing /opt/airflow/dags/kafka_load.py took 0.387 seconds
[2026-04-26T11:30:22.225+0000] {processor.py:186} INFO - Started process (PID=917) to work on /opt/airflow/dags/kafka_load.py
[2026-04-26T11:30:22.230+0000] {processor.py:914} INFO - Processing file /opt/airflow/dags/kafka_load.py for tasks to queue
[2026-04-26T11:30:22.236+0000] {logging_mixin.py:190} INFO - [2026-04-26T11:30:22.236+0000] {dagbag.py:588} INFO - Filling up the DagBag from /opt/airflow/dags/kafka_load.py
[2026-04-26T11:30:22.275+0000] {processor.py:925} INFO - DAG(s) 'kafka_producer' retrieved from /opt/airflow/dags/kafka_load.py
[2026-04-26T11:30:22.303+0000] {logging_mixin.py:190} INFO - [2026-04-26T11:30:22.303+0000] {dag.py:3239} INFO - Sync 1 DAGs
[2026-04-26T11:30:22.348+0000] {logging_mixin.py:190} INFO - [2026-04-26T11:30:22.347+0000] {dag.py:4180} INFO - Setting next_dagrun for kafka_producer to 2026-04-25 18:30:00+00:00, run_after=2026-04-26 18:30:00+00:00
[2026-04-26T11:30:22.379+0000] {processor.py:208} INFO - Processing /opt/airflow/dags/kafka_load.py took 0.172 seconds
[2026-04-26T11:30:52.799+0000] {processor.py:186} INFO - Started process (PID=920) to work on /opt/airflow/dags/kafka_load.py
[2026-04-26T11:30:52.800+0000] {processor.py:914} INFO - Processing file /opt/airflow/dags/kafka_load.py for tasks to queue
[2026-04-26T11:30:52.804+0000] {logging_mixin.py:190} INFO - [2026-04-26T11:30:52.803+0000] {dagbag.py:588} INFO - Filling up the DagBag from /opt/airflow/dags/kafka_load.py
[2026-04-26T11:30:52.849+0000] {processor.py:925} INFO - DAG(s) 'kafka_producer' retrieved from /opt/airflow/dags/kafka_load.py
[2026-04-26T11:30:52.876+0000] {logging_mixin.py:190} INFO - [2026-04-26T11:30:52.876+0000] {dag.py:3239} INFO - Sync 1 DAGs
[2026-04-26T11:30:52.910+0000] {logging_mixin.py:190} INFO - [2026-04-26T11:30:52.909+0000] {dag.py:4180} INFO - Setting next_dagrun for kafka_producer to 2026-04-25 18:30:00+00:00, run_after=2026-04-26 18:30:00+00:00
[2026-04-26T11:30:52.940+0000] {processor.py:208} INFO - Processing /opt/airflow/dags/kafka_load.py took 0.152 seconds
[2026-04-26T11:31:23.351+0000] {processor.py:186} INFO - Started process (PID=923) to work on /opt/airflow/dags/kafka_load.py
[2026-04-26T11:31:23.353+0000] {processor.py:914} INFO - Processing file /opt/airflow/dags/kafka_load.py for tasks to queue
[2026-04-26T11:31:23.357+0000] {logging_mixin.py:190} INFO - [2026-04-26T11:31:23.357+0000] {dagbag.py:588} INFO - Filling up the DagBag from /opt/airflow/dags/kafka_load.py
[2026-04-26T11:31:23.410+0000] {processor.py:925} INFO - DAG(s) 'kafka_producer' retrieved from /opt/airflow/dags/kafka_load.py
[2026-04-26T11:31:23.438+0000] {logging_mixin.py:190} INFO - [2026-04-26T11:31:23.438+0000] {dag.py:3239} INFO - Sync 1 DAGs
[2026-04-26T11:31:23.471+0000] {logging_mixin.py:190} INFO - [2026-04-26T11:31:23.471+0000] {dag.py:4180} INFO - Setting next_dagrun for kafka_producer to 2026-04-25 18:30:00+00:00, run_after=2026-04-26 18:30:00+00:00
[2026-04-26T11:31:23.505+0000] {processor.py:208} INFO - Processing /opt/airflow/dags/kafka_load.py took 0.164 seconds
[2026-04-26T11:31:53.906+0000] {processor.py:186} INFO - Started process (PID=926) to work on /opt/airflow/dags/kafka_load.py
[2026-04-26T11:31:53.915+0000] {processor.py:914} INFO - Processing file /opt/airflow/dags/kafka_load.py for tasks to queue
[2026-04-26T11:31:53.938+0000] {logging_mixin.py:190} INFO - [2026-04-26T11:31:53.935+0000] {dagbag.py:588} INFO - Filling up the DagBag from /opt/airflow/dags/kafka_load.py
[2026-04-26T11:31:54.011+0000] {processor.py:925} INFO - DAG(s) 'kafka_producer' retrieved from /opt/airflow/dags/kafka_load.py
[2026-04-26T11:31:54.053+0000] {logging_mixin.py:190} INFO - [2026-04-26T11:31:54.052+0000] {dag.py:3239} INFO - Sync 1 DAGs
[2026-04-26T11:31:54.089+0000] {logging_mixin.py:190} INFO - [2026-04-26T11:31:54.089+0000] {dag.py:4180} INFO - Setting next_dagrun for kafka_producer to 2026-04-25 18:30:00+00:00, run_after=2026-04-26 18:30:00+00:00
[2026-04-26T11:31:54.123+0000] {processor.py:208} INFO - Processing /opt/airflow/dags/kafka_load.py took 0.228 seconds
[2026-04-26T11:32:24.498+0000] {processor.py:186} INFO - Started process (PID=929) to work on /opt/airflow/dags/kafka_load.py
[2026-04-26T11:32:24.500+0000] {processor.py:914} INFO - Processing file /opt/airflow/dags/kafka_load.py for tasks to queue
[2026-04-26T11:32:24.505+0000] {logging_mixin.py:190} INFO - [2026-04-26T11:32:24.504+0000] {dagbag.py:588} INFO - Filling up the DagBag from /opt/airflow/dags/kafka_load.py
[2026-04-26T11:32:24.562+0000] {processor.py:925} INFO - DAG(s) 'kafka_producer' retrieved from /opt/airflow/dags/kafka_load.py
[2026-04-26T11:32:24.614+0000] {logging_mixin.py:190} INFO - [2026-04-26T11:32:24.613+0000] {dag.py:3239} INFO - Sync 1 DAGs
[2026-04-26T11:32:24.656+0000] {logging_mixin.py:190} INFO - [2026-04-26T11:32:24.656+0000] {dag.py:4180} INFO - Setting next_dagrun for kafka_producer to 2026-04-25 18:30:00+00:00, run_after=2026-04-26 18:30:00+00:00
[2026-04-26T11:32:24.694+0000] {processor.py:208} INFO - Processing /opt/airflow/dags/kafka_load.py took 0.207 seconds
[2026-04-26T11:32:55.131+0000] {processor.py:186} INFO - Started process (PID=932) to work on /opt/airflow/dags/kafka_load.py
[2026-04-26T11:32:55.132+0000] {processor.py:914} INFO - Processing file /opt/airflow/dags/kafka_load.py for tasks to queue
[2026-04-26T11:32:55.137+0000] {logging_mixin.py:190} INFO - [2026-04-26T11:32:55.136+0000] {dagbag.py:588} INFO - Filling up the DagBag from /opt/airflow/dags/kafka_load.py
[2026-04-26T11:32:55.174+0000] {processor.py:925} INFO - DAG(s) 'kafka_producer' retrieved from /opt/airflow/dags/kafka_load.py
[2026-04-26T11:32:55.221+0000] {logging_mixin.py:190} INFO - [2026-04-26T11:32:55.221+0000] {dag.py:3239} INFO - Sync 1 DAGs
[2026-04-26T11:32:55.261+0000] {logging_mixin.py:190} INFO - [2026-04-26T11:32:55.260+0000] {dag.py:4180} INFO - Setting next_dagrun for kafka_producer to 2026-04-25 18:30:00+00:00, run_after=2026-04-26 18:30:00+00:00
[2026-04-26T11:32:55.296+0000] {processor.py:208} INFO - Processing /opt/airflow/dags/kafka_load.py took 0.179 seconds
[2026-04-26T11:33:25.663+0000] {processor.py:186} INFO - Started process (PID=935) to work on /opt/airflow/dags/kafka_load.py
[2026-04-26T11:33:25.665+0000] {processor.py:914} INFO - Processing file /opt/airflow/dags/kafka_load.py for tasks to queue
[2026-04-26T11:33:25.670+0000] {logging_mixin.py:190} INFO - [2026-04-26T11:33:25.669+0000] {dagbag.py:588} INFO - Filling up the DagBag from /opt/airflow/dags/kafka_load.py
[2026-04-26T11:33:25.710+0000] {processor.py:925} INFO - DAG(s) 'kafka_producer' retrieved from /opt/airflow/dags/kafka_load.py
[2026-04-26T11:33:25.742+0000] {logging_mixin.py:190} INFO - [2026-04-26T11:33:25.741+0000] {dag.py:3239} INFO - Sync 1 DAGs
[2026-04-26T11:33:25.772+0000] {logging_mixin.py:190} INFO - [2026-04-26T11:33:25.772+0000] {dag.py:4180} INFO - Setting next_dagrun for kafka_producer to 2026-04-25 18:30:00+00:00, run_after=2026-04-26 18:30:00+00:00
[2026-04-26T11:33:25.797+0000] {processor.py:208} INFO - Processing /opt/airflow/dags/kafka_load.py took 0.144 seconds
[2026-04-26T11:33:56.154+0000] {processor.py:186} INFO - Started process (PID=938) to work on /opt/airflow/dags/kafka_load.py
[2026-04-26T11:33:56.156+0000] {processor.py:914} INFO - Processing file /opt/airflow/dags/kafka_load.py for tasks to queue
[2026-04-26T11:33:56.160+0000] {logging_mixin.py:190} INFO - [2026-04-26T11:33:56.159+0000] {dagbag.py:588} INFO - Filling up the DagBag from /opt/airflow/dags/kafka_load.py
[2026-04-26T11:33:56.202+0000] {processor.py:925} INFO - DAG(s) 'kafka_producer' retrieved from /opt/airflow/dags/kafka_load.py
[2026-04-26T11:33:56.236+0000] {logging_mixin.py:190} INFO - [2026-04-26T11:33:56.235+0000] {dag.py:3239} INFO - Sync 1 DAGs
[2026-04-26T11:33:56.269+0000] {logging_mixin.py:190} INFO - [2026-04-26T11:33:56.268+0000] {dag.py:4180} INFO - Setting next_dagrun for kafka_producer to 2026-04-25 18:30:00+00:00, run_after=2026-04-26 18:30:00+00:00
[2026-04-26T11:33:56.294+0000] {processor.py:208} INFO - Processing /opt/airflow/dags/kafka_load.py took 0.150 seconds
[2026-04-26T11:34:26.747+0000] {processor.py:186} INFO - Started process (PID=941) to work on /opt/airflow/dags/kafka_load.py
[2026-04-26T11:34:26.748+0000] {processor.py:914} INFO - Processing file /opt/airflow/dags/kafka_load.py for tasks to queue
[2026-04-26T11:34:26.752+0000] {logging_mixin.py:190} INFO - [2026-04-26T11:34:26.752+0000] {dagbag.py:588} INFO - Filling up the DagBag from /opt/airflow/dags/kafka_load.py
[2026-04-26T11:34:26.793+0000] {processor.py:925} INFO - DAG(s) 'kafka_producer' retrieved from /opt/airflow/dags/kafka_load.py
[2026-04-26T11:34:26.824+0000] {logging_mixin.py:190} INFO - [2026-04-26T11:34:26.823+0000] {dag.py:3239} INFO - Sync 1 DAGs
[2026-04-26T11:34:26.859+0000] {logging_mixin.py:190} INFO - [2026-04-26T11:34:26.859+0000] {dag.py:4180} INFO - Setting next_dagrun for kafka_producer to 2026-04-25 18:30:00+00:00, run_after=2026-04-26 18:30:00+00:00
[2026-04-26T11:34:26.899+0000] {processor.py:208} INFO - Processing /opt/airflow/dags/kafka_load.py took 0.162 seconds
[2026-04-26T11:34:57.275+0000] {processor.py:186} INFO - Started process (PID=944) to work on /opt/airflow/dags/kafka_load.py
[2026-04-26T11:34:57.281+0000] {processor.py:914} INFO - Processing file /opt/airflow/dags/kafka_load.py for tasks to queue
[2026-04-26T11:34:57.285+0000] {logging_mixin.py:190} INFO - [2026-04-26T11:34:57.284+0000] {dagbag.py:588} INFO - Filling up the DagBag from /opt/airflow/dags/kafka_load.py
[2026-04-26T11:34:57.332+0000] {processor.py:925} INFO - DAG(s) 'kafka_producer' retrieved from /opt/airflow/dags/kafka_load.py
[2026-04-26T11:34:57.359+0000] {logging_mixin.py:190} INFO - [2026-04-26T11:34:57.359+0000] {dag.py:3239} INFO - Sync 1 DAGs
[2026-04-26T11:34:57.390+0000] {logging_mixin.py:190} INFO - [2026-04-26T11:34:57.389+0000] {dag.py:4180} INFO - Setting next_dagrun for kafka_producer to 2026-04-25 18:30:00+00:00, run_after=2026-04-26 18:30:00+00:00
[2026-04-26T11:34:57.417+0000] {processor.py:208} INFO - Processing /opt/airflow/dags/kafka_load.py took 0.151 seconds
[2026-04-26T11:35:27.832+0000] {processor.py:186} INFO - Started process (PID=947) to work on /opt/airflow/dags/kafka_load.py
[2026-04-26T11:35:27.834+0000] {processor.py:914} INFO - Processing file /opt/airflow/dags/kafka_load.py for tasks to queue
[2026-04-26T11:35:27.838+0000] {logging_mixin.py:190} INFO - [2026-04-26T11:35:27.838+0000] {dagbag.py:588} INFO - Filling up the DagBag from /opt/airflow/dags/kafka_load.py
[2026-04-26T11:35:27.878+0000] {processor.py:925} INFO - DAG(s) 'kafka_producer' retrieved from /opt/airflow/dags/kafka_load.py
[2026-04-26T11:35:27.905+0000] {logging_mixin.py:190} INFO - [2026-04-26T11:35:27.905+0000] {dag.py:3239} INFO - Sync 1 DAGs
[2026-04-26T11:35:27.937+0000] {logging_mixin.py:190} INFO - [2026-04-26T11:35:27.936+0000] {dag.py:4180} INFO - Setting next_dagrun for kafka_producer to 2026-04-25 18:30:00+00:00, run_after=2026-04-26 18:30:00+00:00
[2026-04-26T11:35:27.964+0000] {processor.py:208} INFO - Processing /opt/airflow/dags/kafka_load.py took 0.142 seconds
[2026-04-26T11:35:58.325+0000] {processor.py:186} INFO - Started process (PID=950) to work on /opt/airflow/dags/kafka_load.py
[2026-04-26T11:35:58.333+0000] {processor.py:914} INFO - Processing file /opt/airflow/dags/kafka_load.py for tasks to queue
[2026-04-26T11:35:58.338+0000] {logging_mixin.py:190} INFO - [2026-04-26T11:35:58.337+0000] {dagbag.py:588} INFO - Filling up the DagBag from /opt/airflow/dags/kafka_load.py
[2026-04-26T11:35:58.379+0000] {processor.py:925} INFO - DAG(s) 'kafka_producer' retrieved from /opt/airflow/dags/kafka_load.py
[2026-04-26T11:35:58.420+0000] {logging_mixin.py:190} INFO - [2026-04-26T11:35:58.419+0000] {dag.py:3239} INFO - Sync 1 DAGs
[2026-04-26T11:35:58.457+0000] {logging_mixin.py:190} INFO - [2026-04-26T11:35:58.457+0000] {dag.py:4180} INFO - Setting next_dagrun for kafka_producer to 2026-04-25 18:30:00+00:00, run_after=2026-04-26 18:30:00+00:00
[2026-04-26T11:35:58.485+0000] {processor.py:208} INFO - Processing /opt/airflow/dags/kafka_load.py took 0.181 seconds
[2026-04-26T11:36:28.920+0000] {processor.py:186} INFO - Started process (PID=953) to work on /opt/airflow/dags/kafka_load.py
[2026-04-26T11:36:28.922+0000] {processor.py:914} INFO - Processing file /opt/airflow/dags/kafka_load.py for tasks to queue
[2026-04-26T11:36:28.926+0000] {logging_mixin.py:190} INFO - [2026-04-26T11:36:28.925+0000] {dagbag.py:588} INFO - Filling up the DagBag from /opt/airflow/dags/kafka_load.py
[2026-04-26T11:36:28.962+0000] {processor.py:925} INFO - DAG(s) 'kafka_producer' retrieved from /opt/airflow/dags/kafka_load.py
[2026-04-26T11:36:28.987+0000] {logging_mixin.py:190} INFO - [2026-04-26T11:36:28.987+0000] {dag.py:3239} INFO - Sync 1 DAGs
[2026-04-26T11:36:29.021+0000] {logging_mixin.py:190} INFO - [2026-04-26T11:36:29.021+0000] {dag.py:4180} INFO - Setting next_dagrun for kafka_producer to 2026-04-25 18:30:00+00:00, run_after=2026-04-26 18:30:00+00:00
[2026-04-26T11:36:29.050+0000] {processor.py:208} INFO - Processing /opt/airflow/dags/kafka_load.py took 0.142 seconds
[2026-04-26T11:36:59.437+0000] {processor.py:186} INFO - Started process (PID=956) to work on /opt/airflow/dags/kafka_load.py
[2026-04-26T11:36:59.438+0000] {processor.py:914} INFO - Processing file /opt/airflow/dags/kafka_load.py for tasks to queue
[2026-04-26T11:36:59.442+0000] {logging_mixin.py:190} INFO - [2026-04-26T11:36:59.442+0000] {dagbag.py:588} INFO - Filling up the DagBag from /opt/airflow/dags/kafka_load.py
[2026-04-26T11:36:59.484+0000] {processor.py:925} INFO - DAG(s) 'kafka_producer' retrieved from /opt/airflow/dags/kafka_load.py
[2026-04-26T11:36:59.512+0000] {logging_mixin.py:190} INFO - [2026-04-26T11:36:59.512+0000] {dag.py:3239} INFO - Sync 1 DAGs
[2026-04-26T11:36:59.544+0000] {logging_mixin.py:190} INFO - [2026-04-26T11:36:59.544+0000] {dag.py:4180} INFO - Setting next_dagrun for kafka_producer to 2026-04-25 18:30:00+00:00, run_after=2026-04-26 18:30:00+00:00
[2026-04-26T11:36:59.573+0000] {processor.py:208} INFO - Processing /opt/airflow/dags/kafka_load.py took 0.145 seconds
[2026-04-26T11:37:29.986+0000] {processor.py:186} INFO - Started process (PID=959) to work on /opt/airflow/dags/kafka_load.py
[2026-04-26T11:37:29.988+0000] {processor.py:914} INFO - Processing file /opt/airflow/dags/kafka_load.py for tasks to queue
[2026-04-26T11:37:30.047+0000] {logging_mixin.py:190} INFO - [2026-04-26T11:37:30.045+0000] {dagbag.py:588} INFO - Filling up the DagBag from /opt/airflow/dags/kafka_load.py
[2026-04-26T11:37:30.173+0000] {processor.py:925} INFO - DAG(s) 'kafka_producer' retrieved from /opt/airflow/dags/kafka_load.py
[2026-04-26T11:37:30.219+0000] {logging_mixin.py:190} INFO - [2026-04-26T11:37:30.219+0000] {dag.py:3239} INFO - Sync 1 DAGs
[2026-04-26T11:37:30.285+0000] {logging_mixin.py:190} INFO - [2026-04-26T11:37:30.285+0000] {dag.py:4180} INFO - Setting next_dagrun for kafka_producer to 2026-04-25 18:30:00+00:00, run_after=2026-04-26 18:30:00+00:00
[2026-04-26T11:37:30.372+0000] {processor.py:208} INFO - Processing /opt/airflow/dags/kafka_load.py took 0.413 seconds
[2026-04-26T11:38:00.769+0000] {processor.py:186} INFO - Started process (PID=962) to work on /opt/airflow/dags/kafka_load.py
[2026-04-26T11:38:00.771+0000] {processor.py:914} INFO - Processing file /opt/airflow/dags/kafka_load.py for tasks to queue
[2026-04-26T11:38:00.775+0000] {logging_mixin.py:190} INFO - [2026-04-26T11:38:00.775+0000] {dagbag.py:588} INFO - Filling up the DagBag from /opt/airflow/dags/kafka_load.py
[2026-04-26T11:38:00.818+0000] {processor.py:925} INFO - DAG(s) 'kafka_producer' retrieved from /opt/airflow/dags/kafka_load.py
[2026-04-26T11:38:00.845+0000] {logging_mixin.py:190} INFO - [2026-04-26T11:38:00.845+0000] {dag.py:3239} INFO - Sync 1 DAGs
[2026-04-26T11:38:00.882+0000] {logging_mixin.py:190} INFO - [2026-04-26T11:38:00.881+0000] {dag.py:4180} INFO - Setting next_dagrun for kafka_producer to 2026-04-25 18:30:00+00:00, run_after=2026-04-26 18:30:00+00:00
[2026-04-26T11:38:01.053+0000] {processor.py:208} INFO - Processing /opt/airflow/dags/kafka_load.py took 0.293 seconds
[2026-04-26T11:38:31.775+0000] {processor.py:186} INFO - Started process (PID=965) to work on /opt/airflow/dags/kafka_load.py
[2026-04-26T11:38:31.776+0000] {processor.py:914} INFO - Processing file /opt/airflow/dags/kafka_load.py for tasks to queue
[2026-04-26T11:38:31.780+0000] {logging_mixin.py:190} INFO - [2026-04-26T11:38:31.779+0000] {dagbag.py:588} INFO - Filling up the DagBag from /opt/airflow/dags/kafka_load.py
[2026-04-26T11:38:31.827+0000] {processor.py:925} INFO - DAG(s) 'kafka_producer' retrieved from /opt/airflow/dags/kafka_load.py
[2026-04-26T11:38:31.883+0000] {logging_mixin.py:190} INFO - [2026-04-26T11:38:31.883+0000] {dag.py:3239} INFO - Sync 1 DAGs
[2026-04-26T11:38:31.981+0000] {logging_mixin.py:190} INFO - [2026-04-26T11:38:31.980+0000] {dag.py:4180} INFO - Setting next_dagrun for kafka_producer to 2026-04-25 18:30:00+00:00, run_after=2026-04-26 18:30:00+00:00
[2026-04-26T11:38:32.070+0000] {processor.py:208} INFO - Processing /opt/airflow/dags/kafka_load.py took 0.313 seconds
[2026-04-26T11:39:02.821+0000] {processor.py:186} INFO - Started process (PID=968) to work on /opt/airflow/dags/kafka_load.py
[2026-04-26T11:39:02.823+0000] {processor.py:914} INFO - Processing file /opt/airflow/dags/kafka_load.py for tasks to queue
[2026-04-26T11:39:02.828+0000] {logging_mixin.py:190} INFO - [2026-04-26T11:39:02.827+0000] {dagbag.py:588} INFO - Filling up the DagBag from /opt/airflow/dags/kafka_load.py
[2026-04-26T11:39:02.895+0000] {processor.py:925} INFO - DAG(s) 'kafka_producer' retrieved from /opt/airflow/dags/kafka_load.py
[2026-04-26T11:39:02.952+0000] {logging_mixin.py:190} INFO - [2026-04-26T11:39:02.951+0000] {dag.py:3239} INFO - Sync 1 DAGs
[2026-04-26T11:39:02.997+0000] {logging_mixin.py:190} INFO - [2026-04-26T11:39:02.997+0000] {dag.py:4180} INFO - Setting next_dagrun for kafka_producer to 2026-04-25 18:30:00+00:00, run_after=2026-04-26 18:30:00+00:00
[2026-04-26T11:39:03.044+0000] {processor.py:208} INFO - Processing /opt/airflow/dags/kafka_load.py took 0.238 seconds
[2026-04-26T11:39:33.540+0000] {processor.py:186} INFO - Started process (PID=971) to work on /opt/airflow/dags/kafka_load.py
[2026-04-26T11:39:33.545+0000] {processor.py:914} INFO - Processing file /opt/airflow/dags/kafka_load.py for tasks to queue
[2026-04-26T11:39:33.550+0000] {logging_mixin.py:190} INFO - [2026-04-26T11:39:33.549+0000] {dagbag.py:588} INFO - Filling up the DagBag from /opt/airflow/dags/kafka_load.py
[2026-04-26T11:39:33.588+0000] {processor.py:925} INFO - DAG(s) 'kafka_producer' retrieved from /opt/airflow/dags/kafka_load.py
[2026-04-26T11:39:33.625+0000] {logging_mixin.py:190} INFO - [2026-04-26T11:39:33.624+0000] {dag.py:3239} INFO - Sync 1 DAGs
[2026-04-26T11:39:33.682+0000] {logging_mixin.py:190} INFO - [2026-04-26T11:39:33.680+0000] {dag.py:4180} INFO - Setting next_dagrun for kafka_producer to 2026-04-25 18:30:00+00:00, run_after=2026-04-26 18:30:00+00:00
[2026-04-26T11:39:33.740+0000] {processor.py:208} INFO - Processing /opt/airflow/dags/kafka_load.py took 0.211 seconds
[2026-04-26T11:40:04.146+0000] {processor.py:186} INFO - Started process (PID=974) to work on /opt/airflow/dags/kafka_load.py
[2026-04-26T11:40:04.148+0000] {processor.py:914} INFO - Processing file /opt/airflow/dags/kafka_load.py for tasks to queue
[2026-04-26T11:40:04.169+0000] {logging_mixin.py:190} INFO - [2026-04-26T11:40:04.168+0000] {dagbag.py:588} INFO - Filling up the DagBag from /opt/airflow/dags/kafka_load.py
[2026-04-26T11:40:04.226+0000] {processor.py:925} INFO - DAG(s) 'kafka_producer' retrieved from /opt/airflow/dags/kafka_load.py
[2026-04-26T11:40:04.309+0000] {logging_mixin.py:190} INFO - [2026-04-26T11:40:04.309+0000] {dag.py:3239} INFO - Sync 1 DAGs
[2026-04-26T11:40:04.396+0000] {logging_mixin.py:190} INFO - [2026-04-26T11:40:04.396+0000] {dag.py:4180} INFO - Setting next_dagrun for kafka_producer to 2026-04-25 18:30:00+00:00, run_after=2026-04-26 18:30:00+00:00
[2026-04-26T11:40:04.484+0000] {processor.py:208} INFO - Processing /opt/airflow/dags/kafka_load.py took 0.352 seconds
[2026-04-26T11:40:34.887+0000] {processor.py:186} INFO - Started process (PID=977) to work on /opt/airflow/dags/kafka_load.py
[2026-04-26T11:40:34.889+0000] {processor.py:914} INFO - Processing file /opt/airflow/dags/kafka_load.py for tasks to queue
[2026-04-26T11:40:34.895+0000] {logging_mixin.py:190} INFO - [2026-04-26T11:40:34.894+0000] {dagbag.py:588} INFO - Filling up the DagBag from /opt/airflow/dags/kafka_load.py
[2026-04-26T11:40:34.939+0000] {processor.py:925} INFO - DAG(s) 'kafka_producer' retrieved from /opt/airflow/dags/kafka_load.py
[2026-04-26T11:40:34.971+0000] {logging_mixin.py:190} INFO - [2026-04-26T11:40:34.971+0000] {dag.py:3239} INFO - Sync 1 DAGs
[2026-04-26T11:40:35.005+0000] {logging_mixin.py:190} INFO - [2026-04-26T11:40:35.004+0000] {dag.py:4180} INFO - Setting next_dagrun for kafka_producer to 2026-04-25 18:30:00+00:00, run_after=2026-04-26 18:30:00+00:00
[2026-04-26T11:40:35.029+0000] {processor.py:208} INFO - Processing /opt/airflow/dags/kafka_load.py took 0.155 seconds
[2026-04-26T11:41:05.474+0000] {processor.py:186} INFO - Started process (PID=980) to work on /opt/airflow/dags/kafka_load.py
[2026-04-26T11:41:05.476+0000] {processor.py:914} INFO - Processing file /opt/airflow/dags/kafka_load.py for tasks to queue
[2026-04-26T11:41:05.480+0000] {logging_mixin.py:190} INFO - [2026-04-26T11:41:05.479+0000] {dagbag.py:588} INFO - Filling up the DagBag from /opt/airflow/dags/kafka_load.py
[2026-04-26T11:41:05.524+0000] {processor.py:925} INFO - DAG(s) 'kafka_producer' retrieved from /opt/airflow/dags/kafka_load.py
[2026-04-26T11:41:05.557+0000] {logging_mixin.py:190} INFO - [2026-04-26T11:41:05.556+0000] {dag.py:3239} INFO - Sync 1 DAGs
[2026-04-26T11:41:05.594+0000] {logging_mixin.py:190} INFO - [2026-04-26T11:41:05.593+0000] {dag.py:4180} INFO - Setting next_dagrun for kafka_producer to 2026-04-25 18:30:00+00:00, run_after=2026-04-26 18:30:00+00:00
[2026-04-26T11:41:05.622+0000] {processor.py:208} INFO - Processing /opt/airflow/dags/kafka_load.py took 0.160 seconds
[2026-04-26T11:41:36.042+0000] {processor.py:186} INFO - Started process (PID=983) to work on /opt/airflow/dags/kafka_load.py
[2026-04-26T11:41:36.043+0000] {processor.py:914} INFO - Processing file /opt/airflow/dags/kafka_load.py for tasks to queue
[2026-04-26T11:41:36.047+0000] {logging_mixin.py:190} INFO - [2026-04-26T11:41:36.047+0000] {dagbag.py:588} INFO - Filling up the DagBag from /opt/airflow/dags/kafka_load.py
[2026-04-26T11:41:36.082+0000] {processor.py:925} INFO - DAG(s) 'kafka_producer' retrieved from /opt/airflow/dags/kafka_load.py
[2026-04-26T11:41:36.118+0000] {logging_mixin.py:190} INFO - [2026-04-26T11:41:36.118+0000] {dag.py:3239} INFO - Sync 1 DAGs
[2026-04-26T11:41:36.150+0000] {logging_mixin.py:190} INFO - [2026-04-26T11:41:36.150+0000] {dag.py:4180} INFO - Setting next_dagrun for kafka_producer to 2026-04-25 18:30:00+00:00, run_after=2026-04-26 18:30:00+00:00
[2026-04-26T11:41:36.181+0000] {processor.py:208} INFO - Processing /opt/airflow/dags/kafka_load.py took 0.151 seconds
[2026-04-26T11:42:06.567+0000] {processor.py:186} INFO - Started process (PID=986) to work on /opt/airflow/dags/kafka_load.py
[2026-04-26T11:42:06.569+0000] {processor.py:914} INFO - Processing file /opt/airflow/dags/kafka_load.py for tasks to queue
[2026-04-26T11:42:06.573+0000] {logging_mixin.py:190} INFO - [2026-04-26T11:42:06.573+0000] {dagbag.py:588} INFO - Filling up the DagBag from /opt/airflow/dags/kafka_load.py
[2026-04-26T11:42:06.618+0000] {processor.py:925} INFO - DAG(s) 'kafka_producer' retrieved from /opt/airflow/dags/kafka_load.py
[2026-04-26T11:42:06.651+0000] {logging_mixin.py:190} INFO - [2026-04-26T11:42:06.651+0000] {dag.py:3239} INFO - Sync 1 DAGs
[2026-04-26T11:42:06.686+0000] {logging_mixin.py:190} INFO - [2026-04-26T11:42:06.686+0000] {dag.py:4180} INFO - Setting next_dagrun for kafka_producer to 2026-04-25 18:30:00+00:00, run_after=2026-04-26 18:30:00+00:00
[2026-04-26T11:42:06.721+0000] {processor.py:208} INFO - Processing /opt/airflow/dags/kafka_load.py took 0.163 seconds
[2026-04-26T11:42:37.122+0000] {processor.py:186} INFO - Started process (PID=989) to work on /opt/airflow/dags/kafka_load.py
[2026-04-26T11:42:37.124+0000] {processor.py:914} INFO - Processing file /opt/airflow/dags/kafka_load.py for tasks to queue
[2026-04-26T11:42:37.128+0000] {logging_mixin.py:190} INFO - [2026-04-26T11:42:37.127+0000] {dagbag.py:588} INFO - Filling up the DagBag from /opt/airflow/dags/kafka_load.py
[2026-04-26T11:42:37.169+0000] {processor.py:925} INFO - DAG(s) 'kafka_producer' retrieved from /opt/airflow/dags/kafka_load.py
[2026-04-26T11:42:37.209+0000] {logging_mixin.py:190} INFO - [2026-04-26T11:42:37.209+0000] {dag.py:3239} INFO - Sync 1 DAGs
[2026-04-26T11:42:37.253+0000] {logging_mixin.py:190} INFO - [2026-04-26T11:42:37.253+0000] {dag.py:4180} INFO - Setting next_dagrun for kafka_producer to 2026-04-25 18:30:00+00:00, run_after=2026-04-26 18:30:00+00:00
[2026-04-26T11:42:37.326+0000] {processor.py:208} INFO - Processing /opt/airflow/dags/kafka_load.py took 0.216 seconds
[2026-04-26T11:43:07.727+0000] {processor.py:186} INFO - Started process (PID=992) to work on /opt/airflow/dags/kafka_load.py
[2026-04-26T11:43:07.728+0000] {processor.py:914} INFO - Processing file /opt/airflow/dags/kafka_load.py for tasks to queue
[2026-04-26T11:43:07.732+0000] {logging_mixin.py:190} INFO - [2026-04-26T11:43:07.731+0000] {dagbag.py:588} INFO - Filling up the DagBag from /opt/airflow/dags/kafka_load.py
[2026-04-26T11:43:07.767+0000] {processor.py:925} INFO - DAG(s) 'kafka_producer' retrieved from /opt/airflow/dags/kafka_load.py
[2026-04-26T11:43:07.794+0000] {logging_mixin.py:190} INFO - [2026-04-26T11:43:07.793+0000] {dag.py:3239} INFO - Sync 1 DAGs
[2026-04-26T11:43:07.827+0000] {logging_mixin.py:190} INFO - [2026-04-26T11:43:07.827+0000] {dag.py:4180} INFO - Setting next_dagrun for kafka_producer to 2026-04-25 18:30:00+00:00, run_after=2026-04-26 18:30:00+00:00
[2026-04-26T11:43:07.852+0000] {processor.py:208} INFO - Processing /opt/airflow/dags/kafka_load.py took 0.133 seconds
[2026-04-26T11:43:38.328+0000] {processor.py:186} INFO - Started process (PID=995) to work on /opt/airflow/dags/kafka_load.py
[2026-04-26T11:43:38.330+0000] {processor.py:914} INFO - Processing file /opt/airflow/dags/kafka_load.py for tasks to queue
[2026-04-26T11:43:38.335+0000] {logging_mixin.py:190} INFO - [2026-04-26T11:43:38.333+0000] {dagbag.py:588} INFO - Filling up the DagBag from /opt/airflow/dags/kafka_load.py
[2026-04-26T11:43:38.375+0000] {processor.py:925} INFO - DAG(s) 'kafka_producer' retrieved from /opt/airflow/dags/kafka_load.py
[2026-04-26T11:43:38.411+0000] {logging_mixin.py:190} INFO - [2026-04-26T11:43:38.411+0000] {dag.py:3239} INFO - Sync 1 DAGs
[2026-04-26T11:43:38.448+0000] {logging_mixin.py:190} INFO - [2026-04-26T11:43:38.448+0000] {dag.py:4180} INFO - Setting next_dagrun for kafka_producer to 2026-04-25 18:30:00+00:00, run_after=2026-04-26 18:30:00+00:00
[2026-04-26T11:43:38.480+0000] {processor.py:208} INFO - Processing /opt/airflow/dags/kafka_load.py took 0.161 seconds
[2026-04-26T11:44:08.934+0000] {processor.py:186} INFO - Started process (PID=998) to work on /opt/airflow/dags/kafka_load.py
[2026-04-26T11:44:08.936+0000] {processor.py:914} INFO - Processing file /opt/airflow/dags/kafka_load.py for tasks to queue
[2026-04-26T11:44:08.940+0000] {logging_mixin.py:190} INFO - [2026-04-26T11:44:08.939+0000] {dagbag.py:588} INFO - Filling up the DagBag from /opt/airflow/dags/kafka_load.py
[2026-04-26T11:44:08.976+0000] {processor.py:925} INFO - DAG(s) 'kafka_producer' retrieved from /opt/airflow/dags/kafka_load.py
[2026-04-26T11:44:09.012+0000] {logging_mixin.py:190} INFO - [2026-04-26T11:44:09.011+0000] {dag.py:3239} INFO - Sync 1 DAGs
[2026-04-26T11:44:09.054+0000] {logging_mixin.py:190} INFO - [2026-04-26T11:44:09.053+0000] {dag.py:4180} INFO - Setting next_dagrun for kafka_producer to 2026-04-25 18:30:00+00:00, run_after=2026-04-26 18:30:00+00:00
[2026-04-26T11:44:09.091+0000] {processor.py:208} INFO - Processing /opt/airflow/dags/kafka_load.py took 0.167 seconds
[2026-04-26T11:44:39.541+0000] {processor.py:186} INFO - Started process (PID=1001) to work on /opt/airflow/dags/kafka_load.py
[2026-04-26T11:44:39.544+0000] {processor.py:914} INFO - Processing file /opt/airflow/dags/kafka_load.py for tasks to queue
[2026-04-26T11:44:39.553+0000] {logging_mixin.py:190} INFO - [2026-04-26T11:44:39.552+0000] {dagbag.py:588} INFO - Filling up the DagBag from /opt/airflow/dags/kafka_load.py
[2026-04-26T11:44:39.618+0000] {processor.py:925} INFO - DAG(s) 'kafka_producer' retrieved from /opt/airflow/dags/kafka_load.py
[2026-04-26T11:44:39.661+0000] {logging_mixin.py:190} INFO - [2026-04-26T11:44:39.661+0000] {dag.py:3239} INFO - Sync 1 DAGs
[2026-04-26T11:44:39.700+0000] {logging_mixin.py:190} INFO - [2026-04-26T11:44:39.699+0000] {dag.py:4180} INFO - Setting next_dagrun for kafka_producer to 2026-04-25 18:30:00+00:00, run_after=2026-04-26 18:30:00+00:00
[2026-04-26T11:44:39.734+0000] {processor.py:208} INFO - Processing /opt/airflow/dags/kafka_load.py took 0.208 seconds
[2026-04-26T11:45:10.093+0000] {processor.py:186} INFO - Started process (PID=1004) to work on /opt/airflow/dags/kafka_load.py
[2026-04-26T11:45:10.096+0000] {processor.py:914} INFO - Processing file /opt/airflow/dags/kafka_load.py for tasks to queue
[2026-04-26T11:45:10.099+0000] {logging_mixin.py:190} INFO - [2026-04-26T11:45:10.099+0000] {dagbag.py:588} INFO - Filling up the DagBag from /opt/airflow/dags/kafka_load.py
[2026-04-26T11:45:10.138+0000] {processor.py:925} INFO - DAG(s) 'kafka_producer' retrieved from /opt/airflow/dags/kafka_load.py
[2026-04-26T11:45:10.174+0000] {logging_mixin.py:190} INFO - [2026-04-26T11:45:10.172+0000] {dag.py:3239} INFO - Sync 1 DAGs
[2026-04-26T11:45:10.217+0000] {logging_mixin.py:190} INFO - [2026-04-26T11:45:10.216+0000] {dag.py:4180} INFO - Setting next_dagrun for kafka_producer to 2026-04-25 18:30:00+00:00, run_after=2026-04-26 18:30:00+00:00
[2026-04-26T11:45:10.249+0000] {processor.py:208} INFO - Processing /opt/airflow/dags/kafka_load.py took 0.166 seconds
[2026-04-26T11:45:40.728+0000] {processor.py:186} INFO - Started process (PID=1007) to work on /opt/airflow/dags/kafka_load.py
[2026-04-26T11:45:40.730+0000] {processor.py:914} INFO - Processing file /opt/airflow/dags/kafka_load.py for tasks to queue
[2026-04-26T11:45:40.733+0000] {logging_mixin.py:190} INFO - [2026-04-26T11:45:40.733+0000] {dagbag.py:588} INFO - Filling up the DagBag from /opt/airflow/dags/kafka_load.py
[2026-04-26T11:45:40.773+0000] {processor.py:925} INFO - DAG(s) 'kafka_producer' retrieved from /opt/airflow/dags/kafka_load.py
[2026-04-26T11:45:40.808+0000] {logging_mixin.py:190} INFO - [2026-04-26T11:45:40.807+0000] {dag.py:3239} INFO - Sync 1 DAGs
[2026-04-26T11:45:40.848+0000] {logging_mixin.py:190} INFO - [2026-04-26T11:45:40.847+0000] {dag.py:4180} INFO - Setting next_dagrun for kafka_producer to 2026-04-25 18:30:00+00:00, run_after=2026-04-26 18:30:00+00:00
[2026-04-26T11:45:40.880+0000] {processor.py:208} INFO - Processing /opt/airflow/dags/kafka_load.py took 0.165 seconds
[2026-04-26T11:46:11.306+0000] {processor.py:186} INFO - Started process (PID=1010) to work on /opt/airflow/dags/kafka_load.py
[2026-04-26T11:46:11.309+0000] {processor.py:914} INFO - Processing file /opt/airflow/dags/kafka_load.py for tasks to queue
[2026-04-26T11:46:11.312+0000] {logging_mixin.py:190} INFO - [2026-04-26T11:46:11.312+0000] {dagbag.py:588} INFO - Filling up the DagBag from /opt/airflow/dags/kafka_load.py
[2026-04-26T11:46:11.348+0000] {processor.py:925} INFO - DAG(s) 'kafka_producer' retrieved from /opt/airflow/dags/kafka_load.py
[2026-04-26T11:46:11.381+0000] {logging_mixin.py:190} INFO - [2026-04-26T11:46:11.381+0000] {dag.py:3239} INFO - Sync 1 DAGs
[2026-04-26T11:46:11.422+0000] {logging_mixin.py:190} INFO - [2026-04-26T11:46:11.422+0000] {dag.py:4180} INFO - Setting next_dagrun for kafka_producer to 2026-04-25 18:30:00+00:00, run_after=2026-04-26 18:30:00+00:00
[2026-04-26T11:46:11.454+0000] {processor.py:208} INFO - Processing /opt/airflow/dags/kafka_load.py took 0.160 seconds
[2026-04-26T11:46:41.864+0000] {processor.py:186} INFO - Started process (PID=1013) to work on /opt/airflow/dags/kafka_load.py
[2026-04-26T11:46:41.866+0000] {processor.py:914} INFO - Processing file /opt/airflow/dags/kafka_load.py for tasks to queue
[2026-04-26T11:46:41.871+0000] {logging_mixin.py:190} INFO - [2026-04-26T11:46:41.871+0000] {dagbag.py:588} INFO - Filling up the DagBag from /opt/airflow/dags/kafka_load.py
[2026-04-26T11:46:41.917+0000] {processor.py:925} INFO - DAG(s) 'kafka_producer' retrieved from /opt/airflow/dags/kafka_load.py
[2026-04-26T11:46:41.951+0000] {logging_mixin.py:190} INFO - [2026-04-26T11:46:41.951+0000] {dag.py:3239} INFO - Sync 1 DAGs
[2026-04-26T11:46:41.986+0000] {logging_mixin.py:190} INFO - [2026-04-26T11:46:41.986+0000] {dag.py:4180} INFO - Setting next_dagrun for kafka_producer to 2026-04-25 18:30:00+00:00, run_after=2026-04-26 18:30:00+00:00
[2026-04-26T11:46:42.964+0000] {processor.py:208} INFO - Processing /opt/airflow/dags/kafka_load.py took 1.111 seconds
[2026-04-26T11:47:13.229+0000] {processor.py:186} INFO - Started process (PID=1016) to work on /opt/airflow/dags/kafka_load.py
[2026-04-26T11:47:13.230+0000] {processor.py:914} INFO - Processing file /opt/airflow/dags/kafka_load.py for tasks to queue
[2026-04-26T11:47:13.234+0000] {logging_mixin.py:190} INFO - [2026-04-26T11:47:13.233+0000] {dagbag.py:588} INFO - Filling up the DagBag from /opt/airflow/dags/kafka_load.py
[2026-04-26T11:47:13.271+0000] {processor.py:925} INFO - DAG(s) 'kafka_producer' retrieved from /opt/airflow/dags/kafka_load.py
[2026-04-26T11:47:13.302+0000] {logging_mixin.py:190} INFO - [2026-04-26T11:47:13.302+0000] {dag.py:3239} INFO - Sync 1 DAGs
[2026-04-26T11:47:13.336+0000] {logging_mixin.py:190} INFO - [2026-04-26T11:47:13.335+0000] {dag.py:4180} INFO - Setting next_dagrun for kafka_producer to 2026-04-25 18:30:00+00:00, run_after=2026-04-26 18:30:00+00:00
[2026-04-26T11:47:13.367+0000] {processor.py:208} INFO - Processing /opt/airflow/dags/kafka_load.py took 0.153 seconds
[2026-04-26T11:47:43.868+0000] {processor.py:186} INFO - Started process (PID=1019) to work on /opt/airflow/dags/kafka_load.py
[2026-04-26T11:47:43.870+0000] {processor.py:914} INFO - Processing file /opt/airflow/dags/kafka_load.py for tasks to queue
[2026-04-26T11:47:43.875+0000] {logging_mixin.py:190} INFO - [2026-04-26T11:47:43.875+0000] {dagbag.py:588} INFO - Filling up the DagBag from /opt/airflow/dags/kafka_load.py
[2026-04-26T11:47:43.930+0000] {processor.py:925} INFO - DAG(s) 'kafka_producer' retrieved from /opt/airflow/dags/kafka_load.py
[2026-04-26T11:47:43.973+0000] {logging_mixin.py:190} INFO - [2026-04-26T11:47:43.973+0000] {dag.py:3239} INFO - Sync 1 DAGs
[2026-04-26T11:47:44.030+0000] {logging_mixin.py:190} INFO - [2026-04-26T11:47:44.029+0000] {dag.py:4180} INFO - Setting next_dagrun for kafka_producer to 2026-04-25 18:30:00+00:00, run_after=2026-04-26 18:30:00+00:00
[2026-04-26T11:47:44.066+0000] {processor.py:208} INFO - Processing /opt/airflow/dags/kafka_load.py took 0.213 seconds
[2026-04-26T11:48:14.476+0000] {processor.py:186} INFO - Started process (PID=1022) to work on /opt/airflow/dags/kafka_load.py
[2026-04-26T11:48:14.480+0000] {processor.py:914} INFO - Processing file /opt/airflow/dags/kafka_load.py for tasks to queue
[2026-04-26T11:48:14.486+0000] {logging_mixin.py:190} INFO - [2026-04-26T11:48:14.485+0000] {dagbag.py:588} INFO - Filling up the DagBag from /opt/airflow/dags/kafka_load.py
[2026-04-26T11:48:14.526+0000] {processor.py:925} INFO - DAG(s) 'kafka_producer' retrieved from /opt/airflow/dags/kafka_load.py
[2026-04-26T11:48:14.567+0000] {logging_mixin.py:190} INFO - [2026-04-26T11:48:14.566+0000] {dag.py:3239} INFO - Sync 1 DAGs
[2026-04-26T11:48:14.653+0000] {logging_mixin.py:190} INFO - [2026-04-26T11:48:14.653+0000] {dag.py:4180} INFO - Setting next_dagrun for kafka_producer to 2026-04-25 18:30:00+00:00, run_after=2026-04-26 18:30:00+00:00
[2026-04-26T11:48:14.721+0000] {processor.py:208} INFO - Processing /opt/airflow/dags/kafka_load.py took 0.258 seconds
[2026-04-26T11:48:45.083+0000] {processor.py:186} INFO - Started process (PID=1025) to work on /opt/airflow/dags/kafka_load.py
[2026-04-26T11:48:45.084+0000] {processor.py:914} INFO - Processing file /opt/airflow/dags/kafka_load.py for tasks to queue
[2026-04-26T11:48:45.088+0000] {logging_mixin.py:190} INFO - [2026-04-26T11:48:45.087+0000] {dagbag.py:588} INFO - Filling up the DagBag from /opt/airflow/dags/kafka_load.py
[2026-04-26T11:48:45.123+0000] {processor.py:925} INFO - DAG(s) 'kafka_producer' retrieved from /opt/airflow/dags/kafka_load.py
[2026-04-26T11:48:45.151+0000] {logging_mixin.py:190} INFO - [2026-04-26T11:48:45.151+0000] {dag.py:3239} INFO - Sync 1 DAGs
[2026-04-26T11:48:45.186+0000] {logging_mixin.py:190} INFO - [2026-04-26T11:48:45.186+0000] {dag.py:4180} INFO - Setting next_dagrun for kafka_producer to 2026-04-25 18:30:00+00:00, run_after=2026-04-26 18:30:00+00:00
[2026-04-26T11:48:45.218+0000] {processor.py:208} INFO - Processing /opt/airflow/dags/kafka_load.py took 0.146 seconds
[2026-04-26T11:49:15.438+0000] {processor.py:186} INFO - Started process (PID=1028) to work on /opt/airflow/dags/kafka_load.py
[2026-04-26T11:49:15.439+0000] {processor.py:914} INFO - Processing file /opt/airflow/dags/kafka_load.py for tasks to queue
[2026-04-26T11:49:15.443+0000] {logging_mixin.py:190} INFO - [2026-04-26T11:49:15.442+0000] {dagbag.py:588} INFO - Filling up the DagBag from /opt/airflow/dags/kafka_load.py
[2026-04-26T11:49:15.480+0000] {processor.py:925} INFO - DAG(s) 'kafka_producer' retrieved from /opt/airflow/dags/kafka_load.py
[2026-04-26T11:49:15.512+0000] {logging_mixin.py:190} INFO - [2026-04-26T11:49:15.511+0000] {dag.py:3239} INFO - Sync 1 DAGs
[2026-04-26T11:49:15.556+0000] {logging_mixin.py:190} INFO - [2026-04-26T11:49:15.555+0000] {dag.py:4180} INFO - Setting next_dagrun for kafka_producer to 2026-04-25 18:30:00+00:00, run_after=2026-04-26 18:30:00+00:00
[2026-04-26T11:49:15.625+0000] {processor.py:208} INFO - Processing /opt/airflow/dags/kafka_load.py took 0.199 seconds
[2026-04-26T11:49:46.301+0000] {processor.py:186} INFO - Started process (PID=1031) to work on /opt/airflow/dags/kafka_load.py
[2026-04-26T11:49:46.303+0000] {processor.py:914} INFO - Processing file /opt/airflow/dags/kafka_load.py for tasks to queue
[2026-04-26T11:49:46.318+0000] {logging_mixin.py:190} INFO - [2026-04-26T11:49:46.317+0000] {dagbag.py:588} INFO - Filling up the DagBag from /opt/airflow/dags/kafka_load.py
[2026-04-26T11:49:46.453+0000] {processor.py:925} INFO - DAG(s) 'kafka_producer' retrieved from /opt/airflow/dags/kafka_load.py
[2026-04-26T11:49:46.544+0000] {logging_mixin.py:190} INFO - [2026-04-26T11:49:46.543+0000] {dag.py:3239} INFO - Sync 1 DAGs
[2026-04-26T11:49:46.594+0000] {logging_mixin.py:190} INFO - [2026-04-26T11:49:46.594+0000] {dag.py:4180} INFO - Setting next_dagrun for kafka_producer to 2026-04-25 18:30:00+00:00, run_after=2026-04-26 18:30:00+00:00
[2026-04-26T11:49:46.663+0000] {processor.py:208} INFO - Processing /opt/airflow/dags/kafka_load.py took 0.382 seconds
[2026-04-26T11:50:17.226+0000] {processor.py:186} INFO - Started process (PID=1034) to work on /opt/airflow/dags/kafka_load.py
[2026-04-26T11:50:17.229+0000] {processor.py:914} INFO - Processing file /opt/airflow/dags/kafka_load.py for tasks to queue
[2026-04-26T11:50:17.244+0000] {logging_mixin.py:190} INFO - [2026-04-26T11:50:17.243+0000] {dagbag.py:588} INFO - Filling up the DagBag from /opt/airflow/dags/kafka_load.py
[2026-04-26T11:50:17.326+0000] {processor.py:925} INFO - DAG(s) 'kafka_producer' retrieved from /opt/airflow/dags/kafka_load.py
[2026-04-26T11:50:17.353+0000] {logging_mixin.py:190} INFO - [2026-04-26T11:50:17.353+0000] {dag.py:3239} INFO - Sync 1 DAGs
[2026-04-26T11:50:17.386+0000] {logging_mixin.py:190} INFO - [2026-04-26T11:50:17.386+0000] {dag.py:4180} INFO - Setting next_dagrun for kafka_producer to 2026-04-25 18:30:00+00:00, run_after=2026-04-26 18:30:00+00:00
[2026-04-26T11:50:17.414+0000] {processor.py:208} INFO - Processing /opt/airflow/dags/kafka_load.py took 0.203 seconds
[2026-04-26T11:50:47.843+0000] {processor.py:186} INFO - Started process (PID=1037) to work on /opt/airflow/dags/kafka_load.py
[2026-04-26T11:50:47.845+0000] {processor.py:914} INFO - Processing file /opt/airflow/dags/kafka_load.py for tasks to queue
[2026-04-26T11:50:47.849+0000] {logging_mixin.py:190} INFO - [2026-04-26T11:50:47.849+0000] {dagbag.py:588} INFO - Filling up the DagBag from /opt/airflow/dags/kafka_load.py
[2026-04-26T11:50:47.890+0000] {processor.py:925} INFO - DAG(s) 'kafka_producer' retrieved from /opt/airflow/dags/kafka_load.py
[2026-04-26T11:50:47.920+0000] {logging_mixin.py:190} INFO - [2026-04-26T11:50:47.920+0000] {dag.py:3239} INFO - Sync 1 DAGs
[2026-04-26T11:50:47.970+0000] {logging_mixin.py:190} INFO - [2026-04-26T11:50:47.969+0000] {dag.py:4180} INFO - Setting next_dagrun for kafka_producer to 2026-04-25 18:30:00+00:00, run_after=2026-04-26 18:30:00+00:00
[2026-04-26T11:50:48.012+0000] {processor.py:208} INFO - Processing /opt/airflow/dags/kafka_load.py took 0.181 seconds
[2026-04-26T11:51:18.553+0000] {processor.py:186} INFO - Started process (PID=1040) to work on /opt/airflow/dags/kafka_load.py
[2026-04-26T11:51:18.555+0000] {processor.py:914} INFO - Processing file /opt/airflow/dags/kafka_load.py for tasks to queue
[2026-04-26T11:51:18.558+0000] {logging_mixin.py:190} INFO - [2026-04-26T11:51:18.558+0000] {dagbag.py:588} INFO - Filling up the DagBag from /opt/airflow/dags/kafka_load.py
[2026-04-26T11:51:18.599+0000] {processor.py:925} INFO - DAG(s) 'kafka_producer' retrieved from /opt/airflow/dags/kafka_load.py
[2026-04-26T11:51:18.626+0000] {logging_mixin.py:190} INFO - [2026-04-26T11:51:18.625+0000] {dag.py:3239} INFO - Sync 1 DAGs
[2026-04-26T11:51:18.658+0000] {logging_mixin.py:190} INFO - [2026-04-26T11:51:18.657+0000] {dag.py:4180} INFO - Setting next_dagrun for kafka_producer to 2026-04-25 18:30:00+00:00, run_after=2026-04-26 18:30:00+00:00
[2026-04-26T11:51:18.684+0000] {processor.py:208} INFO - Processing /opt/airflow/dags/kafka_load.py took 0.140 seconds
[2026-04-26T11:51:49.176+0000] {processor.py:186} INFO - Started process (PID=1043) to work on /opt/airflow/dags/kafka_load.py
[2026-04-26T11:51:49.178+0000] {processor.py:914} INFO - Processing file /opt/airflow/dags/kafka_load.py for tasks to queue
[2026-04-26T11:51:49.183+0000] {logging_mixin.py:190} INFO - [2026-04-26T11:51:49.182+0000] {dagbag.py:588} INFO - Filling up the DagBag from /opt/airflow/dags/kafka_load.py
[2026-04-26T11:51:49.245+0000] {processor.py:925} INFO - DAG(s) 'kafka_producer' retrieved from /opt/airflow/dags/kafka_load.py
[2026-04-26T11:51:49.295+0000] {logging_mixin.py:190} INFO - [2026-04-26T11:51:49.295+0000] {dag.py:3239} INFO - Sync 1 DAGs
[2026-04-26T11:51:49.349+0000] {logging_mixin.py:190} INFO - [2026-04-26T11:51:49.348+0000] {dag.py:4180} INFO - Setting next_dagrun for kafka_producer to 2026-04-25 18:30:00+00:00, run_after=2026-04-26 18:30:00+00:00
[2026-04-26T11:51:49.404+0000] {processor.py:208} INFO - Processing /opt/airflow/dags/kafka_load.py took 0.241 seconds
[2026-04-26T11:52:19.864+0000] {processor.py:186} INFO - Started process (PID=1046) to work on /opt/airflow/dags/kafka_load.py
[2026-04-26T11:52:19.866+0000] {processor.py:914} INFO - Processing file /opt/airflow/dags/kafka_load.py for tasks to queue
[2026-04-26T11:52:19.869+0000] {logging_mixin.py:190} INFO - [2026-04-26T11:52:19.868+0000] {dagbag.py:588} INFO - Filling up the DagBag from /opt/airflow/dags/kafka_load.py
[2026-04-26T11:52:19.910+0000] {processor.py:925} INFO - DAG(s) 'kafka_producer' retrieved from /opt/airflow/dags/kafka_load.py
[2026-04-26T11:52:19.944+0000] {logging_mixin.py:190} INFO - [2026-04-26T11:52:19.944+0000] {dag.py:3239} INFO - Sync 1 DAGs
[2026-04-26T11:52:19.980+0000] {logging_mixin.py:190} INFO - [2026-04-26T11:52:19.979+0000] {dag.py:4180} INFO - Setting next_dagrun for kafka_producer to 2026-04-25 18:30:00+00:00, run_after=2026-04-26 18:30:00+00:00
[2026-04-26T11:52:20.010+0000] {processor.py:208} INFO - Processing /opt/airflow/dags/kafka_load.py took 0.156 seconds
[2026-04-26T11:52:50.405+0000] {processor.py:186} INFO - Started process (PID=1049) to work on /opt/airflow/dags/kafka_load.py
[2026-04-26T11:52:50.408+0000] {processor.py:914} INFO - Processing file /opt/airflow/dags/kafka_load.py for tasks to queue
[2026-04-26T11:52:50.412+0000] {logging_mixin.py:190} INFO - [2026-04-26T11:52:50.412+0000] {dagbag.py:588} INFO - Filling up the DagBag from /opt/airflow/dags/kafka_load.py
[2026-04-26T11:52:50.452+0000] {processor.py:925} INFO - DAG(s) 'kafka_producer' retrieved from /opt/airflow/dags/kafka_load.py
[2026-04-26T11:52:50.483+0000] {logging_mixin.py:190} INFO - [2026-04-26T11:52:50.483+0000] {dag.py:3239} INFO - Sync 1 DAGs
[2026-04-26T11:52:50.517+0000] {logging_mixin.py:190} INFO - [2026-04-26T11:52:50.516+0000] {dag.py:4180} INFO - Setting next_dagrun for kafka_producer to 2026-04-25 18:30:00+00:00, run_after=2026-04-26 18:30:00+00:00
[2026-04-26T11:52:50.544+0000] {processor.py:208} INFO - Processing /opt/airflow/dags/kafka_load.py took 0.148 seconds
[2026-04-26T11:53:20.986+0000] {processor.py:186} INFO - Started process (PID=1052) to work on /opt/airflow/dags/kafka_load.py
[2026-04-26T11:53:20.988+0000] {processor.py:914} INFO - Processing file /opt/airflow/dags/kafka_load.py for tasks to queue
[2026-04-26T11:53:20.992+0000] {logging_mixin.py:190} INFO - [2026-04-26T11:53:20.992+0000] {dagbag.py:588} INFO - Filling up the DagBag from /opt/airflow/dags/kafka_load.py
[2026-04-26T11:53:21.034+0000] {processor.py:925} INFO - DAG(s) 'kafka_producer' retrieved from /opt/airflow/dags/kafka_load.py
[2026-04-26T11:53:21.065+0000] {logging_mixin.py:190} INFO - [2026-04-26T11:53:21.065+0000] {dag.py:3239} INFO - Sync 1 DAGs
[2026-04-26T11:53:21.099+0000] {logging_mixin.py:190} INFO - [2026-04-26T11:53:21.098+0000] {dag.py:4180} INFO - Setting next_dagrun for kafka_producer to 2026-04-25 18:30:00+00:00, run_after=2026-04-26 18:30:00+00:00
[2026-04-26T11:53:21.127+0000] {processor.py:208} INFO - Processing /opt/airflow/dags/kafka_load.py took 0.153 seconds
[2026-04-26T11:53:51.523+0000] {processor.py:186} INFO - Started process (PID=1055) to work on /opt/airflow/dags/kafka_load.py
[2026-04-26T11:53:51.524+0000] {processor.py:914} INFO - Processing file /opt/airflow/dags/kafka_load.py for tasks to queue
[2026-04-26T11:53:51.528+0000] {logging_mixin.py:190} INFO - [2026-04-26T11:53:51.527+0000] {dagbag.py:588} INFO - Filling up the DagBag from /opt/airflow/dags/kafka_load.py
[2026-04-26T11:53:51.569+0000] {processor.py:925} INFO - DAG(s) 'kafka_producer' retrieved from /opt/airflow/dags/kafka_load.py
[2026-04-26T11:53:51.599+0000] {logging_mixin.py:190} INFO - [2026-04-26T11:53:51.598+0000] {dag.py:3239} INFO - Sync 1 DAGs
[2026-04-26T11:53:51.635+0000] {logging_mixin.py:190} INFO - [2026-04-26T11:53:51.634+0000] {dag.py:4180} INFO - Setting next_dagrun for kafka_producer to 2026-04-25 18:30:00+00:00, run_after=2026-04-26 18:30:00+00:00
[2026-04-26T11:53:51.662+0000] {processor.py:208} INFO - Processing /opt/airflow/dags/kafka_load.py took 0.150 seconds
[2026-04-26T11:54:22.153+0000] {processor.py:186} INFO - Started process (PID=1058) to work on /opt/airflow/dags/kafka_load.py
[2026-04-26T11:54:22.155+0000] {processor.py:914} INFO - Processing file /opt/airflow/dags/kafka_load.py for tasks to queue
[2026-04-26T11:54:22.159+0000] {logging_mixin.py:190} INFO - [2026-04-26T11:54:22.158+0000] {dagbag.py:588} INFO - Filling up the DagBag from /opt/airflow/dags/kafka_load.py
[2026-04-26T11:54:22.200+0000] {processor.py:925} INFO - DAG(s) 'kafka_producer' retrieved from /opt/airflow/dags/kafka_load.py
[2026-04-26T11:54:22.227+0000] {logging_mixin.py:190} INFO - [2026-04-26T11:54:22.227+0000] {dag.py:3239} INFO - Sync 1 DAGs
[2026-04-26T11:54:22.257+0000] {logging_mixin.py:190} INFO - [2026-04-26T11:54:22.257+0000] {dag.py:4180} INFO - Setting next_dagrun for kafka_producer to 2026-04-25 18:30:00+00:00, run_after=2026-04-26 18:30:00+00:00
[2026-04-26T11:54:22.286+0000] {processor.py:208} INFO - Processing /opt/airflow/dags/kafka_load.py took 0.144 seconds
[2026-04-26T11:54:52.927+0000] {processor.py:186} INFO - Started process (PID=1061) to work on /opt/airflow/dags/kafka_load.py
[2026-04-26T11:54:52.939+0000] {processor.py:914} INFO - Processing file /opt/airflow/dags/kafka_load.py for tasks to queue
[2026-04-26T11:54:52.956+0000] {logging_mixin.py:190} INFO - [2026-04-26T11:54:52.955+0000] {dagbag.py:588} INFO - Filling up the DagBag from /opt/airflow/dags/kafka_load.py
[2026-04-26T11:54:53.257+0000] {processor.py:925} INFO - DAG(s) 'kafka_producer' retrieved from /opt/airflow/dags/kafka_load.py
[2026-04-26T11:54:53.434+0000] {logging_mixin.py:190} INFO - [2026-04-26T11:54:53.434+0000] {dag.py:3239} INFO - Sync 1 DAGs
[2026-04-26T11:54:53.607+0000] {logging_mixin.py:190} INFO - [2026-04-26T11:54:53.595+0000] {dag.py:4180} INFO - Setting next_dagrun for kafka_producer to 2026-04-25 18:30:00+00:00, run_after=2026-04-26 18:30:00+00:00
[2026-04-26T11:54:53.724+0000] {processor.py:208} INFO - Processing /opt/airflow/dags/kafka_load.py took 0.839 seconds
[2026-04-26T11:55:24.384+0000] {processor.py:186} INFO - Started process (PID=1064) to work on /opt/airflow/dags/kafka_load.py
[2026-04-26T11:55:24.387+0000] {processor.py:914} INFO - Processing file /opt/airflow/dags/kafka_load.py for tasks to queue
[2026-04-26T11:55:24.391+0000] {logging_mixin.py:190} INFO - [2026-04-26T11:55:24.390+0000] {dagbag.py:588} INFO - Filling up the DagBag from /opt/airflow/dags/kafka_load.py
[2026-04-26T11:55:24.432+0000] {processor.py:925} INFO - DAG(s) 'kafka_producer' retrieved from /opt/airflow/dags/kafka_load.py
[2026-04-26T11:55:24.464+0000] {logging_mixin.py:190} INFO - [2026-04-26T11:55:24.463+0000] {dag.py:3239} INFO - Sync 1 DAGs
[2026-04-26T11:55:24.497+0000] {logging_mixin.py:190} INFO - [2026-04-26T11:55:24.496+0000] {dag.py:4180} INFO - Setting next_dagrun for kafka_producer to 2026-04-25 18:30:00+00:00, run_after=2026-04-26 18:30:00+00:00
[2026-04-26T11:55:24.524+0000] {processor.py:208} INFO - Processing /opt/airflow/dags/kafka_load.py took 0.150 seconds
[2026-04-26T11:55:54.929+0000] {processor.py:186} INFO - Started process (PID=1067) to work on /opt/airflow/dags/kafka_load.py
[2026-04-26T11:55:54.931+0000] {processor.py:914} INFO - Processing file /opt/airflow/dags/kafka_load.py for tasks to queue
[2026-04-26T11:55:54.943+0000] {logging_mixin.py:190} INFO - [2026-04-26T11:55:54.942+0000] {dagbag.py:588} INFO - Filling up the DagBag from /opt/airflow/dags/kafka_load.py
[2026-04-26T11:55:54.977+0000] {processor.py:925} INFO - DAG(s) 'kafka_producer' retrieved from /opt/airflow/dags/kafka_load.py
[2026-04-26T11:55:55.007+0000] {logging_mixin.py:190} INFO - [2026-04-26T11:55:55.007+0000] {dag.py:3239} INFO - Sync 1 DAGs
[2026-04-26T11:55:55.039+0000] {logging_mixin.py:190} INFO - [2026-04-26T11:55:55.038+0000] {dag.py:4180} INFO - Setting next_dagrun for kafka_producer to 2026-04-25 18:30:00+00:00, run_after=2026-04-26 18:30:00+00:00
[2026-04-26T11:55:55.073+0000] {processor.py:208} INFO - Processing /opt/airflow/dags/kafka_load.py took 0.165 seconds
[2026-04-26T11:56:25.508+0000] {processor.py:186} INFO - Started process (PID=1070) to work on /opt/airflow/dags/kafka_load.py
[2026-04-26T11:56:25.509+0000] {processor.py:914} INFO - Processing file /opt/airflow/dags/kafka_load.py for tasks to queue
[2026-04-26T11:56:25.513+0000] {logging_mixin.py:190} INFO - [2026-04-26T11:56:25.512+0000] {dagbag.py:588} INFO - Filling up the DagBag from /opt/airflow/dags/kafka_load.py
[2026-04-26T11:56:25.551+0000] {processor.py:925} INFO - DAG(s) 'kafka_producer' retrieved from /opt/airflow/dags/kafka_load.py
[2026-04-26T11:56:25.586+0000] {logging_mixin.py:190} INFO - [2026-04-26T11:56:25.586+0000] {dag.py:3239} INFO - Sync 1 DAGs
[2026-04-26T11:56:25.622+0000] {logging_mixin.py:190} INFO - [2026-04-26T11:56:25.621+0000] {dag.py:4180} INFO - Setting next_dagrun for kafka_producer to 2026-04-25 18:30:00+00:00, run_after=2026-04-26 18:30:00+00:00
[2026-04-26T11:56:25.651+0000] {processor.py:208} INFO - Processing /opt/airflow/dags/kafka_load.py took 0.155 seconds
[2026-04-26T11:56:56.025+0000] {processor.py:186} INFO - Started process (PID=1073) to work on /opt/airflow/dags/kafka_load.py
[2026-04-26T11:56:56.027+0000] {processor.py:914} INFO - Processing file /opt/airflow/dags/kafka_load.py for tasks to queue
[2026-04-26T11:56:56.032+0000] {logging_mixin.py:190} INFO - [2026-04-26T11:56:56.031+0000] {dagbag.py:588} INFO - Filling up the DagBag from /opt/airflow/dags/kafka_load.py
[2026-04-26T11:56:56.070+0000] {processor.py:925} INFO - DAG(s) 'kafka_producer' retrieved from /opt/airflow/dags/kafka_load.py
[2026-04-26T11:56:56.102+0000] {logging_mixin.py:190} INFO - [2026-04-26T11:56:56.101+0000] {dag.py:3239} INFO - Sync 1 DAGs
[2026-04-26T11:56:56.140+0000] {logging_mixin.py:190} INFO - [2026-04-26T11:56:56.140+0000] {dag.py:4180} INFO - Setting next_dagrun for kafka_producer to 2026-04-25 18:30:00+00:00, run_after=2026-04-26 18:30:00+00:00
[2026-04-26T11:56:56.176+0000] {processor.py:208} INFO - Processing /opt/airflow/dags/kafka_load.py took 0.161 seconds
[2026-04-26T11:57:26.563+0000] {processor.py:186} INFO - Started process (PID=1076) to work on /opt/airflow/dags/kafka_load.py
[2026-04-26T11:57:26.566+0000] {processor.py:914} INFO - Processing file /opt/airflow/dags/kafka_load.py for tasks to queue
[2026-04-26T11:57:26.570+0000] {logging_mixin.py:190} INFO - [2026-04-26T11:57:26.569+0000] {dagbag.py:588} INFO - Filling up the DagBag from /opt/airflow/dags/kafka_load.py
[2026-04-26T11:57:26.613+0000] {processor.py:925} INFO - DAG(s) 'kafka_producer' retrieved from /opt/airflow/dags/kafka_load.py
[2026-04-26T11:57:26.665+0000] {logging_mixin.py:190} INFO - [2026-04-26T11:57:26.665+0000] {dag.py:3239} INFO - Sync 1 DAGs
[2026-04-26T11:57:26.713+0000] {logging_mixin.py:190} INFO - [2026-04-26T11:57:26.713+0000] {dag.py:4180} INFO - Setting next_dagrun for kafka_producer to 2026-04-25 18:30:00+00:00, run_after=2026-04-26 18:30:00+00:00
[2026-04-26T11:57:26.743+0000] {processor.py:208} INFO - Processing /opt/airflow/dags/kafka_load.py took 0.195 seconds
[2026-04-26T11:57:57.150+0000] {processor.py:186} INFO - Started process (PID=1079) to work on /opt/airflow/dags/kafka_load.py
[2026-04-26T11:57:57.151+0000] {processor.py:914} INFO - Processing file /opt/airflow/dags/kafka_load.py for tasks to queue
[2026-04-26T11:57:57.156+0000] {logging_mixin.py:190} INFO - [2026-04-26T11:57:57.155+0000] {dagbag.py:588} INFO - Filling up the DagBag from /opt/airflow/dags/kafka_load.py
[2026-04-26T11:57:57.199+0000] {processor.py:925} INFO - DAG(s) 'kafka_producer' retrieved from /opt/airflow/dags/kafka_load.py
[2026-04-26T11:57:57.229+0000] {logging_mixin.py:190} INFO - [2026-04-26T11:57:57.229+0000] {dag.py:3239} INFO - Sync 1 DAGs
[2026-04-26T11:57:57.263+0000] {logging_mixin.py:190} INFO - [2026-04-26T11:57:57.262+0000] {dag.py:4180} INFO - Setting next_dagrun for kafka_producer to 2026-04-25 18:30:00+00:00, run_after=2026-04-26 18:30:00+00:00
[2026-04-26T11:57:57.294+0000] {processor.py:208} INFO - Processing /opt/airflow/dags/kafka_load.py took 0.153 seconds
[2026-04-26T11:58:27.664+0000] {processor.py:186} INFO - Started process (PID=1082) to work on /opt/airflow/dags/kafka_load.py
[2026-04-26T11:58:27.666+0000] {processor.py:914} INFO - Processing file /opt/airflow/dags/kafka_load.py for tasks to queue
[2026-04-26T11:58:27.671+0000] {logging_mixin.py:190} INFO - [2026-04-26T11:58:27.670+0000] {dagbag.py:588} INFO - Filling up the DagBag from /opt/airflow/dags/kafka_load.py
[2026-04-26T11:58:27.725+0000] {processor.py:925} INFO - DAG(s) 'kafka_producer' retrieved from /opt/airflow/dags/kafka_load.py
[2026-04-26T11:58:27.763+0000] {logging_mixin.py:190} INFO - [2026-04-26T11:58:27.763+0000] {dag.py:3239} INFO - Sync 1 DAGs
[2026-04-26T11:58:27.801+0000] {logging_mixin.py:190} INFO - [2026-04-26T11:58:27.801+0000] {dag.py:4180} INFO - Setting next_dagrun for kafka_producer to 2026-04-25 18:30:00+00:00, run_after=2026-04-26 18:30:00+00:00
[2026-04-26T11:58:27.835+0000] {processor.py:208} INFO - Processing /opt/airflow/dags/kafka_load.py took 0.186 seconds
[2026-04-26T11:58:58.225+0000] {processor.py:186} INFO - Started process (PID=1085) to work on /opt/airflow/dags/kafka_load.py
[2026-04-26T11:58:58.227+0000] {processor.py:914} INFO - Processing file /opt/airflow/dags/kafka_load.py for tasks to queue
[2026-04-26T11:58:58.238+0000] {logging_mixin.py:190} INFO - [2026-04-26T11:58:58.237+0000] {dagbag.py:588} INFO - Filling up the DagBag from /opt/airflow/dags/kafka_load.py
[2026-04-26T11:58:58.274+0000] {processor.py:925} INFO - DAG(s) 'kafka_producer' retrieved from /opt/airflow/dags/kafka_load.py
[2026-04-26T11:58:58.317+0000] {logging_mixin.py:190} INFO - [2026-04-26T11:58:58.316+0000] {dag.py:3239} INFO - Sync 1 DAGs
[2026-04-26T11:58:58.353+0000] {logging_mixin.py:190} INFO - [2026-04-26T11:58:58.352+0000] {dag.py:4180} INFO - Setting next_dagrun for kafka_producer to 2026-04-25 18:30:00+00:00, run_after=2026-04-26 18:30:00+00:00
[2026-04-26T11:58:58.394+0000] {processor.py:208} INFO - Processing /opt/airflow/dags/kafka_load.py took 0.178 seconds
[2026-04-26T11:59:28.843+0000] {processor.py:186} INFO - Started process (PID=1088) to work on /opt/airflow/dags/kafka_load.py
[2026-04-26T11:59:28.845+0000] {processor.py:914} INFO - Processing file /opt/airflow/dags/kafka_load.py for tasks to queue
[2026-04-26T11:59:28.849+0000] {logging_mixin.py:190} INFO - [2026-04-26T11:59:28.848+0000] {dagbag.py:588} INFO - Filling up the DagBag from /opt/airflow/dags/kafka_load.py
[2026-04-26T11:59:28.892+0000] {processor.py:925} INFO - DAG(s) 'kafka_producer' retrieved from /opt/airflow/dags/kafka_load.py
[2026-04-26T11:59:28.919+0000] {logging_mixin.py:190} INFO - [2026-04-26T11:59:28.919+0000] {dag.py:3239} INFO - Sync 1 DAGs
[2026-04-26T11:59:28.954+0000] {logging_mixin.py:190} INFO - [2026-04-26T11:59:28.953+0000] {dag.py:4180} INFO - Setting next_dagrun for kafka_producer to 2026-04-25 18:30:00+00:00, run_after=2026-04-26 18:30:00+00:00
[2026-04-26T11:59:28.982+0000] {processor.py:208} INFO - Processing /opt/airflow/dags/kafka_load.py took 0.150 seconds
[2026-04-26T11:59:59.350+0000] {processor.py:186} INFO - Started process (PID=1091) to work on /opt/airflow/dags/kafka_load.py
[2026-04-26T11:59:59.352+0000] {processor.py:914} INFO - Processing file /opt/airflow/dags/kafka_load.py for tasks to queue
[2026-04-26T11:59:59.356+0000] {logging_mixin.py:190} INFO - [2026-04-26T11:59:59.356+0000] {dagbag.py:588} INFO - Filling up the DagBag from /opt/airflow/dags/kafka_load.py
[2026-04-26T11:59:59.403+0000] {processor.py:925} INFO - DAG(s) 'kafka_producer' retrieved from /opt/airflow/dags/kafka_load.py
[2026-04-26T11:59:59.434+0000] {logging_mixin.py:190} INFO - [2026-04-26T11:59:59.434+0000] {dag.py:3239} INFO - Sync 1 DAGs
[2026-04-26T11:59:59.476+0000] {logging_mixin.py:190} INFO - [2026-04-26T11:59:59.476+0000] {dag.py:4180} INFO - Setting next_dagrun for kafka_producer to 2026-04-25 18:30:00+00:00, run_after=2026-04-26 18:30:00+00:00
[2026-04-26T11:59:59.504+0000] {processor.py:208} INFO - Processing /opt/airflow/dags/kafka_load.py took 0.166 seconds
[2026-04-26T12:00:29.914+0000] {processor.py:186} INFO - Started process (PID=1094) to work on /opt/airflow/dags/kafka_load.py
[2026-04-26T12:00:29.915+0000] {processor.py:914} INFO - Processing file /opt/airflow/dags/kafka_load.py for tasks to queue
[2026-04-26T12:00:29.920+0000] {logging_mixin.py:190} INFO - [2026-04-26T12:00:29.919+0000] {dagbag.py:588} INFO - Filling up the DagBag from /opt/airflow/dags/kafka_load.py
[2026-04-26T12:00:29.965+0000] {processor.py:925} INFO - DAG(s) 'kafka_producer' retrieved from /opt/airflow/dags/kafka_load.py
[2026-04-26T12:00:30.003+0000] {logging_mixin.py:190} INFO - [2026-04-26T12:00:30.003+0000] {dag.py:3239} INFO - Sync 1 DAGs
[2026-04-26T12:00:30.036+0000] {logging_mixin.py:190} INFO - [2026-04-26T12:00:30.035+0000] {dag.py:4180} INFO - Setting next_dagrun for kafka_producer to 2026-04-25 18:30:00+00:00, run_after=2026-04-26 18:30:00+00:00
[2026-04-26T12:00:30.063+0000] {processor.py:208} INFO - Processing /opt/airflow/dags/kafka_load.py took 0.159 seconds
[2026-04-26T12:01:00.422+0000] {processor.py:186} INFO - Started process (PID=1097) to work on /opt/airflow/dags/kafka_load.py
[2026-04-26T12:01:00.424+0000] {processor.py:914} INFO - Processing file /opt/airflow/dags/kafka_load.py for tasks to queue
[2026-04-26T12:01:00.429+0000] {logging_mixin.py:190} INFO - [2026-04-26T12:01:00.428+0000] {dagbag.py:588} INFO - Filling up the DagBag from /opt/airflow/dags/kafka_load.py
[2026-04-26T12:01:00.469+0000] {processor.py:925} INFO - DAG(s) 'kafka_producer' retrieved from /opt/airflow/dags/kafka_load.py
[2026-04-26T12:01:00.498+0000] {logging_mixin.py:190} INFO - [2026-04-26T12:01:00.498+0000] {dag.py:3239} INFO - Sync 1 DAGs
[2026-04-26T12:01:00.531+0000] {logging_mixin.py:190} INFO - [2026-04-26T12:01:00.530+0000] {dag.py:4180} INFO - Setting next_dagrun for kafka_producer to 2026-04-25 18:30:00+00:00, run_after=2026-04-26 18:30:00+00:00
[2026-04-26T12:01:00.559+0000] {processor.py:208} INFO - Processing /opt/airflow/dags/kafka_load.py took 0.145 seconds
[2026-04-26T12:01:30.930+0000] {processor.py:186} INFO - Started process (PID=1100) to work on /opt/airflow/dags/kafka_load.py
[2026-04-26T12:01:30.931+0000] {processor.py:914} INFO - Processing file /opt/airflow/dags/kafka_load.py for tasks to queue
[2026-04-26T12:01:30.934+0000] {logging_mixin.py:190} INFO - [2026-04-26T12:01:30.934+0000] {dagbag.py:588} INFO - Filling up the DagBag from /opt/airflow/dags/kafka_load.py
[2026-04-26T12:01:30.980+0000] {processor.py:925} INFO - DAG(s) 'kafka_producer' retrieved from /opt/airflow/dags/kafka_load.py
[2026-04-26T12:01:31.019+0000] {logging_mixin.py:190} INFO - [2026-04-26T12:01:31.019+0000] {dag.py:3239} INFO - Sync 1 DAGs
[2026-04-26T12:01:31.054+0000] {logging_mixin.py:190} INFO - [2026-04-26T12:01:31.053+0000] {dag.py:4180} INFO - Setting next_dagrun for kafka_producer to 2026-04-25 18:30:00+00:00, run_after=2026-04-26 18:30:00+00:00
[2026-04-26T12:01:31.078+0000] {processor.py:208} INFO - Processing /opt/airflow/dags/kafka_load.py took 0.160 seconds
[2026-04-26T12:02:01.497+0000] {processor.py:186} INFO - Started process (PID=1103) to work on /opt/airflow/dags/kafka_load.py
[2026-04-26T12:02:01.498+0000] {processor.py:914} INFO - Processing file /opt/airflow/dags/kafka_load.py for tasks to queue
[2026-04-26T12:02:01.502+0000] {logging_mixin.py:190} INFO - [2026-04-26T12:02:01.502+0000] {dagbag.py:588} INFO - Filling up the DagBag from /opt/airflow/dags/kafka_load.py
[2026-04-26T12:02:01.540+0000] {processor.py:925} INFO - DAG(s) 'kafka_producer' retrieved from /opt/airflow/dags/kafka_load.py
[2026-04-26T12:02:01.571+0000] {logging_mixin.py:190} INFO - [2026-04-26T12:02:01.571+0000] {dag.py:3239} INFO - Sync 1 DAGs
[2026-04-26T12:02:01.606+0000] {logging_mixin.py:190} INFO - [2026-04-26T12:02:01.605+0000] {dag.py:4180} INFO - Setting next_dagrun for kafka_producer to 2026-04-25 18:30:00+00:00, run_after=2026-04-26 18:30:00+00:00
[2026-04-26T12:02:02.176+0000] {processor.py:208} INFO - Processing /opt/airflow/dags/kafka_load.py took 0.689 seconds
[2026-04-26T12:02:32.415+0000] {processor.py:186} INFO - Started process (PID=1106) to work on /opt/airflow/dags/kafka_load.py
[2026-04-26T12:02:32.418+0000] {processor.py:914} INFO - Processing file /opt/airflow/dags/kafka_load.py for tasks to queue
[2026-04-26T12:02:32.422+0000] {logging_mixin.py:190} INFO - [2026-04-26T12:02:32.421+0000] {dagbag.py:588} INFO - Filling up the DagBag from /opt/airflow/dags/kafka_load.py
[2026-04-26T12:02:32.460+0000] {processor.py:925} INFO - DAG(s) 'kafka_producer' retrieved from /opt/airflow/dags/kafka_load.py
[2026-04-26T12:02:32.490+0000] {logging_mixin.py:190} INFO - [2026-04-26T12:02:32.489+0000] {dag.py:3239} INFO - Sync 1 DAGs
[2026-04-26T12:02:32.521+0000] {logging_mixin.py:190} INFO - [2026-04-26T12:02:32.521+0000] {dag.py:4180} INFO - Setting next_dagrun for kafka_producer to 2026-04-25 18:30:00+00:00, run_after=2026-04-26 18:30:00+00:00
[2026-04-26T12:02:32.773+0000] {processor.py:208} INFO - Processing /opt/airflow/dags/kafka_load.py took 0.369 seconds
[2026-04-26T12:03:03.274+0000] {processor.py:186} INFO - Started process (PID=1109) to work on /opt/airflow/dags/kafka_load.py
[2026-04-26T12:03:03.278+0000] {processor.py:914} INFO - Processing file /opt/airflow/dags/kafka_load.py for tasks to queue
[2026-04-26T12:03:03.282+0000] {logging_mixin.py:190} INFO - [2026-04-26T12:03:03.281+0000] {dagbag.py:588} INFO - Filling up the DagBag from /opt/airflow/dags/kafka_load.py
[2026-04-26T12:03:03.340+0000] {processor.py:925} INFO - DAG(s) 'kafka_producer' retrieved from /opt/airflow/dags/kafka_load.py
[2026-04-26T12:03:03.373+0000] {logging_mixin.py:190} INFO - [2026-04-26T12:03:03.372+0000] {dag.py:3239} INFO - Sync 1 DAGs
[2026-04-26T12:03:03.411+0000] {logging_mixin.py:190} INFO - [2026-04-26T12:03:03.410+0000] {dag.py:4180} INFO - Setting next_dagrun for kafka_producer to 2026-04-25 18:30:00+00:00, run_after=2026-04-26 18:30:00+00:00
[2026-04-26T12:03:03.449+0000] {processor.py:208} INFO - Processing /opt/airflow/dags/kafka_load.py took 0.187 seconds
[2026-04-26T12:03:33.923+0000] {processor.py:186} INFO - Started process (PID=1112) to work on /opt/airflow/dags/kafka_load.py
[2026-04-26T12:03:33.926+0000] {processor.py:914} INFO - Processing file /opt/airflow/dags/kafka_load.py for tasks to queue
[2026-04-26T12:03:33.931+0000] {logging_mixin.py:190} INFO - [2026-04-26T12:03:33.930+0000] {dagbag.py:588} INFO - Filling up the DagBag from /opt/airflow/dags/kafka_load.py
[2026-04-26T12:03:33.974+0000] {processor.py:925} INFO - DAG(s) 'kafka_producer' retrieved from /opt/airflow/dags/kafka_load.py
[2026-04-26T12:03:34.029+0000] {logging_mixin.py:190} INFO - [2026-04-26T12:03:34.028+0000] {dag.py:3239} INFO - Sync 1 DAGs
[2026-04-26T12:03:34.102+0000] {logging_mixin.py:190} INFO - [2026-04-26T12:03:34.102+0000] {dag.py:4180} INFO - Setting next_dagrun for kafka_producer to 2026-04-25 18:30:00+00:00, run_after=2026-04-26 18:30:00+00:00
[2026-04-26T12:03:34.132+0000] {processor.py:208} INFO - Processing /opt/airflow/dags/kafka_load.py took 0.255 seconds
[2026-04-26T12:04:04.626+0000] {processor.py:186} INFO - Started process (PID=1115) to work on /opt/airflow/dags/kafka_load.py
[2026-04-26T12:04:04.629+0000] {processor.py:914} INFO - Processing file /opt/airflow/dags/kafka_load.py for tasks to queue
[2026-04-26T12:04:04.635+0000] {logging_mixin.py:190} INFO - [2026-04-26T12:04:04.635+0000] {dagbag.py:588} INFO - Filling up the DagBag from /opt/airflow/dags/kafka_load.py
[2026-04-26T12:04:04.672+0000] {processor.py:925} INFO - DAG(s) 'kafka_producer' retrieved from /opt/airflow/dags/kafka_load.py
[2026-04-26T12:04:04.702+0000] {logging_mixin.py:190} INFO - [2026-04-26T12:04:04.701+0000] {dag.py:3239} INFO - Sync 1 DAGs
[2026-04-26T12:04:04.741+0000] {logging_mixin.py:190} INFO - [2026-04-26T12:04:04.741+0000] {dag.py:4180} INFO - Setting next_dagrun for kafka_producer to 2026-04-25 18:30:00+00:00, run_after=2026-04-26 18:30:00+00:00
[2026-04-26T12:04:04.771+0000] {processor.py:208} INFO - Processing /opt/airflow/dags/kafka_load.py took 0.155 seconds
[2026-04-26T12:04:35.167+0000] {processor.py:186} INFO - Started process (PID=1118) to work on /opt/airflow/dags/kafka_load.py
[2026-04-26T12:04:35.171+0000] {processor.py:914} INFO - Processing file /opt/airflow/dags/kafka_load.py for tasks to queue
[2026-04-26T12:04:35.177+0000] {logging_mixin.py:190} INFO - [2026-04-26T12:04:35.177+0000] {dagbag.py:588} INFO - Filling up the DagBag from /opt/airflow/dags/kafka_load.py
[2026-04-26T12:04:35.260+0000] {processor.py:925} INFO - DAG(s) 'kafka_producer' retrieved from /opt/airflow/dags/kafka_load.py
[2026-04-26T12:04:35.289+0000] {logging_mixin.py:190} INFO - [2026-04-26T12:04:35.289+0000] {dag.py:3239} INFO - Sync 1 DAGs
[2026-04-26T12:04:35.332+0000] {logging_mixin.py:190} INFO - [2026-04-26T12:04:35.332+0000] {dag.py:4180} INFO - Setting next_dagrun for kafka_producer to 2026-04-25 18:30:00+00:00, run_after=2026-04-26 18:30:00+00:00
[2026-04-26T12:04:35.367+0000] {processor.py:208} INFO - Processing /opt/airflow/dags/kafka_load.py took 0.211 seconds
[2026-04-26T12:05:05.587+0000] {processor.py:186} INFO - Started process (PID=1121) to work on /opt/airflow/dags/kafka_load.py
[2026-04-26T12:05:05.588+0000] {processor.py:914} INFO - Processing file /opt/airflow/dags/kafka_load.py for tasks to queue
[2026-04-26T12:05:05.592+0000] {logging_mixin.py:190} INFO - [2026-04-26T12:05:05.592+0000] {dagbag.py:588} INFO - Filling up the DagBag from /opt/airflow/dags/kafka_load.py
[2026-04-26T12:05:05.634+0000] {processor.py:925} INFO - DAG(s) 'kafka_producer' retrieved from /opt/airflow/dags/kafka_load.py
[2026-04-26T12:05:05.665+0000] {logging_mixin.py:190} INFO - [2026-04-26T12:05:05.664+0000] {dag.py:3239} INFO - Sync 1 DAGs
[2026-04-26T12:05:05.696+0000] {logging_mixin.py:190} INFO - [2026-04-26T12:05:05.696+0000] {dag.py:4180} INFO - Setting next_dagrun for kafka_producer to 2026-04-25 18:30:00+00:00, run_after=2026-04-26 18:30:00+00:00
[2026-04-26T12:05:14.608+0000] {processor.py:208} INFO - Processing /opt/airflow/dags/kafka_load.py took 9.033 seconds
[2026-04-26T12:05:45.266+0000] {processor.py:186} INFO - Started process (PID=1124) to work on /opt/airflow/dags/kafka_load.py
[2026-04-26T12:05:45.269+0000] {processor.py:914} INFO - Processing file /opt/airflow/dags/kafka_load.py for tasks to queue
[2026-04-26T12:05:45.274+0000] {logging_mixin.py:190} INFO - [2026-04-26T12:05:45.273+0000] {dagbag.py:588} INFO - Filling up the DagBag from /opt/airflow/dags/kafka_load.py
[2026-04-26T12:05:45.317+0000] {processor.py:925} INFO - DAG(s) 'kafka_producer' retrieved from /opt/airflow/dags/kafka_load.py
[2026-04-26T12:05:45.354+0000] {logging_mixin.py:190} INFO - [2026-04-26T12:05:45.353+0000] {dag.py:3239} INFO - Sync 1 DAGs
[2026-04-26T12:05:45.389+0000] {logging_mixin.py:190} INFO - [2026-04-26T12:05:45.388+0000] {dag.py:4180} INFO - Setting next_dagrun for kafka_producer to 2026-04-25 18:30:00+00:00, run_after=2026-04-26 18:30:00+00:00
[2026-04-26T12:05:45.428+0000] {processor.py:208} INFO - Processing /opt/airflow/dags/kafka_load.py took 0.172 seconds
[2026-04-26T12:06:15.876+0000] {processor.py:186} INFO - Started process (PID=1127) to work on /opt/airflow/dags/kafka_load.py
[2026-04-26T12:06:15.878+0000] {processor.py:914} INFO - Processing file /opt/airflow/dags/kafka_load.py for tasks to queue
[2026-04-26T12:06:15.883+0000] {logging_mixin.py:190} INFO - [2026-04-26T12:06:15.882+0000] {dagbag.py:588} INFO - Filling up the DagBag from /opt/airflow/dags/kafka_load.py
[2026-04-26T12:06:15.919+0000] {processor.py:925} INFO - DAG(s) 'kafka_producer' retrieved from /opt/airflow/dags/kafka_load.py
[2026-04-26T12:06:15.954+0000] {logging_mixin.py:190} INFO - [2026-04-26T12:06:15.953+0000] {dag.py:3239} INFO - Sync 1 DAGs
[2026-04-26T12:06:15.991+0000] {logging_mixin.py:190} INFO - [2026-04-26T12:06:15.990+0000] {dag.py:4180} INFO - Setting next_dagrun for kafka_producer to 2026-04-25 18:30:00+00:00, run_after=2026-04-26 18:30:00+00:00
[2026-04-26T12:06:16.019+0000] {processor.py:208} INFO - Processing /opt/airflow/dags/kafka_load.py took 0.165 seconds
[2026-04-26T12:06:46.392+0000] {processor.py:186} INFO - Started process (PID=1130) to work on /opt/airflow/dags/kafka_load.py
[2026-04-26T12:06:46.393+0000] {processor.py:914} INFO - Processing file /opt/airflow/dags/kafka_load.py for tasks to queue
[2026-04-26T12:06:46.397+0000] {logging_mixin.py:190} INFO - [2026-04-26T12:06:46.397+0000] {dagbag.py:588} INFO - Filling up the DagBag from /opt/airflow/dags/kafka_load.py
[2026-04-26T12:06:46.456+0000] {processor.py:925} INFO - DAG(s) 'kafka_producer' retrieved from /opt/airflow/dags/kafka_load.py
[2026-04-26T12:06:46.493+0000] {logging_mixin.py:190} INFO - [2026-04-26T12:06:46.493+0000] {dag.py:3239} INFO - Sync 1 DAGs
[2026-04-26T12:06:46.529+0000] {logging_mixin.py:190} INFO - [2026-04-26T12:06:46.529+0000] {dag.py:4180} INFO - Setting next_dagrun for kafka_producer to 2026-04-25 18:30:00+00:00, run_after=2026-04-26 18:30:00+00:00
[2026-04-26T12:06:46.560+0000] {processor.py:208} INFO - Processing /opt/airflow/dags/kafka_load.py took 0.184 seconds
[2026-04-26T12:07:16.937+0000] {processor.py:186} INFO - Started process (PID=1133) to work on /opt/airflow/dags/kafka_load.py
[2026-04-26T12:07:16.938+0000] {processor.py:914} INFO - Processing file /opt/airflow/dags/kafka_load.py for tasks to queue
[2026-04-26T12:07:16.942+0000] {logging_mixin.py:190} INFO - [2026-04-26T12:07:16.941+0000] {dagbag.py:588} INFO - Filling up the DagBag from /opt/airflow/dags/kafka_load.py
[2026-04-26T12:07:16.983+0000] {processor.py:925} INFO - DAG(s) 'kafka_producer' retrieved from /opt/airflow/dags/kafka_load.py
[2026-04-26T12:07:17.016+0000] {logging_mixin.py:190} INFO - [2026-04-26T12:07:17.016+0000] {dag.py:3239} INFO - Sync 1 DAGs
[2026-04-26T12:07:17.050+0000] {logging_mixin.py:190} INFO - [2026-04-26T12:07:17.050+0000] {dag.py:4180} INFO - Setting next_dagrun for kafka_producer to 2026-04-25 18:30:00+00:00, run_after=2026-04-26 18:30:00+00:00
[2026-04-26T12:07:17.074+0000] {processor.py:208} INFO - Processing /opt/airflow/dags/kafka_load.py took 0.147 seconds
[2026-04-26T12:07:47.628+0000] {processor.py:186} INFO - Started process (PID=1136) to work on /opt/airflow/dags/kafka_load.py
[2026-04-26T12:07:47.630+0000] {processor.py:914} INFO - Processing file /opt/airflow/dags/kafka_load.py for tasks to queue
[2026-04-26T12:07:47.637+0000] {logging_mixin.py:190} INFO - [2026-04-26T12:07:47.636+0000] {dagbag.py:588} INFO - Filling up the DagBag from /opt/airflow/dags/kafka_load.py
[2026-04-26T12:07:47.677+0000] {processor.py:925} INFO - DAG(s) 'kafka_producer' retrieved from /opt/airflow/dags/kafka_load.py
[2026-04-26T12:07:47.715+0000] {logging_mixin.py:190} INFO - [2026-04-26T12:07:47.715+0000] {dag.py:3239} INFO - Sync 1 DAGs
[2026-04-26T12:07:47.749+0000] {logging_mixin.py:190} INFO - [2026-04-26T12:07:47.749+0000] {dag.py:4180} INFO - Setting next_dagrun for kafka_producer to 2026-04-25 18:30:00+00:00, run_after=2026-04-26 18:30:00+00:00
[2026-04-26T12:07:47.779+0000] {processor.py:208} INFO - Processing /opt/airflow/dags/kafka_load.py took 0.161 seconds
[2026-04-26T12:08:18.205+0000] {processor.py:186} INFO - Started process (PID=1139) to work on /opt/airflow/dags/kafka_load.py
[2026-04-26T12:08:18.207+0000] {processor.py:914} INFO - Processing file /opt/airflow/dags/kafka_load.py for tasks to queue
[2026-04-26T12:08:18.213+0000] {logging_mixin.py:190} INFO - [2026-04-26T12:08:18.212+0000] {dagbag.py:588} INFO - Filling up the DagBag from /opt/airflow/dags/kafka_load.py
[2026-04-26T12:08:18.252+0000] {processor.py:925} INFO - DAG(s) 'kafka_producer' retrieved from /opt/airflow/dags/kafka_load.py
[2026-04-26T12:08:18.278+0000] {logging_mixin.py:190} INFO - [2026-04-26T12:08:18.277+0000] {dag.py:3239} INFO - Sync 1 DAGs
[2026-04-26T12:08:18.310+0000] {logging_mixin.py:190} INFO - [2026-04-26T12:08:18.310+0000] {dag.py:4180} INFO - Setting next_dagrun for kafka_producer to 2026-04-25 18:30:00+00:00, run_after=2026-04-26 18:30:00+00:00
[2026-04-26T12:08:18.344+0000] {processor.py:208} INFO - Processing /opt/airflow/dags/kafka_load.py took 0.150 seconds
[2026-04-26T12:08:48.781+0000] {processor.py:186} INFO - Started process (PID=1142) to work on /opt/airflow/dags/kafka_load.py
[2026-04-26T12:08:48.783+0000] {processor.py:914} INFO - Processing file /opt/airflow/dags/kafka_load.py for tasks to queue
[2026-04-26T12:08:48.787+0000] {logging_mixin.py:190} INFO - [2026-04-26T12:08:48.786+0000] {dagbag.py:588} INFO - Filling up the DagBag from /opt/airflow/dags/kafka_load.py
[2026-04-26T12:08:48.828+0000] {processor.py:925} INFO - DAG(s) 'kafka_producer' retrieved from /opt/airflow/dags/kafka_load.py
[2026-04-26T12:08:48.864+0000] {logging_mixin.py:190} INFO - [2026-04-26T12:08:48.863+0000] {dag.py:3239} INFO - Sync 1 DAGs
[2026-04-26T12:08:48.904+0000] {logging_mixin.py:190} INFO - [2026-04-26T12:08:48.903+0000] {dag.py:4180} INFO - Setting next_dagrun for kafka_producer to 2026-04-25 18:30:00+00:00, run_after=2026-04-26 18:30:00+00:00
[2026-04-26T12:08:49.430+0000] {processor.py:208} INFO - Processing /opt/airflow/dags/kafka_load.py took 0.659 seconds
[2026-04-26T12:09:19.905+0000] {processor.py:186} INFO - Started process (PID=1145) to work on /opt/airflow/dags/kafka_load.py
[2026-04-26T12:09:19.906+0000] {processor.py:914} INFO - Processing file /opt/airflow/dags/kafka_load.py for tasks to queue
[2026-04-26T12:09:19.911+0000] {logging_mixin.py:190} INFO - [2026-04-26T12:09:19.910+0000] {dagbag.py:588} INFO - Filling up the DagBag from /opt/airflow/dags/kafka_load.py
[2026-04-26T12:09:19.950+0000] {processor.py:925} INFO - DAG(s) 'kafka_producer' retrieved from /opt/airflow/dags/kafka_load.py
[2026-04-26T12:09:19.978+0000] {logging_mixin.py:190} INFO - [2026-04-26T12:09:19.978+0000] {dag.py:3239} INFO - Sync 1 DAGs
[2026-04-26T12:09:20.010+0000] {logging_mixin.py:190} INFO - [2026-04-26T12:09:20.010+0000] {dag.py:4180} INFO - Setting next_dagrun for kafka_producer to 2026-04-25 18:30:00+00:00, run_after=2026-04-26 18:30:00+00:00
[2026-04-26T12:09:20.038+0000] {processor.py:208} INFO - Processing /opt/airflow/dags/kafka_load.py took 0.145 seconds
[2026-04-26T12:09:50.548+0000] {processor.py:186} INFO - Started process (PID=1148) to work on /opt/airflow/dags/kafka_load.py
[2026-04-26T12:09:50.550+0000] {processor.py:914} INFO - Processing file /opt/airflow/dags/kafka_load.py for tasks to queue
[2026-04-26T12:09:50.555+0000] {logging_mixin.py:190} INFO - [2026-04-26T12:09:50.555+0000] {dagbag.py:588} INFO - Filling up the DagBag from /opt/airflow/dags/kafka_load.py
[2026-04-26T12:09:50.591+0000] {processor.py:925} INFO - DAG(s) 'kafka_producer' retrieved from /opt/airflow/dags/kafka_load.py
[2026-04-26T12:09:50.620+0000] {logging_mixin.py:190} INFO - [2026-04-26T12:09:50.619+0000] {dag.py:3239} INFO - Sync 1 DAGs
[2026-04-26T12:09:50.652+0000] {logging_mixin.py:190} INFO - [2026-04-26T12:09:50.652+0000] {dag.py:4180} INFO - Setting next_dagrun for kafka_producer to 2026-04-25 18:30:00+00:00, run_after=2026-04-26 18:30:00+00:00
[2026-04-26T12:09:50.678+0000] {processor.py:208} INFO - Processing /opt/airflow/dags/kafka_load.py took 0.140 seconds
[2026-04-26T12:10:21.065+0000] {processor.py:186} INFO - Started process (PID=1151) to work on /opt/airflow/dags/kafka_load.py
[2026-04-26T12:10:21.067+0000] {processor.py:914} INFO - Processing file /opt/airflow/dags/kafka_load.py for tasks to queue
[2026-04-26T12:10:21.070+0000] {logging_mixin.py:190} INFO - [2026-04-26T12:10:21.070+0000] {dagbag.py:588} INFO - Filling up the DagBag from /opt/airflow/dags/kafka_load.py
[2026-04-26T12:10:21.106+0000] {processor.py:925} INFO - DAG(s) 'kafka_producer' retrieved from /opt/airflow/dags/kafka_load.py
[2026-04-26T12:10:21.134+0000] {logging_mixin.py:190} INFO - [2026-04-26T12:10:21.133+0000] {dag.py:3239} INFO - Sync 1 DAGs
[2026-04-26T12:10:21.166+0000] {logging_mixin.py:190} INFO - [2026-04-26T12:10:21.166+0000] {dag.py:4180} INFO - Setting next_dagrun for kafka_producer to 2026-04-25 18:30:00+00:00, run_after=2026-04-26 18:30:00+00:00
[2026-04-26T12:10:21.191+0000] {processor.py:208} INFO - Processing /opt/airflow/dags/kafka_load.py took 0.137 seconds
[2026-04-26T12:10:51.659+0000] {processor.py:186} INFO - Started process (PID=1154) to work on /opt/airflow/dags/kafka_load.py
[2026-04-26T12:10:51.660+0000] {processor.py:914} INFO - Processing file /opt/airflow/dags/kafka_load.py for tasks to queue
[2026-04-26T12:10:51.667+0000] {logging_mixin.py:190} INFO - [2026-04-26T12:10:51.666+0000] {dagbag.py:588} INFO - Filling up the DagBag from /opt/airflow/dags/kafka_load.py
[2026-04-26T12:10:51.707+0000] {processor.py:925} INFO - DAG(s) 'kafka_producer' retrieved from /opt/airflow/dags/kafka_load.py
[2026-04-26T12:10:51.736+0000] {logging_mixin.py:190} INFO - [2026-04-26T12:10:51.736+0000] {dag.py:3239} INFO - Sync 1 DAGs
[2026-04-26T12:10:51.779+0000] {logging_mixin.py:190} INFO - [2026-04-26T12:10:51.779+0000] {dag.py:4180} INFO - Setting next_dagrun for kafka_producer to 2026-04-25 18:30:00+00:00, run_after=2026-04-26 18:30:00+00:00
[2026-04-26T12:10:51.814+0000] {processor.py:208} INFO - Processing /opt/airflow/dags/kafka_load.py took 0.165 seconds
[2026-04-26T12:11:22.177+0000] {processor.py:186} INFO - Started process (PID=1157) to work on /opt/airflow/dags/kafka_load.py
[2026-04-26T12:11:22.180+0000] {processor.py:914} INFO - Processing file /opt/airflow/dags/kafka_load.py for tasks to queue
[2026-04-26T12:11:22.184+0000] {logging_mixin.py:190} INFO - [2026-04-26T12:11:22.184+0000] {dagbag.py:588} INFO - Filling up the DagBag from /opt/airflow/dags/kafka_load.py
[2026-04-26T12:11:22.230+0000] {processor.py:925} INFO - DAG(s) 'kafka_producer' retrieved from /opt/airflow/dags/kafka_load.py
[2026-04-26T12:11:22.266+0000] {logging_mixin.py:190} INFO - [2026-04-26T12:11:22.266+0000] {dag.py:3239} INFO - Sync 1 DAGs
[2026-04-26T12:11:22.305+0000] {logging_mixin.py:190} INFO - [2026-04-26T12:11:22.305+0000] {dag.py:4180} INFO - Setting next_dagrun for kafka_producer to 2026-04-25 18:30:00+00:00, run_after=2026-04-26 18:30:00+00:00
[2026-04-26T12:11:22.338+0000] {processor.py:208} INFO - Processing /opt/airflow/dags/kafka_load.py took 0.173 seconds
[2026-04-26T12:11:52.715+0000] {processor.py:186} INFO - Started process (PID=1160) to work on /opt/airflow/dags/kafka_load.py
[2026-04-26T12:11:52.718+0000] {processor.py:914} INFO - Processing file /opt/airflow/dags/kafka_load.py for tasks to queue
[2026-04-26T12:11:52.722+0000] {logging_mixin.py:190} INFO - [2026-04-26T12:11:52.722+0000] {dagbag.py:588} INFO - Filling up the DagBag from /opt/airflow/dags/kafka_load.py
[2026-04-26T12:11:52.763+0000] {processor.py:925} INFO - DAG(s) 'kafka_producer' retrieved from /opt/airflow/dags/kafka_load.py
[2026-04-26T12:11:52.803+0000] {logging_mixin.py:190} INFO - [2026-04-26T12:11:52.803+0000] {dag.py:3239} INFO - Sync 1 DAGs
[2026-04-26T12:11:52.848+0000] {logging_mixin.py:190} INFO - [2026-04-26T12:11:52.848+0000] {dag.py:4180} INFO - Setting next_dagrun for kafka_producer to 2026-04-25 18:30:00+00:00, run_after=2026-04-26 18:30:00+00:00
[2026-04-26T12:11:52.892+0000] {processor.py:208} INFO - Processing /opt/airflow/dags/kafka_load.py took 0.188 seconds
[2026-04-26T12:12:23.269+0000] {processor.py:186} INFO - Started process (PID=1163) to work on /opt/airflow/dags/kafka_load.py
[2026-04-26T12:12:23.271+0000] {processor.py:914} INFO - Processing file /opt/airflow/dags/kafka_load.py for tasks to queue
[2026-04-26T12:12:23.286+0000] {logging_mixin.py:190} INFO - [2026-04-26T12:12:23.282+0000] {dagbag.py:588} INFO - Filling up the DagBag from /opt/airflow/dags/kafka_load.py
[2026-04-26T12:12:23.431+0000] {processor.py:925} INFO - DAG(s) 'kafka_producer' retrieved from /opt/airflow/dags/kafka_load.py
[2026-04-26T12:12:23.499+0000] {logging_mixin.py:190} INFO - [2026-04-26T12:12:23.499+0000] {dag.py:3239} INFO - Sync 1 DAGs
[2026-04-26T12:12:23.599+0000] {logging_mixin.py:190} INFO - [2026-04-26T12:12:23.598+0000] {dag.py:4180} INFO - Setting next_dagrun for kafka_producer to 2026-04-25 18:30:00+00:00, run_after=2026-04-26 18:30:00+00:00
[2026-04-26T12:12:23.681+0000] {processor.py:208} INFO - Processing /opt/airflow/dags/kafka_load.py took 0.427 seconds
[2026-04-26T12:12:54.088+0000] {processor.py:186} INFO - Started process (PID=1166) to work on /opt/airflow/dags/kafka_load.py
[2026-04-26T12:12:54.090+0000] {processor.py:914} INFO - Processing file /opt/airflow/dags/kafka_load.py for tasks to queue
[2026-04-26T12:12:54.095+0000] {logging_mixin.py:190} INFO - [2026-04-26T12:12:54.094+0000] {dagbag.py:588} INFO - Filling up the DagBag from /opt/airflow/dags/kafka_load.py
[2026-04-26T12:12:54.139+0000] {processor.py:925} INFO - DAG(s) 'kafka_producer' retrieved from /opt/airflow/dags/kafka_load.py
[2026-04-26T12:12:54.168+0000] {logging_mixin.py:190} INFO - [2026-04-26T12:12:54.168+0000] {dag.py:3239} INFO - Sync 1 DAGs
[2026-04-26T12:12:54.203+0000] {logging_mixin.py:190} INFO - [2026-04-26T12:12:54.202+0000] {dag.py:4180} INFO - Setting next_dagrun for kafka_producer to 2026-04-25 18:30:00+00:00, run_after=2026-04-26 18:30:00+00:00
[2026-04-26T12:12:54.254+0000] {processor.py:208} INFO - Processing /opt/airflow/dags/kafka_load.py took 0.176 seconds
[2026-04-26T12:13:24.722+0000] {processor.py:186} INFO - Started process (PID=1169) to work on /opt/airflow/dags/kafka_load.py
[2026-04-26T12:13:24.725+0000] {processor.py:914} INFO - Processing file /opt/airflow/dags/kafka_load.py for tasks to queue
[2026-04-26T12:13:24.729+0000] {logging_mixin.py:190} INFO - [2026-04-26T12:13:24.729+0000] {dagbag.py:588} INFO - Filling up the DagBag from /opt/airflow/dags/kafka_load.py
[2026-04-26T12:13:24.765+0000] {processor.py:925} INFO - DAG(s) 'kafka_producer' retrieved from /opt/airflow/dags/kafka_load.py
[2026-04-26T12:13:24.795+0000] {logging_mixin.py:190} INFO - [2026-04-26T12:13:24.795+0000] {dag.py:3239} INFO - Sync 1 DAGs
[2026-04-26T12:13:24.826+0000] {logging_mixin.py:190} INFO - [2026-04-26T12:13:24.826+0000] {dag.py:4180} INFO - Setting next_dagrun for kafka_producer to 2026-04-25 18:30:00+00:00, run_after=2026-04-26 18:30:00+00:00
[2026-04-26T12:13:24.852+0000] {processor.py:208} INFO - Processing /opt/airflow/dags/kafka_load.py took 0.139 seconds
[2026-04-26T12:13:55.231+0000] {processor.py:186} INFO - Started process (PID=1172) to work on /opt/airflow/dags/kafka_load.py
[2026-04-26T12:13:55.233+0000] {processor.py:914} INFO - Processing file /opt/airflow/dags/kafka_load.py for tasks to queue
[2026-04-26T12:13:55.237+0000] {logging_mixin.py:190} INFO - [2026-04-26T12:13:55.236+0000] {dagbag.py:588} INFO - Filling up the DagBag from /opt/airflow/dags/kafka_load.py
[2026-04-26T12:13:55.276+0000] {processor.py:925} INFO - DAG(s) 'kafka_producer' retrieved from /opt/airflow/dags/kafka_load.py
[2026-04-26T12:13:55.306+0000] {logging_mixin.py:190} INFO - [2026-04-26T12:13:55.306+0000] {dag.py:3239} INFO - Sync 1 DAGs
[2026-04-26T12:13:55.340+0000] {logging_mixin.py:190} INFO - [2026-04-26T12:13:55.340+0000] {dag.py:4180} INFO - Setting next_dagrun for kafka_producer to 2026-04-25 18:30:00+00:00, run_after=2026-04-26 18:30:00+00:00
[2026-04-26T12:13:55.367+0000] {processor.py:208} INFO - Processing /opt/airflow/dags/kafka_load.py took 0.146 seconds
[2026-04-26T12:14:25.901+0000] {processor.py:186} INFO - Started process (PID=1175) to work on /opt/airflow/dags/kafka_load.py
[2026-04-26T12:14:25.902+0000] {processor.py:914} INFO - Processing file /opt/airflow/dags/kafka_load.py for tasks to queue
[2026-04-26T12:14:25.907+0000] {logging_mixin.py:190} INFO - [2026-04-26T12:14:25.906+0000] {dagbag.py:588} INFO - Filling up the DagBag from /opt/airflow/dags/kafka_load.py
[2026-04-26T12:14:25.967+0000] {processor.py:925} INFO - DAG(s) 'kafka_producer' retrieved from /opt/airflow/dags/kafka_load.py
[2026-04-26T12:14:26.023+0000] {logging_mixin.py:190} INFO - [2026-04-26T12:14:26.023+0000] {dag.py:3239} INFO - Sync 1 DAGs
[2026-04-26T12:14:26.077+0000] {logging_mixin.py:190} INFO - [2026-04-26T12:14:26.075+0000] {dag.py:4180} INFO - Setting next_dagrun for kafka_producer to 2026-04-25 18:30:00+00:00, run_after=2026-04-26 18:30:00+00:00
[2026-04-26T12:14:26.117+0000] {processor.py:208} INFO - Processing /opt/airflow/dags/kafka_load.py took 0.236 seconds
[2026-04-26T12:14:56.485+0000] {processor.py:186} INFO - Started process (PID=1178) to work on /opt/airflow/dags/kafka_load.py
[2026-04-26T12:14:56.487+0000] {processor.py:914} INFO - Processing file /opt/airflow/dags/kafka_load.py for tasks to queue
[2026-04-26T12:14:56.491+0000] {logging_mixin.py:190} INFO - [2026-04-26T12:14:56.490+0000] {dagbag.py:588} INFO - Filling up the DagBag from /opt/airflow/dags/kafka_load.py
[2026-04-26T12:14:56.531+0000] {processor.py:925} INFO - DAG(s) 'kafka_producer' retrieved from /opt/airflow/dags/kafka_load.py
[2026-04-26T12:14:56.565+0000] {logging_mixin.py:190} INFO - [2026-04-26T12:14:56.564+0000] {dag.py:3239} INFO - Sync 1 DAGs
[2026-04-26T12:14:56.598+0000] {logging_mixin.py:190} INFO - [2026-04-26T12:14:56.598+0000] {dag.py:4180} INFO - Setting next_dagrun for kafka_producer to 2026-04-25 18:30:00+00:00, run_after=2026-04-26 18:30:00+00:00
[2026-04-26T12:14:56.627+0000] {processor.py:208} INFO - Processing /opt/airflow/dags/kafka_load.py took 0.152 seconds
[2026-04-26T12:15:26.985+0000] {processor.py:186} INFO - Started process (PID=1181) to work on /opt/airflow/dags/kafka_load.py
[2026-04-26T12:15:26.986+0000] {processor.py:914} INFO - Processing file /opt/airflow/dags/kafka_load.py for tasks to queue
[2026-04-26T12:15:26.995+0000] {logging_mixin.py:190} INFO - [2026-04-26T12:15:26.994+0000] {dagbag.py:588} INFO - Filling up the DagBag from /opt/airflow/dags/kafka_load.py
[2026-04-26T12:15:27.036+0000] {processor.py:925} INFO - DAG(s) 'kafka_producer' retrieved from /opt/airflow/dags/kafka_load.py
[2026-04-26T12:15:27.068+0000] {logging_mixin.py:190} INFO - [2026-04-26T12:15:27.068+0000] {dag.py:3239} INFO - Sync 1 DAGs
[2026-04-26T12:15:27.108+0000] {logging_mixin.py:190} INFO - [2026-04-26T12:15:27.108+0000] {dag.py:4180} INFO - Setting next_dagrun for kafka_producer to 2026-04-25 18:30:00+00:00, run_after=2026-04-26 18:30:00+00:00
[2026-04-26T12:15:27.142+0000] {processor.py:208} INFO - Processing /opt/airflow/dags/kafka_load.py took 0.167 seconds
[2026-04-26T12:15:57.547+0000] {processor.py:186} INFO - Started process (PID=1184) to work on /opt/airflow/dags/kafka_load.py
[2026-04-26T12:15:57.551+0000] {processor.py:914} INFO - Processing file /opt/airflow/dags/kafka_load.py for tasks to queue
[2026-04-26T12:15:57.557+0000] {logging_mixin.py:190} INFO - [2026-04-26T12:15:57.557+0000] {dagbag.py:588} INFO - Filling up the DagBag from /opt/airflow/dags/kafka_load.py
[2026-04-26T12:15:57.605+0000] {processor.py:925} INFO - DAG(s) 'kafka_producer' retrieved from /opt/airflow/dags/kafka_load.py
[2026-04-26T12:15:57.632+0000] {logging_mixin.py:190} INFO - [2026-04-26T12:15:57.631+0000] {dag.py:3239} INFO - Sync 1 DAGs
[2026-04-26T12:15:57.684+0000] {logging_mixin.py:190} INFO - [2026-04-26T12:15:57.683+0000] {dag.py:4180} INFO - Setting next_dagrun for kafka_producer to 2026-04-25 18:30:00+00:00, run_after=2026-04-26 18:30:00+00:00
[2026-04-26T12:15:57.760+0000] {processor.py:208} INFO - Processing /opt/airflow/dags/kafka_load.py took 0.227 seconds
[2026-04-26T12:16:28.141+0000] {processor.py:186} INFO - Started process (PID=1187) to work on /opt/airflow/dags/kafka_load.py
[2026-04-26T12:16:28.143+0000] {processor.py:914} INFO - Processing file /opt/airflow/dags/kafka_load.py for tasks to queue
[2026-04-26T12:16:28.146+0000] {logging_mixin.py:190} INFO - [2026-04-26T12:16:28.146+0000] {dagbag.py:588} INFO - Filling up the DagBag from /opt/airflow/dags/kafka_load.py
[2026-04-26T12:16:28.190+0000] {processor.py:925} INFO - DAG(s) 'kafka_producer' retrieved from /opt/airflow/dags/kafka_load.py
[2026-04-26T12:16:28.220+0000] {logging_mixin.py:190} INFO - [2026-04-26T12:16:28.220+0000] {dag.py:3239} INFO - Sync 1 DAGs
[2026-04-26T12:16:28.252+0000] {logging_mixin.py:190} INFO - [2026-04-26T12:16:28.252+0000] {dag.py:4180} INFO - Setting next_dagrun for kafka_producer to 2026-04-25 18:30:00+00:00, run_after=2026-04-26 18:30:00+00:00
[2026-04-26T12:16:28.285+0000] {processor.py:208} INFO - Processing /opt/airflow/dags/kafka_load.py took 0.154 seconds
[2026-04-26T12:16:58.751+0000] {processor.py:186} INFO - Started process (PID=1190) to work on /opt/airflow/dags/kafka_load.py
[2026-04-26T12:16:58.753+0000] {processor.py:914} INFO - Processing file /opt/airflow/dags/kafka_load.py for tasks to queue
[2026-04-26T12:16:58.756+0000] {logging_mixin.py:190} INFO - [2026-04-26T12:16:58.756+0000] {dagbag.py:588} INFO - Filling up the DagBag from /opt/airflow/dags/kafka_load.py
[2026-04-26T12:16:58.799+0000] {processor.py:925} INFO - DAG(s) 'kafka_producer' retrieved from /opt/airflow/dags/kafka_load.py
[2026-04-26T12:16:58.835+0000] {logging_mixin.py:190} INFO - [2026-04-26T12:16:58.835+0000] {dag.py:3239} INFO - Sync 1 DAGs
[2026-04-26T12:16:58.875+0000] {logging_mixin.py:190} INFO - [2026-04-26T12:16:58.874+0000] {dag.py:4180} INFO - Setting next_dagrun for kafka_producer to 2026-04-25 18:30:00+00:00, run_after=2026-04-26 18:30:00+00:00
[2026-04-26T12:16:58.914+0000] {processor.py:208} INFO - Processing /opt/airflow/dags/kafka_load.py took 0.174 seconds
[2026-04-26T12:17:29.350+0000] {processor.py:186} INFO - Started process (PID=1193) to work on /opt/airflow/dags/kafka_load.py
[2026-04-26T12:17:29.352+0000] {processor.py:914} INFO - Processing file /opt/airflow/dags/kafka_load.py for tasks to queue
[2026-04-26T12:17:29.355+0000] {logging_mixin.py:190} INFO - [2026-04-26T12:17:29.355+0000] {dagbag.py:588} INFO - Filling up the DagBag from /opt/airflow/dags/kafka_load.py
[2026-04-26T12:17:29.401+0000] {processor.py:925} INFO - DAG(s) 'kafka_producer' retrieved from /opt/airflow/dags/kafka_load.py
[2026-04-26T12:17:29.429+0000] {logging_mixin.py:190} INFO - [2026-04-26T12:17:29.429+0000] {dag.py:3239} INFO - Sync 1 DAGs
[2026-04-26T12:17:29.461+0000] {logging_mixin.py:190} INFO - [2026-04-26T12:17:29.460+0000] {dag.py:4180} INFO - Setting next_dagrun for kafka_producer to 2026-04-25 18:30:00+00:00, run_after=2026-04-26 18:30:00+00:00
[2026-04-26T12:17:29.489+0000] {processor.py:208} INFO - Processing /opt/airflow/dags/kafka_load.py took 0.150 seconds
[2026-04-26T12:18:00.066+0000] {processor.py:186} INFO - Started process (PID=1196) to work on /opt/airflow/dags/kafka_load.py
[2026-04-26T12:18:00.080+0000] {processor.py:914} INFO - Processing file /opt/airflow/dags/kafka_load.py for tasks to queue
[2026-04-26T12:18:00.085+0000] {logging_mixin.py:190} INFO - [2026-04-26T12:18:00.084+0000] {dagbag.py:588} INFO - Filling up the DagBag from /opt/airflow/dags/kafka_load.py
[2026-04-26T12:18:00.171+0000] {processor.py:925} INFO - DAG(s) 'kafka_producer' retrieved from /opt/airflow/dags/kafka_load.py
[2026-04-26T12:18:00.249+0000] {logging_mixin.py:190} INFO - [2026-04-26T12:18:00.249+0000] {dag.py:3239} INFO - Sync 1 DAGs
[2026-04-26T12:18:00.308+0000] {logging_mixin.py:190} INFO - [2026-04-26T12:18:00.307+0000] {dag.py:4180} INFO - Setting next_dagrun for kafka_producer to 2026-04-25 18:30:00+00:00, run_after=2026-04-26 18:30:00+00:00
[2026-04-26T12:18:00.360+0000] {processor.py:208} INFO - Processing /opt/airflow/dags/kafka_load.py took 0.312 seconds
[2026-04-26T12:18:30.781+0000] {processor.py:186} INFO - Started process (PID=1199) to work on /opt/airflow/dags/kafka_load.py
[2026-04-26T12:18:30.782+0000] {processor.py:914} INFO - Processing file /opt/airflow/dags/kafka_load.py for tasks to queue
[2026-04-26T12:18:30.786+0000] {logging_mixin.py:190} INFO - [2026-04-26T12:18:30.785+0000] {dagbag.py:588} INFO - Filling up the DagBag from /opt/airflow/dags/kafka_load.py
[2026-04-26T12:18:30.831+0000] {processor.py:925} INFO - DAG(s) 'kafka_producer' retrieved from /opt/airflow/dags/kafka_load.py
[2026-04-26T12:18:30.862+0000] {logging_mixin.py:190} INFO - [2026-04-26T12:18:30.862+0000] {dag.py:3239} INFO - Sync 1 DAGs
[2026-04-26T12:18:30.900+0000] {logging_mixin.py:190} INFO - [2026-04-26T12:18:30.900+0000] {dag.py:4180} INFO - Setting next_dagrun for kafka_producer to 2026-04-25 18:30:00+00:00, run_after=2026-04-26 18:30:00+00:00
[2026-04-26T12:18:30.931+0000] {processor.py:208} INFO - Processing /opt/airflow/dags/kafka_load.py took 0.162 seconds
[2026-04-26T12:19:01.352+0000] {processor.py:186} INFO - Started process (PID=1202) to work on /opt/airflow/dags/kafka_load.py
[2026-04-26T12:19:01.355+0000] {processor.py:914} INFO - Processing file /opt/airflow/dags/kafka_load.py for tasks to queue
[2026-04-26T12:19:01.361+0000] {logging_mixin.py:190} INFO - [2026-04-26T12:19:01.360+0000] {dagbag.py:588} INFO - Filling up the DagBag from /opt/airflow/dags/kafka_load.py
[2026-04-26T12:19:01.410+0000] {processor.py:925} INFO - DAG(s) 'kafka_producer' retrieved from /opt/airflow/dags/kafka_load.py
[2026-04-26T12:19:01.443+0000] {logging_mixin.py:190} INFO - [2026-04-26T12:19:01.443+0000] {dag.py:3239} INFO - Sync 1 DAGs
[2026-04-26T12:19:01.477+0000] {logging_mixin.py:190} INFO - [2026-04-26T12:19:01.474+0000] {dag.py:4180} INFO - Setting next_dagrun for kafka_producer to 2026-04-25 18:30:00+00:00, run_after=2026-04-26 18:30:00+00:00
[2026-04-26T12:19:01.518+0000] {processor.py:208} INFO - Processing /opt/airflow/dags/kafka_load.py took 0.186 seconds
[2026-04-26T12:19:32.065+0000] {processor.py:186} INFO - Started process (PID=1205) to work on /opt/airflow/dags/kafka_load.py
[2026-04-26T12:19:32.067+0000] {processor.py:914} INFO - Processing file /opt/airflow/dags/kafka_load.py for tasks to queue
[2026-04-26T12:19:32.072+0000] {logging_mixin.py:190} INFO - [2026-04-26T12:19:32.070+0000] {dagbag.py:588} INFO - Filling up the DagBag from /opt/airflow/dags/kafka_load.py
[2026-04-26T12:19:32.119+0000] {processor.py:925} INFO - DAG(s) 'kafka_producer' retrieved from /opt/airflow/dags/kafka_load.py
[2026-04-26T12:19:32.150+0000] {logging_mixin.py:190} INFO - [2026-04-26T12:19:32.149+0000] {dag.py:3239} INFO - Sync 1 DAGs
[2026-04-26T12:19:32.206+0000] {logging_mixin.py:190} INFO - [2026-04-26T12:19:32.206+0000] {dag.py:4180} INFO - Setting next_dagrun for kafka_producer to 2026-04-25 18:30:00+00:00, run_after=2026-04-26 18:30:00+00:00
[2026-04-26T12:19:32.246+0000] {processor.py:208} INFO - Processing /opt/airflow/dags/kafka_load.py took 0.194 seconds
[2026-04-26T12:20:02.627+0000] {processor.py:186} INFO - Started process (PID=1208) to work on /opt/airflow/dags/kafka_load.py
[2026-04-26T12:20:02.629+0000] {processor.py:914} INFO - Processing file /opt/airflow/dags/kafka_load.py for tasks to queue
[2026-04-26T12:20:02.632+0000] {logging_mixin.py:190} INFO - [2026-04-26T12:20:02.632+0000] {dagbag.py:588} INFO - Filling up the DagBag from /opt/airflow/dags/kafka_load.py
[2026-04-26T12:20:02.667+0000] {processor.py:925} INFO - DAG(s) 'kafka_producer' retrieved from /opt/airflow/dags/kafka_load.py
[2026-04-26T12:20:02.696+0000] {logging_mixin.py:190} INFO - [2026-04-26T12:20:02.696+0000] {dag.py:3239} INFO - Sync 1 DAGs
[2026-04-26T12:20:02.736+0000] {logging_mixin.py:190} INFO - [2026-04-26T12:20:02.736+0000] {dag.py:4180} INFO - Setting next_dagrun for kafka_producer to 2026-04-25 18:30:00+00:00, run_after=2026-04-26 18:30:00+00:00
[2026-04-26T12:20:02.762+0000] {processor.py:208} INFO - Processing /opt/airflow/dags/kafka_load.py took 0.145 seconds
[2026-04-26T12:20:33.208+0000] {processor.py:186} INFO - Started process (PID=1211) to work on /opt/airflow/dags/kafka_load.py
[2026-04-26T12:20:33.210+0000] {processor.py:914} INFO - Processing file /opt/airflow/dags/kafka_load.py for tasks to queue
[2026-04-26T12:20:33.214+0000] {logging_mixin.py:190} INFO - [2026-04-26T12:20:33.214+0000] {dagbag.py:588} INFO - Filling up the DagBag from /opt/airflow/dags/kafka_load.py
[2026-04-26T12:20:33.252+0000] {processor.py:925} INFO - DAG(s) 'kafka_producer' retrieved from /opt/airflow/dags/kafka_load.py
[2026-04-26T12:20:33.279+0000] {logging_mixin.py:190} INFO - [2026-04-26T12:20:33.278+0000] {dag.py:3239} INFO - Sync 1 DAGs
[2026-04-26T12:20:33.334+0000] {logging_mixin.py:190} INFO - [2026-04-26T12:20:33.334+0000] {dag.py:4180} INFO - Setting next_dagrun for kafka_producer to 2026-04-25 18:30:00+00:00, run_after=2026-04-26 18:30:00+00:00
[2026-04-26T12:20:33.362+0000] {processor.py:208} INFO - Processing /opt/airflow/dags/kafka_load.py took 0.164 seconds
[2026-04-26T12:21:03.751+0000] {processor.py:186} INFO - Started process (PID=1214) to work on /opt/airflow/dags/kafka_load.py
[2026-04-26T12:21:03.754+0000] {processor.py:914} INFO - Processing file /opt/airflow/dags/kafka_load.py for tasks to queue
[2026-04-26T12:21:03.765+0000] {logging_mixin.py:190} INFO - [2026-04-26T12:21:03.764+0000] {dagbag.py:588} INFO - Filling up the DagBag from /opt/airflow/dags/kafka_load.py
[2026-04-26T12:21:03.825+0000] {processor.py:925} INFO - DAG(s) 'kafka_producer' retrieved from /opt/airflow/dags/kafka_load.py
[2026-04-26T12:21:03.894+0000] {logging_mixin.py:190} INFO - [2026-04-26T12:21:03.894+0000] {dag.py:3239} INFO - Sync 1 DAGs
[2026-04-26T12:21:03.963+0000] {logging_mixin.py:190} INFO - [2026-04-26T12:21:03.963+0000] {dag.py:4180} INFO - Setting next_dagrun for kafka_producer to 2026-04-25 18:30:00+00:00, run_after=2026-04-26 18:30:00+00:00
[2026-04-26T12:21:04.009+0000] {processor.py:208} INFO - Processing /opt/airflow/dags/kafka_load.py took 0.270 seconds
[2026-04-26T12:21:34.418+0000] {processor.py:186} INFO - Started process (PID=1217) to work on /opt/airflow/dags/kafka_load.py
[2026-04-26T12:21:34.420+0000] {processor.py:914} INFO - Processing file /opt/airflow/dags/kafka_load.py for tasks to queue
[2026-04-26T12:21:34.423+0000] {logging_mixin.py:190} INFO - [2026-04-26T12:21:34.423+0000] {dagbag.py:588} INFO - Filling up the DagBag from /opt/airflow/dags/kafka_load.py
[2026-04-26T12:21:34.468+0000] {processor.py:925} INFO - DAG(s) 'kafka_producer' retrieved from /opt/airflow/dags/kafka_load.py
[2026-04-26T12:21:34.496+0000] {logging_mixin.py:190} INFO - [2026-04-26T12:21:34.495+0000] {dag.py:3239} INFO - Sync 1 DAGs
[2026-04-26T12:21:34.526+0000] {logging_mixin.py:190} INFO - [2026-04-26T12:21:34.526+0000] {dag.py:4180} INFO - Setting next_dagrun for kafka_producer to 2026-04-25 18:30:00+00:00, run_after=2026-04-26 18:30:00+00:00
[2026-04-26T12:21:35.212+0000] {processor.py:208} INFO - Processing /opt/airflow/dags/kafka_load.py took 0.803 seconds
[2026-04-26T12:22:05.670+0000] {processor.py:186} INFO - Started process (PID=1220) to work on /opt/airflow/dags/kafka_load.py
[2026-04-26T12:22:05.671+0000] {processor.py:914} INFO - Processing file /opt/airflow/dags/kafka_load.py for tasks to queue
[2026-04-26T12:22:05.675+0000] {logging_mixin.py:190} INFO - [2026-04-26T12:22:05.674+0000] {dagbag.py:588} INFO - Filling up the DagBag from /opt/airflow/dags/kafka_load.py
[2026-04-26T12:22:05.723+0000] {processor.py:925} INFO - DAG(s) 'kafka_producer' retrieved from /opt/airflow/dags/kafka_load.py
[2026-04-26T12:22:05.754+0000] {logging_mixin.py:190} INFO - [2026-04-26T12:22:05.754+0000] {dag.py:3239} INFO - Sync 1 DAGs
[2026-04-26T12:22:05.788+0000] {logging_mixin.py:190} INFO - [2026-04-26T12:22:05.788+0000] {dag.py:4180} INFO - Setting next_dagrun for kafka_producer to 2026-04-25 18:30:00+00:00, run_after=2026-04-26 18:30:00+00:00
[2026-04-26T12:22:05.818+0000] {processor.py:208} INFO - Processing /opt/airflow/dags/kafka_load.py took 0.158 seconds
[2026-04-26T12:22:36.208+0000] {processor.py:186} INFO - Started process (PID=1223) to work on /opt/airflow/dags/kafka_load.py
[2026-04-26T12:22:36.212+0000] {processor.py:914} INFO - Processing file /opt/airflow/dags/kafka_load.py for tasks to queue
[2026-04-26T12:22:36.217+0000] {logging_mixin.py:190} INFO - [2026-04-26T12:22:36.216+0000] {dagbag.py:588} INFO - Filling up the DagBag from /opt/airflow/dags/kafka_load.py
[2026-04-26T12:22:36.270+0000] {processor.py:925} INFO - DAG(s) 'kafka_producer' retrieved from /opt/airflow/dags/kafka_load.py
[2026-04-26T12:22:36.321+0000] {logging_mixin.py:190} INFO - [2026-04-26T12:22:36.320+0000] {dag.py:3239} INFO - Sync 1 DAGs
[2026-04-26T12:22:36.370+0000] {logging_mixin.py:190} INFO - [2026-04-26T12:22:36.369+0000] {dag.py:4180} INFO - Setting next_dagrun for kafka_producer to 2026-04-25 18:30:00+00:00, run_after=2026-04-26 18:30:00+00:00
[2026-04-26T12:22:36.414+0000] {processor.py:208} INFO - Processing /opt/airflow/dags/kafka_load.py took 0.216 seconds
[2026-04-26T12:23:06.917+0000] {processor.py:186} INFO - Started process (PID=1226) to work on /opt/airflow/dags/kafka_load.py
[2026-04-26T12:23:06.919+0000] {processor.py:914} INFO - Processing file /opt/airflow/dags/kafka_load.py for tasks to queue
[2026-04-26T12:23:06.922+0000] {logging_mixin.py:190} INFO - [2026-04-26T12:23:06.922+0000] {dagbag.py:588} INFO - Filling up the DagBag from /opt/airflow/dags/kafka_load.py
[2026-04-26T12:23:06.993+0000] {processor.py:925} INFO - DAG(s) 'kafka_producer' retrieved from /opt/airflow/dags/kafka_load.py
[2026-04-26T12:23:07.048+0000] {logging_mixin.py:190} INFO - [2026-04-26T12:23:07.047+0000] {dag.py:3239} INFO - Sync 1 DAGs
[2026-04-26T12:23:07.090+0000] {logging_mixin.py:190} INFO - [2026-04-26T12:23:07.089+0000] {dag.py:4180} INFO - Setting next_dagrun for kafka_producer to 2026-04-25 18:30:00+00:00, run_after=2026-04-26 18:30:00+00:00
[2026-04-26T12:23:07.132+0000] {processor.py:208} INFO - Processing /opt/airflow/dags/kafka_load.py took 0.226 seconds
[2026-04-26T12:23:37.501+0000] {processor.py:186} INFO - Started process (PID=1229) to work on /opt/airflow/dags/kafka_load.py
[2026-04-26T12:23:37.504+0000] {processor.py:914} INFO - Processing file /opt/airflow/dags/kafka_load.py for tasks to queue
[2026-04-26T12:23:37.508+0000] {logging_mixin.py:190} INFO - [2026-04-26T12:23:37.507+0000] {dagbag.py:588} INFO - Filling up the DagBag from /opt/airflow/dags/kafka_load.py
[2026-04-26T12:23:37.548+0000] {processor.py:925} INFO - DAG(s) 'kafka_producer' retrieved from /opt/airflow/dags/kafka_load.py
[2026-04-26T12:23:37.579+0000] {logging_mixin.py:190} INFO - [2026-04-26T12:23:37.579+0000] {dag.py:3239} INFO - Sync 1 DAGs
[2026-04-26T12:23:37.613+0000] {logging_mixin.py:190} INFO - [2026-04-26T12:23:37.613+0000] {dag.py:4180} INFO - Setting next_dagrun for kafka_producer to 2026-04-25 18:30:00+00:00, run_after=2026-04-26 18:30:00+00:00
[2026-04-26T12:23:37.641+0000] {processor.py:208} INFO - Processing /opt/airflow/dags/kafka_load.py took 0.150 seconds
[2026-04-26T12:24:08.125+0000] {processor.py:186} INFO - Started process (PID=1232) to work on /opt/airflow/dags/kafka_load.py
[2026-04-26T12:24:08.127+0000] {processor.py:914} INFO - Processing file /opt/airflow/dags/kafka_load.py for tasks to queue
[2026-04-26T12:24:08.131+0000] {logging_mixin.py:190} INFO - [2026-04-26T12:24:08.130+0000] {dagbag.py:588} INFO - Filling up the DagBag from /opt/airflow/dags/kafka_load.py
[2026-04-26T12:24:08.169+0000] {processor.py:925} INFO - DAG(s) 'kafka_producer' retrieved from /opt/airflow/dags/kafka_load.py
[2026-04-26T12:24:08.243+0000] {logging_mixin.py:190} INFO - [2026-04-26T12:24:08.243+0000] {dag.py:3239} INFO - Sync 1 DAGs
[2026-04-26T12:24:08.286+0000] {logging_mixin.py:190} INFO - [2026-04-26T12:24:08.285+0000] {dag.py:4180} INFO - Setting next_dagrun for kafka_producer to 2026-04-25 18:30:00+00:00, run_after=2026-04-26 18:30:00+00:00
[2026-04-26T12:24:08.321+0000] {processor.py:208} INFO - Processing /opt/airflow/dags/kafka_load.py took 0.211 seconds
[2026-04-26T12:24:38.745+0000] {processor.py:186} INFO - Started process (PID=1235) to work on /opt/airflow/dags/kafka_load.py
[2026-04-26T12:24:38.747+0000] {processor.py:914} INFO - Processing file /opt/airflow/dags/kafka_load.py for tasks to queue
[2026-04-26T12:24:38.751+0000] {logging_mixin.py:190} INFO - [2026-04-26T12:24:38.750+0000] {dagbag.py:588} INFO - Filling up the DagBag from /opt/airflow/dags/kafka_load.py
[2026-04-26T12:24:38.791+0000] {processor.py:925} INFO - DAG(s) 'kafka_producer' retrieved from /opt/airflow/dags/kafka_load.py
[2026-04-26T12:24:38.824+0000] {logging_mixin.py:190} INFO - [2026-04-26T12:24:38.823+0000] {dag.py:3239} INFO - Sync 1 DAGs
[2026-04-26T12:24:38.858+0000] {logging_mixin.py:190} INFO - [2026-04-26T12:24:38.857+0000] {dag.py:4180} INFO - Setting next_dagrun for kafka_producer to 2026-04-25 18:30:00+00:00, run_after=2026-04-26 18:30:00+00:00
[2026-04-26T12:24:38.883+0000] {processor.py:208} INFO - Processing /opt/airflow/dags/kafka_load.py took 0.148 seconds
[2026-04-26T12:25:09.338+0000] {processor.py:186} INFO - Started process (PID=1238) to work on /opt/airflow/dags/kafka_load.py
[2026-04-26T12:25:09.340+0000] {processor.py:914} INFO - Processing file /opt/airflow/dags/kafka_load.py for tasks to queue
[2026-04-26T12:25:09.344+0000] {logging_mixin.py:190} INFO - [2026-04-26T12:25:09.343+0000] {dagbag.py:588} INFO - Filling up the DagBag from /opt/airflow/dags/kafka_load.py
[2026-04-26T12:25:09.378+0000] {processor.py:925} INFO - DAG(s) 'kafka_producer' retrieved from /opt/airflow/dags/kafka_load.py
[2026-04-26T12:25:09.408+0000] {logging_mixin.py:190} INFO - [2026-04-26T12:25:09.407+0000] {dag.py:3239} INFO - Sync 1 DAGs
[2026-04-26T12:25:09.441+0000] {logging_mixin.py:190} INFO - [2026-04-26T12:25:09.440+0000] {dag.py:4180} INFO - Setting next_dagrun for kafka_producer to 2026-04-25 18:30:00+00:00, run_after=2026-04-26 18:30:00+00:00
[2026-04-26T12:25:09.469+0000] {processor.py:208} INFO - Processing /opt/airflow/dags/kafka_load.py took 0.143 seconds
[2026-04-26T12:25:39.857+0000] {processor.py:186} INFO - Started process (PID=1241) to work on /opt/airflow/dags/kafka_load.py
[2026-04-26T12:25:39.858+0000] {processor.py:914} INFO - Processing file /opt/airflow/dags/kafka_load.py for tasks to queue
[2026-04-26T12:25:39.862+0000] {logging_mixin.py:190} INFO - [2026-04-26T12:25:39.861+0000] {dagbag.py:588} INFO - Filling up the DagBag from /opt/airflow/dags/kafka_load.py
[2026-04-26T12:25:39.899+0000] {processor.py:925} INFO - DAG(s) 'kafka_producer' retrieved from /opt/airflow/dags/kafka_load.py
[2026-04-26T12:25:39.929+0000] {logging_mixin.py:190} INFO - [2026-04-26T12:25:39.928+0000] {dag.py:3239} INFO - Sync 1 DAGs
[2026-04-26T12:25:39.960+0000] {logging_mixin.py:190} INFO - [2026-04-26T12:25:39.959+0000] {dag.py:4180} INFO - Setting next_dagrun for kafka_producer to 2026-04-25 18:30:00+00:00, run_after=2026-04-26 18:30:00+00:00
[2026-04-26T12:25:39.985+0000] {processor.py:208} INFO - Processing /opt/airflow/dags/kafka_load.py took 0.139 seconds
[2026-04-26T12:26:10.402+0000] {processor.py:186} INFO - Started process (PID=1244) to work on /opt/airflow/dags/kafka_load.py
[2026-04-26T12:26:10.404+0000] {processor.py:914} INFO - Processing file /opt/airflow/dags/kafka_load.py for tasks to queue
[2026-04-26T12:26:10.407+0000] {logging_mixin.py:190} INFO - [2026-04-26T12:26:10.407+0000] {dagbag.py:588} INFO - Filling up the DagBag from /opt/airflow/dags/kafka_load.py
[2026-04-26T12:26:10.446+0000] {processor.py:925} INFO - DAG(s) 'kafka_producer' retrieved from /opt/airflow/dags/kafka_load.py
[2026-04-26T12:26:10.475+0000] {logging_mixin.py:190} INFO - [2026-04-26T12:26:10.475+0000] {dag.py:3239} INFO - Sync 1 DAGs
[2026-04-26T12:26:10.510+0000] {logging_mixin.py:190} INFO - [2026-04-26T12:26:10.509+0000] {dag.py:4180} INFO - Setting next_dagrun for kafka_producer to 2026-04-25 18:30:00+00:00, run_after=2026-04-26 18:30:00+00:00
[2026-04-26T12:26:10.537+0000] {processor.py:208} INFO - Processing /opt/airflow/dags/kafka_load.py took 0.145 seconds
[2026-04-26T12:26:40.927+0000] {processor.py:186} INFO - Started process (PID=1247) to work on /opt/airflow/dags/kafka_load.py
[2026-04-26T12:26:40.929+0000] {processor.py:914} INFO - Processing file /opt/airflow/dags/kafka_load.py for tasks to queue
[2026-04-26T12:26:40.932+0000] {logging_mixin.py:190} INFO - [2026-04-26T12:26:40.931+0000] {dagbag.py:588} INFO - Filling up the DagBag from /opt/airflow/dags/kafka_load.py
[2026-04-26T12:26:40.968+0000] {processor.py:925} INFO - DAG(s) 'kafka_producer' retrieved from /opt/airflow/dags/kafka_load.py
[2026-04-26T12:26:41.020+0000] {logging_mixin.py:190} INFO - [2026-04-26T12:26:41.019+0000] {dag.py:3239} INFO - Sync 1 DAGs
[2026-04-26T12:26:41.080+0000] {logging_mixin.py:190} INFO - [2026-04-26T12:26:41.080+0000] {dag.py:4180} INFO - Setting next_dagrun for kafka_producer to 2026-04-25 18:30:00+00:00, run_after=2026-04-26 18:30:00+00:00
[2026-04-26T12:26:41.134+0000] {processor.py:208} INFO - Processing /opt/airflow/dags/kafka_load.py took 0.219 seconds
[2026-04-26T12:27:11.586+0000] {processor.py:186} INFO - Started process (PID=1250) to work on /opt/airflow/dags/kafka_load.py
[2026-04-26T12:27:11.588+0000] {processor.py:914} INFO - Processing file /opt/airflow/dags/kafka_load.py for tasks to queue
[2026-04-26T12:27:11.591+0000] {logging_mixin.py:190} INFO - [2026-04-26T12:27:11.591+0000] {dagbag.py:588} INFO - Filling up the DagBag from /opt/airflow/dags/kafka_load.py
[2026-04-26T12:27:11.630+0000] {processor.py:925} INFO - DAG(s) 'kafka_producer' retrieved from /opt/airflow/dags/kafka_load.py
[2026-04-26T12:27:11.666+0000] {logging_mixin.py:190} INFO - [2026-04-26T12:27:11.665+0000] {dag.py:3239} INFO - Sync 1 DAGs
[2026-04-26T12:27:11.702+0000] {logging_mixin.py:190} INFO - [2026-04-26T12:27:11.702+0000] {dag.py:4180} INFO - Setting next_dagrun for kafka_producer to 2026-04-25 18:30:00+00:00, run_after=2026-04-26 18:30:00+00:00
[2026-04-26T12:27:11.732+0000] {processor.py:208} INFO - Processing /opt/airflow/dags/kafka_load.py took 0.158 seconds
[2026-04-26T12:27:42.169+0000] {processor.py:186} INFO - Started process (PID=1253) to work on /opt/airflow/dags/kafka_load.py
[2026-04-26T12:27:42.171+0000] {processor.py:914} INFO - Processing file /opt/airflow/dags/kafka_load.py for tasks to queue
[2026-04-26T12:27:42.174+0000] {logging_mixin.py:190} INFO - [2026-04-26T12:27:42.174+0000] {dagbag.py:588} INFO - Filling up the DagBag from /opt/airflow/dags/kafka_load.py
[2026-04-26T12:27:42.226+0000] {processor.py:925} INFO - DAG(s) 'kafka_producer' retrieved from /opt/airflow/dags/kafka_load.py
[2026-04-26T12:27:42.257+0000] {logging_mixin.py:190} INFO - [2026-04-26T12:27:42.257+0000] {dag.py:3239} INFO - Sync 1 DAGs
[2026-04-26T12:27:42.288+0000] {logging_mixin.py:190} INFO - [2026-04-26T12:27:42.288+0000] {dag.py:4180} INFO - Setting next_dagrun for kafka_producer to 2026-04-25 18:30:00+00:00, run_after=2026-04-26 18:30:00+00:00
[2026-04-26T12:27:42.319+0000] {processor.py:208} INFO - Processing /opt/airflow/dags/kafka_load.py took 0.160 seconds
[2026-04-26T12:28:12.762+0000] {processor.py:186} INFO - Started process (PID=1256) to work on /opt/airflow/dags/kafka_load.py
[2026-04-26T12:28:12.764+0000] {processor.py:914} INFO - Processing file /opt/airflow/dags/kafka_load.py for tasks to queue
[2026-04-26T12:28:12.770+0000] {logging_mixin.py:190} INFO - [2026-04-26T12:28:12.767+0000] {dagbag.py:588} INFO - Filling up the DagBag from /opt/airflow/dags/kafka_load.py
[2026-04-26T12:28:12.816+0000] {processor.py:925} INFO - DAG(s) 'kafka_producer' retrieved from /opt/airflow/dags/kafka_load.py
[2026-04-26T12:28:12.849+0000] {logging_mixin.py:190} INFO - [2026-04-26T12:28:12.848+0000] {dag.py:3239} INFO - Sync 1 DAGs
[2026-04-26T12:28:12.882+0000] {logging_mixin.py:190} INFO - [2026-04-26T12:28:12.881+0000] {dag.py:4180} INFO - Setting next_dagrun for kafka_producer to 2026-04-25 18:30:00+00:00, run_after=2026-04-26 18:30:00+00:00
[2026-04-26T12:28:12.908+0000] {processor.py:208} INFO - Processing /opt/airflow/dags/kafka_load.py took 0.157 seconds
[2026-04-26T12:28:43.401+0000] {processor.py:186} INFO - Started process (PID=1259) to work on /opt/airflow/dags/kafka_load.py
[2026-04-26T12:28:43.403+0000] {processor.py:914} INFO - Processing file /opt/airflow/dags/kafka_load.py for tasks to queue
[2026-04-26T12:28:43.407+0000] {logging_mixin.py:190} INFO - [2026-04-26T12:28:43.406+0000] {dagbag.py:588} INFO - Filling up the DagBag from /opt/airflow/dags/kafka_load.py
[2026-04-26T12:28:43.445+0000] {processor.py:925} INFO - DAG(s) 'kafka_producer' retrieved from /opt/airflow/dags/kafka_load.py
[2026-04-26T12:28:43.475+0000] {logging_mixin.py:190} INFO - [2026-04-26T12:28:43.474+0000] {dag.py:3239} INFO - Sync 1 DAGs
[2026-04-26T12:28:43.508+0000] {logging_mixin.py:190} INFO - [2026-04-26T12:28:43.508+0000] {dag.py:4180} INFO - Setting next_dagrun for kafka_producer to 2026-04-25 18:30:00+00:00, run_after=2026-04-26 18:30:00+00:00
[2026-04-26T12:28:43.536+0000] {processor.py:208} INFO - Processing /opt/airflow/dags/kafka_load.py took 0.148 seconds
[2026-04-26T12:29:13.931+0000] {processor.py:186} INFO - Started process (PID=1262) to work on /opt/airflow/dags/kafka_load.py
[2026-04-26T12:29:13.932+0000] {processor.py:914} INFO - Processing file /opt/airflow/dags/kafka_load.py for tasks to queue
[2026-04-26T12:29:13.936+0000] {logging_mixin.py:190} INFO - [2026-04-26T12:29:13.936+0000] {dagbag.py:588} INFO - Filling up the DagBag from /opt/airflow/dags/kafka_load.py
[2026-04-26T12:29:13.976+0000] {processor.py:925} INFO - DAG(s) 'kafka_producer' retrieved from /opt/airflow/dags/kafka_load.py
[2026-04-26T12:29:14.007+0000] {logging_mixin.py:190} INFO - [2026-04-26T12:29:14.007+0000] {dag.py:3239} INFO - Sync 1 DAGs
[2026-04-26T12:29:14.051+0000] {logging_mixin.py:190} INFO - [2026-04-26T12:29:14.051+0000] {dag.py:4180} INFO - Setting next_dagrun for kafka_producer to 2026-04-25 18:30:00+00:00, run_after=2026-04-26 18:30:00+00:00
[2026-04-26T12:29:14.085+0000] {processor.py:208} INFO - Processing /opt/airflow/dags/kafka_load.py took 0.166 seconds
[2026-04-26T12:29:44.914+0000] {processor.py:186} INFO - Started process (PID=1265) to work on /opt/airflow/dags/kafka_load.py
[2026-04-26T12:29:44.915+0000] {processor.py:914} INFO - Processing file /opt/airflow/dags/kafka_load.py for tasks to queue
[2026-04-26T12:29:44.919+0000] {logging_mixin.py:190} INFO - [2026-04-26T12:29:44.918+0000] {dagbag.py:588} INFO - Filling up the DagBag from /opt/airflow/dags/kafka_load.py
[2026-04-26T12:29:44.977+0000] {processor.py:925} INFO - DAG(s) 'kafka_producer' retrieved from /opt/airflow/dags/kafka_load.py
[2026-04-26T12:29:45.038+0000] {logging_mixin.py:190} INFO - [2026-04-26T12:29:45.037+0000] {dag.py:3239} INFO - Sync 1 DAGs
[2026-04-26T12:29:45.114+0000] {logging_mixin.py:190} INFO - [2026-04-26T12:29:45.113+0000] {dag.py:4180} INFO - Setting next_dagrun for kafka_producer to 2026-04-25 18:30:00+00:00, run_after=2026-04-26 18:30:00+00:00
[2026-04-26T12:29:46.492+0000] {processor.py:208} INFO - Processing /opt/airflow/dags/kafka_load.py took 1.594 seconds
[2026-04-26T12:30:16.904+0000] {processor.py:186} INFO - Started process (PID=1268) to work on /opt/airflow/dags/kafka_load.py
[2026-04-26T12:30:16.907+0000] {processor.py:914} INFO - Processing file /opt/airflow/dags/kafka_load.py for tasks to queue
[2026-04-26T12:30:16.910+0000] {logging_mixin.py:190} INFO - [2026-04-26T12:30:16.910+0000] {dagbag.py:588} INFO - Filling up the DagBag from /opt/airflow/dags/kafka_load.py
[2026-04-26T12:30:16.950+0000] {processor.py:925} INFO - DAG(s) 'kafka_producer' retrieved from /opt/airflow/dags/kafka_load.py
[2026-04-26T12:30:16.981+0000] {logging_mixin.py:190} INFO - [2026-04-26T12:30:16.980+0000] {dag.py:3239} INFO - Sync 1 DAGs
[2026-04-26T12:30:17.016+0000] {logging_mixin.py:190} INFO - [2026-04-26T12:30:17.016+0000] {dag.py:4180} INFO - Setting next_dagrun for kafka_producer to 2026-04-25 18:30:00+00:00, run_after=2026-04-26 18:30:00+00:00
[2026-04-26T12:30:17.050+0000] {processor.py:208} INFO - Processing /opt/airflow/dags/kafka_load.py took 0.156 seconds
[2026-04-26T12:30:47.528+0000] {processor.py:186} INFO - Started process (PID=1271) to work on /opt/airflow/dags/kafka_load.py
[2026-04-26T12:30:47.535+0000] {processor.py:914} INFO - Processing file /opt/airflow/dags/kafka_load.py for tasks to queue
[2026-04-26T12:30:47.539+0000] {logging_mixin.py:190} INFO - [2026-04-26T12:30:47.539+0000] {dagbag.py:588} INFO - Filling up the DagBag from /opt/airflow/dags/kafka_load.py
[2026-04-26T12:30:47.578+0000] {processor.py:925} INFO - DAG(s) 'kafka_producer' retrieved from /opt/airflow/dags/kafka_load.py
[2026-04-26T12:30:47.618+0000] {logging_mixin.py:190} INFO - [2026-04-26T12:30:47.618+0000] {dag.py:3239} INFO - Sync 1 DAGs
[2026-04-26T12:30:47.663+0000] {logging_mixin.py:190} INFO - [2026-04-26T12:30:47.663+0000] {dag.py:4180} INFO - Setting next_dagrun for kafka_producer to 2026-04-25 18:30:00+00:00, run_after=2026-04-26 18:30:00+00:00
[2026-04-26T12:30:47.697+0000] {processor.py:208} INFO - Processing /opt/airflow/dags/kafka_load.py took 0.180 seconds
[2026-04-26T12:31:18.069+0000] {processor.py:186} INFO - Started process (PID=1274) to work on /opt/airflow/dags/kafka_load.py
[2026-04-26T12:31:18.071+0000] {processor.py:914} INFO - Processing file /opt/airflow/dags/kafka_load.py for tasks to queue
[2026-04-26T12:31:18.075+0000] {logging_mixin.py:190} INFO - [2026-04-26T12:31:18.074+0000] {dagbag.py:588} INFO - Filling up the DagBag from /opt/airflow/dags/kafka_load.py
[2026-04-26T12:31:18.114+0000] {processor.py:925} INFO - DAG(s) 'kafka_producer' retrieved from /opt/airflow/dags/kafka_load.py
[2026-04-26T12:31:18.146+0000] {logging_mixin.py:190} INFO - [2026-04-26T12:31:18.146+0000] {dag.py:3239} INFO - Sync 1 DAGs
[2026-04-26T12:31:18.232+0000] {logging_mixin.py:190} INFO - [2026-04-26T12:31:18.231+0000] {dag.py:4180} INFO - Setting next_dagrun for kafka_producer to 2026-04-25 18:30:00+00:00, run_after=2026-04-26 18:30:00+00:00
[2026-04-26T12:31:18.269+0000] {processor.py:208} INFO - Processing /opt/airflow/dags/kafka_load.py took 0.210 seconds
[2026-04-26T12:31:48.692+0000] {processor.py:186} INFO - Started process (PID=1277) to work on /opt/airflow/dags/kafka_load.py
[2026-04-26T12:31:48.695+0000] {processor.py:914} INFO - Processing file /opt/airflow/dags/kafka_load.py for tasks to queue
[2026-04-26T12:31:48.699+0000] {logging_mixin.py:190} INFO - [2026-04-26T12:31:48.699+0000] {dagbag.py:588} INFO - Filling up the DagBag from /opt/airflow/dags/kafka_load.py
[2026-04-26T12:31:48.731+0000] {processor.py:925} INFO - DAG(s) 'kafka_producer' retrieved from /opt/airflow/dags/kafka_load.py
[2026-04-26T12:31:48.772+0000] {logging_mixin.py:190} INFO - [2026-04-26T12:31:48.772+0000] {dag.py:3239} INFO - Sync 1 DAGs
[2026-04-26T12:31:48.820+0000] {logging_mixin.py:190} INFO - [2026-04-26T12:31:48.820+0000] {dag.py:4180} INFO - Setting next_dagrun for kafka_producer to 2026-04-25 18:30:00+00:00, run_after=2026-04-26 18:30:00+00:00
[2026-04-26T12:31:48.854+0000] {processor.py:208} INFO - Processing /opt/airflow/dags/kafka_load.py took 0.170 seconds
[2026-04-26T12:32:19.283+0000] {processor.py:186} INFO - Started process (PID=1280) to work on /opt/airflow/dags/kafka_load.py
[2026-04-26T12:32:19.285+0000] {processor.py:914} INFO - Processing file /opt/airflow/dags/kafka_load.py for tasks to queue
[2026-04-26T12:32:19.289+0000] {logging_mixin.py:190} INFO - [2026-04-26T12:32:19.288+0000] {dagbag.py:588} INFO - Filling up the DagBag from /opt/airflow/dags/kafka_load.py
[2026-04-26T12:32:19.327+0000] {processor.py:925} INFO - DAG(s) 'kafka_producer' retrieved from /opt/airflow/dags/kafka_load.py
[2026-04-26T12:32:19.356+0000] {logging_mixin.py:190} INFO - [2026-04-26T12:32:19.356+0000] {dag.py:3239} INFO - Sync 1 DAGs
[2026-04-26T12:32:19.389+0000] {logging_mixin.py:190} INFO - [2026-04-26T12:32:19.388+0000] {dag.py:4180} INFO - Setting next_dagrun for kafka_producer to 2026-04-25 18:30:00+00:00, run_after=2026-04-26 18:30:00+00:00
[2026-04-26T12:32:19.416+0000] {processor.py:208} INFO - Processing /opt/airflow/dags/kafka_load.py took 0.144 seconds
[2026-04-26T12:32:50.036+0000] {processor.py:186} INFO - Started process (PID=1283) to work on /opt/airflow/dags/kafka_load.py
[2026-04-26T12:32:50.039+0000] {processor.py:914} INFO - Processing file /opt/airflow/dags/kafka_load.py for tasks to queue
[2026-04-26T12:32:50.043+0000] {logging_mixin.py:190} INFO - [2026-04-26T12:32:50.043+0000] {dagbag.py:588} INFO - Filling up the DagBag from /opt/airflow/dags/kafka_load.py
[2026-04-26T12:32:50.077+0000] {processor.py:925} INFO - DAG(s) 'kafka_producer' retrieved from /opt/airflow/dags/kafka_load.py
[2026-04-26T12:32:50.107+0000] {logging_mixin.py:190} INFO - [2026-04-26T12:32:50.106+0000] {dag.py:3239} INFO - Sync 1 DAGs
[2026-04-26T12:32:50.140+0000] {logging_mixin.py:190} INFO - [2026-04-26T12:32:50.140+0000] {dag.py:4180} INFO - Setting next_dagrun for kafka_producer to 2026-04-25 18:30:00+00:00, run_after=2026-04-26 18:30:00+00:00
[2026-04-26T12:32:50.168+0000] {processor.py:208} INFO - Processing /opt/airflow/dags/kafka_load.py took 0.143 seconds
[2026-04-26T12:33:20.597+0000] {processor.py:186} INFO - Started process (PID=1286) to work on /opt/airflow/dags/kafka_load.py
[2026-04-26T12:33:20.599+0000] {processor.py:914} INFO - Processing file /opt/airflow/dags/kafka_load.py for tasks to queue
[2026-04-26T12:33:20.604+0000] {logging_mixin.py:190} INFO - [2026-04-26T12:33:20.603+0000] {dagbag.py:588} INFO - Filling up the DagBag from /opt/airflow/dags/kafka_load.py
[2026-04-26T12:33:20.647+0000] {processor.py:925} INFO - DAG(s) 'kafka_producer' retrieved from /opt/airflow/dags/kafka_load.py
[2026-04-26T12:33:20.677+0000] {logging_mixin.py:190} INFO - [2026-04-26T12:33:20.677+0000] {dag.py:3239} INFO - Sync 1 DAGs
[2026-04-26T12:33:20.711+0000] {logging_mixin.py:190} INFO - [2026-04-26T12:33:20.711+0000] {dag.py:4180} INFO - Setting next_dagrun for kafka_producer to 2026-04-25 18:30:00+00:00, run_after=2026-04-26 18:30:00+00:00
[2026-04-26T12:33:20.743+0000] {processor.py:208} INFO - Processing /opt/airflow/dags/kafka_load.py took 0.156 seconds
[2026-04-26T12:33:51.119+0000] {processor.py:186} INFO - Started process (PID=1289) to work on /opt/airflow/dags/kafka_load.py
[2026-04-26T12:33:51.121+0000] {processor.py:914} INFO - Processing file /opt/airflow/dags/kafka_load.py for tasks to queue
[2026-04-26T12:33:51.127+0000] {logging_mixin.py:190} INFO - [2026-04-26T12:33:51.126+0000] {dagbag.py:588} INFO - Filling up the DagBag from /opt/airflow/dags/kafka_load.py
[2026-04-26T12:33:51.172+0000] {processor.py:925} INFO - DAG(s) 'kafka_producer' retrieved from /opt/airflow/dags/kafka_load.py
[2026-04-26T12:33:51.245+0000] {logging_mixin.py:190} INFO - [2026-04-26T12:33:51.245+0000] {dag.py:3239} INFO - Sync 1 DAGs
[2026-04-26T12:33:51.340+0000] {logging_mixin.py:190} INFO - [2026-04-26T12:33:51.339+0000] {dag.py:4180} INFO - Setting next_dagrun for kafka_producer to 2026-04-25 18:30:00+00:00, run_after=2026-04-26 18:30:00+00:00
[2026-04-26T12:33:51.374+0000] {processor.py:208} INFO - Processing /opt/airflow/dags/kafka_load.py took 0.264 seconds
[2026-04-26T12:34:22.100+0000] {processor.py:186} INFO - Started process (PID=1292) to work on /opt/airflow/dags/kafka_load.py
[2026-04-26T12:34:22.103+0000] {processor.py:914} INFO - Processing file /opt/airflow/dags/kafka_load.py for tasks to queue
[2026-04-26T12:34:22.110+0000] {logging_mixin.py:190} INFO - [2026-04-26T12:34:22.107+0000] {dagbag.py:588} INFO - Filling up the DagBag from /opt/airflow/dags/kafka_load.py
[2026-04-26T12:34:22.149+0000] {processor.py:925} INFO - DAG(s) 'kafka_producer' retrieved from /opt/airflow/dags/kafka_load.py
[2026-04-26T12:34:22.183+0000] {logging_mixin.py:190} INFO - [2026-04-26T12:34:22.182+0000] {dag.py:3239} INFO - Sync 1 DAGs
[2026-04-26T12:34:22.220+0000] {logging_mixin.py:190} INFO - [2026-04-26T12:34:22.220+0000] {dag.py:4180} INFO - Setting next_dagrun for kafka_producer to 2026-04-25 18:30:00+00:00, run_after=2026-04-26 18:30:00+00:00
[2026-04-26T12:34:22.251+0000] {processor.py:208} INFO - Processing /opt/airflow/dags/kafka_load.py took 0.163 seconds
[2026-04-26T12:34:52.710+0000] {processor.py:186} INFO - Started process (PID=1295) to work on /opt/airflow/dags/kafka_load.py
[2026-04-26T12:34:52.717+0000] {processor.py:914} INFO - Processing file /opt/airflow/dags/kafka_load.py for tasks to queue
[2026-04-26T12:34:52.723+0000] {logging_mixin.py:190} INFO - [2026-04-26T12:34:52.723+0000] {dagbag.py:588} INFO - Filling up the DagBag from /opt/airflow/dags/kafka_load.py
[2026-04-26T12:34:52.783+0000] {processor.py:925} INFO - DAG(s) 'kafka_producer' retrieved from /opt/airflow/dags/kafka_load.py
[2026-04-26T12:34:52.825+0000] {logging_mixin.py:190} INFO - [2026-04-26T12:34:52.824+0000] {dag.py:3239} INFO - Sync 1 DAGs
[2026-04-26T12:34:52.873+0000] {logging_mixin.py:190} INFO - [2026-04-26T12:34:52.872+0000] {dag.py:4180} INFO - Setting next_dagrun for kafka_producer to 2026-04-25 18:30:00+00:00, run_after=2026-04-26 18:30:00+00:00
[2026-04-26T12:34:52.931+0000] {processor.py:208} INFO - Processing /opt/airflow/dags/kafka_load.py took 0.233 seconds
[2026-04-26T12:35:23.334+0000] {processor.py:186} INFO - Started process (PID=1298) to work on /opt/airflow/dags/kafka_load.py
[2026-04-26T12:35:23.336+0000] {processor.py:914} INFO - Processing file /opt/airflow/dags/kafka_load.py for tasks to queue
[2026-04-26T12:35:23.340+0000] {logging_mixin.py:190} INFO - [2026-04-26T12:35:23.339+0000] {dagbag.py:588} INFO - Filling up the DagBag from /opt/airflow/dags/kafka_load.py
[2026-04-26T12:35:23.384+0000] {processor.py:925} INFO - DAG(s) 'kafka_producer' retrieved from /opt/airflow/dags/kafka_load.py
[2026-04-26T12:35:23.418+0000] {logging_mixin.py:190} INFO - [2026-04-26T12:35:23.418+0000] {dag.py:3239} INFO - Sync 1 DAGs
[2026-04-26T12:35:23.452+0000] {logging_mixin.py:190} INFO - [2026-04-26T12:35:23.452+0000] {dag.py:4180} INFO - Setting next_dagrun for kafka_producer to 2026-04-25 18:30:00+00:00, run_after=2026-04-26 18:30:00+00:00
[2026-04-26T12:35:23.481+0000] {processor.py:208} INFO - Processing /opt/airflow/dags/kafka_load.py took 0.157 seconds
[2026-04-26T12:35:54.018+0000] {processor.py:186} INFO - Started process (PID=1301) to work on /opt/airflow/dags/kafka_load.py
[2026-04-26T12:35:54.019+0000] {processor.py:914} INFO - Processing file /opt/airflow/dags/kafka_load.py for tasks to queue
[2026-04-26T12:35:54.023+0000] {logging_mixin.py:190} INFO - [2026-04-26T12:35:54.022+0000] {dagbag.py:588} INFO - Filling up the DagBag from /opt/airflow/dags/kafka_load.py
[2026-04-26T12:35:54.060+0000] {processor.py:925} INFO - DAG(s) 'kafka_producer' retrieved from /opt/airflow/dags/kafka_load.py
[2026-04-26T12:35:54.087+0000] {logging_mixin.py:190} INFO - [2026-04-26T12:35:54.087+0000] {dag.py:3239} INFO - Sync 1 DAGs
[2026-04-26T12:35:54.122+0000] {logging_mixin.py:190} INFO - [2026-04-26T12:35:54.121+0000] {dag.py:4180} INFO - Setting next_dagrun for kafka_producer to 2026-04-25 18:30:00+00:00, run_after=2026-04-26 18:30:00+00:00
[2026-04-26T12:35:54.155+0000] {processor.py:208} INFO - Processing /opt/airflow/dags/kafka_load.py took 0.148 seconds
[2026-04-26T12:36:24.610+0000] {processor.py:186} INFO - Started process (PID=1304) to work on /opt/airflow/dags/kafka_load.py
[2026-04-26T12:36:24.611+0000] {processor.py:914} INFO - Processing file /opt/airflow/dags/kafka_load.py for tasks to queue
[2026-04-26T12:36:24.617+0000] {logging_mixin.py:190} INFO - [2026-04-26T12:36:24.616+0000] {dagbag.py:588} INFO - Filling up the DagBag from /opt/airflow/dags/kafka_load.py
[2026-04-26T12:36:24.650+0000] {processor.py:925} INFO - DAG(s) 'kafka_producer' retrieved from /opt/airflow/dags/kafka_load.py
[2026-04-26T12:36:24.690+0000] {logging_mixin.py:190} INFO - [2026-04-26T12:36:24.689+0000] {dag.py:3239} INFO - Sync 1 DAGs
[2026-04-26T12:36:24.730+0000] {logging_mixin.py:190} INFO - [2026-04-26T12:36:24.730+0000] {dag.py:4180} INFO - Setting next_dagrun for kafka_producer to 2026-04-25 18:30:00+00:00, run_after=2026-04-26 18:30:00+00:00
[2026-04-26T12:36:24.757+0000] {processor.py:208} INFO - Processing /opt/airflow/dags/kafka_load.py took 0.171 seconds
[2026-04-26T12:36:55.166+0000] {processor.py:186} INFO - Started process (PID=1307) to work on /opt/airflow/dags/kafka_load.py
[2026-04-26T12:36:55.168+0000] {processor.py:914} INFO - Processing file /opt/airflow/dags/kafka_load.py for tasks to queue
[2026-04-26T12:36:55.171+0000] {logging_mixin.py:190} INFO - [2026-04-26T12:36:55.171+0000] {dagbag.py:588} INFO - Filling up the DagBag from /opt/airflow/dags/kafka_load.py
[2026-04-26T12:36:55.215+0000] {processor.py:925} INFO - DAG(s) 'kafka_producer' retrieved from /opt/airflow/dags/kafka_load.py
[2026-04-26T12:36:55.257+0000] {logging_mixin.py:190} INFO - [2026-04-26T12:36:55.256+0000] {dag.py:3239} INFO - Sync 1 DAGs
[2026-04-26T12:36:55.315+0000] {logging_mixin.py:190} INFO - [2026-04-26T12:36:55.314+0000] {dag.py:4180} INFO - Setting next_dagrun for kafka_producer to 2026-04-25 18:30:00+00:00, run_after=2026-04-26 18:30:00+00:00
[2026-04-26T12:36:55.373+0000] {processor.py:208} INFO - Processing /opt/airflow/dags/kafka_load.py took 0.219 seconds
[2026-04-26T12:37:26.092+0000] {processor.py:186} INFO - Started process (PID=1310) to work on /opt/airflow/dags/kafka_load.py
[2026-04-26T12:37:26.098+0000] {processor.py:914} INFO - Processing file /opt/airflow/dags/kafka_load.py for tasks to queue
[2026-04-26T12:37:26.103+0000] {logging_mixin.py:190} INFO - [2026-04-26T12:37:26.102+0000] {dagbag.py:588} INFO - Filling up the DagBag from /opt/airflow/dags/kafka_load.py
[2026-04-26T12:37:26.153+0000] {processor.py:925} INFO - DAG(s) 'kafka_producer' retrieved from /opt/airflow/dags/kafka_load.py
[2026-04-26T12:37:26.199+0000] {logging_mixin.py:190} INFO - [2026-04-26T12:37:26.198+0000] {dag.py:3239} INFO - Sync 1 DAGs
[2026-04-26T12:37:26.268+0000] {logging_mixin.py:190} INFO - [2026-04-26T12:37:26.268+0000] {dag.py:4180} INFO - Setting next_dagrun for kafka_producer to 2026-04-25 18:30:00+00:00, run_after=2026-04-26 18:30:00+00:00
[2026-04-26T12:37:26.315+0000] {processor.py:208} INFO - Processing /opt/airflow/dags/kafka_load.py took 0.232 seconds
[2026-04-26T12:37:56.843+0000] {processor.py:186} INFO - Started process (PID=1313) to work on /opt/airflow/dags/kafka_load.py
[2026-04-26T12:37:56.844+0000] {processor.py:914} INFO - Processing file /opt/airflow/dags/kafka_load.py for tasks to queue
[2026-04-26T12:37:56.853+0000] {logging_mixin.py:190} INFO - [2026-04-26T12:37:56.852+0000] {dagbag.py:588} INFO - Filling up the DagBag from /opt/airflow/dags/kafka_load.py
[2026-04-26T12:37:56.888+0000] {processor.py:925} INFO - DAG(s) 'kafka_producer' retrieved from /opt/airflow/dags/kafka_load.py
[2026-04-26T12:37:56.933+0000] {logging_mixin.py:190} INFO - [2026-04-26T12:37:56.932+0000] {dag.py:3239} INFO - Sync 1 DAGs
[2026-04-26T12:37:57.008+0000] {logging_mixin.py:190} INFO - [2026-04-26T12:37:57.007+0000] {dag.py:4180} INFO - Setting next_dagrun for kafka_producer to 2026-04-25 18:30:00+00:00, run_after=2026-04-26 18:30:00+00:00
[2026-04-26T12:37:57.078+0000] {processor.py:208} INFO - Processing /opt/airflow/dags/kafka_load.py took 0.244 seconds
[2026-04-26T12:38:27.504+0000] {processor.py:186} INFO - Started process (PID=1316) to work on /opt/airflow/dags/kafka_load.py
[2026-04-26T12:38:27.505+0000] {processor.py:914} INFO - Processing file /opt/airflow/dags/kafka_load.py for tasks to queue
[2026-04-26T12:38:27.509+0000] {logging_mixin.py:190} INFO - [2026-04-26T12:38:27.508+0000] {dagbag.py:588} INFO - Filling up the DagBag from /opt/airflow/dags/kafka_load.py
[2026-04-26T12:38:27.551+0000] {processor.py:925} INFO - DAG(s) 'kafka_producer' retrieved from /opt/airflow/dags/kafka_load.py
[2026-04-26T12:38:27.579+0000] {logging_mixin.py:190} INFO - [2026-04-26T12:38:27.578+0000] {dag.py:3239} INFO - Sync 1 DAGs
[2026-04-26T12:38:27.611+0000] {logging_mixin.py:190} INFO - [2026-04-26T12:38:27.611+0000] {dag.py:4180} INFO - Setting next_dagrun for kafka_producer to 2026-04-25 18:30:00+00:00, run_after=2026-04-26 18:30:00+00:00
[2026-04-26T12:38:27.636+0000] {processor.py:208} INFO - Processing /opt/airflow/dags/kafka_load.py took 0.143 seconds
[2026-04-26T12:38:58.031+0000] {processor.py:186} INFO - Started process (PID=1319) to work on /opt/airflow/dags/kafka_load.py
[2026-04-26T12:38:58.032+0000] {processor.py:914} INFO - Processing file /opt/airflow/dags/kafka_load.py for tasks to queue
[2026-04-26T12:38:58.036+0000] {logging_mixin.py:190} INFO - [2026-04-26T12:38:58.035+0000] {dagbag.py:588} INFO - Filling up the DagBag from /opt/airflow/dags/kafka_load.py
[2026-04-26T12:38:58.069+0000] {processor.py:925} INFO - DAG(s) 'kafka_producer' retrieved from /opt/airflow/dags/kafka_load.py
[2026-04-26T12:38:58.098+0000] {logging_mixin.py:190} INFO - [2026-04-26T12:38:58.097+0000] {dag.py:3239} INFO - Sync 1 DAGs
[2026-04-26T12:38:58.137+0000] {logging_mixin.py:190} INFO - [2026-04-26T12:38:58.137+0000] {dag.py:4180} INFO - Setting next_dagrun for kafka_producer to 2026-04-25 18:30:00+00:00, run_after=2026-04-26 18:30:00+00:00
[2026-04-26T12:38:58.171+0000] {processor.py:208} INFO - Processing /opt/airflow/dags/kafka_load.py took 0.149 seconds
[2026-04-26T12:39:28.622+0000] {processor.py:186} INFO - Started process (PID=1322) to work on /opt/airflow/dags/kafka_load.py
[2026-04-26T12:39:28.623+0000] {processor.py:914} INFO - Processing file /opt/airflow/dags/kafka_load.py for tasks to queue
[2026-04-26T12:39:28.627+0000] {logging_mixin.py:190} INFO - [2026-04-26T12:39:28.627+0000] {dagbag.py:588} INFO - Filling up the DagBag from /opt/airflow/dags/kafka_load.py
[2026-04-26T12:39:28.667+0000] {processor.py:925} INFO - DAG(s) 'kafka_producer' retrieved from /opt/airflow/dags/kafka_load.py
[2026-04-26T12:39:28.694+0000] {logging_mixin.py:190} INFO - [2026-04-26T12:39:28.693+0000] {dag.py:3239} INFO - Sync 1 DAGs
[2026-04-26T12:39:28.727+0000] {logging_mixin.py:190} INFO - [2026-04-26T12:39:28.726+0000] {dag.py:4180} INFO - Setting next_dagrun for kafka_producer to 2026-04-25 18:30:00+00:00, run_after=2026-04-26 18:30:00+00:00
[2026-04-26T12:39:28.754+0000] {processor.py:208} INFO - Processing /opt/airflow/dags/kafka_load.py took 0.144 seconds
[2026-04-26T12:39:59.242+0000] {processor.py:186} INFO - Started process (PID=1325) to work on /opt/airflow/dags/kafka_load.py
[2026-04-26T12:39:59.244+0000] {processor.py:914} INFO - Processing file /opt/airflow/dags/kafka_load.py for tasks to queue
[2026-04-26T12:39:59.249+0000] {logging_mixin.py:190} INFO - [2026-04-26T12:39:59.248+0000] {dagbag.py:588} INFO - Filling up the DagBag from /opt/airflow/dags/kafka_load.py
[2026-04-26T12:39:59.292+0000] {processor.py:925} INFO - DAG(s) 'kafka_producer' retrieved from /opt/airflow/dags/kafka_load.py
[2026-04-26T12:39:59.356+0000] {logging_mixin.py:190} INFO - [2026-04-26T12:39:59.356+0000] {dag.py:3239} INFO - Sync 1 DAGs
[2026-04-26T12:39:59.404+0000] {logging_mixin.py:190} INFO - [2026-04-26T12:39:59.404+0000] {dag.py:4180} INFO - Setting next_dagrun for kafka_producer to 2026-04-25 18:30:00+00:00, run_after=2026-04-26 18:30:00+00:00
[2026-04-26T12:39:59.435+0000] {processor.py:208} INFO - Processing /opt/airflow/dags/kafka_load.py took 0.210 seconds
[2026-04-26T12:40:29.930+0000] {processor.py:186} INFO - Started process (PID=1328) to work on /opt/airflow/dags/kafka_load.py
[2026-04-26T12:40:29.932+0000] {processor.py:914} INFO - Processing file /opt/airflow/dags/kafka_load.py for tasks to queue
[2026-04-26T12:40:29.936+0000] {logging_mixin.py:190} INFO - [2026-04-26T12:40:29.936+0000] {dagbag.py:588} INFO - Filling up the DagBag from /opt/airflow/dags/kafka_load.py
[2026-04-26T12:40:29.972+0000] {processor.py:925} INFO - DAG(s) 'kafka_producer' retrieved from /opt/airflow/dags/kafka_load.py
[2026-04-26T12:40:30.000+0000] {logging_mixin.py:190} INFO - [2026-04-26T12:40:30.000+0000] {dag.py:3239} INFO - Sync 1 DAGs
[2026-04-26T12:40:30.033+0000] {logging_mixin.py:190} INFO - [2026-04-26T12:40:30.033+0000] {dag.py:4180} INFO - Setting next_dagrun for kafka_producer to 2026-04-25 18:30:00+00:00, run_after=2026-04-26 18:30:00+00:00
[2026-04-26T12:40:30.075+0000] {processor.py:208} INFO - Processing /opt/airflow/dags/kafka_load.py took 0.154 seconds
[2026-04-26T12:41:00.553+0000] {processor.py:186} INFO - Started process (PID=1331) to work on /opt/airflow/dags/kafka_load.py
[2026-04-26T12:41:00.556+0000] {processor.py:914} INFO - Processing file /opt/airflow/dags/kafka_load.py for tasks to queue
[2026-04-26T12:41:00.559+0000] {logging_mixin.py:190} INFO - [2026-04-26T12:41:00.559+0000] {dagbag.py:588} INFO - Filling up the DagBag from /opt/airflow/dags/kafka_load.py
[2026-04-26T12:41:00.591+0000] {processor.py:925} INFO - DAG(s) 'kafka_producer' retrieved from /opt/airflow/dags/kafka_load.py
[2026-04-26T12:41:00.617+0000] {logging_mixin.py:190} INFO - [2026-04-26T12:41:00.617+0000] {dag.py:3239} INFO - Sync 1 DAGs
[2026-04-26T12:41:00.656+0000] {logging_mixin.py:190} INFO - [2026-04-26T12:41:00.656+0000] {dag.py:4180} INFO - Setting next_dagrun for kafka_producer to 2026-04-25 18:30:00+00:00, run_after=2026-04-26 18:30:00+00:00
[2026-04-26T12:41:00.684+0000] {processor.py:208} INFO - Processing /opt/airflow/dags/kafka_load.py took 0.140 seconds
[2026-04-26T12:41:31.124+0000] {processor.py:186} INFO - Started process (PID=1334) to work on /opt/airflow/dags/kafka_load.py
[2026-04-26T12:41:31.126+0000] {processor.py:914} INFO - Processing file /opt/airflow/dags/kafka_load.py for tasks to queue
[2026-04-26T12:41:31.131+0000] {logging_mixin.py:190} INFO - [2026-04-26T12:41:31.130+0000] {dagbag.py:588} INFO - Filling up the DagBag from /opt/airflow/dags/kafka_load.py
[2026-04-26T12:41:31.173+0000] {processor.py:925} INFO - DAG(s) 'kafka_producer' retrieved from /opt/airflow/dags/kafka_load.py
[2026-04-26T12:41:31.208+0000] {logging_mixin.py:190} INFO - [2026-04-26T12:41:31.207+0000] {dag.py:3239} INFO - Sync 1 DAGs
[2026-04-26T12:41:31.240+0000] {logging_mixin.py:190} INFO - [2026-04-26T12:41:31.239+0000] {dag.py:4180} INFO - Setting next_dagrun for kafka_producer to 2026-04-25 18:30:00+00:00, run_after=2026-04-26 18:30:00+00:00
[2026-04-26T12:41:31.266+0000] {processor.py:208} INFO - Processing /opt/airflow/dags/kafka_load.py took 0.155 seconds
[2026-04-26T12:42:01.697+0000] {processor.py:186} INFO - Started process (PID=1337) to work on /opt/airflow/dags/kafka_load.py
[2026-04-26T12:42:01.699+0000] {processor.py:914} INFO - Processing file /opt/airflow/dags/kafka_load.py for tasks to queue
[2026-04-26T12:42:01.703+0000] {logging_mixin.py:190} INFO - [2026-04-26T12:42:01.702+0000] {dagbag.py:588} INFO - Filling up the DagBag from /opt/airflow/dags/kafka_load.py
[2026-04-26T12:42:01.751+0000] {processor.py:925} INFO - DAG(s) 'kafka_producer' retrieved from /opt/airflow/dags/kafka_load.py
[2026-04-26T12:42:01.807+0000] {logging_mixin.py:190} INFO - [2026-04-26T12:42:01.806+0000] {dag.py:3239} INFO - Sync 1 DAGs
[2026-04-26T12:42:01.879+0000] {logging_mixin.py:190} INFO - [2026-04-26T12:42:01.878+0000] {dag.py:4180} INFO - Setting next_dagrun for kafka_producer to 2026-04-25 18:30:00+00:00, run_after=2026-04-26 18:30:00+00:00
[2026-04-26T12:42:01.919+0000] {processor.py:208} INFO - Processing /opt/airflow/dags/kafka_load.py took 0.235 seconds
[2026-04-26T12:42:32.480+0000] {processor.py:186} INFO - Started process (PID=1340) to work on /opt/airflow/dags/kafka_load.py
[2026-04-26T12:42:32.484+0000] {processor.py:914} INFO - Processing file /opt/airflow/dags/kafka_load.py for tasks to queue
[2026-04-26T12:42:32.488+0000] {logging_mixin.py:190} INFO - [2026-04-26T12:42:32.488+0000] {dagbag.py:588} INFO - Filling up the DagBag from /opt/airflow/dags/kafka_load.py
[2026-04-26T12:42:32.530+0000] {processor.py:925} INFO - DAG(s) 'kafka_producer' retrieved from /opt/airflow/dags/kafka_load.py
[2026-04-26T12:42:32.558+0000] {logging_mixin.py:190} INFO - [2026-04-26T12:42:32.558+0000] {dag.py:3239} INFO - Sync 1 DAGs
[2026-04-26T12:42:32.592+0000] {logging_mixin.py:190} INFO - [2026-04-26T12:42:32.592+0000] {dag.py:4180} INFO - Setting next_dagrun for kafka_producer to 2026-04-25 18:30:00+00:00, run_after=2026-04-26 18:30:00+00:00
[2026-04-26T12:42:32.617+0000] {processor.py:208} INFO - Processing /opt/airflow/dags/kafka_load.py took 0.148 seconds
[2026-04-26T12:43:03.159+0000] {processor.py:186} INFO - Started process (PID=1343) to work on /opt/airflow/dags/kafka_load.py
[2026-04-26T12:43:03.161+0000] {processor.py:914} INFO - Processing file /opt/airflow/dags/kafka_load.py for tasks to queue
[2026-04-26T12:43:03.165+0000] {logging_mixin.py:190} INFO - [2026-04-26T12:43:03.164+0000] {dagbag.py:588} INFO - Filling up the DagBag from /opt/airflow/dags/kafka_load.py
[2026-04-26T12:43:03.215+0000] {processor.py:925} INFO - DAG(s) 'kafka_producer' retrieved from /opt/airflow/dags/kafka_load.py
[2026-04-26T12:43:03.242+0000] {logging_mixin.py:190} INFO - [2026-04-26T12:43:03.242+0000] {dag.py:3239} INFO - Sync 1 DAGs
[2026-04-26T12:43:03.273+0000] {logging_mixin.py:190} INFO - [2026-04-26T12:43:03.273+0000] {dag.py:4180} INFO - Setting next_dagrun for kafka_producer to 2026-04-25 18:30:00+00:00, run_after=2026-04-26 18:30:00+00:00
[2026-04-26T12:43:03.304+0000] {processor.py:208} INFO - Processing /opt/airflow/dags/kafka_load.py took 0.154 seconds
[2026-04-26T12:43:33.875+0000] {processor.py:186} INFO - Started process (PID=1346) to work on /opt/airflow/dags/kafka_load.py
[2026-04-26T12:43:33.876+0000] {processor.py:914} INFO - Processing file /opt/airflow/dags/kafka_load.py for tasks to queue
[2026-04-26T12:43:33.880+0000] {logging_mixin.py:190} INFO - [2026-04-26T12:43:33.879+0000] {dagbag.py:588} INFO - Filling up the DagBag from /opt/airflow/dags/kafka_load.py
[2026-04-26T12:43:33.912+0000] {processor.py:925} INFO - DAG(s) 'kafka_producer' retrieved from /opt/airflow/dags/kafka_load.py
[2026-04-26T12:43:33.941+0000] {logging_mixin.py:190} INFO - [2026-04-26T12:43:33.940+0000] {dag.py:3239} INFO - Sync 1 DAGs
[2026-04-26T12:43:33.979+0000] {logging_mixin.py:190} INFO - [2026-04-26T12:43:33.979+0000] {dag.py:4180} INFO - Setting next_dagrun for kafka_producer to 2026-04-25 18:30:00+00:00, run_after=2026-04-26 18:30:00+00:00
[2026-04-26T12:43:34.011+0000] {processor.py:208} INFO - Processing /opt/airflow/dags/kafka_load.py took 0.148 seconds
[2026-04-26T12:44:04.414+0000] {processor.py:186} INFO - Started process (PID=1349) to work on /opt/airflow/dags/kafka_load.py
[2026-04-26T12:44:04.415+0000] {processor.py:914} INFO - Processing file /opt/airflow/dags/kafka_load.py for tasks to queue
[2026-04-26T12:44:04.421+0000] {logging_mixin.py:190} INFO - [2026-04-26T12:44:04.420+0000] {dagbag.py:588} INFO - Filling up the DagBag from /opt/airflow/dags/kafka_load.py
[2026-04-26T12:44:04.463+0000] {processor.py:925} INFO - DAG(s) 'kafka_producer' retrieved from /opt/airflow/dags/kafka_load.py
[2026-04-26T12:44:04.497+0000] {logging_mixin.py:190} INFO - [2026-04-26T12:44:04.496+0000] {dag.py:3239} INFO - Sync 1 DAGs
[2026-04-26T12:44:04.529+0000] {logging_mixin.py:190} INFO - [2026-04-26T12:44:04.529+0000] {dag.py:4180} INFO - Setting next_dagrun for kafka_producer to 2026-04-25 18:30:00+00:00, run_after=2026-04-26 18:30:00+00:00
[2026-04-26T12:44:04.561+0000] {processor.py:208} INFO - Processing /opt/airflow/dags/kafka_load.py took 0.156 seconds
[2026-04-26T12:44:35.141+0000] {processor.py:186} INFO - Started process (PID=1352) to work on /opt/airflow/dags/kafka_load.py
[2026-04-26T12:44:35.143+0000] {processor.py:914} INFO - Processing file /opt/airflow/dags/kafka_load.py for tasks to queue
[2026-04-26T12:44:35.146+0000] {logging_mixin.py:190} INFO - [2026-04-26T12:44:35.146+0000] {dagbag.py:588} INFO - Filling up the DagBag from /opt/airflow/dags/kafka_load.py
[2026-04-26T12:44:35.182+0000] {processor.py:925} INFO - DAG(s) 'kafka_producer' retrieved from /opt/airflow/dags/kafka_load.py
[2026-04-26T12:44:35.212+0000] {logging_mixin.py:190} INFO - [2026-04-26T12:44:35.212+0000] {dag.py:3239} INFO - Sync 1 DAGs
[2026-04-26T12:44:35.251+0000] {logging_mixin.py:190} INFO - [2026-04-26T12:44:35.251+0000] {dag.py:4180} INFO - Setting next_dagrun for kafka_producer to 2026-04-25 18:30:00+00:00, run_after=2026-04-26 18:30:00+00:00
[2026-04-26T12:44:35.283+0000] {processor.py:208} INFO - Processing /opt/airflow/dags/kafka_load.py took 0.166 seconds
[2026-04-26T12:45:05.714+0000] {processor.py:186} INFO - Started process (PID=1355) to work on /opt/airflow/dags/kafka_load.py
[2026-04-26T12:45:05.716+0000] {processor.py:914} INFO - Processing file /opt/airflow/dags/kafka_load.py for tasks to queue
[2026-04-26T12:45:05.720+0000] {logging_mixin.py:190} INFO - [2026-04-26T12:45:05.720+0000] {dagbag.py:588} INFO - Filling up the DagBag from /opt/airflow/dags/kafka_load.py
[2026-04-26T12:45:05.756+0000] {processor.py:925} INFO - DAG(s) 'kafka_producer' retrieved from /opt/airflow/dags/kafka_load.py
[2026-04-26T12:45:05.803+0000] {logging_mixin.py:190} INFO - [2026-04-26T12:45:05.803+0000] {dag.py:3239} INFO - Sync 1 DAGs
[2026-04-26T12:45:05.883+0000] {logging_mixin.py:190} INFO - [2026-04-26T12:45:05.882+0000] {dag.py:4180} INFO - Setting next_dagrun for kafka_producer to 2026-04-25 18:30:00+00:00, run_after=2026-04-26 18:30:00+00:00
[2026-04-26T12:45:07.964+0000] {processor.py:208} INFO - Processing /opt/airflow/dags/kafka_load.py took 2.260 seconds
[2026-04-26T12:45:38.172+0000] {processor.py:186} INFO - Started process (PID=1358) to work on /opt/airflow/dags/kafka_load.py
[2026-04-26T12:45:38.173+0000] {processor.py:914} INFO - Processing file /opt/airflow/dags/kafka_load.py for tasks to queue
[2026-04-26T12:45:38.178+0000] {logging_mixin.py:190} INFO - [2026-04-26T12:45:38.177+0000] {dagbag.py:588} INFO - Filling up the DagBag from /opt/airflow/dags/kafka_load.py
[2026-04-26T12:45:38.214+0000] {processor.py:925} INFO - DAG(s) 'kafka_producer' retrieved from /opt/airflow/dags/kafka_load.py
[2026-04-26T12:45:38.249+0000] {logging_mixin.py:190} INFO - [2026-04-26T12:45:38.248+0000] {dag.py:3239} INFO - Sync 1 DAGs
[2026-04-26T12:45:38.288+0000] {logging_mixin.py:190} INFO - [2026-04-26T12:45:38.287+0000] {dag.py:4180} INFO - Setting next_dagrun for kafka_producer to 2026-04-25 18:30:00+00:00, run_after=2026-04-26 18:30:00+00:00
[2026-04-26T12:45:38.313+0000] {processor.py:208} INFO - Processing /opt/airflow/dags/kafka_load.py took 0.150 seconds
[2026-04-26T12:46:08.758+0000] {processor.py:186} INFO - Started process (PID=1361) to work on /opt/airflow/dags/kafka_load.py
[2026-04-26T12:46:08.760+0000] {processor.py:914} INFO - Processing file /opt/airflow/dags/kafka_load.py for tasks to queue
[2026-04-26T12:46:08.766+0000] {logging_mixin.py:190} INFO - [2026-04-26T12:46:08.765+0000] {dagbag.py:588} INFO - Filling up the DagBag from /opt/airflow/dags/kafka_load.py
[2026-04-26T12:46:08.804+0000] {processor.py:925} INFO - DAG(s) 'kafka_producer' retrieved from /opt/airflow/dags/kafka_load.py
[2026-04-26T12:46:08.832+0000] {logging_mixin.py:190} INFO - [2026-04-26T12:46:08.831+0000] {dag.py:3239} INFO - Sync 1 DAGs
[2026-04-26T12:46:08.867+0000] {logging_mixin.py:190} INFO - [2026-04-26T12:46:08.867+0000] {dag.py:4180} INFO - Setting next_dagrun for kafka_producer to 2026-04-25 18:30:00+00:00, run_after=2026-04-26 18:30:00+00:00
[2026-04-26T12:46:08.897+0000] {processor.py:208} INFO - Processing /opt/airflow/dags/kafka_load.py took 0.149 seconds
[2026-04-26T12:46:39.552+0000] {processor.py:186} INFO - Started process (PID=1364) to work on /opt/airflow/dags/kafka_load.py
[2026-04-26T12:46:39.555+0000] {processor.py:914} INFO - Processing file /opt/airflow/dags/kafka_load.py for tasks to queue
[2026-04-26T12:46:39.559+0000] {logging_mixin.py:190} INFO - [2026-04-26T12:46:39.558+0000] {dagbag.py:588} INFO - Filling up the DagBag from /opt/airflow/dags/kafka_load.py
[2026-04-26T12:46:39.591+0000] {processor.py:925} INFO - DAG(s) 'kafka_producer' retrieved from /opt/airflow/dags/kafka_load.py
[2026-04-26T12:46:39.618+0000] {logging_mixin.py:190} INFO - [2026-04-26T12:46:39.618+0000] {dag.py:3239} INFO - Sync 1 DAGs
[2026-04-26T12:46:39.649+0000] {logging_mixin.py:190} INFO - [2026-04-26T12:46:39.648+0000] {dag.py:4180} INFO - Setting next_dagrun for kafka_producer to 2026-04-25 18:30:00+00:00, run_after=2026-04-26 18:30:00+00:00
[2026-04-26T12:46:39.677+0000] {processor.py:208} INFO - Processing /opt/airflow/dags/kafka_load.py took 0.135 seconds
[2026-04-26T12:47:10.086+0000] {processor.py:186} INFO - Started process (PID=1367) to work on /opt/airflow/dags/kafka_load.py
[2026-04-26T12:47:10.088+0000] {processor.py:914} INFO - Processing file /opt/airflow/dags/kafka_load.py for tasks to queue
[2026-04-26T12:47:10.091+0000] {logging_mixin.py:190} INFO - [2026-04-26T12:47:10.091+0000] {dagbag.py:588} INFO - Filling up the DagBag from /opt/airflow/dags/kafka_load.py
[2026-04-26T12:47:10.134+0000] {processor.py:925} INFO - DAG(s) 'kafka_producer' retrieved from /opt/airflow/dags/kafka_load.py
[2026-04-26T12:47:10.171+0000] {logging_mixin.py:190} INFO - [2026-04-26T12:47:10.170+0000] {dag.py:3239} INFO - Sync 1 DAGs
[2026-04-26T12:47:10.207+0000] {logging_mixin.py:190} INFO - [2026-04-26T12:47:10.207+0000] {dag.py:4180} INFO - Setting next_dagrun for kafka_producer to 2026-04-25 18:30:00+00:00, run_after=2026-04-26 18:30:00+00:00
[2026-04-26T12:47:10.236+0000] {processor.py:208} INFO - Processing /opt/airflow/dags/kafka_load.py took 0.163 seconds
[2026-04-26T12:47:40.644+0000] {processor.py:186} INFO - Started process (PID=1370) to work on /opt/airflow/dags/kafka_load.py
[2026-04-26T12:47:40.645+0000] {processor.py:914} INFO - Processing file /opt/airflow/dags/kafka_load.py for tasks to queue
[2026-04-26T12:47:40.649+0000] {logging_mixin.py:190} INFO - [2026-04-26T12:47:40.648+0000] {dagbag.py:588} INFO - Filling up the DagBag from /opt/airflow/dags/kafka_load.py
[2026-04-26T12:47:40.685+0000] {processor.py:925} INFO - DAG(s) 'kafka_producer' retrieved from /opt/airflow/dags/kafka_load.py
[2026-04-26T12:47:40.731+0000] {logging_mixin.py:190} INFO - [2026-04-26T12:47:40.730+0000] {dag.py:3239} INFO - Sync 1 DAGs
[2026-04-26T12:47:40.766+0000] {logging_mixin.py:190} INFO - [2026-04-26T12:47:40.766+0000] {dag.py:4180} INFO - Setting next_dagrun for kafka_producer to 2026-04-25 18:30:00+00:00, run_after=2026-04-26 18:30:00+00:00
[2026-04-26T12:47:40.881+0000] {processor.py:208} INFO - Processing /opt/airflow/dags/kafka_load.py took 0.247 seconds
[2026-04-26T12:48:11.196+0000] {processor.py:186} INFO - Started process (PID=1373) to work on /opt/airflow/dags/kafka_load.py
[2026-04-26T12:48:11.201+0000] {processor.py:914} INFO - Processing file /opt/airflow/dags/kafka_load.py for tasks to queue
[2026-04-26T12:48:11.209+0000] {logging_mixin.py:190} INFO - [2026-04-26T12:48:11.209+0000] {dagbag.py:588} INFO - Filling up the DagBag from /opt/airflow/dags/kafka_load.py
[2026-04-26T12:48:11.253+0000] {processor.py:925} INFO - DAG(s) 'kafka_producer' retrieved from /opt/airflow/dags/kafka_load.py
[2026-04-26T12:48:11.285+0000] {logging_mixin.py:190} INFO - [2026-04-26T12:48:11.285+0000] {dag.py:3239} INFO - Sync 1 DAGs
[2026-04-26T12:48:11.324+0000] {logging_mixin.py:190} INFO - [2026-04-26T12:48:11.324+0000] {dag.py:4180} INFO - Setting next_dagrun for kafka_producer to 2026-04-25 18:30:00+00:00, run_after=2026-04-26 18:30:00+00:00
[2026-04-26T12:48:11.359+0000] {processor.py:208} INFO - Processing /opt/airflow/dags/kafka_load.py took 0.175 seconds
[2026-04-26T12:48:31.599+0000] {processor.py:186} INFO - Started process (PID=1376) to work on /opt/airflow/dags/kafka_load.py
[2026-04-26T12:48:31.601+0000] {processor.py:914} INFO - Processing file /opt/airflow/dags/kafka_load.py for tasks to queue
[2026-04-26T12:48:31.610+0000] {logging_mixin.py:190} INFO - [2026-04-26T12:48:31.609+0000] {dagbag.py:588} INFO - Filling up the DagBag from /opt/airflow/dags/kafka_load.py
[2026-04-26T12:48:31.666+0000] {processor.py:925} INFO - DAG(s) 'kafka_producer' retrieved from /opt/airflow/dags/kafka_load.py
[2026-04-26T12:48:31.718+0000] {logging_mixin.py:190} INFO - [2026-04-26T12:48:31.718+0000] {dag.py:3239} INFO - Sync 1 DAGs
[2026-04-26T12:48:31.752+0000] {logging_mixin.py:190} INFO - [2026-04-26T12:48:31.752+0000] {dag.py:4180} INFO - Setting next_dagrun for kafka_producer to 2026-04-25 18:30:00+00:00, run_after=2026-04-26 18:30:00+00:00
[2026-04-26T12:48:31.787+0000] {processor.py:208} INFO - Processing /opt/airflow/dags/kafka_load.py took 0.195 seconds
[2026-04-26T12:49:02.170+0000] {processor.py:186} INFO - Started process (PID=1379) to work on /opt/airflow/dags/kafka_load.py
[2026-04-26T12:49:02.172+0000] {processor.py:914} INFO - Processing file /opt/airflow/dags/kafka_load.py for tasks to queue
[2026-04-26T12:49:02.176+0000] {logging_mixin.py:190} INFO - [2026-04-26T12:49:02.175+0000] {dagbag.py:588} INFO - Filling up the DagBag from /opt/airflow/dags/kafka_load.py
[2026-04-26T12:49:02.213+0000] {processor.py:925} INFO - DAG(s) 'kafka_producer' retrieved from /opt/airflow/dags/kafka_load.py
[2026-04-26T12:49:02.241+0000] {logging_mixin.py:190} INFO - [2026-04-26T12:49:02.240+0000] {dag.py:3239} INFO - Sync 1 DAGs
[2026-04-26T12:49:02.275+0000] {logging_mixin.py:190} INFO - [2026-04-26T12:49:02.274+0000] {dag.py:4180} INFO - Setting next_dagrun for kafka_producer to 2026-04-25 18:30:00+00:00, run_after=2026-04-26 18:30:00+00:00
[2026-04-26T12:49:02.312+0000] {processor.py:208} INFO - Processing /opt/airflow/dags/kafka_load.py took 0.150 seconds
[2026-04-26T12:49:32.750+0000] {processor.py:186} INFO - Started process (PID=1382) to work on /opt/airflow/dags/kafka_load.py
[2026-04-26T12:49:32.752+0000] {processor.py:914} INFO - Processing file /opt/airflow/dags/kafka_load.py for tasks to queue
[2026-04-26T12:49:32.757+0000] {logging_mixin.py:190} INFO - [2026-04-26T12:49:32.756+0000] {dagbag.py:588} INFO - Filling up the DagBag from /opt/airflow/dags/kafka_load.py
[2026-04-26T12:49:32.804+0000] {processor.py:925} INFO - DAG(s) 'kafka_producer' retrieved from /opt/airflow/dags/kafka_load.py
[2026-04-26T12:49:32.833+0000] {logging_mixin.py:190} INFO - [2026-04-26T12:49:32.832+0000] {dag.py:3239} INFO - Sync 1 DAGs
[2026-04-26T12:49:32.868+0000] {logging_mixin.py:190} INFO - [2026-04-26T12:49:32.867+0000] {dag.py:4180} INFO - Setting next_dagrun for kafka_producer to 2026-04-25 18:30:00+00:00, run_after=2026-04-26 18:30:00+00:00
[2026-04-26T12:49:32.900+0000] {processor.py:208} INFO - Processing /opt/airflow/dags/kafka_load.py took 0.158 seconds
[2026-04-26T12:50:03.495+0000] {processor.py:186} INFO - Started process (PID=1385) to work on /opt/airflow/dags/kafka_load.py
[2026-04-26T12:50:03.497+0000] {processor.py:914} INFO - Processing file /opt/airflow/dags/kafka_load.py for tasks to queue
[2026-04-26T12:50:03.501+0000] {logging_mixin.py:190} INFO - [2026-04-26T12:50:03.500+0000] {dagbag.py:588} INFO - Filling up the DagBag from /opt/airflow/dags/kafka_load.py
[2026-04-26T12:50:03.558+0000] {processor.py:925} INFO - DAG(s) 'kafka_producer' retrieved from /opt/airflow/dags/kafka_load.py
[2026-04-26T12:50:03.602+0000] {logging_mixin.py:190} INFO - [2026-04-26T12:50:03.601+0000] {dag.py:3239} INFO - Sync 1 DAGs
[2026-04-26T12:50:03.642+0000] {logging_mixin.py:190} INFO - [2026-04-26T12:50:03.641+0000] {dag.py:4180} INFO - Setting next_dagrun for kafka_producer to 2026-04-25 18:30:00+00:00, run_after=2026-04-26 18:30:00+00:00
[2026-04-26T12:50:04.144+0000] {processor.py:208} INFO - Processing /opt/airflow/dags/kafka_load.py took 0.660 seconds
[2026-04-26T12:50:34.907+0000] {processor.py:186} INFO - Started process (PID=1388) to work on /opt/airflow/dags/kafka_load.py
[2026-04-26T12:50:34.909+0000] {processor.py:914} INFO - Processing file /opt/airflow/dags/kafka_load.py for tasks to queue
[2026-04-26T12:50:34.912+0000] {logging_mixin.py:190} INFO - [2026-04-26T12:50:34.911+0000] {dagbag.py:588} INFO - Filling up the DagBag from /opt/airflow/dags/kafka_load.py
[2026-04-26T12:50:34.948+0000] {processor.py:925} INFO - DAG(s) 'kafka_producer' retrieved from /opt/airflow/dags/kafka_load.py
[2026-04-26T12:50:34.975+0000] {logging_mixin.py:190} INFO - [2026-04-26T12:50:34.975+0000] {dag.py:3239} INFO - Sync 1 DAGs
[2026-04-26T12:50:35.007+0000] {logging_mixin.py:190} INFO - [2026-04-26T12:50:35.006+0000] {dag.py:4180} INFO - Setting next_dagrun for kafka_producer to 2026-04-25 18:30:00+00:00, run_after=2026-04-26 18:30:00+00:00
[2026-04-26T12:50:35.044+0000] {processor.py:208} INFO - Processing /opt/airflow/dags/kafka_load.py took 0.145 seconds
[2026-04-26T12:51:06.153+0000] {processor.py:186} INFO - Started process (PID=1391) to work on /opt/airflow/dags/kafka_load.py
[2026-04-26T12:51:06.163+0000] {processor.py:914} INFO - Processing file /opt/airflow/dags/kafka_load.py for tasks to queue
[2026-04-26T12:51:06.168+0000] {logging_mixin.py:190} INFO - [2026-04-26T12:51:06.167+0000] {dagbag.py:588} INFO - Filling up the DagBag from /opt/airflow/dags/kafka_load.py
[2026-04-26T12:51:06.268+0000] {processor.py:925} INFO - DAG(s) 'kafka_producer' retrieved from /opt/airflow/dags/kafka_load.py
[2026-04-26T12:51:06.352+0000] {logging_mixin.py:190} INFO - [2026-04-26T12:51:06.352+0000] {dag.py:3239} INFO - Sync 1 DAGs
[2026-04-26T12:51:06.446+0000] {logging_mixin.py:190} INFO - [2026-04-26T12:51:06.445+0000] {dag.py:4180} INFO - Setting next_dagrun for kafka_producer to 2026-04-25 18:30:00+00:00, run_after=2026-04-26 18:30:00+00:00
[2026-04-26T12:51:06.592+0000] {processor.py:208} INFO - Processing /opt/airflow/dags/kafka_load.py took 0.458 seconds
[2026-04-26T12:51:37.798+0000] {processor.py:186} INFO - Started process (PID=1394) to work on /opt/airflow/dags/kafka_load.py
[2026-04-26T12:51:37.819+0000] {processor.py:914} INFO - Processing file /opt/airflow/dags/kafka_load.py for tasks to queue
[2026-04-26T12:51:37.865+0000] {logging_mixin.py:190} INFO - [2026-04-26T12:51:37.864+0000] {dagbag.py:588} INFO - Filling up the DagBag from /opt/airflow/dags/kafka_load.py
[2026-04-26T12:51:38.120+0000] {processor.py:925} INFO - DAG(s) 'kafka_producer' retrieved from /opt/airflow/dags/kafka_load.py
[2026-04-26T12:51:38.204+0000] {logging_mixin.py:190} INFO - [2026-04-26T12:51:38.203+0000] {dag.py:3239} INFO - Sync 1 DAGs
[2026-04-26T12:51:38.322+0000] {logging_mixin.py:190} INFO - [2026-04-26T12:51:38.322+0000] {dag.py:4180} INFO - Setting next_dagrun for kafka_producer to 2026-04-25 18:30:00+00:00, run_after=2026-04-26 18:30:00+00:00
[2026-04-26T12:51:38.402+0000] {processor.py:208} INFO - Processing /opt/airflow/dags/kafka_load.py took 0.623 seconds
[2026-04-26T12:52:08.841+0000] {processor.py:186} INFO - Started process (PID=1397) to work on /opt/airflow/dags/kafka_load.py
[2026-04-26T12:52:08.843+0000] {processor.py:914} INFO - Processing file /opt/airflow/dags/kafka_load.py for tasks to queue
[2026-04-26T12:52:08.846+0000] {logging_mixin.py:190} INFO - [2026-04-26T12:52:08.846+0000] {dagbag.py:588} INFO - Filling up the DagBag from /opt/airflow/dags/kafka_load.py
[2026-04-26T12:52:08.879+0000] {processor.py:925} INFO - DAG(s) 'kafka_producer' retrieved from /opt/airflow/dags/kafka_load.py
[2026-04-26T12:52:08.909+0000] {logging_mixin.py:190} INFO - [2026-04-26T12:52:08.908+0000] {dag.py:3239} INFO - Sync 1 DAGs
[2026-04-26T12:52:08.951+0000] {logging_mixin.py:190} INFO - [2026-04-26T12:52:08.951+0000] {dag.py:4180} INFO - Setting next_dagrun for kafka_producer to 2026-04-25 18:30:00+00:00, run_after=2026-04-26 18:30:00+00:00
[2026-04-26T12:52:08.984+0000] {processor.py:208} INFO - Processing /opt/airflow/dags/kafka_load.py took 0.153 seconds
[2026-04-26T12:52:39.876+0000] {processor.py:186} INFO - Started process (PID=1400) to work on /opt/airflow/dags/kafka_load.py
[2026-04-26T12:52:39.878+0000] {processor.py:914} INFO - Processing file /opt/airflow/dags/kafka_load.py for tasks to queue
[2026-04-26T12:52:39.881+0000] {logging_mixin.py:190} INFO - [2026-04-26T12:52:39.880+0000] {dagbag.py:588} INFO - Filling up the DagBag from /opt/airflow/dags/kafka_load.py
[2026-04-26T12:52:39.918+0000] {processor.py:925} INFO - DAG(s) 'kafka_producer' retrieved from /opt/airflow/dags/kafka_load.py
[2026-04-26T12:52:39.948+0000] {logging_mixin.py:190} INFO - [2026-04-26T12:52:39.948+0000] {dag.py:3239} INFO - Sync 1 DAGs
[2026-04-26T12:52:39.981+0000] {logging_mixin.py:190} INFO - [2026-04-26T12:52:39.981+0000] {dag.py:4180} INFO - Setting next_dagrun for kafka_producer to 2026-04-25 18:30:00+00:00, run_after=2026-04-26 18:30:00+00:00
[2026-04-26T12:52:40.010+0000] {processor.py:208} INFO - Processing /opt/airflow/dags/kafka_load.py took 0.143 seconds
[2026-04-26T12:53:10.515+0000] {processor.py:186} INFO - Started process (PID=1403) to work on /opt/airflow/dags/kafka_load.py
[2026-04-26T12:53:10.516+0000] {processor.py:914} INFO - Processing file /opt/airflow/dags/kafka_load.py for tasks to queue
[2026-04-26T12:53:10.521+0000] {logging_mixin.py:190} INFO - [2026-04-26T12:53:10.519+0000] {dagbag.py:588} INFO - Filling up the DagBag from /opt/airflow/dags/kafka_load.py
[2026-04-26T12:53:10.561+0000] {processor.py:925} INFO - DAG(s) 'kafka_producer' retrieved from /opt/airflow/dags/kafka_load.py
[2026-04-26T12:53:10.606+0000] {logging_mixin.py:190} INFO - [2026-04-26T12:53:10.605+0000] {dag.py:3239} INFO - Sync 1 DAGs
[2026-04-26T12:53:10.673+0000] {logging_mixin.py:190} INFO - [2026-04-26T12:53:10.673+0000] {dag.py:4180} INFO - Setting next_dagrun for kafka_producer to 2026-04-25 18:30:00+00:00, run_after=2026-04-26 18:30:00+00:00
[2026-04-26T12:53:10.733+0000] {processor.py:208} INFO - Processing /opt/airflow/dags/kafka_load.py took 0.227 seconds
[2026-04-26T12:53:41.611+0000] {processor.py:186} INFO - Started process (PID=1406) to work on /opt/airflow/dags/kafka_load.py
[2026-04-26T12:53:41.613+0000] {processor.py:914} INFO - Processing file /opt/airflow/dags/kafka_load.py for tasks to queue
[2026-04-26T12:53:41.616+0000] {logging_mixin.py:190} INFO - [2026-04-26T12:53:41.616+0000] {dagbag.py:588} INFO - Filling up the DagBag from /opt/airflow/dags/kafka_load.py
[2026-04-26T12:53:41.657+0000] {processor.py:925} INFO - DAG(s) 'kafka_producer' retrieved from /opt/airflow/dags/kafka_load.py
[2026-04-26T12:53:41.688+0000] {logging_mixin.py:190} INFO - [2026-04-26T12:53:41.688+0000] {dag.py:3239} INFO - Sync 1 DAGs
[2026-04-26T12:53:41.722+0000] {logging_mixin.py:190} INFO - [2026-04-26T12:53:41.721+0000] {dag.py:4180} INFO - Setting next_dagrun for kafka_producer to 2026-04-25 18:30:00+00:00, run_after=2026-04-26 18:30:00+00:00
[2026-04-26T12:53:41.749+0000] {processor.py:208} INFO - Processing /opt/airflow/dags/kafka_load.py took 0.147 seconds
[2026-04-26T12:54:12.319+0000] {processor.py:186} INFO - Started process (PID=1409) to work on /opt/airflow/dags/kafka_load.py
[2026-04-26T12:54:12.320+0000] {processor.py:914} INFO - Processing file /opt/airflow/dags/kafka_load.py for tasks to queue
[2026-04-26T12:54:12.324+0000] {logging_mixin.py:190} INFO - [2026-04-26T12:54:12.324+0000] {dagbag.py:588} INFO - Filling up the DagBag from /opt/airflow/dags/kafka_load.py
[2026-04-26T12:54:12.386+0000] {processor.py:925} INFO - DAG(s) 'kafka_producer' retrieved from /opt/airflow/dags/kafka_load.py
[2026-04-26T12:54:12.454+0000] {logging_mixin.py:190} INFO - [2026-04-26T12:54:12.453+0000] {dag.py:3239} INFO - Sync 1 DAGs
[2026-04-26T12:54:12.558+0000] {logging_mixin.py:190} INFO - [2026-04-26T12:54:12.558+0000] {dag.py:4180} INFO - Setting next_dagrun for kafka_producer to 2026-04-25 18:30:00+00:00, run_after=2026-04-26 18:30:00+00:00
[2026-04-26T12:54:12.689+0000] {processor.py:208} INFO - Processing /opt/airflow/dags/kafka_load.py took 0.384 seconds
[2026-04-26T12:54:42.962+0000] {processor.py:186} INFO - Started process (PID=1412) to work on /opt/airflow/dags/kafka_load.py
[2026-04-26T12:54:42.963+0000] {processor.py:914} INFO - Processing file /opt/airflow/dags/kafka_load.py for tasks to queue
[2026-04-26T12:54:42.967+0000] {logging_mixin.py:190} INFO - [2026-04-26T12:54:42.966+0000] {dagbag.py:588} INFO - Filling up the DagBag from /opt/airflow/dags/kafka_load.py
[2026-04-26T12:54:43.008+0000] {processor.py:925} INFO - DAG(s) 'kafka_producer' retrieved from /opt/airflow/dags/kafka_load.py
[2026-04-26T12:54:43.049+0000] {logging_mixin.py:190} INFO - [2026-04-26T12:54:43.048+0000] {dag.py:3239} INFO - Sync 1 DAGs
[2026-04-26T12:54:43.087+0000] {logging_mixin.py:190} INFO - [2026-04-26T12:54:43.086+0000] {dag.py:4180} INFO - Setting next_dagrun for kafka_producer to 2026-04-25 18:30:00+00:00, run_after=2026-04-26 18:30:00+00:00
[2026-04-26T12:54:43.137+0000] {processor.py:208} INFO - Processing /opt/airflow/dags/kafka_load.py took 0.185 seconds
[2026-04-26T12:55:13.669+0000] {processor.py:186} INFO - Started process (PID=1415) to work on /opt/airflow/dags/kafka_load.py
[2026-04-26T12:55:13.671+0000] {processor.py:914} INFO - Processing file /opt/airflow/dags/kafka_load.py for tasks to queue
[2026-04-26T12:55:13.675+0000] {logging_mixin.py:190} INFO - [2026-04-26T12:55:13.674+0000] {dagbag.py:588} INFO - Filling up the DagBag from /opt/airflow/dags/kafka_load.py
[2026-04-26T12:55:13.717+0000] {processor.py:925} INFO - DAG(s) 'kafka_producer' retrieved from /opt/airflow/dags/kafka_load.py
[2026-04-26T12:55:13.749+0000] {logging_mixin.py:190} INFO - [2026-04-26T12:55:13.749+0000] {dag.py:3239} INFO - Sync 1 DAGs
[2026-04-26T12:55:13.783+0000] {logging_mixin.py:190} INFO - [2026-04-26T12:55:13.783+0000] {dag.py:4180} INFO - Setting next_dagrun for kafka_producer to 2026-04-25 18:30:00+00:00, run_after=2026-04-26 18:30:00+00:00
[2026-04-26T12:55:13.811+0000] {processor.py:208} INFO - Processing /opt/airflow/dags/kafka_load.py took 0.151 seconds
[2026-04-26T12:55:44.360+0000] {processor.py:186} INFO - Started process (PID=1418) to work on /opt/airflow/dags/kafka_load.py
[2026-04-26T12:55:44.362+0000] {processor.py:914} INFO - Processing file /opt/airflow/dags/kafka_load.py for tasks to queue
[2026-04-26T12:55:44.367+0000] {logging_mixin.py:190} INFO - [2026-04-26T12:55:44.366+0000] {dagbag.py:588} INFO - Filling up the DagBag from /opt/airflow/dags/kafka_load.py
[2026-04-26T12:55:44.408+0000] {processor.py:925} INFO - DAG(s) 'kafka_producer' retrieved from /opt/airflow/dags/kafka_load.py
[2026-04-26T12:55:44.437+0000] {logging_mixin.py:190} INFO - [2026-04-26T12:55:44.437+0000] {dag.py:3239} INFO - Sync 1 DAGs
[2026-04-26T12:55:44.469+0000] {logging_mixin.py:190} INFO - [2026-04-26T12:55:44.469+0000] {dag.py:4180} INFO - Setting next_dagrun for kafka_producer to 2026-04-25 18:30:00+00:00, run_after=2026-04-26 18:30:00+00:00
[2026-04-26T12:55:44.499+0000] {processor.py:208} INFO - Processing /opt/airflow/dags/kafka_load.py took 0.148 seconds
[2026-04-26T12:56:15.241+0000] {processor.py:186} INFO - Started process (PID=1421) to work on /opt/airflow/dags/kafka_load.py
[2026-04-26T12:56:15.243+0000] {processor.py:914} INFO - Processing file /opt/airflow/dags/kafka_load.py for tasks to queue
[2026-04-26T12:56:15.247+0000] {logging_mixin.py:190} INFO - [2026-04-26T12:56:15.246+0000] {dagbag.py:588} INFO - Filling up the DagBag from /opt/airflow/dags/kafka_load.py
[2026-04-26T12:56:15.284+0000] {processor.py:925} INFO - DAG(s) 'kafka_producer' retrieved from /opt/airflow/dags/kafka_load.py
[2026-04-26T12:56:15.325+0000] {logging_mixin.py:190} INFO - [2026-04-26T12:56:15.324+0000] {dag.py:3239} INFO - Sync 1 DAGs
[2026-04-26T12:56:15.379+0000] {logging_mixin.py:190} INFO - [2026-04-26T12:56:15.379+0000] {dag.py:4180} INFO - Setting next_dagrun for kafka_producer to 2026-04-25 18:30:00+00:00, run_after=2026-04-26 18:30:00+00:00
[2026-04-26T12:56:15.452+0000] {processor.py:208} INFO - Processing /opt/airflow/dags/kafka_load.py took 0.221 seconds
[2026-04-26T12:56:46.412+0000] {processor.py:186} INFO - Started process (PID=1424) to work on /opt/airflow/dags/kafka_load.py
[2026-04-26T12:56:46.414+0000] {processor.py:914} INFO - Processing file /opt/airflow/dags/kafka_load.py for tasks to queue
[2026-04-26T12:56:46.419+0000] {logging_mixin.py:190} INFO - [2026-04-26T12:56:46.418+0000] {dagbag.py:588} INFO - Filling up the DagBag from /opt/airflow/dags/kafka_load.py
[2026-04-26T12:56:46.470+0000] {processor.py:925} INFO - DAG(s) 'kafka_producer' retrieved from /opt/airflow/dags/kafka_load.py
[2026-04-26T12:56:46.504+0000] {logging_mixin.py:190} INFO - [2026-04-26T12:56:46.504+0000] {dag.py:3239} INFO - Sync 1 DAGs
[2026-04-26T12:56:46.544+0000] {logging_mixin.py:190} INFO - [2026-04-26T12:56:46.544+0000] {dag.py:4180} INFO - Setting next_dagrun for kafka_producer to 2026-04-25 18:30:00+00:00, run_after=2026-04-26 18:30:00+00:00
[2026-04-26T12:56:46.577+0000] {processor.py:208} INFO - Processing /opt/airflow/dags/kafka_load.py took 0.175 seconds
[2026-04-26T12:57:16.649+0000] {processor.py:186} INFO - Started process (PID=1427) to work on /opt/airflow/dags/kafka_load.py
[2026-04-26T12:57:16.650+0000] {processor.py:914} INFO - Processing file /opt/airflow/dags/kafka_load.py for tasks to queue
[2026-04-26T12:57:16.654+0000] {logging_mixin.py:190} INFO - [2026-04-26T12:57:16.654+0000] {dagbag.py:588} INFO - Filling up the DagBag from /opt/airflow/dags/kafka_load.py
[2026-04-26T12:57:16.701+0000] {processor.py:925} INFO - DAG(s) 'kafka_producer' retrieved from /opt/airflow/dags/kafka_load.py
[2026-04-26T12:57:16.759+0000] {logging_mixin.py:190} INFO - [2026-04-26T12:57:16.758+0000] {dag.py:3239} INFO - Sync 1 DAGs
[2026-04-26T12:57:16.815+0000] {logging_mixin.py:190} INFO - [2026-04-26T12:57:16.814+0000] {dag.py:4180} INFO - Setting next_dagrun for kafka_producer to 2026-04-25 18:30:00+00:00, run_after=2026-04-26 18:30:00+00:00
[2026-04-26T12:57:16.856+0000] {processor.py:208} INFO - Processing /opt/airflow/dags/kafka_load.py took 0.218 seconds
[2026-04-26T12:57:47.468+0000] {processor.py:186} INFO - Started process (PID=1430) to work on /opt/airflow/dags/kafka_load.py
[2026-04-26T12:57:47.469+0000] {processor.py:914} INFO - Processing file /opt/airflow/dags/kafka_load.py for tasks to queue
[2026-04-26T12:57:47.473+0000] {logging_mixin.py:190} INFO - [2026-04-26T12:57:47.472+0000] {dagbag.py:588} INFO - Filling up the DagBag from /opt/airflow/dags/kafka_load.py
[2026-04-26T12:57:47.511+0000] {processor.py:925} INFO - DAG(s) 'kafka_producer' retrieved from /opt/airflow/dags/kafka_load.py
[2026-04-26T12:57:47.554+0000] {logging_mixin.py:190} INFO - [2026-04-26T12:57:47.554+0000] {dag.py:3239} INFO - Sync 1 DAGs
[2026-04-26T12:57:47.591+0000] {logging_mixin.py:190} INFO - [2026-04-26T12:57:47.591+0000] {dag.py:4180} INFO - Setting next_dagrun for kafka_producer to 2026-04-25 18:30:00+00:00, run_after=2026-04-26 18:30:00+00:00
[2026-04-26T12:57:47.622+0000] {processor.py:208} INFO - Processing /opt/airflow/dags/kafka_load.py took 0.162 seconds
[2026-04-26T12:58:18.029+0000] {processor.py:186} INFO - Started process (PID=1433) to work on /opt/airflow/dags/kafka_load.py
[2026-04-26T12:58:18.031+0000] {processor.py:914} INFO - Processing file /opt/airflow/dags/kafka_load.py for tasks to queue
[2026-04-26T12:58:18.036+0000] {logging_mixin.py:190} INFO - [2026-04-26T12:58:18.035+0000] {dagbag.py:588} INFO - Filling up the DagBag from /opt/airflow/dags/kafka_load.py
[2026-04-26T12:58:18.076+0000] {processor.py:925} INFO - DAG(s) 'kafka_producer' retrieved from /opt/airflow/dags/kafka_load.py
[2026-04-26T12:58:18.129+0000] {logging_mixin.py:190} INFO - [2026-04-26T12:58:18.128+0000] {dag.py:3239} INFO - Sync 1 DAGs
[2026-04-26T12:58:18.171+0000] {logging_mixin.py:190} INFO - [2026-04-26T12:58:18.171+0000] {dag.py:4180} INFO - Setting next_dagrun for kafka_producer to 2026-04-25 18:30:00+00:00, run_after=2026-04-26 18:30:00+00:00
[2026-04-26T12:58:18.203+0000] {processor.py:208} INFO - Processing /opt/airflow/dags/kafka_load.py took 0.184 seconds
[2026-04-26T12:58:49.040+0000] {processor.py:186} INFO - Started process (PID=1436) to work on /opt/airflow/dags/kafka_load.py
[2026-04-26T12:58:49.042+0000] {processor.py:914} INFO - Processing file /opt/airflow/dags/kafka_load.py for tasks to queue
[2026-04-26T12:58:49.057+0000] {logging_mixin.py:190} INFO - [2026-04-26T12:58:49.056+0000] {dagbag.py:588} INFO - Filling up the DagBag from /opt/airflow/dags/kafka_load.py
[2026-04-26T12:58:49.123+0000] {processor.py:925} INFO - DAG(s) 'kafka_producer' retrieved from /opt/airflow/dags/kafka_load.py
[2026-04-26T12:58:49.158+0000] {logging_mixin.py:190} INFO - [2026-04-26T12:58:49.157+0000] {dag.py:3239} INFO - Sync 1 DAGs
[2026-04-26T12:58:49.196+0000] {logging_mixin.py:190} INFO - [2026-04-26T12:58:49.196+0000] {dag.py:4180} INFO - Setting next_dagrun for kafka_producer to 2026-04-25 18:30:00+00:00, run_after=2026-04-26 18:30:00+00:00
[2026-04-26T12:58:49.241+0000] {processor.py:208} INFO - Processing /opt/airflow/dags/kafka_load.py took 0.217 seconds
[2026-04-26T12:59:19.895+0000] {processor.py:186} INFO - Started process (PID=1439) to work on /opt/airflow/dags/kafka_load.py
[2026-04-26T12:59:19.897+0000] {processor.py:914} INFO - Processing file /opt/airflow/dags/kafka_load.py for tasks to queue
[2026-04-26T12:59:19.901+0000] {logging_mixin.py:190} INFO - [2026-04-26T12:59:19.900+0000] {dagbag.py:588} INFO - Filling up the DagBag from /opt/airflow/dags/kafka_load.py
[2026-04-26T12:59:19.936+0000] {processor.py:925} INFO - DAG(s) 'kafka_producer' retrieved from /opt/airflow/dags/kafka_load.py
[2026-04-26T12:59:19.983+0000] {logging_mixin.py:190} INFO - [2026-04-26T12:59:19.983+0000] {dag.py:3239} INFO - Sync 1 DAGs
[2026-04-26T12:59:20.022+0000] {logging_mixin.py:190} INFO - [2026-04-26T12:59:20.022+0000] {dag.py:4180} INFO - Setting next_dagrun for kafka_producer to 2026-04-25 18:30:00+00:00, run_after=2026-04-26 18:30:00+00:00
[2026-04-26T12:59:20.063+0000] {processor.py:208} INFO - Processing /opt/airflow/dags/kafka_load.py took 0.186 seconds
[2026-04-26T12:59:50.485+0000] {processor.py:186} INFO - Started process (PID=1442) to work on /opt/airflow/dags/kafka_load.py
[2026-04-26T12:59:50.487+0000] {processor.py:914} INFO - Processing file /opt/airflow/dags/kafka_load.py for tasks to queue
[2026-04-26T12:59:50.490+0000] {logging_mixin.py:190} INFO - [2026-04-26T12:59:50.490+0000] {dagbag.py:588} INFO - Filling up the DagBag from /opt/airflow/dags/kafka_load.py
[2026-04-26T12:59:50.532+0000] {processor.py:925} INFO - DAG(s) 'kafka_producer' retrieved from /opt/airflow/dags/kafka_load.py
[2026-04-26T12:59:50.562+0000] {logging_mixin.py:190} INFO - [2026-04-26T12:59:50.562+0000] {dag.py:3239} INFO - Sync 1 DAGs
[2026-04-26T12:59:50.593+0000] {logging_mixin.py:190} INFO - [2026-04-26T12:59:50.593+0000] {dag.py:4180} INFO - Setting next_dagrun for kafka_producer to 2026-04-25 18:30:00+00:00, run_after=2026-04-26 18:30:00+00:00
[2026-04-26T12:59:50.623+0000] {processor.py:208} INFO - Processing /opt/airflow/dags/kafka_load.py took 0.147 seconds
[2026-04-26T13:00:21.415+0000] {processor.py:186} INFO - Started process (PID=1445) to work on /opt/airflow/dags/kafka_load.py
[2026-04-26T13:00:21.417+0000] {processor.py:914} INFO - Processing file /opt/airflow/dags/kafka_load.py for tasks to queue
[2026-04-26T13:00:21.420+0000] {logging_mixin.py:190} INFO - [2026-04-26T13:00:21.420+0000] {dagbag.py:588} INFO - Filling up the DagBag from /opt/airflow/dags/kafka_load.py
[2026-04-26T13:00:21.453+0000] {processor.py:925} INFO - DAG(s) 'kafka_producer' retrieved from /opt/airflow/dags/kafka_load.py
[2026-04-26T13:00:21.482+0000] {logging_mixin.py:190} INFO - [2026-04-26T13:00:21.481+0000] {dag.py:3239} INFO - Sync 1 DAGs
[2026-04-26T13:00:21.512+0000] {logging_mixin.py:190} INFO - [2026-04-26T13:00:21.512+0000] {dag.py:4180} INFO - Setting next_dagrun for kafka_producer to 2026-04-25 18:30:00+00:00, run_after=2026-04-26 18:30:00+00:00
[2026-04-26T13:00:21.544+0000] {processor.py:208} INFO - Processing /opt/airflow/dags/kafka_load.py took 0.137 seconds
[2026-04-26T13:00:52.000+0000] {processor.py:186} INFO - Started process (PID=1448) to work on /opt/airflow/dags/kafka_load.py
[2026-04-26T13:00:52.001+0000] {processor.py:914} INFO - Processing file /opt/airflow/dags/kafka_load.py for tasks to queue
[2026-04-26T13:00:52.005+0000] {logging_mixin.py:190} INFO - [2026-04-26T13:00:52.005+0000] {dagbag.py:588} INFO - Filling up the DagBag from /opt/airflow/dags/kafka_load.py
[2026-04-26T13:00:52.045+0000] {processor.py:925} INFO - DAG(s) 'kafka_producer' retrieved from /opt/airflow/dags/kafka_load.py
[2026-04-26T13:00:52.074+0000] {logging_mixin.py:190} INFO - [2026-04-26T13:00:52.073+0000] {dag.py:3239} INFO - Sync 1 DAGs
[2026-04-26T13:00:52.108+0000] {logging_mixin.py:190} INFO - [2026-04-26T13:00:52.108+0000] {dag.py:4180} INFO - Setting next_dagrun for kafka_producer to 2026-04-25 18:30:00+00:00, run_after=2026-04-26 18:30:00+00:00
[2026-04-26T13:00:52.137+0000] {processor.py:208} INFO - Processing /opt/airflow/dags/kafka_load.py took 0.146 seconds
[2026-04-26T13:01:22.658+0000] {processor.py:186} INFO - Started process (PID=1451) to work on /opt/airflow/dags/kafka_load.py
[2026-04-26T13:01:22.659+0000] {processor.py:914} INFO - Processing file /opt/airflow/dags/kafka_load.py for tasks to queue
[2026-04-26T13:01:22.663+0000] {logging_mixin.py:190} INFO - [2026-04-26T13:01:22.662+0000] {dagbag.py:588} INFO - Filling up the DagBag from /opt/airflow/dags/kafka_load.py
[2026-04-26T13:01:22.703+0000] {processor.py:925} INFO - DAG(s) 'kafka_producer' retrieved from /opt/airflow/dags/kafka_load.py
[2026-04-26T13:01:22.733+0000] {logging_mixin.py:190} INFO - [2026-04-26T13:01:22.732+0000] {dag.py:3239} INFO - Sync 1 DAGs
[2026-04-26T13:01:22.766+0000] {logging_mixin.py:190} INFO - [2026-04-26T13:01:22.765+0000] {dag.py:4180} INFO - Setting next_dagrun for kafka_producer to 2026-04-25 18:30:00+00:00, run_after=2026-04-26 18:30:00+00:00
[2026-04-26T13:01:22.795+0000] {processor.py:208} INFO - Processing /opt/airflow/dags/kafka_load.py took 0.145 seconds
[2026-04-26T13:01:53.074+0000] {processor.py:186} INFO - Started process (PID=1454) to work on /opt/airflow/dags/kafka_load.py
[2026-04-26T13:01:53.076+0000] {processor.py:914} INFO - Processing file /opt/airflow/dags/kafka_load.py for tasks to queue
[2026-04-26T13:01:53.082+0000] {logging_mixin.py:190} INFO - [2026-04-26T13:01:53.081+0000] {dagbag.py:588} INFO - Filling up the DagBag from /opt/airflow/dags/kafka_load.py
[2026-04-26T13:01:53.122+0000] {processor.py:925} INFO - DAG(s) 'kafka_producer' retrieved from /opt/airflow/dags/kafka_load.py
[2026-04-26T13:01:53.159+0000] {logging_mixin.py:190} INFO - [2026-04-26T13:01:53.158+0000] {dag.py:3239} INFO - Sync 1 DAGs
[2026-04-26T13:01:53.207+0000] {logging_mixin.py:190} INFO - [2026-04-26T13:01:53.207+0000] {dag.py:4180} INFO - Setting next_dagrun for kafka_producer to 2026-04-25 18:30:00+00:00, run_after=2026-04-26 18:30:00+00:00
[2026-04-26T13:01:53.233+0000] {processor.py:208} INFO - Processing /opt/airflow/dags/kafka_load.py took 0.170 seconds
[2026-04-26T13:02:23.695+0000] {processor.py:186} INFO - Started process (PID=1457) to work on /opt/airflow/dags/kafka_load.py
[2026-04-26T13:02:23.697+0000] {processor.py:914} INFO - Processing file /opt/airflow/dags/kafka_load.py for tasks to queue
[2026-04-26T13:02:23.708+0000] {logging_mixin.py:190} INFO - [2026-04-26T13:02:23.701+0000] {dagbag.py:588} INFO - Filling up the DagBag from /opt/airflow/dags/kafka_load.py
[2026-04-26T13:02:23.779+0000] {processor.py:925} INFO - DAG(s) 'kafka_producer' retrieved from /opt/airflow/dags/kafka_load.py
[2026-04-26T13:02:23.829+0000] {logging_mixin.py:190} INFO - [2026-04-26T13:02:23.828+0000] {dag.py:3239} INFO - Sync 1 DAGs
[2026-04-26T13:02:23.864+0000] {logging_mixin.py:190} INFO - [2026-04-26T13:02:23.864+0000] {dag.py:4180} INFO - Setting next_dagrun for kafka_producer to 2026-04-25 18:30:00+00:00, run_after=2026-04-26 18:30:00+00:00
[2026-04-26T13:02:23.894+0000] {processor.py:208} INFO - Processing /opt/airflow/dags/kafka_load.py took 0.212 seconds
[2026-04-26T13:02:54.451+0000] {processor.py:186} INFO - Started process (PID=1460) to work on /opt/airflow/dags/kafka_load.py
[2026-04-26T13:02:54.452+0000] {processor.py:914} INFO - Processing file /opt/airflow/dags/kafka_load.py for tasks to queue
[2026-04-26T13:02:54.455+0000] {logging_mixin.py:190} INFO - [2026-04-26T13:02:54.455+0000] {dagbag.py:588} INFO - Filling up the DagBag from /opt/airflow/dags/kafka_load.py
[2026-04-26T13:02:54.485+0000] {processor.py:925} INFO - DAG(s) 'kafka_producer' retrieved from /opt/airflow/dags/kafka_load.py
[2026-04-26T13:02:54.510+0000] {logging_mixin.py:190} INFO - [2026-04-26T13:02:54.510+0000] {dag.py:3239} INFO - Sync 1 DAGs
[2026-04-26T13:02:54.541+0000] {logging_mixin.py:190} INFO - [2026-04-26T13:02:54.541+0000] {dag.py:4180} INFO - Setting next_dagrun for kafka_producer to 2026-04-25 18:30:00+00:00, run_after=2026-04-26 18:30:00+00:00
[2026-04-26T13:02:54.577+0000] {processor.py:208} INFO - Processing /opt/airflow/dags/kafka_load.py took 0.136 seconds
[2026-04-26T13:03:24.979+0000] {processor.py:186} INFO - Started process (PID=1463) to work on /opt/airflow/dags/kafka_load.py
[2026-04-26T13:03:24.980+0000] {processor.py:914} INFO - Processing file /opt/airflow/dags/kafka_load.py for tasks to queue
[2026-04-26T13:03:24.985+0000] {logging_mixin.py:190} INFO - [2026-04-26T13:03:24.984+0000] {dagbag.py:588} INFO - Filling up the DagBag from /opt/airflow/dags/kafka_load.py
[2026-04-26T13:03:25.041+0000] {processor.py:925} INFO - DAG(s) 'kafka_producer' retrieved from /opt/airflow/dags/kafka_load.py
[2026-04-26T13:03:25.069+0000] {logging_mixin.py:190} INFO - [2026-04-26T13:03:25.069+0000] {dag.py:3239} INFO - Sync 1 DAGs
[2026-04-26T13:03:25.102+0000] {logging_mixin.py:190} INFO - [2026-04-26T13:03:25.102+0000] {dag.py:4180} INFO - Setting next_dagrun for kafka_producer to 2026-04-25 18:30:00+00:00, run_after=2026-04-26 18:30:00+00:00
[2026-04-26T13:03:25.131+0000] {processor.py:208} INFO - Processing /opt/airflow/dags/kafka_load.py took 0.161 seconds
[2026-04-26T13:03:55.378+0000] {processor.py:186} INFO - Started process (PID=1466) to work on /opt/airflow/dags/kafka_load.py
[2026-04-26T13:03:55.380+0000] {processor.py:914} INFO - Processing file /opt/airflow/dags/kafka_load.py for tasks to queue
[2026-04-26T13:03:55.383+0000] {logging_mixin.py:190} INFO - [2026-04-26T13:03:55.383+0000] {dagbag.py:588} INFO - Filling up the DagBag from /opt/airflow/dags/kafka_load.py
[2026-04-26T13:03:55.420+0000] {processor.py:925} INFO - DAG(s) 'kafka_producer' retrieved from /opt/airflow/dags/kafka_load.py
[2026-04-26T13:03:55.449+0000] {logging_mixin.py:190} INFO - [2026-04-26T13:03:55.448+0000] {dag.py:3239} INFO - Sync 1 DAGs
[2026-04-26T13:03:55.482+0000] {logging_mixin.py:190} INFO - [2026-04-26T13:03:55.482+0000] {dag.py:4180} INFO - Setting next_dagrun for kafka_producer to 2026-04-25 18:30:00+00:00, run_after=2026-04-26 18:30:00+00:00
[2026-04-26T13:03:55.508+0000] {processor.py:208} INFO - Processing /opt/airflow/dags/kafka_load.py took 0.139 seconds
[2026-04-26T13:04:26.031+0000] {processor.py:186} INFO - Started process (PID=1469) to work on /opt/airflow/dags/kafka_load.py
[2026-04-26T13:04:26.034+0000] {processor.py:914} INFO - Processing file /opt/airflow/dags/kafka_load.py for tasks to queue
[2026-04-26T13:04:26.040+0000] {logging_mixin.py:190} INFO - [2026-04-26T13:04:26.039+0000] {dagbag.py:588} INFO - Filling up the DagBag from /opt/airflow/dags/kafka_load.py
[2026-04-26T13:04:26.086+0000] {processor.py:925} INFO - DAG(s) 'kafka_producer' retrieved from /opt/airflow/dags/kafka_load.py
[2026-04-26T13:04:26.129+0000] {logging_mixin.py:190} INFO - [2026-04-26T13:04:26.129+0000] {dag.py:3239} INFO - Sync 1 DAGs
[2026-04-26T13:04:26.162+0000] {logging_mixin.py:190} INFO - [2026-04-26T13:04:26.162+0000] {dag.py:4180} INFO - Setting next_dagrun for kafka_producer to 2026-04-25 18:30:00+00:00, run_after=2026-04-26 18:30:00+00:00
[2026-04-26T13:04:26.188+0000] {processor.py:208} INFO - Processing /opt/airflow/dags/kafka_load.py took 0.170 seconds
[2026-04-26T13:04:56.463+0000] {processor.py:186} INFO - Started process (PID=1472) to work on /opt/airflow/dags/kafka_load.py
[2026-04-26T13:04:56.468+0000] {processor.py:914} INFO - Processing file /opt/airflow/dags/kafka_load.py for tasks to queue
[2026-04-26T13:04:56.482+0000] {logging_mixin.py:190} INFO - [2026-04-26T13:04:56.479+0000] {dagbag.py:588} INFO - Filling up the DagBag from /opt/airflow/dags/kafka_load.py
[2026-04-26T13:04:56.532+0000] {processor.py:925} INFO - DAG(s) 'kafka_producer' retrieved from /opt/airflow/dags/kafka_load.py
[2026-04-26T13:04:56.574+0000] {logging_mixin.py:190} INFO - [2026-04-26T13:04:56.573+0000] {dag.py:3239} INFO - Sync 1 DAGs
[2026-04-26T13:04:56.610+0000] {logging_mixin.py:190} INFO - [2026-04-26T13:04:56.610+0000] {dag.py:4180} INFO - Setting next_dagrun for kafka_producer to 2026-04-25 18:30:00+00:00, run_after=2026-04-26 18:30:00+00:00
[2026-04-26T13:04:56.665+0000] {processor.py:208} INFO - Processing /opt/airflow/dags/kafka_load.py took 0.225 seconds
[2026-04-26T13:05:27.068+0000] {processor.py:186} INFO - Started process (PID=1475) to work on /opt/airflow/dags/kafka_load.py
[2026-04-26T13:05:27.072+0000] {processor.py:914} INFO - Processing file /opt/airflow/dags/kafka_load.py for tasks to queue
[2026-04-26T13:05:27.076+0000] {logging_mixin.py:190} INFO - [2026-04-26T13:05:27.075+0000] {dagbag.py:588} INFO - Filling up the DagBag from /opt/airflow/dags/kafka_load.py
[2026-04-26T13:05:27.128+0000] {processor.py:925} INFO - DAG(s) 'kafka_producer' retrieved from /opt/airflow/dags/kafka_load.py
[2026-04-26T13:05:27.172+0000] {logging_mixin.py:190} INFO - [2026-04-26T13:05:27.171+0000] {dag.py:3239} INFO - Sync 1 DAGs
[2026-04-26T13:05:27.235+0000] {logging_mixin.py:190} INFO - [2026-04-26T13:05:27.235+0000] {dag.py:4180} INFO - Setting next_dagrun for kafka_producer to 2026-04-25 18:30:00+00:00, run_after=2026-04-26 18:30:00+00:00
[2026-04-26T13:05:27.272+0000] {processor.py:208} INFO - Processing /opt/airflow/dags/kafka_load.py took 0.217 seconds
[2026-04-26T13:05:57.869+0000] {processor.py:186} INFO - Started process (PID=1478) to work on /opt/airflow/dags/kafka_load.py
[2026-04-26T13:05:57.874+0000] {processor.py:914} INFO - Processing file /opt/airflow/dags/kafka_load.py for tasks to queue
[2026-04-26T13:05:57.878+0000] {logging_mixin.py:190} INFO - [2026-04-26T13:05:57.878+0000] {dagbag.py:588} INFO - Filling up the DagBag from /opt/airflow/dags/kafka_load.py
[2026-04-26T13:05:57.913+0000] {processor.py:925} INFO - DAG(s) 'kafka_producer' retrieved from /opt/airflow/dags/kafka_load.py
[2026-04-26T13:05:57.948+0000] {logging_mixin.py:190} INFO - [2026-04-26T13:05:57.947+0000] {dag.py:3239} INFO - Sync 1 DAGs
[2026-04-26T13:05:58.014+0000] {logging_mixin.py:190} INFO - [2026-04-26T13:05:58.013+0000] {dag.py:4180} INFO - Setting next_dagrun for kafka_producer to 2026-04-25 18:30:00+00:00, run_after=2026-04-26 18:30:00+00:00
[2026-04-26T13:05:58.092+0000] {processor.py:208} INFO - Processing /opt/airflow/dags/kafka_load.py took 0.231 seconds
[2026-04-26T13:06:28.748+0000] {processor.py:186} INFO - Started process (PID=1481) to work on /opt/airflow/dags/kafka_load.py
[2026-04-26T13:06:28.750+0000] {processor.py:914} INFO - Processing file /opt/airflow/dags/kafka_load.py for tasks to queue
[2026-04-26T13:06:28.755+0000] {logging_mixin.py:190} INFO - [2026-04-26T13:06:28.754+0000] {dagbag.py:588} INFO - Filling up the DagBag from /opt/airflow/dags/kafka_load.py
[2026-04-26T13:06:28.793+0000] {processor.py:925} INFO - DAG(s) 'kafka_producer' retrieved from /opt/airflow/dags/kafka_load.py
[2026-04-26T13:06:28.824+0000] {logging_mixin.py:190} INFO - [2026-04-26T13:06:28.824+0000] {dag.py:3239} INFO - Sync 1 DAGs
[2026-04-26T13:06:28.857+0000] {logging_mixin.py:190} INFO - [2026-04-26T13:06:28.857+0000] {dag.py:4180} INFO - Setting next_dagrun for kafka_producer to 2026-04-25 18:30:00+00:00, run_after=2026-04-26 18:30:00+00:00
[2026-04-26T13:06:28.882+0000] {processor.py:208} INFO - Processing /opt/airflow/dags/kafka_load.py took 0.141 seconds
[2026-04-26T13:06:59.262+0000] {processor.py:186} INFO - Started process (PID=1484) to work on /opt/airflow/dags/kafka_load.py
[2026-04-26T13:06:59.263+0000] {processor.py:914} INFO - Processing file /opt/airflow/dags/kafka_load.py for tasks to queue
[2026-04-26T13:06:59.267+0000] {logging_mixin.py:190} INFO - [2026-04-26T13:06:59.266+0000] {dagbag.py:588} INFO - Filling up the DagBag from /opt/airflow/dags/kafka_load.py
[2026-04-26T13:06:59.387+0000] {processor.py:925} INFO - DAG(s) 'kafka_producer' retrieved from /opt/airflow/dags/kafka_load.py
[2026-04-26T13:06:59.476+0000] {logging_mixin.py:190} INFO - [2026-04-26T13:06:59.476+0000] {dag.py:3239} INFO - Sync 1 DAGs
[2026-04-26T13:06:59.536+0000] {logging_mixin.py:190} INFO - [2026-04-26T13:06:59.536+0000] {dag.py:4180} INFO - Setting next_dagrun for kafka_producer to 2026-04-25 18:30:00+00:00, run_after=2026-04-26 18:30:00+00:00
[2026-04-26T13:06:59.598+0000] {processor.py:208} INFO - Processing /opt/airflow/dags/kafka_load.py took 0.351 seconds
[2026-04-26T13:07:29.863+0000] {processor.py:186} INFO - Started process (PID=1487) to work on /opt/airflow/dags/kafka_load.py
[2026-04-26T13:07:29.865+0000] {processor.py:914} INFO - Processing file /opt/airflow/dags/kafka_load.py for tasks to queue
[2026-04-26T13:07:29.870+0000] {logging_mixin.py:190} INFO - [2026-04-26T13:07:29.869+0000] {dagbag.py:588} INFO - Filling up the DagBag from /opt/airflow/dags/kafka_load.py
[2026-04-26T13:07:29.916+0000] {processor.py:925} INFO - DAG(s) 'kafka_producer' retrieved from /opt/airflow/dags/kafka_load.py
[2026-04-26T13:07:29.949+0000] {logging_mixin.py:190} INFO - [2026-04-26T13:07:29.949+0000] {dag.py:3239} INFO - Sync 1 DAGs
[2026-04-26T13:07:29.984+0000] {logging_mixin.py:190} INFO - [2026-04-26T13:07:29.984+0000] {dag.py:4180} INFO - Setting next_dagrun for kafka_producer to 2026-04-25 18:30:00+00:00, run_after=2026-04-26 18:30:00+00:00
[2026-04-26T13:07:30.012+0000] {processor.py:208} INFO - Processing /opt/airflow/dags/kafka_load.py took 0.166 seconds
[2026-04-26T13:08:00.456+0000] {processor.py:186} INFO - Started process (PID=1490) to work on /opt/airflow/dags/kafka_load.py
[2026-04-26T13:08:00.458+0000] {processor.py:914} INFO - Processing file /opt/airflow/dags/kafka_load.py for tasks to queue
[2026-04-26T13:08:00.462+0000] {logging_mixin.py:190} INFO - [2026-04-26T13:08:00.461+0000] {dagbag.py:588} INFO - Filling up the DagBag from /opt/airflow/dags/kafka_load.py
[2026-04-26T13:08:00.524+0000] {processor.py:925} INFO - DAG(s) 'kafka_producer' retrieved from /opt/airflow/dags/kafka_load.py
[2026-04-26T13:08:00.567+0000] {logging_mixin.py:190} INFO - [2026-04-26T13:08:00.566+0000] {dag.py:3239} INFO - Sync 1 DAGs
[2026-04-26T13:08:00.612+0000] {logging_mixin.py:190} INFO - [2026-04-26T13:08:00.611+0000] {dag.py:4180} INFO - Setting next_dagrun for kafka_producer to 2026-04-25 18:30:00+00:00, run_after=2026-04-26 18:30:00+00:00
[2026-04-26T13:08:00.647+0000] {processor.py:208} INFO - Processing /opt/airflow/dags/kafka_load.py took 0.199 seconds
[2026-04-26T13:08:30.889+0000] {processor.py:186} INFO - Started process (PID=1493) to work on /opt/airflow/dags/kafka_load.py
[2026-04-26T13:08:30.972+0000] {processor.py:914} INFO - Processing file /opt/airflow/dags/kafka_load.py for tasks to queue
[2026-04-26T13:08:31.001+0000] {logging_mixin.py:190} INFO - [2026-04-26T13:08:31.001+0000] {dagbag.py:588} INFO - Filling up the DagBag from /opt/airflow/dags/kafka_load.py
[2026-04-26T13:08:31.161+0000] {processor.py:925} INFO - DAG(s) 'kafka_producer' retrieved from /opt/airflow/dags/kafka_load.py
[2026-04-26T13:08:31.189+0000] {logging_mixin.py:190} INFO - [2026-04-26T13:08:31.188+0000] {dag.py:3239} INFO - Sync 1 DAGs
[2026-04-26T13:08:31.222+0000] {logging_mixin.py:190} INFO - [2026-04-26T13:08:31.222+0000] {dag.py:4180} INFO - Setting next_dagrun for kafka_producer to 2026-04-25 18:30:00+00:00, run_after=2026-04-26 18:30:00+00:00
[2026-04-26T13:08:31.250+0000] {processor.py:208} INFO - Processing /opt/airflow/dags/kafka_load.py took 0.370 seconds
[2026-04-26T13:09:01.639+0000] {processor.py:186} INFO - Started process (PID=1496) to work on /opt/airflow/dags/kafka_load.py
[2026-04-26T13:09:01.641+0000] {processor.py:914} INFO - Processing file /opt/airflow/dags/kafka_load.py for tasks to queue
[2026-04-26T13:09:01.645+0000] {logging_mixin.py:190} INFO - [2026-04-26T13:09:01.644+0000] {dagbag.py:588} INFO - Filling up the DagBag from /opt/airflow/dags/kafka_load.py
[2026-04-26T13:09:01.677+0000] {processor.py:925} INFO - DAG(s) 'kafka_producer' retrieved from /opt/airflow/dags/kafka_load.py
[2026-04-26T13:09:01.704+0000] {logging_mixin.py:190} INFO - [2026-04-26T13:09:01.704+0000] {dag.py:3239} INFO - Sync 1 DAGs
[2026-04-26T13:09:01.743+0000] {logging_mixin.py:190} INFO - [2026-04-26T13:09:01.743+0000] {dag.py:4180} INFO - Setting next_dagrun for kafka_producer to 2026-04-25 18:30:00+00:00, run_after=2026-04-26 18:30:00+00:00
[2026-04-26T13:09:01.773+0000] {processor.py:208} INFO - Processing /opt/airflow/dags/kafka_load.py took 0.142 seconds
[2026-04-26T13:09:32.249+0000] {processor.py:186} INFO - Started process (PID=1499) to work on /opt/airflow/dags/kafka_load.py
[2026-04-26T13:09:32.250+0000] {processor.py:914} INFO - Processing file /opt/airflow/dags/kafka_load.py for tasks to queue
[2026-04-26T13:09:32.253+0000] {logging_mixin.py:190} INFO - [2026-04-26T13:09:32.253+0000] {dagbag.py:588} INFO - Filling up the DagBag from /opt/airflow/dags/kafka_load.py
[2026-04-26T13:09:32.296+0000] {processor.py:925} INFO - DAG(s) 'kafka_producer' retrieved from /opt/airflow/dags/kafka_load.py
[2026-04-26T13:09:32.327+0000] {logging_mixin.py:190} INFO - [2026-04-26T13:09:32.327+0000] {dag.py:3239} INFO - Sync 1 DAGs
[2026-04-26T13:09:32.361+0000] {logging_mixin.py:190} INFO - [2026-04-26T13:09:32.361+0000] {dag.py:4180} INFO - Setting next_dagrun for kafka_producer to 2026-04-25 18:30:00+00:00, run_after=2026-04-26 18:30:00+00:00
[2026-04-26T13:09:32.387+0000] {processor.py:208} INFO - Processing /opt/airflow/dags/kafka_load.py took 0.147 seconds
[2026-04-26T13:10:02.802+0000] {processor.py:186} INFO - Started process (PID=1502) to work on /opt/airflow/dags/kafka_load.py
[2026-04-26T13:10:02.806+0000] {processor.py:914} INFO - Processing file /opt/airflow/dags/kafka_load.py for tasks to queue
[2026-04-26T13:10:02.810+0000] {logging_mixin.py:190} INFO - [2026-04-26T13:10:02.810+0000] {dagbag.py:588} INFO - Filling up the DagBag from /opt/airflow/dags/kafka_load.py
[2026-04-26T13:10:02.846+0000] {processor.py:925} INFO - DAG(s) 'kafka_producer' retrieved from /opt/airflow/dags/kafka_load.py
[2026-04-26T13:10:02.873+0000] {logging_mixin.py:190} INFO - [2026-04-26T13:10:02.873+0000] {dag.py:3239} INFO - Sync 1 DAGs
[2026-04-26T13:10:02.910+0000] {logging_mixin.py:190} INFO - [2026-04-26T13:10:02.910+0000] {dag.py:4180} INFO - Setting next_dagrun for kafka_producer to 2026-04-25 18:30:00+00:00, run_after=2026-04-26 18:30:00+00:00
[2026-04-26T13:10:02.936+0000] {processor.py:208} INFO - Processing /opt/airflow/dags/kafka_load.py took 0.146 seconds
[2026-04-26T13:10:33.327+0000] {processor.py:186} INFO - Started process (PID=1505) to work on /opt/airflow/dags/kafka_load.py
[2026-04-26T13:10:33.328+0000] {processor.py:914} INFO - Processing file /opt/airflow/dags/kafka_load.py for tasks to queue
[2026-04-26T13:10:33.331+0000] {logging_mixin.py:190} INFO - [2026-04-26T13:10:33.331+0000] {dagbag.py:588} INFO - Filling up the DagBag from /opt/airflow/dags/kafka_load.py
[2026-04-26T13:10:33.367+0000] {processor.py:925} INFO - DAG(s) 'kafka_producer' retrieved from /opt/airflow/dags/kafka_load.py
[2026-04-26T13:10:33.395+0000] {logging_mixin.py:190} INFO - [2026-04-26T13:10:33.395+0000] {dag.py:3239} INFO - Sync 1 DAGs
[2026-04-26T13:10:33.429+0000] {logging_mixin.py:190} INFO - [2026-04-26T13:10:33.428+0000] {dag.py:4180} INFO - Setting next_dagrun for kafka_producer to 2026-04-25 18:30:00+00:00, run_after=2026-04-26 18:30:00+00:00
[2026-04-26T13:10:33.459+0000] {processor.py:208} INFO - Processing /opt/airflow/dags/kafka_load.py took 0.143 seconds
[2026-04-26T13:11:03.730+0000] {processor.py:186} INFO - Started process (PID=1508) to work on /opt/airflow/dags/kafka_load.py
[2026-04-26T13:11:03.732+0000] {processor.py:914} INFO - Processing file /opt/airflow/dags/kafka_load.py for tasks to queue
[2026-04-26T13:11:03.736+0000] {logging_mixin.py:190} INFO - [2026-04-26T13:11:03.736+0000] {dagbag.py:588} INFO - Filling up the DagBag from /opt/airflow/dags/kafka_load.py
[2026-04-26T13:11:03.774+0000] {processor.py:925} INFO - DAG(s) 'kafka_producer' retrieved from /opt/airflow/dags/kafka_load.py
[2026-04-26T13:11:03.804+0000] {logging_mixin.py:190} INFO - [2026-04-26T13:11:03.804+0000] {dag.py:3239} INFO - Sync 1 DAGs
[2026-04-26T13:11:03.835+0000] {logging_mixin.py:190} INFO - [2026-04-26T13:11:03.835+0000] {dag.py:4180} INFO - Setting next_dagrun for kafka_producer to 2026-04-25 18:30:00+00:00, run_after=2026-04-26 18:30:00+00:00
[2026-04-26T13:11:06.478+0000] {processor.py:208} INFO - Processing /opt/airflow/dags/kafka_load.py took 2.760 seconds
[2026-04-26T13:11:37.358+0000] {processor.py:186} INFO - Started process (PID=1511) to work on /opt/airflow/dags/kafka_load.py
[2026-04-26T13:11:37.359+0000] {processor.py:914} INFO - Processing file /opt/airflow/dags/kafka_load.py for tasks to queue
[2026-04-26T13:11:37.363+0000] {logging_mixin.py:190} INFO - [2026-04-26T13:11:37.362+0000] {dagbag.py:588} INFO - Filling up the DagBag from /opt/airflow/dags/kafka_load.py
[2026-04-26T13:11:37.402+0000] {processor.py:925} INFO - DAG(s) 'kafka_producer' retrieved from /opt/airflow/dags/kafka_load.py
[2026-04-26T13:11:37.434+0000] {logging_mixin.py:190} INFO - [2026-04-26T13:11:37.433+0000] {dag.py:3239} INFO - Sync 1 DAGs
[2026-04-26T13:11:37.510+0000] {logging_mixin.py:190} INFO - [2026-04-26T13:11:37.509+0000] {dag.py:4180} INFO - Setting next_dagrun for kafka_producer to 2026-04-25 18:30:00+00:00, run_after=2026-04-26 18:30:00+00:00
[2026-04-26T13:11:37.549+0000] {processor.py:208} INFO - Processing /opt/airflow/dags/kafka_load.py took 0.201 seconds
[2026-04-26T13:12:08.144+0000] {processor.py:186} INFO - Started process (PID=1514) to work on /opt/airflow/dags/kafka_load.py
[2026-04-26T13:12:08.145+0000] {processor.py:914} INFO - Processing file /opt/airflow/dags/kafka_load.py for tasks to queue
[2026-04-26T13:12:08.149+0000] {logging_mixin.py:190} INFO - [2026-04-26T13:12:08.149+0000] {dagbag.py:588} INFO - Filling up the DagBag from /opt/airflow/dags/kafka_load.py
[2026-04-26T13:12:08.192+0000] {processor.py:925} INFO - DAG(s) 'kafka_producer' retrieved from /opt/airflow/dags/kafka_load.py
[2026-04-26T13:12:08.221+0000] {logging_mixin.py:190} INFO - [2026-04-26T13:12:08.221+0000] {dag.py:3239} INFO - Sync 1 DAGs
[2026-04-26T13:12:08.260+0000] {logging_mixin.py:190} INFO - [2026-04-26T13:12:08.260+0000] {dag.py:4180} INFO - Setting next_dagrun for kafka_producer to 2026-04-25 18:30:00+00:00, run_after=2026-04-26 18:30:00+00:00
[2026-04-26T13:12:08.288+0000] {processor.py:208} INFO - Processing /opt/airflow/dags/kafka_load.py took 0.153 seconds
[2026-04-26T13:12:39.046+0000] {processor.py:186} INFO - Started process (PID=1517) to work on /opt/airflow/dags/kafka_load.py
[2026-04-26T13:12:39.047+0000] {processor.py:914} INFO - Processing file /opt/airflow/dags/kafka_load.py for tasks to queue
[2026-04-26T13:12:39.052+0000] {logging_mixin.py:190} INFO - [2026-04-26T13:12:39.051+0000] {dagbag.py:588} INFO - Filling up the DagBag from /opt/airflow/dags/kafka_load.py
[2026-04-26T13:12:39.204+0000] {processor.py:925} INFO - DAG(s) 'kafka_producer' retrieved from /opt/airflow/dags/kafka_load.py
[2026-04-26T13:12:39.253+0000] {logging_mixin.py:190} INFO - [2026-04-26T13:12:39.252+0000] {dag.py:3239} INFO - Sync 1 DAGs
[2026-04-26T13:12:39.310+0000] {logging_mixin.py:190} INFO - [2026-04-26T13:12:39.310+0000] {dag.py:4180} INFO - Setting next_dagrun for kafka_producer to 2026-04-25 18:30:00+00:00, run_after=2026-04-26 18:30:00+00:00
[2026-04-26T13:12:39.341+0000] {processor.py:208} INFO - Processing /opt/airflow/dags/kafka_load.py took 0.306 seconds
[2026-04-26T13:13:09.825+0000] {processor.py:186} INFO - Started process (PID=1520) to work on /opt/airflow/dags/kafka_load.py
[2026-04-26T13:13:09.827+0000] {processor.py:914} INFO - Processing file /opt/airflow/dags/kafka_load.py for tasks to queue
[2026-04-26T13:13:09.831+0000] {logging_mixin.py:190} INFO - [2026-04-26T13:13:09.831+0000] {dagbag.py:588} INFO - Filling up the DagBag from /opt/airflow/dags/kafka_load.py
[2026-04-26T13:13:09.875+0000] {processor.py:925} INFO - DAG(s) 'kafka_producer' retrieved from /opt/airflow/dags/kafka_load.py
[2026-04-26T13:13:09.905+0000] {logging_mixin.py:190} INFO - [2026-04-26T13:13:09.905+0000] {dag.py:3239} INFO - Sync 1 DAGs
[2026-04-26T13:13:09.938+0000] {logging_mixin.py:190} INFO - [2026-04-26T13:13:09.938+0000] {dag.py:4180} INFO - Setting next_dagrun for kafka_producer to 2026-04-25 18:30:00+00:00, run_after=2026-04-26 18:30:00+00:00
[2026-04-26T13:13:09.968+0000] {processor.py:208} INFO - Processing /opt/airflow/dags/kafka_load.py took 0.152 seconds
[2026-04-26T13:13:40.796+0000] {processor.py:186} INFO - Started process (PID=1523) to work on /opt/airflow/dags/kafka_load.py
[2026-04-26T13:13:40.798+0000] {processor.py:914} INFO - Processing file /opt/airflow/dags/kafka_load.py for tasks to queue
[2026-04-26T13:13:40.802+0000] {logging_mixin.py:190} INFO - [2026-04-26T13:13:40.801+0000] {dagbag.py:588} INFO - Filling up the DagBag from /opt/airflow/dags/kafka_load.py
[2026-04-26T13:13:40.834+0000] {processor.py:925} INFO - DAG(s) 'kafka_producer' retrieved from /opt/airflow/dags/kafka_load.py
[2026-04-26T13:13:40.861+0000] {logging_mixin.py:190} INFO - [2026-04-26T13:13:40.860+0000] {dag.py:3239} INFO - Sync 1 DAGs
[2026-04-26T13:13:40.896+0000] {logging_mixin.py:190} INFO - [2026-04-26T13:13:40.895+0000] {dag.py:4180} INFO - Setting next_dagrun for kafka_producer to 2026-04-25 18:30:00+00:00, run_after=2026-04-26 18:30:00+00:00
[2026-04-26T13:13:40.923+0000] {processor.py:208} INFO - Processing /opt/airflow/dags/kafka_load.py took 0.136 seconds
[2026-04-26T13:14:11.444+0000] {processor.py:186} INFO - Started process (PID=1526) to work on /opt/airflow/dags/kafka_load.py
[2026-04-26T13:14:11.446+0000] {processor.py:914} INFO - Processing file /opt/airflow/dags/kafka_load.py for tasks to queue
[2026-04-26T13:14:11.449+0000] {logging_mixin.py:190} INFO - [2026-04-26T13:14:11.449+0000] {dagbag.py:588} INFO - Filling up the DagBag from /opt/airflow/dags/kafka_load.py
[2026-04-26T13:14:11.486+0000] {processor.py:925} INFO - DAG(s) 'kafka_producer' retrieved from /opt/airflow/dags/kafka_load.py
[2026-04-26T13:14:11.513+0000] {logging_mixin.py:190} INFO - [2026-04-26T13:14:11.513+0000] {dag.py:3239} INFO - Sync 1 DAGs
[2026-04-26T13:14:11.548+0000] {logging_mixin.py:190} INFO - [2026-04-26T13:14:11.548+0000] {dag.py:4180} INFO - Setting next_dagrun for kafka_producer to 2026-04-25 18:30:00+00:00, run_after=2026-04-26 18:30:00+00:00
[2026-04-26T13:14:11.576+0000] {processor.py:208} INFO - Processing /opt/airflow/dags/kafka_load.py took 0.140 seconds
[2026-04-26T13:14:41.986+0000] {processor.py:186} INFO - Started process (PID=1529) to work on /opt/airflow/dags/kafka_load.py
[2026-04-26T13:14:41.988+0000] {processor.py:914} INFO - Processing file /opt/airflow/dags/kafka_load.py for tasks to queue
[2026-04-26T13:14:41.991+0000] {logging_mixin.py:190} INFO - [2026-04-26T13:14:41.991+0000] {dagbag.py:588} INFO - Filling up the DagBag from /opt/airflow/dags/kafka_load.py
[2026-04-26T13:14:42.032+0000] {processor.py:925} INFO - DAG(s) 'kafka_producer' retrieved from /opt/airflow/dags/kafka_load.py
[2026-04-26T13:14:42.064+0000] {logging_mixin.py:190} INFO - [2026-04-26T13:14:42.063+0000] {dag.py:3239} INFO - Sync 1 DAGs
[2026-04-26T13:14:42.096+0000] {logging_mixin.py:190} INFO - [2026-04-26T13:14:42.096+0000] {dag.py:4180} INFO - Setting next_dagrun for kafka_producer to 2026-04-25 18:30:00+00:00, run_after=2026-04-26 18:30:00+00:00
[2026-04-26T13:14:42.124+0000] {processor.py:208} INFO - Processing /opt/airflow/dags/kafka_load.py took 0.146 seconds
[2026-04-26T13:15:12.599+0000] {processor.py:186} INFO - Started process (PID=1532) to work on /opt/airflow/dags/kafka_load.py
[2026-04-26T13:15:12.601+0000] {processor.py:914} INFO - Processing file /opt/airflow/dags/kafka_load.py for tasks to queue
[2026-04-26T13:15:12.604+0000] {logging_mixin.py:190} INFO - [2026-04-26T13:15:12.604+0000] {dagbag.py:588} INFO - Filling up the DagBag from /opt/airflow/dags/kafka_load.py
[2026-04-26T13:15:12.633+0000] {processor.py:925} INFO - DAG(s) 'kafka_producer' retrieved from /opt/airflow/dags/kafka_load.py
[2026-04-26T13:15:12.662+0000] {logging_mixin.py:190} INFO - [2026-04-26T13:15:12.661+0000] {dag.py:3239} INFO - Sync 1 DAGs
[2026-04-26T13:15:12.691+0000] {logging_mixin.py:190} INFO - [2026-04-26T13:15:12.691+0000] {dag.py:4180} INFO - Setting next_dagrun for kafka_producer to 2026-04-25 18:30:00+00:00, run_after=2026-04-26 18:30:00+00:00
[2026-04-26T13:15:13.034+0000] {processor.py:208} INFO - Processing /opt/airflow/dags/kafka_load.py took 0.446 seconds
[2026-04-26T13:15:43.340+0000] {processor.py:186} INFO - Started process (PID=1535) to work on /opt/airflow/dags/kafka_load.py
[2026-04-26T13:15:43.342+0000] {processor.py:914} INFO - Processing file /opt/airflow/dags/kafka_load.py for tasks to queue
[2026-04-26T13:15:43.345+0000] {logging_mixin.py:190} INFO - [2026-04-26T13:15:43.345+0000] {dagbag.py:588} INFO - Filling up the DagBag from /opt/airflow/dags/kafka_load.py
[2026-04-26T13:15:43.378+0000] {processor.py:925} INFO - DAG(s) 'kafka_producer' retrieved from /opt/airflow/dags/kafka_load.py
[2026-04-26T13:15:43.411+0000] {logging_mixin.py:190} INFO - [2026-04-26T13:15:43.411+0000] {dag.py:3239} INFO - Sync 1 DAGs
[2026-04-26T13:15:43.445+0000] {logging_mixin.py:190} INFO - [2026-04-26T13:15:43.444+0000] {dag.py:4180} INFO - Setting next_dagrun for kafka_producer to 2026-04-25 18:30:00+00:00, run_after=2026-04-26 18:30:00+00:00
[2026-04-26T13:15:43.470+0000] {processor.py:208} INFO - Processing /opt/airflow/dags/kafka_load.py took 0.138 seconds
[2026-04-26T13:16:14.182+0000] {processor.py:186} INFO - Started process (PID=1538) to work on /opt/airflow/dags/kafka_load.py
[2026-04-26T13:16:14.184+0000] {processor.py:914} INFO - Processing file /opt/airflow/dags/kafka_load.py for tasks to queue
[2026-04-26T13:16:14.187+0000] {logging_mixin.py:190} INFO - [2026-04-26T13:16:14.187+0000] {dagbag.py:588} INFO - Filling up the DagBag from /opt/airflow/dags/kafka_load.py
[2026-04-26T13:16:14.224+0000] {processor.py:925} INFO - DAG(s) 'kafka_producer' retrieved from /opt/airflow/dags/kafka_load.py
[2026-04-26T13:16:14.255+0000] {logging_mixin.py:190} INFO - [2026-04-26T13:16:14.255+0000] {dag.py:3239} INFO - Sync 1 DAGs
[2026-04-26T13:16:14.298+0000] {logging_mixin.py:190} INFO - [2026-04-26T13:16:14.297+0000] {dag.py:4180} INFO - Setting next_dagrun for kafka_producer to 2026-04-25 18:30:00+00:00, run_after=2026-04-26 18:30:00+00:00
[2026-04-26T13:16:14.327+0000] {processor.py:208} INFO - Processing /opt/airflow/dags/kafka_load.py took 0.154 seconds
[2026-04-26T13:16:44.707+0000] {processor.py:186} INFO - Started process (PID=1541) to work on /opt/airflow/dags/kafka_load.py
[2026-04-26T13:16:44.709+0000] {processor.py:914} INFO - Processing file /opt/airflow/dags/kafka_load.py for tasks to queue
[2026-04-26T13:16:44.713+0000] {logging_mixin.py:190} INFO - [2026-04-26T13:16:44.713+0000] {dagbag.py:588} INFO - Filling up the DagBag from /opt/airflow/dags/kafka_load.py
[2026-04-26T13:16:44.791+0000] {processor.py:925} INFO - DAG(s) 'kafka_producer' retrieved from /opt/airflow/dags/kafka_load.py
[2026-04-26T13:16:44.851+0000] {logging_mixin.py:190} INFO - [2026-04-26T13:16:44.851+0000] {dag.py:3239} INFO - Sync 1 DAGs
[2026-04-26T13:16:44.916+0000] {logging_mixin.py:190} INFO - [2026-04-26T13:16:44.916+0000] {dag.py:4180} INFO - Setting next_dagrun for kafka_producer to 2026-04-25 18:30:00+00:00, run_after=2026-04-26 18:30:00+00:00
[2026-04-26T13:16:44.952+0000] {processor.py:208} INFO - Processing /opt/airflow/dags/kafka_load.py took 0.258 seconds
[2026-04-26T13:17:15.878+0000] {processor.py:186} INFO - Started process (PID=1544) to work on /opt/airflow/dags/kafka_load.py
[2026-04-26T13:17:15.956+0000] {processor.py:914} INFO - Processing file /opt/airflow/dags/kafka_load.py for tasks to queue
[2026-04-26T13:17:15.991+0000] {logging_mixin.py:190} INFO - [2026-04-26T13:17:15.990+0000] {dagbag.py:588} INFO - Filling up the DagBag from /opt/airflow/dags/kafka_load.py
[2026-04-26T13:17:16.309+0000] {processor.py:925} INFO - DAG(s) 'kafka_producer' retrieved from /opt/airflow/dags/kafka_load.py
[2026-04-26T13:17:16.368+0000] {logging_mixin.py:190} INFO - [2026-04-26T13:17:16.367+0000] {dag.py:3239} INFO - Sync 1 DAGs
[2026-04-26T13:17:16.461+0000] {logging_mixin.py:190} INFO - [2026-04-26T13:17:16.461+0000] {dag.py:4180} INFO - Setting next_dagrun for kafka_producer to 2026-04-25 18:30:00+00:00, run_after=2026-04-26 18:30:00+00:00
[2026-04-26T13:17:16.520+0000] {processor.py:208} INFO - Processing /opt/airflow/dags/kafka_load.py took 0.662 seconds
[2026-04-26T13:17:47.200+0000] {processor.py:186} INFO - Started process (PID=1547) to work on /opt/airflow/dags/kafka_load.py
[2026-04-26T13:17:47.203+0000] {processor.py:914} INFO - Processing file /opt/airflow/dags/kafka_load.py for tasks to queue
[2026-04-26T13:17:47.206+0000] {logging_mixin.py:190} INFO - [2026-04-26T13:17:47.206+0000] {dagbag.py:588} INFO - Filling up the DagBag from /opt/airflow/dags/kafka_load.py
[2026-04-26T13:17:47.244+0000] {processor.py:925} INFO - DAG(s) 'kafka_producer' retrieved from /opt/airflow/dags/kafka_load.py
[2026-04-26T13:17:47.275+0000] {logging_mixin.py:190} INFO - [2026-04-26T13:17:47.274+0000] {dag.py:3239} INFO - Sync 1 DAGs
[2026-04-26T13:17:47.312+0000] {logging_mixin.py:190} INFO - [2026-04-26T13:17:47.311+0000] {dag.py:4180} INFO - Setting next_dagrun for kafka_producer to 2026-04-25 18:30:00+00:00, run_after=2026-04-26 18:30:00+00:00
[2026-04-26T13:17:47.337+0000] {processor.py:208} INFO - Processing /opt/airflow/dags/kafka_load.py took 0.152 seconds
[2026-04-26T13:18:17.887+0000] {processor.py:186} INFO - Started process (PID=1550) to work on /opt/airflow/dags/kafka_load.py
[2026-04-26T13:18:17.892+0000] {processor.py:914} INFO - Processing file /opt/airflow/dags/kafka_load.py for tasks to queue
[2026-04-26T13:18:17.896+0000] {logging_mixin.py:190} INFO - [2026-04-26T13:18:17.895+0000] {dagbag.py:588} INFO - Filling up the DagBag from /opt/airflow/dags/kafka_load.py
[2026-04-26T13:18:17.938+0000] {processor.py:925} INFO - DAG(s) 'kafka_producer' retrieved from /opt/airflow/dags/kafka_load.py
[2026-04-26T13:18:17.973+0000] {logging_mixin.py:190} INFO - [2026-04-26T13:18:17.973+0000] {dag.py:3239} INFO - Sync 1 DAGs
[2026-04-26T13:18:18.033+0000] {logging_mixin.py:190} INFO - [2026-04-26T13:18:18.032+0000] {dag.py:4180} INFO - Setting next_dagrun for kafka_producer to 2026-04-25 18:30:00+00:00, run_after=2026-04-26 18:30:00+00:00
[2026-04-26T13:18:18.835+0000] {processor.py:208} INFO - Processing /opt/airflow/dags/kafka_load.py took 0.960 seconds
[2026-04-26T13:19:49.045+0000] {processor.py:186} INFO - Started process (PID=30) to work on /opt/airflow/dags/kafka_load.py
[2026-04-26T13:19:49.061+0000] {processor.py:914} INFO - Processing file /opt/airflow/dags/kafka_load.py for tasks to queue
[2026-04-26T13:19:49.066+0000] {logging_mixin.py:190} INFO - [2026-04-26T13:19:49.064+0000] {dagbag.py:588} INFO - Filling up the DagBag from /opt/airflow/dags/kafka_load.py
[2026-04-26T13:19:49.264+0000] {processor.py:925} INFO - DAG(s) 'kafka_producer' retrieved from /opt/airflow/dags/kafka_load.py
[2026-04-26T13:19:49.990+0000] {logging_mixin.py:190} INFO - [2026-04-26T13:19:49.989+0000] {override.py:1912} INFO - Created Permission View: can delete on DAG:kafka_producer
[2026-04-26T13:19:50.034+0000] {logging_mixin.py:190} INFO - [2026-04-26T13:19:50.033+0000] {override.py:1912} INFO - Created Permission View: can read on DAG:kafka_producer
[2026-04-26T13:19:50.060+0000] {logging_mixin.py:190} INFO - [2026-04-26T13:19:50.060+0000] {override.py:1912} INFO - Created Permission View: can edit on DAG:kafka_producer
[2026-04-26T13:19:50.082+0000] {logging_mixin.py:190} INFO - [2026-04-26T13:19:50.082+0000] {override.py:1912} INFO - Created Permission View: can create on DAG Run:kafka_producer
[2026-04-26T13:19:50.111+0000] {logging_mixin.py:190} INFO - [2026-04-26T13:19:50.110+0000] {override.py:1912} INFO - Created Permission View: can delete on DAG Run:kafka_producer
[2026-04-26T13:19:50.142+0000] {logging_mixin.py:190} INFO - [2026-04-26T13:19:50.142+0000] {override.py:1912} INFO - Created Permission View: can read on DAG Run:kafka_producer
[2026-04-26T13:19:50.169+0000] {logging_mixin.py:190} INFO - [2026-04-26T13:19:50.168+0000] {override.py:1912} INFO - Created Permission View: menu access on DAG Run:kafka_producer
[2026-04-26T13:19:50.170+0000] {logging_mixin.py:190} INFO - [2026-04-26T13:19:50.169+0000] {dag.py:3239} INFO - Sync 1 DAGs
[2026-04-26T13:19:50.201+0000] {logging_mixin.py:190} INFO - [2026-04-26T13:19:50.200+0000] {dag.py:3262} INFO - Creating ORM DAG for kafka_producer
[2026-04-26T13:19:50.228+0000] {logging_mixin.py:190} INFO - [2026-04-26T13:19:50.228+0000] {dag.py:4180} INFO - Setting next_dagrun for kafka_producer to 2026-04-24 18:30:00+00:00, run_after=2026-04-25 18:30:00+00:00
[2026-04-26T13:19:50.281+0000] {processor.py:208} INFO - Processing /opt/airflow/dags/kafka_load.py took 1.275 seconds
[2026-04-26T13:20:21.034+0000] {processor.py:186} INFO - Started process (PID=33) to work on /opt/airflow/dags/kafka_load.py
[2026-04-26T13:20:21.046+0000] {processor.py:914} INFO - Processing file /opt/airflow/dags/kafka_load.py for tasks to queue
[2026-04-26T13:20:21.064+0000] {logging_mixin.py:190} INFO - [2026-04-26T13:20:21.063+0000] {dagbag.py:588} INFO - Filling up the DagBag from /opt/airflow/dags/kafka_load.py
[2026-04-26T13:20:21.181+0000] {processor.py:925} INFO - DAG(s) 'kafka_producer' retrieved from /opt/airflow/dags/kafka_load.py
[2026-04-26T13:20:21.252+0000] {logging_mixin.py:190} INFO - [2026-04-26T13:20:21.252+0000] {dag.py:3239} INFO - Sync 1 DAGs
[2026-04-26T13:20:21.357+0000] {logging_mixin.py:190} INFO - [2026-04-26T13:20:21.356+0000] {dag.py:4180} INFO - Setting next_dagrun for kafka_producer to 2026-04-25 18:30:00+00:00, run_after=2026-04-26 18:30:00+00:00
[2026-04-26T13:20:21.430+0000] {processor.py:208} INFO - Processing /opt/airflow/dags/kafka_load.py took 0.417 seconds
[2026-04-26T13:20:52.463+0000] {processor.py:186} INFO - Started process (PID=36) to work on /opt/airflow/dags/kafka_load.py
[2026-04-26T13:20:52.465+0000] {processor.py:914} INFO - Processing file /opt/airflow/dags/kafka_load.py for tasks to queue
[2026-04-26T13:20:52.472+0000] {logging_mixin.py:190} INFO - [2026-04-26T13:20:52.472+0000] {dagbag.py:588} INFO - Filling up the DagBag from /opt/airflow/dags/kafka_load.py
[2026-04-26T13:20:52.512+0000] {processor.py:925} INFO - DAG(s) 'kafka_producer' retrieved from /opt/airflow/dags/kafka_load.py
[2026-04-26T13:20:52.548+0000] {logging_mixin.py:190} INFO - [2026-04-26T13:20:52.548+0000] {dag.py:3239} INFO - Sync 1 DAGs
[2026-04-26T13:20:52.595+0000] {logging_mixin.py:190} INFO - [2026-04-26T13:20:52.594+0000] {dag.py:4180} INFO - Setting next_dagrun for kafka_producer to 2026-04-25 18:30:00+00:00, run_after=2026-04-26 18:30:00+00:00
[2026-04-26T13:20:52.629+0000] {processor.py:208} INFO - Processing /opt/airflow/dags/kafka_load.py took 0.178 seconds
[2026-04-26T13:21:23.190+0000] {processor.py:186} INFO - Started process (PID=39) to work on /opt/airflow/dags/kafka_load.py
[2026-04-26T13:21:23.201+0000] {processor.py:914} INFO - Processing file /opt/airflow/dags/kafka_load.py for tasks to queue
[2026-04-26T13:21:23.205+0000] {logging_mixin.py:190} INFO - [2026-04-26T13:21:23.205+0000] {dagbag.py:588} INFO - Filling up the DagBag from /opt/airflow/dags/kafka_load.py
[2026-04-26T13:21:23.245+0000] {processor.py:925} INFO - DAG(s) 'kafka_producer' retrieved from /opt/airflow/dags/kafka_load.py
[2026-04-26T13:21:23.272+0000] {logging_mixin.py:190} INFO - [2026-04-26T13:21:23.272+0000] {dag.py:3239} INFO - Sync 1 DAGs
[2026-04-26T13:21:23.309+0000] {logging_mixin.py:190} INFO - [2026-04-26T13:21:23.309+0000] {dag.py:4180} INFO - Setting next_dagrun for kafka_producer to 2026-04-25 18:30:00+00:00, run_after=2026-04-26 18:30:00+00:00
[2026-04-26T13:21:23.337+0000] {processor.py:208} INFO - Processing /opt/airflow/dags/kafka_load.py took 0.157 seconds
[2026-04-26T13:21:53.748+0000] {processor.py:186} INFO - Started process (PID=42) to work on /opt/airflow/dags/kafka_load.py
[2026-04-26T13:21:53.751+0000] {processor.py:914} INFO - Processing file /opt/airflow/dags/kafka_load.py for tasks to queue
[2026-04-26T13:21:53.755+0000] {logging_mixin.py:190} INFO - [2026-04-26T13:21:53.754+0000] {dagbag.py:588} INFO - Filling up the DagBag from /opt/airflow/dags/kafka_load.py
[2026-04-26T13:21:53.797+0000] {processor.py:925} INFO - DAG(s) 'kafka_producer' retrieved from /opt/airflow/dags/kafka_load.py
[2026-04-26T13:21:53.827+0000] {logging_mixin.py:190} INFO - [2026-04-26T13:21:53.827+0000] {dag.py:3239} INFO - Sync 1 DAGs
[2026-04-26T13:21:53.891+0000] {logging_mixin.py:190} INFO - [2026-04-26T13:21:53.891+0000] {dag.py:4180} INFO - Setting next_dagrun for kafka_producer to 2026-04-25 18:30:00+00:00, run_after=2026-04-26 18:30:00+00:00
[2026-04-26T13:21:53.939+0000] {processor.py:208} INFO - Processing /opt/airflow/dags/kafka_load.py took 0.201 seconds
[2026-04-26T13:22:24.315+0000] {processor.py:186} INFO - Started process (PID=45) to work on /opt/airflow/dags/kafka_load.py
[2026-04-26T13:22:24.317+0000] {processor.py:914} INFO - Processing file /opt/airflow/dags/kafka_load.py for tasks to queue
[2026-04-26T13:22:24.321+0000] {logging_mixin.py:190} INFO - [2026-04-26T13:22:24.320+0000] {dagbag.py:588} INFO - Filling up the DagBag from /opt/airflow/dags/kafka_load.py
[2026-04-26T13:22:24.359+0000] {processor.py:925} INFO - DAG(s) 'kafka_producer' retrieved from /opt/airflow/dags/kafka_load.py
[2026-04-26T13:22:24.389+0000] {logging_mixin.py:190} INFO - [2026-04-26T13:22:24.389+0000] {dag.py:3239} INFO - Sync 1 DAGs
[2026-04-26T13:22:24.424+0000] {logging_mixin.py:190} INFO - [2026-04-26T13:22:24.423+0000] {dag.py:4180} INFO - Setting next_dagrun for kafka_producer to 2026-04-25 18:30:00+00:00, run_after=2026-04-26 18:30:00+00:00
[2026-04-26T13:22:24.454+0000] {processor.py:208} INFO - Processing /opt/airflow/dags/kafka_load.py took 0.147 seconds
[2026-04-26T13:22:54.822+0000] {processor.py:186} INFO - Started process (PID=48) to work on /opt/airflow/dags/kafka_load.py
[2026-04-26T13:22:54.823+0000] {processor.py:914} INFO - Processing file /opt/airflow/dags/kafka_load.py for tasks to queue
[2026-04-26T13:22:54.827+0000] {logging_mixin.py:190} INFO - [2026-04-26T13:22:54.827+0000] {dagbag.py:588} INFO - Filling up the DagBag from /opt/airflow/dags/kafka_load.py
[2026-04-26T13:22:54.866+0000] {processor.py:925} INFO - DAG(s) 'kafka_producer' retrieved from /opt/airflow/dags/kafka_load.py
[2026-04-26T13:22:54.897+0000] {logging_mixin.py:190} INFO - [2026-04-26T13:22:54.897+0000] {dag.py:3239} INFO - Sync 1 DAGs
[2026-04-26T13:22:54.939+0000] {logging_mixin.py:190} INFO - [2026-04-26T13:22:54.939+0000] {dag.py:4180} INFO - Setting next_dagrun for kafka_producer to 2026-04-25 18:30:00+00:00, run_after=2026-04-26 18:30:00+00:00
[2026-04-26T13:22:54.964+0000] {processor.py:208} INFO - Processing /opt/airflow/dags/kafka_load.py took 0.152 seconds
[2026-04-26T13:23:25.347+0000] {processor.py:186} INFO - Started process (PID=51) to work on /opt/airflow/dags/kafka_load.py
[2026-04-26T13:23:25.348+0000] {processor.py:914} INFO - Processing file /opt/airflow/dags/kafka_load.py for tasks to queue
[2026-04-26T13:23:25.352+0000] {logging_mixin.py:190} INFO - [2026-04-26T13:23:25.351+0000] {dagbag.py:588} INFO - Filling up the DagBag from /opt/airflow/dags/kafka_load.py
[2026-04-26T13:23:25.397+0000] {processor.py:925} INFO - DAG(s) 'kafka_producer' retrieved from /opt/airflow/dags/kafka_load.py
[2026-04-26T13:23:25.432+0000] {logging_mixin.py:190} INFO - [2026-04-26T13:23:25.431+0000] {dag.py:3239} INFO - Sync 1 DAGs
[2026-04-26T13:23:25.468+0000] {logging_mixin.py:190} INFO - [2026-04-26T13:23:25.468+0000] {dag.py:4180} INFO - Setting next_dagrun for kafka_producer to 2026-04-25 18:30:00+00:00, run_after=2026-04-26 18:30:00+00:00
[2026-04-26T13:23:25.494+0000] {processor.py:208} INFO - Processing /opt/airflow/dags/kafka_load.py took 0.157 seconds
[2026-04-26T13:23:55.897+0000] {processor.py:186} INFO - Started process (PID=54) to work on /opt/airflow/dags/kafka_load.py
[2026-04-26T13:23:55.902+0000] {processor.py:914} INFO - Processing file /opt/airflow/dags/kafka_load.py for tasks to queue
[2026-04-26T13:23:55.912+0000] {logging_mixin.py:190} INFO - [2026-04-26T13:23:55.911+0000] {dagbag.py:588} INFO - Filling up the DagBag from /opt/airflow/dags/kafka_load.py
[2026-04-26T13:23:55.982+0000] {processor.py:925} INFO - DAG(s) 'kafka_producer' retrieved from /opt/airflow/dags/kafka_load.py
[2026-04-26T13:23:56.080+0000] {logging_mixin.py:190} INFO - [2026-04-26T13:23:56.080+0000] {dag.py:3239} INFO - Sync 1 DAGs
[2026-04-26T13:23:56.162+0000] {logging_mixin.py:190} INFO - [2026-04-26T13:23:56.162+0000] {dag.py:4180} INFO - Setting next_dagrun for kafka_producer to 2026-04-25 18:30:00+00:00, run_after=2026-04-26 18:30:00+00:00
[2026-04-26T13:23:56.895+0000] {processor.py:208} INFO - Processing /opt/airflow/dags/kafka_load.py took 1.012 seconds
[2026-04-26T13:24:27.325+0000] {processor.py:186} INFO - Started process (PID=58) to work on /opt/airflow/dags/kafka_load.py
[2026-04-26T13:24:27.326+0000] {processor.py:914} INFO - Processing file /opt/airflow/dags/kafka_load.py for tasks to queue
[2026-04-26T13:24:27.329+0000] {logging_mixin.py:190} INFO - [2026-04-26T13:24:27.329+0000] {dagbag.py:588} INFO - Filling up the DagBag from /opt/airflow/dags/kafka_load.py
[2026-04-26T13:24:27.370+0000] {processor.py:925} INFO - DAG(s) 'kafka_producer' retrieved from /opt/airflow/dags/kafka_load.py
[2026-04-26T13:24:27.401+0000] {logging_mixin.py:190} INFO - [2026-04-26T13:24:27.400+0000] {dag.py:3239} INFO - Sync 1 DAGs
[2026-04-26T13:24:27.432+0000] {logging_mixin.py:190} INFO - [2026-04-26T13:24:27.432+0000] {dag.py:4180} INFO - Setting next_dagrun for kafka_producer to 2026-04-25 18:30:00+00:00, run_after=2026-04-26 18:30:00+00:00
[2026-04-26T13:24:27.457+0000] {processor.py:208} INFO - Processing /opt/airflow/dags/kafka_load.py took 0.142 seconds
[2026-04-26T13:24:57.941+0000] {processor.py:186} INFO - Started process (PID=61) to work on /opt/airflow/dags/kafka_load.py
[2026-04-26T13:24:57.942+0000] {processor.py:914} INFO - Processing file /opt/airflow/dags/kafka_load.py for tasks to queue
[2026-04-26T13:24:57.946+0000] {logging_mixin.py:190} INFO - [2026-04-26T13:24:57.945+0000] {dagbag.py:588} INFO - Filling up the DagBag from /opt/airflow/dags/kafka_load.py
[2026-04-26T13:24:57.985+0000] {processor.py:925} INFO - DAG(s) 'kafka_producer' retrieved from /opt/airflow/dags/kafka_load.py
[2026-04-26T13:24:58.018+0000] {logging_mixin.py:190} INFO - [2026-04-26T13:24:58.017+0000] {dag.py:3239} INFO - Sync 1 DAGs
[2026-04-26T13:24:58.054+0000] {logging_mixin.py:190} INFO - [2026-04-26T13:24:58.054+0000] {dag.py:4180} INFO - Setting next_dagrun for kafka_producer to 2026-04-25 18:30:00+00:00, run_after=2026-04-26 18:30:00+00:00
[2026-04-26T13:24:58.080+0000] {processor.py:208} INFO - Processing /opt/airflow/dags/kafka_load.py took 0.149 seconds
[2026-04-26T13:25:28.594+0000] {processor.py:186} INFO - Started process (PID=64) to work on /opt/airflow/dags/kafka_load.py
[2026-04-26T13:25:28.596+0000] {processor.py:914} INFO - Processing file /opt/airflow/dags/kafka_load.py for tasks to queue
[2026-04-26T13:25:28.599+0000] {logging_mixin.py:190} INFO - [2026-04-26T13:25:28.598+0000] {dagbag.py:588} INFO - Filling up the DagBag from /opt/airflow/dags/kafka_load.py
[2026-04-26T13:25:28.634+0000] {processor.py:925} INFO - DAG(s) 'kafka_producer' retrieved from /opt/airflow/dags/kafka_load.py
[2026-04-26T13:25:28.668+0000] {logging_mixin.py:190} INFO - [2026-04-26T13:25:28.668+0000] {dag.py:3239} INFO - Sync 1 DAGs
[2026-04-26T13:25:28.719+0000] {logging_mixin.py:190} INFO - [2026-04-26T13:25:28.718+0000] {dag.py:4180} INFO - Setting next_dagrun for kafka_producer to 2026-04-25 18:30:00+00:00, run_after=2026-04-26 18:30:00+00:00
[2026-04-26T13:25:28.748+0000] {processor.py:208} INFO - Processing /opt/airflow/dags/kafka_load.py took 0.166 seconds
[2026-04-26T13:25:59.361+0000] {processor.py:186} INFO - Started process (PID=67) to work on /opt/airflow/dags/kafka_load.py
[2026-04-26T13:25:59.363+0000] {processor.py:914} INFO - Processing file /opt/airflow/dags/kafka_load.py for tasks to queue
[2026-04-26T13:25:59.367+0000] {logging_mixin.py:190} INFO - [2026-04-26T13:25:59.366+0000] {dagbag.py:588} INFO - Filling up the DagBag from /opt/airflow/dags/kafka_load.py
[2026-04-26T13:25:59.405+0000] {processor.py:925} INFO - DAG(s) 'kafka_producer' retrieved from /opt/airflow/dags/kafka_load.py
[2026-04-26T13:25:59.441+0000] {logging_mixin.py:190} INFO - [2026-04-26T13:25:59.440+0000] {dag.py:3239} INFO - Sync 1 DAGs
[2026-04-26T13:25:59.496+0000] {logging_mixin.py:190} INFO - [2026-04-26T13:25:59.495+0000] {dag.py:4180} INFO - Setting next_dagrun for kafka_producer to 2026-04-25 18:30:00+00:00, run_after=2026-04-26 18:30:00+00:00
[2026-04-26T13:25:59.523+0000] {processor.py:208} INFO - Processing /opt/airflow/dags/kafka_load.py took 0.173 seconds
[2026-04-26T13:26:29.881+0000] {processor.py:186} INFO - Started process (PID=70) to work on /opt/airflow/dags/kafka_load.py
[2026-04-26T13:26:29.883+0000] {processor.py:914} INFO - Processing file /opt/airflow/dags/kafka_load.py for tasks to queue
[2026-04-26T13:26:29.887+0000] {logging_mixin.py:190} INFO - [2026-04-26T13:26:29.887+0000] {dagbag.py:588} INFO - Filling up the DagBag from /opt/airflow/dags/kafka_load.py
[2026-04-26T13:26:29.926+0000] {processor.py:925} INFO - DAG(s) 'kafka_producer' retrieved from /opt/airflow/dags/kafka_load.py
[2026-04-26T13:26:29.957+0000] {logging_mixin.py:190} INFO - [2026-04-26T13:26:29.957+0000] {dag.py:3239} INFO - Sync 1 DAGs
[2026-04-26T13:26:29.994+0000] {logging_mixin.py:190} INFO - [2026-04-26T13:26:29.993+0000] {dag.py:4180} INFO - Setting next_dagrun for kafka_producer to 2026-04-25 18:30:00+00:00, run_after=2026-04-26 18:30:00+00:00
[2026-04-26T13:26:30.021+0000] {processor.py:208} INFO - Processing /opt/airflow/dags/kafka_load.py took 0.149 seconds
[2026-04-26T13:27:00.421+0000] {processor.py:186} INFO - Started process (PID=73) to work on /opt/airflow/dags/kafka_load.py
[2026-04-26T13:27:00.422+0000] {processor.py:914} INFO - Processing file /opt/airflow/dags/kafka_load.py for tasks to queue
[2026-04-26T13:27:00.430+0000] {logging_mixin.py:190} INFO - [2026-04-26T13:27:00.429+0000] {dagbag.py:588} INFO - Filling up the DagBag from /opt/airflow/dags/kafka_load.py
[2026-04-26T13:27:00.466+0000] {processor.py:925} INFO - DAG(s) 'kafka_producer' retrieved from /opt/airflow/dags/kafka_load.py
[2026-04-26T13:27:00.504+0000] {logging_mixin.py:190} INFO - [2026-04-26T13:27:00.504+0000] {dag.py:3239} INFO - Sync 1 DAGs
[2026-04-26T13:27:00.548+0000] {logging_mixin.py:190} INFO - [2026-04-26T13:27:00.547+0000] {dag.py:4180} INFO - Setting next_dagrun for kafka_producer to 2026-04-25 18:30:00+00:00, run_after=2026-04-26 18:30:00+00:00
[2026-04-26T13:27:00.588+0000] {processor.py:208} INFO - Processing /opt/airflow/dags/kafka_load.py took 0.182 seconds
[2026-04-26T13:27:30.998+0000] {processor.py:186} INFO - Started process (PID=76) to work on /opt/airflow/dags/kafka_load.py
[2026-04-26T13:27:30.999+0000] {processor.py:914} INFO - Processing file /opt/airflow/dags/kafka_load.py for tasks to queue
[2026-04-26T13:27:31.006+0000] {logging_mixin.py:190} INFO - [2026-04-26T13:27:31.005+0000] {dagbag.py:588} INFO - Filling up the DagBag from /opt/airflow/dags/kafka_load.py
[2026-04-26T13:27:31.039+0000] {processor.py:925} INFO - DAG(s) 'kafka_producer' retrieved from /opt/airflow/dags/kafka_load.py
[2026-04-26T13:27:31.069+0000] {logging_mixin.py:190} INFO - [2026-04-26T13:27:31.069+0000] {dag.py:3239} INFO - Sync 1 DAGs
[2026-04-26T13:27:31.104+0000] {logging_mixin.py:190} INFO - [2026-04-26T13:27:31.103+0000] {dag.py:4180} INFO - Setting next_dagrun for kafka_producer to 2026-04-25 18:30:00+00:00, run_after=2026-04-26 18:30:00+00:00
[2026-04-26T13:27:31.767+0000] {processor.py:208} INFO - Processing /opt/airflow/dags/kafka_load.py took 0.777 seconds
[2026-04-26T13:28:02.494+0000] {processor.py:186} INFO - Started process (PID=79) to work on /opt/airflow/dags/kafka_load.py
[2026-04-26T13:28:02.498+0000] {processor.py:914} INFO - Processing file /opt/airflow/dags/kafka_load.py for tasks to queue
[2026-04-26T13:28:02.509+0000] {logging_mixin.py:190} INFO - [2026-04-26T13:28:02.507+0000] {dagbag.py:588} INFO - Filling up the DagBag from /opt/airflow/dags/kafka_load.py
[2026-04-26T13:28:02.562+0000] {processor.py:925} INFO - DAG(s) 'kafka_producer' retrieved from /opt/airflow/dags/kafka_load.py
[2026-04-26T13:28:02.605+0000] {logging_mixin.py:190} INFO - [2026-04-26T13:28:02.605+0000] {dag.py:3239} INFO - Sync 1 DAGs
[2026-04-26T13:28:02.656+0000] {logging_mixin.py:190} INFO - [2026-04-26T13:28:02.655+0000] {dag.py:4180} INFO - Setting next_dagrun for kafka_producer to 2026-04-25 18:30:00+00:00, run_after=2026-04-26 18:30:00+00:00
[2026-04-26T13:28:02.690+0000] {processor.py:208} INFO - Processing /opt/airflow/dags/kafka_load.py took 0.219 seconds
[2026-04-26T13:28:33.054+0000] {processor.py:186} INFO - Started process (PID=82) to work on /opt/airflow/dags/kafka_load.py
[2026-04-26T13:28:33.056+0000] {processor.py:914} INFO - Processing file /opt/airflow/dags/kafka_load.py for tasks to queue
[2026-04-26T13:28:33.061+0000] {logging_mixin.py:190} INFO - [2026-04-26T13:28:33.060+0000] {dagbag.py:588} INFO - Filling up the DagBag from /opt/airflow/dags/kafka_load.py
[2026-04-26T13:28:33.113+0000] {processor.py:925} INFO - DAG(s) 'kafka_producer' retrieved from /opt/airflow/dags/kafka_load.py
[2026-04-26T13:28:33.145+0000] {logging_mixin.py:190} INFO - [2026-04-26T13:28:33.144+0000] {dag.py:3239} INFO - Sync 1 DAGs
[2026-04-26T13:28:33.203+0000] {logging_mixin.py:190} INFO - [2026-04-26T13:28:33.203+0000] {dag.py:4180} INFO - Setting next_dagrun for kafka_producer to 2026-04-25 18:30:00+00:00, run_after=2026-04-26 18:30:00+00:00
[2026-04-26T13:28:33.255+0000] {processor.py:208} INFO - Processing /opt/airflow/dags/kafka_load.py took 0.212 seconds
[2026-04-26T13:29:03.952+0000] {processor.py:186} INFO - Started process (PID=85) to work on /opt/airflow/dags/kafka_load.py
[2026-04-26T13:29:03.954+0000] {processor.py:914} INFO - Processing file /opt/airflow/dags/kafka_load.py for tasks to queue
[2026-04-26T13:29:03.958+0000] {logging_mixin.py:190} INFO - [2026-04-26T13:29:03.957+0000] {dagbag.py:588} INFO - Filling up the DagBag from /opt/airflow/dags/kafka_load.py
[2026-04-26T13:29:03.999+0000] {processor.py:925} INFO - DAG(s) 'kafka_producer' retrieved from /opt/airflow/dags/kafka_load.py
[2026-04-26T13:29:04.029+0000] {logging_mixin.py:190} INFO - [2026-04-26T13:29:04.028+0000] {dag.py:3239} INFO - Sync 1 DAGs
[2026-04-26T13:29:04.066+0000] {logging_mixin.py:190} INFO - [2026-04-26T13:29:04.065+0000] {dag.py:4180} INFO - Setting next_dagrun for kafka_producer to 2026-04-25 18:30:00+00:00, run_after=2026-04-26 18:30:00+00:00
[2026-04-26T13:29:04.097+0000] {processor.py:208} INFO - Processing /opt/airflow/dags/kafka_load.py took 0.156 seconds
[2026-04-26T13:29:34.519+0000] {processor.py:186} INFO - Started process (PID=88) to work on /opt/airflow/dags/kafka_load.py
[2026-04-26T13:29:34.521+0000] {processor.py:914} INFO - Processing file /opt/airflow/dags/kafka_load.py for tasks to queue
[2026-04-26T13:29:34.524+0000] {logging_mixin.py:190} INFO - [2026-04-26T13:29:34.523+0000] {dagbag.py:588} INFO - Filling up the DagBag from /opt/airflow/dags/kafka_load.py
[2026-04-26T13:29:34.554+0000] {processor.py:925} INFO - DAG(s) 'kafka_producer' retrieved from /opt/airflow/dags/kafka_load.py
[2026-04-26T13:29:34.581+0000] {logging_mixin.py:190} INFO - [2026-04-26T13:29:34.581+0000] {dag.py:3239} INFO - Sync 1 DAGs
[2026-04-26T13:29:34.632+0000] {logging_mixin.py:190} INFO - [2026-04-26T13:29:34.631+0000] {dag.py:4180} INFO - Setting next_dagrun for kafka_producer to 2026-04-25 18:30:00+00:00, run_after=2026-04-26 18:30:00+00:00
[2026-04-26T13:29:34.667+0000] {processor.py:208} INFO - Processing /opt/airflow/dags/kafka_load.py took 0.158 seconds
[2026-04-26T13:30:05.254+0000] {processor.py:186} INFO - Started process (PID=91) to work on /opt/airflow/dags/kafka_load.py
[2026-04-26T13:30:05.256+0000] {processor.py:914} INFO - Processing file /opt/airflow/dags/kafka_load.py for tasks to queue
[2026-04-26T13:30:05.269+0000] {logging_mixin.py:190} INFO - [2026-04-26T13:30:05.269+0000] {dagbag.py:588} INFO - Filling up the DagBag from /opt/airflow/dags/kafka_load.py
[2026-04-26T13:30:05.338+0000] {processor.py:925} INFO - DAG(s) 'kafka_producer' retrieved from /opt/airflow/dags/kafka_load.py
[2026-04-26T13:30:05.388+0000] {logging_mixin.py:190} INFO - [2026-04-26T13:30:05.388+0000] {dag.py:3239} INFO - Sync 1 DAGs
[2026-04-26T13:30:05.426+0000] {logging_mixin.py:190} INFO - [2026-04-26T13:30:05.425+0000] {dag.py:4180} INFO - Setting next_dagrun for kafka_producer to 2026-04-25 18:30:00+00:00, run_after=2026-04-26 18:30:00+00:00
[2026-04-26T13:30:05.455+0000] {processor.py:208} INFO - Processing /opt/airflow/dags/kafka_load.py took 0.223 seconds
[2026-04-26T13:30:36.301+0000] {processor.py:186} INFO - Started process (PID=94) to work on /opt/airflow/dags/kafka_load.py
[2026-04-26T13:30:36.376+0000] {processor.py:914} INFO - Processing file /opt/airflow/dags/kafka_load.py for tasks to queue
[2026-04-26T13:30:36.381+0000] {logging_mixin.py:190} INFO - [2026-04-26T13:30:36.380+0000] {dagbag.py:588} INFO - Filling up the DagBag from /opt/airflow/dags/kafka_load.py
[2026-04-26T13:30:36.430+0000] {processor.py:925} INFO - DAG(s) 'kafka_producer' retrieved from /opt/airflow/dags/kafka_load.py
[2026-04-26T13:30:36.486+0000] {logging_mixin.py:190} INFO - [2026-04-26T13:30:36.486+0000] {dag.py:3239} INFO - Sync 1 DAGs
[2026-04-26T13:30:36.544+0000] {logging_mixin.py:190} INFO - [2026-04-26T13:30:36.544+0000] {dag.py:4180} INFO - Setting next_dagrun for kafka_producer to 2026-04-25 18:30:00+00:00, run_after=2026-04-26 18:30:00+00:00
[2026-04-26T13:30:36.616+0000] {processor.py:208} INFO - Processing /opt/airflow/dags/kafka_load.py took 0.334 seconds
[2026-04-26T13:31:07.604+0000] {processor.py:186} INFO - Started process (PID=97) to work on /opt/airflow/dags/kafka_load.py
[2026-04-26T13:31:07.616+0000] {processor.py:914} INFO - Processing file /opt/airflow/dags/kafka_load.py for tasks to queue
[2026-04-26T13:31:07.619+0000] {logging_mixin.py:190} INFO - [2026-04-26T13:31:07.619+0000] {dagbag.py:588} INFO - Filling up the DagBag from /opt/airflow/dags/kafka_load.py
[2026-04-26T13:31:07.702+0000] {processor.py:925} INFO - DAG(s) 'kafka_producer' retrieved from /opt/airflow/dags/kafka_load.py
[2026-04-26T13:31:07.804+0000] {logging_mixin.py:190} INFO - [2026-04-26T13:31:07.801+0000] {dag.py:3239} INFO - Sync 1 DAGs
[2026-04-26T13:31:07.901+0000] {logging_mixin.py:190} INFO - [2026-04-26T13:31:07.900+0000] {dag.py:4180} INFO - Setting next_dagrun for kafka_producer to 2026-04-25 18:30:00+00:00, run_after=2026-04-26 18:30:00+00:00
[2026-04-26T13:31:08.025+0000] {processor.py:208} INFO - Processing /opt/airflow/dags/kafka_load.py took 0.440 seconds
[2026-04-26T13:31:38.212+0000] {processor.py:186} INFO - Started process (PID=101) to work on /opt/airflow/dags/kafka_load.py
[2026-04-26T13:31:38.218+0000] {processor.py:914} INFO - Processing file /opt/airflow/dags/kafka_load.py for tasks to queue
[2026-04-26T13:31:38.232+0000] {logging_mixin.py:190} INFO - [2026-04-26T13:31:38.231+0000] {dagbag.py:588} INFO - Filling up the DagBag from /opt/airflow/dags/kafka_load.py
[2026-04-26T13:31:38.421+0000] {processor.py:925} INFO - DAG(s) 'kafka_producer' retrieved from /opt/airflow/dags/kafka_load.py
[2026-04-26T13:31:38.448+0000] {logging_mixin.py:190} INFO - [2026-04-26T13:31:38.448+0000] {dag.py:3239} INFO - Sync 1 DAGs
[2026-04-26T13:31:38.478+0000] {logging_mixin.py:190} INFO - [2026-04-26T13:31:38.478+0000] {dag.py:4180} INFO - Setting next_dagrun for kafka_producer to 2026-04-25 18:30:00+00:00, run_after=2026-04-26 18:30:00+00:00
[2026-04-26T13:31:38.504+0000] {processor.py:208} INFO - Processing /opt/airflow/dags/kafka_load.py took 0.322 seconds
[2026-04-26T13:32:08.634+0000] {processor.py:186} INFO - Started process (PID=103) to work on /opt/airflow/dags/kafka_load.py
[2026-04-26T13:32:08.636+0000] {processor.py:914} INFO - Processing file /opt/airflow/dags/kafka_load.py for tasks to queue
[2026-04-26T13:32:08.639+0000] {logging_mixin.py:190} INFO - [2026-04-26T13:32:08.639+0000] {dagbag.py:588} INFO - Filling up the DagBag from /opt/airflow/dags/kafka_load.py
[2026-04-26T13:32:08.676+0000] {processor.py:925} INFO - DAG(s) 'kafka_producer' retrieved from /opt/airflow/dags/kafka_load.py
[2026-04-26T13:32:08.705+0000] {logging_mixin.py:190} INFO - [2026-04-26T13:32:08.705+0000] {dag.py:3239} INFO - Sync 1 DAGs
[2026-04-26T13:32:08.741+0000] {logging_mixin.py:190} INFO - [2026-04-26T13:32:08.740+0000] {dag.py:4180} INFO - Setting next_dagrun for kafka_producer to 2026-04-25 18:30:00+00:00, run_after=2026-04-26 18:30:00+00:00
[2026-04-26T13:32:08.772+0000] {processor.py:208} INFO - Processing /opt/airflow/dags/kafka_load.py took 0.147 seconds
[2026-04-26T13:32:39.286+0000] {processor.py:186} INFO - Started process (PID=106) to work on /opt/airflow/dags/kafka_load.py
[2026-04-26T13:32:39.288+0000] {processor.py:914} INFO - Processing file /opt/airflow/dags/kafka_load.py for tasks to queue
[2026-04-26T13:32:39.292+0000] {logging_mixin.py:190} INFO - [2026-04-26T13:32:39.292+0000] {dagbag.py:588} INFO - Filling up the DagBag from /opt/airflow/dags/kafka_load.py
[2026-04-26T13:32:39.374+0000] {processor.py:925} INFO - DAG(s) 'kafka_producer' retrieved from /opt/airflow/dags/kafka_load.py
[2026-04-26T13:32:39.425+0000] {logging_mixin.py:190} INFO - [2026-04-26T13:32:39.425+0000] {dag.py:3239} INFO - Sync 1 DAGs
[2026-04-26T13:32:39.498+0000] {logging_mixin.py:190} INFO - [2026-04-26T13:32:39.498+0000] {dag.py:4180} INFO - Setting next_dagrun for kafka_producer to 2026-04-25 18:30:00+00:00, run_after=2026-04-26 18:30:00+00:00
[2026-04-26T13:32:39.558+0000] {processor.py:208} INFO - Processing /opt/airflow/dags/kafka_load.py took 0.284 seconds
[2026-04-26T13:33:09.786+0000] {processor.py:186} INFO - Started process (PID=110) to work on /opt/airflow/dags/kafka_load.py
[2026-04-26T13:33:09.789+0000] {processor.py:914} INFO - Processing file /opt/airflow/dags/kafka_load.py for tasks to queue
[2026-04-26T13:33:09.805+0000] {logging_mixin.py:190} INFO - [2026-04-26T13:33:09.805+0000] {dagbag.py:588} INFO - Filling up the DagBag from /opt/airflow/dags/kafka_load.py
[2026-04-26T13:33:09.890+0000] {processor.py:925} INFO - DAG(s) 'kafka_producer' retrieved from /opt/airflow/dags/kafka_load.py
[2026-04-26T13:33:09.934+0000] {logging_mixin.py:190} INFO - [2026-04-26T13:33:09.934+0000] {dag.py:3239} INFO - Sync 1 DAGs
[2026-04-26T13:33:09.972+0000] {logging_mixin.py:190} INFO - [2026-04-26T13:33:09.972+0000] {dag.py:4180} INFO - Setting next_dagrun for kafka_producer to 2026-04-25 18:30:00+00:00, run_after=2026-04-26 18:30:00+00:00
[2026-04-26T13:33:10.010+0000] {processor.py:208} INFO - Processing /opt/airflow/dags/kafka_load.py took 0.239 seconds
[2026-04-26T13:33:40.502+0000] {processor.py:186} INFO - Started process (PID=112) to work on /opt/airflow/dags/kafka_load.py
[2026-04-26T13:33:40.504+0000] {processor.py:914} INFO - Processing file /opt/airflow/dags/kafka_load.py for tasks to queue
[2026-04-26T13:33:40.508+0000] {logging_mixin.py:190} INFO - [2026-04-26T13:33:40.507+0000] {dagbag.py:588} INFO - Filling up the DagBag from /opt/airflow/dags/kafka_load.py
[2026-04-26T13:33:40.588+0000] {processor.py:925} INFO - DAG(s) 'kafka_producer' retrieved from /opt/airflow/dags/kafka_load.py
[2026-04-26T13:33:40.648+0000] {logging_mixin.py:190} INFO - [2026-04-26T13:33:40.647+0000] {dag.py:3239} INFO - Sync 1 DAGs
[2026-04-26T13:33:40.704+0000] {logging_mixin.py:190} INFO - [2026-04-26T13:33:40.704+0000] {dag.py:4180} INFO - Setting next_dagrun for kafka_producer to 2026-04-25 18:30:00+00:00, run_after=2026-04-26 18:30:00+00:00
[2026-04-26T13:33:40.774+0000] {processor.py:208} INFO - Processing /opt/airflow/dags/kafka_load.py took 0.301 seconds
[2026-04-26T13:34:11.284+0000] {processor.py:186} INFO - Started process (PID=114) to work on /opt/airflow/dags/kafka_load.py
[2026-04-26T13:34:11.289+0000] {processor.py:914} INFO - Processing file /opt/airflow/dags/kafka_load.py for tasks to queue
[2026-04-26T13:34:11.294+0000] {logging_mixin.py:190} INFO - [2026-04-26T13:34:11.293+0000] {dagbag.py:588} INFO - Filling up the DagBag from /opt/airflow/dags/kafka_load.py
[2026-04-26T13:34:11.332+0000] {processor.py:925} INFO - DAG(s) 'kafka_producer' retrieved from /opt/airflow/dags/kafka_load.py
[2026-04-26T13:34:11.369+0000] {logging_mixin.py:190} INFO - [2026-04-26T13:34:11.369+0000] {dag.py:3239} INFO - Sync 1 DAGs
[2026-04-26T13:34:11.406+0000] {logging_mixin.py:190} INFO - [2026-04-26T13:34:11.405+0000] {dag.py:4180} INFO - Setting next_dagrun for kafka_producer to 2026-04-25 18:30:00+00:00, run_after=2026-04-26 18:30:00+00:00
[2026-04-26T13:34:11.430+0000] {processor.py:208} INFO - Processing /opt/airflow/dags/kafka_load.py took 0.160 seconds
[2026-04-26T13:34:41.895+0000] {processor.py:186} INFO - Started process (PID=117) to work on /opt/airflow/dags/kafka_load.py
[2026-04-26T13:34:41.897+0000] {processor.py:914} INFO - Processing file /opt/airflow/dags/kafka_load.py for tasks to queue
[2026-04-26T13:34:41.905+0000] {logging_mixin.py:190} INFO - [2026-04-26T13:34:41.903+0000] {dagbag.py:588} INFO - Filling up the DagBag from /opt/airflow/dags/kafka_load.py
[2026-04-26T13:34:41.943+0000] {processor.py:925} INFO - DAG(s) 'kafka_producer' retrieved from /opt/airflow/dags/kafka_load.py
[2026-04-26T13:34:41.970+0000] {logging_mixin.py:190} INFO - [2026-04-26T13:34:41.970+0000] {dag.py:3239} INFO - Sync 1 DAGs
[2026-04-26T13:34:42.007+0000] {logging_mixin.py:190} INFO - [2026-04-26T13:34:42.007+0000] {dag.py:4180} INFO - Setting next_dagrun for kafka_producer to 2026-04-25 18:30:00+00:00, run_after=2026-04-26 18:30:00+00:00
[2026-04-26T13:34:42.037+0000] {processor.py:208} INFO - Processing /opt/airflow/dags/kafka_load.py took 0.151 seconds
[2026-04-26T13:35:13.082+0000] {processor.py:186} INFO - Started process (PID=120) to work on /opt/airflow/dags/kafka_load.py
[2026-04-26T13:35:13.090+0000] {processor.py:914} INFO - Processing file /opt/airflow/dags/kafka_load.py for tasks to queue
[2026-04-26T13:35:13.108+0000] {logging_mixin.py:190} INFO - [2026-04-26T13:35:13.106+0000] {dagbag.py:588} INFO - Filling up the DagBag from /opt/airflow/dags/kafka_load.py
[2026-04-26T13:35:13.737+0000] {processor.py:925} INFO - DAG(s) 'kafka_producer' retrieved from /opt/airflow/dags/kafka_load.py
[2026-04-26T13:35:14.509+0000] {logging_mixin.py:190} INFO - [2026-04-26T13:35:14.509+0000] {dag.py:3239} INFO - Sync 1 DAGs
[2026-04-26T13:35:14.742+0000] {logging_mixin.py:190} INFO - [2026-04-26T13:35:14.733+0000] {dag.py:4180} INFO - Setting next_dagrun for kafka_producer to 2026-04-25 18:30:00+00:00, run_after=2026-04-26 18:30:00+00:00
[2026-04-26T13:35:14.825+0000] {processor.py:208} INFO - Processing /opt/airflow/dags/kafka_load.py took 1.795 seconds
[2026-04-26T13:35:45.367+0000] {processor.py:186} INFO - Started process (PID=123) to work on /opt/airflow/dags/kafka_load.py
[2026-04-26T13:35:45.369+0000] {processor.py:914} INFO - Processing file /opt/airflow/dags/kafka_load.py for tasks to queue
[2026-04-26T13:35:45.378+0000] {logging_mixin.py:190} INFO - [2026-04-26T13:35:45.378+0000] {dagbag.py:588} INFO - Filling up the DagBag from /opt/airflow/dags/kafka_load.py
[2026-04-26T13:35:45.450+0000] {processor.py:925} INFO - DAG(s) 'kafka_producer' retrieved from /opt/airflow/dags/kafka_load.py
[2026-04-26T13:35:45.515+0000] {logging_mixin.py:190} INFO - [2026-04-26T13:35:45.514+0000] {dag.py:3239} INFO - Sync 1 DAGs
[2026-04-26T13:35:45.580+0000] {logging_mixin.py:190} INFO - [2026-04-26T13:35:45.579+0000] {dag.py:4180} INFO - Setting next_dagrun for kafka_producer to 2026-04-25 18:30:00+00:00, run_after=2026-04-26 18:30:00+00:00
[2026-04-26T13:35:45.709+0000] {processor.py:208} INFO - Processing /opt/airflow/dags/kafka_load.py took 0.352 seconds
[2026-04-26T13:36:15.865+0000] {processor.py:186} INFO - Started process (PID=126) to work on /opt/airflow/dags/kafka_load.py
[2026-04-26T13:36:15.866+0000] {processor.py:914} INFO - Processing file /opt/airflow/dags/kafka_load.py for tasks to queue
[2026-04-26T13:36:15.870+0000] {logging_mixin.py:190} INFO - [2026-04-26T13:36:15.869+0000] {dagbag.py:588} INFO - Filling up the DagBag from /opt/airflow/dags/kafka_load.py
[2026-04-26T13:36:15.903+0000] {processor.py:925} INFO - DAG(s) 'kafka_producer' retrieved from /opt/airflow/dags/kafka_load.py
[2026-04-26T13:36:15.931+0000] {logging_mixin.py:190} INFO - [2026-04-26T13:36:15.931+0000] {dag.py:3239} INFO - Sync 1 DAGs
[2026-04-26T13:36:15.965+0000] {logging_mixin.py:190} INFO - [2026-04-26T13:36:15.965+0000] {dag.py:4180} INFO - Setting next_dagrun for kafka_producer to 2026-04-25 18:30:00+00:00, run_after=2026-04-26 18:30:00+00:00
[2026-04-26T13:36:15.999+0000] {processor.py:208} INFO - Processing /opt/airflow/dags/kafka_load.py took 0.143 seconds
[2026-04-26T13:36:46.377+0000] {processor.py:186} INFO - Started process (PID=129) to work on /opt/airflow/dags/kafka_load.py
[2026-04-26T13:36:46.378+0000] {processor.py:914} INFO - Processing file /opt/airflow/dags/kafka_load.py for tasks to queue
[2026-04-26T13:36:46.381+0000] {logging_mixin.py:190} INFO - [2026-04-26T13:36:46.381+0000] {dagbag.py:588} INFO - Filling up the DagBag from /opt/airflow/dags/kafka_load.py
[2026-04-26T13:36:46.415+0000] {processor.py:925} INFO - DAG(s) 'kafka_producer' retrieved from /opt/airflow/dags/kafka_load.py
[2026-04-26T13:36:46.445+0000] {logging_mixin.py:190} INFO - [2026-04-26T13:36:46.445+0000] {dag.py:3239} INFO - Sync 1 DAGs
[2026-04-26T13:36:46.479+0000] {logging_mixin.py:190} INFO - [2026-04-26T13:36:46.479+0000] {dag.py:4180} INFO - Setting next_dagrun for kafka_producer to 2026-04-25 18:30:00+00:00, run_after=2026-04-26 18:30:00+00:00
[2026-04-26T13:36:46.508+0000] {processor.py:208} INFO - Processing /opt/airflow/dags/kafka_load.py took 0.140 seconds
[2026-04-26T13:37:17.045+0000] {processor.py:186} INFO - Started process (PID=132) to work on /opt/airflow/dags/kafka_load.py
[2026-04-26T13:37:17.046+0000] {processor.py:914} INFO - Processing file /opt/airflow/dags/kafka_load.py for tasks to queue
[2026-04-26T13:37:17.057+0000] {logging_mixin.py:190} INFO - [2026-04-26T13:37:17.056+0000] {dagbag.py:588} INFO - Filling up the DagBag from /opt/airflow/dags/kafka_load.py
[2026-04-26T13:37:17.113+0000] {processor.py:925} INFO - DAG(s) 'kafka_producer' retrieved from /opt/airflow/dags/kafka_load.py
[2026-04-26T13:37:17.161+0000] {logging_mixin.py:190} INFO - [2026-04-26T13:37:17.160+0000] {dag.py:3239} INFO - Sync 1 DAGs
[2026-04-26T13:37:17.212+0000] {logging_mixin.py:190} INFO - [2026-04-26T13:37:17.212+0000] {dag.py:4180} INFO - Setting next_dagrun for kafka_producer to 2026-04-25 18:30:00+00:00, run_after=2026-04-26 18:30:00+00:00
[2026-04-26T13:37:17.253+0000] {processor.py:208} INFO - Processing /opt/airflow/dags/kafka_load.py took 0.224 seconds
[2026-04-26T13:37:50.325+0000] {processor.py:186} INFO - Started process (PID=136) to work on /opt/airflow/dags/kafka_load.py
[2026-04-26T13:37:50.348+0000] {processor.py:914} INFO - Processing file /opt/airflow/dags/kafka_load.py for tasks to queue
[2026-04-26T13:37:50.364+0000] {logging_mixin.py:190} INFO - [2026-04-26T13:37:50.364+0000] {dagbag.py:588} INFO - Filling up the DagBag from /opt/airflow/dags/kafka_load.py
[2026-04-26T13:37:51.011+0000] {processor.py:925} INFO - DAG(s) 'kafka_producer' retrieved from /opt/airflow/dags/kafka_load.py
[2026-04-26T13:37:51.143+0000] {logging_mixin.py:190} INFO - [2026-04-26T13:37:51.143+0000] {dag.py:3239} INFO - Sync 1 DAGs
[2026-04-26T13:37:51.228+0000] {logging_mixin.py:190} INFO - [2026-04-26T13:37:51.228+0000] {dag.py:4180} INFO - Setting next_dagrun for kafka_producer to 2026-04-25 18:30:00+00:00, run_after=2026-04-26 18:30:00+00:00
[2026-04-26T13:37:52.029+0000] {processor.py:208} INFO - Processing /opt/airflow/dags/kafka_load.py took 1.715 seconds
[2026-04-26T13:38:22.218+0000] {processor.py:186} INFO - Started process (PID=138) to work on /opt/airflow/dags/kafka_load.py
[2026-04-26T13:38:22.220+0000] {processor.py:914} INFO - Processing file /opt/airflow/dags/kafka_load.py for tasks to queue
[2026-04-26T13:38:22.224+0000] {logging_mixin.py:190} INFO - [2026-04-26T13:38:22.224+0000] {dagbag.py:588} INFO - Filling up the DagBag from /opt/airflow/dags/kafka_load.py
[2026-04-26T13:38:22.267+0000] {processor.py:925} INFO - DAG(s) 'kafka_producer' retrieved from /opt/airflow/dags/kafka_load.py
[2026-04-26T13:38:22.306+0000] {logging_mixin.py:190} INFO - [2026-04-26T13:38:22.306+0000] {dag.py:3239} INFO - Sync 1 DAGs
[2026-04-26T13:38:22.339+0000] {logging_mixin.py:190} INFO - [2026-04-26T13:38:22.339+0000] {dag.py:4180} INFO - Setting next_dagrun for kafka_producer to 2026-04-25 18:30:00+00:00, run_after=2026-04-26 18:30:00+00:00
[2026-04-26T13:38:23.108+0000] {processor.py:208} INFO - Processing /opt/airflow/dags/kafka_load.py took 0.900 seconds
[2026-04-26T13:38:53.431+0000] {processor.py:186} INFO - Started process (PID=142) to work on /opt/airflow/dags/kafka_load.py
[2026-04-26T13:38:53.432+0000] {processor.py:914} INFO - Processing file /opt/airflow/dags/kafka_load.py for tasks to queue
[2026-04-26T13:38:53.436+0000] {logging_mixin.py:190} INFO - [2026-04-26T13:38:53.435+0000] {dagbag.py:588} INFO - Filling up the DagBag from /opt/airflow/dags/kafka_load.py
[2026-04-26T13:38:53.478+0000] {processor.py:925} INFO - DAG(s) 'kafka_producer' retrieved from /opt/airflow/dags/kafka_load.py
[2026-04-26T13:38:53.510+0000] {logging_mixin.py:190} INFO - [2026-04-26T13:38:53.509+0000] {dag.py:3239} INFO - Sync 1 DAGs
[2026-04-26T13:38:53.548+0000] {logging_mixin.py:190} INFO - [2026-04-26T13:38:53.547+0000] {dag.py:4180} INFO - Setting next_dagrun for kafka_producer to 2026-04-25 18:30:00+00:00, run_after=2026-04-26 18:30:00+00:00
[2026-04-26T13:38:53.576+0000] {processor.py:208} INFO - Processing /opt/airflow/dags/kafka_load.py took 0.156 seconds
[2026-04-26T13:39:24.168+0000] {processor.py:186} INFO - Started process (PID=145) to work on /opt/airflow/dags/kafka_load.py
[2026-04-26T13:39:24.171+0000] {processor.py:914} INFO - Processing file /opt/airflow/dags/kafka_load.py for tasks to queue
[2026-04-26T13:39:24.175+0000] {logging_mixin.py:190} INFO - [2026-04-26T13:39:24.174+0000] {dagbag.py:588} INFO - Filling up the DagBag from /opt/airflow/dags/kafka_load.py
[2026-04-26T13:39:24.216+0000] {processor.py:925} INFO - DAG(s) 'kafka_producer' retrieved from /opt/airflow/dags/kafka_load.py
[2026-04-26T13:39:24.249+0000] {logging_mixin.py:190} INFO - [2026-04-26T13:39:24.249+0000] {dag.py:3239} INFO - Sync 1 DAGs
[2026-04-26T13:39:24.294+0000] {logging_mixin.py:190} INFO - [2026-04-26T13:39:24.294+0000] {dag.py:4180} INFO - Setting next_dagrun for kafka_producer to 2026-04-25 18:30:00+00:00, run_after=2026-04-26 18:30:00+00:00
[2026-04-26T13:39:24.325+0000] {processor.py:208} INFO - Processing /opt/airflow/dags/kafka_load.py took 0.166 seconds
[2026-04-26T13:39:54.884+0000] {processor.py:186} INFO - Started process (PID=148) to work on /opt/airflow/dags/kafka_load.py
[2026-04-26T13:39:54.888+0000] {processor.py:914} INFO - Processing file /opt/airflow/dags/kafka_load.py for tasks to queue
[2026-04-26T13:39:54.891+0000] {logging_mixin.py:190} INFO - [2026-04-26T13:39:54.891+0000] {dagbag.py:588} INFO - Filling up the DagBag from /opt/airflow/dags/kafka_load.py
[2026-04-26T13:39:54.927+0000] {processor.py:925} INFO - DAG(s) 'kafka_producer' retrieved from /opt/airflow/dags/kafka_load.py
[2026-04-26T13:39:54.955+0000] {logging_mixin.py:190} INFO - [2026-04-26T13:39:54.955+0000] {dag.py:3239} INFO - Sync 1 DAGs
[2026-04-26T13:39:54.989+0000] {logging_mixin.py:190} INFO - [2026-04-26T13:39:54.989+0000] {dag.py:4180} INFO - Setting next_dagrun for kafka_producer to 2026-04-25 18:30:00+00:00, run_after=2026-04-26 18:30:00+00:00
[2026-04-26T13:39:55.017+0000] {processor.py:208} INFO - Processing /opt/airflow/dags/kafka_load.py took 0.142 seconds
[2026-04-26T13:40:25.091+0000] {processor.py:186} INFO - Started process (PID=151) to work on /opt/airflow/dags/kafka_load.py
[2026-04-26T13:40:25.093+0000] {processor.py:914} INFO - Processing file /opt/airflow/dags/kafka_load.py for tasks to queue
[2026-04-26T13:40:25.097+0000] {logging_mixin.py:190} INFO - [2026-04-26T13:40:25.096+0000] {dagbag.py:588} INFO - Filling up the DagBag from /opt/airflow/dags/kafka_load.py
[2026-04-26T13:40:25.137+0000] {processor.py:925} INFO - DAG(s) 'kafka_producer' retrieved from /opt/airflow/dags/kafka_load.py
[2026-04-26T13:40:25.167+0000] {logging_mixin.py:190} INFO - [2026-04-26T13:40:25.167+0000] {dag.py:3239} INFO - Sync 1 DAGs
[2026-04-26T13:40:25.205+0000] {logging_mixin.py:190} INFO - [2026-04-26T13:40:25.205+0000] {dag.py:4180} INFO - Setting next_dagrun for kafka_producer to 2026-04-25 18:30:00+00:00, run_after=2026-04-26 18:30:00+00:00
[2026-04-26T13:40:25.233+0000] {processor.py:208} INFO - Processing /opt/airflow/dags/kafka_load.py took 0.152 seconds
[2026-04-26T13:40:56.073+0000] {processor.py:186} INFO - Started process (PID=154) to work on /opt/airflow/dags/kafka_load.py
[2026-04-26T13:40:56.075+0000] {processor.py:914} INFO - Processing file /opt/airflow/dags/kafka_load.py for tasks to queue
[2026-04-26T13:40:56.079+0000] {logging_mixin.py:190} INFO - [2026-04-26T13:40:56.078+0000] {dagbag.py:588} INFO - Filling up the DagBag from /opt/airflow/dags/kafka_load.py
[2026-04-26T13:40:56.121+0000] {processor.py:925} INFO - DAG(s) 'kafka_producer' retrieved from /opt/airflow/dags/kafka_load.py
[2026-04-26T13:40:56.154+0000] {logging_mixin.py:190} INFO - [2026-04-26T13:40:56.153+0000] {dag.py:3239} INFO - Sync 1 DAGs
[2026-04-26T13:40:56.189+0000] {logging_mixin.py:190} INFO - [2026-04-26T13:40:56.189+0000] {dag.py:4180} INFO - Setting next_dagrun for kafka_producer to 2026-04-25 18:30:00+00:00, run_after=2026-04-26 18:30:00+00:00
[2026-04-26T13:40:56.223+0000] {processor.py:208} INFO - Processing /opt/airflow/dags/kafka_load.py took 0.160 seconds
[2026-04-26T13:41:26.550+0000] {processor.py:186} INFO - Started process (PID=157) to work on /opt/airflow/dags/kafka_load.py
[2026-04-26T13:41:26.551+0000] {processor.py:914} INFO - Processing file /opt/airflow/dags/kafka_load.py for tasks to queue
[2026-04-26T13:41:26.558+0000] {logging_mixin.py:190} INFO - [2026-04-26T13:41:26.558+0000] {dagbag.py:588} INFO - Filling up the DagBag from /opt/airflow/dags/kafka_load.py
[2026-04-26T13:41:26.711+0000] {processor.py:925} INFO - DAG(s) 'kafka_producer' retrieved from /opt/airflow/dags/kafka_load.py
[2026-04-26T13:41:26.752+0000] {logging_mixin.py:190} INFO - [2026-04-26T13:41:26.751+0000] {dag.py:3239} INFO - Sync 1 DAGs
[2026-04-26T13:41:26.798+0000] {logging_mixin.py:190} INFO - [2026-04-26T13:41:26.797+0000] {dag.py:4180} INFO - Setting next_dagrun for kafka_producer to 2026-04-25 18:30:00+00:00, run_after=2026-04-26 18:30:00+00:00
[2026-04-26T13:41:26.830+0000] {processor.py:208} INFO - Processing /opt/airflow/dags/kafka_load.py took 0.296 seconds
[2026-04-26T13:41:57.259+0000] {processor.py:186} INFO - Started process (PID=160) to work on /opt/airflow/dags/kafka_load.py
[2026-04-26T13:41:57.261+0000] {processor.py:914} INFO - Processing file /opt/airflow/dags/kafka_load.py for tasks to queue
[2026-04-26T13:41:57.265+0000] {logging_mixin.py:190} INFO - [2026-04-26T13:41:57.264+0000] {dagbag.py:588} INFO - Filling up the DagBag from /opt/airflow/dags/kafka_load.py
[2026-04-26T13:41:57.342+0000] {processor.py:925} INFO - DAG(s) 'kafka_producer' retrieved from /opt/airflow/dags/kafka_load.py
[2026-04-26T13:41:57.381+0000] {logging_mixin.py:190} INFO - [2026-04-26T13:41:57.381+0000] {dag.py:3239} INFO - Sync 1 DAGs
[2026-04-26T13:41:57.417+0000] {logging_mixin.py:190} INFO - [2026-04-26T13:41:57.417+0000] {dag.py:4180} INFO - Setting next_dagrun for kafka_producer to 2026-04-25 18:30:00+00:00, run_after=2026-04-26 18:30:00+00:00
[2026-04-26T13:41:57.443+0000] {processor.py:208} INFO - Processing /opt/airflow/dags/kafka_load.py took 0.194 seconds
[2026-04-26T13:42:27.926+0000] {processor.py:186} INFO - Started process (PID=163) to work on /opt/airflow/dags/kafka_load.py
[2026-04-26T13:42:27.927+0000] {processor.py:914} INFO - Processing file /opt/airflow/dags/kafka_load.py for tasks to queue
[2026-04-26T13:42:27.930+0000] {logging_mixin.py:190} INFO - [2026-04-26T13:42:27.930+0000] {dagbag.py:588} INFO - Filling up the DagBag from /opt/airflow/dags/kafka_load.py
[2026-04-26T13:42:27.966+0000] {processor.py:925} INFO - DAG(s) 'kafka_producer' retrieved from /opt/airflow/dags/kafka_load.py
[2026-04-26T13:42:28.003+0000] {logging_mixin.py:190} INFO - [2026-04-26T13:42:28.002+0000] {dag.py:3239} INFO - Sync 1 DAGs
[2026-04-26T13:42:28.040+0000] {logging_mixin.py:190} INFO - [2026-04-26T13:42:28.039+0000] {dag.py:4180} INFO - Setting next_dagrun for kafka_producer to 2026-04-25 18:30:00+00:00, run_after=2026-04-26 18:30:00+00:00
[2026-04-26T13:42:28.066+0000] {processor.py:208} INFO - Processing /opt/airflow/dags/kafka_load.py took 0.151 seconds
[2026-04-26T13:42:58.932+0000] {processor.py:186} INFO - Started process (PID=166) to work on /opt/airflow/dags/kafka_load.py
[2026-04-26T13:42:58.934+0000] {processor.py:914} INFO - Processing file /opt/airflow/dags/kafka_load.py for tasks to queue
[2026-04-26T13:42:58.938+0000] {logging_mixin.py:190} INFO - [2026-04-26T13:42:58.937+0000] {dagbag.py:588} INFO - Filling up the DagBag from /opt/airflow/dags/kafka_load.py
[2026-04-26T13:42:58.979+0000] {processor.py:925} INFO - DAG(s) 'kafka_producer' retrieved from /opt/airflow/dags/kafka_load.py
[2026-04-26T13:42:59.018+0000] {logging_mixin.py:190} INFO - [2026-04-26T13:42:59.018+0000] {dag.py:3239} INFO - Sync 1 DAGs
[2026-04-26T13:42:59.067+0000] {logging_mixin.py:190} INFO - [2026-04-26T13:42:59.067+0000] {dag.py:4180} INFO - Setting next_dagrun for kafka_producer to 2026-04-25 18:30:00+00:00, run_after=2026-04-26 18:30:00+00:00
[2026-04-26T13:42:59.126+0000] {processor.py:208} INFO - Processing /opt/airflow/dags/kafka_load.py took 0.206 seconds
[2026-04-26T13:43:29.556+0000] {processor.py:186} INFO - Started process (PID=169) to work on /opt/airflow/dags/kafka_load.py
[2026-04-26T13:43:29.557+0000] {processor.py:914} INFO - Processing file /opt/airflow/dags/kafka_load.py for tasks to queue
[2026-04-26T13:43:29.561+0000] {logging_mixin.py:190} INFO - [2026-04-26T13:43:29.560+0000] {dagbag.py:588} INFO - Filling up the DagBag from /opt/airflow/dags/kafka_load.py
[2026-04-26T13:43:29.601+0000] {processor.py:925} INFO - DAG(s) 'kafka_producer' retrieved from /opt/airflow/dags/kafka_load.py
[2026-04-26T13:43:29.634+0000] {logging_mixin.py:190} INFO - [2026-04-26T13:43:29.633+0000] {dag.py:3239} INFO - Sync 1 DAGs
[2026-04-26T13:43:29.675+0000] {logging_mixin.py:190} INFO - [2026-04-26T13:43:29.674+0000] {dag.py:4180} INFO - Setting next_dagrun for kafka_producer to 2026-04-25 18:30:00+00:00, run_after=2026-04-26 18:30:00+00:00
[2026-04-26T13:43:29.699+0000] {processor.py:208} INFO - Processing /opt/airflow/dags/kafka_load.py took 0.152 seconds
[2026-04-26T13:44:00.373+0000] {processor.py:186} INFO - Started process (PID=172) to work on /opt/airflow/dags/kafka_load.py
[2026-04-26T13:44:00.375+0000] {processor.py:914} INFO - Processing file /opt/airflow/dags/kafka_load.py for tasks to queue
[2026-04-26T13:44:00.378+0000] {logging_mixin.py:190} INFO - [2026-04-26T13:44:00.378+0000] {dagbag.py:588} INFO - Filling up the DagBag from /opt/airflow/dags/kafka_load.py
[2026-04-26T13:44:00.418+0000] {processor.py:925} INFO - DAG(s) 'kafka_producer' retrieved from /opt/airflow/dags/kafka_load.py
[2026-04-26T13:44:00.451+0000] {logging_mixin.py:190} INFO - [2026-04-26T13:44:00.451+0000] {dag.py:3239} INFO - Sync 1 DAGs
[2026-04-26T13:44:00.488+0000] {logging_mixin.py:190} INFO - [2026-04-26T13:44:00.488+0000] {dag.py:4180} INFO - Setting next_dagrun for kafka_producer to 2026-04-25 18:30:00+00:00, run_after=2026-04-26 18:30:00+00:00
[2026-04-26T13:44:00.518+0000] {processor.py:208} INFO - Processing /opt/airflow/dags/kafka_load.py took 0.153 seconds
[2026-04-26T13:44:31.114+0000] {processor.py:186} INFO - Started process (PID=175) to work on /opt/airflow/dags/kafka_load.py
[2026-04-26T13:44:31.116+0000] {processor.py:914} INFO - Processing file /opt/airflow/dags/kafka_load.py for tasks to queue
[2026-04-26T13:44:31.120+0000] {logging_mixin.py:190} INFO - [2026-04-26T13:44:31.119+0000] {dagbag.py:588} INFO - Filling up the DagBag from /opt/airflow/dags/kafka_load.py
[2026-04-26T13:44:31.166+0000] {processor.py:925} INFO - DAG(s) 'kafka_producer' retrieved from /opt/airflow/dags/kafka_load.py
[2026-04-26T13:44:31.191+0000] {logging_mixin.py:190} INFO - [2026-04-26T13:44:31.191+0000] {dag.py:3239} INFO - Sync 1 DAGs
[2026-04-26T13:44:31.233+0000] {logging_mixin.py:190} INFO - [2026-04-26T13:44:31.233+0000] {dag.py:4180} INFO - Setting next_dagrun for kafka_producer to 2026-04-25 18:30:00+00:00, run_after=2026-04-26 18:30:00+00:00
[2026-04-26T13:44:31.779+0000] {processor.py:208} INFO - Processing /opt/airflow/dags/kafka_load.py took 0.674 seconds
[2026-04-26T13:45:02.618+0000] {processor.py:186} INFO - Started process (PID=178) to work on /opt/airflow/dags/kafka_load.py
[2026-04-26T13:45:02.620+0000] {processor.py:914} INFO - Processing file /opt/airflow/dags/kafka_load.py for tasks to queue
[2026-04-26T13:45:02.624+0000] {logging_mixin.py:190} INFO - [2026-04-26T13:45:02.624+0000] {dagbag.py:588} INFO - Filling up the DagBag from /opt/airflow/dags/kafka_load.py
[2026-04-26T13:45:02.663+0000] {processor.py:925} INFO - DAG(s) 'kafka_producer' retrieved from /opt/airflow/dags/kafka_load.py
[2026-04-26T13:45:02.691+0000] {logging_mixin.py:190} INFO - [2026-04-26T13:45:02.690+0000] {dag.py:3239} INFO - Sync 1 DAGs
[2026-04-26T13:45:02.727+0000] {logging_mixin.py:190} INFO - [2026-04-26T13:45:02.726+0000] {dag.py:4180} INFO - Setting next_dagrun for kafka_producer to 2026-04-25 18:30:00+00:00, run_after=2026-04-26 18:30:00+00:00
[2026-04-26T13:45:02.750+0000] {processor.py:208} INFO - Processing /opt/airflow/dags/kafka_load.py took 0.148 seconds
[2026-04-26T13:45:33.169+0000] {processor.py:186} INFO - Started process (PID=181) to work on /opt/airflow/dags/kafka_load.py
[2026-04-26T13:45:33.171+0000] {processor.py:914} INFO - Processing file /opt/airflow/dags/kafka_load.py for tasks to queue
[2026-04-26T13:45:33.176+0000] {logging_mixin.py:190} INFO - [2026-04-26T13:45:33.175+0000] {dagbag.py:588} INFO - Filling up the DagBag from /opt/airflow/dags/kafka_load.py
[2026-04-26T13:45:33.217+0000] {processor.py:925} INFO - DAG(s) 'kafka_producer' retrieved from /opt/airflow/dags/kafka_load.py
[2026-04-26T13:45:33.248+0000] {logging_mixin.py:190} INFO - [2026-04-26T13:45:33.247+0000] {dag.py:3239} INFO - Sync 1 DAGs
[2026-04-26T13:45:33.294+0000] {logging_mixin.py:190} INFO - [2026-04-26T13:45:33.294+0000] {dag.py:4180} INFO - Setting next_dagrun for kafka_producer to 2026-04-25 18:30:00+00:00, run_after=2026-04-26 18:30:00+00:00
[2026-04-26T13:45:33.336+0000] {processor.py:208} INFO - Processing /opt/airflow/dags/kafka_load.py took 0.179 seconds
[2026-04-26T13:46:03.472+0000] {processor.py:186} INFO - Started process (PID=184) to work on /opt/airflow/dags/kafka_load.py
[2026-04-26T13:46:03.473+0000] {processor.py:914} INFO - Processing file /opt/airflow/dags/kafka_load.py for tasks to queue
[2026-04-26T13:46:03.478+0000] {logging_mixin.py:190} INFO - [2026-04-26T13:46:03.478+0000] {dagbag.py:588} INFO - Filling up the DagBag from /opt/airflow/dags/kafka_load.py
[2026-04-26T13:46:03.529+0000] {processor.py:925} INFO - DAG(s) 'kafka_producer' retrieved from /opt/airflow/dags/kafka_load.py
[2026-04-26T13:46:03.561+0000] {logging_mixin.py:190} INFO - [2026-04-26T13:46:03.561+0000] {dag.py:3239} INFO - Sync 1 DAGs
[2026-04-26T13:46:03.597+0000] {logging_mixin.py:190} INFO - [2026-04-26T13:46:03.597+0000] {dag.py:4180} INFO - Setting next_dagrun for kafka_producer to 2026-04-25 18:30:00+00:00, run_after=2026-04-26 18:30:00+00:00
[2026-04-26T13:46:03.661+0000] {processor.py:208} INFO - Processing /opt/airflow/dags/kafka_load.py took 0.198 seconds
[2026-04-26T13:46:33.947+0000] {processor.py:186} INFO - Started process (PID=186) to work on /opt/airflow/dags/kafka_load.py
[2026-04-26T13:46:33.948+0000] {processor.py:914} INFO - Processing file /opt/airflow/dags/kafka_load.py for tasks to queue
[2026-04-26T13:46:33.952+0000] {logging_mixin.py:190} INFO - [2026-04-26T13:46:33.952+0000] {dagbag.py:588} INFO - Filling up the DagBag from /opt/airflow/dags/kafka_load.py
[2026-04-26T13:46:34.017+0000] {processor.py:925} INFO - DAG(s) 'kafka_producer' retrieved from /opt/airflow/dags/kafka_load.py
[2026-04-26T13:46:34.053+0000] {logging_mixin.py:190} INFO - [2026-04-26T13:46:34.053+0000] {dag.py:3239} INFO - Sync 1 DAGs
[2026-04-26T13:46:34.090+0000] {logging_mixin.py:190} INFO - [2026-04-26T13:46:34.089+0000] {dag.py:4180} INFO - Setting next_dagrun for kafka_producer to 2026-04-25 18:30:00+00:00, run_after=2026-04-26 18:30:00+00:00
[2026-04-26T13:46:34.139+0000] {processor.py:208} INFO - Processing /opt/airflow/dags/kafka_load.py took 0.204 seconds
[2026-04-26T13:47:04.703+0000] {processor.py:186} INFO - Started process (PID=189) to work on /opt/airflow/dags/kafka_load.py
[2026-04-26T13:47:04.706+0000] {processor.py:914} INFO - Processing file /opt/airflow/dags/kafka_load.py for tasks to queue
[2026-04-26T13:47:04.711+0000] {logging_mixin.py:190} INFO - [2026-04-26T13:47:04.710+0000] {dagbag.py:588} INFO - Filling up the DagBag from /opt/airflow/dags/kafka_load.py
[2026-04-26T13:47:04.746+0000] {processor.py:925} INFO - DAG(s) 'kafka_producer' retrieved from /opt/airflow/dags/kafka_load.py
[2026-04-26T13:47:04.773+0000] {logging_mixin.py:190} INFO - [2026-04-26T13:47:04.772+0000] {dag.py:3239} INFO - Sync 1 DAGs
[2026-04-26T13:47:04.806+0000] {logging_mixin.py:190} INFO - [2026-04-26T13:47:04.806+0000] {dag.py:4180} INFO - Setting next_dagrun for kafka_producer to 2026-04-25 18:30:00+00:00, run_after=2026-04-26 18:30:00+00:00
[2026-04-26T13:47:04.838+0000] {processor.py:208} INFO - Processing /opt/airflow/dags/kafka_load.py took 0.148 seconds
[2026-04-26T13:47:35.254+0000] {processor.py:186} INFO - Started process (PID=192) to work on /opt/airflow/dags/kafka_load.py
[2026-04-26T13:47:35.256+0000] {processor.py:914} INFO - Processing file /opt/airflow/dags/kafka_load.py for tasks to queue
[2026-04-26T13:47:35.261+0000] {logging_mixin.py:190} INFO - [2026-04-26T13:47:35.260+0000] {dagbag.py:588} INFO - Filling up the DagBag from /opt/airflow/dags/kafka_load.py
[2026-04-26T13:47:35.307+0000] {processor.py:925} INFO - DAG(s) 'kafka_producer' retrieved from /opt/airflow/dags/kafka_load.py
[2026-04-26T13:47:35.338+0000] {logging_mixin.py:190} INFO - [2026-04-26T13:47:35.338+0000] {dag.py:3239} INFO - Sync 1 DAGs
[2026-04-26T13:47:35.370+0000] {logging_mixin.py:190} INFO - [2026-04-26T13:47:35.370+0000] {dag.py:4180} INFO - Setting next_dagrun for kafka_producer to 2026-04-25 18:30:00+00:00, run_after=2026-04-26 18:30:00+00:00
[2026-04-26T13:47:35.397+0000] {processor.py:208} INFO - Processing /opt/airflow/dags/kafka_load.py took 0.158 seconds
[2026-04-26T13:48:06.174+0000] {processor.py:186} INFO - Started process (PID=195) to work on /opt/airflow/dags/kafka_load.py
[2026-04-26T13:48:06.177+0000] {processor.py:914} INFO - Processing file /opt/airflow/dags/kafka_load.py for tasks to queue
[2026-04-26T13:48:06.187+0000] {logging_mixin.py:190} INFO - [2026-04-26T13:48:06.186+0000] {dagbag.py:588} INFO - Filling up the DagBag from /opt/airflow/dags/kafka_load.py
[2026-04-26T13:48:06.259+0000] {processor.py:925} INFO - DAG(s) 'kafka_producer' retrieved from /opt/airflow/dags/kafka_load.py
[2026-04-26T13:48:06.337+0000] {logging_mixin.py:190} INFO - [2026-04-26T13:48:06.337+0000] {dag.py:3239} INFO - Sync 1 DAGs
[2026-04-26T13:48:06.395+0000] {logging_mixin.py:190} INFO - [2026-04-26T13:48:06.394+0000] {dag.py:4180} INFO - Setting next_dagrun for kafka_producer to 2026-04-25 18:30:00+00:00, run_after=2026-04-26 18:30:00+00:00
[2026-04-26T13:48:06.430+0000] {processor.py:208} INFO - Processing /opt/airflow/dags/kafka_load.py took 0.276 seconds
[2026-04-26T13:48:37.010+0000] {processor.py:186} INFO - Started process (PID=198) to work on /opt/airflow/dags/kafka_load.py
[2026-04-26T13:48:37.012+0000] {processor.py:914} INFO - Processing file /opt/airflow/dags/kafka_load.py for tasks to queue
[2026-04-26T13:48:37.017+0000] {logging_mixin.py:190} INFO - [2026-04-26T13:48:37.016+0000] {dagbag.py:588} INFO - Filling up the DagBag from /opt/airflow/dags/kafka_load.py
[2026-04-26T13:48:37.058+0000] {processor.py:925} INFO - DAG(s) 'kafka_producer' retrieved from /opt/airflow/dags/kafka_load.py
[2026-04-26T13:48:37.090+0000] {logging_mixin.py:190} INFO - [2026-04-26T13:48:37.090+0000] {dag.py:3239} INFO - Sync 1 DAGs
[2026-04-26T13:48:37.127+0000] {logging_mixin.py:190} INFO - [2026-04-26T13:48:37.126+0000] {dag.py:4180} INFO - Setting next_dagrun for kafka_producer to 2026-04-25 18:30:00+00:00, run_after=2026-04-26 18:30:00+00:00
[2026-04-26T13:48:37.156+0000] {processor.py:208} INFO - Processing /opt/airflow/dags/kafka_load.py took 0.160 seconds
[2026-04-26T13:49:07.947+0000] {processor.py:186} INFO - Started process (PID=201) to work on /opt/airflow/dags/kafka_load.py
[2026-04-26T13:49:07.949+0000] {processor.py:914} INFO - Processing file /opt/airflow/dags/kafka_load.py for tasks to queue
[2026-04-26T13:49:07.954+0000] {logging_mixin.py:190} INFO - [2026-04-26T13:49:07.953+0000] {dagbag.py:588} INFO - Filling up the DagBag from /opt/airflow/dags/kafka_load.py
[2026-04-26T13:49:07.986+0000] {processor.py:925} INFO - DAG(s) 'kafka_producer' retrieved from /opt/airflow/dags/kafka_load.py
[2026-04-26T13:49:08.017+0000] {logging_mixin.py:190} INFO - [2026-04-26T13:49:08.017+0000] {dag.py:3239} INFO - Sync 1 DAGs
[2026-04-26T13:49:08.049+0000] {logging_mixin.py:190} INFO - [2026-04-26T13:49:08.049+0000] {dag.py:4180} INFO - Setting next_dagrun for kafka_producer to 2026-04-25 18:30:00+00:00, run_after=2026-04-26 18:30:00+00:00
[2026-04-26T13:49:08.074+0000] {processor.py:208} INFO - Processing /opt/airflow/dags/kafka_load.py took 0.135 seconds
[2026-04-26T13:49:38.302+0000] {processor.py:186} INFO - Started process (PID=204) to work on /opt/airflow/dags/kafka_load.py
[2026-04-26T13:49:38.304+0000] {processor.py:914} INFO - Processing file /opt/airflow/dags/kafka_load.py for tasks to queue
[2026-04-26T13:49:38.308+0000] {logging_mixin.py:190} INFO - [2026-04-26T13:49:38.308+0000] {dagbag.py:588} INFO - Filling up the DagBag from /opt/airflow/dags/kafka_load.py
[2026-04-26T13:49:38.343+0000] {processor.py:925} INFO - DAG(s) 'kafka_producer' retrieved from /opt/airflow/dags/kafka_load.py
[2026-04-26T13:49:38.372+0000] {logging_mixin.py:190} INFO - [2026-04-26T13:49:38.372+0000] {dag.py:3239} INFO - Sync 1 DAGs
[2026-04-26T13:49:38.407+0000] {logging_mixin.py:190} INFO - [2026-04-26T13:49:38.407+0000] {dag.py:4180} INFO - Setting next_dagrun for kafka_producer to 2026-04-25 18:30:00+00:00, run_after=2026-04-26 18:30:00+00:00
[2026-04-26T13:49:38.433+0000] {processor.py:208} INFO - Processing /opt/airflow/dags/kafka_load.py took 0.147 seconds
[2026-04-26T13:50:09.353+0000] {processor.py:186} INFO - Started process (PID=207) to work on /opt/airflow/dags/kafka_load.py
[2026-04-26T13:50:09.354+0000] {processor.py:914} INFO - Processing file /opt/airflow/dags/kafka_load.py for tasks to queue
[2026-04-26T13:50:09.358+0000] {logging_mixin.py:190} INFO - [2026-04-26T13:50:09.358+0000] {dagbag.py:588} INFO - Filling up the DagBag from /opt/airflow/dags/kafka_load.py
[2026-04-26T13:50:09.405+0000] {processor.py:925} INFO - DAG(s) 'kafka_producer' retrieved from /opt/airflow/dags/kafka_load.py
[2026-04-26T13:50:09.461+0000] {logging_mixin.py:190} INFO - [2026-04-26T13:50:09.461+0000] {dag.py:3239} INFO - Sync 1 DAGs
[2026-04-26T13:50:09.566+0000] {logging_mixin.py:190} INFO - [2026-04-26T13:50:09.566+0000] {dag.py:4180} INFO - Setting next_dagrun for kafka_producer to 2026-04-25 18:30:00+00:00, run_after=2026-04-26 18:30:00+00:00
[2026-04-26T13:50:09.665+0000] {processor.py:208} INFO - Processing /opt/airflow/dags/kafka_load.py took 0.323 seconds
[2026-04-26T13:50:40.237+0000] {processor.py:186} INFO - Started process (PID=210) to work on /opt/airflow/dags/kafka_load.py
[2026-04-26T13:50:40.239+0000] {processor.py:914} INFO - Processing file /opt/airflow/dags/kafka_load.py for tasks to queue
[2026-04-26T13:50:40.268+0000] {logging_mixin.py:190} INFO - [2026-04-26T13:50:40.268+0000] {dagbag.py:588} INFO - Filling up the DagBag from /opt/airflow/dags/kafka_load.py
[2026-04-26T13:50:40.477+0000] {processor.py:925} INFO - DAG(s) 'kafka_producer' retrieved from /opt/airflow/dags/kafka_load.py
[2026-04-26T13:50:40.515+0000] {logging_mixin.py:190} INFO - [2026-04-26T13:50:40.515+0000] {dag.py:3239} INFO - Sync 1 DAGs
[2026-04-26T13:50:40.574+0000] {logging_mixin.py:190} INFO - [2026-04-26T13:50:40.574+0000] {dag.py:4180} INFO - Setting next_dagrun for kafka_producer to 2026-04-25 18:30:00+00:00, run_after=2026-04-26 18:30:00+00:00
[2026-04-26T13:50:40.618+0000] {processor.py:208} INFO - Processing /opt/airflow/dags/kafka_load.py took 0.400 seconds
[2026-04-26T13:51:11.446+0000] {processor.py:186} INFO - Started process (PID=213) to work on /opt/airflow/dags/kafka_load.py
[2026-04-26T13:51:11.452+0000] {processor.py:914} INFO - Processing file /opt/airflow/dags/kafka_load.py for tasks to queue
[2026-04-26T13:51:11.456+0000] {logging_mixin.py:190} INFO - [2026-04-26T13:51:11.455+0000] {dagbag.py:588} INFO - Filling up the DagBag from /opt/airflow/dags/kafka_load.py
[2026-04-26T13:51:11.524+0000] {processor.py:925} INFO - DAG(s) 'kafka_producer' retrieved from /opt/airflow/dags/kafka_load.py
[2026-04-26T13:51:11.573+0000] {logging_mixin.py:190} INFO - [2026-04-26T13:51:11.573+0000] {dag.py:3239} INFO - Sync 1 DAGs
[2026-04-26T13:51:11.614+0000] {logging_mixin.py:190} INFO - [2026-04-26T13:51:11.613+0000] {dag.py:4180} INFO - Setting next_dagrun for kafka_producer to 2026-04-25 18:30:00+00:00, run_after=2026-04-26 18:30:00+00:00
[2026-04-26T13:51:11.645+0000] {processor.py:208} INFO - Processing /opt/airflow/dags/kafka_load.py took 0.220 seconds
[2026-04-26T13:51:41.863+0000] {processor.py:186} INFO - Started process (PID=216) to work on /opt/airflow/dags/kafka_load.py
[2026-04-26T13:51:41.873+0000] {processor.py:914} INFO - Processing file /opt/airflow/dags/kafka_load.py for tasks to queue
[2026-04-26T13:51:41.880+0000] {logging_mixin.py:190} INFO - [2026-04-26T13:51:41.879+0000] {dagbag.py:588} INFO - Filling up the DagBag from /opt/airflow/dags/kafka_load.py
[2026-04-26T13:51:41.936+0000] {processor.py:925} INFO - DAG(s) 'kafka_producer' retrieved from /opt/airflow/dags/kafka_load.py
[2026-04-26T13:51:41.963+0000] {logging_mixin.py:190} INFO - [2026-04-26T13:51:41.963+0000] {dag.py:3239} INFO - Sync 1 DAGs
[2026-04-26T13:51:42.003+0000] {logging_mixin.py:190} INFO - [2026-04-26T13:51:41.998+0000] {dag.py:4180} INFO - Setting next_dagrun for kafka_producer to 2026-04-25 18:30:00+00:00, run_after=2026-04-26 18:30:00+00:00
[2026-04-26T13:51:42.027+0000] {processor.py:208} INFO - Processing /opt/airflow/dags/kafka_load.py took 0.180 seconds
[2026-04-26T13:52:12.545+0000] {processor.py:186} INFO - Started process (PID=219) to work on /opt/airflow/dags/kafka_load.py
[2026-04-26T13:52:12.547+0000] {processor.py:914} INFO - Processing file /opt/airflow/dags/kafka_load.py for tasks to queue
[2026-04-26T13:52:12.552+0000] {logging_mixin.py:190} INFO - [2026-04-26T13:52:12.551+0000] {dagbag.py:588} INFO - Filling up the DagBag from /opt/airflow/dags/kafka_load.py
[2026-04-26T13:52:12.586+0000] {processor.py:925} INFO - DAG(s) 'kafka_producer' retrieved from /opt/airflow/dags/kafka_load.py
[2026-04-26T13:52:12.615+0000] {logging_mixin.py:190} INFO - [2026-04-26T13:52:12.614+0000] {dag.py:3239} INFO - Sync 1 DAGs
[2026-04-26T13:52:12.648+0000] {logging_mixin.py:190} INFO - [2026-04-26T13:52:12.648+0000] {dag.py:4180} INFO - Setting next_dagrun for kafka_producer to 2026-04-25 18:30:00+00:00, run_after=2026-04-26 18:30:00+00:00
[2026-04-26T13:52:13.295+0000] {processor.py:208} INFO - Processing /opt/airflow/dags/kafka_load.py took 0.761 seconds
[2026-04-26T13:52:44.115+0000] {processor.py:186} INFO - Started process (PID=223) to work on /opt/airflow/dags/kafka_load.py
[2026-04-26T13:52:44.116+0000] {processor.py:914} INFO - Processing file /opt/airflow/dags/kafka_load.py for tasks to queue
[2026-04-26T13:52:44.121+0000] {logging_mixin.py:190} INFO - [2026-04-26T13:52:44.120+0000] {dagbag.py:588} INFO - Filling up the DagBag from /opt/airflow/dags/kafka_load.py
[2026-04-26T13:52:44.163+0000] {processor.py:925} INFO - DAG(s) 'kafka_producer' retrieved from /opt/airflow/dags/kafka_load.py
[2026-04-26T13:52:44.219+0000] {logging_mixin.py:190} INFO - [2026-04-26T13:52:44.219+0000] {dag.py:3239} INFO - Sync 1 DAGs
[2026-04-26T13:52:44.299+0000] {logging_mixin.py:190} INFO - [2026-04-26T13:52:44.298+0000] {dag.py:4180} INFO - Setting next_dagrun for kafka_producer to 2026-04-25 18:30:00+00:00, run_after=2026-04-26 18:30:00+00:00
[2026-04-26T13:52:44.608+0000] {processor.py:208} INFO - Processing /opt/airflow/dags/kafka_load.py took 0.501 seconds
[2026-04-26T13:53:15.152+0000] {processor.py:186} INFO - Started process (PID=226) to work on /opt/airflow/dags/kafka_load.py
[2026-04-26T13:53:15.156+0000] {processor.py:914} INFO - Processing file /opt/airflow/dags/kafka_load.py for tasks to queue
[2026-04-26T13:53:15.162+0000] {logging_mixin.py:190} INFO - [2026-04-26T13:53:15.161+0000] {dagbag.py:588} INFO - Filling up the DagBag from /opt/airflow/dags/kafka_load.py
[2026-04-26T13:53:15.313+0000] {processor.py:925} INFO - DAG(s) 'kafka_producer' retrieved from /opt/airflow/dags/kafka_load.py
[2026-04-26T13:53:15.374+0000] {logging_mixin.py:190} INFO - [2026-04-26T13:53:15.374+0000] {dag.py:3239} INFO - Sync 1 DAGs
[2026-04-26T13:53:15.476+0000] {logging_mixin.py:190} INFO - [2026-04-26T13:53:15.475+0000] {dag.py:4180} INFO - Setting next_dagrun for kafka_producer to 2026-04-25 18:30:00+00:00, run_after=2026-04-26 18:30:00+00:00
[2026-04-26T13:53:15.546+0000] {processor.py:208} INFO - Processing /opt/airflow/dags/kafka_load.py took 0.413 seconds
[2026-04-26T13:53:46.320+0000] {processor.py:186} INFO - Started process (PID=229) to work on /opt/airflow/dags/kafka_load.py
[2026-04-26T13:53:46.328+0000] {processor.py:914} INFO - Processing file /opt/airflow/dags/kafka_load.py for tasks to queue
[2026-04-26T13:53:46.335+0000] {logging_mixin.py:190} INFO - [2026-04-26T13:53:46.335+0000] {dagbag.py:588} INFO - Filling up the DagBag from /opt/airflow/dags/kafka_load.py
[2026-04-26T13:53:46.394+0000] {processor.py:925} INFO - DAG(s) 'kafka_producer' retrieved from /opt/airflow/dags/kafka_load.py
[2026-04-26T13:53:46.476+0000] {logging_mixin.py:190} INFO - [2026-04-26T13:53:46.475+0000] {dag.py:3239} INFO - Sync 1 DAGs
[2026-04-26T13:53:46.546+0000] {logging_mixin.py:190} INFO - [2026-04-26T13:53:46.546+0000] {dag.py:4180} INFO - Setting next_dagrun for kafka_producer to 2026-04-25 18:30:00+00:00, run_after=2026-04-26 18:30:00+00:00
[2026-04-26T13:53:46.581+0000] {processor.py:208} INFO - Processing /opt/airflow/dags/kafka_load.py took 0.270 seconds
[2026-04-26T13:54:17.119+0000] {processor.py:186} INFO - Started process (PID=232) to work on /opt/airflow/dags/kafka_load.py
[2026-04-26T13:54:17.121+0000] {processor.py:914} INFO - Processing file /opt/airflow/dags/kafka_load.py for tasks to queue
[2026-04-26T13:54:17.125+0000] {logging_mixin.py:190} INFO - [2026-04-26T13:54:17.124+0000] {dagbag.py:588} INFO - Filling up the DagBag from /opt/airflow/dags/kafka_load.py
[2026-04-26T13:54:17.162+0000] {processor.py:925} INFO - DAG(s) 'kafka_producer' retrieved from /opt/airflow/dags/kafka_load.py
[2026-04-26T13:54:17.238+0000] {logging_mixin.py:190} INFO - [2026-04-26T13:54:17.238+0000] {dag.py:3239} INFO - Sync 1 DAGs
[2026-04-26T13:54:17.296+0000] {logging_mixin.py:190} INFO - [2026-04-26T13:54:17.295+0000] {dag.py:4180} INFO - Setting next_dagrun for kafka_producer to 2026-04-25 18:30:00+00:00, run_after=2026-04-26 18:30:00+00:00
[2026-04-26T13:54:19.481+0000] {processor.py:208} INFO - Processing /opt/airflow/dags/kafka_load.py took 2.372 seconds
[2026-04-26T13:54:51.238+0000] {processor.py:186} INFO - Started process (PID=236) to work on /opt/airflow/dags/kafka_load.py
[2026-04-26T13:54:51.239+0000] {processor.py:914} INFO - Processing file /opt/airflow/dags/kafka_load.py for tasks to queue
[2026-04-26T13:54:51.243+0000] {logging_mixin.py:190} INFO - [2026-04-26T13:54:51.242+0000] {dagbag.py:588} INFO - Filling up the DagBag from /opt/airflow/dags/kafka_load.py
[2026-04-26T13:54:51.275+0000] {processor.py:925} INFO - DAG(s) 'kafka_producer' retrieved from /opt/airflow/dags/kafka_load.py
[2026-04-26T13:54:51.303+0000] {logging_mixin.py:190} INFO - [2026-04-26T13:54:51.302+0000] {dag.py:3239} INFO - Sync 1 DAGs
[2026-04-26T13:54:51.350+0000] {logging_mixin.py:190} INFO - [2026-04-26T13:54:51.350+0000] {dag.py:4180} INFO - Setting next_dagrun for kafka_producer to 2026-04-25 18:30:00+00:00, run_after=2026-04-26 18:30:00+00:00
[2026-04-26T13:54:51.414+0000] {processor.py:208} INFO - Processing /opt/airflow/dags/kafka_load.py took 0.185 seconds
[2026-04-26T13:55:21.811+0000] {processor.py:186} INFO - Started process (PID=239) to work on /opt/airflow/dags/kafka_load.py
[2026-04-26T13:55:21.814+0000] {processor.py:914} INFO - Processing file /opt/airflow/dags/kafka_load.py for tasks to queue
[2026-04-26T13:55:21.817+0000] {logging_mixin.py:190} INFO - [2026-04-26T13:55:21.816+0000] {dagbag.py:588} INFO - Filling up the DagBag from /opt/airflow/dags/kafka_load.py
[2026-04-26T13:55:21.869+0000] {processor.py:925} INFO - DAG(s) 'kafka_producer' retrieved from /opt/airflow/dags/kafka_load.py
[2026-04-26T13:55:21.898+0000] {logging_mixin.py:190} INFO - [2026-04-26T13:55:21.898+0000] {dag.py:3239} INFO - Sync 1 DAGs
[2026-04-26T13:55:21.929+0000] {logging_mixin.py:190} INFO - [2026-04-26T13:55:21.929+0000] {dag.py:4180} INFO - Setting next_dagrun for kafka_producer to 2026-04-25 18:30:00+00:00, run_after=2026-04-26 18:30:00+00:00
[2026-04-26T13:55:21.951+0000] {processor.py:208} INFO - Processing /opt/airflow/dags/kafka_load.py took 0.153 seconds
[2026-04-26T13:55:52.538+0000] {processor.py:186} INFO - Started process (PID=242) to work on /opt/airflow/dags/kafka_load.py
[2026-04-26T13:55:52.540+0000] {processor.py:914} INFO - Processing file /opt/airflow/dags/kafka_load.py for tasks to queue
[2026-04-26T13:55:52.543+0000] {logging_mixin.py:190} INFO - [2026-04-26T13:55:52.543+0000] {dagbag.py:588} INFO - Filling up the DagBag from /opt/airflow/dags/kafka_load.py
[2026-04-26T13:55:52.590+0000] {processor.py:925} INFO - DAG(s) 'kafka_producer' retrieved from /opt/airflow/dags/kafka_load.py
[2026-04-26T13:55:52.624+0000] {logging_mixin.py:190} INFO - [2026-04-26T13:55:52.624+0000] {dag.py:3239} INFO - Sync 1 DAGs
[2026-04-26T13:55:52.661+0000] {logging_mixin.py:190} INFO - [2026-04-26T13:55:52.661+0000] {dag.py:4180} INFO - Setting next_dagrun for kafka_producer to 2026-04-25 18:30:00+00:00, run_after=2026-04-26 18:30:00+00:00
[2026-04-26T13:55:52.696+0000] {processor.py:208} INFO - Processing /opt/airflow/dags/kafka_load.py took 0.168 seconds
[2026-04-26T13:56:23.044+0000] {processor.py:186} INFO - Started process (PID=245) to work on /opt/airflow/dags/kafka_load.py
[2026-04-26T13:56:23.046+0000] {processor.py:914} INFO - Processing file /opt/airflow/dags/kafka_load.py for tasks to queue
[2026-04-26T13:56:23.050+0000] {logging_mixin.py:190} INFO - [2026-04-26T13:56:23.050+0000] {dagbag.py:588} INFO - Filling up the DagBag from /opt/airflow/dags/kafka_load.py
[2026-04-26T13:56:23.084+0000] {processor.py:925} INFO - DAG(s) 'kafka_producer' retrieved from /opt/airflow/dags/kafka_load.py
[2026-04-26T13:56:23.110+0000] {logging_mixin.py:190} INFO - [2026-04-26T13:56:23.110+0000] {dag.py:3239} INFO - Sync 1 DAGs
[2026-04-26T13:56:23.144+0000] {logging_mixin.py:190} INFO - [2026-04-26T13:56:23.144+0000] {dag.py:4180} INFO - Setting next_dagrun for kafka_producer to 2026-04-25 18:30:00+00:00, run_after=2026-04-26 18:30:00+00:00
[2026-04-26T13:56:23.183+0000] {processor.py:208} INFO - Processing /opt/airflow/dags/kafka_load.py took 0.149 seconds
[2026-04-26T13:56:53.286+0000] {processor.py:186} INFO - Started process (PID=248) to work on /opt/airflow/dags/kafka_load.py
[2026-04-26T13:56:53.287+0000] {processor.py:914} INFO - Processing file /opt/airflow/dags/kafka_load.py for tasks to queue
[2026-04-26T13:56:53.293+0000] {logging_mixin.py:190} INFO - [2026-04-26T13:56:53.292+0000] {dagbag.py:588} INFO - Filling up the DagBag from /opt/airflow/dags/kafka_load.py
[2026-04-26T13:56:53.336+0000] {processor.py:925} INFO - DAG(s) 'kafka_producer' retrieved from /opt/airflow/dags/kafka_load.py
[2026-04-26T13:56:53.367+0000] {logging_mixin.py:190} INFO - [2026-04-26T13:56:53.367+0000] {dag.py:3239} INFO - Sync 1 DAGs
[2026-04-26T13:56:53.399+0000] {logging_mixin.py:190} INFO - [2026-04-26T13:56:53.399+0000] {dag.py:4180} INFO - Setting next_dagrun for kafka_producer to 2026-04-25 18:30:00+00:00, run_after=2026-04-26 18:30:00+00:00
[2026-04-26T13:56:53.430+0000] {processor.py:208} INFO - Processing /opt/airflow/dags/kafka_load.py took 0.153 seconds
[2026-04-26T13:57:23.869+0000] {processor.py:186} INFO - Started process (PID=251) to work on /opt/airflow/dags/kafka_load.py
[2026-04-26T13:57:23.871+0000] {processor.py:914} INFO - Processing file /opt/airflow/dags/kafka_load.py for tasks to queue
[2026-04-26T13:57:23.874+0000] {logging_mixin.py:190} INFO - [2026-04-26T13:57:23.874+0000] {dagbag.py:588} INFO - Filling up the DagBag from /opt/airflow/dags/kafka_load.py
[2026-04-26T13:57:23.913+0000] {processor.py:925} INFO - DAG(s) 'kafka_producer' retrieved from /opt/airflow/dags/kafka_load.py
[2026-04-26T13:57:23.944+0000] {logging_mixin.py:190} INFO - [2026-04-26T13:57:23.943+0000] {dag.py:3239} INFO - Sync 1 DAGs
[2026-04-26T13:57:23.976+0000] {logging_mixin.py:190} INFO - [2026-04-26T13:57:23.976+0000] {dag.py:4180} INFO - Setting next_dagrun for kafka_producer to 2026-04-25 18:30:00+00:00, run_after=2026-04-26 18:30:00+00:00
[2026-04-26T13:57:24.004+0000] {processor.py:208} INFO - Processing /opt/airflow/dags/kafka_load.py took 0.143 seconds
[2026-04-26T13:57:54.647+0000] {processor.py:186} INFO - Started process (PID=254) to work on /opt/airflow/dags/kafka_load.py
[2026-04-26T13:57:54.649+0000] {processor.py:914} INFO - Processing file /opt/airflow/dags/kafka_load.py for tasks to queue
[2026-04-26T13:57:54.653+0000] {logging_mixin.py:190} INFO - [2026-04-26T13:57:54.652+0000] {dagbag.py:588} INFO - Filling up the DagBag from /opt/airflow/dags/kafka_load.py
[2026-04-26T13:57:54.721+0000] {processor.py:925} INFO - DAG(s) 'kafka_producer' retrieved from /opt/airflow/dags/kafka_load.py
[2026-04-26T13:57:54.761+0000] {logging_mixin.py:190} INFO - [2026-04-26T13:57:54.761+0000] {dag.py:3239} INFO - Sync 1 DAGs
[2026-04-26T13:57:54.831+0000] {logging_mixin.py:190} INFO - [2026-04-26T13:57:54.831+0000] {dag.py:4180} INFO - Setting next_dagrun for kafka_producer to 2026-04-25 18:30:00+00:00, run_after=2026-04-26 18:30:00+00:00
[2026-04-26T13:57:54.869+0000] {processor.py:208} INFO - Processing /opt/airflow/dags/kafka_load.py took 0.243 seconds
[2026-04-26T13:58:25.429+0000] {processor.py:186} INFO - Started process (PID=257) to work on /opt/airflow/dags/kafka_load.py
[2026-04-26T13:58:25.431+0000] {processor.py:914} INFO - Processing file /opt/airflow/dags/kafka_load.py for tasks to queue
[2026-04-26T13:58:25.436+0000] {logging_mixin.py:190} INFO - [2026-04-26T13:58:25.435+0000] {dagbag.py:588} INFO - Filling up the DagBag from /opt/airflow/dags/kafka_load.py
[2026-04-26T13:58:25.512+0000] {processor.py:925} INFO - DAG(s) 'kafka_producer' retrieved from /opt/airflow/dags/kafka_load.py
[2026-04-26T13:58:25.560+0000] {logging_mixin.py:190} INFO - [2026-04-26T13:58:25.560+0000] {dag.py:3239} INFO - Sync 1 DAGs
[2026-04-26T13:58:25.616+0000] {logging_mixin.py:190} INFO - [2026-04-26T13:58:25.615+0000] {dag.py:4180} INFO - Setting next_dagrun for kafka_producer to 2026-04-25 18:30:00+00:00, run_after=2026-04-26 18:30:00+00:00
[2026-04-26T13:58:25.654+0000] {processor.py:208} INFO - Processing /opt/airflow/dags/kafka_load.py took 0.235 seconds
[2026-04-26T13:58:55.997+0000] {processor.py:186} INFO - Started process (PID=260) to work on /opt/airflow/dags/kafka_load.py
[2026-04-26T13:58:56.002+0000] {processor.py:914} INFO - Processing file /opt/airflow/dags/kafka_load.py for tasks to queue
[2026-04-26T13:58:56.008+0000] {logging_mixin.py:190} INFO - [2026-04-26T13:58:56.008+0000] {dagbag.py:588} INFO - Filling up the DagBag from /opt/airflow/dags/kafka_load.py
[2026-04-26T13:58:56.055+0000] {processor.py:925} INFO - DAG(s) 'kafka_producer' retrieved from /opt/airflow/dags/kafka_load.py
[2026-04-26T13:58:56.087+0000] {logging_mixin.py:190} INFO - [2026-04-26T13:58:56.086+0000] {dag.py:3239} INFO - Sync 1 DAGs
[2026-04-26T13:58:56.122+0000] {logging_mixin.py:190} INFO - [2026-04-26T13:58:56.122+0000] {dag.py:4180} INFO - Setting next_dagrun for kafka_producer to 2026-04-25 18:30:00+00:00, run_after=2026-04-26 18:30:00+00:00
[2026-04-26T13:58:56.149+0000] {processor.py:208} INFO - Processing /opt/airflow/dags/kafka_load.py took 0.164 seconds
[2026-04-26T13:59:26.601+0000] {processor.py:186} INFO - Started process (PID=263) to work on /opt/airflow/dags/kafka_load.py
[2026-04-26T13:59:26.603+0000] {processor.py:914} INFO - Processing file /opt/airflow/dags/kafka_load.py for tasks to queue
[2026-04-26T13:59:26.606+0000] {logging_mixin.py:190} INFO - [2026-04-26T13:59:26.606+0000] {dagbag.py:588} INFO - Filling up the DagBag from /opt/airflow/dags/kafka_load.py
[2026-04-26T13:59:26.646+0000] {processor.py:925} INFO - DAG(s) 'kafka_producer' retrieved from /opt/airflow/dags/kafka_load.py
[2026-04-26T13:59:26.678+0000] {logging_mixin.py:190} INFO - [2026-04-26T13:59:26.677+0000] {dag.py:3239} INFO - Sync 1 DAGs
[2026-04-26T13:59:26.712+0000] {logging_mixin.py:190} INFO - [2026-04-26T13:59:26.712+0000] {dag.py:4180} INFO - Setting next_dagrun for kafka_producer to 2026-04-25 18:30:00+00:00, run_after=2026-04-26 18:30:00+00:00
[2026-04-26T13:59:26.737+0000] {processor.py:208} INFO - Processing /opt/airflow/dags/kafka_load.py took 0.147 seconds
[2026-04-26T13:59:57.402+0000] {processor.py:186} INFO - Started process (PID=266) to work on /opt/airflow/dags/kafka_load.py
[2026-04-26T13:59:57.404+0000] {processor.py:914} INFO - Processing file /opt/airflow/dags/kafka_load.py for tasks to queue
[2026-04-26T13:59:57.407+0000] {logging_mixin.py:190} INFO - [2026-04-26T13:59:57.406+0000] {dagbag.py:588} INFO - Filling up the DagBag from /opt/airflow/dags/kafka_load.py
[2026-04-26T13:59:57.447+0000] {processor.py:925} INFO - DAG(s) 'kafka_producer' retrieved from /opt/airflow/dags/kafka_load.py
[2026-04-26T13:59:57.481+0000] {logging_mixin.py:190} INFO - [2026-04-26T13:59:57.480+0000] {dag.py:3239} INFO - Sync 1 DAGs
[2026-04-26T13:59:57.515+0000] {logging_mixin.py:190} INFO - [2026-04-26T13:59:57.515+0000] {dag.py:4180} INFO - Setting next_dagrun for kafka_producer to 2026-04-25 18:30:00+00:00, run_after=2026-04-26 18:30:00+00:00
[2026-04-26T13:59:58.869+0000] {processor.py:208} INFO - Processing /opt/airflow/dags/kafka_load.py took 1.475 seconds
[2026-04-26T14:00:29.059+0000] {processor.py:186} INFO - Started process (PID=269) to work on /opt/airflow/dags/kafka_load.py
[2026-04-26T14:00:29.061+0000] {processor.py:914} INFO - Processing file /opt/airflow/dags/kafka_load.py for tasks to queue
[2026-04-26T14:00:29.064+0000] {logging_mixin.py:190} INFO - [2026-04-26T14:00:29.064+0000] {dagbag.py:588} INFO - Filling up the DagBag from /opt/airflow/dags/kafka_load.py
[2026-04-26T14:00:29.102+0000] {processor.py:925} INFO - DAG(s) 'kafka_producer' retrieved from /opt/airflow/dags/kafka_load.py
[2026-04-26T14:00:29.129+0000] {logging_mixin.py:190} INFO - [2026-04-26T14:00:29.129+0000] {dag.py:3239} INFO - Sync 1 DAGs
[2026-04-26T14:00:29.160+0000] {logging_mixin.py:190} INFO - [2026-04-26T14:00:29.160+0000] {dag.py:4180} INFO - Setting next_dagrun for kafka_producer to 2026-04-25 18:30:00+00:00, run_after=2026-04-26 18:30:00+00:00
[2026-04-26T14:00:29.198+0000] {processor.py:208} INFO - Processing /opt/airflow/dags/kafka_load.py took 0.146 seconds
[2026-04-26T14:00:59.621+0000] {processor.py:186} INFO - Started process (PID=272) to work on /opt/airflow/dags/kafka_load.py
[2026-04-26T14:00:59.622+0000] {processor.py:914} INFO - Processing file /opt/airflow/dags/kafka_load.py for tasks to queue
[2026-04-26T14:00:59.625+0000] {logging_mixin.py:190} INFO - [2026-04-26T14:00:59.625+0000] {dagbag.py:588} INFO - Filling up the DagBag from /opt/airflow/dags/kafka_load.py
[2026-04-26T14:00:59.654+0000] {processor.py:925} INFO - DAG(s) 'kafka_producer' retrieved from /opt/airflow/dags/kafka_load.py
[2026-04-26T14:00:59.683+0000] {logging_mixin.py:190} INFO - [2026-04-26T14:00:59.683+0000] {dag.py:3239} INFO - Sync 1 DAGs
[2026-04-26T14:00:59.716+0000] {logging_mixin.py:190} INFO - [2026-04-26T14:00:59.716+0000] {dag.py:4180} INFO - Setting next_dagrun for kafka_producer to 2026-04-25 18:30:00+00:00, run_after=2026-04-26 18:30:00+00:00
[2026-04-26T14:00:59.753+0000] {processor.py:208} INFO - Processing /opt/airflow/dags/kafka_load.py took 0.140 seconds
[2026-04-26T14:01:30.254+0000] {processor.py:186} INFO - Started process (PID=275) to work on /opt/airflow/dags/kafka_load.py
[2026-04-26T14:01:30.256+0000] {processor.py:914} INFO - Processing file /opt/airflow/dags/kafka_load.py for tasks to queue
[2026-04-26T14:01:30.260+0000] {logging_mixin.py:190} INFO - [2026-04-26T14:01:30.260+0000] {dagbag.py:588} INFO - Filling up the DagBag from /opt/airflow/dags/kafka_load.py
[2026-04-26T14:01:30.296+0000] {processor.py:925} INFO - DAG(s) 'kafka_producer' retrieved from /opt/airflow/dags/kafka_load.py
[2026-04-26T14:01:30.322+0000] {logging_mixin.py:190} INFO - [2026-04-26T14:01:30.322+0000] {dag.py:3239} INFO - Sync 1 DAGs
[2026-04-26T14:01:30.351+0000] {logging_mixin.py:190} INFO - [2026-04-26T14:01:30.351+0000] {dag.py:4180} INFO - Setting next_dagrun for kafka_producer to 2026-04-25 18:30:00+00:00, run_after=2026-04-26 18:30:00+00:00
[2026-04-26T14:01:30.374+0000] {processor.py:208} INFO - Processing /opt/airflow/dags/kafka_load.py took 0.140 seconds
[2026-04-26T14:02:00.869+0000] {processor.py:186} INFO - Started process (PID=278) to work on /opt/airflow/dags/kafka_load.py
[2026-04-26T14:02:00.870+0000] {processor.py:914} INFO - Processing file /opt/airflow/dags/kafka_load.py for tasks to queue
[2026-04-26T14:02:00.874+0000] {logging_mixin.py:190} INFO - [2026-04-26T14:02:00.874+0000] {dagbag.py:588} INFO - Filling up the DagBag from /opt/airflow/dags/kafka_load.py
[2026-04-26T14:02:00.924+0000] {processor.py:925} INFO - DAG(s) 'kafka_producer' retrieved from /opt/airflow/dags/kafka_load.py
[2026-04-26T14:02:00.968+0000] {logging_mixin.py:190} INFO - [2026-04-26T14:02:00.967+0000] {dag.py:3239} INFO - Sync 1 DAGs
[2026-04-26T14:02:01.032+0000] {logging_mixin.py:190} INFO - [2026-04-26T14:02:01.031+0000] {dag.py:4180} INFO - Setting next_dagrun for kafka_producer to 2026-04-25 18:30:00+00:00, run_after=2026-04-26 18:30:00+00:00
[2026-04-26T14:02:01.074+0000] {processor.py:208} INFO - Processing /opt/airflow/dags/kafka_load.py took 0.214 seconds
[2026-04-26T14:02:31.501+0000] {processor.py:186} INFO - Started process (PID=281) to work on /opt/airflow/dags/kafka_load.py
[2026-04-26T14:02:31.502+0000] {processor.py:914} INFO - Processing file /opt/airflow/dags/kafka_load.py for tasks to queue
[2026-04-26T14:02:31.505+0000] {logging_mixin.py:190} INFO - [2026-04-26T14:02:31.505+0000] {dagbag.py:588} INFO - Filling up the DagBag from /opt/airflow/dags/kafka_load.py
[2026-04-26T14:02:31.538+0000] {processor.py:925} INFO - DAG(s) 'kafka_producer' retrieved from /opt/airflow/dags/kafka_load.py
[2026-04-26T14:02:31.567+0000] {logging_mixin.py:190} INFO - [2026-04-26T14:02:31.566+0000] {dag.py:3239} INFO - Sync 1 DAGs
[2026-04-26T14:02:31.595+0000] {logging_mixin.py:190} INFO - [2026-04-26T14:02:31.595+0000] {dag.py:4180} INFO - Setting next_dagrun for kafka_producer to 2026-04-25 18:30:00+00:00, run_after=2026-04-26 18:30:00+00:00
[2026-04-26T14:02:31.619+0000] {processor.py:208} INFO - Processing /opt/airflow/dags/kafka_load.py took 0.130 seconds
[2026-04-26T14:03:02.107+0000] {processor.py:186} INFO - Started process (PID=284) to work on /opt/airflow/dags/kafka_load.py
[2026-04-26T14:03:02.108+0000] {processor.py:914} INFO - Processing file /opt/airflow/dags/kafka_load.py for tasks to queue
[2026-04-26T14:03:02.112+0000] {logging_mixin.py:190} INFO - [2026-04-26T14:03:02.111+0000] {dagbag.py:588} INFO - Filling up the DagBag from /opt/airflow/dags/kafka_load.py
[2026-04-26T14:03:02.143+0000] {processor.py:925} INFO - DAG(s) 'kafka_producer' retrieved from /opt/airflow/dags/kafka_load.py
[2026-04-26T14:03:02.176+0000] {logging_mixin.py:190} INFO - [2026-04-26T14:03:02.175+0000] {dag.py:3239} INFO - Sync 1 DAGs
[2026-04-26T14:03:02.211+0000] {logging_mixin.py:190} INFO - [2026-04-26T14:03:02.211+0000] {dag.py:4180} INFO - Setting next_dagrun for kafka_producer to 2026-04-25 18:30:00+00:00, run_after=2026-04-26 18:30:00+00:00
[2026-04-26T14:03:02.237+0000] {processor.py:208} INFO - Processing /opt/airflow/dags/kafka_load.py took 0.138 seconds
[2026-04-26T14:03:32.726+0000] {processor.py:186} INFO - Started process (PID=287) to work on /opt/airflow/dags/kafka_load.py
[2026-04-26T14:03:32.728+0000] {processor.py:914} INFO - Processing file /opt/airflow/dags/kafka_load.py for tasks to queue
[2026-04-26T14:03:32.734+0000] {logging_mixin.py:190} INFO - [2026-04-26T14:03:32.733+0000] {dagbag.py:588} INFO - Filling up the DagBag from /opt/airflow/dags/kafka_load.py
[2026-04-26T14:03:32.766+0000] {processor.py:925} INFO - DAG(s) 'kafka_producer' retrieved from /opt/airflow/dags/kafka_load.py
[2026-04-26T14:03:32.795+0000] {logging_mixin.py:190} INFO - [2026-04-26T14:03:32.794+0000] {dag.py:3239} INFO - Sync 1 DAGs
[2026-04-26T14:03:32.827+0000] {logging_mixin.py:190} INFO - [2026-04-26T14:03:32.827+0000] {dag.py:4180} INFO - Setting next_dagrun for kafka_producer to 2026-04-25 18:30:00+00:00, run_after=2026-04-26 18:30:00+00:00
[2026-04-26T14:03:32.851+0000] {processor.py:208} INFO - Processing /opt/airflow/dags/kafka_load.py took 0.136 seconds
[2026-04-26T14:04:03.270+0000] {processor.py:186} INFO - Started process (PID=290) to work on /opt/airflow/dags/kafka_load.py
[2026-04-26T14:04:03.272+0000] {processor.py:914} INFO - Processing file /opt/airflow/dags/kafka_load.py for tasks to queue
[2026-04-26T14:04:03.275+0000] {logging_mixin.py:190} INFO - [2026-04-26T14:04:03.275+0000] {dagbag.py:588} INFO - Filling up the DagBag from /opt/airflow/dags/kafka_load.py
[2026-04-26T14:04:03.318+0000] {processor.py:925} INFO - DAG(s) 'kafka_producer' retrieved from /opt/airflow/dags/kafka_load.py
[2026-04-26T14:04:03.348+0000] {logging_mixin.py:190} INFO - [2026-04-26T14:04:03.347+0000] {dag.py:3239} INFO - Sync 1 DAGs
[2026-04-26T14:04:03.380+0000] {logging_mixin.py:190} INFO - [2026-04-26T14:04:03.380+0000] {dag.py:4180} INFO - Setting next_dagrun for kafka_producer to 2026-04-25 18:30:00+00:00, run_after=2026-04-26 18:30:00+00:00
[2026-04-26T14:04:03.407+0000] {processor.py:208} INFO - Processing /opt/airflow/dags/kafka_load.py took 0.146 seconds
[2026-04-26T14:04:33.955+0000] {processor.py:186} INFO - Started process (PID=293) to work on /opt/airflow/dags/kafka_load.py
[2026-04-26T14:04:33.957+0000] {processor.py:914} INFO - Processing file /opt/airflow/dags/kafka_load.py for tasks to queue
[2026-04-26T14:04:33.963+0000] {logging_mixin.py:190} INFO - [2026-04-26T14:04:33.963+0000] {dagbag.py:588} INFO - Filling up the DagBag from /opt/airflow/dags/kafka_load.py
[2026-04-26T14:04:34.002+0000] {processor.py:925} INFO - DAG(s) 'kafka_producer' retrieved from /opt/airflow/dags/kafka_load.py
[2026-04-26T14:04:34.033+0000] {logging_mixin.py:190} INFO - [2026-04-26T14:04:34.033+0000] {dag.py:3239} INFO - Sync 1 DAGs
[2026-04-26T14:04:34.069+0000] {logging_mixin.py:190} INFO - [2026-04-26T14:04:34.069+0000] {dag.py:4180} INFO - Setting next_dagrun for kafka_producer to 2026-04-25 18:30:00+00:00, run_after=2026-04-26 18:30:00+00:00
[2026-04-26T14:04:34.102+0000] {processor.py:208} INFO - Processing /opt/airflow/dags/kafka_load.py took 0.157 seconds
[2026-04-26T14:05:04.538+0000] {processor.py:186} INFO - Started process (PID=296) to work on /opt/airflow/dags/kafka_load.py
[2026-04-26T14:05:04.540+0000] {processor.py:914} INFO - Processing file /opt/airflow/dags/kafka_load.py for tasks to queue
[2026-04-26T14:05:04.543+0000] {logging_mixin.py:190} INFO - [2026-04-26T14:05:04.543+0000] {dagbag.py:588} INFO - Filling up the DagBag from /opt/airflow/dags/kafka_load.py
[2026-04-26T14:05:04.582+0000] {processor.py:925} INFO - DAG(s) 'kafka_producer' retrieved from /opt/airflow/dags/kafka_load.py
[2026-04-26T14:05:04.609+0000] {logging_mixin.py:190} INFO - [2026-04-26T14:05:04.609+0000] {dag.py:3239} INFO - Sync 1 DAGs
[2026-04-26T14:05:04.640+0000] {logging_mixin.py:190} INFO - [2026-04-26T14:05:04.639+0000] {dag.py:4180} INFO - Setting next_dagrun for kafka_producer to 2026-04-25 18:30:00+00:00, run_after=2026-04-26 18:30:00+00:00
[2026-04-26T14:05:04.669+0000] {processor.py:208} INFO - Processing /opt/airflow/dags/kafka_load.py took 0.138 seconds
[2026-04-26T14:05:35.157+0000] {processor.py:186} INFO - Started process (PID=299) to work on /opt/airflow/dags/kafka_load.py
[2026-04-26T14:05:35.159+0000] {processor.py:914} INFO - Processing file /opt/airflow/dags/kafka_load.py for tasks to queue
[2026-04-26T14:05:35.164+0000] {logging_mixin.py:190} INFO - [2026-04-26T14:05:35.163+0000] {dagbag.py:588} INFO - Filling up the DagBag from /opt/airflow/dags/kafka_load.py
[2026-04-26T14:05:35.203+0000] {processor.py:925} INFO - DAG(s) 'kafka_producer' retrieved from /opt/airflow/dags/kafka_load.py
[2026-04-26T14:05:35.230+0000] {logging_mixin.py:190} INFO - [2026-04-26T14:05:35.230+0000] {dag.py:3239} INFO - Sync 1 DAGs
[2026-04-26T14:05:35.267+0000] {logging_mixin.py:190} INFO - [2026-04-26T14:05:35.267+0000] {dag.py:4180} INFO - Setting next_dagrun for kafka_producer to 2026-04-25 18:30:00+00:00, run_after=2026-04-26 18:30:00+00:00
[2026-04-26T14:05:35.304+0000] {processor.py:208} INFO - Processing /opt/airflow/dags/kafka_load.py took 0.156 seconds
[2026-04-26T14:06:05.796+0000] {processor.py:186} INFO - Started process (PID=302) to work on /opt/airflow/dags/kafka_load.py
[2026-04-26T14:06:05.798+0000] {processor.py:914} INFO - Processing file /opt/airflow/dags/kafka_load.py for tasks to queue
[2026-04-26T14:06:05.802+0000] {logging_mixin.py:190} INFO - [2026-04-26T14:06:05.801+0000] {dagbag.py:588} INFO - Filling up the DagBag from /opt/airflow/dags/kafka_load.py
[2026-04-26T14:06:05.842+0000] {processor.py:925} INFO - DAG(s) 'kafka_producer' retrieved from /opt/airflow/dags/kafka_load.py
[2026-04-26T14:06:05.869+0000] {logging_mixin.py:190} INFO - [2026-04-26T14:06:05.869+0000] {dag.py:3239} INFO - Sync 1 DAGs
[2026-04-26T14:06:05.908+0000] {logging_mixin.py:190} INFO - [2026-04-26T14:06:05.908+0000] {dag.py:4180} INFO - Setting next_dagrun for kafka_producer to 2026-04-25 18:30:00+00:00, run_after=2026-04-26 18:30:00+00:00
[2026-04-26T14:06:05.936+0000] {processor.py:208} INFO - Processing /opt/airflow/dags/kafka_load.py took 0.149 seconds
[2026-04-26T14:06:36.397+0000] {processor.py:186} INFO - Started process (PID=305) to work on /opt/airflow/dags/kafka_load.py
[2026-04-26T14:06:36.399+0000] {processor.py:914} INFO - Processing file /opt/airflow/dags/kafka_load.py for tasks to queue
[2026-04-26T14:06:36.402+0000] {logging_mixin.py:190} INFO - [2026-04-26T14:06:36.402+0000] {dagbag.py:588} INFO - Filling up the DagBag from /opt/airflow/dags/kafka_load.py
[2026-04-26T14:06:36.443+0000] {processor.py:925} INFO - DAG(s) 'kafka_producer' retrieved from /opt/airflow/dags/kafka_load.py
[2026-04-26T14:06:36.469+0000] {logging_mixin.py:190} INFO - [2026-04-26T14:06:36.469+0000] {dag.py:3239} INFO - Sync 1 DAGs
[2026-04-26T14:06:36.502+0000] {logging_mixin.py:190} INFO - [2026-04-26T14:06:36.501+0000] {dag.py:4180} INFO - Setting next_dagrun for kafka_producer to 2026-04-25 18:30:00+00:00, run_after=2026-04-26 18:30:00+00:00
[2026-04-26T14:06:36.527+0000] {processor.py:208} INFO - Processing /opt/airflow/dags/kafka_load.py took 0.139 seconds
[2026-04-26T14:07:07.054+0000] {processor.py:186} INFO - Started process (PID=308) to work on /opt/airflow/dags/kafka_load.py
[2026-04-26T14:07:07.058+0000] {processor.py:914} INFO - Processing file /opt/airflow/dags/kafka_load.py for tasks to queue
[2026-04-26T14:07:07.066+0000] {logging_mixin.py:190} INFO - [2026-04-26T14:07:07.065+0000] {dagbag.py:588} INFO - Filling up the DagBag from /opt/airflow/dags/kafka_load.py
[2026-04-26T14:07:07.139+0000] {processor.py:925} INFO - DAG(s) 'kafka_producer' retrieved from /opt/airflow/dags/kafka_load.py
[2026-04-26T14:07:07.207+0000] {logging_mixin.py:190} INFO - [2026-04-26T14:07:07.207+0000] {dag.py:3239} INFO - Sync 1 DAGs
[2026-04-26T14:07:07.246+0000] {logging_mixin.py:190} INFO - [2026-04-26T14:07:07.246+0000] {dag.py:4180} INFO - Setting next_dagrun for kafka_producer to 2026-04-25 18:30:00+00:00, run_after=2026-04-26 18:30:00+00:00
[2026-04-26T14:07:07.274+0000] {processor.py:208} INFO - Processing /opt/airflow/dags/kafka_load.py took 0.238 seconds
[2026-04-26T14:07:37.566+0000] {processor.py:186} INFO - Started process (PID=311) to work on /opt/airflow/dags/kafka_load.py
[2026-04-26T14:07:37.567+0000] {processor.py:914} INFO - Processing file /opt/airflow/dags/kafka_load.py for tasks to queue
[2026-04-26T14:07:37.571+0000] {logging_mixin.py:190} INFO - [2026-04-26T14:07:37.570+0000] {dagbag.py:588} INFO - Filling up the DagBag from /opt/airflow/dags/kafka_load.py
[2026-04-26T14:07:37.601+0000] {processor.py:925} INFO - DAG(s) 'kafka_producer' retrieved from /opt/airflow/dags/kafka_load.py
[2026-04-26T14:07:37.630+0000] {logging_mixin.py:190} INFO - [2026-04-26T14:07:37.630+0000] {dag.py:3239} INFO - Sync 1 DAGs
[2026-04-26T14:07:37.663+0000] {logging_mixin.py:190} INFO - [2026-04-26T14:07:37.663+0000] {dag.py:4180} INFO - Setting next_dagrun for kafka_producer to 2026-04-25 18:30:00+00:00, run_after=2026-04-26 18:30:00+00:00
[2026-04-26T14:07:37.687+0000] {processor.py:208} INFO - Processing /opt/airflow/dags/kafka_load.py took 0.133 seconds
[2026-04-26T14:08:07.922+0000] {processor.py:186} INFO - Started process (PID=314) to work on /opt/airflow/dags/kafka_load.py
[2026-04-26T14:08:07.924+0000] {processor.py:914} INFO - Processing file /opt/airflow/dags/kafka_load.py for tasks to queue
[2026-04-26T14:08:07.927+0000] {logging_mixin.py:190} INFO - [2026-04-26T14:08:07.926+0000] {dagbag.py:588} INFO - Filling up the DagBag from /opt/airflow/dags/kafka_load.py
[2026-04-26T14:08:07.965+0000] {processor.py:925} INFO - DAG(s) 'kafka_producer' retrieved from /opt/airflow/dags/kafka_load.py
[2026-04-26T14:08:07.995+0000] {logging_mixin.py:190} INFO - [2026-04-26T14:08:07.995+0000] {dag.py:3239} INFO - Sync 1 DAGs
[2026-04-26T14:08:08.026+0000] {logging_mixin.py:190} INFO - [2026-04-26T14:08:08.025+0000] {dag.py:4180} INFO - Setting next_dagrun for kafka_producer to 2026-04-25 18:30:00+00:00, run_after=2026-04-26 18:30:00+00:00
[2026-04-26T14:08:08.054+0000] {processor.py:208} INFO - Processing /opt/airflow/dags/kafka_load.py took 0.141 seconds
[2026-04-26T14:08:38.573+0000] {processor.py:186} INFO - Started process (PID=317) to work on /opt/airflow/dags/kafka_load.py
[2026-04-26T14:08:38.575+0000] {processor.py:914} INFO - Processing file /opt/airflow/dags/kafka_load.py for tasks to queue
[2026-04-26T14:08:38.578+0000] {logging_mixin.py:190} INFO - [2026-04-26T14:08:38.578+0000] {dagbag.py:588} INFO - Filling up the DagBag from /opt/airflow/dags/kafka_load.py
[2026-04-26T14:08:38.615+0000] {processor.py:925} INFO - DAG(s) 'kafka_producer' retrieved from /opt/airflow/dags/kafka_load.py
[2026-04-26T14:08:38.643+0000] {logging_mixin.py:190} INFO - [2026-04-26T14:08:38.642+0000] {dag.py:3239} INFO - Sync 1 DAGs
[2026-04-26T14:08:38.676+0000] {logging_mixin.py:190} INFO - [2026-04-26T14:08:38.675+0000] {dag.py:4180} INFO - Setting next_dagrun for kafka_producer to 2026-04-25 18:30:00+00:00, run_after=2026-04-26 18:30:00+00:00
[2026-04-26T14:08:38.704+0000] {processor.py:208} INFO - Processing /opt/airflow/dags/kafka_load.py took 0.143 seconds
[2026-04-26T14:09:09.236+0000] {processor.py:186} INFO - Started process (PID=320) to work on /opt/airflow/dags/kafka_load.py
[2026-04-26T14:09:09.238+0000] {processor.py:914} INFO - Processing file /opt/airflow/dags/kafka_load.py for tasks to queue
[2026-04-26T14:09:09.242+0000] {logging_mixin.py:190} INFO - [2026-04-26T14:09:09.242+0000] {dagbag.py:588} INFO - Filling up the DagBag from /opt/airflow/dags/kafka_load.py
[2026-04-26T14:09:09.278+0000] {processor.py:925} INFO - DAG(s) 'kafka_producer' retrieved from /opt/airflow/dags/kafka_load.py
[2026-04-26T14:09:09.307+0000] {logging_mixin.py:190} INFO - [2026-04-26T14:09:09.307+0000] {dag.py:3239} INFO - Sync 1 DAGs
[2026-04-26T14:09:09.340+0000] {logging_mixin.py:190} INFO - [2026-04-26T14:09:09.340+0000] {dag.py:4180} INFO - Setting next_dagrun for kafka_producer to 2026-04-25 18:30:00+00:00, run_after=2026-04-26 18:30:00+00:00
[2026-04-26T14:09:09.369+0000] {processor.py:208} INFO - Processing /opt/airflow/dags/kafka_load.py took 0.141 seconds
[2026-04-26T14:09:39.821+0000] {processor.py:186} INFO - Started process (PID=323) to work on /opt/airflow/dags/kafka_load.py
[2026-04-26T14:09:39.823+0000] {processor.py:914} INFO - Processing file /opt/airflow/dags/kafka_load.py for tasks to queue
[2026-04-26T14:09:39.827+0000] {logging_mixin.py:190} INFO - [2026-04-26T14:09:39.826+0000] {dagbag.py:588} INFO - Filling up the DagBag from /opt/airflow/dags/kafka_load.py
[2026-04-26T14:09:39.866+0000] {processor.py:925} INFO - DAG(s) 'kafka_producer' retrieved from /opt/airflow/dags/kafka_load.py
[2026-04-26T14:09:39.919+0000] {logging_mixin.py:190} INFO - [2026-04-26T14:09:39.918+0000] {dag.py:3239} INFO - Sync 1 DAGs
[2026-04-26T14:09:39.964+0000] {logging_mixin.py:190} INFO - [2026-04-26T14:09:39.963+0000] {dag.py:4180} INFO - Setting next_dagrun for kafka_producer to 2026-04-25 18:30:00+00:00, run_after=2026-04-26 18:30:00+00:00
[2026-04-26T14:09:40.010+0000] {processor.py:208} INFO - Processing /opt/airflow/dags/kafka_load.py took 0.198 seconds
[2026-04-26T14:10:10.583+0000] {processor.py:186} INFO - Started process (PID=326) to work on /opt/airflow/dags/kafka_load.py
[2026-04-26T14:10:10.584+0000] {processor.py:914} INFO - Processing file /opt/airflow/dags/kafka_load.py for tasks to queue
[2026-04-26T14:10:10.588+0000] {logging_mixin.py:190} INFO - [2026-04-26T14:10:10.587+0000] {dagbag.py:588} INFO - Filling up the DagBag from /opt/airflow/dags/kafka_load.py
[2026-04-26T14:10:10.625+0000] {processor.py:925} INFO - DAG(s) 'kafka_producer' retrieved from /opt/airflow/dags/kafka_load.py
[2026-04-26T14:10:10.682+0000] {logging_mixin.py:190} INFO - [2026-04-26T14:10:10.681+0000] {dag.py:3239} INFO - Sync 1 DAGs
[2026-04-26T14:10:10.738+0000] {logging_mixin.py:190} INFO - [2026-04-26T14:10:10.738+0000] {dag.py:4180} INFO - Setting next_dagrun for kafka_producer to 2026-04-25 18:30:00+00:00, run_after=2026-04-26 18:30:00+00:00
[2026-04-26T14:10:10.768+0000] {processor.py:208} INFO - Processing /opt/airflow/dags/kafka_load.py took 0.196 seconds
[2026-04-26T14:10:41.130+0000] {processor.py:186} INFO - Started process (PID=329) to work on /opt/airflow/dags/kafka_load.py
[2026-04-26T14:10:41.132+0000] {processor.py:914} INFO - Processing file /opt/airflow/dags/kafka_load.py for tasks to queue
[2026-04-26T14:10:41.135+0000] {logging_mixin.py:190} INFO - [2026-04-26T14:10:41.135+0000] {dagbag.py:588} INFO - Filling up the DagBag from /opt/airflow/dags/kafka_load.py
[2026-04-26T14:10:41.163+0000] {processor.py:925} INFO - DAG(s) 'kafka_producer' retrieved from /opt/airflow/dags/kafka_load.py
[2026-04-26T14:10:41.188+0000] {logging_mixin.py:190} INFO - [2026-04-26T14:10:41.188+0000] {dag.py:3239} INFO - Sync 1 DAGs
[2026-04-26T14:10:41.220+0000] {logging_mixin.py:190} INFO - [2026-04-26T14:10:41.220+0000] {dag.py:4180} INFO - Setting next_dagrun for kafka_producer to 2026-04-25 18:30:00+00:00, run_after=2026-04-26 18:30:00+00:00
[2026-04-26T14:10:41.245+0000] {processor.py:208} INFO - Processing /opt/airflow/dags/kafka_load.py took 0.123 seconds
[2026-04-26T14:11:11.709+0000] {processor.py:186} INFO - Started process (PID=332) to work on /opt/airflow/dags/kafka_load.py
[2026-04-26T14:11:11.710+0000] {processor.py:914} INFO - Processing file /opt/airflow/dags/kafka_load.py for tasks to queue
[2026-04-26T14:11:11.714+0000] {logging_mixin.py:190} INFO - [2026-04-26T14:11:11.713+0000] {dagbag.py:588} INFO - Filling up the DagBag from /opt/airflow/dags/kafka_load.py
[2026-04-26T14:11:11.759+0000] {processor.py:925} INFO - DAG(s) 'kafka_producer' retrieved from /opt/airflow/dags/kafka_load.py
[2026-04-26T14:11:11.799+0000] {logging_mixin.py:190} INFO - [2026-04-26T14:11:11.799+0000] {dag.py:3239} INFO - Sync 1 DAGs
[2026-04-26T14:11:11.833+0000] {logging_mixin.py:190} INFO - [2026-04-26T14:11:11.833+0000] {dag.py:4180} INFO - Setting next_dagrun for kafka_producer to 2026-04-25 18:30:00+00:00, run_after=2026-04-26 18:30:00+00:00
[2026-04-26T14:11:11.858+0000] {processor.py:208} INFO - Processing /opt/airflow/dags/kafka_load.py took 0.161 seconds
[2026-04-26T14:11:42.295+0000] {processor.py:186} INFO - Started process (PID=335) to work on /opt/airflow/dags/kafka_load.py
[2026-04-26T14:11:42.297+0000] {processor.py:914} INFO - Processing file /opt/airflow/dags/kafka_load.py for tasks to queue
[2026-04-26T14:11:42.300+0000] {logging_mixin.py:190} INFO - [2026-04-26T14:11:42.300+0000] {dagbag.py:588} INFO - Filling up the DagBag from /opt/airflow/dags/kafka_load.py
[2026-04-26T14:11:42.334+0000] {processor.py:925} INFO - DAG(s) 'kafka_producer' retrieved from /opt/airflow/dags/kafka_load.py
[2026-04-26T14:11:42.375+0000] {logging_mixin.py:190} INFO - [2026-04-26T14:11:42.375+0000] {dag.py:3239} INFO - Sync 1 DAGs
[2026-04-26T14:11:42.407+0000] {logging_mixin.py:190} INFO - [2026-04-26T14:11:42.407+0000] {dag.py:4180} INFO - Setting next_dagrun for kafka_producer to 2026-04-25 18:30:00+00:00, run_after=2026-04-26 18:30:00+00:00
[2026-04-26T14:11:42.431+0000] {processor.py:208} INFO - Processing /opt/airflow/dags/kafka_load.py took 0.146 seconds
[2026-04-26T14:12:15.318+0000] {processor.py:186} INFO - Started process (PID=338) to work on /opt/airflow/dags/kafka_load.py
[2026-04-26T14:12:15.327+0000] {processor.py:914} INFO - Processing file /opt/airflow/dags/kafka_load.py for tasks to queue
[2026-04-26T14:12:15.332+0000] {logging_mixin.py:190} INFO - [2026-04-26T14:12:15.331+0000] {dagbag.py:588} INFO - Filling up the DagBag from /opt/airflow/dags/kafka_load.py
[2026-04-26T14:12:15.384+0000] {processor.py:925} INFO - DAG(s) 'kafka_producer' retrieved from /opt/airflow/dags/kafka_load.py
[2026-04-26T14:12:15.440+0000] {logging_mixin.py:190} INFO - [2026-04-26T14:12:15.440+0000] {dag.py:3239} INFO - Sync 1 DAGs
[2026-04-26T14:12:15.548+0000] {logging_mixin.py:190} INFO - [2026-04-26T14:12:15.548+0000] {dag.py:4180} INFO - Setting next_dagrun for kafka_producer to 2026-04-25 18:30:00+00:00, run_after=2026-04-26 18:30:00+00:00
[2026-04-26T14:12:15.683+0000] {processor.py:208} INFO - Processing /opt/airflow/dags/kafka_load.py took 0.384 seconds
[2026-04-26T14:12:45.898+0000] {processor.py:186} INFO - Started process (PID=341) to work on /opt/airflow/dags/kafka_load.py
[2026-04-26T14:12:45.900+0000] {processor.py:914} INFO - Processing file /opt/airflow/dags/kafka_load.py for tasks to queue
[2026-04-26T14:12:45.907+0000] {logging_mixin.py:190} INFO - [2026-04-26T14:12:45.906+0000] {dagbag.py:588} INFO - Filling up the DagBag from /opt/airflow/dags/kafka_load.py
[2026-04-26T14:12:45.974+0000] {processor.py:925} INFO - DAG(s) 'kafka_producer' retrieved from /opt/airflow/dags/kafka_load.py
[2026-04-26T14:12:46.023+0000] {logging_mixin.py:190} INFO - [2026-04-26T14:12:46.023+0000] {dag.py:3239} INFO - Sync 1 DAGs
[2026-04-26T14:12:46.073+0000] {logging_mixin.py:190} INFO - [2026-04-26T14:12:46.072+0000] {dag.py:4180} INFO - Setting next_dagrun for kafka_producer to 2026-04-25 18:30:00+00:00, run_after=2026-04-26 18:30:00+00:00
[2026-04-26T14:12:46.100+0000] {processor.py:208} INFO - Processing /opt/airflow/dags/kafka_load.py took 0.215 seconds
[2026-04-26T14:13:16.359+0000] {processor.py:186} INFO - Started process (PID=342) to work on /opt/airflow/dags/kafka_load.py
[2026-04-26T14:13:16.360+0000] {processor.py:914} INFO - Processing file /opt/airflow/dags/kafka_load.py for tasks to queue
[2026-04-26T14:13:16.368+0000] {logging_mixin.py:190} INFO - [2026-04-26T14:13:16.367+0000] {dagbag.py:588} INFO - Filling up the DagBag from /opt/airflow/dags/kafka_load.py
[2026-04-26T14:13:16.404+0000] {processor.py:925} INFO - DAG(s) 'kafka_producer' retrieved from /opt/airflow/dags/kafka_load.py
[2026-04-26T14:13:16.436+0000] {logging_mixin.py:190} INFO - [2026-04-26T14:13:16.436+0000] {dag.py:3239} INFO - Sync 1 DAGs
[2026-04-26T14:13:16.470+0000] {logging_mixin.py:190} INFO - [2026-04-26T14:13:16.470+0000] {dag.py:4180} INFO - Setting next_dagrun for kafka_producer to 2026-04-25 18:30:00+00:00, run_after=2026-04-26 18:30:00+00:00
[2026-04-26T14:13:16.499+0000] {processor.py:208} INFO - Processing /opt/airflow/dags/kafka_load.py took 0.151 seconds
[2026-04-26T14:13:46.919+0000] {processor.py:186} INFO - Started process (PID=345) to work on /opt/airflow/dags/kafka_load.py
[2026-04-26T14:13:46.921+0000] {processor.py:914} INFO - Processing file /opt/airflow/dags/kafka_load.py for tasks to queue
[2026-04-26T14:13:46.925+0000] {logging_mixin.py:190} INFO - [2026-04-26T14:13:46.924+0000] {dagbag.py:588} INFO - Filling up the DagBag from /opt/airflow/dags/kafka_load.py
[2026-04-26T14:13:46.959+0000] {processor.py:925} INFO - DAG(s) 'kafka_producer' retrieved from /opt/airflow/dags/kafka_load.py
[2026-04-26T14:13:46.987+0000] {logging_mixin.py:190} INFO - [2026-04-26T14:13:46.987+0000] {dag.py:3239} INFO - Sync 1 DAGs
[2026-04-26T14:13:47.019+0000] {logging_mixin.py:190} INFO - [2026-04-26T14:13:47.019+0000] {dag.py:4180} INFO - Setting next_dagrun for kafka_producer to 2026-04-25 18:30:00+00:00, run_after=2026-04-26 18:30:00+00:00
[2026-04-26T14:13:47.045+0000] {processor.py:208} INFO - Processing /opt/airflow/dags/kafka_load.py took 0.140 seconds
[2026-04-26T14:14:17.410+0000] {processor.py:186} INFO - Started process (PID=348) to work on /opt/airflow/dags/kafka_load.py
[2026-04-26T14:14:17.412+0000] {processor.py:914} INFO - Processing file /opt/airflow/dags/kafka_load.py for tasks to queue
[2026-04-26T14:14:17.416+0000] {logging_mixin.py:190} INFO - [2026-04-26T14:14:17.415+0000] {dagbag.py:588} INFO - Filling up the DagBag from /opt/airflow/dags/kafka_load.py
[2026-04-26T14:14:17.456+0000] {processor.py:925} INFO - DAG(s) 'kafka_producer' retrieved from /opt/airflow/dags/kafka_load.py
[2026-04-26T14:14:17.486+0000] {logging_mixin.py:190} INFO - [2026-04-26T14:14:17.486+0000] {dag.py:3239} INFO - Sync 1 DAGs
[2026-04-26T14:14:17.518+0000] {logging_mixin.py:190} INFO - [2026-04-26T14:14:17.517+0000] {dag.py:4180} INFO - Setting next_dagrun for kafka_producer to 2026-04-25 18:30:00+00:00, run_after=2026-04-26 18:30:00+00:00
[2026-04-26T14:14:17.543+0000] {processor.py:208} INFO - Processing /opt/airflow/dags/kafka_load.py took 0.142 seconds
[2026-04-26T14:14:47.992+0000] {processor.py:186} INFO - Started process (PID=351) to work on /opt/airflow/dags/kafka_load.py
[2026-04-26T14:14:47.993+0000] {processor.py:914} INFO - Processing file /opt/airflow/dags/kafka_load.py for tasks to queue
[2026-04-26T14:14:47.996+0000] {logging_mixin.py:190} INFO - [2026-04-26T14:14:47.996+0000] {dagbag.py:588} INFO - Filling up the DagBag from /opt/airflow/dags/kafka_load.py
[2026-04-26T14:14:48.037+0000] {processor.py:925} INFO - DAG(s) 'kafka_producer' retrieved from /opt/airflow/dags/kafka_load.py
[2026-04-26T14:14:48.076+0000] {logging_mixin.py:190} INFO - [2026-04-26T14:14:48.076+0000] {dag.py:3239} INFO - Sync 1 DAGs
[2026-04-26T14:14:48.123+0000] {logging_mixin.py:190} INFO - [2026-04-26T14:14:48.123+0000] {dag.py:4180} INFO - Setting next_dagrun for kafka_producer to 2026-04-25 18:30:00+00:00, run_after=2026-04-26 18:30:00+00:00
[2026-04-26T14:14:48.165+0000] {processor.py:208} INFO - Processing /opt/airflow/dags/kafka_load.py took 0.187 seconds
[2026-04-26T14:15:18.940+0000] {processor.py:186} INFO - Started process (PID=354) to work on /opt/airflow/dags/kafka_load.py
[2026-04-26T14:15:18.943+0000] {processor.py:914} INFO - Processing file /opt/airflow/dags/kafka_load.py for tasks to queue
[2026-04-26T14:15:18.946+0000] {logging_mixin.py:190} INFO - [2026-04-26T14:15:18.946+0000] {dagbag.py:588} INFO - Filling up the DagBag from /opt/airflow/dags/kafka_load.py
[2026-04-26T14:15:19.029+0000] {processor.py:925} INFO - DAG(s) 'kafka_producer' retrieved from /opt/airflow/dags/kafka_load.py
[2026-04-26T14:15:19.084+0000] {logging_mixin.py:190} INFO - [2026-04-26T14:15:19.084+0000] {dag.py:3239} INFO - Sync 1 DAGs
[2026-04-26T14:15:19.144+0000] {logging_mixin.py:190} INFO - [2026-04-26T14:15:19.144+0000] {dag.py:4180} INFO - Setting next_dagrun for kafka_producer to 2026-04-25 18:30:00+00:00, run_after=2026-04-26 18:30:00+00:00
[2026-04-26T14:15:19.197+0000] {processor.py:208} INFO - Processing /opt/airflow/dags/kafka_load.py took 0.269 seconds
[2026-04-26T14:15:49.867+0000] {processor.py:186} INFO - Started process (PID=357) to work on /opt/airflow/dags/kafka_load.py
[2026-04-26T14:15:49.869+0000] {processor.py:914} INFO - Processing file /opt/airflow/dags/kafka_load.py for tasks to queue
[2026-04-26T14:15:49.875+0000] {logging_mixin.py:190} INFO - [2026-04-26T14:15:49.874+0000] {dagbag.py:588} INFO - Filling up the DagBag from /opt/airflow/dags/kafka_load.py
[2026-04-26T14:15:49.927+0000] {processor.py:925} INFO - DAG(s) 'kafka_producer' retrieved from /opt/airflow/dags/kafka_load.py
[2026-04-26T14:15:49.976+0000] {logging_mixin.py:190} INFO - [2026-04-26T14:15:49.976+0000] {dag.py:3239} INFO - Sync 1 DAGs
[2026-04-26T14:15:50.027+0000] {logging_mixin.py:190} INFO - [2026-04-26T14:15:50.027+0000] {dag.py:4180} INFO - Setting next_dagrun for kafka_producer to 2026-04-25 18:30:00+00:00, run_after=2026-04-26 18:30:00+00:00
[2026-04-26T14:15:50.063+0000] {processor.py:208} INFO - Processing /opt/airflow/dags/kafka_load.py took 0.209 seconds
[2026-04-26T14:16:20.555+0000] {processor.py:186} INFO - Started process (PID=360) to work on /opt/airflow/dags/kafka_load.py
[2026-04-26T14:16:20.564+0000] {processor.py:914} INFO - Processing file /opt/airflow/dags/kafka_load.py for tasks to queue
[2026-04-26T14:16:20.568+0000] {logging_mixin.py:190} INFO - [2026-04-26T14:16:20.567+0000] {dagbag.py:588} INFO - Filling up the DagBag from /opt/airflow/dags/kafka_load.py
[2026-04-26T14:16:20.618+0000] {processor.py:925} INFO - DAG(s) 'kafka_producer' retrieved from /opt/airflow/dags/kafka_load.py
[2026-04-26T14:16:20.667+0000] {logging_mixin.py:190} INFO - [2026-04-26T14:16:20.665+0000] {dag.py:3239} INFO - Sync 1 DAGs
[2026-04-26T14:16:20.745+0000] {logging_mixin.py:190} INFO - [2026-04-26T14:16:20.744+0000] {dag.py:4180} INFO - Setting next_dagrun for kafka_producer to 2026-04-25 18:30:00+00:00, run_after=2026-04-26 18:30:00+00:00
[2026-04-26T14:16:20.816+0000] {processor.py:208} INFO - Processing /opt/airflow/dags/kafka_load.py took 0.272 seconds
[2026-04-26T14:16:51.145+0000] {processor.py:186} INFO - Started process (PID=363) to work on /opt/airflow/dags/kafka_load.py
[2026-04-26T14:16:51.148+0000] {processor.py:914} INFO - Processing file /opt/airflow/dags/kafka_load.py for tasks to queue
[2026-04-26T14:16:51.153+0000] {logging_mixin.py:190} INFO - [2026-04-26T14:16:51.152+0000] {dagbag.py:588} INFO - Filling up the DagBag from /opt/airflow/dags/kafka_load.py
[2026-04-26T14:16:51.245+0000] {processor.py:925} INFO - DAG(s) 'kafka_producer' retrieved from /opt/airflow/dags/kafka_load.py
[2026-04-26T14:16:51.296+0000] {logging_mixin.py:190} INFO - [2026-04-26T14:16:51.290+0000] {dag.py:3239} INFO - Sync 1 DAGs
[2026-04-26T14:16:51.361+0000] {logging_mixin.py:190} INFO - [2026-04-26T14:16:51.361+0000] {dag.py:4180} INFO - Setting next_dagrun for kafka_producer to 2026-04-25 18:30:00+00:00, run_after=2026-04-26 18:30:00+00:00
[2026-04-26T14:16:51.449+0000] {processor.py:208} INFO - Processing /opt/airflow/dags/kafka_load.py took 0.325 seconds
[2026-04-26T14:17:22.116+0000] {processor.py:186} INFO - Started process (PID=366) to work on /opt/airflow/dags/kafka_load.py
[2026-04-26T14:17:22.118+0000] {processor.py:914} INFO - Processing file /opt/airflow/dags/kafka_load.py for tasks to queue
[2026-04-26T14:17:22.121+0000] {logging_mixin.py:190} INFO - [2026-04-26T14:17:22.121+0000] {dagbag.py:588} INFO - Filling up the DagBag from /opt/airflow/dags/kafka_load.py
[2026-04-26T14:17:22.161+0000] {processor.py:925} INFO - DAG(s) 'kafka_producer' retrieved from /opt/airflow/dags/kafka_load.py
[2026-04-26T14:17:22.194+0000] {logging_mixin.py:190} INFO - [2026-04-26T14:17:22.193+0000] {dag.py:3239} INFO - Sync 1 DAGs
[2026-04-26T14:17:22.233+0000] {logging_mixin.py:190} INFO - [2026-04-26T14:17:22.232+0000] {dag.py:4180} INFO - Setting next_dagrun for kafka_producer to 2026-04-25 18:30:00+00:00, run_after=2026-04-26 18:30:00+00:00
[2026-04-26T14:17:22.260+0000] {processor.py:208} INFO - Processing /opt/airflow/dags/kafka_load.py took 0.157 seconds
[2026-04-26T14:17:52.659+0000] {processor.py:186} INFO - Started process (PID=369) to work on /opt/airflow/dags/kafka_load.py
[2026-04-26T14:17:52.660+0000] {processor.py:914} INFO - Processing file /opt/airflow/dags/kafka_load.py for tasks to queue
[2026-04-26T14:17:52.665+0000] {logging_mixin.py:190} INFO - [2026-04-26T14:17:52.665+0000] {dagbag.py:588} INFO - Filling up the DagBag from /opt/airflow/dags/kafka_load.py
[2026-04-26T14:17:52.705+0000] {processor.py:925} INFO - DAG(s) 'kafka_producer' retrieved from /opt/airflow/dags/kafka_load.py
[2026-04-26T14:17:52.740+0000] {logging_mixin.py:190} INFO - [2026-04-26T14:17:52.740+0000] {dag.py:3239} INFO - Sync 1 DAGs
[2026-04-26T14:17:52.787+0000] {logging_mixin.py:190} INFO - [2026-04-26T14:17:52.787+0000] {dag.py:4180} INFO - Setting next_dagrun for kafka_producer to 2026-04-25 18:30:00+00:00, run_after=2026-04-26 18:30:00+00:00
[2026-04-26T14:17:52.825+0000] {processor.py:208} INFO - Processing /opt/airflow/dags/kafka_load.py took 0.177 seconds
[2026-04-26T14:18:23.276+0000] {processor.py:186} INFO - Started process (PID=372) to work on /opt/airflow/dags/kafka_load.py
[2026-04-26T14:18:23.278+0000] {processor.py:914} INFO - Processing file /opt/airflow/dags/kafka_load.py for tasks to queue
[2026-04-26T14:18:23.282+0000] {logging_mixin.py:190} INFO - [2026-04-26T14:18:23.281+0000] {dagbag.py:588} INFO - Filling up the DagBag from /opt/airflow/dags/kafka_load.py
[2026-04-26T14:18:23.327+0000] {processor.py:925} INFO - DAG(s) 'kafka_producer' retrieved from /opt/airflow/dags/kafka_load.py
[2026-04-26T14:18:23.370+0000] {logging_mixin.py:190} INFO - [2026-04-26T14:18:23.368+0000] {dag.py:3239} INFO - Sync 1 DAGs
[2026-04-26T14:18:23.413+0000] {logging_mixin.py:190} INFO - [2026-04-26T14:18:23.413+0000] {dag.py:4180} INFO - Setting next_dagrun for kafka_producer to 2026-04-25 18:30:00+00:00, run_after=2026-04-26 18:30:00+00:00
[2026-04-26T14:18:23.452+0000] {processor.py:208} INFO - Processing /opt/airflow/dags/kafka_load.py took 0.190 seconds
[2026-04-26T14:18:53.920+0000] {processor.py:186} INFO - Started process (PID=375) to work on /opt/airflow/dags/kafka_load.py
[2026-04-26T14:18:54.039+0000] {processor.py:914} INFO - Processing file /opt/airflow/dags/kafka_load.py for tasks to queue
[2026-04-26T14:18:54.044+0000] {logging_mixin.py:190} INFO - [2026-04-26T14:18:54.043+0000] {dagbag.py:588} INFO - Filling up the DagBag from /opt/airflow/dags/kafka_load.py
[2026-04-26T14:18:54.092+0000] {processor.py:925} INFO - DAG(s) 'kafka_producer' retrieved from /opt/airflow/dags/kafka_load.py
[2026-04-26T14:18:54.122+0000] {logging_mixin.py:190} INFO - [2026-04-26T14:18:54.121+0000] {dag.py:3239} INFO - Sync 1 DAGs
[2026-04-26T14:18:54.156+0000] {logging_mixin.py:190} INFO - [2026-04-26T14:18:54.155+0000] {dag.py:4180} INFO - Setting next_dagrun for kafka_producer to 2026-04-25 18:30:00+00:00, run_after=2026-04-26 18:30:00+00:00
[2026-04-26T14:18:54.188+0000] {processor.py:208} INFO - Processing /opt/airflow/dags/kafka_load.py took 0.280 seconds
[2026-04-26T14:19:24.497+0000] {processor.py:186} INFO - Started process (PID=378) to work on /opt/airflow/dags/kafka_load.py
[2026-04-26T14:19:24.499+0000] {processor.py:914} INFO - Processing file /opt/airflow/dags/kafka_load.py for tasks to queue
[2026-04-26T14:19:24.502+0000] {logging_mixin.py:190} INFO - [2026-04-26T14:19:24.501+0000] {dagbag.py:588} INFO - Filling up the DagBag from /opt/airflow/dags/kafka_load.py
[2026-04-26T14:19:24.543+0000] {processor.py:925} INFO - DAG(s) 'kafka_producer' retrieved from /opt/airflow/dags/kafka_load.py
[2026-04-26T14:19:24.594+0000] {logging_mixin.py:190} INFO - [2026-04-26T14:19:24.594+0000] {dag.py:3239} INFO - Sync 1 DAGs
[2026-04-26T14:19:24.645+0000] {logging_mixin.py:190} INFO - [2026-04-26T14:19:24.645+0000] {dag.py:4180} INFO - Setting next_dagrun for kafka_producer to 2026-04-25 18:30:00+00:00, run_after=2026-04-26 18:30:00+00:00
[2026-04-26T14:19:24.676+0000] {processor.py:208} INFO - Processing /opt/airflow/dags/kafka_load.py took 0.189 seconds
[2026-04-26T14:19:55.253+0000] {processor.py:186} INFO - Started process (PID=381) to work on /opt/airflow/dags/kafka_load.py
[2026-04-26T14:19:55.255+0000] {processor.py:914} INFO - Processing file /opt/airflow/dags/kafka_load.py for tasks to queue
[2026-04-26T14:19:55.264+0000] {logging_mixin.py:190} INFO - [2026-04-26T14:19:55.264+0000] {dagbag.py:588} INFO - Filling up the DagBag from /opt/airflow/dags/kafka_load.py
[2026-04-26T14:19:55.304+0000] {processor.py:925} INFO - DAG(s) 'kafka_producer' retrieved from /opt/airflow/dags/kafka_load.py
[2026-04-26T14:19:55.335+0000] {logging_mixin.py:190} INFO - [2026-04-26T14:19:55.334+0000] {dag.py:3239} INFO - Sync 1 DAGs
[2026-04-26T14:19:55.366+0000] {logging_mixin.py:190} INFO - [2026-04-26T14:19:55.366+0000] {dag.py:4180} INFO - Setting next_dagrun for kafka_producer to 2026-04-25 18:30:00+00:00, run_after=2026-04-26 18:30:00+00:00
[2026-04-26T14:19:55.391+0000] {processor.py:208} INFO - Processing /opt/airflow/dags/kafka_load.py took 0.147 seconds
[2026-04-26T14:20:25.816+0000] {processor.py:186} INFO - Started process (PID=384) to work on /opt/airflow/dags/kafka_load.py
[2026-04-26T14:20:25.818+0000] {processor.py:914} INFO - Processing file /opt/airflow/dags/kafka_load.py for tasks to queue
[2026-04-26T14:20:25.822+0000] {logging_mixin.py:190} INFO - [2026-04-26T14:20:25.821+0000] {dagbag.py:588} INFO - Filling up the DagBag from /opt/airflow/dags/kafka_load.py
[2026-04-26T14:20:25.863+0000] {processor.py:925} INFO - DAG(s) 'kafka_producer' retrieved from /opt/airflow/dags/kafka_load.py
[2026-04-26T14:20:25.892+0000] {logging_mixin.py:190} INFO - [2026-04-26T14:20:25.891+0000] {dag.py:3239} INFO - Sync 1 DAGs
[2026-04-26T14:20:25.927+0000] {logging_mixin.py:190} INFO - [2026-04-26T14:20:25.925+0000] {dag.py:4180} INFO - Setting next_dagrun for kafka_producer to 2026-04-25 18:30:00+00:00, run_after=2026-04-26 18:30:00+00:00
[2026-04-26T14:20:25.966+0000] {processor.py:208} INFO - Processing /opt/airflow/dags/kafka_load.py took 0.159 seconds
[2026-04-26T14:20:56.411+0000] {processor.py:186} INFO - Started process (PID=387) to work on /opt/airflow/dags/kafka_load.py
[2026-04-26T14:20:56.413+0000] {processor.py:914} INFO - Processing file /opt/airflow/dags/kafka_load.py for tasks to queue
[2026-04-26T14:20:56.416+0000] {logging_mixin.py:190} INFO - [2026-04-26T14:20:56.416+0000] {dagbag.py:588} INFO - Filling up the DagBag from /opt/airflow/dags/kafka_load.py
[2026-04-26T14:20:56.464+0000] {processor.py:925} INFO - DAG(s) 'kafka_producer' retrieved from /opt/airflow/dags/kafka_load.py
[2026-04-26T14:20:56.534+0000] {logging_mixin.py:190} INFO - [2026-04-26T14:20:56.533+0000] {dag.py:3239} INFO - Sync 1 DAGs
[2026-04-26T14:20:56.592+0000] {logging_mixin.py:190} INFO - [2026-04-26T14:20:56.592+0000] {dag.py:4180} INFO - Setting next_dagrun for kafka_producer to 2026-04-25 18:30:00+00:00, run_after=2026-04-26 18:30:00+00:00
[2026-04-26T14:20:56.626+0000] {processor.py:208} INFO - Processing /opt/airflow/dags/kafka_load.py took 0.228 seconds
[2026-04-26T14:21:27.174+0000] {processor.py:186} INFO - Started process (PID=390) to work on /opt/airflow/dags/kafka_load.py
[2026-04-26T14:21:27.176+0000] {processor.py:914} INFO - Processing file /opt/airflow/dags/kafka_load.py for tasks to queue
[2026-04-26T14:21:27.180+0000] {logging_mixin.py:190} INFO - [2026-04-26T14:21:27.179+0000] {dagbag.py:588} INFO - Filling up the DagBag from /opt/airflow/dags/kafka_load.py
[2026-04-26T14:21:27.224+0000] {processor.py:925} INFO - DAG(s) 'kafka_producer' retrieved from /opt/airflow/dags/kafka_load.py
[2026-04-26T14:21:27.259+0000] {logging_mixin.py:190} INFO - [2026-04-26T14:21:27.259+0000] {dag.py:3239} INFO - Sync 1 DAGs
[2026-04-26T14:21:27.297+0000] {logging_mixin.py:190} INFO - [2026-04-26T14:21:27.297+0000] {dag.py:4180} INFO - Setting next_dagrun for kafka_producer to 2026-04-25 18:30:00+00:00, run_after=2026-04-26 18:30:00+00:00
[2026-04-26T14:21:27.330+0000] {processor.py:208} INFO - Processing /opt/airflow/dags/kafka_load.py took 0.165 seconds
[2026-04-26T14:21:57.874+0000] {processor.py:186} INFO - Started process (PID=393) to work on /opt/airflow/dags/kafka_load.py
[2026-04-26T14:21:57.876+0000] {processor.py:914} INFO - Processing file /opt/airflow/dags/kafka_load.py for tasks to queue
[2026-04-26T14:21:57.880+0000] {logging_mixin.py:190} INFO - [2026-04-26T14:21:57.879+0000] {dagbag.py:588} INFO - Filling up the DagBag from /opt/airflow/dags/kafka_load.py
[2026-04-26T14:21:57.917+0000] {processor.py:925} INFO - DAG(s) 'kafka_producer' retrieved from /opt/airflow/dags/kafka_load.py
[2026-04-26T14:21:57.944+0000] {logging_mixin.py:190} INFO - [2026-04-26T14:21:57.944+0000] {dag.py:3239} INFO - Sync 1 DAGs
[2026-04-26T14:21:57.979+0000] {logging_mixin.py:190} INFO - [2026-04-26T14:21:57.978+0000] {dag.py:4180} INFO - Setting next_dagrun for kafka_producer to 2026-04-25 18:30:00+00:00, run_after=2026-04-26 18:30:00+00:00
[2026-04-26T14:21:58.005+0000] {processor.py:208} INFO - Processing /opt/airflow/dags/kafka_load.py took 0.142 seconds
[2026-04-26T14:22:28.424+0000] {processor.py:186} INFO - Started process (PID=396) to work on /opt/airflow/dags/kafka_load.py
[2026-04-26T14:22:28.425+0000] {processor.py:914} INFO - Processing file /opt/airflow/dags/kafka_load.py for tasks to queue
[2026-04-26T14:22:28.429+0000] {logging_mixin.py:190} INFO - [2026-04-26T14:22:28.428+0000] {dagbag.py:588} INFO - Filling up the DagBag from /opt/airflow/dags/kafka_load.py
[2026-04-26T14:22:28.472+0000] {processor.py:925} INFO - DAG(s) 'kafka_producer' retrieved from /opt/airflow/dags/kafka_load.py
[2026-04-26T14:22:28.499+0000] {logging_mixin.py:190} INFO - [2026-04-26T14:22:28.498+0000] {dag.py:3239} INFO - Sync 1 DAGs
[2026-04-26T14:22:28.533+0000] {logging_mixin.py:190} INFO - [2026-04-26T14:22:28.533+0000] {dag.py:4180} INFO - Setting next_dagrun for kafka_producer to 2026-04-25 18:30:00+00:00, run_after=2026-04-26 18:30:00+00:00
[2026-04-26T14:22:28.559+0000] {processor.py:208} INFO - Processing /opt/airflow/dags/kafka_load.py took 0.146 seconds
[2026-04-26T14:22:58.985+0000] {processor.py:186} INFO - Started process (PID=399) to work on /opt/airflow/dags/kafka_load.py
[2026-04-26T14:22:58.987+0000] {processor.py:914} INFO - Processing file /opt/airflow/dags/kafka_load.py for tasks to queue
[2026-04-26T14:22:58.991+0000] {logging_mixin.py:190} INFO - [2026-04-26T14:22:58.990+0000] {dagbag.py:588} INFO - Filling up the DagBag from /opt/airflow/dags/kafka_load.py
[2026-04-26T14:22:59.035+0000] {processor.py:925} INFO - DAG(s) 'kafka_producer' retrieved from /opt/airflow/dags/kafka_load.py
[2026-04-26T14:22:59.067+0000] {logging_mixin.py:190} INFO - [2026-04-26T14:22:59.067+0000] {dag.py:3239} INFO - Sync 1 DAGs
[2026-04-26T14:22:59.102+0000] {logging_mixin.py:190} INFO - [2026-04-26T14:22:59.101+0000] {dag.py:4180} INFO - Setting next_dagrun for kafka_producer to 2026-04-25 18:30:00+00:00, run_after=2026-04-26 18:30:00+00:00
[2026-04-26T14:22:59.133+0000] {processor.py:208} INFO - Processing /opt/airflow/dags/kafka_load.py took 0.163 seconds
[2026-04-26T14:23:29.549+0000] {processor.py:186} INFO - Started process (PID=402) to work on /opt/airflow/dags/kafka_load.py
[2026-04-26T14:23:29.551+0000] {processor.py:914} INFO - Processing file /opt/airflow/dags/kafka_load.py for tasks to queue
[2026-04-26T14:23:29.554+0000] {logging_mixin.py:190} INFO - [2026-04-26T14:23:29.554+0000] {dagbag.py:588} INFO - Filling up the DagBag from /opt/airflow/dags/kafka_load.py
[2026-04-26T14:23:29.603+0000] {processor.py:925} INFO - DAG(s) 'kafka_producer' retrieved from /opt/airflow/dags/kafka_load.py
[2026-04-26T14:23:29.635+0000] {logging_mixin.py:190} INFO - [2026-04-26T14:23:29.635+0000] {dag.py:3239} INFO - Sync 1 DAGs
[2026-04-26T14:23:29.669+0000] {logging_mixin.py:190} INFO - [2026-04-26T14:23:29.669+0000] {dag.py:4180} INFO - Setting next_dagrun for kafka_producer to 2026-04-25 18:30:00+00:00, run_after=2026-04-26 18:30:00+00:00
[2026-04-26T14:23:30.876+0000] {processor.py:208} INFO - Processing /opt/airflow/dags/kafka_load.py took 1.335 seconds
[2026-04-26T14:24:01.416+0000] {processor.py:186} INFO - Started process (PID=406) to work on /opt/airflow/dags/kafka_load.py
[2026-04-26T14:24:01.420+0000] {processor.py:914} INFO - Processing file /opt/airflow/dags/kafka_load.py for tasks to queue
[2026-04-26T14:24:01.442+0000] {logging_mixin.py:190} INFO - [2026-04-26T14:24:01.439+0000] {dagbag.py:588} INFO - Filling up the DagBag from /opt/airflow/dags/kafka_load.py
[2026-04-26T14:24:01.548+0000] {processor.py:925} INFO - DAG(s) 'kafka_producer' retrieved from /opt/airflow/dags/kafka_load.py
[2026-04-26T14:24:01.575+0000] {logging_mixin.py:190} INFO - [2026-04-26T14:24:01.575+0000] {dag.py:3239} INFO - Sync 1 DAGs
[2026-04-26T14:24:01.609+0000] {logging_mixin.py:190} INFO - [2026-04-26T14:24:01.608+0000] {dag.py:4180} INFO - Setting next_dagrun for kafka_producer to 2026-04-25 18:30:00+00:00, run_after=2026-04-26 18:30:00+00:00
[2026-04-26T14:24:01.636+0000] {processor.py:208} INFO - Processing /opt/airflow/dags/kafka_load.py took 0.249 seconds
[2026-04-26T14:24:32.109+0000] {processor.py:186} INFO - Started process (PID=409) to work on /opt/airflow/dags/kafka_load.py
[2026-04-26T14:24:32.111+0000] {processor.py:914} INFO - Processing file /opt/airflow/dags/kafka_load.py for tasks to queue
[2026-04-26T14:24:32.114+0000] {logging_mixin.py:190} INFO - [2026-04-26T14:24:32.114+0000] {dagbag.py:588} INFO - Filling up the DagBag from /opt/airflow/dags/kafka_load.py
[2026-04-26T14:24:32.167+0000] {processor.py:925} INFO - DAG(s) 'kafka_producer' retrieved from /opt/airflow/dags/kafka_load.py
[2026-04-26T14:24:32.202+0000] {logging_mixin.py:190} INFO - [2026-04-26T14:24:32.202+0000] {dag.py:3239} INFO - Sync 1 DAGs
[2026-04-26T14:24:32.234+0000] {logging_mixin.py:190} INFO - [2026-04-26T14:24:32.233+0000] {dag.py:4180} INFO - Setting next_dagrun for kafka_producer to 2026-04-25 18:30:00+00:00, run_after=2026-04-26 18:30:00+00:00
[2026-04-26T14:24:32.263+0000] {processor.py:208} INFO - Processing /opt/airflow/dags/kafka_load.py took 0.163 seconds
[2026-04-26T14:25:02.838+0000] {processor.py:186} INFO - Started process (PID=412) to work on /opt/airflow/dags/kafka_load.py
[2026-04-26T14:25:02.840+0000] {processor.py:914} INFO - Processing file /opt/airflow/dags/kafka_load.py for tasks to queue
[2026-04-26T14:25:02.847+0000] {logging_mixin.py:190} INFO - [2026-04-26T14:25:02.846+0000] {dagbag.py:588} INFO - Filling up the DagBag from /opt/airflow/dags/kafka_load.py
[2026-04-26T14:25:03.088+0000] {processor.py:925} INFO - DAG(s) 'kafka_producer' retrieved from /opt/airflow/dags/kafka_load.py
[2026-04-26T14:25:03.203+0000] {logging_mixin.py:190} INFO - [2026-04-26T14:25:03.202+0000] {dag.py:3239} INFO - Sync 1 DAGs
[2026-04-26T14:25:03.323+0000] {logging_mixin.py:190} INFO - [2026-04-26T14:25:03.322+0000] {dag.py:4180} INFO - Setting next_dagrun for kafka_producer to 2026-04-25 18:30:00+00:00, run_after=2026-04-26 18:30:00+00:00
[2026-04-26T14:25:03.428+0000] {processor.py:208} INFO - Processing /opt/airflow/dags/kafka_load.py took 0.601 seconds
[2026-04-26T14:25:34.235+0000] {processor.py:186} INFO - Started process (PID=415) to work on /opt/airflow/dags/kafka_load.py
[2026-04-26T14:25:34.236+0000] {processor.py:914} INFO - Processing file /opt/airflow/dags/kafka_load.py for tasks to queue
[2026-04-26T14:25:34.240+0000] {logging_mixin.py:190} INFO - [2026-04-26T14:25:34.239+0000] {dagbag.py:588} INFO - Filling up the DagBag from /opt/airflow/dags/kafka_load.py
[2026-04-26T14:25:34.288+0000] {processor.py:925} INFO - DAG(s) 'kafka_producer' retrieved from /opt/airflow/dags/kafka_load.py
[2026-04-26T14:25:34.347+0000] {logging_mixin.py:190} INFO - [2026-04-26T14:25:34.347+0000] {dag.py:3239} INFO - Sync 1 DAGs
[2026-04-26T14:25:34.414+0000] {logging_mixin.py:190} INFO - [2026-04-26T14:25:34.414+0000] {dag.py:4180} INFO - Setting next_dagrun for kafka_producer to 2026-04-25 18:30:00+00:00, run_after=2026-04-26 18:30:00+00:00
[2026-04-26T14:25:34.442+0000] {processor.py:208} INFO - Processing /opt/airflow/dags/kafka_load.py took 0.218 seconds
[2026-04-26T14:26:05.013+0000] {processor.py:186} INFO - Started process (PID=418) to work on /opt/airflow/dags/kafka_load.py
[2026-04-26T14:26:05.015+0000] {processor.py:914} INFO - Processing file /opt/airflow/dags/kafka_load.py for tasks to queue
[2026-04-26T14:26:05.019+0000] {logging_mixin.py:190} INFO - [2026-04-26T14:26:05.018+0000] {dagbag.py:588} INFO - Filling up the DagBag from /opt/airflow/dags/kafka_load.py
[2026-04-26T14:26:05.058+0000] {processor.py:925} INFO - DAG(s) 'kafka_producer' retrieved from /opt/airflow/dags/kafka_load.py
[2026-04-26T14:26:05.086+0000] {logging_mixin.py:190} INFO - [2026-04-26T14:26:05.086+0000] {dag.py:3239} INFO - Sync 1 DAGs
[2026-04-26T14:26:05.120+0000] {logging_mixin.py:190} INFO - [2026-04-26T14:26:05.120+0000] {dag.py:4180} INFO - Setting next_dagrun for kafka_producer to 2026-04-25 18:30:00+00:00, run_after=2026-04-26 18:30:00+00:00
[2026-04-26T14:26:05.146+0000] {processor.py:208} INFO - Processing /opt/airflow/dags/kafka_load.py took 0.143 seconds
[2026-04-26T14:26:35.547+0000] {processor.py:186} INFO - Started process (PID=421) to work on /opt/airflow/dags/kafka_load.py
[2026-04-26T14:26:35.549+0000] {processor.py:914} INFO - Processing file /opt/airflow/dags/kafka_load.py for tasks to queue
[2026-04-26T14:26:35.553+0000] {logging_mixin.py:190} INFO - [2026-04-26T14:26:35.553+0000] {dagbag.py:588} INFO - Filling up the DagBag from /opt/airflow/dags/kafka_load.py
[2026-04-26T14:26:35.591+0000] {processor.py:925} INFO - DAG(s) 'kafka_producer' retrieved from /opt/airflow/dags/kafka_load.py
[2026-04-26T14:26:35.621+0000] {logging_mixin.py:190} INFO - [2026-04-26T14:26:35.621+0000] {dag.py:3239} INFO - Sync 1 DAGs
[2026-04-26T14:26:35.655+0000] {logging_mixin.py:190} INFO - [2026-04-26T14:26:35.655+0000] {dag.py:4180} INFO - Setting next_dagrun for kafka_producer to 2026-04-25 18:30:00+00:00, run_after=2026-04-26 18:30:00+00:00
[2026-04-26T14:26:35.682+0000] {processor.py:208} INFO - Processing /opt/airflow/dags/kafka_load.py took 0.144 seconds
[2026-04-26T14:27:06.109+0000] {processor.py:186} INFO - Started process (PID=424) to work on /opt/airflow/dags/kafka_load.py
[2026-04-26T14:27:06.110+0000] {processor.py:914} INFO - Processing file /opt/airflow/dags/kafka_load.py for tasks to queue
[2026-04-26T14:27:06.114+0000] {logging_mixin.py:190} INFO - [2026-04-26T14:27:06.114+0000] {dagbag.py:588} INFO - Filling up the DagBag from /opt/airflow/dags/kafka_load.py
[2026-04-26T14:27:06.153+0000] {processor.py:925} INFO - DAG(s) 'kafka_producer' retrieved from /opt/airflow/dags/kafka_load.py
[2026-04-26T14:27:06.182+0000] {logging_mixin.py:190} INFO - [2026-04-26T14:27:06.181+0000] {dag.py:3239} INFO - Sync 1 DAGs
[2026-04-26T14:27:06.216+0000] {logging_mixin.py:190} INFO - [2026-04-26T14:27:06.215+0000] {dag.py:4180} INFO - Setting next_dagrun for kafka_producer to 2026-04-25 18:30:00+00:00, run_after=2026-04-26 18:30:00+00:00
[2026-04-26T14:27:07.343+0000] {processor.py:208} INFO - Processing /opt/airflow/dags/kafka_load.py took 1.241 seconds
[2026-04-26T14:27:37.494+0000] {processor.py:186} INFO - Started process (PID=426) to work on /opt/airflow/dags/kafka_load.py
[2026-04-26T14:27:37.495+0000] {processor.py:914} INFO - Processing file /opt/airflow/dags/kafka_load.py for tasks to queue
[2026-04-26T14:27:37.499+0000] {logging_mixin.py:190} INFO - [2026-04-26T14:27:37.498+0000] {dagbag.py:588} INFO - Filling up the DagBag from /opt/airflow/dags/kafka_load.py
[2026-04-26T14:27:37.536+0000] {processor.py:925} INFO - DAG(s) 'kafka_producer' retrieved from /opt/airflow/dags/kafka_load.py
[2026-04-26T14:27:37.595+0000] {logging_mixin.py:190} INFO - [2026-04-26T14:27:37.594+0000] {dag.py:3239} INFO - Sync 1 DAGs
[2026-04-26T14:27:37.645+0000] {logging_mixin.py:190} INFO - [2026-04-26T14:27:37.645+0000] {dag.py:4180} INFO - Setting next_dagrun for kafka_producer to 2026-04-25 18:30:00+00:00, run_after=2026-04-26 18:30:00+00:00
[2026-04-26T14:27:37.762+0000] {processor.py:208} INFO - Processing /opt/airflow/dags/kafka_load.py took 0.280 seconds
[2026-04-26T14:28:08.305+0000] {processor.py:186} INFO - Started process (PID=429) to work on /opt/airflow/dags/kafka_load.py
[2026-04-26T14:28:08.306+0000] {processor.py:914} INFO - Processing file /opt/airflow/dags/kafka_load.py for tasks to queue
[2026-04-26T14:28:08.309+0000] {logging_mixin.py:190} INFO - [2026-04-26T14:28:08.309+0000] {dagbag.py:588} INFO - Filling up the DagBag from /opt/airflow/dags/kafka_load.py
[2026-04-26T14:28:08.344+0000] {processor.py:925} INFO - DAG(s) 'kafka_producer' retrieved from /opt/airflow/dags/kafka_load.py
[2026-04-26T14:28:08.374+0000] {logging_mixin.py:190} INFO - [2026-04-26T14:28:08.374+0000] {dag.py:3239} INFO - Sync 1 DAGs
[2026-04-26T14:28:08.410+0000] {logging_mixin.py:190} INFO - [2026-04-26T14:28:08.409+0000] {dag.py:4180} INFO - Setting next_dagrun for kafka_producer to 2026-04-25 18:30:00+00:00, run_after=2026-04-26 18:30:00+00:00
[2026-04-26T14:28:08.445+0000] {processor.py:208} INFO - Processing /opt/airflow/dags/kafka_load.py took 0.152 seconds
[2026-04-26T14:28:38.956+0000] {processor.py:186} INFO - Started process (PID=432) to work on /opt/airflow/dags/kafka_load.py
[2026-04-26T14:28:38.957+0000] {processor.py:914} INFO - Processing file /opt/airflow/dags/kafka_load.py for tasks to queue
[2026-04-26T14:28:38.962+0000] {logging_mixin.py:190} INFO - [2026-04-26T14:28:38.960+0000] {dagbag.py:588} INFO - Filling up the DagBag from /opt/airflow/dags/kafka_load.py
[2026-04-26T14:28:39.209+0000] {processor.py:925} INFO - DAG(s) 'kafka_producer' retrieved from /opt/airflow/dags/kafka_load.py
[2026-04-26T14:28:39.275+0000] {logging_mixin.py:190} INFO - [2026-04-26T14:28:39.274+0000] {dag.py:3239} INFO - Sync 1 DAGs
[2026-04-26T14:28:39.364+0000] {logging_mixin.py:190} INFO - [2026-04-26T14:28:39.363+0000] {dag.py:4180} INFO - Setting next_dagrun for kafka_producer to 2026-04-25 18:30:00+00:00, run_after=2026-04-26 18:30:00+00:00
[2026-04-26T14:28:39.463+0000] {processor.py:208} INFO - Processing /opt/airflow/dags/kafka_load.py took 0.524 seconds
