[2026-04-13T05:45:05.907+0000] {processor.py:186} INFO - Started process (PID=30) to work on /opt/airflow/dags/layers_update.py
[2026-04-13T05:45:05.909+0000] {processor.py:914} INFO - Processing file /opt/airflow/dags/layers_update.py for tasks to queue
[2026-04-13T05:45:05.913+0000] {logging_mixin.py:190} INFO - [2026-04-13T05:45:05.913+0000] {dagbag.py:588} INFO - Filling up the DagBag from /opt/airflow/dags/layers_update.py
[2026-04-13T05:45:05.947+0000] {processor.py:925} INFO - DAG(s) 'layers_update' retrieved from /opt/airflow/dags/layers_update.py
[2026-04-13T05:45:06.113+0000] {logging_mixin.py:190} INFO - [2026-04-13T05:45:06.112+0000] {override.py:1912} INFO - Created Permission View: can delete on DAG:layers_update
[2026-04-13T05:45:06.130+0000] {logging_mixin.py:190} INFO - [2026-04-13T05:45:06.130+0000] {override.py:1912} INFO - Created Permission View: can edit on DAG:layers_update
[2026-04-13T05:45:06.139+0000] {logging_mixin.py:190} INFO - [2026-04-13T05:45:06.138+0000] {override.py:1912} INFO - Created Permission View: can read on DAG:layers_update
[2026-04-13T05:45:06.158+0000] {logging_mixin.py:190} INFO - [2026-04-13T05:45:06.157+0000] {override.py:1912} INFO - Created Permission View: menu access on DAG Run:layers_update
[2026-04-13T05:45:06.171+0000] {logging_mixin.py:190} INFO - [2026-04-13T05:45:06.171+0000] {override.py:1912} INFO - Created Permission View: can delete on DAG Run:layers_update
[2026-04-13T05:45:06.181+0000] {logging_mixin.py:190} INFO - [2026-04-13T05:45:06.181+0000] {override.py:1912} INFO - Created Permission View: can create on DAG Run:layers_update
[2026-04-13T05:45:06.191+0000] {logging_mixin.py:190} INFO - [2026-04-13T05:45:06.190+0000] {override.py:1912} INFO - Created Permission View: can read on DAG Run:layers_update
[2026-04-13T05:45:06.191+0000] {logging_mixin.py:190} INFO - [2026-04-13T05:45:06.191+0000] {dag.py:3239} INFO - Sync 1 DAGs
[2026-04-13T05:45:06.206+0000] {logging_mixin.py:190} INFO - [2026-04-13T05:45:06.206+0000] {dag.py:3262} INFO - Creating ORM DAG for layers_update
[2026-04-13T05:45:06.207+0000] {logging_mixin.py:190} INFO - [2026-04-13T05:45:06.207+0000] {dag.py:4180} INFO - Setting next_dagrun for layers_update to None, run_after=None
[2026-04-13T05:45:06.233+0000] {processor.py:208} INFO - Processing /opt/airflow/dags/layers_update.py took 0.337 seconds
[2026-04-13T05:45:36.321+0000] {processor.py:186} INFO - Started process (PID=33) to work on /opt/airflow/dags/layers_update.py
[2026-04-13T05:45:36.323+0000] {processor.py:914} INFO - Processing file /opt/airflow/dags/layers_update.py for tasks to queue
[2026-04-13T05:45:36.326+0000] {logging_mixin.py:190} INFO - [2026-04-13T05:45:36.326+0000] {dagbag.py:588} INFO - Filling up the DagBag from /opt/airflow/dags/layers_update.py
[2026-04-13T05:45:36.361+0000] {processor.py:925} INFO - DAG(s) 'layers_update' retrieved from /opt/airflow/dags/layers_update.py
[2026-04-13T05:45:36.389+0000] {logging_mixin.py:190} INFO - [2026-04-13T05:45:36.389+0000] {dag.py:3239} INFO - Sync 1 DAGs
[2026-04-13T05:45:36.413+0000] {logging_mixin.py:190} INFO - [2026-04-13T05:45:36.413+0000] {dag.py:4180} INFO - Setting next_dagrun for layers_update to None, run_after=None
[2026-04-13T05:45:36.443+0000] {processor.py:208} INFO - Processing /opt/airflow/dags/layers_update.py took 0.134 seconds
[2026-04-13T05:46:06.909+0000] {processor.py:186} INFO - Started process (PID=36) to work on /opt/airflow/dags/layers_update.py
[2026-04-13T05:46:06.912+0000] {processor.py:914} INFO - Processing file /opt/airflow/dags/layers_update.py for tasks to queue
[2026-04-13T05:46:06.917+0000] {logging_mixin.py:190} INFO - [2026-04-13T05:46:06.917+0000] {dagbag.py:588} INFO - Filling up the DagBag from /opt/airflow/dags/layers_update.py
[2026-04-13T05:46:06.936+0000] {processor.py:925} INFO - DAG(s) 'layers_update' retrieved from /opt/airflow/dags/layers_update.py
[2026-04-13T05:46:06.959+0000] {logging_mixin.py:190} INFO - [2026-04-13T05:46:06.958+0000] {dag.py:3239} INFO - Sync 1 DAGs
[2026-04-13T05:46:06.975+0000] {logging_mixin.py:190} INFO - [2026-04-13T05:46:06.974+0000] {dag.py:4180} INFO - Setting next_dagrun for layers_update to None, run_after=None
[2026-04-13T05:46:06.999+0000] {processor.py:208} INFO - Processing /opt/airflow/dags/layers_update.py took 0.099 seconds
[2026-04-13T05:46:37.627+0000] {processor.py:186} INFO - Started process (PID=39) to work on /opt/airflow/dags/layers_update.py
[2026-04-13T05:46:37.629+0000] {processor.py:914} INFO - Processing file /opt/airflow/dags/layers_update.py for tasks to queue
[2026-04-13T05:46:37.636+0000] {logging_mixin.py:190} INFO - [2026-04-13T05:46:37.636+0000] {dagbag.py:588} INFO - Filling up the DagBag from /opt/airflow/dags/layers_update.py
[2026-04-13T05:46:37.656+0000] {processor.py:925} INFO - DAG(s) 'layers_update' retrieved from /opt/airflow/dags/layers_update.py
[2026-04-13T05:46:37.684+0000] {logging_mixin.py:190} INFO - [2026-04-13T05:46:37.684+0000] {dag.py:3239} INFO - Sync 1 DAGs
[2026-04-13T05:46:37.703+0000] {logging_mixin.py:190} INFO - [2026-04-13T05:46:37.702+0000] {dag.py:4180} INFO - Setting next_dagrun for layers_update to None, run_after=None
[2026-04-13T05:46:37.726+0000] {processor.py:208} INFO - Processing /opt/airflow/dags/layers_update.py took 0.107 seconds
[2026-04-13T05:47:08.259+0000] {processor.py:186} INFO - Started process (PID=42) to work on /opt/airflow/dags/layers_update.py
[2026-04-13T05:47:08.261+0000] {processor.py:914} INFO - Processing file /opt/airflow/dags/layers_update.py for tasks to queue
[2026-04-13T05:47:08.265+0000] {logging_mixin.py:190} INFO - [2026-04-13T05:47:08.264+0000] {dagbag.py:588} INFO - Filling up the DagBag from /opt/airflow/dags/layers_update.py
[2026-04-13T05:47:08.283+0000] {processor.py:925} INFO - DAG(s) 'layers_update' retrieved from /opt/airflow/dags/layers_update.py
[2026-04-13T05:47:08.307+0000] {logging_mixin.py:190} INFO - [2026-04-13T05:47:08.307+0000] {dag.py:3239} INFO - Sync 1 DAGs
[2026-04-13T05:47:08.324+0000] {logging_mixin.py:190} INFO - [2026-04-13T05:47:08.324+0000] {dag.py:4180} INFO - Setting next_dagrun for layers_update to None, run_after=None
[2026-04-13T05:47:08.346+0000] {processor.py:208} INFO - Processing /opt/airflow/dags/layers_update.py took 0.096 seconds
[2026-04-13T05:47:38.968+0000] {processor.py:186} INFO - Started process (PID=45) to work on /opt/airflow/dags/layers_update.py
[2026-04-13T05:47:38.970+0000] {processor.py:914} INFO - Processing file /opt/airflow/dags/layers_update.py for tasks to queue
[2026-04-13T05:47:38.973+0000] {logging_mixin.py:190} INFO - [2026-04-13T05:47:38.972+0000] {dagbag.py:588} INFO - Filling up the DagBag from /opt/airflow/dags/layers_update.py
[2026-04-13T05:47:38.990+0000] {processor.py:925} INFO - DAG(s) 'layers_update' retrieved from /opt/airflow/dags/layers_update.py
[2026-04-13T05:47:39.014+0000] {logging_mixin.py:190} INFO - [2026-04-13T05:47:39.014+0000] {dag.py:3239} INFO - Sync 1 DAGs
[2026-04-13T05:47:39.031+0000] {logging_mixin.py:190} INFO - [2026-04-13T05:47:39.031+0000] {dag.py:4180} INFO - Setting next_dagrun for layers_update to None, run_after=None
[2026-04-13T05:47:39.055+0000] {processor.py:208} INFO - Processing /opt/airflow/dags/layers_update.py took 0.096 seconds
[2026-04-13T05:48:09.588+0000] {processor.py:186} INFO - Started process (PID=48) to work on /opt/airflow/dags/layers_update.py
[2026-04-13T05:48:09.590+0000] {processor.py:914} INFO - Processing file /opt/airflow/dags/layers_update.py for tasks to queue
[2026-04-13T05:48:09.593+0000] {logging_mixin.py:190} INFO - [2026-04-13T05:48:09.592+0000] {dagbag.py:588} INFO - Filling up the DagBag from /opt/airflow/dags/layers_update.py
[2026-04-13T05:48:09.614+0000] {processor.py:925} INFO - DAG(s) 'layers_update' retrieved from /opt/airflow/dags/layers_update.py
[2026-04-13T05:48:09.639+0000] {logging_mixin.py:190} INFO - [2026-04-13T05:48:09.639+0000] {dag.py:3239} INFO - Sync 1 DAGs
[2026-04-13T05:48:09.657+0000] {logging_mixin.py:190} INFO - [2026-04-13T05:48:09.657+0000] {dag.py:4180} INFO - Setting next_dagrun for layers_update to None, run_after=None
[2026-04-13T05:48:09.680+0000] {processor.py:208} INFO - Processing /opt/airflow/dags/layers_update.py took 0.101 seconds
[2026-04-13T05:48:40.275+0000] {processor.py:186} INFO - Started process (PID=51) to work on /opt/airflow/dags/layers_update.py
[2026-04-13T05:48:40.277+0000] {processor.py:914} INFO - Processing file /opt/airflow/dags/layers_update.py for tasks to queue
[2026-04-13T05:48:40.290+0000] {logging_mixin.py:190} INFO - [2026-04-13T05:48:40.289+0000] {dagbag.py:588} INFO - Filling up the DagBag from /opt/airflow/dags/layers_update.py
[2026-04-13T05:48:40.321+0000] {processor.py:925} INFO - DAG(s) 'layers_update' retrieved from /opt/airflow/dags/layers_update.py
[2026-04-13T05:48:40.381+0000] {logging_mixin.py:190} INFO - [2026-04-13T05:48:40.381+0000] {dag.py:3239} INFO - Sync 1 DAGs
[2026-04-13T05:48:40.412+0000] {logging_mixin.py:190} INFO - [2026-04-13T05:48:40.412+0000] {dag.py:4180} INFO - Setting next_dagrun for layers_update to None, run_after=None
[2026-04-13T05:48:40.448+0000] {processor.py:208} INFO - Processing /opt/airflow/dags/layers_update.py took 0.189 seconds
[2026-04-13T05:49:10.837+0000] {processor.py:186} INFO - Started process (PID=54) to work on /opt/airflow/dags/layers_update.py
[2026-04-13T05:49:10.839+0000] {processor.py:914} INFO - Processing file /opt/airflow/dags/layers_update.py for tasks to queue
[2026-04-13T05:49:10.842+0000] {logging_mixin.py:190} INFO - [2026-04-13T05:49:10.842+0000] {dagbag.py:588} INFO - Filling up the DagBag from /opt/airflow/dags/layers_update.py
[2026-04-13T05:49:10.868+0000] {processor.py:925} INFO - DAG(s) 'layers_update' retrieved from /opt/airflow/dags/layers_update.py
[2026-04-13T05:49:10.898+0000] {logging_mixin.py:190} INFO - [2026-04-13T05:49:10.898+0000] {dag.py:3239} INFO - Sync 1 DAGs
[2026-04-13T05:49:10.922+0000] {logging_mixin.py:190} INFO - [2026-04-13T05:49:10.921+0000] {dag.py:4180} INFO - Setting next_dagrun for layers_update to None, run_after=None
[2026-04-13T05:49:10.949+0000] {processor.py:208} INFO - Processing /opt/airflow/dags/layers_update.py took 0.124 seconds
[2026-04-13T05:49:41.520+0000] {processor.py:186} INFO - Started process (PID=57) to work on /opt/airflow/dags/layers_update.py
[2026-04-13T05:49:41.522+0000] {processor.py:914} INFO - Processing file /opt/airflow/dags/layers_update.py for tasks to queue
[2026-04-13T05:49:41.525+0000] {logging_mixin.py:190} INFO - [2026-04-13T05:49:41.524+0000] {dagbag.py:588} INFO - Filling up the DagBag from /opt/airflow/dags/layers_update.py
[2026-04-13T05:49:41.543+0000] {processor.py:925} INFO - DAG(s) 'layers_update' retrieved from /opt/airflow/dags/layers_update.py
[2026-04-13T05:49:41.568+0000] {logging_mixin.py:190} INFO - [2026-04-13T05:49:41.567+0000] {dag.py:3239} INFO - Sync 1 DAGs
[2026-04-13T05:49:41.584+0000] {logging_mixin.py:190} INFO - [2026-04-13T05:49:41.584+0000] {dag.py:4180} INFO - Setting next_dagrun for layers_update to None, run_after=None
[2026-04-13T05:49:41.606+0000] {processor.py:208} INFO - Processing /opt/airflow/dags/layers_update.py took 0.094 seconds
[2026-04-13T05:50:12.107+0000] {processor.py:186} INFO - Started process (PID=60) to work on /opt/airflow/dags/layers_update.py
[2026-04-13T05:50:12.118+0000] {processor.py:914} INFO - Processing file /opt/airflow/dags/layers_update.py for tasks to queue
[2026-04-13T05:50:12.123+0000] {logging_mixin.py:190} INFO - [2026-04-13T05:50:12.122+0000] {dagbag.py:588} INFO - Filling up the DagBag from /opt/airflow/dags/layers_update.py
[2026-04-13T05:50:12.148+0000] {processor.py:925} INFO - DAG(s) 'layers_update' retrieved from /opt/airflow/dags/layers_update.py
[2026-04-13T05:50:12.175+0000] {logging_mixin.py:190} INFO - [2026-04-13T05:50:12.174+0000] {dag.py:3239} INFO - Sync 1 DAGs
[2026-04-13T05:50:12.201+0000] {logging_mixin.py:190} INFO - [2026-04-13T05:50:12.200+0000] {dag.py:4180} INFO - Setting next_dagrun for layers_update to None, run_after=None
[2026-04-13T05:50:12.245+0000] {processor.py:208} INFO - Processing /opt/airflow/dags/layers_update.py took 0.148 seconds
[2026-04-13T05:50:42.749+0000] {processor.py:186} INFO - Started process (PID=63) to work on /opt/airflow/dags/layers_update.py
[2026-04-13T05:50:42.750+0000] {processor.py:914} INFO - Processing file /opt/airflow/dags/layers_update.py for tasks to queue
[2026-04-13T05:50:42.754+0000] {logging_mixin.py:190} INFO - [2026-04-13T05:50:42.753+0000] {dagbag.py:588} INFO - Filling up the DagBag from /opt/airflow/dags/layers_update.py
[2026-04-13T05:50:42.778+0000] {processor.py:925} INFO - DAG(s) 'layers_update' retrieved from /opt/airflow/dags/layers_update.py
[2026-04-13T05:50:42.812+0000] {logging_mixin.py:190} INFO - [2026-04-13T05:50:42.811+0000] {dag.py:3239} INFO - Sync 1 DAGs
[2026-04-13T05:50:42.834+0000] {logging_mixin.py:190} INFO - [2026-04-13T05:50:42.834+0000] {dag.py:4180} INFO - Setting next_dagrun for layers_update to None, run_after=None
[2026-04-13T05:50:42.902+0000] {processor.py:208} INFO - Processing /opt/airflow/dags/layers_update.py took 0.163 seconds
[2026-04-13T05:51:13.315+0000] {processor.py:186} INFO - Started process (PID=66) to work on /opt/airflow/dags/layers_update.py
[2026-04-13T05:51:13.316+0000] {processor.py:914} INFO - Processing file /opt/airflow/dags/layers_update.py for tasks to queue
[2026-04-13T05:51:13.319+0000] {logging_mixin.py:190} INFO - [2026-04-13T05:51:13.319+0000] {dagbag.py:588} INFO - Filling up the DagBag from /opt/airflow/dags/layers_update.py
[2026-04-13T05:51:13.342+0000] {processor.py:925} INFO - DAG(s) 'layers_update' retrieved from /opt/airflow/dags/layers_update.py
[2026-04-13T05:51:13.378+0000] {logging_mixin.py:190} INFO - [2026-04-13T05:51:13.378+0000] {dag.py:3239} INFO - Sync 1 DAGs
[2026-04-13T05:51:13.402+0000] {logging_mixin.py:190} INFO - [2026-04-13T05:51:13.401+0000] {dag.py:4180} INFO - Setting next_dagrun for layers_update to None, run_after=None
[2026-04-13T05:51:13.439+0000] {processor.py:208} INFO - Processing /opt/airflow/dags/layers_update.py took 0.136 seconds
[2026-04-13T05:51:43.979+0000] {processor.py:186} INFO - Started process (PID=69) to work on /opt/airflow/dags/layers_update.py
[2026-04-13T05:51:43.980+0000] {processor.py:914} INFO - Processing file /opt/airflow/dags/layers_update.py for tasks to queue
[2026-04-13T05:51:43.987+0000] {logging_mixin.py:190} INFO - [2026-04-13T05:51:43.987+0000] {dagbag.py:588} INFO - Filling up the DagBag from /opt/airflow/dags/layers_update.py
[2026-04-13T05:51:44.008+0000] {processor.py:925} INFO - DAG(s) 'layers_update' retrieved from /opt/airflow/dags/layers_update.py
[2026-04-13T05:51:44.041+0000] {logging_mixin.py:190} INFO - [2026-04-13T05:51:44.040+0000] {dag.py:3239} INFO - Sync 1 DAGs
[2026-04-13T05:51:44.064+0000] {logging_mixin.py:190} INFO - [2026-04-13T05:51:44.064+0000] {dag.py:4180} INFO - Setting next_dagrun for layers_update to None, run_after=None
[2026-04-13T05:51:44.096+0000] {processor.py:208} INFO - Processing /opt/airflow/dags/layers_update.py took 0.126 seconds
[2026-04-13T05:52:14.643+0000] {processor.py:186} INFO - Started process (PID=72) to work on /opt/airflow/dags/layers_update.py
[2026-04-13T05:52:14.645+0000] {processor.py:914} INFO - Processing file /opt/airflow/dags/layers_update.py for tasks to queue
[2026-04-13T05:52:14.647+0000] {logging_mixin.py:190} INFO - [2026-04-13T05:52:14.647+0000] {dagbag.py:588} INFO - Filling up the DagBag from /opt/airflow/dags/layers_update.py
[2026-04-13T05:52:14.667+0000] {processor.py:925} INFO - DAG(s) 'layers_update' retrieved from /opt/airflow/dags/layers_update.py
[2026-04-13T05:52:14.694+0000] {logging_mixin.py:190} INFO - [2026-04-13T05:52:14.693+0000] {dag.py:3239} INFO - Sync 1 DAGs
[2026-04-13T05:52:14.711+0000] {logging_mixin.py:190} INFO - [2026-04-13T05:52:14.710+0000] {dag.py:4180} INFO - Setting next_dagrun for layers_update to None, run_after=None
[2026-04-13T05:52:14.735+0000] {processor.py:208} INFO - Processing /opt/airflow/dags/layers_update.py took 0.100 seconds
[2026-04-13T05:52:45.237+0000] {processor.py:186} INFO - Started process (PID=75) to work on /opt/airflow/dags/layers_update.py
[2026-04-13T05:52:45.239+0000] {processor.py:914} INFO - Processing file /opt/airflow/dags/layers_update.py for tasks to queue
[2026-04-13T05:52:45.242+0000] {logging_mixin.py:190} INFO - [2026-04-13T05:52:45.241+0000] {dagbag.py:588} INFO - Filling up the DagBag from /opt/airflow/dags/layers_update.py
[2026-04-13T05:52:45.259+0000] {processor.py:925} INFO - DAG(s) 'layers_update' retrieved from /opt/airflow/dags/layers_update.py
[2026-04-13T05:52:45.283+0000] {logging_mixin.py:190} INFO - [2026-04-13T05:52:45.283+0000] {dag.py:3239} INFO - Sync 1 DAGs
[2026-04-13T05:52:45.302+0000] {logging_mixin.py:190} INFO - [2026-04-13T05:52:45.302+0000] {dag.py:4180} INFO - Setting next_dagrun for layers_update to None, run_after=None
[2026-04-13T05:52:45.327+0000] {processor.py:208} INFO - Processing /opt/airflow/dags/layers_update.py took 0.097 seconds
[2026-04-13T05:53:15.841+0000] {processor.py:186} INFO - Started process (PID=78) to work on /opt/airflow/dags/layers_update.py
[2026-04-13T05:53:15.842+0000] {processor.py:914} INFO - Processing file /opt/airflow/dags/layers_update.py for tasks to queue
[2026-04-13T05:53:15.846+0000] {logging_mixin.py:190} INFO - [2026-04-13T05:53:15.845+0000] {dagbag.py:588} INFO - Filling up the DagBag from /opt/airflow/dags/layers_update.py
[2026-04-13T05:53:15.865+0000] {processor.py:925} INFO - DAG(s) 'layers_update' retrieved from /opt/airflow/dags/layers_update.py
[2026-04-13T05:53:15.889+0000] {logging_mixin.py:190} INFO - [2026-04-13T05:53:15.889+0000] {dag.py:3239} INFO - Sync 1 DAGs
[2026-04-13T05:53:15.906+0000] {logging_mixin.py:190} INFO - [2026-04-13T05:53:15.906+0000] {dag.py:4180} INFO - Setting next_dagrun for layers_update to None, run_after=None
[2026-04-13T05:53:15.931+0000] {processor.py:208} INFO - Processing /opt/airflow/dags/layers_update.py took 0.099 seconds
[2026-04-13T05:53:46.607+0000] {processor.py:186} INFO - Started process (PID=81) to work on /opt/airflow/dags/layers_update.py
[2026-04-13T05:53:46.609+0000] {processor.py:914} INFO - Processing file /opt/airflow/dags/layers_update.py for tasks to queue
[2026-04-13T05:53:46.615+0000] {logging_mixin.py:190} INFO - [2026-04-13T05:53:46.615+0000] {dagbag.py:588} INFO - Filling up the DagBag from /opt/airflow/dags/layers_update.py
[2026-04-13T05:53:46.702+0000] {processor.py:925} INFO - DAG(s) 'layers_update' retrieved from /opt/airflow/dags/layers_update.py
[2026-04-13T05:53:46.750+0000] {logging_mixin.py:190} INFO - [2026-04-13T05:53:46.749+0000] {dag.py:3239} INFO - Sync 1 DAGs
[2026-04-13T05:53:46.781+0000] {logging_mixin.py:190} INFO - [2026-04-13T05:53:46.781+0000] {dag.py:4180} INFO - Setting next_dagrun for layers_update to None, run_after=None
[2026-04-13T05:53:46.833+0000] {processor.py:208} INFO - Processing /opt/airflow/dags/layers_update.py took 0.238 seconds
[2026-04-13T05:54:17.666+0000] {processor.py:186} INFO - Started process (PID=84) to work on /opt/airflow/dags/layers_update.py
[2026-04-13T05:54:17.668+0000] {processor.py:914} INFO - Processing file /opt/airflow/dags/layers_update.py for tasks to queue
[2026-04-13T05:54:17.677+0000] {logging_mixin.py:190} INFO - [2026-04-13T05:54:17.676+0000] {dagbag.py:588} INFO - Filling up the DagBag from /opt/airflow/dags/layers_update.py
[2026-04-13T05:54:17.699+0000] {processor.py:925} INFO - DAG(s) 'layers_update' retrieved from /opt/airflow/dags/layers_update.py
[2026-04-13T05:54:17.735+0000] {logging_mixin.py:190} INFO - [2026-04-13T05:54:17.735+0000] {dag.py:3239} INFO - Sync 1 DAGs
[2026-04-13T05:54:17.761+0000] {logging_mixin.py:190} INFO - [2026-04-13T05:54:17.760+0000] {dag.py:4180} INFO - Setting next_dagrun for layers_update to None, run_after=None
[2026-04-13T05:54:17.792+0000] {processor.py:208} INFO - Processing /opt/airflow/dags/layers_update.py took 0.135 seconds
[2026-04-13T05:54:48.292+0000] {processor.py:186} INFO - Started process (PID=87) to work on /opt/airflow/dags/layers_update.py
[2026-04-13T05:54:48.293+0000] {processor.py:914} INFO - Processing file /opt/airflow/dags/layers_update.py for tasks to queue
[2026-04-13T05:54:48.296+0000] {logging_mixin.py:190} INFO - [2026-04-13T05:54:48.296+0000] {dagbag.py:588} INFO - Filling up the DagBag from /opt/airflow/dags/layers_update.py
[2026-04-13T05:54:48.315+0000] {processor.py:925} INFO - DAG(s) 'layers_update' retrieved from /opt/airflow/dags/layers_update.py
[2026-04-13T05:54:48.342+0000] {logging_mixin.py:190} INFO - [2026-04-13T05:54:48.342+0000] {dag.py:3239} INFO - Sync 1 DAGs
[2026-04-13T05:54:48.362+0000] {logging_mixin.py:190} INFO - [2026-04-13T05:54:48.362+0000] {dag.py:4180} INFO - Setting next_dagrun for layers_update to None, run_after=None
[2026-04-13T05:54:48.391+0000] {processor.py:208} INFO - Processing /opt/airflow/dags/layers_update.py took 0.113 seconds
[2026-04-13T05:55:18.956+0000] {processor.py:186} INFO - Started process (PID=90) to work on /opt/airflow/dags/layers_update.py
[2026-04-13T05:55:18.958+0000] {processor.py:914} INFO - Processing file /opt/airflow/dags/layers_update.py for tasks to queue
[2026-04-13T05:55:18.961+0000] {logging_mixin.py:190} INFO - [2026-04-13T05:55:18.961+0000] {dagbag.py:588} INFO - Filling up the DagBag from /opt/airflow/dags/layers_update.py
[2026-04-13T05:55:18.979+0000] {processor.py:925} INFO - DAG(s) 'layers_update' retrieved from /opt/airflow/dags/layers_update.py
[2026-04-13T05:55:19.005+0000] {logging_mixin.py:190} INFO - [2026-04-13T05:55:19.005+0000] {dag.py:3239} INFO - Sync 1 DAGs
[2026-04-13T05:55:19.022+0000] {logging_mixin.py:190} INFO - [2026-04-13T05:55:19.022+0000] {dag.py:4180} INFO - Setting next_dagrun for layers_update to None, run_after=None
[2026-04-13T05:55:19.046+0000] {processor.py:208} INFO - Processing /opt/airflow/dags/layers_update.py took 0.102 seconds
[2026-04-13T05:55:49.516+0000] {processor.py:186} INFO - Started process (PID=93) to work on /opt/airflow/dags/layers_update.py
[2026-04-13T05:55:49.517+0000] {processor.py:914} INFO - Processing file /opt/airflow/dags/layers_update.py for tasks to queue
[2026-04-13T05:55:49.522+0000] {logging_mixin.py:190} INFO - [2026-04-13T05:55:49.521+0000] {dagbag.py:588} INFO - Filling up the DagBag from /opt/airflow/dags/layers_update.py
[2026-04-13T05:55:49.545+0000] {processor.py:925} INFO - DAG(s) 'layers_update' retrieved from /opt/airflow/dags/layers_update.py
[2026-04-13T05:55:49.574+0000] {logging_mixin.py:190} INFO - [2026-04-13T05:55:49.574+0000] {dag.py:3239} INFO - Sync 1 DAGs
[2026-04-13T05:55:49.590+0000] {logging_mixin.py:190} INFO - [2026-04-13T05:55:49.590+0000] {dag.py:4180} INFO - Setting next_dagrun for layers_update to None, run_after=None
[2026-04-13T05:55:49.614+0000] {processor.py:208} INFO - Processing /opt/airflow/dags/layers_update.py took 0.108 seconds
[2026-04-13T05:56:20.117+0000] {processor.py:186} INFO - Started process (PID=96) to work on /opt/airflow/dags/layers_update.py
[2026-04-13T05:56:20.118+0000] {processor.py:914} INFO - Processing file /opt/airflow/dags/layers_update.py for tasks to queue
[2026-04-13T05:56:20.121+0000] {logging_mixin.py:190} INFO - [2026-04-13T05:56:20.121+0000] {dagbag.py:588} INFO - Filling up the DagBag from /opt/airflow/dags/layers_update.py
[2026-04-13T05:56:20.141+0000] {processor.py:925} INFO - DAG(s) 'layers_update' retrieved from /opt/airflow/dags/layers_update.py
[2026-04-13T05:56:20.164+0000] {logging_mixin.py:190} INFO - [2026-04-13T05:56:20.164+0000] {dag.py:3239} INFO - Sync 1 DAGs
[2026-04-13T05:56:20.181+0000] {logging_mixin.py:190} INFO - [2026-04-13T05:56:20.180+0000] {dag.py:4180} INFO - Setting next_dagrun for layers_update to None, run_after=None
[2026-04-13T05:56:20.204+0000] {processor.py:208} INFO - Processing /opt/airflow/dags/layers_update.py took 0.096 seconds
[2026-04-13T05:56:50.742+0000] {processor.py:186} INFO - Started process (PID=99) to work on /opt/airflow/dags/layers_update.py
[2026-04-13T05:56:50.744+0000] {processor.py:914} INFO - Processing file /opt/airflow/dags/layers_update.py for tasks to queue
[2026-04-13T05:56:50.749+0000] {logging_mixin.py:190} INFO - [2026-04-13T05:56:50.749+0000] {dagbag.py:588} INFO - Filling up the DagBag from /opt/airflow/dags/layers_update.py
[2026-04-13T05:56:50.785+0000] {processor.py:925} INFO - DAG(s) 'layers_update' retrieved from /opt/airflow/dags/layers_update.py
[2026-04-13T05:56:50.813+0000] {logging_mixin.py:190} INFO - [2026-04-13T05:56:50.812+0000] {dag.py:3239} INFO - Sync 1 DAGs
[2026-04-13T05:56:50.833+0000] {logging_mixin.py:190} INFO - [2026-04-13T05:56:50.833+0000] {dag.py:4180} INFO - Setting next_dagrun for layers_update to None, run_after=None
[2026-04-13T05:56:50.861+0000] {processor.py:208} INFO - Processing /opt/airflow/dags/layers_update.py took 0.127 seconds
[2026-04-13T05:56:54.990+0000] {processor.py:186} INFO - Started process (PID=100) to work on /opt/airflow/dags/layers_update.py
[2026-04-13T05:56:54.995+0000] {processor.py:914} INFO - Processing file /opt/airflow/dags/layers_update.py for tasks to queue
[2026-04-13T05:56:55.002+0000] {logging_mixin.py:190} INFO - [2026-04-13T05:56:55.002+0000] {dagbag.py:588} INFO - Filling up the DagBag from /opt/airflow/dags/layers_update.py
[2026-04-13T05:56:55.046+0000] {processor.py:925} INFO - DAG(s) 'layers_update' retrieved from /opt/airflow/dags/layers_update.py
[2026-04-13T05:56:55.079+0000] {logging_mixin.py:190} INFO - [2026-04-13T05:56:55.079+0000] {dag.py:3239} INFO - Sync 1 DAGs
[2026-04-13T05:56:55.109+0000] {logging_mixin.py:190} INFO - [2026-04-13T05:56:55.104+0000] {dag.py:4180} INFO - Setting next_dagrun for layers_update to None, run_after=None
[2026-04-13T05:56:55.137+0000] {processor.py:208} INFO - Processing /opt/airflow/dags/layers_update.py took 0.167 seconds
[2026-04-13T05:57:25.566+0000] {processor.py:186} INFO - Started process (PID=103) to work on /opt/airflow/dags/layers_update.py
[2026-04-13T05:57:25.568+0000] {processor.py:914} INFO - Processing file /opt/airflow/dags/layers_update.py for tasks to queue
[2026-04-13T05:57:25.571+0000] {logging_mixin.py:190} INFO - [2026-04-13T05:57:25.571+0000] {dagbag.py:588} INFO - Filling up the DagBag from /opt/airflow/dags/layers_update.py
[2026-04-13T05:57:25.593+0000] {processor.py:925} INFO - DAG(s) 'layers_update' retrieved from /opt/airflow/dags/layers_update.py
[2026-04-13T05:57:25.622+0000] {logging_mixin.py:190} INFO - [2026-04-13T05:57:25.622+0000] {dag.py:3239} INFO - Sync 1 DAGs
[2026-04-13T05:57:25.646+0000] {logging_mixin.py:190} INFO - [2026-04-13T05:57:25.646+0000] {dag.py:4180} INFO - Setting next_dagrun for layers_update to None, run_after=None
[2026-04-13T05:57:25.673+0000] {processor.py:208} INFO - Processing /opt/airflow/dags/layers_update.py took 0.117 seconds
[2026-04-13T05:57:56.166+0000] {processor.py:186} INFO - Started process (PID=106) to work on /opt/airflow/dags/layers_update.py
[2026-04-13T05:57:56.167+0000] {processor.py:914} INFO - Processing file /opt/airflow/dags/layers_update.py for tasks to queue
[2026-04-13T05:57:56.171+0000] {logging_mixin.py:190} INFO - [2026-04-13T05:57:56.171+0000] {dagbag.py:588} INFO - Filling up the DagBag from /opt/airflow/dags/layers_update.py
[2026-04-13T05:57:56.198+0000] {processor.py:925} INFO - DAG(s) 'layers_update' retrieved from /opt/airflow/dags/layers_update.py
[2026-04-13T05:57:56.232+0000] {logging_mixin.py:190} INFO - [2026-04-13T05:57:56.232+0000] {dag.py:3239} INFO - Sync 1 DAGs
[2026-04-13T05:57:56.257+0000] {logging_mixin.py:190} INFO - [2026-04-13T05:57:56.256+0000] {dag.py:4180} INFO - Setting next_dagrun for layers_update to None, run_after=None
[2026-04-13T05:57:56.288+0000] {processor.py:208} INFO - Processing /opt/airflow/dags/layers_update.py took 0.133 seconds
[2026-04-13T05:58:26.828+0000] {processor.py:186} INFO - Started process (PID=109) to work on /opt/airflow/dags/layers_update.py
[2026-04-13T05:58:26.839+0000] {processor.py:914} INFO - Processing file /opt/airflow/dags/layers_update.py for tasks to queue
[2026-04-13T05:58:26.847+0000] {logging_mixin.py:190} INFO - [2026-04-13T05:58:26.846+0000] {dagbag.py:588} INFO - Filling up the DagBag from /opt/airflow/dags/layers_update.py
[2026-04-13T05:58:26.895+0000] {processor.py:925} INFO - DAG(s) 'layers_update' retrieved from /opt/airflow/dags/layers_update.py
[2026-04-13T05:58:26.923+0000] {logging_mixin.py:190} INFO - [2026-04-13T05:58:26.922+0000] {dag.py:3239} INFO - Sync 1 DAGs
[2026-04-13T05:58:26.947+0000] {logging_mixin.py:190} INFO - [2026-04-13T05:58:26.947+0000] {dag.py:4180} INFO - Setting next_dagrun for layers_update to None, run_after=None
[2026-04-13T05:58:26.982+0000] {processor.py:208} INFO - Processing /opt/airflow/dags/layers_update.py took 0.180 seconds
[2026-04-13T05:58:57.442+0000] {processor.py:186} INFO - Started process (PID=112) to work on /opt/airflow/dags/layers_update.py
[2026-04-13T05:58:57.444+0000] {processor.py:914} INFO - Processing file /opt/airflow/dags/layers_update.py for tasks to queue
[2026-04-13T05:58:57.448+0000] {logging_mixin.py:190} INFO - [2026-04-13T05:58:57.447+0000] {dagbag.py:588} INFO - Filling up the DagBag from /opt/airflow/dags/layers_update.py
[2026-04-13T05:58:57.473+0000] {processor.py:925} INFO - DAG(s) 'layers_update' retrieved from /opt/airflow/dags/layers_update.py
[2026-04-13T05:58:57.502+0000] {logging_mixin.py:190} INFO - [2026-04-13T05:58:57.502+0000] {dag.py:3239} INFO - Sync 1 DAGs
[2026-04-13T05:58:57.521+0000] {logging_mixin.py:190} INFO - [2026-04-13T05:58:57.521+0000] {dag.py:4180} INFO - Setting next_dagrun for layers_update to None, run_after=None
[2026-04-13T05:58:57.548+0000] {processor.py:208} INFO - Processing /opt/airflow/dags/layers_update.py took 0.114 seconds
[2026-04-13T05:59:28.005+0000] {processor.py:186} INFO - Started process (PID=115) to work on /opt/airflow/dags/layers_update.py
[2026-04-13T05:59:28.006+0000] {processor.py:914} INFO - Processing file /opt/airflow/dags/layers_update.py for tasks to queue
[2026-04-13T05:59:28.010+0000] {logging_mixin.py:190} INFO - [2026-04-13T05:59:28.009+0000] {dagbag.py:588} INFO - Filling up the DagBag from /opt/airflow/dags/layers_update.py
[2026-04-13T05:59:28.030+0000] {processor.py:925} INFO - DAG(s) 'layers_update' retrieved from /opt/airflow/dags/layers_update.py
[2026-04-13T05:59:28.070+0000] {logging_mixin.py:190} INFO - [2026-04-13T05:59:28.070+0000] {dag.py:3239} INFO - Sync 1 DAGs
[2026-04-13T05:59:28.090+0000] {logging_mixin.py:190} INFO - [2026-04-13T05:59:28.090+0000] {dag.py:4180} INFO - Setting next_dagrun for layers_update to None, run_after=None
[2026-04-13T05:59:28.118+0000] {processor.py:208} INFO - Processing /opt/airflow/dags/layers_update.py took 0.121 seconds
[2026-04-13T05:59:58.576+0000] {processor.py:186} INFO - Started process (PID=118) to work on /opt/airflow/dags/layers_update.py
[2026-04-13T05:59:58.578+0000] {processor.py:914} INFO - Processing file /opt/airflow/dags/layers_update.py for tasks to queue
[2026-04-13T05:59:58.583+0000] {logging_mixin.py:190} INFO - [2026-04-13T05:59:58.582+0000] {dagbag.py:588} INFO - Filling up the DagBag from /opt/airflow/dags/layers_update.py
[2026-04-13T05:59:58.609+0000] {processor.py:925} INFO - DAG(s) 'layers_update' retrieved from /opt/airflow/dags/layers_update.py
[2026-04-13T05:59:58.635+0000] {logging_mixin.py:190} INFO - [2026-04-13T05:59:58.634+0000] {dag.py:3239} INFO - Sync 1 DAGs
[2026-04-13T05:59:58.653+0000] {logging_mixin.py:190} INFO - [2026-04-13T05:59:58.653+0000] {dag.py:4180} INFO - Setting next_dagrun for layers_update to None, run_after=None
[2026-04-13T05:59:58.681+0000] {processor.py:208} INFO - Processing /opt/airflow/dags/layers_update.py took 0.114 seconds
[2026-04-13T06:00:29.301+0000] {processor.py:186} INFO - Started process (PID=121) to work on /opt/airflow/dags/layers_update.py
[2026-04-13T06:00:29.302+0000] {processor.py:914} INFO - Processing file /opt/airflow/dags/layers_update.py for tasks to queue
[2026-04-13T06:00:29.306+0000] {logging_mixin.py:190} INFO - [2026-04-13T06:00:29.306+0000] {dagbag.py:588} INFO - Filling up the DagBag from /opt/airflow/dags/layers_update.py
[2026-04-13T06:00:29.327+0000] {processor.py:925} INFO - DAG(s) 'layers_update' retrieved from /opt/airflow/dags/layers_update.py
[2026-04-13T06:00:29.354+0000] {logging_mixin.py:190} INFO - [2026-04-13T06:00:29.354+0000] {dag.py:3239} INFO - Sync 1 DAGs
[2026-04-13T06:00:29.372+0000] {logging_mixin.py:190} INFO - [2026-04-13T06:00:29.372+0000] {dag.py:4180} INFO - Setting next_dagrun for layers_update to None, run_after=None
[2026-04-13T06:00:29.403+0000] {processor.py:208} INFO - Processing /opt/airflow/dags/layers_update.py took 0.110 seconds
[2026-04-13T06:00:59.898+0000] {processor.py:186} INFO - Started process (PID=124) to work on /opt/airflow/dags/layers_update.py
[2026-04-13T06:00:59.901+0000] {processor.py:914} INFO - Processing file /opt/airflow/dags/layers_update.py for tasks to queue
[2026-04-13T06:00:59.904+0000] {logging_mixin.py:190} INFO - [2026-04-13T06:00:59.904+0000] {dagbag.py:588} INFO - Filling up the DagBag from /opt/airflow/dags/layers_update.py
[2026-04-13T06:00:59.924+0000] {processor.py:925} INFO - DAG(s) 'layers_update' retrieved from /opt/airflow/dags/layers_update.py
[2026-04-13T06:00:59.951+0000] {logging_mixin.py:190} INFO - [2026-04-13T06:00:59.951+0000] {dag.py:3239} INFO - Sync 1 DAGs
[2026-04-13T06:00:59.970+0000] {logging_mixin.py:190} INFO - [2026-04-13T06:00:59.970+0000] {dag.py:4180} INFO - Setting next_dagrun for layers_update to None, run_after=None
[2026-04-13T06:00:59.995+0000] {processor.py:208} INFO - Processing /opt/airflow/dags/layers_update.py took 0.107 seconds
[2026-04-13T06:01:30.564+0000] {processor.py:186} INFO - Started process (PID=127) to work on /opt/airflow/dags/layers_update.py
[2026-04-13T06:01:30.566+0000] {processor.py:914} INFO - Processing file /opt/airflow/dags/layers_update.py for tasks to queue
[2026-04-13T06:01:30.570+0000] {logging_mixin.py:190} INFO - [2026-04-13T06:01:30.570+0000] {dagbag.py:588} INFO - Filling up the DagBag from /opt/airflow/dags/layers_update.py
[2026-04-13T06:01:30.592+0000] {processor.py:925} INFO - DAG(s) 'layers_update' retrieved from /opt/airflow/dags/layers_update.py
[2026-04-13T06:01:30.619+0000] {logging_mixin.py:190} INFO - [2026-04-13T06:01:30.619+0000] {dag.py:3239} INFO - Sync 1 DAGs
[2026-04-13T06:01:30.640+0000] {logging_mixin.py:190} INFO - [2026-04-13T06:01:30.640+0000] {dag.py:4180} INFO - Setting next_dagrun for layers_update to None, run_after=None
[2026-04-13T06:01:30.666+0000] {processor.py:208} INFO - Processing /opt/airflow/dags/layers_update.py took 0.109 seconds
[2026-04-13T06:02:01.148+0000] {processor.py:186} INFO - Started process (PID=130) to work on /opt/airflow/dags/layers_update.py
[2026-04-13T06:02:01.149+0000] {processor.py:914} INFO - Processing file /opt/airflow/dags/layers_update.py for tasks to queue
[2026-04-13T06:02:01.153+0000] {logging_mixin.py:190} INFO - [2026-04-13T06:02:01.152+0000] {dagbag.py:588} INFO - Filling up the DagBag from /opt/airflow/dags/layers_update.py
[2026-04-13T06:02:01.181+0000] {processor.py:925} INFO - DAG(s) 'layers_update' retrieved from /opt/airflow/dags/layers_update.py
[2026-04-13T06:02:01.218+0000] {logging_mixin.py:190} INFO - [2026-04-13T06:02:01.218+0000] {dag.py:3239} INFO - Sync 1 DAGs
[2026-04-13T06:02:01.244+0000] {logging_mixin.py:190} INFO - [2026-04-13T06:02:01.244+0000] {dag.py:4180} INFO - Setting next_dagrun for layers_update to None, run_after=None
[2026-04-13T06:02:01.311+0000] {processor.py:208} INFO - Processing /opt/airflow/dags/layers_update.py took 0.173 seconds
[2026-04-13T06:02:32.054+0000] {processor.py:186} INFO - Started process (PID=133) to work on /opt/airflow/dags/layers_update.py
[2026-04-13T06:02:32.056+0000] {processor.py:914} INFO - Processing file /opt/airflow/dags/layers_update.py for tasks to queue
[2026-04-13T06:02:32.060+0000] {logging_mixin.py:190} INFO - [2026-04-13T06:02:32.059+0000] {dagbag.py:588} INFO - Filling up the DagBag from /opt/airflow/dags/layers_update.py
[2026-04-13T06:02:32.088+0000] {processor.py:925} INFO - DAG(s) 'layers_update' retrieved from /opt/airflow/dags/layers_update.py
[2026-04-13T06:02:32.123+0000] {logging_mixin.py:190} INFO - [2026-04-13T06:02:32.122+0000] {dag.py:3239} INFO - Sync 1 DAGs
[2026-04-13T06:02:32.146+0000] {logging_mixin.py:190} INFO - [2026-04-13T06:02:32.145+0000] {dag.py:4180} INFO - Setting next_dagrun for layers_update to None, run_after=None
[2026-04-13T06:02:32.170+0000] {processor.py:208} INFO - Processing /opt/airflow/dags/layers_update.py took 0.129 seconds
[2026-04-13T06:03:02.679+0000] {processor.py:186} INFO - Started process (PID=136) to work on /opt/airflow/dags/layers_update.py
[2026-04-13T06:03:02.681+0000] {processor.py:914} INFO - Processing file /opt/airflow/dags/layers_update.py for tasks to queue
[2026-04-13T06:03:02.685+0000] {logging_mixin.py:190} INFO - [2026-04-13T06:03:02.684+0000] {dagbag.py:588} INFO - Filling up the DagBag from /opt/airflow/dags/layers_update.py
[2026-04-13T06:03:02.708+0000] {processor.py:925} INFO - DAG(s) 'layers_update' retrieved from /opt/airflow/dags/layers_update.py
[2026-04-13T06:03:02.735+0000] {logging_mixin.py:190} INFO - [2026-04-13T06:03:02.735+0000] {dag.py:3239} INFO - Sync 1 DAGs
[2026-04-13T06:03:02.757+0000] {logging_mixin.py:190} INFO - [2026-04-13T06:03:02.756+0000] {dag.py:4180} INFO - Setting next_dagrun for layers_update to None, run_after=None
[2026-04-13T06:03:02.782+0000] {processor.py:208} INFO - Processing /opt/airflow/dags/layers_update.py took 0.113 seconds
[2026-04-13T06:03:33.395+0000] {processor.py:186} INFO - Started process (PID=139) to work on /opt/airflow/dags/layers_update.py
[2026-04-13T06:03:33.396+0000] {processor.py:914} INFO - Processing file /opt/airflow/dags/layers_update.py for tasks to queue
[2026-04-13T06:03:33.400+0000] {logging_mixin.py:190} INFO - [2026-04-13T06:03:33.399+0000] {dagbag.py:588} INFO - Filling up the DagBag from /opt/airflow/dags/layers_update.py
[2026-04-13T06:03:33.423+0000] {processor.py:925} INFO - DAG(s) 'layers_update' retrieved from /opt/airflow/dags/layers_update.py
[2026-04-13T06:03:33.450+0000] {logging_mixin.py:190} INFO - [2026-04-13T06:03:33.450+0000] {dag.py:3239} INFO - Sync 1 DAGs
[2026-04-13T06:03:33.467+0000] {logging_mixin.py:190} INFO - [2026-04-13T06:03:33.467+0000] {dag.py:4180} INFO - Setting next_dagrun for layers_update to None, run_after=None
[2026-04-13T06:03:33.495+0000] {processor.py:208} INFO - Processing /opt/airflow/dags/layers_update.py took 0.109 seconds
[2026-04-13T06:04:03.967+0000] {processor.py:186} INFO - Started process (PID=142) to work on /opt/airflow/dags/layers_update.py
[2026-04-13T06:04:03.969+0000] {processor.py:914} INFO - Processing file /opt/airflow/dags/layers_update.py for tasks to queue
[2026-04-13T06:04:03.973+0000] {logging_mixin.py:190} INFO - [2026-04-13T06:04:03.973+0000] {dagbag.py:588} INFO - Filling up the DagBag from /opt/airflow/dags/layers_update.py
[2026-04-13T06:04:03.992+0000] {processor.py:925} INFO - DAG(s) 'layers_update' retrieved from /opt/airflow/dags/layers_update.py
[2026-04-13T06:04:04.017+0000] {logging_mixin.py:190} INFO - [2026-04-13T06:04:04.017+0000] {dag.py:3239} INFO - Sync 1 DAGs
[2026-04-13T06:04:04.036+0000] {logging_mixin.py:190} INFO - [2026-04-13T06:04:04.036+0000] {dag.py:4180} INFO - Setting next_dagrun for layers_update to None, run_after=None
[2026-04-13T06:04:04.064+0000] {processor.py:208} INFO - Processing /opt/airflow/dags/layers_update.py took 0.109 seconds
[2026-04-13T06:04:34.649+0000] {processor.py:186} INFO - Started process (PID=145) to work on /opt/airflow/dags/layers_update.py
[2026-04-13T06:04:34.656+0000] {processor.py:914} INFO - Processing file /opt/airflow/dags/layers_update.py for tasks to queue
[2026-04-13T06:04:34.667+0000] {logging_mixin.py:190} INFO - [2026-04-13T06:04:34.665+0000] {dagbag.py:588} INFO - Filling up the DagBag from /opt/airflow/dags/layers_update.py
[2026-04-13T06:04:34.739+0000] {processor.py:925} INFO - DAG(s) 'layers_update' retrieved from /opt/airflow/dags/layers_update.py
[2026-04-13T06:04:34.792+0000] {logging_mixin.py:190} INFO - [2026-04-13T06:04:34.792+0000] {dag.py:3239} INFO - Sync 1 DAGs
[2026-04-13T06:04:34.856+0000] {logging_mixin.py:190} INFO - [2026-04-13T06:04:34.856+0000] {dag.py:4180} INFO - Setting next_dagrun for layers_update to None, run_after=None
[2026-04-13T06:04:34.925+0000] {processor.py:208} INFO - Processing /opt/airflow/dags/layers_update.py took 0.292 seconds
[2026-04-13T06:05:05.250+0000] {processor.py:186} INFO - Started process (PID=148) to work on /opt/airflow/dags/layers_update.py
[2026-04-13T06:05:05.251+0000] {processor.py:914} INFO - Processing file /opt/airflow/dags/layers_update.py for tasks to queue
[2026-04-13T06:05:05.254+0000] {logging_mixin.py:190} INFO - [2026-04-13T06:05:05.254+0000] {dagbag.py:588} INFO - Filling up the DagBag from /opt/airflow/dags/layers_update.py
[2026-04-13T06:05:05.273+0000] {processor.py:925} INFO - DAG(s) 'layers_update' retrieved from /opt/airflow/dags/layers_update.py
[2026-04-13T06:05:05.299+0000] {logging_mixin.py:190} INFO - [2026-04-13T06:05:05.299+0000] {dag.py:3239} INFO - Sync 1 DAGs
[2026-04-13T06:05:05.319+0000] {logging_mixin.py:190} INFO - [2026-04-13T06:05:05.318+0000] {dag.py:4180} INFO - Setting next_dagrun for layers_update to None, run_after=None
[2026-04-13T06:05:05.342+0000] {processor.py:208} INFO - Processing /opt/airflow/dags/layers_update.py took 0.101 seconds
[2026-04-13T06:05:35.868+0000] {processor.py:186} INFO - Started process (PID=151) to work on /opt/airflow/dags/layers_update.py
[2026-04-13T06:05:35.871+0000] {processor.py:914} INFO - Processing file /opt/airflow/dags/layers_update.py for tasks to queue
[2026-04-13T06:05:35.875+0000] {logging_mixin.py:190} INFO - [2026-04-13T06:05:35.875+0000] {dagbag.py:588} INFO - Filling up the DagBag from /opt/airflow/dags/layers_update.py
[2026-04-13T06:05:35.896+0000] {processor.py:925} INFO - DAG(s) 'layers_update' retrieved from /opt/airflow/dags/layers_update.py
[2026-04-13T06:05:35.933+0000] {logging_mixin.py:190} INFO - [2026-04-13T06:05:35.933+0000] {dag.py:3239} INFO - Sync 1 DAGs
[2026-04-13T06:05:35.951+0000] {logging_mixin.py:190} INFO - [2026-04-13T06:05:35.951+0000] {dag.py:4180} INFO - Setting next_dagrun for layers_update to None, run_after=None
[2026-04-13T06:05:35.978+0000] {processor.py:208} INFO - Processing /opt/airflow/dags/layers_update.py took 0.120 seconds
[2026-04-13T06:06:06.456+0000] {processor.py:186} INFO - Started process (PID=154) to work on /opt/airflow/dags/layers_update.py
[2026-04-13T06:06:06.458+0000] {processor.py:914} INFO - Processing file /opt/airflow/dags/layers_update.py for tasks to queue
[2026-04-13T06:06:06.463+0000] {logging_mixin.py:190} INFO - [2026-04-13T06:06:06.463+0000] {dagbag.py:588} INFO - Filling up the DagBag from /opt/airflow/dags/layers_update.py
[2026-04-13T06:06:06.498+0000] {processor.py:925} INFO - DAG(s) 'layers_update' retrieved from /opt/airflow/dags/layers_update.py
[2026-04-13T06:06:06.532+0000] {logging_mixin.py:190} INFO - [2026-04-13T06:06:06.532+0000] {dag.py:3239} INFO - Sync 1 DAGs
[2026-04-13T06:06:06.555+0000] {logging_mixin.py:190} INFO - [2026-04-13T06:06:06.555+0000] {dag.py:4180} INFO - Setting next_dagrun for layers_update to None, run_after=None
[2026-04-13T06:06:06.583+0000] {processor.py:208} INFO - Processing /opt/airflow/dags/layers_update.py took 0.142 seconds
[2026-04-13T06:06:37.022+0000] {processor.py:186} INFO - Started process (PID=157) to work on /opt/airflow/dags/layers_update.py
[2026-04-13T06:06:37.024+0000] {processor.py:914} INFO - Processing file /opt/airflow/dags/layers_update.py for tasks to queue
[2026-04-13T06:06:37.030+0000] {logging_mixin.py:190} INFO - [2026-04-13T06:06:37.029+0000] {dagbag.py:588} INFO - Filling up the DagBag from /opt/airflow/dags/layers_update.py
[2026-04-13T06:06:37.049+0000] {processor.py:925} INFO - DAG(s) 'layers_update' retrieved from /opt/airflow/dags/layers_update.py
[2026-04-13T06:06:37.077+0000] {logging_mixin.py:190} INFO - [2026-04-13T06:06:37.077+0000] {dag.py:3239} INFO - Sync 1 DAGs
[2026-04-13T06:06:37.094+0000] {logging_mixin.py:190} INFO - [2026-04-13T06:06:37.094+0000] {dag.py:4180} INFO - Setting next_dagrun for layers_update to None, run_after=None
[2026-04-13T06:06:37.141+0000] {processor.py:208} INFO - Processing /opt/airflow/dags/layers_update.py took 0.127 seconds
[2026-04-13T06:07:07.573+0000] {processor.py:186} INFO - Started process (PID=160) to work on /opt/airflow/dags/layers_update.py
[2026-04-13T06:07:07.574+0000] {processor.py:914} INFO - Processing file /opt/airflow/dags/layers_update.py for tasks to queue
[2026-04-13T06:07:07.577+0000] {logging_mixin.py:190} INFO - [2026-04-13T06:07:07.577+0000] {dagbag.py:588} INFO - Filling up the DagBag from /opt/airflow/dags/layers_update.py
[2026-04-13T06:07:07.594+0000] {processor.py:925} INFO - DAG(s) 'layers_update' retrieved from /opt/airflow/dags/layers_update.py
[2026-04-13T06:07:07.618+0000] {logging_mixin.py:190} INFO - [2026-04-13T06:07:07.618+0000] {dag.py:3239} INFO - Sync 1 DAGs
[2026-04-13T06:07:07.638+0000] {logging_mixin.py:190} INFO - [2026-04-13T06:07:07.637+0000] {dag.py:4180} INFO - Setting next_dagrun for layers_update to None, run_after=None
[2026-04-13T06:07:07.663+0000] {processor.py:208} INFO - Processing /opt/airflow/dags/layers_update.py took 0.099 seconds
[2026-04-13T06:07:38.121+0000] {processor.py:186} INFO - Started process (PID=163) to work on /opt/airflow/dags/layers_update.py
[2026-04-13T06:07:38.123+0000] {processor.py:914} INFO - Processing file /opt/airflow/dags/layers_update.py for tasks to queue
[2026-04-13T06:07:38.127+0000] {logging_mixin.py:190} INFO - [2026-04-13T06:07:38.126+0000] {dagbag.py:588} INFO - Filling up the DagBag from /opt/airflow/dags/layers_update.py
[2026-04-13T06:07:38.148+0000] {processor.py:925} INFO - DAG(s) 'layers_update' retrieved from /opt/airflow/dags/layers_update.py
[2026-04-13T06:07:38.180+0000] {logging_mixin.py:190} INFO - [2026-04-13T06:07:38.180+0000] {dag.py:3239} INFO - Sync 1 DAGs
[2026-04-13T06:07:38.202+0000] {logging_mixin.py:190} INFO - [2026-04-13T06:07:38.202+0000] {dag.py:4180} INFO - Setting next_dagrun for layers_update to None, run_after=None
[2026-04-13T06:07:38.230+0000] {processor.py:208} INFO - Processing /opt/airflow/dags/layers_update.py took 0.117 seconds
[2026-04-13T06:08:08.746+0000] {processor.py:186} INFO - Started process (PID=166) to work on /opt/airflow/dags/layers_update.py
[2026-04-13T06:08:08.750+0000] {processor.py:914} INFO - Processing file /opt/airflow/dags/layers_update.py for tasks to queue
[2026-04-13T06:08:08.756+0000] {logging_mixin.py:190} INFO - [2026-04-13T06:08:08.755+0000] {dagbag.py:588} INFO - Filling up the DagBag from /opt/airflow/dags/layers_update.py
[2026-04-13T06:08:08.779+0000] {processor.py:925} INFO - DAG(s) 'layers_update' retrieved from /opt/airflow/dags/layers_update.py
[2026-04-13T06:08:08.813+0000] {logging_mixin.py:190} INFO - [2026-04-13T06:08:08.813+0000] {dag.py:3239} INFO - Sync 1 DAGs
[2026-04-13T06:08:08.832+0000] {logging_mixin.py:190} INFO - [2026-04-13T06:08:08.832+0000] {dag.py:4180} INFO - Setting next_dagrun for layers_update to None, run_after=None
[2026-04-13T06:08:08.857+0000] {processor.py:208} INFO - Processing /opt/airflow/dags/layers_update.py took 0.122 seconds
[2026-04-13T06:08:39.358+0000] {processor.py:186} INFO - Started process (PID=169) to work on /opt/airflow/dags/layers_update.py
[2026-04-13T06:08:39.359+0000] {processor.py:914} INFO - Processing file /opt/airflow/dags/layers_update.py for tasks to queue
[2026-04-13T06:08:39.366+0000] {logging_mixin.py:190} INFO - [2026-04-13T06:08:39.365+0000] {dagbag.py:588} INFO - Filling up the DagBag from /opt/airflow/dags/layers_update.py
[2026-04-13T06:08:39.389+0000] {processor.py:925} INFO - DAG(s) 'layers_update' retrieved from /opt/airflow/dags/layers_update.py
[2026-04-13T06:08:39.416+0000] {logging_mixin.py:190} INFO - [2026-04-13T06:08:39.415+0000] {dag.py:3239} INFO - Sync 1 DAGs
[2026-04-13T06:08:39.435+0000] {logging_mixin.py:190} INFO - [2026-04-13T06:08:39.434+0000] {dag.py:4180} INFO - Setting next_dagrun for layers_update to None, run_after=None
[2026-04-13T06:08:39.458+0000] {processor.py:208} INFO - Processing /opt/airflow/dags/layers_update.py took 0.110 seconds
[2026-04-13T06:09:10.079+0000] {processor.py:186} INFO - Started process (PID=172) to work on /opt/airflow/dags/layers_update.py
[2026-04-13T06:09:10.083+0000] {processor.py:914} INFO - Processing file /opt/airflow/dags/layers_update.py for tasks to queue
[2026-04-13T06:09:10.088+0000] {logging_mixin.py:190} INFO - [2026-04-13T06:09:10.087+0000] {dagbag.py:588} INFO - Filling up the DagBag from /opt/airflow/dags/layers_update.py
[2026-04-13T06:09:10.115+0000] {processor.py:925} INFO - DAG(s) 'layers_update' retrieved from /opt/airflow/dags/layers_update.py
[2026-04-13T06:09:10.145+0000] {logging_mixin.py:190} INFO - [2026-04-13T06:09:10.144+0000] {dag.py:3239} INFO - Sync 1 DAGs
[2026-04-13T06:09:10.162+0000] {logging_mixin.py:190} INFO - [2026-04-13T06:09:10.162+0000] {dag.py:4180} INFO - Setting next_dagrun for layers_update to None, run_after=None
[2026-04-13T06:09:10.195+0000] {processor.py:208} INFO - Processing /opt/airflow/dags/layers_update.py took 0.125 seconds
[2026-04-13T06:09:40.746+0000] {processor.py:186} INFO - Started process (PID=175) to work on /opt/airflow/dags/layers_update.py
[2026-04-13T06:09:40.747+0000] {processor.py:914} INFO - Processing file /opt/airflow/dags/layers_update.py for tasks to queue
[2026-04-13T06:09:40.752+0000] {logging_mixin.py:190} INFO - [2026-04-13T06:09:40.751+0000] {dagbag.py:588} INFO - Filling up the DagBag from /opt/airflow/dags/layers_update.py
[2026-04-13T06:09:40.771+0000] {processor.py:925} INFO - DAG(s) 'layers_update' retrieved from /opt/airflow/dags/layers_update.py
[2026-04-13T06:09:40.795+0000] {logging_mixin.py:190} INFO - [2026-04-13T06:09:40.795+0000] {dag.py:3239} INFO - Sync 1 DAGs
[2026-04-13T06:09:40.813+0000] {logging_mixin.py:190} INFO - [2026-04-13T06:09:40.813+0000] {dag.py:4180} INFO - Setting next_dagrun for layers_update to None, run_after=None
[2026-04-13T06:09:40.837+0000] {processor.py:208} INFO - Processing /opt/airflow/dags/layers_update.py took 0.099 seconds
[2026-04-13T06:10:11.429+0000] {processor.py:186} INFO - Started process (PID=178) to work on /opt/airflow/dags/layers_update.py
[2026-04-13T06:10:11.432+0000] {processor.py:914} INFO - Processing file /opt/airflow/dags/layers_update.py for tasks to queue
[2026-04-13T06:10:11.435+0000] {logging_mixin.py:190} INFO - [2026-04-13T06:10:11.434+0000] {dagbag.py:588} INFO - Filling up the DagBag from /opt/airflow/dags/layers_update.py
[2026-04-13T06:10:11.455+0000] {processor.py:925} INFO - DAG(s) 'layers_update' retrieved from /opt/airflow/dags/layers_update.py
[2026-04-13T06:10:11.481+0000] {logging_mixin.py:190} INFO - [2026-04-13T06:10:11.481+0000] {dag.py:3239} INFO - Sync 1 DAGs
[2026-04-13T06:10:11.499+0000] {logging_mixin.py:190} INFO - [2026-04-13T06:10:11.498+0000] {dag.py:4180} INFO - Setting next_dagrun for layers_update to None, run_after=None
[2026-04-13T06:10:11.524+0000] {processor.py:208} INFO - Processing /opt/airflow/dags/layers_update.py took 0.102 seconds
[2026-04-13T06:10:42.033+0000] {processor.py:186} INFO - Started process (PID=181) to work on /opt/airflow/dags/layers_update.py
[2026-04-13T06:10:42.035+0000] {processor.py:914} INFO - Processing file /opt/airflow/dags/layers_update.py for tasks to queue
[2026-04-13T06:10:42.038+0000] {logging_mixin.py:190} INFO - [2026-04-13T06:10:42.038+0000] {dagbag.py:588} INFO - Filling up the DagBag from /opt/airflow/dags/layers_update.py
[2026-04-13T06:10:42.059+0000] {processor.py:925} INFO - DAG(s) 'layers_update' retrieved from /opt/airflow/dags/layers_update.py
[2026-04-13T06:10:42.086+0000] {logging_mixin.py:190} INFO - [2026-04-13T06:10:42.086+0000] {dag.py:3239} INFO - Sync 1 DAGs
[2026-04-13T06:10:42.103+0000] {logging_mixin.py:190} INFO - [2026-04-13T06:10:42.103+0000] {dag.py:4180} INFO - Setting next_dagrun for layers_update to None, run_after=None
[2026-04-13T06:10:42.128+0000] {processor.py:208} INFO - Processing /opt/airflow/dags/layers_update.py took 0.105 seconds
[2026-04-13T06:11:12.627+0000] {processor.py:186} INFO - Started process (PID=184) to work on /opt/airflow/dags/layers_update.py
[2026-04-13T06:11:12.630+0000] {processor.py:914} INFO - Processing file /opt/airflow/dags/layers_update.py for tasks to queue
[2026-04-13T06:11:12.635+0000] {logging_mixin.py:190} INFO - [2026-04-13T06:11:12.634+0000] {dagbag.py:588} INFO - Filling up the DagBag from /opt/airflow/dags/layers_update.py
[2026-04-13T06:11:12.667+0000] {processor.py:925} INFO - DAG(s) 'layers_update' retrieved from /opt/airflow/dags/layers_update.py
[2026-04-13T06:11:12.695+0000] {logging_mixin.py:190} INFO - [2026-04-13T06:11:12.695+0000] {dag.py:3239} INFO - Sync 1 DAGs
[2026-04-13T06:11:12.714+0000] {logging_mixin.py:190} INFO - [2026-04-13T06:11:12.714+0000] {dag.py:4180} INFO - Setting next_dagrun for layers_update to None, run_after=None
[2026-04-13T06:11:12.742+0000] {processor.py:208} INFO - Processing /opt/airflow/dags/layers_update.py took 0.128 seconds
[2026-04-13T06:11:43.240+0000] {processor.py:186} INFO - Started process (PID=187) to work on /opt/airflow/dags/layers_update.py
[2026-04-13T06:11:43.242+0000] {processor.py:914} INFO - Processing file /opt/airflow/dags/layers_update.py for tasks to queue
[2026-04-13T06:11:43.246+0000] {logging_mixin.py:190} INFO - [2026-04-13T06:11:43.245+0000] {dagbag.py:588} INFO - Filling up the DagBag from /opt/airflow/dags/layers_update.py
[2026-04-13T06:11:43.268+0000] {processor.py:925} INFO - DAG(s) 'layers_update' retrieved from /opt/airflow/dags/layers_update.py
[2026-04-13T06:11:43.297+0000] {logging_mixin.py:190} INFO - [2026-04-13T06:11:43.297+0000] {dag.py:3239} INFO - Sync 1 DAGs
[2026-04-13T06:11:43.315+0000] {logging_mixin.py:190} INFO - [2026-04-13T06:11:43.315+0000] {dag.py:4180} INFO - Setting next_dagrun for layers_update to None, run_after=None
[2026-04-13T06:11:43.341+0000] {processor.py:208} INFO - Processing /opt/airflow/dags/layers_update.py took 0.110 seconds
[2026-04-13T06:12:13.903+0000] {processor.py:186} INFO - Started process (PID=190) to work on /opt/airflow/dags/layers_update.py
[2026-04-13T06:12:13.905+0000] {processor.py:914} INFO - Processing file /opt/airflow/dags/layers_update.py for tasks to queue
[2026-04-13T06:12:13.910+0000] {logging_mixin.py:190} INFO - [2026-04-13T06:12:13.909+0000] {dagbag.py:588} INFO - Filling up the DagBag from /opt/airflow/dags/layers_update.py
[2026-04-13T06:12:13.933+0000] {processor.py:925} INFO - DAG(s) 'layers_update' retrieved from /opt/airflow/dags/layers_update.py
[2026-04-13T06:12:13.960+0000] {logging_mixin.py:190} INFO - [2026-04-13T06:12:13.960+0000] {dag.py:3239} INFO - Sync 1 DAGs
[2026-04-13T06:12:13.978+0000] {logging_mixin.py:190} INFO - [2026-04-13T06:12:13.977+0000] {dag.py:4180} INFO - Setting next_dagrun for layers_update to None, run_after=None
[2026-04-13T06:12:14.004+0000] {processor.py:208} INFO - Processing /opt/airflow/dags/layers_update.py took 0.108 seconds
[2026-04-13T06:12:44.539+0000] {processor.py:186} INFO - Started process (PID=193) to work on /opt/airflow/dags/layers_update.py
[2026-04-13T06:12:44.541+0000] {processor.py:914} INFO - Processing file /opt/airflow/dags/layers_update.py for tasks to queue
[2026-04-13T06:12:44.545+0000] {logging_mixin.py:190} INFO - [2026-04-13T06:12:44.544+0000] {dagbag.py:588} INFO - Filling up the DagBag from /opt/airflow/dags/layers_update.py
[2026-04-13T06:12:44.569+0000] {processor.py:925} INFO - DAG(s) 'layers_update' retrieved from /opt/airflow/dags/layers_update.py
[2026-04-13T06:12:44.594+0000] {logging_mixin.py:190} INFO - [2026-04-13T06:12:44.594+0000] {dag.py:3239} INFO - Sync 1 DAGs
[2026-04-13T06:12:44.612+0000] {logging_mixin.py:190} INFO - [2026-04-13T06:12:44.612+0000] {dag.py:4180} INFO - Setting next_dagrun for layers_update to None, run_after=None
[2026-04-13T06:12:44.636+0000] {processor.py:208} INFO - Processing /opt/airflow/dags/layers_update.py took 0.108 seconds
[2026-04-13T06:13:15.143+0000] {processor.py:186} INFO - Started process (PID=196) to work on /opt/airflow/dags/layers_update.py
[2026-04-13T06:13:15.144+0000] {processor.py:914} INFO - Processing file /opt/airflow/dags/layers_update.py for tasks to queue
[2026-04-13T06:13:15.147+0000] {logging_mixin.py:190} INFO - [2026-04-13T06:13:15.147+0000] {dagbag.py:588} INFO - Filling up the DagBag from /opt/airflow/dags/layers_update.py
[2026-04-13T06:13:15.170+0000] {processor.py:925} INFO - DAG(s) 'layers_update' retrieved from /opt/airflow/dags/layers_update.py
[2026-04-13T06:13:15.200+0000] {logging_mixin.py:190} INFO - [2026-04-13T06:13:15.200+0000] {dag.py:3239} INFO - Sync 1 DAGs
[2026-04-13T06:13:15.220+0000] {logging_mixin.py:190} INFO - [2026-04-13T06:13:15.219+0000] {dag.py:4180} INFO - Setting next_dagrun for layers_update to None, run_after=None
[2026-04-13T06:13:15.244+0000] {processor.py:208} INFO - Processing /opt/airflow/dags/layers_update.py took 0.110 seconds
[2026-04-13T06:13:45.777+0000] {processor.py:186} INFO - Started process (PID=199) to work on /opt/airflow/dags/layers_update.py
[2026-04-13T06:13:45.778+0000] {processor.py:914} INFO - Processing file /opt/airflow/dags/layers_update.py for tasks to queue
[2026-04-13T06:13:45.781+0000] {logging_mixin.py:190} INFO - [2026-04-13T06:13:45.781+0000] {dagbag.py:588} INFO - Filling up the DagBag from /opt/airflow/dags/layers_update.py
[2026-04-13T06:13:45.803+0000] {processor.py:925} INFO - DAG(s) 'layers_update' retrieved from /opt/airflow/dags/layers_update.py
[2026-04-13T06:13:45.830+0000] {logging_mixin.py:190} INFO - [2026-04-13T06:13:45.829+0000] {dag.py:3239} INFO - Sync 1 DAGs
[2026-04-13T06:13:45.855+0000] {logging_mixin.py:190} INFO - [2026-04-13T06:13:45.855+0000] {dag.py:4180} INFO - Setting next_dagrun for layers_update to None, run_after=None
[2026-04-13T06:13:45.882+0000] {processor.py:208} INFO - Processing /opt/airflow/dags/layers_update.py took 0.114 seconds
[2026-04-13T06:14:16.360+0000] {processor.py:186} INFO - Started process (PID=202) to work on /opt/airflow/dags/layers_update.py
[2026-04-13T06:14:16.361+0000] {processor.py:914} INFO - Processing file /opt/airflow/dags/layers_update.py for tasks to queue
[2026-04-13T06:14:16.365+0000] {logging_mixin.py:190} INFO - [2026-04-13T06:14:16.364+0000] {dagbag.py:588} INFO - Filling up the DagBag from /opt/airflow/dags/layers_update.py
[2026-04-13T06:14:16.392+0000] {processor.py:925} INFO - DAG(s) 'layers_update' retrieved from /opt/airflow/dags/layers_update.py
[2026-04-13T06:14:16.417+0000] {logging_mixin.py:190} INFO - [2026-04-13T06:14:16.417+0000] {dag.py:3239} INFO - Sync 1 DAGs
[2026-04-13T06:14:16.434+0000] {logging_mixin.py:190} INFO - [2026-04-13T06:14:16.434+0000] {dag.py:4180} INFO - Setting next_dagrun for layers_update to None, run_after=None
[2026-04-13T06:14:16.460+0000] {processor.py:208} INFO - Processing /opt/airflow/dags/layers_update.py took 0.108 seconds
[2026-04-13T06:14:46.956+0000] {processor.py:186} INFO - Started process (PID=205) to work on /opt/airflow/dags/layers_update.py
[2026-04-13T06:14:46.958+0000] {processor.py:914} INFO - Processing file /opt/airflow/dags/layers_update.py for tasks to queue
[2026-04-13T06:14:46.962+0000] {logging_mixin.py:190} INFO - [2026-04-13T06:14:46.961+0000] {dagbag.py:588} INFO - Filling up the DagBag from /opt/airflow/dags/layers_update.py
[2026-04-13T06:14:46.985+0000] {processor.py:925} INFO - DAG(s) 'layers_update' retrieved from /opt/airflow/dags/layers_update.py
[2026-04-13T06:14:47.014+0000] {logging_mixin.py:190} INFO - [2026-04-13T06:14:47.013+0000] {dag.py:3239} INFO - Sync 1 DAGs
[2026-04-13T06:14:47.034+0000] {logging_mixin.py:190} INFO - [2026-04-13T06:14:47.034+0000] {dag.py:4180} INFO - Setting next_dagrun for layers_update to None, run_after=None
[2026-04-13T06:14:47.063+0000] {processor.py:208} INFO - Processing /opt/airflow/dags/layers_update.py took 0.115 seconds
[2026-04-13T06:15:17.552+0000] {processor.py:186} INFO - Started process (PID=208) to work on /opt/airflow/dags/layers_update.py
[2026-04-13T06:15:17.558+0000] {processor.py:914} INFO - Processing file /opt/airflow/dags/layers_update.py for tasks to queue
[2026-04-13T06:15:17.563+0000] {logging_mixin.py:190} INFO - [2026-04-13T06:15:17.562+0000] {dagbag.py:588} INFO - Filling up the DagBag from /opt/airflow/dags/layers_update.py
[2026-04-13T06:15:17.599+0000] {processor.py:925} INFO - DAG(s) 'layers_update' retrieved from /opt/airflow/dags/layers_update.py
[2026-04-13T06:15:17.633+0000] {logging_mixin.py:190} INFO - [2026-04-13T06:15:17.633+0000] {dag.py:3239} INFO - Sync 1 DAGs
[2026-04-13T06:15:17.657+0000] {logging_mixin.py:190} INFO - [2026-04-13T06:15:17.657+0000] {dag.py:4180} INFO - Setting next_dagrun for layers_update to None, run_after=None
[2026-04-13T06:15:17.682+0000] {processor.py:208} INFO - Processing /opt/airflow/dags/layers_update.py took 0.142 seconds
[2026-04-13T06:15:48.167+0000] {processor.py:186} INFO - Started process (PID=211) to work on /opt/airflow/dags/layers_update.py
[2026-04-13T06:15:48.169+0000] {processor.py:914} INFO - Processing file /opt/airflow/dags/layers_update.py for tasks to queue
[2026-04-13T06:15:48.173+0000] {logging_mixin.py:190} INFO - [2026-04-13T06:15:48.173+0000] {dagbag.py:588} INFO - Filling up the DagBag from /opt/airflow/dags/layers_update.py
[2026-04-13T06:15:48.200+0000] {processor.py:925} INFO - DAG(s) 'layers_update' retrieved from /opt/airflow/dags/layers_update.py
[2026-04-13T06:15:48.230+0000] {logging_mixin.py:190} INFO - [2026-04-13T06:15:48.230+0000] {dag.py:3239} INFO - Sync 1 DAGs
[2026-04-13T06:15:48.251+0000] {logging_mixin.py:190} INFO - [2026-04-13T06:15:48.251+0000] {dag.py:4180} INFO - Setting next_dagrun for layers_update to None, run_after=None
[2026-04-13T06:15:48.277+0000] {processor.py:208} INFO - Processing /opt/airflow/dags/layers_update.py took 0.120 seconds
[2026-04-13T06:16:18.724+0000] {processor.py:186} INFO - Started process (PID=214) to work on /opt/airflow/dags/layers_update.py
[2026-04-13T06:16:18.727+0000] {processor.py:914} INFO - Processing file /opt/airflow/dags/layers_update.py for tasks to queue
[2026-04-13T06:16:18.731+0000] {logging_mixin.py:190} INFO - [2026-04-13T06:16:18.730+0000] {dagbag.py:588} INFO - Filling up the DagBag from /opt/airflow/dags/layers_update.py
[2026-04-13T06:16:18.752+0000] {processor.py:925} INFO - DAG(s) 'layers_update' retrieved from /opt/airflow/dags/layers_update.py
[2026-04-13T06:16:18.782+0000] {logging_mixin.py:190} INFO - [2026-04-13T06:16:18.782+0000] {dag.py:3239} INFO - Sync 1 DAGs
[2026-04-13T06:16:18.801+0000] {logging_mixin.py:190} INFO - [2026-04-13T06:16:18.800+0000] {dag.py:4180} INFO - Setting next_dagrun for layers_update to None, run_after=None
[2026-04-13T06:16:18.827+0000] {processor.py:208} INFO - Processing /opt/airflow/dags/layers_update.py took 0.113 seconds
[2026-04-13T06:16:49.265+0000] {processor.py:186} INFO - Started process (PID=217) to work on /opt/airflow/dags/layers_update.py
[2026-04-13T06:16:49.267+0000] {processor.py:914} INFO - Processing file /opt/airflow/dags/layers_update.py for tasks to queue
[2026-04-13T06:16:49.272+0000] {logging_mixin.py:190} INFO - [2026-04-13T06:16:49.272+0000] {dagbag.py:588} INFO - Filling up the DagBag from /opt/airflow/dags/layers_update.py
[2026-04-13T06:16:49.296+0000] {processor.py:925} INFO - DAG(s) 'layers_update' retrieved from /opt/airflow/dags/layers_update.py
[2026-04-13T06:16:49.323+0000] {logging_mixin.py:190} INFO - [2026-04-13T06:16:49.323+0000] {dag.py:3239} INFO - Sync 1 DAGs
[2026-04-13T06:16:49.343+0000] {logging_mixin.py:190} INFO - [2026-04-13T06:16:49.342+0000] {dag.py:4180} INFO - Setting next_dagrun for layers_update to None, run_after=None
[2026-04-13T06:16:49.371+0000] {processor.py:208} INFO - Processing /opt/airflow/dags/layers_update.py took 0.113 seconds
[2026-04-13T06:17:19.849+0000] {processor.py:186} INFO - Started process (PID=220) to work on /opt/airflow/dags/layers_update.py
[2026-04-13T06:17:19.851+0000] {processor.py:914} INFO - Processing file /opt/airflow/dags/layers_update.py for tasks to queue
[2026-04-13T06:17:19.854+0000] {logging_mixin.py:190} INFO - [2026-04-13T06:17:19.854+0000] {dagbag.py:588} INFO - Filling up the DagBag from /opt/airflow/dags/layers_update.py
[2026-04-13T06:17:19.880+0000] {processor.py:925} INFO - DAG(s) 'layers_update' retrieved from /opt/airflow/dags/layers_update.py
[2026-04-13T06:17:19.923+0000] {logging_mixin.py:190} INFO - [2026-04-13T06:17:19.923+0000] {dag.py:3239} INFO - Sync 1 DAGs
[2026-04-13T06:17:19.948+0000] {logging_mixin.py:190} INFO - [2026-04-13T06:17:19.948+0000] {dag.py:4180} INFO - Setting next_dagrun for layers_update to None, run_after=None
[2026-04-13T06:17:19.975+0000] {processor.py:208} INFO - Processing /opt/airflow/dags/layers_update.py took 0.136 seconds
[2026-04-13T06:17:50.374+0000] {processor.py:186} INFO - Started process (PID=223) to work on /opt/airflow/dags/layers_update.py
[2026-04-13T06:17:50.376+0000] {processor.py:914} INFO - Processing file /opt/airflow/dags/layers_update.py for tasks to queue
[2026-04-13T06:17:50.381+0000] {logging_mixin.py:190} INFO - [2026-04-13T06:17:50.380+0000] {dagbag.py:588} INFO - Filling up the DagBag from /opt/airflow/dags/layers_update.py
[2026-04-13T06:17:50.408+0000] {processor.py:925} INFO - DAG(s) 'layers_update' retrieved from /opt/airflow/dags/layers_update.py
[2026-04-13T06:17:50.433+0000] {logging_mixin.py:190} INFO - [2026-04-13T06:17:50.433+0000] {dag.py:3239} INFO - Sync 1 DAGs
[2026-04-13T06:17:50.452+0000] {logging_mixin.py:190} INFO - [2026-04-13T06:17:50.452+0000] {dag.py:4180} INFO - Setting next_dagrun for layers_update to None, run_after=None
[2026-04-13T06:17:50.479+0000] {processor.py:208} INFO - Processing /opt/airflow/dags/layers_update.py took 0.113 seconds
[2026-04-13T06:18:20.978+0000] {processor.py:186} INFO - Started process (PID=226) to work on /opt/airflow/dags/layers_update.py
[2026-04-13T06:18:20.979+0000] {processor.py:914} INFO - Processing file /opt/airflow/dags/layers_update.py for tasks to queue
[2026-04-13T06:18:20.982+0000] {logging_mixin.py:190} INFO - [2026-04-13T06:18:20.982+0000] {dagbag.py:588} INFO - Filling up the DagBag from /opt/airflow/dags/layers_update.py
[2026-04-13T06:18:21.008+0000] {processor.py:925} INFO - DAG(s) 'layers_update' retrieved from /opt/airflow/dags/layers_update.py
[2026-04-13T06:18:21.038+0000] {logging_mixin.py:190} INFO - [2026-04-13T06:18:21.038+0000] {dag.py:3239} INFO - Sync 1 DAGs
[2026-04-13T06:18:21.061+0000] {logging_mixin.py:190} INFO - [2026-04-13T06:18:21.061+0000] {dag.py:4180} INFO - Setting next_dagrun for layers_update to None, run_after=None
[2026-04-13T06:18:21.086+0000] {processor.py:208} INFO - Processing /opt/airflow/dags/layers_update.py took 0.116 seconds
[2026-04-13T06:18:51.752+0000] {processor.py:186} INFO - Started process (PID=229) to work on /opt/airflow/dags/layers_update.py
[2026-04-13T06:18:51.755+0000] {processor.py:914} INFO - Processing file /opt/airflow/dags/layers_update.py for tasks to queue
[2026-04-13T06:18:51.758+0000] {logging_mixin.py:190} INFO - [2026-04-13T06:18:51.757+0000] {dagbag.py:588} INFO - Filling up the DagBag from /opt/airflow/dags/layers_update.py
[2026-04-13T06:18:51.779+0000] {processor.py:925} INFO - DAG(s) 'layers_update' retrieved from /opt/airflow/dags/layers_update.py
[2026-04-13T06:18:51.807+0000] {logging_mixin.py:190} INFO - [2026-04-13T06:18:51.807+0000] {dag.py:3239} INFO - Sync 1 DAGs
[2026-04-13T06:18:51.831+0000] {logging_mixin.py:190} INFO - [2026-04-13T06:18:51.831+0000] {dag.py:4180} INFO - Setting next_dagrun for layers_update to None, run_after=None
[2026-04-13T06:18:51.861+0000] {processor.py:208} INFO - Processing /opt/airflow/dags/layers_update.py took 0.122 seconds
[2026-04-13T06:19:22.322+0000] {processor.py:186} INFO - Started process (PID=232) to work on /opt/airflow/dags/layers_update.py
[2026-04-13T06:19:22.324+0000] {processor.py:914} INFO - Processing file /opt/airflow/dags/layers_update.py for tasks to queue
[2026-04-13T06:19:22.328+0000] {logging_mixin.py:190} INFO - [2026-04-13T06:19:22.327+0000] {dagbag.py:588} INFO - Filling up the DagBag from /opt/airflow/dags/layers_update.py
[2026-04-13T06:19:22.345+0000] {processor.py:925} INFO - DAG(s) 'layers_update' retrieved from /opt/airflow/dags/layers_update.py
[2026-04-13T06:19:22.370+0000] {logging_mixin.py:190} INFO - [2026-04-13T06:19:22.370+0000] {dag.py:3239} INFO - Sync 1 DAGs
[2026-04-13T06:19:22.389+0000] {logging_mixin.py:190} INFO - [2026-04-13T06:19:22.389+0000] {dag.py:4180} INFO - Setting next_dagrun for layers_update to None, run_after=None
[2026-04-13T06:19:22.418+0000] {processor.py:208} INFO - Processing /opt/airflow/dags/layers_update.py took 0.107 seconds
[2026-04-13T06:19:52.876+0000] {processor.py:186} INFO - Started process (PID=235) to work on /opt/airflow/dags/layers_update.py
[2026-04-13T06:19:52.879+0000] {processor.py:914} INFO - Processing file /opt/airflow/dags/layers_update.py for tasks to queue
[2026-04-13T06:19:52.885+0000] {logging_mixin.py:190} INFO - [2026-04-13T06:19:52.884+0000] {dagbag.py:588} INFO - Filling up the DagBag from /opt/airflow/dags/layers_update.py
[2026-04-13T06:19:52.910+0000] {processor.py:925} INFO - DAG(s) 'layers_update' retrieved from /opt/airflow/dags/layers_update.py
[2026-04-13T06:19:52.937+0000] {logging_mixin.py:190} INFO - [2026-04-13T06:19:52.937+0000] {dag.py:3239} INFO - Sync 1 DAGs
[2026-04-13T06:19:52.971+0000] {logging_mixin.py:190} INFO - [2026-04-13T06:19:52.970+0000] {dag.py:4180} INFO - Setting next_dagrun for layers_update to None, run_after=None
[2026-04-13T06:19:53.019+0000] {processor.py:208} INFO - Processing /opt/airflow/dags/layers_update.py took 0.152 seconds
[2026-04-13T06:20:23.526+0000] {processor.py:186} INFO - Started process (PID=238) to work on /opt/airflow/dags/layers_update.py
[2026-04-13T06:20:23.528+0000] {processor.py:914} INFO - Processing file /opt/airflow/dags/layers_update.py for tasks to queue
[2026-04-13T06:20:23.532+0000] {logging_mixin.py:190} INFO - [2026-04-13T06:20:23.531+0000] {dagbag.py:588} INFO - Filling up the DagBag from /opt/airflow/dags/layers_update.py
[2026-04-13T06:20:23.566+0000] {processor.py:925} INFO - DAG(s) 'layers_update' retrieved from /opt/airflow/dags/layers_update.py
[2026-04-13T06:20:23.603+0000] {logging_mixin.py:190} INFO - [2026-04-13T06:20:23.603+0000] {dag.py:3239} INFO - Sync 1 DAGs
[2026-04-13T06:20:23.622+0000] {logging_mixin.py:190} INFO - [2026-04-13T06:20:23.621+0000] {dag.py:4180} INFO - Setting next_dagrun for layers_update to None, run_after=None
[2026-04-13T06:20:23.647+0000] {processor.py:208} INFO - Processing /opt/airflow/dags/layers_update.py took 0.133 seconds
[2026-04-13T06:20:54.054+0000] {processor.py:186} INFO - Started process (PID=241) to work on /opt/airflow/dags/layers_update.py
[2026-04-13T06:20:54.055+0000] {processor.py:914} INFO - Processing file /opt/airflow/dags/layers_update.py for tasks to queue
[2026-04-13T06:20:54.060+0000] {logging_mixin.py:190} INFO - [2026-04-13T06:20:54.060+0000] {dagbag.py:588} INFO - Filling up the DagBag from /opt/airflow/dags/layers_update.py
[2026-04-13T06:20:54.105+0000] {processor.py:925} INFO - DAG(s) 'layers_update' retrieved from /opt/airflow/dags/layers_update.py
[2026-04-13T06:20:54.146+0000] {logging_mixin.py:190} INFO - [2026-04-13T06:20:54.146+0000] {dag.py:3239} INFO - Sync 1 DAGs
[2026-04-13T06:20:54.167+0000] {logging_mixin.py:190} INFO - [2026-04-13T06:20:54.167+0000] {dag.py:4180} INFO - Setting next_dagrun for layers_update to None, run_after=None
[2026-04-13T06:20:54.197+0000] {processor.py:208} INFO - Processing /opt/airflow/dags/layers_update.py took 0.153 seconds
[2026-04-13T06:21:24.605+0000] {processor.py:186} INFO - Started process (PID=244) to work on /opt/airflow/dags/layers_update.py
[2026-04-13T06:21:24.606+0000] {processor.py:914} INFO - Processing file /opt/airflow/dags/layers_update.py for tasks to queue
[2026-04-13T06:21:24.610+0000] {logging_mixin.py:190} INFO - [2026-04-13T06:21:24.609+0000] {dagbag.py:588} INFO - Filling up the DagBag from /opt/airflow/dags/layers_update.py
[2026-04-13T06:21:24.635+0000] {processor.py:925} INFO - DAG(s) 'layers_update' retrieved from /opt/airflow/dags/layers_update.py
[2026-04-13T06:21:24.665+0000] {logging_mixin.py:190} INFO - [2026-04-13T06:21:24.664+0000] {dag.py:3239} INFO - Sync 1 DAGs
[2026-04-13T06:21:24.684+0000] {logging_mixin.py:190} INFO - [2026-04-13T06:21:24.683+0000] {dag.py:4180} INFO - Setting next_dagrun for layers_update to None, run_after=None
[2026-04-13T06:21:24.711+0000] {processor.py:208} INFO - Processing /opt/airflow/dags/layers_update.py took 0.116 seconds
[2026-04-13T06:21:55.228+0000] {processor.py:186} INFO - Started process (PID=247) to work on /opt/airflow/dags/layers_update.py
[2026-04-13T06:21:55.229+0000] {processor.py:914} INFO - Processing file /opt/airflow/dags/layers_update.py for tasks to queue
[2026-04-13T06:21:55.234+0000] {logging_mixin.py:190} INFO - [2026-04-13T06:21:55.233+0000] {dagbag.py:588} INFO - Filling up the DagBag from /opt/airflow/dags/layers_update.py
[2026-04-13T06:21:55.256+0000] {processor.py:925} INFO - DAG(s) 'layers_update' retrieved from /opt/airflow/dags/layers_update.py
[2026-04-13T06:21:55.309+0000] {logging_mixin.py:190} INFO - [2026-04-13T06:21:55.308+0000] {dag.py:3239} INFO - Sync 1 DAGs
[2026-04-13T06:21:55.337+0000] {logging_mixin.py:190} INFO - [2026-04-13T06:21:55.336+0000] {dag.py:4180} INFO - Setting next_dagrun for layers_update to None, run_after=None
[2026-04-13T06:21:55.389+0000] {processor.py:208} INFO - Processing /opt/airflow/dags/layers_update.py took 0.174 seconds
[2026-04-13T06:22:25.855+0000] {processor.py:186} INFO - Started process (PID=250) to work on /opt/airflow/dags/layers_update.py
[2026-04-13T06:22:25.857+0000] {processor.py:914} INFO - Processing file /opt/airflow/dags/layers_update.py for tasks to queue
[2026-04-13T06:22:25.860+0000] {logging_mixin.py:190} INFO - [2026-04-13T06:22:25.859+0000] {dagbag.py:588} INFO - Filling up the DagBag from /opt/airflow/dags/layers_update.py
[2026-04-13T06:22:25.888+0000] {processor.py:925} INFO - DAG(s) 'layers_update' retrieved from /opt/airflow/dags/layers_update.py
[2026-04-13T06:22:25.916+0000] {logging_mixin.py:190} INFO - [2026-04-13T06:22:25.916+0000] {dag.py:3239} INFO - Sync 1 DAGs
[2026-04-13T06:22:25.934+0000] {logging_mixin.py:190} INFO - [2026-04-13T06:22:25.934+0000] {dag.py:4180} INFO - Setting next_dagrun for layers_update to None, run_after=None
[2026-04-13T06:22:25.962+0000] {processor.py:208} INFO - Processing /opt/airflow/dags/layers_update.py took 0.115 seconds
[2026-04-13T06:22:56.467+0000] {processor.py:186} INFO - Started process (PID=253) to work on /opt/airflow/dags/layers_update.py
[2026-04-13T06:22:56.469+0000] {processor.py:914} INFO - Processing file /opt/airflow/dags/layers_update.py for tasks to queue
[2026-04-13T06:22:56.473+0000] {logging_mixin.py:190} INFO - [2026-04-13T06:22:56.473+0000] {dagbag.py:588} INFO - Filling up the DagBag from /opt/airflow/dags/layers_update.py
[2026-04-13T06:22:56.498+0000] {processor.py:925} INFO - DAG(s) 'layers_update' retrieved from /opt/airflow/dags/layers_update.py
[2026-04-13T06:22:56.527+0000] {logging_mixin.py:190} INFO - [2026-04-13T06:22:56.527+0000] {dag.py:3239} INFO - Sync 1 DAGs
[2026-04-13T06:22:56.547+0000] {logging_mixin.py:190} INFO - [2026-04-13T06:22:56.547+0000] {dag.py:4180} INFO - Setting next_dagrun for layers_update to None, run_after=None
[2026-04-13T06:22:56.580+0000] {processor.py:208} INFO - Processing /opt/airflow/dags/layers_update.py took 0.121 seconds
[2026-04-13T06:23:26.974+0000] {processor.py:186} INFO - Started process (PID=256) to work on /opt/airflow/dags/layers_update.py
[2026-04-13T06:23:26.976+0000] {processor.py:914} INFO - Processing file /opt/airflow/dags/layers_update.py for tasks to queue
[2026-04-13T06:23:26.980+0000] {logging_mixin.py:190} INFO - [2026-04-13T06:23:26.980+0000] {dagbag.py:588} INFO - Filling up the DagBag from /opt/airflow/dags/layers_update.py
[2026-04-13T06:23:27.013+0000] {processor.py:925} INFO - DAG(s) 'layers_update' retrieved from /opt/airflow/dags/layers_update.py
[2026-04-13T06:23:27.048+0000] {logging_mixin.py:190} INFO - [2026-04-13T06:23:27.047+0000] {dag.py:3239} INFO - Sync 1 DAGs
[2026-04-13T06:23:27.080+0000] {logging_mixin.py:190} INFO - [2026-04-13T06:23:27.080+0000] {dag.py:4180} INFO - Setting next_dagrun for layers_update to None, run_after=None
[2026-04-13T06:23:27.121+0000] {processor.py:208} INFO - Processing /opt/airflow/dags/layers_update.py took 0.154 seconds
[2026-04-13T06:23:57.567+0000] {processor.py:186} INFO - Started process (PID=259) to work on /opt/airflow/dags/layers_update.py
[2026-04-13T06:23:57.569+0000] {processor.py:914} INFO - Processing file /opt/airflow/dags/layers_update.py for tasks to queue
[2026-04-13T06:23:57.572+0000] {logging_mixin.py:190} INFO - [2026-04-13T06:23:57.572+0000] {dagbag.py:588} INFO - Filling up the DagBag from /opt/airflow/dags/layers_update.py
[2026-04-13T06:23:57.598+0000] {processor.py:925} INFO - DAG(s) 'layers_update' retrieved from /opt/airflow/dags/layers_update.py
[2026-04-13T06:23:57.628+0000] {logging_mixin.py:190} INFO - [2026-04-13T06:23:57.627+0000] {dag.py:3239} INFO - Sync 1 DAGs
[2026-04-13T06:23:57.645+0000] {logging_mixin.py:190} INFO - [2026-04-13T06:23:57.645+0000] {dag.py:4180} INFO - Setting next_dagrun for layers_update to None, run_after=None
[2026-04-13T06:23:57.671+0000] {processor.py:208} INFO - Processing /opt/airflow/dags/layers_update.py took 0.114 seconds
[2026-04-13T06:24:28.081+0000] {processor.py:186} INFO - Started process (PID=262) to work on /opt/airflow/dags/layers_update.py
[2026-04-13T06:24:28.083+0000] {processor.py:914} INFO - Processing file /opt/airflow/dags/layers_update.py for tasks to queue
[2026-04-13T06:24:28.087+0000] {logging_mixin.py:190} INFO - [2026-04-13T06:24:28.087+0000] {dagbag.py:588} INFO - Filling up the DagBag from /opt/airflow/dags/layers_update.py
[2026-04-13T06:24:28.110+0000] {processor.py:925} INFO - DAG(s) 'layers_update' retrieved from /opt/airflow/dags/layers_update.py
[2026-04-13T06:24:28.148+0000] {logging_mixin.py:190} INFO - [2026-04-13T06:24:28.148+0000] {dag.py:3239} INFO - Sync 1 DAGs
[2026-04-13T06:24:28.165+0000] {logging_mixin.py:190} INFO - [2026-04-13T06:24:28.165+0000] {dag.py:4180} INFO - Setting next_dagrun for layers_update to None, run_after=None
[2026-04-13T06:24:28.190+0000] {processor.py:208} INFO - Processing /opt/airflow/dags/layers_update.py took 0.118 seconds
[2026-04-13T06:24:58.655+0000] {processor.py:186} INFO - Started process (PID=265) to work on /opt/airflow/dags/layers_update.py
[2026-04-13T06:24:58.657+0000] {processor.py:914} INFO - Processing file /opt/airflow/dags/layers_update.py for tasks to queue
[2026-04-13T06:24:58.661+0000] {logging_mixin.py:190} INFO - [2026-04-13T06:24:58.661+0000] {dagbag.py:588} INFO - Filling up the DagBag from /opt/airflow/dags/layers_update.py
[2026-04-13T06:24:58.684+0000] {processor.py:925} INFO - DAG(s) 'layers_update' retrieved from /opt/airflow/dags/layers_update.py
[2026-04-13T06:24:58.711+0000] {logging_mixin.py:190} INFO - [2026-04-13T06:24:58.710+0000] {dag.py:3239} INFO - Sync 1 DAGs
[2026-04-13T06:24:58.728+0000] {logging_mixin.py:190} INFO - [2026-04-13T06:24:58.728+0000] {dag.py:4180} INFO - Setting next_dagrun for layers_update to None, run_after=None
[2026-04-13T06:24:58.754+0000] {processor.py:208} INFO - Processing /opt/airflow/dags/layers_update.py took 0.113 seconds
[2026-04-13T06:25:29.460+0000] {processor.py:186} INFO - Started process (PID=268) to work on /opt/airflow/dags/layers_update.py
[2026-04-13T06:25:29.462+0000] {processor.py:914} INFO - Processing file /opt/airflow/dags/layers_update.py for tasks to queue
[2026-04-13T06:25:29.465+0000] {logging_mixin.py:190} INFO - [2026-04-13T06:25:29.465+0000] {dagbag.py:588} INFO - Filling up the DagBag from /opt/airflow/dags/layers_update.py
[2026-04-13T06:25:29.493+0000] {processor.py:925} INFO - DAG(s) 'layers_update' retrieved from /opt/airflow/dags/layers_update.py
[2026-04-13T06:25:29.522+0000] {logging_mixin.py:190} INFO - [2026-04-13T06:25:29.521+0000] {dag.py:3239} INFO - Sync 1 DAGs
[2026-04-13T06:25:29.542+0000] {logging_mixin.py:190} INFO - [2026-04-13T06:25:29.542+0000] {dag.py:4180} INFO - Setting next_dagrun for layers_update to None, run_after=None
[2026-04-13T06:25:29.576+0000] {processor.py:208} INFO - Processing /opt/airflow/dags/layers_update.py took 0.130 seconds
[2026-04-13T06:26:00.108+0000] {processor.py:186} INFO - Started process (PID=271) to work on /opt/airflow/dags/layers_update.py
[2026-04-13T06:26:00.109+0000] {processor.py:914} INFO - Processing file /opt/airflow/dags/layers_update.py for tasks to queue
[2026-04-13T06:26:00.113+0000] {logging_mixin.py:190} INFO - [2026-04-13T06:26:00.113+0000] {dagbag.py:588} INFO - Filling up the DagBag from /opt/airflow/dags/layers_update.py
[2026-04-13T06:26:00.143+0000] {processor.py:925} INFO - DAG(s) 'layers_update' retrieved from /opt/airflow/dags/layers_update.py
[2026-04-13T06:26:00.167+0000] {logging_mixin.py:190} INFO - [2026-04-13T06:26:00.167+0000] {dag.py:3239} INFO - Sync 1 DAGs
[2026-04-13T06:26:00.183+0000] {logging_mixin.py:190} INFO - [2026-04-13T06:26:00.183+0000] {dag.py:4180} INFO - Setting next_dagrun for layers_update to None, run_after=None
[2026-04-13T06:26:00.209+0000] {processor.py:208} INFO - Processing /opt/airflow/dags/layers_update.py took 0.109 seconds
[2026-04-13T06:26:30.742+0000] {processor.py:186} INFO - Started process (PID=274) to work on /opt/airflow/dags/layers_update.py
[2026-04-13T06:26:30.743+0000] {processor.py:914} INFO - Processing file /opt/airflow/dags/layers_update.py for tasks to queue
[2026-04-13T06:26:30.747+0000] {logging_mixin.py:190} INFO - [2026-04-13T06:26:30.747+0000] {dagbag.py:588} INFO - Filling up the DagBag from /opt/airflow/dags/layers_update.py
[2026-04-13T06:26:30.776+0000] {processor.py:925} INFO - DAG(s) 'layers_update' retrieved from /opt/airflow/dags/layers_update.py
[2026-04-13T06:26:30.804+0000] {logging_mixin.py:190} INFO - [2026-04-13T06:26:30.804+0000] {dag.py:3239} INFO - Sync 1 DAGs
[2026-04-13T06:26:30.821+0000] {logging_mixin.py:190} INFO - [2026-04-13T06:26:30.820+0000] {dag.py:4180} INFO - Setting next_dagrun for layers_update to None, run_after=None
[2026-04-13T06:26:30.846+0000] {processor.py:208} INFO - Processing /opt/airflow/dags/layers_update.py took 0.112 seconds
[2026-04-13T06:27:01.322+0000] {processor.py:186} INFO - Started process (PID=277) to work on /opt/airflow/dags/layers_update.py
[2026-04-13T06:27:01.323+0000] {processor.py:914} INFO - Processing file /opt/airflow/dags/layers_update.py for tasks to queue
[2026-04-13T06:27:01.326+0000] {logging_mixin.py:190} INFO - [2026-04-13T06:27:01.326+0000] {dagbag.py:588} INFO - Filling up the DagBag from /opt/airflow/dags/layers_update.py
[2026-04-13T06:27:01.344+0000] {processor.py:925} INFO - DAG(s) 'layers_update' retrieved from /opt/airflow/dags/layers_update.py
[2026-04-13T06:27:01.368+0000] {logging_mixin.py:190} INFO - [2026-04-13T06:27:01.368+0000] {dag.py:3239} INFO - Sync 1 DAGs
[2026-04-13T06:27:01.385+0000] {logging_mixin.py:190} INFO - [2026-04-13T06:27:01.385+0000] {dag.py:4180} INFO - Setting next_dagrun for layers_update to None, run_after=None
[2026-04-13T06:27:01.407+0000] {processor.py:208} INFO - Processing /opt/airflow/dags/layers_update.py took 0.094 seconds
[2026-04-13T06:27:31.946+0000] {processor.py:186} INFO - Started process (PID=280) to work on /opt/airflow/dags/layers_update.py
[2026-04-13T06:27:31.948+0000] {processor.py:914} INFO - Processing file /opt/airflow/dags/layers_update.py for tasks to queue
[2026-04-13T06:27:31.951+0000] {logging_mixin.py:190} INFO - [2026-04-13T06:27:31.951+0000] {dagbag.py:588} INFO - Filling up the DagBag from /opt/airflow/dags/layers_update.py
[2026-04-13T06:27:31.969+0000] {processor.py:925} INFO - DAG(s) 'layers_update' retrieved from /opt/airflow/dags/layers_update.py
[2026-04-13T06:27:31.995+0000] {logging_mixin.py:190} INFO - [2026-04-13T06:27:31.994+0000] {dag.py:3239} INFO - Sync 1 DAGs
[2026-04-13T06:27:32.013+0000] {logging_mixin.py:190} INFO - [2026-04-13T06:27:32.012+0000] {dag.py:4180} INFO - Setting next_dagrun for layers_update to None, run_after=None
[2026-04-13T06:27:32.044+0000] {processor.py:208} INFO - Processing /opt/airflow/dags/layers_update.py took 0.107 seconds
[2026-04-13T06:28:02.520+0000] {processor.py:186} INFO - Started process (PID=283) to work on /opt/airflow/dags/layers_update.py
[2026-04-13T06:28:02.523+0000] {processor.py:914} INFO - Processing file /opt/airflow/dags/layers_update.py for tasks to queue
[2026-04-13T06:28:02.528+0000] {logging_mixin.py:190} INFO - [2026-04-13T06:28:02.527+0000] {dagbag.py:588} INFO - Filling up the DagBag from /opt/airflow/dags/layers_update.py
[2026-04-13T06:28:02.555+0000] {processor.py:925} INFO - DAG(s) 'layers_update' retrieved from /opt/airflow/dags/layers_update.py
[2026-04-13T06:28:02.590+0000] {logging_mixin.py:190} INFO - [2026-04-13T06:28:02.590+0000] {dag.py:3239} INFO - Sync 1 DAGs
[2026-04-13T06:28:02.610+0000] {logging_mixin.py:190} INFO - [2026-04-13T06:28:02.610+0000] {dag.py:4180} INFO - Setting next_dagrun for layers_update to None, run_after=None
[2026-04-13T06:28:02.636+0000] {processor.py:208} INFO - Processing /opt/airflow/dags/layers_update.py took 0.128 seconds
[2026-04-13T06:28:33.136+0000] {processor.py:186} INFO - Started process (PID=286) to work on /opt/airflow/dags/layers_update.py
[2026-04-13T06:28:33.138+0000] {processor.py:914} INFO - Processing file /opt/airflow/dags/layers_update.py for tasks to queue
[2026-04-13T06:28:33.142+0000] {logging_mixin.py:190} INFO - [2026-04-13T06:28:33.141+0000] {dagbag.py:588} INFO - Filling up the DagBag from /opt/airflow/dags/layers_update.py
[2026-04-13T06:28:33.167+0000] {processor.py:925} INFO - DAG(s) 'layers_update' retrieved from /opt/airflow/dags/layers_update.py
[2026-04-13T06:28:33.198+0000] {logging_mixin.py:190} INFO - [2026-04-13T06:28:33.198+0000] {dag.py:3239} INFO - Sync 1 DAGs
[2026-04-13T06:28:33.217+0000] {logging_mixin.py:190} INFO - [2026-04-13T06:28:33.217+0000] {dag.py:4180} INFO - Setting next_dagrun for layers_update to None, run_after=None
[2026-04-13T06:28:33.240+0000] {processor.py:208} INFO - Processing /opt/airflow/dags/layers_update.py took 0.114 seconds
[2026-04-13T06:29:03.925+0000] {processor.py:186} INFO - Started process (PID=289) to work on /opt/airflow/dags/layers_update.py
[2026-04-13T06:29:03.927+0000] {processor.py:914} INFO - Processing file /opt/airflow/dags/layers_update.py for tasks to queue
[2026-04-13T06:29:03.930+0000] {logging_mixin.py:190} INFO - [2026-04-13T06:29:03.929+0000] {dagbag.py:588} INFO - Filling up the DagBag from /opt/airflow/dags/layers_update.py
[2026-04-13T06:29:03.949+0000] {processor.py:925} INFO - DAG(s) 'layers_update' retrieved from /opt/airflow/dags/layers_update.py
[2026-04-13T06:29:03.979+0000] {logging_mixin.py:190} INFO - [2026-04-13T06:29:03.978+0000] {dag.py:3239} INFO - Sync 1 DAGs
[2026-04-13T06:29:03.997+0000] {logging_mixin.py:190} INFO - [2026-04-13T06:29:03.997+0000] {dag.py:4180} INFO - Setting next_dagrun for layers_update to None, run_after=None
[2026-04-13T06:29:04.025+0000] {processor.py:208} INFO - Processing /opt/airflow/dags/layers_update.py took 0.111 seconds
[2026-04-13T06:29:34.577+0000] {processor.py:186} INFO - Started process (PID=292) to work on /opt/airflow/dags/layers_update.py
[2026-04-13T06:29:34.578+0000] {processor.py:914} INFO - Processing file /opt/airflow/dags/layers_update.py for tasks to queue
[2026-04-13T06:29:34.582+0000] {logging_mixin.py:190} INFO - [2026-04-13T06:29:34.582+0000] {dagbag.py:588} INFO - Filling up the DagBag from /opt/airflow/dags/layers_update.py
[2026-04-13T06:29:34.614+0000] {processor.py:925} INFO - DAG(s) 'layers_update' retrieved from /opt/airflow/dags/layers_update.py
[2026-04-13T06:29:34.662+0000] {logging_mixin.py:190} INFO - [2026-04-13T06:29:34.662+0000] {dag.py:3239} INFO - Sync 1 DAGs
[2026-04-13T06:29:34.686+0000] {logging_mixin.py:190} INFO - [2026-04-13T06:29:34.686+0000] {dag.py:4180} INFO - Setting next_dagrun for layers_update to None, run_after=None
[2026-04-13T06:29:34.725+0000] {processor.py:208} INFO - Processing /opt/airflow/dags/layers_update.py took 0.158 seconds
[2026-04-13T06:30:05.212+0000] {processor.py:186} INFO - Started process (PID=295) to work on /opt/airflow/dags/layers_update.py
[2026-04-13T06:30:05.213+0000] {processor.py:914} INFO - Processing file /opt/airflow/dags/layers_update.py for tasks to queue
[2026-04-13T06:30:05.217+0000] {logging_mixin.py:190} INFO - [2026-04-13T06:30:05.216+0000] {dagbag.py:588} INFO - Filling up the DagBag from /opt/airflow/dags/layers_update.py
[2026-04-13T06:30:05.244+0000] {processor.py:925} INFO - DAG(s) 'layers_update' retrieved from /opt/airflow/dags/layers_update.py
[2026-04-13T06:30:05.280+0000] {logging_mixin.py:190} INFO - [2026-04-13T06:30:05.279+0000] {dag.py:3239} INFO - Sync 1 DAGs
[2026-04-13T06:30:05.301+0000] {logging_mixin.py:190} INFO - [2026-04-13T06:30:05.301+0000] {dag.py:4180} INFO - Setting next_dagrun for layers_update to None, run_after=None
[2026-04-13T06:30:05.329+0000] {processor.py:208} INFO - Processing /opt/airflow/dags/layers_update.py took 0.127 seconds
[2026-04-13T06:30:35.909+0000] {processor.py:186} INFO - Started process (PID=298) to work on /opt/airflow/dags/layers_update.py
[2026-04-13T06:30:35.910+0000] {processor.py:914} INFO - Processing file /opt/airflow/dags/layers_update.py for tasks to queue
[2026-04-13T06:30:35.914+0000] {logging_mixin.py:190} INFO - [2026-04-13T06:30:35.913+0000] {dagbag.py:588} INFO - Filling up the DagBag from /opt/airflow/dags/layers_update.py
[2026-04-13T06:30:35.940+0000] {processor.py:925} INFO - DAG(s) 'layers_update' retrieved from /opt/airflow/dags/layers_update.py
[2026-04-13T06:30:35.969+0000] {logging_mixin.py:190} INFO - [2026-04-13T06:30:35.969+0000] {dag.py:3239} INFO - Sync 1 DAGs
[2026-04-13T06:30:35.990+0000] {logging_mixin.py:190} INFO - [2026-04-13T06:30:35.990+0000] {dag.py:4180} INFO - Setting next_dagrun for layers_update to None, run_after=None
[2026-04-13T06:30:36.019+0000] {processor.py:208} INFO - Processing /opt/airflow/dags/layers_update.py took 0.120 seconds
[2026-04-13T06:31:06.753+0000] {processor.py:186} INFO - Started process (PID=301) to work on /opt/airflow/dags/layers_update.py
[2026-04-13T06:31:06.754+0000] {processor.py:914} INFO - Processing file /opt/airflow/dags/layers_update.py for tasks to queue
[2026-04-13T06:31:06.758+0000] {logging_mixin.py:190} INFO - [2026-04-13T06:31:06.758+0000] {dagbag.py:588} INFO - Filling up the DagBag from /opt/airflow/dags/layers_update.py
[2026-04-13T06:31:06.793+0000] {processor.py:925} INFO - DAG(s) 'layers_update' retrieved from /opt/airflow/dags/layers_update.py
[2026-04-13T06:31:06.826+0000] {logging_mixin.py:190} INFO - [2026-04-13T06:31:06.825+0000] {dag.py:3239} INFO - Sync 1 DAGs
[2026-04-13T06:31:06.850+0000] {logging_mixin.py:190} INFO - [2026-04-13T06:31:06.849+0000] {dag.py:4180} INFO - Setting next_dagrun for layers_update to None, run_after=None
[2026-04-13T06:31:06.885+0000] {processor.py:208} INFO - Processing /opt/airflow/dags/layers_update.py took 0.147 seconds
[2026-04-13T06:31:37.445+0000] {processor.py:186} INFO - Started process (PID=304) to work on /opt/airflow/dags/layers_update.py
[2026-04-13T06:31:37.447+0000] {processor.py:914} INFO - Processing file /opt/airflow/dags/layers_update.py for tasks to queue
[2026-04-13T06:31:37.452+0000] {logging_mixin.py:190} INFO - [2026-04-13T06:31:37.451+0000] {dagbag.py:588} INFO - Filling up the DagBag from /opt/airflow/dags/layers_update.py
[2026-04-13T06:31:37.479+0000] {processor.py:925} INFO - DAG(s) 'layers_update' retrieved from /opt/airflow/dags/layers_update.py
[2026-04-13T06:31:37.508+0000] {logging_mixin.py:190} INFO - [2026-04-13T06:31:37.506+0000] {dag.py:3239} INFO - Sync 1 DAGs
[2026-04-13T06:31:37.529+0000] {logging_mixin.py:190} INFO - [2026-04-13T06:31:37.529+0000] {dag.py:4180} INFO - Setting next_dagrun for layers_update to None, run_after=None
[2026-04-13T06:31:37.555+0000] {processor.py:208} INFO - Processing /opt/airflow/dags/layers_update.py took 0.123 seconds
[2026-04-13T06:32:08.120+0000] {processor.py:186} INFO - Started process (PID=307) to work on /opt/airflow/dags/layers_update.py
[2026-04-13T06:32:08.122+0000] {processor.py:914} INFO - Processing file /opt/airflow/dags/layers_update.py for tasks to queue
[2026-04-13T06:32:08.125+0000] {logging_mixin.py:190} INFO - [2026-04-13T06:32:08.125+0000] {dagbag.py:588} INFO - Filling up the DagBag from /opt/airflow/dags/layers_update.py
[2026-04-13T06:32:08.149+0000] {processor.py:925} INFO - DAG(s) 'layers_update' retrieved from /opt/airflow/dags/layers_update.py
[2026-04-13T06:32:08.180+0000] {logging_mixin.py:190} INFO - [2026-04-13T06:32:08.179+0000] {dag.py:3239} INFO - Sync 1 DAGs
[2026-04-13T06:32:08.212+0000] {logging_mixin.py:190} INFO - [2026-04-13T06:32:08.212+0000] {dag.py:4180} INFO - Setting next_dagrun for layers_update to None, run_after=None
[2026-04-13T06:32:08.240+0000] {processor.py:208} INFO - Processing /opt/airflow/dags/layers_update.py took 0.129 seconds
[2026-04-13T06:32:38.773+0000] {processor.py:186} INFO - Started process (PID=310) to work on /opt/airflow/dags/layers_update.py
[2026-04-13T06:32:38.775+0000] {processor.py:914} INFO - Processing file /opt/airflow/dags/layers_update.py for tasks to queue
[2026-04-13T06:32:38.778+0000] {logging_mixin.py:190} INFO - [2026-04-13T06:32:38.778+0000] {dagbag.py:588} INFO - Filling up the DagBag from /opt/airflow/dags/layers_update.py
[2026-04-13T06:32:38.796+0000] {processor.py:925} INFO - DAG(s) 'layers_update' retrieved from /opt/airflow/dags/layers_update.py
[2026-04-13T06:32:38.821+0000] {logging_mixin.py:190} INFO - [2026-04-13T06:32:38.821+0000] {dag.py:3239} INFO - Sync 1 DAGs
[2026-04-13T06:32:38.839+0000] {logging_mixin.py:190} INFO - [2026-04-13T06:32:38.839+0000] {dag.py:4180} INFO - Setting next_dagrun for layers_update to None, run_after=None
[2026-04-13T06:32:38.866+0000] {processor.py:208} INFO - Processing /opt/airflow/dags/layers_update.py took 0.101 seconds
[2026-04-13T06:33:09.387+0000] {processor.py:186} INFO - Started process (PID=313) to work on /opt/airflow/dags/layers_update.py
[2026-04-13T06:33:09.389+0000] {processor.py:914} INFO - Processing file /opt/airflow/dags/layers_update.py for tasks to queue
[2026-04-13T06:33:09.394+0000] {logging_mixin.py:190} INFO - [2026-04-13T06:33:09.393+0000] {dagbag.py:588} INFO - Filling up the DagBag from /opt/airflow/dags/layers_update.py
[2026-04-13T06:33:09.421+0000] {processor.py:925} INFO - DAG(s) 'layers_update' retrieved from /opt/airflow/dags/layers_update.py
[2026-04-13T06:33:09.450+0000] {logging_mixin.py:190} INFO - [2026-04-13T06:33:09.450+0000] {dag.py:3239} INFO - Sync 1 DAGs
[2026-04-13T06:33:09.469+0000] {logging_mixin.py:190} INFO - [2026-04-13T06:33:09.469+0000] {dag.py:4180} INFO - Setting next_dagrun for layers_update to None, run_after=None
[2026-04-13T06:33:09.494+0000] {processor.py:208} INFO - Processing /opt/airflow/dags/layers_update.py took 0.117 seconds
[2026-04-13T06:33:40.219+0000] {processor.py:186} INFO - Started process (PID=316) to work on /opt/airflow/dags/layers_update.py
[2026-04-13T06:33:40.220+0000] {processor.py:914} INFO - Processing file /opt/airflow/dags/layers_update.py for tasks to queue
[2026-04-13T06:33:40.225+0000] {logging_mixin.py:190} INFO - [2026-04-13T06:33:40.223+0000] {dagbag.py:588} INFO - Filling up the DagBag from /opt/airflow/dags/layers_update.py
[2026-04-13T06:33:40.262+0000] {processor.py:925} INFO - DAG(s) 'layers_update' retrieved from /opt/airflow/dags/layers_update.py
[2026-04-13T06:33:40.303+0000] {logging_mixin.py:190} INFO - [2026-04-13T06:33:40.303+0000] {dag.py:3239} INFO - Sync 1 DAGs
[2026-04-13T06:33:40.338+0000] {logging_mixin.py:190} INFO - [2026-04-13T06:33:40.338+0000] {dag.py:4180} INFO - Setting next_dagrun for layers_update to None, run_after=None
[2026-04-13T06:33:40.368+0000] {processor.py:208} INFO - Processing /opt/airflow/dags/layers_update.py took 0.158 seconds
[2026-04-13T06:34:10.965+0000] {processor.py:186} INFO - Started process (PID=319) to work on /opt/airflow/dags/layers_update.py
[2026-04-13T06:34:10.966+0000] {processor.py:914} INFO - Processing file /opt/airflow/dags/layers_update.py for tasks to queue
[2026-04-13T06:34:10.969+0000] {logging_mixin.py:190} INFO - [2026-04-13T06:34:10.969+0000] {dagbag.py:588} INFO - Filling up the DagBag from /opt/airflow/dags/layers_update.py
[2026-04-13T06:34:10.991+0000] {processor.py:925} INFO - DAG(s) 'layers_update' retrieved from /opt/airflow/dags/layers_update.py
[2026-04-13T06:34:11.016+0000] {logging_mixin.py:190} INFO - [2026-04-13T06:34:11.016+0000] {dag.py:3239} INFO - Sync 1 DAGs
[2026-04-13T06:34:11.033+0000] {logging_mixin.py:190} INFO - [2026-04-13T06:34:11.033+0000] {dag.py:4180} INFO - Setting next_dagrun for layers_update to None, run_after=None
[2026-04-13T06:34:11.059+0000] {processor.py:208} INFO - Processing /opt/airflow/dags/layers_update.py took 0.102 seconds
[2026-04-13T06:34:41.557+0000] {processor.py:186} INFO - Started process (PID=322) to work on /opt/airflow/dags/layers_update.py
[2026-04-13T06:34:41.562+0000] {processor.py:914} INFO - Processing file /opt/airflow/dags/layers_update.py for tasks to queue
[2026-04-13T06:34:41.574+0000] {logging_mixin.py:190} INFO - [2026-04-13T06:34:41.573+0000] {dagbag.py:588} INFO - Filling up the DagBag from /opt/airflow/dags/layers_update.py
[2026-04-13T06:34:41.618+0000] {processor.py:925} INFO - DAG(s) 'layers_update' retrieved from /opt/airflow/dags/layers_update.py
[2026-04-13T06:34:41.655+0000] {logging_mixin.py:190} INFO - [2026-04-13T06:34:41.655+0000] {dag.py:3239} INFO - Sync 1 DAGs
[2026-04-13T06:34:41.675+0000] {logging_mixin.py:190} INFO - [2026-04-13T06:34:41.674+0000] {dag.py:4180} INFO - Setting next_dagrun for layers_update to None, run_after=None
[2026-04-13T06:34:41.697+0000] {processor.py:208} INFO - Processing /opt/airflow/dags/layers_update.py took 0.159 seconds
[2026-04-13T06:35:12.215+0000] {processor.py:186} INFO - Started process (PID=325) to work on /opt/airflow/dags/layers_update.py
[2026-04-13T06:35:12.217+0000] {processor.py:914} INFO - Processing file /opt/airflow/dags/layers_update.py for tasks to queue
[2026-04-13T06:35:12.221+0000] {logging_mixin.py:190} INFO - [2026-04-13T06:35:12.220+0000] {dagbag.py:588} INFO - Filling up the DagBag from /opt/airflow/dags/layers_update.py
[2026-04-13T06:35:12.247+0000] {processor.py:925} INFO - DAG(s) 'layers_update' retrieved from /opt/airflow/dags/layers_update.py
[2026-04-13T06:35:12.272+0000] {logging_mixin.py:190} INFO - [2026-04-13T06:35:12.272+0000] {dag.py:3239} INFO - Sync 1 DAGs
[2026-04-13T06:35:12.290+0000] {logging_mixin.py:190} INFO - [2026-04-13T06:35:12.290+0000] {dag.py:4180} INFO - Setting next_dagrun for layers_update to None, run_after=None
[2026-04-13T06:35:12.316+0000] {processor.py:208} INFO - Processing /opt/airflow/dags/layers_update.py took 0.109 seconds
[2026-04-13T06:35:42.814+0000] {processor.py:186} INFO - Started process (PID=328) to work on /opt/airflow/dags/layers_update.py
[2026-04-13T06:35:42.815+0000] {processor.py:914} INFO - Processing file /opt/airflow/dags/layers_update.py for tasks to queue
[2026-04-13T06:35:42.818+0000] {logging_mixin.py:190} INFO - [2026-04-13T06:35:42.817+0000] {dagbag.py:588} INFO - Filling up the DagBag from /opt/airflow/dags/layers_update.py
[2026-04-13T06:35:42.845+0000] {processor.py:925} INFO - DAG(s) 'layers_update' retrieved from /opt/airflow/dags/layers_update.py
[2026-04-13T06:35:42.875+0000] {logging_mixin.py:190} INFO - [2026-04-13T06:35:42.874+0000] {dag.py:3239} INFO - Sync 1 DAGs
[2026-04-13T06:35:42.894+0000] {logging_mixin.py:190} INFO - [2026-04-13T06:35:42.893+0000] {dag.py:4180} INFO - Setting next_dagrun for layers_update to None, run_after=None
[2026-04-13T06:35:42.923+0000] {processor.py:208} INFO - Processing /opt/airflow/dags/layers_update.py took 0.119 seconds
[2026-04-13T06:36:13.407+0000] {processor.py:186} INFO - Started process (PID=331) to work on /opt/airflow/dags/layers_update.py
[2026-04-13T06:36:13.409+0000] {processor.py:914} INFO - Processing file /opt/airflow/dags/layers_update.py for tasks to queue
[2026-04-13T06:36:13.413+0000] {logging_mixin.py:190} INFO - [2026-04-13T06:36:13.412+0000] {dagbag.py:588} INFO - Filling up the DagBag from /opt/airflow/dags/layers_update.py
[2026-04-13T06:36:13.443+0000] {processor.py:925} INFO - DAG(s) 'layers_update' retrieved from /opt/airflow/dags/layers_update.py
[2026-04-13T06:36:13.469+0000] {logging_mixin.py:190} INFO - [2026-04-13T06:36:13.469+0000] {dag.py:3239} INFO - Sync 1 DAGs
[2026-04-13T06:36:13.489+0000] {logging_mixin.py:190} INFO - [2026-04-13T06:36:13.489+0000] {dag.py:4180} INFO - Setting next_dagrun for layers_update to None, run_after=None
[2026-04-13T06:36:13.521+0000] {processor.py:208} INFO - Processing /opt/airflow/dags/layers_update.py took 0.122 seconds
[2026-04-13T06:36:43.993+0000] {processor.py:186} INFO - Started process (PID=334) to work on /opt/airflow/dags/layers_update.py
[2026-04-13T06:36:43.995+0000] {processor.py:914} INFO - Processing file /opt/airflow/dags/layers_update.py for tasks to queue
[2026-04-13T06:36:43.999+0000] {logging_mixin.py:190} INFO - [2026-04-13T06:36:43.999+0000] {dagbag.py:588} INFO - Filling up the DagBag from /opt/airflow/dags/layers_update.py
[2026-04-13T06:36:44.021+0000] {processor.py:925} INFO - DAG(s) 'layers_update' retrieved from /opt/airflow/dags/layers_update.py
[2026-04-13T06:36:44.049+0000] {logging_mixin.py:190} INFO - [2026-04-13T06:36:44.049+0000] {dag.py:3239} INFO - Sync 1 DAGs
[2026-04-13T06:36:44.068+0000] {logging_mixin.py:190} INFO - [2026-04-13T06:36:44.067+0000] {dag.py:4180} INFO - Setting next_dagrun for layers_update to None, run_after=None
[2026-04-13T06:36:44.092+0000] {processor.py:208} INFO - Processing /opt/airflow/dags/layers_update.py took 0.108 seconds
[2026-04-13T06:37:14.580+0000] {processor.py:186} INFO - Started process (PID=337) to work on /opt/airflow/dags/layers_update.py
[2026-04-13T06:37:14.581+0000] {processor.py:914} INFO - Processing file /opt/airflow/dags/layers_update.py for tasks to queue
[2026-04-13T06:37:14.585+0000] {logging_mixin.py:190} INFO - [2026-04-13T06:37:14.584+0000] {dagbag.py:588} INFO - Filling up the DagBag from /opt/airflow/dags/layers_update.py
[2026-04-13T06:37:14.604+0000] {processor.py:925} INFO - DAG(s) 'layers_update' retrieved from /opt/airflow/dags/layers_update.py
[2026-04-13T06:37:14.631+0000] {logging_mixin.py:190} INFO - [2026-04-13T06:37:14.631+0000] {dag.py:3239} INFO - Sync 1 DAGs
[2026-04-13T06:37:14.649+0000] {logging_mixin.py:190} INFO - [2026-04-13T06:37:14.649+0000] {dag.py:4180} INFO - Setting next_dagrun for layers_update to None, run_after=None
[2026-04-13T06:37:14.671+0000] {processor.py:208} INFO - Processing /opt/airflow/dags/layers_update.py took 0.101 seconds
[2026-04-13T06:37:45.232+0000] {processor.py:186} INFO - Started process (PID=340) to work on /opt/airflow/dags/layers_update.py
[2026-04-13T06:37:45.234+0000] {processor.py:914} INFO - Processing file /opt/airflow/dags/layers_update.py for tasks to queue
[2026-04-13T06:37:45.238+0000] {logging_mixin.py:190} INFO - [2026-04-13T06:37:45.237+0000] {dagbag.py:588} INFO - Filling up the DagBag from /opt/airflow/dags/layers_update.py
[2026-04-13T06:37:45.265+0000] {processor.py:925} INFO - DAG(s) 'layers_update' retrieved from /opt/airflow/dags/layers_update.py
[2026-04-13T06:37:45.299+0000] {logging_mixin.py:190} INFO - [2026-04-13T06:37:45.299+0000] {dag.py:3239} INFO - Sync 1 DAGs
[2026-04-13T06:37:45.318+0000] {logging_mixin.py:190} INFO - [2026-04-13T06:37:45.317+0000] {dag.py:4180} INFO - Setting next_dagrun for layers_update to None, run_after=None
[2026-04-13T06:37:45.346+0000] {processor.py:208} INFO - Processing /opt/airflow/dags/layers_update.py took 0.124 seconds
[2026-04-13T06:38:16.003+0000] {processor.py:186} INFO - Started process (PID=343) to work on /opt/airflow/dags/layers_update.py
[2026-04-13T06:38:16.004+0000] {processor.py:914} INFO - Processing file /opt/airflow/dags/layers_update.py for tasks to queue
[2026-04-13T06:38:16.009+0000] {logging_mixin.py:190} INFO - [2026-04-13T06:38:16.008+0000] {dagbag.py:588} INFO - Filling up the DagBag from /opt/airflow/dags/layers_update.py
[2026-04-13T06:38:16.029+0000] {processor.py:925} INFO - DAG(s) 'layers_update' retrieved from /opt/airflow/dags/layers_update.py
[2026-04-13T06:38:16.057+0000] {logging_mixin.py:190} INFO - [2026-04-13T06:38:16.057+0000] {dag.py:3239} INFO - Sync 1 DAGs
[2026-04-13T06:38:16.076+0000] {logging_mixin.py:190} INFO - [2026-04-13T06:38:16.076+0000] {dag.py:4180} INFO - Setting next_dagrun for layers_update to None, run_after=None
[2026-04-13T06:38:16.103+0000] {processor.py:208} INFO - Processing /opt/airflow/dags/layers_update.py took 0.110 seconds
[2026-04-13T06:38:46.632+0000] {processor.py:186} INFO - Started process (PID=346) to work on /opt/airflow/dags/layers_update.py
[2026-04-13T06:38:46.634+0000] {processor.py:914} INFO - Processing file /opt/airflow/dags/layers_update.py for tasks to queue
[2026-04-13T06:38:46.638+0000] {logging_mixin.py:190} INFO - [2026-04-13T06:38:46.637+0000] {dagbag.py:588} INFO - Filling up the DagBag from /opt/airflow/dags/layers_update.py
[2026-04-13T06:38:46.662+0000] {processor.py:925} INFO - DAG(s) 'layers_update' retrieved from /opt/airflow/dags/layers_update.py
[2026-04-13T06:38:46.690+0000] {logging_mixin.py:190} INFO - [2026-04-13T06:38:46.689+0000] {dag.py:3239} INFO - Sync 1 DAGs
[2026-04-13T06:38:46.708+0000] {logging_mixin.py:190} INFO - [2026-04-13T06:38:46.707+0000] {dag.py:4180} INFO - Setting next_dagrun for layers_update to None, run_after=None
[2026-04-13T06:38:46.737+0000] {processor.py:208} INFO - Processing /opt/airflow/dags/layers_update.py took 0.112 seconds
[2026-04-13T06:39:17.179+0000] {processor.py:186} INFO - Started process (PID=349) to work on /opt/airflow/dags/layers_update.py
[2026-04-13T06:39:17.181+0000] {processor.py:914} INFO - Processing file /opt/airflow/dags/layers_update.py for tasks to queue
[2026-04-13T06:39:17.184+0000] {logging_mixin.py:190} INFO - [2026-04-13T06:39:17.183+0000] {dagbag.py:588} INFO - Filling up the DagBag from /opt/airflow/dags/layers_update.py
[2026-04-13T06:39:17.210+0000] {processor.py:925} INFO - DAG(s) 'layers_update' retrieved from /opt/airflow/dags/layers_update.py
[2026-04-13T06:39:17.238+0000] {logging_mixin.py:190} INFO - [2026-04-13T06:39:17.238+0000] {dag.py:3239} INFO - Sync 1 DAGs
[2026-04-13T06:39:17.256+0000] {logging_mixin.py:190} INFO - [2026-04-13T06:39:17.256+0000] {dag.py:4180} INFO - Setting next_dagrun for layers_update to None, run_after=None
[2026-04-13T06:39:17.284+0000] {processor.py:208} INFO - Processing /opt/airflow/dags/layers_update.py took 0.113 seconds
[2026-04-13T06:39:47.806+0000] {processor.py:186} INFO - Started process (PID=352) to work on /opt/airflow/dags/layers_update.py
[2026-04-13T06:39:47.808+0000] {processor.py:914} INFO - Processing file /opt/airflow/dags/layers_update.py for tasks to queue
[2026-04-13T06:39:47.813+0000] {logging_mixin.py:190} INFO - [2026-04-13T06:39:47.813+0000] {dagbag.py:588} INFO - Filling up the DagBag from /opt/airflow/dags/layers_update.py
[2026-04-13T06:39:47.834+0000] {processor.py:925} INFO - DAG(s) 'layers_update' retrieved from /opt/airflow/dags/layers_update.py
[2026-04-13T06:39:47.861+0000] {logging_mixin.py:190} INFO - [2026-04-13T06:39:47.861+0000] {dag.py:3239} INFO - Sync 1 DAGs
[2026-04-13T06:39:47.880+0000] {logging_mixin.py:190} INFO - [2026-04-13T06:39:47.880+0000] {dag.py:4180} INFO - Setting next_dagrun for layers_update to None, run_after=None
[2026-04-13T06:39:47.908+0000] {processor.py:208} INFO - Processing /opt/airflow/dags/layers_update.py took 0.115 seconds
[2026-04-13T06:40:18.467+0000] {processor.py:186} INFO - Started process (PID=355) to work on /opt/airflow/dags/layers_update.py
[2026-04-13T06:40:18.468+0000] {processor.py:914} INFO - Processing file /opt/airflow/dags/layers_update.py for tasks to queue
[2026-04-13T06:40:18.471+0000] {logging_mixin.py:190} INFO - [2026-04-13T06:40:18.471+0000] {dagbag.py:588} INFO - Filling up the DagBag from /opt/airflow/dags/layers_update.py
[2026-04-13T06:40:18.503+0000] {processor.py:925} INFO - DAG(s) 'layers_update' retrieved from /opt/airflow/dags/layers_update.py
[2026-04-13T06:40:18.536+0000] {logging_mixin.py:190} INFO - [2026-04-13T06:40:18.535+0000] {dag.py:3239} INFO - Sync 1 DAGs
[2026-04-13T06:40:18.556+0000] {logging_mixin.py:190} INFO - [2026-04-13T06:40:18.556+0000] {dag.py:4180} INFO - Setting next_dagrun for layers_update to None, run_after=None
[2026-04-13T06:40:18.582+0000] {processor.py:208} INFO - Processing /opt/airflow/dags/layers_update.py took 0.126 seconds
[2026-04-13T06:40:49.052+0000] {processor.py:186} INFO - Started process (PID=358) to work on /opt/airflow/dags/layers_update.py
[2026-04-13T06:40:49.053+0000] {processor.py:914} INFO - Processing file /opt/airflow/dags/layers_update.py for tasks to queue
[2026-04-13T06:40:49.056+0000] {logging_mixin.py:190} INFO - [2026-04-13T06:40:49.056+0000] {dagbag.py:588} INFO - Filling up the DagBag from /opt/airflow/dags/layers_update.py
[2026-04-13T06:40:49.090+0000] {processor.py:925} INFO - DAG(s) 'layers_update' retrieved from /opt/airflow/dags/layers_update.py
[2026-04-13T06:40:49.119+0000] {logging_mixin.py:190} INFO - [2026-04-13T06:40:49.119+0000] {dag.py:3239} INFO - Sync 1 DAGs
[2026-04-13T06:40:49.139+0000] {logging_mixin.py:190} INFO - [2026-04-13T06:40:49.138+0000] {dag.py:4180} INFO - Setting next_dagrun for layers_update to None, run_after=None
[2026-04-13T06:40:49.164+0000] {processor.py:208} INFO - Processing /opt/airflow/dags/layers_update.py took 0.120 seconds
[2026-04-13T06:41:19.602+0000] {processor.py:186} INFO - Started process (PID=361) to work on /opt/airflow/dags/layers_update.py
[2026-04-13T06:41:19.604+0000] {processor.py:914} INFO - Processing file /opt/airflow/dags/layers_update.py for tasks to queue
[2026-04-13T06:41:19.609+0000] {logging_mixin.py:190} INFO - [2026-04-13T06:41:19.608+0000] {dagbag.py:588} INFO - Filling up the DagBag from /opt/airflow/dags/layers_update.py
[2026-04-13T06:41:19.629+0000] {processor.py:925} INFO - DAG(s) 'layers_update' retrieved from /opt/airflow/dags/layers_update.py
[2026-04-13T06:41:19.656+0000] {logging_mixin.py:190} INFO - [2026-04-13T06:41:19.656+0000] {dag.py:3239} INFO - Sync 1 DAGs
[2026-04-13T06:41:19.675+0000] {logging_mixin.py:190} INFO - [2026-04-13T06:41:19.675+0000] {dag.py:4180} INFO - Setting next_dagrun for layers_update to None, run_after=None
[2026-04-13T06:41:19.707+0000] {processor.py:208} INFO - Processing /opt/airflow/dags/layers_update.py took 0.114 seconds
[2026-04-13T06:41:50.231+0000] {processor.py:186} INFO - Started process (PID=364) to work on /opt/airflow/dags/layers_update.py
[2026-04-13T06:41:50.233+0000] {processor.py:914} INFO - Processing file /opt/airflow/dags/layers_update.py for tasks to queue
[2026-04-13T06:41:50.237+0000] {logging_mixin.py:190} INFO - [2026-04-13T06:41:50.236+0000] {dagbag.py:588} INFO - Filling up the DagBag from /opt/airflow/dags/layers_update.py
[2026-04-13T06:41:50.260+0000] {processor.py:925} INFO - DAG(s) 'layers_update' retrieved from /opt/airflow/dags/layers_update.py
[2026-04-13T06:41:50.294+0000] {logging_mixin.py:190} INFO - [2026-04-13T06:41:50.293+0000] {dag.py:3239} INFO - Sync 1 DAGs
[2026-04-13T06:41:50.311+0000] {logging_mixin.py:190} INFO - [2026-04-13T06:41:50.311+0000] {dag.py:4180} INFO - Setting next_dagrun for layers_update to None, run_after=None
[2026-04-13T06:41:50.337+0000] {processor.py:208} INFO - Processing /opt/airflow/dags/layers_update.py took 0.113 seconds
[2026-04-13T06:42:20.795+0000] {processor.py:186} INFO - Started process (PID=367) to work on /opt/airflow/dags/layers_update.py
[2026-04-13T06:42:20.796+0000] {processor.py:914} INFO - Processing file /opt/airflow/dags/layers_update.py for tasks to queue
[2026-04-13T06:42:20.800+0000] {logging_mixin.py:190} INFO - [2026-04-13T06:42:20.800+0000] {dagbag.py:588} INFO - Filling up the DagBag from /opt/airflow/dags/layers_update.py
[2026-04-13T06:42:20.827+0000] {processor.py:925} INFO - DAG(s) 'layers_update' retrieved from /opt/airflow/dags/layers_update.py
[2026-04-13T06:42:20.859+0000] {logging_mixin.py:190} INFO - [2026-04-13T06:42:20.859+0000] {dag.py:3239} INFO - Sync 1 DAGs
[2026-04-13T06:42:20.880+0000] {logging_mixin.py:190} INFO - [2026-04-13T06:42:20.879+0000] {dag.py:4180} INFO - Setting next_dagrun for layers_update to None, run_after=None
[2026-04-13T06:42:20.910+0000] {processor.py:208} INFO - Processing /opt/airflow/dags/layers_update.py took 0.124 seconds
[2026-04-13T06:42:51.239+0000] {processor.py:186} INFO - Started process (PID=370) to work on /opt/airflow/dags/layers_update.py
[2026-04-13T06:42:51.241+0000] {processor.py:914} INFO - Processing file /opt/airflow/dags/layers_update.py for tasks to queue
[2026-04-13T06:42:51.245+0000] {logging_mixin.py:190} INFO - [2026-04-13T06:42:51.244+0000] {dagbag.py:588} INFO - Filling up the DagBag from /opt/airflow/dags/layers_update.py
[2026-04-13T06:42:51.270+0000] {processor.py:925} INFO - DAG(s) 'layers_update' retrieved from /opt/airflow/dags/layers_update.py
[2026-04-13T06:42:51.296+0000] {logging_mixin.py:190} INFO - [2026-04-13T06:42:51.295+0000] {dag.py:3239} INFO - Sync 1 DAGs
[2026-04-13T06:42:51.315+0000] {logging_mixin.py:190} INFO - [2026-04-13T06:42:51.314+0000] {dag.py:4180} INFO - Setting next_dagrun for layers_update to None, run_after=None
[2026-04-13T06:42:51.342+0000] {processor.py:208} INFO - Processing /opt/airflow/dags/layers_update.py took 0.112 seconds
[2026-04-13T06:43:21.788+0000] {processor.py:186} INFO - Started process (PID=373) to work on /opt/airflow/dags/layers_update.py
[2026-04-13T06:43:21.791+0000] {processor.py:914} INFO - Processing file /opt/airflow/dags/layers_update.py for tasks to queue
[2026-04-13T06:43:21.798+0000] {logging_mixin.py:190} INFO - [2026-04-13T06:43:21.798+0000] {dagbag.py:588} INFO - Filling up the DagBag from /opt/airflow/dags/layers_update.py
[2026-04-13T06:43:21.846+0000] {processor.py:925} INFO - DAG(s) 'layers_update' retrieved from /opt/airflow/dags/layers_update.py
[2026-04-13T06:43:21.907+0000] {logging_mixin.py:190} INFO - [2026-04-13T06:43:21.906+0000] {dag.py:3239} INFO - Sync 1 DAGs
[2026-04-13T06:43:21.938+0000] {logging_mixin.py:190} INFO - [2026-04-13T06:43:21.937+0000] {dag.py:4180} INFO - Setting next_dagrun for layers_update to None, run_after=None
[2026-04-13T06:43:21.982+0000] {processor.py:208} INFO - Processing /opt/airflow/dags/layers_update.py took 0.206 seconds
[2026-04-13T06:43:52.425+0000] {processor.py:186} INFO - Started process (PID=376) to work on /opt/airflow/dags/layers_update.py
[2026-04-13T06:43:52.427+0000] {processor.py:914} INFO - Processing file /opt/airflow/dags/layers_update.py for tasks to queue
[2026-04-13T06:43:52.431+0000] {logging_mixin.py:190} INFO - [2026-04-13T06:43:52.430+0000] {dagbag.py:588} INFO - Filling up the DagBag from /opt/airflow/dags/layers_update.py
[2026-04-13T06:43:52.458+0000] {processor.py:925} INFO - DAG(s) 'layers_update' retrieved from /opt/airflow/dags/layers_update.py
[2026-04-13T06:43:52.493+0000] {logging_mixin.py:190} INFO - [2026-04-13T06:43:52.492+0000] {dag.py:3239} INFO - Sync 1 DAGs
[2026-04-13T06:43:52.520+0000] {logging_mixin.py:190} INFO - [2026-04-13T06:43:52.519+0000] {dag.py:4180} INFO - Setting next_dagrun for layers_update to None, run_after=None
[2026-04-13T06:43:52.551+0000] {processor.py:208} INFO - Processing /opt/airflow/dags/layers_update.py took 0.135 seconds
[2026-04-13T06:44:23.108+0000] {processor.py:186} INFO - Started process (PID=379) to work on /opt/airflow/dags/layers_update.py
[2026-04-13T06:44:23.110+0000] {processor.py:914} INFO - Processing file /opt/airflow/dags/layers_update.py for tasks to queue
[2026-04-13T06:44:23.114+0000] {logging_mixin.py:190} INFO - [2026-04-13T06:44:23.114+0000] {dagbag.py:588} INFO - Filling up the DagBag from /opt/airflow/dags/layers_update.py
[2026-04-13T06:44:23.193+0000] {processor.py:925} INFO - DAG(s) 'layers_update' retrieved from /opt/airflow/dags/layers_update.py
[2026-04-13T06:44:23.250+0000] {logging_mixin.py:190} INFO - [2026-04-13T06:44:23.249+0000] {dag.py:3239} INFO - Sync 1 DAGs
[2026-04-13T06:44:23.269+0000] {logging_mixin.py:190} INFO - [2026-04-13T06:44:23.268+0000] {dag.py:4180} INFO - Setting next_dagrun for layers_update to None, run_after=None
[2026-04-13T06:44:23.313+0000] {processor.py:208} INFO - Processing /opt/airflow/dags/layers_update.py took 0.215 seconds
[2026-04-13T06:44:53.841+0000] {processor.py:186} INFO - Started process (PID=382) to work on /opt/airflow/dags/layers_update.py
[2026-04-13T06:44:53.843+0000] {processor.py:914} INFO - Processing file /opt/airflow/dags/layers_update.py for tasks to queue
[2026-04-13T06:44:53.848+0000] {logging_mixin.py:190} INFO - [2026-04-13T06:44:53.847+0000] {dagbag.py:588} INFO - Filling up the DagBag from /opt/airflow/dags/layers_update.py
[2026-04-13T06:44:53.870+0000] {processor.py:925} INFO - DAG(s) 'layers_update' retrieved from /opt/airflow/dags/layers_update.py
[2026-04-13T06:44:53.909+0000] {logging_mixin.py:190} INFO - [2026-04-13T06:44:53.909+0000] {dag.py:3239} INFO - Sync 1 DAGs
[2026-04-13T06:44:53.938+0000] {logging_mixin.py:190} INFO - [2026-04-13T06:44:53.938+0000] {dag.py:4180} INFO - Setting next_dagrun for layers_update to None, run_after=None
[2026-04-13T06:44:53.975+0000] {processor.py:208} INFO - Processing /opt/airflow/dags/layers_update.py took 0.153 seconds
[2026-04-13T06:45:24.185+0000] {processor.py:186} INFO - Started process (PID=385) to work on /opt/airflow/dags/layers_update.py
[2026-04-13T06:45:24.187+0000] {processor.py:914} INFO - Processing file /opt/airflow/dags/layers_update.py for tasks to queue
[2026-04-13T06:45:24.193+0000] {logging_mixin.py:190} INFO - [2026-04-13T06:45:24.193+0000] {dagbag.py:588} INFO - Filling up the DagBag from /opt/airflow/dags/layers_update.py
[2026-04-13T06:45:24.436+0000] {processor.py:925} INFO - DAG(s) 'layers_update' retrieved from /opt/airflow/dags/layers_update.py
[2026-04-13T06:45:24.502+0000] {logging_mixin.py:190} INFO - [2026-04-13T06:45:24.501+0000] {dag.py:3239} INFO - Sync 1 DAGs
[2026-04-13T06:45:24.571+0000] {logging_mixin.py:190} INFO - [2026-04-13T06:45:24.570+0000] {dag.py:4180} INFO - Setting next_dagrun for layers_update to None, run_after=None
[2026-04-13T06:45:24.640+0000] {processor.py:208} INFO - Processing /opt/airflow/dags/layers_update.py took 0.467 seconds
[2026-04-13T06:45:55.258+0000] {processor.py:186} INFO - Started process (PID=388) to work on /opt/airflow/dags/layers_update.py
[2026-04-13T06:45:55.260+0000] {processor.py:914} INFO - Processing file /opt/airflow/dags/layers_update.py for tasks to queue
[2026-04-13T06:45:55.263+0000] {logging_mixin.py:190} INFO - [2026-04-13T06:45:55.262+0000] {dagbag.py:588} INFO - Filling up the DagBag from /opt/airflow/dags/layers_update.py
[2026-04-13T06:45:55.290+0000] {processor.py:925} INFO - DAG(s) 'layers_update' retrieved from /opt/airflow/dags/layers_update.py
[2026-04-13T06:45:55.318+0000] {logging_mixin.py:190} INFO - [2026-04-13T06:45:55.318+0000] {dag.py:3239} INFO - Sync 1 DAGs
[2026-04-13T06:45:55.336+0000] {logging_mixin.py:190} INFO - [2026-04-13T06:45:55.336+0000] {dag.py:4180} INFO - Setting next_dagrun for layers_update to None, run_after=None
[2026-04-13T06:45:55.365+0000] {processor.py:208} INFO - Processing /opt/airflow/dags/layers_update.py took 0.116 seconds
[2026-04-13T06:46:25.946+0000] {processor.py:186} INFO - Started process (PID=391) to work on /opt/airflow/dags/layers_update.py
[2026-04-13T06:46:25.947+0000] {processor.py:914} INFO - Processing file /opt/airflow/dags/layers_update.py for tasks to queue
[2026-04-13T06:46:25.951+0000] {logging_mixin.py:190} INFO - [2026-04-13T06:46:25.950+0000] {dagbag.py:588} INFO - Filling up the DagBag from /opt/airflow/dags/layers_update.py
[2026-04-13T06:46:25.976+0000] {processor.py:925} INFO - DAG(s) 'layers_update' retrieved from /opt/airflow/dags/layers_update.py
[2026-04-13T06:46:26.006+0000] {logging_mixin.py:190} INFO - [2026-04-13T06:46:26.006+0000] {dag.py:3239} INFO - Sync 1 DAGs
[2026-04-13T06:46:26.025+0000] {logging_mixin.py:190} INFO - [2026-04-13T06:46:26.025+0000] {dag.py:4180} INFO - Setting next_dagrun for layers_update to None, run_after=None
[2026-04-13T06:46:26.050+0000] {processor.py:208} INFO - Processing /opt/airflow/dags/layers_update.py took 0.113 seconds
[2026-04-13T06:46:56.577+0000] {processor.py:186} INFO - Started process (PID=394) to work on /opt/airflow/dags/layers_update.py
[2026-04-13T06:46:56.589+0000] {processor.py:914} INFO - Processing file /opt/airflow/dags/layers_update.py for tasks to queue
[2026-04-13T06:46:56.599+0000] {logging_mixin.py:190} INFO - [2026-04-13T06:46:56.598+0000] {dagbag.py:588} INFO - Filling up the DagBag from /opt/airflow/dags/layers_update.py
[2026-04-13T06:46:56.642+0000] {processor.py:925} INFO - DAG(s) 'layers_update' retrieved from /opt/airflow/dags/layers_update.py
[2026-04-13T06:46:56.719+0000] {logging_mixin.py:190} INFO - [2026-04-13T06:46:56.719+0000] {dag.py:3239} INFO - Sync 1 DAGs
[2026-04-13T06:46:56.761+0000] {logging_mixin.py:190} INFO - [2026-04-13T06:46:56.760+0000] {dag.py:4180} INFO - Setting next_dagrun for layers_update to None, run_after=None
[2026-04-13T06:46:56.799+0000] {processor.py:208} INFO - Processing /opt/airflow/dags/layers_update.py took 0.251 seconds
[2026-04-13T06:47:27.083+0000] {processor.py:186} INFO - Started process (PID=397) to work on /opt/airflow/dags/layers_update.py
[2026-04-13T06:47:27.084+0000] {processor.py:914} INFO - Processing file /opt/airflow/dags/layers_update.py for tasks to queue
[2026-04-13T06:47:27.092+0000] {logging_mixin.py:190} INFO - [2026-04-13T06:47:27.091+0000] {dagbag.py:588} INFO - Filling up the DagBag from /opt/airflow/dags/layers_update.py
[2026-04-13T06:47:27.122+0000] {processor.py:925} INFO - DAG(s) 'layers_update' retrieved from /opt/airflow/dags/layers_update.py
[2026-04-13T06:47:27.146+0000] {logging_mixin.py:190} INFO - [2026-04-13T06:47:27.146+0000] {dag.py:3239} INFO - Sync 1 DAGs
[2026-04-13T06:47:27.164+0000] {logging_mixin.py:190} INFO - [2026-04-13T06:47:27.164+0000] {dag.py:4180} INFO - Setting next_dagrun for layers_update to None, run_after=None
[2026-04-13T06:47:27.190+0000] {processor.py:208} INFO - Processing /opt/airflow/dags/layers_update.py took 0.123 seconds
[2026-04-13T06:47:57.622+0000] {processor.py:186} INFO - Started process (PID=400) to work on /opt/airflow/dags/layers_update.py
[2026-04-13T06:47:57.624+0000] {processor.py:914} INFO - Processing file /opt/airflow/dags/layers_update.py for tasks to queue
[2026-04-13T06:47:57.627+0000] {logging_mixin.py:190} INFO - [2026-04-13T06:47:57.626+0000] {dagbag.py:588} INFO - Filling up the DagBag from /opt/airflow/dags/layers_update.py
[2026-04-13T06:47:57.653+0000] {processor.py:925} INFO - DAG(s) 'layers_update' retrieved from /opt/airflow/dags/layers_update.py
[2026-04-13T06:47:57.683+0000] {logging_mixin.py:190} INFO - [2026-04-13T06:47:57.683+0000] {dag.py:3239} INFO - Sync 1 DAGs
[2026-04-13T06:47:57.701+0000] {logging_mixin.py:190} INFO - [2026-04-13T06:47:57.700+0000] {dag.py:4180} INFO - Setting next_dagrun for layers_update to None, run_after=None
[2026-04-13T06:47:57.727+0000] {processor.py:208} INFO - Processing /opt/airflow/dags/layers_update.py took 0.114 seconds
[2026-04-13T06:48:28.168+0000] {processor.py:186} INFO - Started process (PID=403) to work on /opt/airflow/dags/layers_update.py
[2026-04-13T06:48:28.170+0000] {processor.py:914} INFO - Processing file /opt/airflow/dags/layers_update.py for tasks to queue
[2026-04-13T06:48:28.173+0000] {logging_mixin.py:190} INFO - [2026-04-13T06:48:28.173+0000] {dagbag.py:588} INFO - Filling up the DagBag from /opt/airflow/dags/layers_update.py
[2026-04-13T06:48:28.199+0000] {processor.py:925} INFO - DAG(s) 'layers_update' retrieved from /opt/airflow/dags/layers_update.py
[2026-04-13T06:48:28.227+0000] {logging_mixin.py:190} INFO - [2026-04-13T06:48:28.226+0000] {dag.py:3239} INFO - Sync 1 DAGs
[2026-04-13T06:48:28.246+0000] {logging_mixin.py:190} INFO - [2026-04-13T06:48:28.245+0000] {dag.py:4180} INFO - Setting next_dagrun for layers_update to None, run_after=None
[2026-04-13T06:48:28.274+0000] {processor.py:208} INFO - Processing /opt/airflow/dags/layers_update.py took 0.115 seconds
[2026-04-13T06:48:58.518+0000] {processor.py:186} INFO - Started process (PID=406) to work on /opt/airflow/dags/layers_update.py
[2026-04-13T06:48:58.519+0000] {processor.py:914} INFO - Processing file /opt/airflow/dags/layers_update.py for tasks to queue
[2026-04-13T06:48:58.523+0000] {logging_mixin.py:190} INFO - [2026-04-13T06:48:58.522+0000] {dagbag.py:588} INFO - Filling up the DagBag from /opt/airflow/dags/layers_update.py
[2026-04-13T06:48:58.551+0000] {processor.py:925} INFO - DAG(s) 'layers_update' retrieved from /opt/airflow/dags/layers_update.py
[2026-04-13T06:48:58.582+0000] {logging_mixin.py:190} INFO - [2026-04-13T06:48:58.581+0000] {dag.py:3239} INFO - Sync 1 DAGs
[2026-04-13T06:48:58.603+0000] {logging_mixin.py:190} INFO - [2026-04-13T06:48:58.602+0000] {dag.py:4180} INFO - Setting next_dagrun for layers_update to None, run_after=None
[2026-04-13T06:48:58.859+0000] {processor.py:208} INFO - Processing /opt/airflow/dags/layers_update.py took 0.349 seconds
[2026-04-13T06:49:29.017+0000] {processor.py:186} INFO - Started process (PID=409) to work on /opt/airflow/dags/layers_update.py
[2026-04-13T06:49:29.020+0000] {processor.py:914} INFO - Processing file /opt/airflow/dags/layers_update.py for tasks to queue
[2026-04-13T06:49:29.025+0000] {logging_mixin.py:190} INFO - [2026-04-13T06:49:29.024+0000] {dagbag.py:588} INFO - Filling up the DagBag from /opt/airflow/dags/layers_update.py
[2026-04-13T06:49:29.076+0000] {processor.py:925} INFO - DAG(s) 'layers_update' retrieved from /opt/airflow/dags/layers_update.py
[2026-04-13T06:49:29.170+0000] {logging_mixin.py:190} INFO - [2026-04-13T06:49:29.170+0000] {dag.py:3239} INFO - Sync 1 DAGs
[2026-04-13T06:49:29.212+0000] {logging_mixin.py:190} INFO - [2026-04-13T06:49:29.212+0000] {dag.py:4180} INFO - Setting next_dagrun for layers_update to None, run_after=None
[2026-04-13T06:49:29.261+0000] {processor.py:208} INFO - Processing /opt/airflow/dags/layers_update.py took 0.276 seconds
[2026-04-13T06:49:59.700+0000] {processor.py:186} INFO - Started process (PID=412) to work on /opt/airflow/dags/layers_update.py
[2026-04-13T06:49:59.701+0000] {processor.py:914} INFO - Processing file /opt/airflow/dags/layers_update.py for tasks to queue
[2026-04-13T06:49:59.705+0000] {logging_mixin.py:190} INFO - [2026-04-13T06:49:59.705+0000] {dagbag.py:588} INFO - Filling up the DagBag from /opt/airflow/dags/layers_update.py
[2026-04-13T06:49:59.729+0000] {processor.py:925} INFO - DAG(s) 'layers_update' retrieved from /opt/airflow/dags/layers_update.py
[2026-04-13T06:49:59.763+0000] {logging_mixin.py:190} INFO - [2026-04-13T06:49:59.763+0000] {dag.py:3239} INFO - Sync 1 DAGs
[2026-04-13T06:49:59.791+0000] {logging_mixin.py:190} INFO - [2026-04-13T06:49:59.791+0000] {dag.py:4180} INFO - Setting next_dagrun for layers_update to None, run_after=None
[2026-04-13T06:49:59.816+0000] {processor.py:208} INFO - Processing /opt/airflow/dags/layers_update.py took 0.126 seconds
[2026-04-13T06:50:30.381+0000] {processor.py:186} INFO - Started process (PID=415) to work on /opt/airflow/dags/layers_update.py
[2026-04-13T06:50:30.382+0000] {processor.py:914} INFO - Processing file /opt/airflow/dags/layers_update.py for tasks to queue
[2026-04-13T06:50:30.385+0000] {logging_mixin.py:190} INFO - [2026-04-13T06:50:30.385+0000] {dagbag.py:588} INFO - Filling up the DagBag from /opt/airflow/dags/layers_update.py
[2026-04-13T06:50:30.404+0000] {processor.py:925} INFO - DAG(s) 'layers_update' retrieved from /opt/airflow/dags/layers_update.py
[2026-04-13T06:50:30.446+0000] {logging_mixin.py:190} INFO - [2026-04-13T06:50:30.445+0000] {dag.py:3239} INFO - Sync 1 DAGs
[2026-04-13T06:50:30.469+0000] {logging_mixin.py:190} INFO - [2026-04-13T06:50:30.468+0000] {dag.py:4180} INFO - Setting next_dagrun for layers_update to None, run_after=None
[2026-04-13T06:50:30.494+0000] {processor.py:208} INFO - Processing /opt/airflow/dags/layers_update.py took 0.126 seconds
[2026-04-13T06:51:00.971+0000] {processor.py:186} INFO - Started process (PID=418) to work on /opt/airflow/dags/layers_update.py
[2026-04-13T06:51:00.972+0000] {processor.py:914} INFO - Processing file /opt/airflow/dags/layers_update.py for tasks to queue
[2026-04-13T06:51:00.976+0000] {logging_mixin.py:190} INFO - [2026-04-13T06:51:00.976+0000] {dagbag.py:588} INFO - Filling up the DagBag from /opt/airflow/dags/layers_update.py
[2026-04-13T06:51:00.999+0000] {processor.py:925} INFO - DAG(s) 'layers_update' retrieved from /opt/airflow/dags/layers_update.py
[2026-04-13T06:51:01.029+0000] {logging_mixin.py:190} INFO - [2026-04-13T06:51:01.029+0000] {dag.py:3239} INFO - Sync 1 DAGs
[2026-04-13T06:51:01.051+0000] {logging_mixin.py:190} INFO - [2026-04-13T06:51:01.050+0000] {dag.py:4180} INFO - Setting next_dagrun for layers_update to None, run_after=None
[2026-04-13T06:51:01.087+0000] {processor.py:208} INFO - Processing /opt/airflow/dags/layers_update.py took 0.127 seconds
[2026-04-13T06:51:31.594+0000] {processor.py:186} INFO - Started process (PID=421) to work on /opt/airflow/dags/layers_update.py
[2026-04-13T06:51:31.597+0000] {processor.py:914} INFO - Processing file /opt/airflow/dags/layers_update.py for tasks to queue
[2026-04-13T06:51:31.602+0000] {logging_mixin.py:190} INFO - [2026-04-13T06:51:31.601+0000] {dagbag.py:588} INFO - Filling up the DagBag from /opt/airflow/dags/layers_update.py
[2026-04-13T06:51:31.621+0000] {processor.py:925} INFO - DAG(s) 'layers_update' retrieved from /opt/airflow/dags/layers_update.py
[2026-04-13T06:51:31.654+0000] {logging_mixin.py:190} INFO - [2026-04-13T06:51:31.654+0000] {dag.py:3239} INFO - Sync 1 DAGs
[2026-04-13T06:51:31.675+0000] {logging_mixin.py:190} INFO - [2026-04-13T06:51:31.675+0000] {dag.py:4180} INFO - Setting next_dagrun for layers_update to None, run_after=None
[2026-04-13T06:51:31.704+0000] {processor.py:208} INFO - Processing /opt/airflow/dags/layers_update.py took 0.120 seconds
[2026-04-13T06:52:02.155+0000] {processor.py:186} INFO - Started process (PID=424) to work on /opt/airflow/dags/layers_update.py
[2026-04-13T06:52:02.157+0000] {processor.py:914} INFO - Processing file /opt/airflow/dags/layers_update.py for tasks to queue
[2026-04-13T06:52:02.161+0000] {logging_mixin.py:190} INFO - [2026-04-13T06:52:02.160+0000] {dagbag.py:588} INFO - Filling up the DagBag from /opt/airflow/dags/layers_update.py
[2026-04-13T06:52:02.273+0000] {processor.py:925} INFO - DAG(s) 'layers_update' retrieved from /opt/airflow/dags/layers_update.py
[2026-04-13T06:52:02.366+0000] {logging_mixin.py:190} INFO - [2026-04-13T06:52:02.366+0000] {dag.py:3239} INFO - Sync 1 DAGs
[2026-04-13T06:52:02.436+0000] {logging_mixin.py:190} INFO - [2026-04-13T06:52:02.436+0000] {dag.py:4180} INFO - Setting next_dagrun for layers_update to None, run_after=None
[2026-04-13T06:52:02.480+0000] {processor.py:208} INFO - Processing /opt/airflow/dags/layers_update.py took 0.333 seconds
[2026-04-13T06:52:32.936+0000] {processor.py:186} INFO - Started process (PID=427) to work on /opt/airflow/dags/layers_update.py
[2026-04-13T06:52:32.937+0000] {processor.py:914} INFO - Processing file /opt/airflow/dags/layers_update.py for tasks to queue
[2026-04-13T06:52:32.940+0000] {logging_mixin.py:190} INFO - [2026-04-13T06:52:32.940+0000] {dagbag.py:588} INFO - Filling up the DagBag from /opt/airflow/dags/layers_update.py
[2026-04-13T06:52:32.962+0000] {processor.py:925} INFO - DAG(s) 'layers_update' retrieved from /opt/airflow/dags/layers_update.py
[2026-04-13T06:52:32.999+0000] {logging_mixin.py:190} INFO - [2026-04-13T06:52:32.998+0000] {dag.py:3239} INFO - Sync 1 DAGs
[2026-04-13T06:52:33.024+0000] {logging_mixin.py:190} INFO - [2026-04-13T06:52:33.023+0000] {dag.py:4180} INFO - Setting next_dagrun for layers_update to None, run_after=None
[2026-04-13T06:52:33.064+0000] {processor.py:208} INFO - Processing /opt/airflow/dags/layers_update.py took 0.138 seconds
[2026-04-13T06:53:03.571+0000] {processor.py:186} INFO - Started process (PID=430) to work on /opt/airflow/dags/layers_update.py
[2026-04-13T06:53:03.573+0000] {processor.py:914} INFO - Processing file /opt/airflow/dags/layers_update.py for tasks to queue
[2026-04-13T06:53:03.576+0000] {logging_mixin.py:190} INFO - [2026-04-13T06:53:03.576+0000] {dagbag.py:588} INFO - Filling up the DagBag from /opt/airflow/dags/layers_update.py
[2026-04-13T06:53:03.597+0000] {processor.py:925} INFO - DAG(s) 'layers_update' retrieved from /opt/airflow/dags/layers_update.py
[2026-04-13T06:53:03.624+0000] {logging_mixin.py:190} INFO - [2026-04-13T06:53:03.623+0000] {dag.py:3239} INFO - Sync 1 DAGs
[2026-04-13T06:53:03.646+0000] {logging_mixin.py:190} INFO - [2026-04-13T06:53:03.646+0000] {dag.py:4180} INFO - Setting next_dagrun for layers_update to None, run_after=None
[2026-04-13T06:53:03.668+0000] {processor.py:208} INFO - Processing /opt/airflow/dags/layers_update.py took 0.111 seconds
[2026-04-13T06:53:34.207+0000] {processor.py:186} INFO - Started process (PID=433) to work on /opt/airflow/dags/layers_update.py
[2026-04-13T06:53:34.209+0000] {processor.py:914} INFO - Processing file /opt/airflow/dags/layers_update.py for tasks to queue
[2026-04-13T06:53:34.212+0000] {logging_mixin.py:190} INFO - [2026-04-13T06:53:34.212+0000] {dagbag.py:588} INFO - Filling up the DagBag from /opt/airflow/dags/layers_update.py
[2026-04-13T06:53:34.231+0000] {processor.py:925} INFO - DAG(s) 'layers_update' retrieved from /opt/airflow/dags/layers_update.py
[2026-04-13T06:53:34.258+0000] {logging_mixin.py:190} INFO - [2026-04-13T06:53:34.258+0000] {dag.py:3239} INFO - Sync 1 DAGs
[2026-04-13T06:53:34.278+0000] {logging_mixin.py:190} INFO - [2026-04-13T06:53:34.278+0000] {dag.py:4180} INFO - Setting next_dagrun for layers_update to None, run_after=None
[2026-04-13T06:53:34.304+0000] {processor.py:208} INFO - Processing /opt/airflow/dags/layers_update.py took 0.107 seconds
[2026-04-13T06:54:04.844+0000] {processor.py:186} INFO - Started process (PID=436) to work on /opt/airflow/dags/layers_update.py
[2026-04-13T06:54:04.846+0000] {processor.py:914} INFO - Processing file /opt/airflow/dags/layers_update.py for tasks to queue
[2026-04-13T06:54:04.851+0000] {logging_mixin.py:190} INFO - [2026-04-13T06:54:04.850+0000] {dagbag.py:588} INFO - Filling up the DagBag from /opt/airflow/dags/layers_update.py
[2026-04-13T06:54:04.878+0000] {processor.py:925} INFO - DAG(s) 'layers_update' retrieved from /opt/airflow/dags/layers_update.py
[2026-04-13T06:54:04.910+0000] {logging_mixin.py:190} INFO - [2026-04-13T06:54:04.909+0000] {dag.py:3239} INFO - Sync 1 DAGs
[2026-04-13T06:54:04.929+0000] {logging_mixin.py:190} INFO - [2026-04-13T06:54:04.929+0000] {dag.py:4180} INFO - Setting next_dagrun for layers_update to None, run_after=None
[2026-04-13T06:54:04.955+0000] {processor.py:208} INFO - Processing /opt/airflow/dags/layers_update.py took 0.120 seconds
[2026-04-13T06:54:35.454+0000] {processor.py:186} INFO - Started process (PID=439) to work on /opt/airflow/dags/layers_update.py
[2026-04-13T06:54:35.455+0000] {processor.py:914} INFO - Processing file /opt/airflow/dags/layers_update.py for tasks to queue
[2026-04-13T06:54:35.458+0000] {logging_mixin.py:190} INFO - [2026-04-13T06:54:35.458+0000] {dagbag.py:588} INFO - Filling up the DagBag from /opt/airflow/dags/layers_update.py
[2026-04-13T06:54:35.484+0000] {processor.py:925} INFO - DAG(s) 'layers_update' retrieved from /opt/airflow/dags/layers_update.py
[2026-04-13T06:54:35.519+0000] {logging_mixin.py:190} INFO - [2026-04-13T06:54:35.519+0000] {dag.py:3239} INFO - Sync 1 DAGs
[2026-04-13T06:54:35.550+0000] {logging_mixin.py:190} INFO - [2026-04-13T06:54:35.550+0000] {dag.py:4180} INFO - Setting next_dagrun for layers_update to None, run_after=None
[2026-04-13T06:54:35.593+0000] {processor.py:208} INFO - Processing /opt/airflow/dags/layers_update.py took 0.165 seconds
[2026-04-13T06:55:06.049+0000] {processor.py:186} INFO - Started process (PID=442) to work on /opt/airflow/dags/layers_update.py
[2026-04-13T06:55:06.054+0000] {processor.py:914} INFO - Processing file /opt/airflow/dags/layers_update.py for tasks to queue
[2026-04-13T06:55:06.060+0000] {logging_mixin.py:190} INFO - [2026-04-13T06:55:06.060+0000] {dagbag.py:588} INFO - Filling up the DagBag from /opt/airflow/dags/layers_update.py
[2026-04-13T06:55:06.083+0000] {processor.py:925} INFO - DAG(s) 'layers_update' retrieved from /opt/airflow/dags/layers_update.py
[2026-04-13T06:55:06.110+0000] {logging_mixin.py:190} INFO - [2026-04-13T06:55:06.110+0000] {dag.py:3239} INFO - Sync 1 DAGs
[2026-04-13T06:55:06.130+0000] {logging_mixin.py:190} INFO - [2026-04-13T06:55:06.130+0000] {dag.py:4180} INFO - Setting next_dagrun for layers_update to None, run_after=None
[2026-04-13T06:55:06.154+0000] {processor.py:208} INFO - Processing /opt/airflow/dags/layers_update.py took 0.120 seconds
[2026-04-13T06:55:36.731+0000] {processor.py:186} INFO - Started process (PID=445) to work on /opt/airflow/dags/layers_update.py
[2026-04-13T06:55:36.733+0000] {processor.py:914} INFO - Processing file /opt/airflow/dags/layers_update.py for tasks to queue
[2026-04-13T06:55:36.737+0000] {logging_mixin.py:190} INFO - [2026-04-13T06:55:36.737+0000] {dagbag.py:588} INFO - Filling up the DagBag from /opt/airflow/dags/layers_update.py
[2026-04-13T06:55:36.767+0000] {processor.py:925} INFO - DAG(s) 'layers_update' retrieved from /opt/airflow/dags/layers_update.py
[2026-04-13T06:55:36.800+0000] {logging_mixin.py:190} INFO - [2026-04-13T06:55:36.799+0000] {dag.py:3239} INFO - Sync 1 DAGs
[2026-04-13T06:55:36.818+0000] {logging_mixin.py:190} INFO - [2026-04-13T06:55:36.817+0000] {dag.py:4180} INFO - Setting next_dagrun for layers_update to None, run_after=None
[2026-04-13T06:55:36.841+0000] {processor.py:208} INFO - Processing /opt/airflow/dags/layers_update.py took 0.121 seconds
[2026-04-13T06:56:07.323+0000] {processor.py:186} INFO - Started process (PID=448) to work on /opt/airflow/dags/layers_update.py
[2026-04-13T06:56:07.325+0000] {processor.py:914} INFO - Processing file /opt/airflow/dags/layers_update.py for tasks to queue
[2026-04-13T06:56:07.328+0000] {logging_mixin.py:190} INFO - [2026-04-13T06:56:07.328+0000] {dagbag.py:588} INFO - Filling up the DagBag from /opt/airflow/dags/layers_update.py
[2026-04-13T06:56:07.349+0000] {processor.py:925} INFO - DAG(s) 'layers_update' retrieved from /opt/airflow/dags/layers_update.py
[2026-04-13T06:56:07.377+0000] {logging_mixin.py:190} INFO - [2026-04-13T06:56:07.376+0000] {dag.py:3239} INFO - Sync 1 DAGs
[2026-04-13T06:56:07.395+0000] {logging_mixin.py:190} INFO - [2026-04-13T06:56:07.395+0000] {dag.py:4180} INFO - Setting next_dagrun for layers_update to None, run_after=None
[2026-04-13T06:56:07.427+0000] {processor.py:208} INFO - Processing /opt/airflow/dags/layers_update.py took 0.113 seconds
[2026-04-13T06:56:37.923+0000] {processor.py:186} INFO - Started process (PID=451) to work on /opt/airflow/dags/layers_update.py
[2026-04-13T06:56:37.925+0000] {processor.py:914} INFO - Processing file /opt/airflow/dags/layers_update.py for tasks to queue
[2026-04-13T06:56:37.929+0000] {logging_mixin.py:190} INFO - [2026-04-13T06:56:37.929+0000] {dagbag.py:588} INFO - Filling up the DagBag from /opt/airflow/dags/layers_update.py
[2026-04-13T06:56:37.966+0000] {processor.py:925} INFO - DAG(s) 'layers_update' retrieved from /opt/airflow/dags/layers_update.py
[2026-04-13T06:56:38.004+0000] {logging_mixin.py:190} INFO - [2026-04-13T06:56:38.004+0000] {dag.py:3239} INFO - Sync 1 DAGs
[2026-04-13T06:56:38.026+0000] {logging_mixin.py:190} INFO - [2026-04-13T06:56:38.026+0000] {dag.py:4180} INFO - Setting next_dagrun for layers_update to None, run_after=None
[2026-04-13T06:56:38.060+0000] {processor.py:208} INFO - Processing /opt/airflow/dags/layers_update.py took 0.148 seconds
[2026-04-13T06:57:08.588+0000] {processor.py:186} INFO - Started process (PID=454) to work on /opt/airflow/dags/layers_update.py
[2026-04-13T06:57:08.589+0000] {processor.py:914} INFO - Processing file /opt/airflow/dags/layers_update.py for tasks to queue
[2026-04-13T06:57:08.592+0000] {logging_mixin.py:190} INFO - [2026-04-13T06:57:08.592+0000] {dagbag.py:588} INFO - Filling up the DagBag from /opt/airflow/dags/layers_update.py
[2026-04-13T06:57:08.613+0000] {processor.py:925} INFO - DAG(s) 'layers_update' retrieved from /opt/airflow/dags/layers_update.py
[2026-04-13T06:57:08.642+0000] {logging_mixin.py:190} INFO - [2026-04-13T06:57:08.641+0000] {dag.py:3239} INFO - Sync 1 DAGs
[2026-04-13T06:57:08.659+0000] {logging_mixin.py:190} INFO - [2026-04-13T06:57:08.659+0000] {dag.py:4180} INFO - Setting next_dagrun for layers_update to None, run_after=None
[2026-04-13T06:57:08.685+0000] {processor.py:208} INFO - Processing /opt/airflow/dags/layers_update.py took 0.120 seconds
[2026-04-13T06:57:39.183+0000] {processor.py:186} INFO - Started process (PID=457) to work on /opt/airflow/dags/layers_update.py
[2026-04-13T06:57:39.184+0000] {processor.py:914} INFO - Processing file /opt/airflow/dags/layers_update.py for tasks to queue
[2026-04-13T06:57:39.187+0000] {logging_mixin.py:190} INFO - [2026-04-13T06:57:39.187+0000] {dagbag.py:588} INFO - Filling up the DagBag from /opt/airflow/dags/layers_update.py
[2026-04-13T06:57:39.207+0000] {processor.py:925} INFO - DAG(s) 'layers_update' retrieved from /opt/airflow/dags/layers_update.py
[2026-04-13T06:57:39.236+0000] {logging_mixin.py:190} INFO - [2026-04-13T06:57:39.235+0000] {dag.py:3239} INFO - Sync 1 DAGs
[2026-04-13T06:57:39.254+0000] {logging_mixin.py:190} INFO - [2026-04-13T06:57:39.253+0000] {dag.py:4180} INFO - Setting next_dagrun for layers_update to None, run_after=None
[2026-04-13T06:57:39.280+0000] {processor.py:208} INFO - Processing /opt/airflow/dags/layers_update.py took 0.107 seconds
[2026-04-13T06:58:09.802+0000] {processor.py:186} INFO - Started process (PID=460) to work on /opt/airflow/dags/layers_update.py
[2026-04-13T06:58:09.805+0000] {processor.py:914} INFO - Processing file /opt/airflow/dags/layers_update.py for tasks to queue
[2026-04-13T06:58:09.810+0000] {logging_mixin.py:190} INFO - [2026-04-13T06:58:09.810+0000] {dagbag.py:588} INFO - Filling up the DagBag from /opt/airflow/dags/layers_update.py
[2026-04-13T06:58:09.835+0000] {processor.py:925} INFO - DAG(s) 'layers_update' retrieved from /opt/airflow/dags/layers_update.py
[2026-04-13T06:58:09.871+0000] {logging_mixin.py:190} INFO - [2026-04-13T06:58:09.871+0000] {dag.py:3239} INFO - Sync 1 DAGs
[2026-04-13T06:58:09.894+0000] {logging_mixin.py:190} INFO - [2026-04-13T06:58:09.894+0000] {dag.py:4180} INFO - Setting next_dagrun for layers_update to None, run_after=None
[2026-04-13T06:58:09.921+0000] {processor.py:208} INFO - Processing /opt/airflow/dags/layers_update.py took 0.133 seconds
[2026-04-13T06:58:40.411+0000] {processor.py:186} INFO - Started process (PID=463) to work on /opt/airflow/dags/layers_update.py
[2026-04-13T06:58:40.413+0000] {processor.py:914} INFO - Processing file /opt/airflow/dags/layers_update.py for tasks to queue
[2026-04-13T06:58:40.417+0000] {logging_mixin.py:190} INFO - [2026-04-13T06:58:40.416+0000] {dagbag.py:588} INFO - Filling up the DagBag from /opt/airflow/dags/layers_update.py
[2026-04-13T06:58:40.439+0000] {processor.py:925} INFO - DAG(s) 'layers_update' retrieved from /opt/airflow/dags/layers_update.py
[2026-04-13T06:58:40.469+0000] {logging_mixin.py:190} INFO - [2026-04-13T06:58:40.469+0000] {dag.py:3239} INFO - Sync 1 DAGs
[2026-04-13T06:58:40.490+0000] {logging_mixin.py:190} INFO - [2026-04-13T06:58:40.490+0000] {dag.py:4180} INFO - Setting next_dagrun for layers_update to None, run_after=None
[2026-04-13T06:58:40.848+0000] {processor.py:208} INFO - Processing /opt/airflow/dags/layers_update.py took 0.446 seconds
[2026-04-13T06:59:11.304+0000] {processor.py:186} INFO - Started process (PID=466) to work on /opt/airflow/dags/layers_update.py
[2026-04-13T06:59:11.306+0000] {processor.py:914} INFO - Processing file /opt/airflow/dags/layers_update.py for tasks to queue
[2026-04-13T06:59:11.311+0000] {logging_mixin.py:190} INFO - [2026-04-13T06:59:11.310+0000] {dagbag.py:588} INFO - Filling up the DagBag from /opt/airflow/dags/layers_update.py
[2026-04-13T06:59:11.350+0000] {processor.py:925} INFO - DAG(s) 'layers_update' retrieved from /opt/airflow/dags/layers_update.py
[2026-04-13T06:59:11.433+0000] {logging_mixin.py:190} INFO - [2026-04-13T06:59:11.432+0000] {dag.py:3239} INFO - Sync 1 DAGs
[2026-04-13T06:59:11.475+0000] {logging_mixin.py:190} INFO - [2026-04-13T06:59:11.475+0000] {dag.py:4180} INFO - Setting next_dagrun for layers_update to None, run_after=None
[2026-04-13T06:59:11.532+0000] {processor.py:208} INFO - Processing /opt/airflow/dags/layers_update.py took 0.240 seconds
[2026-04-13T06:59:42.149+0000] {processor.py:186} INFO - Started process (PID=469) to work on /opt/airflow/dags/layers_update.py
[2026-04-13T06:59:42.150+0000] {processor.py:914} INFO - Processing file /opt/airflow/dags/layers_update.py for tasks to queue
[2026-04-13T06:59:42.153+0000] {logging_mixin.py:190} INFO - [2026-04-13T06:59:42.153+0000] {dagbag.py:588} INFO - Filling up the DagBag from /opt/airflow/dags/layers_update.py
[2026-04-13T06:59:42.174+0000] {processor.py:925} INFO - DAG(s) 'layers_update' retrieved from /opt/airflow/dags/layers_update.py
[2026-04-13T06:59:42.202+0000] {logging_mixin.py:190} INFO - [2026-04-13T06:59:42.201+0000] {dag.py:3239} INFO - Sync 1 DAGs
[2026-04-13T06:59:42.219+0000] {logging_mixin.py:190} INFO - [2026-04-13T06:59:42.219+0000] {dag.py:4180} INFO - Setting next_dagrun for layers_update to None, run_after=None
[2026-04-13T06:59:42.249+0000] {processor.py:208} INFO - Processing /opt/airflow/dags/layers_update.py took 0.109 seconds
[2026-04-13T07:00:12.897+0000] {processor.py:186} INFO - Started process (PID=472) to work on /opt/airflow/dags/layers_update.py
[2026-04-13T07:00:12.899+0000] {processor.py:914} INFO - Processing file /opt/airflow/dags/layers_update.py for tasks to queue
[2026-04-13T07:00:12.904+0000] {logging_mixin.py:190} INFO - [2026-04-13T07:00:12.904+0000] {dagbag.py:588} INFO - Filling up the DagBag from /opt/airflow/dags/layers_update.py
[2026-04-13T07:00:12.994+0000] {processor.py:925} INFO - DAG(s) 'layers_update' retrieved from /opt/airflow/dags/layers_update.py
[2026-04-13T07:00:13.078+0000] {logging_mixin.py:190} INFO - [2026-04-13T07:00:13.077+0000] {dag.py:3239} INFO - Sync 1 DAGs
[2026-04-13T07:00:13.097+0000] {logging_mixin.py:190} INFO - [2026-04-13T07:00:13.097+0000] {dag.py:4180} INFO - Setting next_dagrun for layers_update to None, run_after=None
[2026-04-13T07:00:13.120+0000] {processor.py:208} INFO - Processing /opt/airflow/dags/layers_update.py took 0.234 seconds
[2026-04-13T07:00:43.541+0000] {processor.py:186} INFO - Started process (PID=475) to work on /opt/airflow/dags/layers_update.py
[2026-04-13T07:00:43.543+0000] {processor.py:914} INFO - Processing file /opt/airflow/dags/layers_update.py for tasks to queue
[2026-04-13T07:00:43.546+0000] {logging_mixin.py:190} INFO - [2026-04-13T07:00:43.545+0000] {dagbag.py:588} INFO - Filling up the DagBag from /opt/airflow/dags/layers_update.py
[2026-04-13T07:00:43.565+0000] {processor.py:925} INFO - DAG(s) 'layers_update' retrieved from /opt/airflow/dags/layers_update.py
[2026-04-13T07:00:43.593+0000] {logging_mixin.py:190} INFO - [2026-04-13T07:00:43.593+0000] {dag.py:3239} INFO - Sync 1 DAGs
[2026-04-13T07:00:43.617+0000] {logging_mixin.py:190} INFO - [2026-04-13T07:00:43.617+0000] {dag.py:4180} INFO - Setting next_dagrun for layers_update to None, run_after=None
[2026-04-13T07:00:43.656+0000] {processor.py:208} INFO - Processing /opt/airflow/dags/layers_update.py took 0.123 seconds
[2026-04-13T07:01:14.160+0000] {processor.py:186} INFO - Started process (PID=478) to work on /opt/airflow/dags/layers_update.py
[2026-04-13T07:01:14.161+0000] {processor.py:914} INFO - Processing file /opt/airflow/dags/layers_update.py for tasks to queue
[2026-04-13T07:01:14.165+0000] {logging_mixin.py:190} INFO - [2026-04-13T07:01:14.164+0000] {dagbag.py:588} INFO - Filling up the DagBag from /opt/airflow/dags/layers_update.py
[2026-04-13T07:01:14.184+0000] {processor.py:925} INFO - DAG(s) 'layers_update' retrieved from /opt/airflow/dags/layers_update.py
[2026-04-13T07:01:14.212+0000] {logging_mixin.py:190} INFO - [2026-04-13T07:01:14.212+0000] {dag.py:3239} INFO - Sync 1 DAGs
[2026-04-13T07:01:14.231+0000] {logging_mixin.py:190} INFO - [2026-04-13T07:01:14.231+0000] {dag.py:4180} INFO - Setting next_dagrun for layers_update to None, run_after=None
[2026-04-13T07:01:14.259+0000] {processor.py:208} INFO - Processing /opt/airflow/dags/layers_update.py took 0.115 seconds
[2026-04-13T07:01:44.952+0000] {processor.py:186} INFO - Started process (PID=481) to work on /opt/airflow/dags/layers_update.py
[2026-04-13T07:01:44.954+0000] {processor.py:914} INFO - Processing file /opt/airflow/dags/layers_update.py for tasks to queue
[2026-04-13T07:01:44.966+0000] {logging_mixin.py:190} INFO - [2026-04-13T07:01:44.963+0000] {dagbag.py:588} INFO - Filling up the DagBag from /opt/airflow/dags/layers_update.py
[2026-04-13T07:01:44.993+0000] {processor.py:925} INFO - DAG(s) 'layers_update' retrieved from /opt/airflow/dags/layers_update.py
[2026-04-13T07:01:45.025+0000] {logging_mixin.py:190} INFO - [2026-04-13T07:01:45.025+0000] {dag.py:3239} INFO - Sync 1 DAGs
[2026-04-13T07:01:45.049+0000] {logging_mixin.py:190} INFO - [2026-04-13T07:01:45.048+0000] {dag.py:4180} INFO - Setting next_dagrun for layers_update to None, run_after=None
[2026-04-13T07:01:45.109+0000] {processor.py:208} INFO - Processing /opt/airflow/dags/layers_update.py took 0.169 seconds
[2026-04-13T07:02:15.583+0000] {processor.py:186} INFO - Started process (PID=484) to work on /opt/airflow/dags/layers_update.py
[2026-04-13T07:02:15.584+0000] {processor.py:914} INFO - Processing file /opt/airflow/dags/layers_update.py for tasks to queue
[2026-04-13T07:02:15.588+0000] {logging_mixin.py:190} INFO - [2026-04-13T07:02:15.587+0000] {dagbag.py:588} INFO - Filling up the DagBag from /opt/airflow/dags/layers_update.py
[2026-04-13T07:02:15.617+0000] {processor.py:925} INFO - DAG(s) 'layers_update' retrieved from /opt/airflow/dags/layers_update.py
[2026-04-13T07:02:15.662+0000] {logging_mixin.py:190} INFO - [2026-04-13T07:02:15.661+0000] {dag.py:3239} INFO - Sync 1 DAGs
[2026-04-13T07:02:15.684+0000] {logging_mixin.py:190} INFO - [2026-04-13T07:02:15.684+0000] {dag.py:4180} INFO - Setting next_dagrun for layers_update to None, run_after=None
[2026-04-13T07:02:15.721+0000] {processor.py:208} INFO - Processing /opt/airflow/dags/layers_update.py took 0.146 seconds
[2026-04-13T07:02:46.204+0000] {processor.py:186} INFO - Started process (PID=487) to work on /opt/airflow/dags/layers_update.py
[2026-04-13T07:02:46.207+0000] {processor.py:914} INFO - Processing file /opt/airflow/dags/layers_update.py for tasks to queue
[2026-04-13T07:02:46.213+0000] {logging_mixin.py:190} INFO - [2026-04-13T07:02:46.211+0000] {dagbag.py:588} INFO - Filling up the DagBag from /opt/airflow/dags/layers_update.py
[2026-04-13T07:02:46.239+0000] {processor.py:925} INFO - DAG(s) 'layers_update' retrieved from /opt/airflow/dags/layers_update.py
[2026-04-13T07:02:46.284+0000] {logging_mixin.py:190} INFO - [2026-04-13T07:02:46.284+0000] {dag.py:3239} INFO - Sync 1 DAGs
[2026-04-13T07:02:46.304+0000] {logging_mixin.py:190} INFO - [2026-04-13T07:02:46.304+0000] {dag.py:4180} INFO - Setting next_dagrun for layers_update to None, run_after=None
[2026-04-13T07:02:46.337+0000] {processor.py:208} INFO - Processing /opt/airflow/dags/layers_update.py took 0.143 seconds
[2026-04-13T07:03:17.004+0000] {processor.py:186} INFO - Started process (PID=490) to work on /opt/airflow/dags/layers_update.py
[2026-04-13T07:03:17.009+0000] {processor.py:914} INFO - Processing file /opt/airflow/dags/layers_update.py for tasks to queue
[2026-04-13T07:03:17.013+0000] {logging_mixin.py:190} INFO - [2026-04-13T07:03:17.012+0000] {dagbag.py:588} INFO - Filling up the DagBag from /opt/airflow/dags/layers_update.py
[2026-04-13T07:03:17.035+0000] {processor.py:925} INFO - DAG(s) 'layers_update' retrieved from /opt/airflow/dags/layers_update.py
[2026-04-13T07:03:17.071+0000] {logging_mixin.py:190} INFO - [2026-04-13T07:03:17.071+0000] {dag.py:3239} INFO - Sync 1 DAGs
[2026-04-13T07:03:17.092+0000] {logging_mixin.py:190} INFO - [2026-04-13T07:03:17.092+0000] {dag.py:4180} INFO - Setting next_dagrun for layers_update to None, run_after=None
[2026-04-13T07:03:17.119+0000] {processor.py:208} INFO - Processing /opt/airflow/dags/layers_update.py took 0.135 seconds
[2026-04-13T07:03:47.539+0000] {processor.py:186} INFO - Started process (PID=493) to work on /opt/airflow/dags/layers_update.py
[2026-04-13T07:03:47.541+0000] {processor.py:914} INFO - Processing file /opt/airflow/dags/layers_update.py for tasks to queue
[2026-04-13T07:03:47.546+0000] {logging_mixin.py:190} INFO - [2026-04-13T07:03:47.546+0000] {dagbag.py:588} INFO - Filling up the DagBag from /opt/airflow/dags/layers_update.py
[2026-04-13T07:03:47.572+0000] {processor.py:925} INFO - DAG(s) 'layers_update' retrieved from /opt/airflow/dags/layers_update.py
[2026-04-13T07:03:47.603+0000] {logging_mixin.py:190} INFO - [2026-04-13T07:03:47.602+0000] {dag.py:3239} INFO - Sync 1 DAGs
[2026-04-13T07:03:47.622+0000] {logging_mixin.py:190} INFO - [2026-04-13T07:03:47.622+0000] {dag.py:4180} INFO - Setting next_dagrun for layers_update to None, run_after=None
[2026-04-13T07:03:47.665+0000] {processor.py:208} INFO - Processing /opt/airflow/dags/layers_update.py took 0.136 seconds
[2026-04-13T07:04:18.299+0000] {processor.py:186} INFO - Started process (PID=496) to work on /opt/airflow/dags/layers_update.py
[2026-04-13T07:04:18.301+0000] {processor.py:914} INFO - Processing file /opt/airflow/dags/layers_update.py for tasks to queue
[2026-04-13T07:04:18.305+0000] {logging_mixin.py:190} INFO - [2026-04-13T07:04:18.304+0000] {dagbag.py:588} INFO - Filling up the DagBag from /opt/airflow/dags/layers_update.py
[2026-04-13T07:04:18.324+0000] {processor.py:925} INFO - DAG(s) 'layers_update' retrieved from /opt/airflow/dags/layers_update.py
[2026-04-13T07:04:18.363+0000] {logging_mixin.py:190} INFO - [2026-04-13T07:04:18.363+0000] {dag.py:3239} INFO - Sync 1 DAGs
[2026-04-13T07:04:18.676+0000] {logging_mixin.py:190} INFO - [2026-04-13T07:04:18.676+0000] {dag.py:4180} INFO - Setting next_dagrun for layers_update to None, run_after=None
[2026-04-13T07:04:18.701+0000] {processor.py:208} INFO - Processing /opt/airflow/dags/layers_update.py took 0.415 seconds
[2026-04-13T07:04:49.166+0000] {processor.py:186} INFO - Started process (PID=499) to work on /opt/airflow/dags/layers_update.py
[2026-04-13T07:04:49.168+0000] {processor.py:914} INFO - Processing file /opt/airflow/dags/layers_update.py for tasks to queue
[2026-04-13T07:04:49.171+0000] {logging_mixin.py:190} INFO - [2026-04-13T07:04:49.171+0000] {dagbag.py:588} INFO - Filling up the DagBag from /opt/airflow/dags/layers_update.py
[2026-04-13T07:04:49.192+0000] {processor.py:925} INFO - DAG(s) 'layers_update' retrieved from /opt/airflow/dags/layers_update.py
[2026-04-13T07:04:49.221+0000] {logging_mixin.py:190} INFO - [2026-04-13T07:04:49.221+0000] {dag.py:3239} INFO - Sync 1 DAGs
[2026-04-13T07:04:49.243+0000] {logging_mixin.py:190} INFO - [2026-04-13T07:04:49.243+0000] {dag.py:4180} INFO - Setting next_dagrun for layers_update to None, run_after=None
[2026-04-13T07:04:49.275+0000] {processor.py:208} INFO - Processing /opt/airflow/dags/layers_update.py took 0.121 seconds
[2026-04-13T07:05:19.795+0000] {processor.py:186} INFO - Started process (PID=502) to work on /opt/airflow/dags/layers_update.py
[2026-04-13T07:05:19.797+0000] {processor.py:914} INFO - Processing file /opt/airflow/dags/layers_update.py for tasks to queue
[2026-04-13T07:05:19.800+0000] {logging_mixin.py:190} INFO - [2026-04-13T07:05:19.799+0000] {dagbag.py:588} INFO - Filling up the DagBag from /opt/airflow/dags/layers_update.py
[2026-04-13T07:05:19.827+0000] {processor.py:925} INFO - DAG(s) 'layers_update' retrieved from /opt/airflow/dags/layers_update.py
[2026-04-13T07:05:19.855+0000] {logging_mixin.py:190} INFO - [2026-04-13T07:05:19.855+0000] {dag.py:3239} INFO - Sync 1 DAGs
[2026-04-13T07:05:19.874+0000] {logging_mixin.py:190} INFO - [2026-04-13T07:05:19.874+0000] {dag.py:4180} INFO - Setting next_dagrun for layers_update to None, run_after=None
[2026-04-13T07:05:19.899+0000] {processor.py:208} INFO - Processing /opt/airflow/dags/layers_update.py took 0.114 seconds
[2026-04-13T07:05:50.360+0000] {processor.py:186} INFO - Started process (PID=505) to work on /opt/airflow/dags/layers_update.py
[2026-04-13T07:05:50.362+0000] {processor.py:914} INFO - Processing file /opt/airflow/dags/layers_update.py for tasks to queue
[2026-04-13T07:05:50.366+0000] {logging_mixin.py:190} INFO - [2026-04-13T07:05:50.365+0000] {dagbag.py:588} INFO - Filling up the DagBag from /opt/airflow/dags/layers_update.py
[2026-04-13T07:05:50.391+0000] {processor.py:925} INFO - DAG(s) 'layers_update' retrieved from /opt/airflow/dags/layers_update.py
[2026-04-13T07:05:50.424+0000] {logging_mixin.py:190} INFO - [2026-04-13T07:05:50.423+0000] {dag.py:3239} INFO - Sync 1 DAGs
[2026-04-13T07:05:50.443+0000] {logging_mixin.py:190} INFO - [2026-04-13T07:05:50.443+0000] {dag.py:4180} INFO - Setting next_dagrun for layers_update to None, run_after=None
[2026-04-13T07:05:50.477+0000] {processor.py:208} INFO - Processing /opt/airflow/dags/layers_update.py took 0.127 seconds
[2026-04-13T07:06:21.004+0000] {processor.py:186} INFO - Started process (PID=508) to work on /opt/airflow/dags/layers_update.py
[2026-04-13T07:06:21.006+0000] {processor.py:914} INFO - Processing file /opt/airflow/dags/layers_update.py for tasks to queue
[2026-04-13T07:06:21.012+0000] {logging_mixin.py:190} INFO - [2026-04-13T07:06:21.011+0000] {dagbag.py:588} INFO - Filling up the DagBag from /opt/airflow/dags/layers_update.py
[2026-04-13T07:06:21.037+0000] {processor.py:925} INFO - DAG(s) 'layers_update' retrieved from /opt/airflow/dags/layers_update.py
[2026-04-13T07:06:21.068+0000] {logging_mixin.py:190} INFO - [2026-04-13T07:06:21.068+0000] {dag.py:3239} INFO - Sync 1 DAGs
[2026-04-13T07:06:21.089+0000] {logging_mixin.py:190} INFO - [2026-04-13T07:06:21.088+0000] {dag.py:4180} INFO - Setting next_dagrun for layers_update to None, run_after=None
[2026-04-13T07:06:21.346+0000] {processor.py:208} INFO - Processing /opt/airflow/dags/layers_update.py took 0.351 seconds
[2026-04-13T07:06:51.820+0000] {processor.py:186} INFO - Started process (PID=511) to work on /opt/airflow/dags/layers_update.py
[2026-04-13T07:06:51.821+0000] {processor.py:914} INFO - Processing file /opt/airflow/dags/layers_update.py for tasks to queue
[2026-04-13T07:06:51.828+0000] {logging_mixin.py:190} INFO - [2026-04-13T07:06:51.827+0000] {dagbag.py:588} INFO - Filling up the DagBag from /opt/airflow/dags/layers_update.py
[2026-04-13T07:06:51.851+0000] {processor.py:925} INFO - DAG(s) 'layers_update' retrieved from /opt/airflow/dags/layers_update.py
[2026-04-13T07:06:51.886+0000] {logging_mixin.py:190} INFO - [2026-04-13T07:06:51.886+0000] {dag.py:3239} INFO - Sync 1 DAGs
[2026-04-13T07:06:51.907+0000] {logging_mixin.py:190} INFO - [2026-04-13T07:06:51.907+0000] {dag.py:4180} INFO - Setting next_dagrun for layers_update to None, run_after=None
[2026-04-13T07:06:51.936+0000] {processor.py:208} INFO - Processing /opt/airflow/dags/layers_update.py took 0.125 seconds
[2026-04-13T07:07:22.484+0000] {processor.py:186} INFO - Started process (PID=514) to work on /opt/airflow/dags/layers_update.py
[2026-04-13T07:07:22.486+0000] {processor.py:914} INFO - Processing file /opt/airflow/dags/layers_update.py for tasks to queue
[2026-04-13T07:07:22.490+0000] {logging_mixin.py:190} INFO - [2026-04-13T07:07:22.489+0000] {dagbag.py:588} INFO - Filling up the DagBag from /opt/airflow/dags/layers_update.py
[2026-04-13T07:07:22.511+0000] {processor.py:925} INFO - DAG(s) 'layers_update' retrieved from /opt/airflow/dags/layers_update.py
[2026-04-13T07:07:22.547+0000] {logging_mixin.py:190} INFO - [2026-04-13T07:07:22.546+0000] {dag.py:3239} INFO - Sync 1 DAGs
[2026-04-13T07:07:22.570+0000] {logging_mixin.py:190} INFO - [2026-04-13T07:07:22.569+0000] {dag.py:4180} INFO - Setting next_dagrun for layers_update to None, run_after=None
[2026-04-13T07:07:22.680+0000] {processor.py:208} INFO - Processing /opt/airflow/dags/layers_update.py took 0.205 seconds
[2026-04-13T07:07:53.204+0000] {processor.py:186} INFO - Started process (PID=517) to work on /opt/airflow/dags/layers_update.py
[2026-04-13T07:07:53.207+0000] {processor.py:914} INFO - Processing file /opt/airflow/dags/layers_update.py for tasks to queue
[2026-04-13T07:07:53.213+0000] {logging_mixin.py:190} INFO - [2026-04-13T07:07:53.213+0000] {dagbag.py:588} INFO - Filling up the DagBag from /opt/airflow/dags/layers_update.py
[2026-04-13T07:07:53.273+0000] {processor.py:925} INFO - DAG(s) 'layers_update' retrieved from /opt/airflow/dags/layers_update.py
[2026-04-13T07:07:53.330+0000] {logging_mixin.py:190} INFO - [2026-04-13T07:07:53.330+0000] {dag.py:3239} INFO - Sync 1 DAGs
[2026-04-13T07:07:53.355+0000] {logging_mixin.py:190} INFO - [2026-04-13T07:07:53.355+0000] {dag.py:4180} INFO - Setting next_dagrun for layers_update to None, run_after=None
[2026-04-13T07:07:53.409+0000] {processor.py:208} INFO - Processing /opt/airflow/dags/layers_update.py took 0.220 seconds
[2026-04-13T07:08:23.749+0000] {processor.py:186} INFO - Started process (PID=520) to work on /opt/airflow/dags/layers_update.py
[2026-04-13T07:08:23.751+0000] {processor.py:914} INFO - Processing file /opt/airflow/dags/layers_update.py for tasks to queue
[2026-04-13T07:08:23.754+0000] {logging_mixin.py:190} INFO - [2026-04-13T07:08:23.754+0000] {dagbag.py:588} INFO - Filling up the DagBag from /opt/airflow/dags/layers_update.py
[2026-04-13T07:08:23.772+0000] {processor.py:925} INFO - DAG(s) 'layers_update' retrieved from /opt/airflow/dags/layers_update.py
[2026-04-13T07:08:23.796+0000] {logging_mixin.py:190} INFO - [2026-04-13T07:08:23.795+0000] {dag.py:3239} INFO - Sync 1 DAGs
[2026-04-13T07:08:23.814+0000] {logging_mixin.py:190} INFO - [2026-04-13T07:08:23.814+0000] {dag.py:4180} INFO - Setting next_dagrun for layers_update to None, run_after=None
[2026-04-13T07:08:23.838+0000] {processor.py:208} INFO - Processing /opt/airflow/dags/layers_update.py took 0.098 seconds
[2026-04-13T07:08:54.400+0000] {processor.py:186} INFO - Started process (PID=523) to work on /opt/airflow/dags/layers_update.py
[2026-04-13T07:08:54.401+0000] {processor.py:914} INFO - Processing file /opt/airflow/dags/layers_update.py for tasks to queue
[2026-04-13T07:08:54.407+0000] {logging_mixin.py:190} INFO - [2026-04-13T07:08:54.406+0000] {dagbag.py:588} INFO - Filling up the DagBag from /opt/airflow/dags/layers_update.py
[2026-04-13T07:08:54.429+0000] {processor.py:925} INFO - DAG(s) 'layers_update' retrieved from /opt/airflow/dags/layers_update.py
[2026-04-13T07:08:54.460+0000] {logging_mixin.py:190} INFO - [2026-04-13T07:08:54.459+0000] {dag.py:3239} INFO - Sync 1 DAGs
[2026-04-13T07:08:54.480+0000] {logging_mixin.py:190} INFO - [2026-04-13T07:08:54.480+0000] {dag.py:4180} INFO - Setting next_dagrun for layers_update to None, run_after=None
[2026-04-13T07:08:54.508+0000] {processor.py:208} INFO - Processing /opt/airflow/dags/layers_update.py took 0.122 seconds
[2026-04-13T07:09:25.272+0000] {processor.py:186} INFO - Started process (PID=526) to work on /opt/airflow/dags/layers_update.py
[2026-04-13T07:09:25.274+0000] {processor.py:914} INFO - Processing file /opt/airflow/dags/layers_update.py for tasks to queue
[2026-04-13T07:09:25.279+0000] {logging_mixin.py:190} INFO - [2026-04-13T07:09:25.278+0000] {dagbag.py:588} INFO - Filling up the DagBag from /opt/airflow/dags/layers_update.py
[2026-04-13T07:09:25.303+0000] {processor.py:925} INFO - DAG(s) 'layers_update' retrieved from /opt/airflow/dags/layers_update.py
[2026-04-13T07:09:25.336+0000] {logging_mixin.py:190} INFO - [2026-04-13T07:09:25.335+0000] {dag.py:3239} INFO - Sync 1 DAGs
[2026-04-13T07:09:25.357+0000] {logging_mixin.py:190} INFO - [2026-04-13T07:09:25.357+0000] {dag.py:4180} INFO - Setting next_dagrun for layers_update to None, run_after=None
[2026-04-13T07:09:25.385+0000] {processor.py:208} INFO - Processing /opt/airflow/dags/layers_update.py took 0.126 seconds
[2026-04-13T07:09:55.886+0000] {processor.py:186} INFO - Started process (PID=529) to work on /opt/airflow/dags/layers_update.py
[2026-04-13T07:09:55.888+0000] {processor.py:914} INFO - Processing file /opt/airflow/dags/layers_update.py for tasks to queue
[2026-04-13T07:09:55.891+0000] {logging_mixin.py:190} INFO - [2026-04-13T07:09:55.891+0000] {dagbag.py:588} INFO - Filling up the DagBag from /opt/airflow/dags/layers_update.py
[2026-04-13T07:09:55.909+0000] {processor.py:925} INFO - DAG(s) 'layers_update' retrieved from /opt/airflow/dags/layers_update.py
[2026-04-13T07:09:55.935+0000] {logging_mixin.py:190} INFO - [2026-04-13T07:09:55.934+0000] {dag.py:3239} INFO - Sync 1 DAGs
[2026-04-13T07:09:55.960+0000] {logging_mixin.py:190} INFO - [2026-04-13T07:09:55.960+0000] {dag.py:4180} INFO - Setting next_dagrun for layers_update to None, run_after=None
[2026-04-13T07:09:55.982+0000] {processor.py:208} INFO - Processing /opt/airflow/dags/layers_update.py took 0.106 seconds
[2026-04-13T07:10:26.550+0000] {processor.py:186} INFO - Started process (PID=532) to work on /opt/airflow/dags/layers_update.py
[2026-04-13T07:10:26.551+0000] {processor.py:914} INFO - Processing file /opt/airflow/dags/layers_update.py for tasks to queue
[2026-04-13T07:10:26.555+0000] {logging_mixin.py:190} INFO - [2026-04-13T07:10:26.554+0000] {dagbag.py:588} INFO - Filling up the DagBag from /opt/airflow/dags/layers_update.py
[2026-04-13T07:10:26.571+0000] {processor.py:925} INFO - DAG(s) 'layers_update' retrieved from /opt/airflow/dags/layers_update.py
[2026-04-13T07:10:26.595+0000] {logging_mixin.py:190} INFO - [2026-04-13T07:10:26.595+0000] {dag.py:3239} INFO - Sync 1 DAGs
[2026-04-13T07:10:26.612+0000] {logging_mixin.py:190} INFO - [2026-04-13T07:10:26.612+0000] {dag.py:4180} INFO - Setting next_dagrun for layers_update to None, run_after=None
[2026-04-13T07:10:26.635+0000] {processor.py:208} INFO - Processing /opt/airflow/dags/layers_update.py took 0.095 seconds
[2026-04-13T07:10:57.070+0000] {processor.py:186} INFO - Started process (PID=535) to work on /opt/airflow/dags/layers_update.py
[2026-04-13T07:10:57.072+0000] {processor.py:914} INFO - Processing file /opt/airflow/dags/layers_update.py for tasks to queue
[2026-04-13T07:10:57.076+0000] {logging_mixin.py:190} INFO - [2026-04-13T07:10:57.075+0000] {dagbag.py:588} INFO - Filling up the DagBag from /opt/airflow/dags/layers_update.py
[2026-04-13T07:10:57.093+0000] {processor.py:925} INFO - DAG(s) 'layers_update' retrieved from /opt/airflow/dags/layers_update.py
[2026-04-13T07:10:57.119+0000] {logging_mixin.py:190} INFO - [2026-04-13T07:10:57.119+0000] {dag.py:3239} INFO - Sync 1 DAGs
[2026-04-13T07:10:57.137+0000] {logging_mixin.py:190} INFO - [2026-04-13T07:10:57.137+0000] {dag.py:4180} INFO - Setting next_dagrun for layers_update to None, run_after=None
[2026-04-13T07:10:57.162+0000] {processor.py:208} INFO - Processing /opt/airflow/dags/layers_update.py took 0.106 seconds
[2026-04-13T07:11:27.988+0000] {processor.py:186} INFO - Started process (PID=538) to work on /opt/airflow/dags/layers_update.py
[2026-04-13T07:11:27.990+0000] {processor.py:914} INFO - Processing file /opt/airflow/dags/layers_update.py for tasks to queue
[2026-04-13T07:11:27.993+0000] {logging_mixin.py:190} INFO - [2026-04-13T07:11:27.992+0000] {dagbag.py:588} INFO - Filling up the DagBag from /opt/airflow/dags/layers_update.py
[2026-04-13T07:11:28.020+0000] {processor.py:925} INFO - DAG(s) 'layers_update' retrieved from /opt/airflow/dags/layers_update.py
[2026-04-13T07:11:28.059+0000] {logging_mixin.py:190} INFO - [2026-04-13T07:11:28.059+0000] {dag.py:3239} INFO - Sync 1 DAGs
[2026-04-13T07:11:28.086+0000] {logging_mixin.py:190} INFO - [2026-04-13T07:11:28.086+0000] {dag.py:4180} INFO - Setting next_dagrun for layers_update to None, run_after=None
[2026-04-13T07:11:28.112+0000] {processor.py:208} INFO - Processing /opt/airflow/dags/layers_update.py took 0.135 seconds
[2026-04-13T07:13:08.525+0000] {processor.py:186} INFO - Started process (PID=31) to work on /opt/airflow/dags/layers_update.py
[2026-04-13T07:13:08.527+0000] {processor.py:914} INFO - Processing file /opt/airflow/dags/layers_update.py for tasks to queue
[2026-04-13T07:13:08.531+0000] {logging_mixin.py:190} INFO - [2026-04-13T07:13:08.530+0000] {dagbag.py:588} INFO - Filling up the DagBag from /opt/airflow/dags/layers_update.py
[2026-04-13T07:13:08.592+0000] {processor.py:925} INFO - DAG(s) 'layers_update' retrieved from /opt/airflow/dags/layers_update.py
[2026-04-13T07:13:09.028+0000] {logging_mixin.py:190} INFO - [2026-04-13T07:13:09.027+0000] {override.py:1912} INFO - Created Permission View: can edit on DAG:layers_update
[2026-04-13T07:13:09.092+0000] {logging_mixin.py:190} INFO - [2026-04-13T07:13:09.091+0000] {override.py:1912} INFO - Created Permission View: can delete on DAG:layers_update
[2026-04-13T07:13:09.159+0000] {logging_mixin.py:190} INFO - [2026-04-13T07:13:09.159+0000] {override.py:1912} INFO - Created Permission View: can read on DAG:layers_update
[2026-04-13T07:13:09.214+0000] {logging_mixin.py:190} INFO - [2026-04-13T07:13:09.213+0000] {override.py:1912} INFO - Created Permission View: can create on DAG Run:layers_update
[2026-04-13T07:13:09.244+0000] {logging_mixin.py:190} INFO - [2026-04-13T07:13:09.244+0000] {override.py:1912} INFO - Created Permission View: can delete on DAG Run:layers_update
[2026-04-13T07:13:09.279+0000] {logging_mixin.py:190} INFO - [2026-04-13T07:13:09.278+0000] {override.py:1912} INFO - Created Permission View: menu access on DAG Run:layers_update
[2026-04-13T07:13:09.320+0000] {logging_mixin.py:190} INFO - [2026-04-13T07:13:09.320+0000] {override.py:1912} INFO - Created Permission View: can read on DAG Run:layers_update
[2026-04-13T07:13:09.324+0000] {logging_mixin.py:190} INFO - [2026-04-13T07:13:09.324+0000] {dag.py:3239} INFO - Sync 1 DAGs
[2026-04-13T07:13:09.368+0000] {logging_mixin.py:190} INFO - [2026-04-13T07:13:09.357+0000] {dag.py:3262} INFO - Creating ORM DAG for layers_update
[2026-04-13T07:13:09.373+0000] {logging_mixin.py:190} INFO - [2026-04-13T07:13:09.372+0000] {dag.py:4180} INFO - Setting next_dagrun for layers_update to None, run_after=None
[2026-04-13T07:13:09.450+0000] {processor.py:208} INFO - Processing /opt/airflow/dags/layers_update.py took 0.947 seconds
[2026-04-13T07:13:40.150+0000] {processor.py:186} INFO - Started process (PID=34) to work on /opt/airflow/dags/layers_update.py
[2026-04-13T07:13:40.152+0000] {processor.py:914} INFO - Processing file /opt/airflow/dags/layers_update.py for tasks to queue
[2026-04-13T07:13:40.155+0000] {logging_mixin.py:190} INFO - [2026-04-13T07:13:40.155+0000] {dagbag.py:588} INFO - Filling up the DagBag from /opt/airflow/dags/layers_update.py
[2026-04-13T07:13:40.173+0000] {processor.py:925} INFO - DAG(s) 'layers_update' retrieved from /opt/airflow/dags/layers_update.py
[2026-04-13T07:13:40.203+0000] {logging_mixin.py:190} INFO - [2026-04-13T07:13:40.203+0000] {dag.py:3239} INFO - Sync 1 DAGs
[2026-04-13T07:13:40.220+0000] {logging_mixin.py:190} INFO - [2026-04-13T07:13:40.220+0000] {dag.py:4180} INFO - Setting next_dagrun for layers_update to None, run_after=None
[2026-04-13T07:13:40.243+0000] {processor.py:208} INFO - Processing /opt/airflow/dags/layers_update.py took 0.101 seconds
[2026-04-13T07:14:10.561+0000] {processor.py:186} INFO - Started process (PID=37) to work on /opt/airflow/dags/layers_update.py
[2026-04-13T07:14:10.564+0000] {processor.py:914} INFO - Processing file /opt/airflow/dags/layers_update.py for tasks to queue
[2026-04-13T07:14:10.575+0000] {logging_mixin.py:190} INFO - [2026-04-13T07:14:10.571+0000] {dagbag.py:588} INFO - Filling up the DagBag from /opt/airflow/dags/layers_update.py
[2026-04-13T07:14:10.607+0000] {processor.py:925} INFO - DAG(s) 'layers_update' retrieved from /opt/airflow/dags/layers_update.py
[2026-04-13T07:14:10.653+0000] {logging_mixin.py:190} INFO - [2026-04-13T07:14:10.653+0000] {dag.py:3239} INFO - Sync 1 DAGs
[2026-04-13T07:14:10.691+0000] {logging_mixin.py:190} INFO - [2026-04-13T07:14:10.690+0000] {dag.py:4180} INFO - Setting next_dagrun for layers_update to None, run_after=None
[2026-04-13T07:14:10.736+0000] {processor.py:208} INFO - Processing /opt/airflow/dags/layers_update.py took 0.187 seconds
[2026-04-13T07:14:41.047+0000] {processor.py:186} INFO - Started process (PID=40) to work on /opt/airflow/dags/layers_update.py
[2026-04-13T07:14:41.049+0000] {processor.py:914} INFO - Processing file /opt/airflow/dags/layers_update.py for tasks to queue
[2026-04-13T07:14:41.052+0000] {logging_mixin.py:190} INFO - [2026-04-13T07:14:41.051+0000] {dagbag.py:588} INFO - Filling up the DagBag from /opt/airflow/dags/layers_update.py
[2026-04-13T07:14:41.071+0000] {processor.py:925} INFO - DAG(s) 'layers_update' retrieved from /opt/airflow/dags/layers_update.py
[2026-04-13T07:14:41.094+0000] {logging_mixin.py:190} INFO - [2026-04-13T07:14:41.094+0000] {dag.py:3239} INFO - Sync 1 DAGs
[2026-04-13T07:14:41.111+0000] {logging_mixin.py:190} INFO - [2026-04-13T07:14:41.110+0000] {dag.py:4180} INFO - Setting next_dagrun for layers_update to None, run_after=None
[2026-04-13T07:14:41.136+0000] {processor.py:208} INFO - Processing /opt/airflow/dags/layers_update.py took 0.096 seconds
[2026-04-13T07:15:11.623+0000] {processor.py:186} INFO - Started process (PID=43) to work on /opt/airflow/dags/layers_update.py
[2026-04-13T07:15:11.626+0000] {processor.py:914} INFO - Processing file /opt/airflow/dags/layers_update.py for tasks to queue
[2026-04-13T07:15:11.629+0000] {logging_mixin.py:190} INFO - [2026-04-13T07:15:11.629+0000] {dagbag.py:588} INFO - Filling up the DagBag from /opt/airflow/dags/layers_update.py
[2026-04-13T07:15:11.663+0000] {processor.py:925} INFO - DAG(s) 'layers_update' retrieved from /opt/airflow/dags/layers_update.py
[2026-04-13T07:15:11.697+0000] {logging_mixin.py:190} INFO - [2026-04-13T07:15:11.696+0000] {dag.py:3239} INFO - Sync 1 DAGs
[2026-04-13T07:15:11.721+0000] {logging_mixin.py:190} INFO - [2026-04-13T07:15:11.721+0000] {dag.py:4180} INFO - Setting next_dagrun for layers_update to None, run_after=None
[2026-04-13T07:15:11.743+0000] {processor.py:208} INFO - Processing /opt/airflow/dags/layers_update.py took 0.133 seconds
[2026-04-13T07:15:42.274+0000] {processor.py:186} INFO - Started process (PID=46) to work on /opt/airflow/dags/layers_update.py
[2026-04-13T07:15:42.278+0000] {processor.py:914} INFO - Processing file /opt/airflow/dags/layers_update.py for tasks to queue
[2026-04-13T07:15:42.281+0000] {logging_mixin.py:190} INFO - [2026-04-13T07:15:42.280+0000] {dagbag.py:588} INFO - Filling up the DagBag from /opt/airflow/dags/layers_update.py
[2026-04-13T07:15:42.299+0000] {processor.py:925} INFO - DAG(s) 'layers_update' retrieved from /opt/airflow/dags/layers_update.py
[2026-04-13T07:15:42.324+0000] {logging_mixin.py:190} INFO - [2026-04-13T07:15:42.323+0000] {dag.py:3239} INFO - Sync 1 DAGs
[2026-04-13T07:15:42.340+0000] {logging_mixin.py:190} INFO - [2026-04-13T07:15:42.340+0000] {dag.py:4180} INFO - Setting next_dagrun for layers_update to None, run_after=None
[2026-04-13T07:15:42.367+0000] {processor.py:208} INFO - Processing /opt/airflow/dags/layers_update.py took 0.101 seconds
[2026-04-13T07:16:13.707+0000] {processor.py:186} INFO - Started process (PID=49) to work on /opt/airflow/dags/layers_update.py
[2026-04-13T07:16:13.711+0000] {processor.py:914} INFO - Processing file /opt/airflow/dags/layers_update.py for tasks to queue
[2026-04-13T07:16:13.718+0000] {logging_mixin.py:190} INFO - [2026-04-13T07:16:13.717+0000] {dagbag.py:588} INFO - Filling up the DagBag from /opt/airflow/dags/layers_update.py
[2026-04-13T07:16:13.771+0000] {processor.py:925} INFO - DAG(s) 'layers_update' retrieved from /opt/airflow/dags/layers_update.py
[2026-04-13T07:16:13.851+0000] {logging_mixin.py:190} INFO - [2026-04-13T07:16:13.851+0000] {dag.py:3239} INFO - Sync 1 DAGs
[2026-04-13T07:16:13.907+0000] {logging_mixin.py:190} INFO - [2026-04-13T07:16:13.906+0000] {dag.py:4180} INFO - Setting next_dagrun for layers_update to None, run_after=None
[2026-04-13T07:16:13.972+0000] {processor.py:208} INFO - Processing /opt/airflow/dags/layers_update.py took 0.279 seconds
[2026-04-13T07:16:44.390+0000] {processor.py:186} INFO - Started process (PID=52) to work on /opt/airflow/dags/layers_update.py
[2026-04-13T07:16:44.391+0000] {processor.py:914} INFO - Processing file /opt/airflow/dags/layers_update.py for tasks to queue
[2026-04-13T07:16:44.394+0000] {logging_mixin.py:190} INFO - [2026-04-13T07:16:44.394+0000] {dagbag.py:588} INFO - Filling up the DagBag from /opt/airflow/dags/layers_update.py
[2026-04-13T07:16:44.419+0000] {processor.py:925} INFO - DAG(s) 'layers_update' retrieved from /opt/airflow/dags/layers_update.py
[2026-04-13T07:16:44.446+0000] {logging_mixin.py:190} INFO - [2026-04-13T07:16:44.445+0000] {dag.py:3239} INFO - Sync 1 DAGs
[2026-04-13T07:16:44.462+0000] {logging_mixin.py:190} INFO - [2026-04-13T07:16:44.462+0000] {dag.py:4180} INFO - Setting next_dagrun for layers_update to None, run_after=None
[2026-04-13T07:16:44.487+0000] {processor.py:208} INFO - Processing /opt/airflow/dags/layers_update.py took 0.106 seconds
[2026-04-13T07:17:15.555+0000] {processor.py:186} INFO - Started process (PID=55) to work on /opt/airflow/dags/layers_update.py
[2026-04-13T07:17:15.557+0000] {processor.py:914} INFO - Processing file /opt/airflow/dags/layers_update.py for tasks to queue
[2026-04-13T07:17:15.560+0000] {logging_mixin.py:190} INFO - [2026-04-13T07:17:15.560+0000] {dagbag.py:588} INFO - Filling up the DagBag from /opt/airflow/dags/layers_update.py
[2026-04-13T07:17:15.582+0000] {processor.py:925} INFO - DAG(s) 'layers_update' retrieved from /opt/airflow/dags/layers_update.py
[2026-04-13T07:17:15.618+0000] {logging_mixin.py:190} INFO - [2026-04-13T07:17:15.617+0000] {dag.py:3239} INFO - Sync 1 DAGs
[2026-04-13T07:17:15.642+0000] {logging_mixin.py:190} INFO - [2026-04-13T07:17:15.641+0000] {dag.py:4180} INFO - Setting next_dagrun for layers_update to None, run_after=None
[2026-04-13T07:17:16.175+0000] {processor.py:208} INFO - Processing /opt/airflow/dags/layers_update.py took 0.635 seconds
[2026-04-13T07:17:46.780+0000] {processor.py:186} INFO - Started process (PID=58) to work on /opt/airflow/dags/layers_update.py
[2026-04-13T07:17:46.782+0000] {processor.py:914} INFO - Processing file /opt/airflow/dags/layers_update.py for tasks to queue
[2026-04-13T07:17:46.785+0000] {logging_mixin.py:190} INFO - [2026-04-13T07:17:46.784+0000] {dagbag.py:588} INFO - Filling up the DagBag from /opt/airflow/dags/layers_update.py
[2026-04-13T07:17:46.813+0000] {processor.py:925} INFO - DAG(s) 'layers_update' retrieved from /opt/airflow/dags/layers_update.py
[2026-04-13T07:17:46.841+0000] {logging_mixin.py:190} INFO - [2026-04-13T07:17:46.841+0000] {dag.py:3239} INFO - Sync 1 DAGs
[2026-04-13T07:17:46.858+0000] {logging_mixin.py:190} INFO - [2026-04-13T07:17:46.858+0000] {dag.py:4180} INFO - Setting next_dagrun for layers_update to None, run_after=None
[2026-04-13T07:17:46.894+0000] {processor.py:208} INFO - Processing /opt/airflow/dags/layers_update.py took 0.122 seconds
[2026-04-13T07:18:17.381+0000] {processor.py:186} INFO - Started process (PID=61) to work on /opt/airflow/dags/layers_update.py
[2026-04-13T07:18:17.382+0000] {processor.py:914} INFO - Processing file /opt/airflow/dags/layers_update.py for tasks to queue
[2026-04-13T07:18:17.385+0000] {logging_mixin.py:190} INFO - [2026-04-13T07:18:17.385+0000] {dagbag.py:588} INFO - Filling up the DagBag from /opt/airflow/dags/layers_update.py
[2026-04-13T07:18:17.403+0000] {processor.py:925} INFO - DAG(s) 'layers_update' retrieved from /opt/airflow/dags/layers_update.py
[2026-04-13T07:18:17.426+0000] {logging_mixin.py:190} INFO - [2026-04-13T07:18:17.426+0000] {dag.py:3239} INFO - Sync 1 DAGs
[2026-04-13T07:18:17.444+0000] {logging_mixin.py:190} INFO - [2026-04-13T07:18:17.444+0000] {dag.py:4180} INFO - Setting next_dagrun for layers_update to None, run_after=None
[2026-04-13T07:18:17.473+0000] {processor.py:208} INFO - Processing /opt/airflow/dags/layers_update.py took 0.103 seconds
[2026-04-13T07:18:47.952+0000] {processor.py:186} INFO - Started process (PID=64) to work on /opt/airflow/dags/layers_update.py
[2026-04-13T07:18:47.957+0000] {processor.py:914} INFO - Processing file /opt/airflow/dags/layers_update.py for tasks to queue
[2026-04-13T07:18:47.961+0000] {logging_mixin.py:190} INFO - [2026-04-13T07:18:47.961+0000] {dagbag.py:588} INFO - Filling up the DagBag from /opt/airflow/dags/layers_update.py
[2026-04-13T07:18:47.983+0000] {processor.py:925} INFO - DAG(s) 'layers_update' retrieved from /opt/airflow/dags/layers_update.py
[2026-04-13T07:18:48.012+0000] {logging_mixin.py:190} INFO - [2026-04-13T07:18:48.011+0000] {dag.py:3239} INFO - Sync 1 DAGs
[2026-04-13T07:18:48.031+0000] {logging_mixin.py:190} INFO - [2026-04-13T07:18:48.030+0000] {dag.py:4180} INFO - Setting next_dagrun for layers_update to None, run_after=None
[2026-04-13T07:18:48.061+0000] {processor.py:208} INFO - Processing /opt/airflow/dags/layers_update.py took 0.119 seconds
[2026-04-13T07:19:18.546+0000] {processor.py:186} INFO - Started process (PID=67) to work on /opt/airflow/dags/layers_update.py
[2026-04-13T07:19:18.547+0000] {processor.py:914} INFO - Processing file /opt/airflow/dags/layers_update.py for tasks to queue
[2026-04-13T07:19:18.553+0000] {logging_mixin.py:190} INFO - [2026-04-13T07:19:18.553+0000] {dagbag.py:588} INFO - Filling up the DagBag from /opt/airflow/dags/layers_update.py
[2026-04-13T07:19:18.582+0000] {processor.py:925} INFO - DAG(s) 'layers_update' retrieved from /opt/airflow/dags/layers_update.py
[2026-04-13T07:19:18.614+0000] {logging_mixin.py:190} INFO - [2026-04-13T07:19:18.614+0000] {dag.py:3239} INFO - Sync 1 DAGs
[2026-04-13T07:19:18.636+0000] {logging_mixin.py:190} INFO - [2026-04-13T07:19:18.635+0000] {dag.py:4180} INFO - Setting next_dagrun for layers_update to None, run_after=None
[2026-04-13T07:19:18.685+0000] {processor.py:208} INFO - Processing /opt/airflow/dags/layers_update.py took 0.148 seconds
[2026-04-13T07:19:49.429+0000] {processor.py:186} INFO - Started process (PID=70) to work on /opt/airflow/dags/layers_update.py
[2026-04-13T07:19:49.430+0000] {processor.py:914} INFO - Processing file /opt/airflow/dags/layers_update.py for tasks to queue
[2026-04-13T07:19:49.433+0000] {logging_mixin.py:190} INFO - [2026-04-13T07:19:49.433+0000] {dagbag.py:588} INFO - Filling up the DagBag from /opt/airflow/dags/layers_update.py
[2026-04-13T07:19:49.455+0000] {processor.py:925} INFO - DAG(s) 'layers_update' retrieved from /opt/airflow/dags/layers_update.py
[2026-04-13T07:19:49.483+0000] {logging_mixin.py:190} INFO - [2026-04-13T07:19:49.483+0000] {dag.py:3239} INFO - Sync 1 DAGs
[2026-04-13T07:19:49.501+0000] {logging_mixin.py:190} INFO - [2026-04-13T07:19:49.500+0000] {dag.py:4180} INFO - Setting next_dagrun for layers_update to None, run_after=None
[2026-04-13T07:19:49.536+0000] {processor.py:208} INFO - Processing /opt/airflow/dags/layers_update.py took 0.116 seconds
[2026-04-13T07:20:20.034+0000] {processor.py:186} INFO - Started process (PID=73) to work on /opt/airflow/dags/layers_update.py
[2026-04-13T07:20:20.036+0000] {processor.py:914} INFO - Processing file /opt/airflow/dags/layers_update.py for tasks to queue
[2026-04-13T07:20:20.039+0000] {logging_mixin.py:190} INFO - [2026-04-13T07:20:20.039+0000] {dagbag.py:588} INFO - Filling up the DagBag from /opt/airflow/dags/layers_update.py
[2026-04-13T07:20:20.063+0000] {processor.py:925} INFO - DAG(s) 'layers_update' retrieved from /opt/airflow/dags/layers_update.py
[2026-04-13T07:20:20.095+0000] {logging_mixin.py:190} INFO - [2026-04-13T07:20:20.094+0000] {dag.py:3239} INFO - Sync 1 DAGs
[2026-04-13T07:20:20.114+0000] {logging_mixin.py:190} INFO - [2026-04-13T07:20:20.114+0000] {dag.py:4180} INFO - Setting next_dagrun for layers_update to None, run_after=None
[2026-04-13T07:20:20.141+0000] {processor.py:208} INFO - Processing /opt/airflow/dags/layers_update.py took 0.116 seconds
[2026-04-13T07:20:50.600+0000] {processor.py:186} INFO - Started process (PID=76) to work on /opt/airflow/dags/layers_update.py
[2026-04-13T07:20:50.601+0000] {processor.py:914} INFO - Processing file /opt/airflow/dags/layers_update.py for tasks to queue
[2026-04-13T07:20:50.605+0000] {logging_mixin.py:190} INFO - [2026-04-13T07:20:50.604+0000] {dagbag.py:588} INFO - Filling up the DagBag from /opt/airflow/dags/layers_update.py
[2026-04-13T07:20:50.624+0000] {processor.py:925} INFO - DAG(s) 'layers_update' retrieved from /opt/airflow/dags/layers_update.py
[2026-04-13T07:20:50.651+0000] {logging_mixin.py:190} INFO - [2026-04-13T07:20:50.651+0000] {dag.py:3239} INFO - Sync 1 DAGs
[2026-04-13T07:20:50.667+0000] {logging_mixin.py:190} INFO - [2026-04-13T07:20:50.667+0000] {dag.py:4180} INFO - Setting next_dagrun for layers_update to None, run_after=None
[2026-04-13T07:20:50.687+0000] {processor.py:208} INFO - Processing /opt/airflow/dags/layers_update.py took 0.100 seconds
[2026-04-13T07:21:21.389+0000] {processor.py:186} INFO - Started process (PID=79) to work on /opt/airflow/dags/layers_update.py
[2026-04-13T07:21:21.391+0000] {processor.py:914} INFO - Processing file /opt/airflow/dags/layers_update.py for tasks to queue
[2026-04-13T07:21:21.394+0000] {logging_mixin.py:190} INFO - [2026-04-13T07:21:21.394+0000] {dagbag.py:588} INFO - Filling up the DagBag from /opt/airflow/dags/layers_update.py
[2026-04-13T07:21:21.418+0000] {processor.py:925} INFO - DAG(s) 'layers_update' retrieved from /opt/airflow/dags/layers_update.py
[2026-04-13T07:21:21.448+0000] {logging_mixin.py:190} INFO - [2026-04-13T07:21:21.448+0000] {dag.py:3239} INFO - Sync 1 DAGs
[2026-04-13T07:21:21.468+0000] {logging_mixin.py:190} INFO - [2026-04-13T07:21:21.467+0000] {dag.py:4180} INFO - Setting next_dagrun for layers_update to None, run_after=None
[2026-04-13T07:21:21.497+0000] {processor.py:208} INFO - Processing /opt/airflow/dags/layers_update.py took 0.119 seconds
[2026-04-13T07:21:52.039+0000] {processor.py:186} INFO - Started process (PID=82) to work on /opt/airflow/dags/layers_update.py
[2026-04-13T07:21:52.041+0000] {processor.py:914} INFO - Processing file /opt/airflow/dags/layers_update.py for tasks to queue
[2026-04-13T07:21:52.045+0000] {logging_mixin.py:190} INFO - [2026-04-13T07:21:52.044+0000] {dagbag.py:588} INFO - Filling up the DagBag from /opt/airflow/dags/layers_update.py
[2026-04-13T07:21:52.069+0000] {processor.py:925} INFO - DAG(s) 'layers_update' retrieved from /opt/airflow/dags/layers_update.py
[2026-04-13T07:21:52.099+0000] {logging_mixin.py:190} INFO - [2026-04-13T07:21:52.098+0000] {dag.py:3239} INFO - Sync 1 DAGs
[2026-04-13T07:21:52.117+0000] {logging_mixin.py:190} INFO - [2026-04-13T07:21:52.117+0000] {dag.py:4180} INFO - Setting next_dagrun for layers_update to None, run_after=None
[2026-04-13T07:21:52.143+0000] {processor.py:208} INFO - Processing /opt/airflow/dags/layers_update.py took 0.115 seconds
[2026-04-13T07:22:22.830+0000] {processor.py:186} INFO - Started process (PID=85) to work on /opt/airflow/dags/layers_update.py
[2026-04-13T07:22:22.831+0000] {processor.py:914} INFO - Processing file /opt/airflow/dags/layers_update.py for tasks to queue
[2026-04-13T07:22:22.835+0000] {logging_mixin.py:190} INFO - [2026-04-13T07:22:22.834+0000] {dagbag.py:588} INFO - Filling up the DagBag from /opt/airflow/dags/layers_update.py
[2026-04-13T07:22:22.860+0000] {processor.py:925} INFO - DAG(s) 'layers_update' retrieved from /opt/airflow/dags/layers_update.py
[2026-04-13T07:22:22.888+0000] {logging_mixin.py:190} INFO - [2026-04-13T07:22:22.888+0000] {dag.py:3239} INFO - Sync 1 DAGs
[2026-04-13T07:22:22.905+0000] {logging_mixin.py:190} INFO - [2026-04-13T07:22:22.905+0000] {dag.py:4180} INFO - Setting next_dagrun for layers_update to None, run_after=None
[2026-04-13T07:22:22.932+0000] {processor.py:208} INFO - Processing /opt/airflow/dags/layers_update.py took 0.112 seconds
[2026-04-13T07:22:53.099+0000] {processor.py:186} INFO - Started process (PID=88) to work on /opt/airflow/dags/layers_update.py
[2026-04-13T07:22:53.101+0000] {processor.py:914} INFO - Processing file /opt/airflow/dags/layers_update.py for tasks to queue
[2026-04-13T07:22:53.103+0000] {logging_mixin.py:190} INFO - [2026-04-13T07:22:53.103+0000] {dagbag.py:588} INFO - Filling up the DagBag from /opt/airflow/dags/layers_update.py
[2026-04-13T07:22:53.120+0000] {processor.py:925} INFO - DAG(s) 'layers_update' retrieved from /opt/airflow/dags/layers_update.py
[2026-04-13T07:22:53.148+0000] {logging_mixin.py:190} INFO - [2026-04-13T07:22:53.148+0000] {dag.py:3239} INFO - Sync 1 DAGs
[2026-04-13T07:22:53.169+0000] {logging_mixin.py:190} INFO - [2026-04-13T07:22:53.168+0000] {dag.py:4180} INFO - Setting next_dagrun for layers_update to None, run_after=None
[2026-04-13T07:22:53.192+0000] {processor.py:208} INFO - Processing /opt/airflow/dags/layers_update.py took 0.101 seconds
[2026-04-13T07:23:23.744+0000] {processor.py:186} INFO - Started process (PID=91) to work on /opt/airflow/dags/layers_update.py
[2026-04-13T07:23:23.745+0000] {processor.py:914} INFO - Processing file /opt/airflow/dags/layers_update.py for tasks to queue
[2026-04-13T07:23:23.751+0000] {logging_mixin.py:190} INFO - [2026-04-13T07:23:23.751+0000] {dagbag.py:588} INFO - Filling up the DagBag from /opt/airflow/dags/layers_update.py
[2026-04-13T07:23:23.770+0000] {processor.py:925} INFO - DAG(s) 'layers_update' retrieved from /opt/airflow/dags/layers_update.py
[2026-04-13T07:23:23.794+0000] {logging_mixin.py:190} INFO - [2026-04-13T07:23:23.794+0000] {dag.py:3239} INFO - Sync 1 DAGs
[2026-04-13T07:23:23.811+0000] {logging_mixin.py:190} INFO - [2026-04-13T07:23:23.811+0000] {dag.py:4180} INFO - Setting next_dagrun for layers_update to None, run_after=None
[2026-04-13T07:23:23.837+0000] {processor.py:208} INFO - Processing /opt/airflow/dags/layers_update.py took 0.102 seconds
[2026-04-13T07:23:54.703+0000] {processor.py:186} INFO - Started process (PID=94) to work on /opt/airflow/dags/layers_update.py
[2026-04-13T07:23:54.705+0000] {processor.py:914} INFO - Processing file /opt/airflow/dags/layers_update.py for tasks to queue
[2026-04-13T07:23:54.712+0000] {logging_mixin.py:190} INFO - [2026-04-13T07:23:54.711+0000] {dagbag.py:588} INFO - Filling up the DagBag from /opt/airflow/dags/layers_update.py
[2026-04-13T07:23:54.741+0000] {processor.py:925} INFO - DAG(s) 'layers_update' retrieved from /opt/airflow/dags/layers_update.py
[2026-04-13T07:23:54.782+0000] {logging_mixin.py:190} INFO - [2026-04-13T07:23:54.782+0000] {dag.py:3239} INFO - Sync 1 DAGs
[2026-04-13T07:23:54.812+0000] {logging_mixin.py:190} INFO - [2026-04-13T07:23:54.812+0000] {dag.py:4180} INFO - Setting next_dagrun for layers_update to None, run_after=None
[2026-04-13T07:23:54.839+0000] {processor.py:208} INFO - Processing /opt/airflow/dags/layers_update.py took 0.147 seconds
[2026-04-13T07:24:25.414+0000] {processor.py:186} INFO - Started process (PID=97) to work on /opt/airflow/dags/layers_update.py
[2026-04-13T07:24:25.416+0000] {processor.py:914} INFO - Processing file /opt/airflow/dags/layers_update.py for tasks to queue
[2026-04-13T07:24:25.419+0000] {logging_mixin.py:190} INFO - [2026-04-13T07:24:25.418+0000] {dagbag.py:588} INFO - Filling up the DagBag from /opt/airflow/dags/layers_update.py
[2026-04-13T07:24:25.436+0000] {processor.py:925} INFO - DAG(s) 'layers_update' retrieved from /opt/airflow/dags/layers_update.py
[2026-04-13T07:24:25.460+0000] {logging_mixin.py:190} INFO - [2026-04-13T07:24:25.459+0000] {dag.py:3239} INFO - Sync 1 DAGs
[2026-04-13T07:24:25.477+0000] {logging_mixin.py:190} INFO - [2026-04-13T07:24:25.477+0000] {dag.py:4180} INFO - Setting next_dagrun for layers_update to None, run_after=None
[2026-04-13T07:24:25.500+0000] {processor.py:208} INFO - Processing /opt/airflow/dags/layers_update.py took 0.094 seconds
[2026-04-13T07:24:56.118+0000] {processor.py:186} INFO - Started process (PID=100) to work on /opt/airflow/dags/layers_update.py
[2026-04-13T07:24:56.121+0000] {processor.py:914} INFO - Processing file /opt/airflow/dags/layers_update.py for tasks to queue
[2026-04-13T07:24:56.135+0000] {logging_mixin.py:190} INFO - [2026-04-13T07:24:56.135+0000] {dagbag.py:588} INFO - Filling up the DagBag from /opt/airflow/dags/layers_update.py
[2026-04-13T07:24:56.197+0000] {processor.py:925} INFO - DAG(s) 'layers_update' retrieved from /opt/airflow/dags/layers_update.py
[2026-04-13T07:24:56.289+0000] {logging_mixin.py:190} INFO - [2026-04-13T07:24:56.288+0000] {dag.py:3239} INFO - Sync 1 DAGs
[2026-04-13T07:24:56.330+0000] {logging_mixin.py:190} INFO - [2026-04-13T07:24:56.330+0000] {dag.py:4180} INFO - Setting next_dagrun for layers_update to None, run_after=None
[2026-04-13T07:24:56.410+0000] {processor.py:208} INFO - Processing /opt/airflow/dags/layers_update.py took 0.318 seconds
[2026-04-13T07:25:26.775+0000] {processor.py:186} INFO - Started process (PID=103) to work on /opt/airflow/dags/layers_update.py
[2026-04-13T07:25:26.777+0000] {processor.py:914} INFO - Processing file /opt/airflow/dags/layers_update.py for tasks to queue
[2026-04-13T07:25:26.790+0000] {logging_mixin.py:190} INFO - [2026-04-13T07:25:26.790+0000] {dagbag.py:588} INFO - Filling up the DagBag from /opt/airflow/dags/layers_update.py
[2026-04-13T07:25:26.844+0000] {processor.py:925} INFO - DAG(s) 'layers_update' retrieved from /opt/airflow/dags/layers_update.py
[2026-04-13T07:25:26.887+0000] {logging_mixin.py:190} INFO - [2026-04-13T07:25:26.887+0000] {dag.py:3239} INFO - Sync 1 DAGs
[2026-04-13T07:25:26.916+0000] {logging_mixin.py:190} INFO - [2026-04-13T07:25:26.916+0000] {dag.py:4180} INFO - Setting next_dagrun for layers_update to None, run_after=None
[2026-04-13T07:25:26.952+0000] {processor.py:208} INFO - Processing /opt/airflow/dags/layers_update.py took 0.204 seconds
[2026-04-13T07:25:57.444+0000] {processor.py:186} INFO - Started process (PID=106) to work on /opt/airflow/dags/layers_update.py
[2026-04-13T07:25:57.445+0000] {processor.py:914} INFO - Processing file /opt/airflow/dags/layers_update.py for tasks to queue
[2026-04-13T07:25:57.448+0000] {logging_mixin.py:190} INFO - [2026-04-13T07:25:57.448+0000] {dagbag.py:588} INFO - Filling up the DagBag from /opt/airflow/dags/layers_update.py
[2026-04-13T07:25:57.466+0000] {processor.py:925} INFO - DAG(s) 'layers_update' retrieved from /opt/airflow/dags/layers_update.py
[2026-04-13T07:25:57.490+0000] {logging_mixin.py:190} INFO - [2026-04-13T07:25:57.489+0000] {dag.py:3239} INFO - Sync 1 DAGs
[2026-04-13T07:25:57.506+0000] {logging_mixin.py:190} INFO - [2026-04-13T07:25:57.505+0000] {dag.py:4180} INFO - Setting next_dagrun for layers_update to None, run_after=None
[2026-04-13T07:25:57.528+0000] {processor.py:208} INFO - Processing /opt/airflow/dags/layers_update.py took 0.094 seconds
[2026-04-13T07:26:28.170+0000] {processor.py:186} INFO - Started process (PID=109) to work on /opt/airflow/dags/layers_update.py
[2026-04-13T07:26:28.172+0000] {processor.py:914} INFO - Processing file /opt/airflow/dags/layers_update.py for tasks to queue
[2026-04-13T07:26:28.176+0000] {logging_mixin.py:190} INFO - [2026-04-13T07:26:28.176+0000] {dagbag.py:588} INFO - Filling up the DagBag from /opt/airflow/dags/layers_update.py
[2026-04-13T07:26:28.199+0000] {processor.py:925} INFO - DAG(s) 'layers_update' retrieved from /opt/airflow/dags/layers_update.py
[2026-04-13T07:26:28.243+0000] {logging_mixin.py:190} INFO - [2026-04-13T07:26:28.243+0000] {dag.py:3239} INFO - Sync 1 DAGs
[2026-04-13T07:26:28.265+0000] {logging_mixin.py:190} INFO - [2026-04-13T07:26:28.264+0000] {dag.py:4180} INFO - Setting next_dagrun for layers_update to None, run_after=None
[2026-04-13T07:26:28.291+0000] {processor.py:208} INFO - Processing /opt/airflow/dags/layers_update.py took 0.132 seconds
[2026-04-13T07:26:58.735+0000] {processor.py:186} INFO - Started process (PID=112) to work on /opt/airflow/dags/layers_update.py
[2026-04-13T07:26:58.738+0000] {processor.py:914} INFO - Processing file /opt/airflow/dags/layers_update.py for tasks to queue
[2026-04-13T07:26:58.749+0000] {logging_mixin.py:190} INFO - [2026-04-13T07:26:58.749+0000] {dagbag.py:588} INFO - Filling up the DagBag from /opt/airflow/dags/layers_update.py
[2026-04-13T07:26:58.779+0000] {processor.py:925} INFO - DAG(s) 'layers_update' retrieved from /opt/airflow/dags/layers_update.py
[2026-04-13T07:26:58.807+0000] {logging_mixin.py:190} INFO - [2026-04-13T07:26:58.807+0000] {dag.py:3239} INFO - Sync 1 DAGs
[2026-04-13T07:26:58.825+0000] {logging_mixin.py:190} INFO - [2026-04-13T07:26:58.825+0000] {dag.py:4180} INFO - Setting next_dagrun for layers_update to None, run_after=None
[2026-04-13T07:26:58.851+0000] {processor.py:208} INFO - Processing /opt/airflow/dags/layers_update.py took 0.125 seconds
[2026-04-13T07:27:29.305+0000] {processor.py:186} INFO - Started process (PID=115) to work on /opt/airflow/dags/layers_update.py
[2026-04-13T07:27:29.306+0000] {processor.py:914} INFO - Processing file /opt/airflow/dags/layers_update.py for tasks to queue
[2026-04-13T07:27:29.310+0000] {logging_mixin.py:190} INFO - [2026-04-13T07:27:29.309+0000] {dagbag.py:588} INFO - Filling up the DagBag from /opt/airflow/dags/layers_update.py
[2026-04-13T07:27:29.327+0000] {processor.py:925} INFO - DAG(s) 'layers_update' retrieved from /opt/airflow/dags/layers_update.py
[2026-04-13T07:27:29.351+0000] {logging_mixin.py:190} INFO - [2026-04-13T07:27:29.350+0000] {dag.py:3239} INFO - Sync 1 DAGs
[2026-04-13T07:27:29.368+0000] {logging_mixin.py:190} INFO - [2026-04-13T07:27:29.367+0000] {dag.py:4180} INFO - Setting next_dagrun for layers_update to None, run_after=None
[2026-04-13T07:27:29.390+0000] {processor.py:208} INFO - Processing /opt/airflow/dags/layers_update.py took 0.093 seconds
[2026-04-13T07:27:59.882+0000] {processor.py:186} INFO - Started process (PID=118) to work on /opt/airflow/dags/layers_update.py
[2026-04-13T07:27:59.885+0000] {processor.py:914} INFO - Processing file /opt/airflow/dags/layers_update.py for tasks to queue
[2026-04-13T07:27:59.889+0000] {logging_mixin.py:190} INFO - [2026-04-13T07:27:59.888+0000] {dagbag.py:588} INFO - Filling up the DagBag from /opt/airflow/dags/layers_update.py
[2026-04-13T07:27:59.906+0000] {processor.py:925} INFO - DAG(s) 'layers_update' retrieved from /opt/airflow/dags/layers_update.py
[2026-04-13T07:27:59.931+0000] {logging_mixin.py:190} INFO - [2026-04-13T07:27:59.930+0000] {dag.py:3239} INFO - Sync 1 DAGs
[2026-04-13T07:27:59.947+0000] {logging_mixin.py:190} INFO - [2026-04-13T07:27:59.947+0000] {dag.py:4180} INFO - Setting next_dagrun for layers_update to None, run_after=None
[2026-04-13T07:27:59.970+0000] {processor.py:208} INFO - Processing /opt/airflow/dags/layers_update.py took 0.097 seconds
[2026-04-13T07:28:30.545+0000] {processor.py:186} INFO - Started process (PID=121) to work on /opt/airflow/dags/layers_update.py
[2026-04-13T07:28:30.546+0000] {processor.py:914} INFO - Processing file /opt/airflow/dags/layers_update.py for tasks to queue
[2026-04-13T07:28:30.549+0000] {logging_mixin.py:190} INFO - [2026-04-13T07:28:30.549+0000] {dagbag.py:588} INFO - Filling up the DagBag from /opt/airflow/dags/layers_update.py
[2026-04-13T07:28:30.568+0000] {processor.py:925} INFO - DAG(s) 'layers_update' retrieved from /opt/airflow/dags/layers_update.py
[2026-04-13T07:28:30.591+0000] {logging_mixin.py:190} INFO - [2026-04-13T07:28:30.591+0000] {dag.py:3239} INFO - Sync 1 DAGs
[2026-04-13T07:28:30.608+0000] {logging_mixin.py:190} INFO - [2026-04-13T07:28:30.608+0000] {dag.py:4180} INFO - Setting next_dagrun for layers_update to None, run_after=None
[2026-04-13T07:28:30.634+0000] {processor.py:208} INFO - Processing /opt/airflow/dags/layers_update.py took 0.099 seconds
[2026-04-13T07:29:01.148+0000] {processor.py:186} INFO - Started process (PID=124) to work on /opt/airflow/dags/layers_update.py
[2026-04-13T07:29:01.151+0000] {processor.py:914} INFO - Processing file /opt/airflow/dags/layers_update.py for tasks to queue
[2026-04-13T07:29:01.156+0000] {logging_mixin.py:190} INFO - [2026-04-13T07:29:01.156+0000] {dagbag.py:588} INFO - Filling up the DagBag from /opt/airflow/dags/layers_update.py
[2026-04-13T07:29:01.178+0000] {processor.py:925} INFO - DAG(s) 'layers_update' retrieved from /opt/airflow/dags/layers_update.py
[2026-04-13T07:29:01.202+0000] {logging_mixin.py:190} INFO - [2026-04-13T07:29:01.202+0000] {dag.py:3239} INFO - Sync 1 DAGs
[2026-04-13T07:29:01.219+0000] {logging_mixin.py:190} INFO - [2026-04-13T07:29:01.218+0000] {dag.py:4180} INFO - Setting next_dagrun for layers_update to None, run_after=None
[2026-04-13T07:29:01.243+0000] {processor.py:208} INFO - Processing /opt/airflow/dags/layers_update.py took 0.107 seconds
[2026-04-13T07:29:31.826+0000] {processor.py:186} INFO - Started process (PID=127) to work on /opt/airflow/dags/layers_update.py
[2026-04-13T07:29:31.827+0000] {processor.py:914} INFO - Processing file /opt/airflow/dags/layers_update.py for tasks to queue
[2026-04-13T07:29:31.831+0000] {logging_mixin.py:190} INFO - [2026-04-13T07:29:31.830+0000] {dagbag.py:588} INFO - Filling up the DagBag from /opt/airflow/dags/layers_update.py
[2026-04-13T07:29:31.854+0000] {processor.py:925} INFO - DAG(s) 'layers_update' retrieved from /opt/airflow/dags/layers_update.py
[2026-04-13T07:29:31.877+0000] {logging_mixin.py:190} INFO - [2026-04-13T07:29:31.877+0000] {dag.py:3239} INFO - Sync 1 DAGs
[2026-04-13T07:29:31.893+0000] {logging_mixin.py:190} INFO - [2026-04-13T07:29:31.893+0000] {dag.py:4180} INFO - Setting next_dagrun for layers_update to None, run_after=None
[2026-04-13T07:29:31.919+0000] {processor.py:208} INFO - Processing /opt/airflow/dags/layers_update.py took 0.101 seconds
[2026-04-13T07:30:02.377+0000] {processor.py:186} INFO - Started process (PID=130) to work on /opt/airflow/dags/layers_update.py
[2026-04-13T07:30:02.379+0000] {processor.py:914} INFO - Processing file /opt/airflow/dags/layers_update.py for tasks to queue
[2026-04-13T07:30:02.382+0000] {logging_mixin.py:190} INFO - [2026-04-13T07:30:02.382+0000] {dagbag.py:588} INFO - Filling up the DagBag from /opt/airflow/dags/layers_update.py
[2026-04-13T07:30:02.402+0000] {processor.py:925} INFO - DAG(s) 'layers_update' retrieved from /opt/airflow/dags/layers_update.py
[2026-04-13T07:30:02.426+0000] {logging_mixin.py:190} INFO - [2026-04-13T07:30:02.426+0000] {dag.py:3239} INFO - Sync 1 DAGs
[2026-04-13T07:30:02.445+0000] {logging_mixin.py:190} INFO - [2026-04-13T07:30:02.444+0000] {dag.py:4180} INFO - Setting next_dagrun for layers_update to None, run_after=None
[2026-04-13T07:30:02.469+0000] {processor.py:208} INFO - Processing /opt/airflow/dags/layers_update.py took 0.101 seconds
[2026-04-13T07:30:32.903+0000] {processor.py:186} INFO - Started process (PID=133) to work on /opt/airflow/dags/layers_update.py
[2026-04-13T07:30:32.905+0000] {processor.py:914} INFO - Processing file /opt/airflow/dags/layers_update.py for tasks to queue
[2026-04-13T07:30:32.908+0000] {logging_mixin.py:190} INFO - [2026-04-13T07:30:32.908+0000] {dagbag.py:588} INFO - Filling up the DagBag from /opt/airflow/dags/layers_update.py
[2026-04-13T07:30:32.927+0000] {processor.py:925} INFO - DAG(s) 'layers_update' retrieved from /opt/airflow/dags/layers_update.py
[2026-04-13T07:30:32.952+0000] {logging_mixin.py:190} INFO - [2026-04-13T07:30:32.952+0000] {dag.py:3239} INFO - Sync 1 DAGs
[2026-04-13T07:30:32.970+0000] {logging_mixin.py:190} INFO - [2026-04-13T07:30:32.970+0000] {dag.py:4180} INFO - Setting next_dagrun for layers_update to None, run_after=None
[2026-04-13T07:30:32.993+0000] {processor.py:208} INFO - Processing /opt/airflow/dags/layers_update.py took 0.102 seconds
[2026-04-13T07:31:03.693+0000] {processor.py:186} INFO - Started process (PID=136) to work on /opt/airflow/dags/layers_update.py
[2026-04-13T07:31:03.694+0000] {processor.py:914} INFO - Processing file /opt/airflow/dags/layers_update.py for tasks to queue
[2026-04-13T07:31:03.703+0000] {logging_mixin.py:190} INFO - [2026-04-13T07:31:03.701+0000] {dagbag.py:588} INFO - Filling up the DagBag from /opt/airflow/dags/layers_update.py
[2026-04-13T07:31:03.869+0000] {processor.py:925} INFO - DAG(s) 'layers_update' retrieved from /opt/airflow/dags/layers_update.py
[2026-04-13T07:31:03.932+0000] {logging_mixin.py:190} INFO - [2026-04-13T07:31:03.931+0000] {dag.py:3239} INFO - Sync 1 DAGs
[2026-04-13T07:31:03.964+0000] {logging_mixin.py:190} INFO - [2026-04-13T07:31:03.964+0000] {dag.py:4180} INFO - Setting next_dagrun for layers_update to None, run_after=None
[2026-04-13T07:31:04.023+0000] {processor.py:208} INFO - Processing /opt/airflow/dags/layers_update.py took 0.354 seconds
[2026-04-13T07:31:34.580+0000] {processor.py:186} INFO - Started process (PID=139) to work on /opt/airflow/dags/layers_update.py
[2026-04-13T07:31:34.584+0000] {processor.py:914} INFO - Processing file /opt/airflow/dags/layers_update.py for tasks to queue
[2026-04-13T07:31:34.590+0000] {logging_mixin.py:190} INFO - [2026-04-13T07:31:34.589+0000] {dagbag.py:588} INFO - Filling up the DagBag from /opt/airflow/dags/layers_update.py
[2026-04-13T07:31:34.619+0000] {processor.py:925} INFO - DAG(s) 'layers_update' retrieved from /opt/airflow/dags/layers_update.py
[2026-04-13T07:31:34.646+0000] {logging_mixin.py:190} INFO - [2026-04-13T07:31:34.646+0000] {dag.py:3239} INFO - Sync 1 DAGs
[2026-04-13T07:31:34.665+0000] {logging_mixin.py:190} INFO - [2026-04-13T07:31:34.664+0000] {dag.py:4180} INFO - Setting next_dagrun for layers_update to None, run_after=None
[2026-04-13T07:31:35.301+0000] {processor.py:208} INFO - Processing /opt/airflow/dags/layers_update.py took 0.738 seconds
[2026-04-13T07:32:05.913+0000] {processor.py:186} INFO - Started process (PID=142) to work on /opt/airflow/dags/layers_update.py
[2026-04-13T07:32:05.915+0000] {processor.py:914} INFO - Processing file /opt/airflow/dags/layers_update.py for tasks to queue
[2026-04-13T07:32:05.919+0000] {logging_mixin.py:190} INFO - [2026-04-13T07:32:05.918+0000] {dagbag.py:588} INFO - Filling up the DagBag from /opt/airflow/dags/layers_update.py
[2026-04-13T07:32:05.942+0000] {processor.py:925} INFO - DAG(s) 'layers_update' retrieved from /opt/airflow/dags/layers_update.py
[2026-04-13T07:32:05.968+0000] {logging_mixin.py:190} INFO - [2026-04-13T07:32:05.968+0000] {dag.py:3239} INFO - Sync 1 DAGs
[2026-04-13T07:32:05.988+0000] {logging_mixin.py:190} INFO - [2026-04-13T07:32:05.988+0000] {dag.py:4180} INFO - Setting next_dagrun for layers_update to None, run_after=None
[2026-04-13T07:32:06.027+0000] {processor.py:208} INFO - Processing /opt/airflow/dags/layers_update.py took 0.122 seconds
[2026-04-13T07:32:36.505+0000] {processor.py:186} INFO - Started process (PID=145) to work on /opt/airflow/dags/layers_update.py
[2026-04-13T07:32:36.508+0000] {processor.py:914} INFO - Processing file /opt/airflow/dags/layers_update.py for tasks to queue
[2026-04-13T07:32:36.514+0000] {logging_mixin.py:190} INFO - [2026-04-13T07:32:36.513+0000] {dagbag.py:588} INFO - Filling up the DagBag from /opt/airflow/dags/layers_update.py
[2026-04-13T07:32:36.534+0000] {processor.py:925} INFO - DAG(s) 'layers_update' retrieved from /opt/airflow/dags/layers_update.py
[2026-04-13T07:32:36.571+0000] {logging_mixin.py:190} INFO - [2026-04-13T07:32:36.570+0000] {dag.py:3239} INFO - Sync 1 DAGs
[2026-04-13T07:32:36.590+0000] {logging_mixin.py:190} INFO - [2026-04-13T07:32:36.590+0000] {dag.py:4180} INFO - Setting next_dagrun for layers_update to None, run_after=None
[2026-04-13T07:32:36.619+0000] {processor.py:208} INFO - Processing /opt/airflow/dags/layers_update.py took 0.136 seconds
[2026-04-13T07:33:07.128+0000] {processor.py:186} INFO - Started process (PID=148) to work on /opt/airflow/dags/layers_update.py
[2026-04-13T07:33:07.130+0000] {processor.py:914} INFO - Processing file /opt/airflow/dags/layers_update.py for tasks to queue
[2026-04-13T07:33:07.133+0000] {logging_mixin.py:190} INFO - [2026-04-13T07:33:07.133+0000] {dagbag.py:588} INFO - Filling up the DagBag from /opt/airflow/dags/layers_update.py
[2026-04-13T07:33:07.154+0000] {processor.py:925} INFO - DAG(s) 'layers_update' retrieved from /opt/airflow/dags/layers_update.py
[2026-04-13T07:33:07.184+0000] {logging_mixin.py:190} INFO - [2026-04-13T07:33:07.184+0000] {dag.py:3239} INFO - Sync 1 DAGs
[2026-04-13T07:33:07.205+0000] {logging_mixin.py:190} INFO - [2026-04-13T07:33:07.205+0000] {dag.py:4180} INFO - Setting next_dagrun for layers_update to None, run_after=None
[2026-04-13T07:33:07.230+0000] {processor.py:208} INFO - Processing /opt/airflow/dags/layers_update.py took 0.112 seconds
[2026-04-13T07:33:37.743+0000] {processor.py:186} INFO - Started process (PID=151) to work on /opt/airflow/dags/layers_update.py
[2026-04-13T07:33:37.744+0000] {processor.py:914} INFO - Processing file /opt/airflow/dags/layers_update.py for tasks to queue
[2026-04-13T07:33:37.748+0000] {logging_mixin.py:190} INFO - [2026-04-13T07:33:37.747+0000] {dagbag.py:588} INFO - Filling up the DagBag from /opt/airflow/dags/layers_update.py
[2026-04-13T07:33:37.769+0000] {processor.py:925} INFO - DAG(s) 'layers_update' retrieved from /opt/airflow/dags/layers_update.py
[2026-04-13T07:33:37.797+0000] {logging_mixin.py:190} INFO - [2026-04-13T07:33:37.797+0000] {dag.py:3239} INFO - Sync 1 DAGs
[2026-04-13T07:33:37.816+0000] {logging_mixin.py:190} INFO - [2026-04-13T07:33:37.816+0000] {dag.py:4180} INFO - Setting next_dagrun for layers_update to None, run_after=None
[2026-04-13T07:33:37.841+0000] {processor.py:208} INFO - Processing /opt/airflow/dags/layers_update.py took 0.108 seconds
[2026-04-13T07:34:08.285+0000] {processor.py:186} INFO - Started process (PID=154) to work on /opt/airflow/dags/layers_update.py
[2026-04-13T07:34:08.287+0000] {processor.py:914} INFO - Processing file /opt/airflow/dags/layers_update.py for tasks to queue
[2026-04-13T07:34:08.290+0000] {logging_mixin.py:190} INFO - [2026-04-13T07:34:08.290+0000] {dagbag.py:588} INFO - Filling up the DagBag from /opt/airflow/dags/layers_update.py
[2026-04-13T07:34:08.323+0000] {processor.py:925} INFO - DAG(s) 'layers_update' retrieved from /opt/airflow/dags/layers_update.py
[2026-04-13T07:34:08.357+0000] {logging_mixin.py:190} INFO - [2026-04-13T07:34:08.356+0000] {dag.py:3239} INFO - Sync 1 DAGs
[2026-04-13T07:34:08.377+0000] {logging_mixin.py:190} INFO - [2026-04-13T07:34:08.376+0000] {dag.py:4180} INFO - Setting next_dagrun for layers_update to None, run_after=None
[2026-04-13T07:34:08.410+0000] {processor.py:208} INFO - Processing /opt/airflow/dags/layers_update.py took 0.135 seconds
[2026-04-13T07:34:38.924+0000] {processor.py:186} INFO - Started process (PID=157) to work on /opt/airflow/dags/layers_update.py
[2026-04-13T07:34:38.927+0000] {processor.py:914} INFO - Processing file /opt/airflow/dags/layers_update.py for tasks to queue
[2026-04-13T07:34:38.931+0000] {logging_mixin.py:190} INFO - [2026-04-13T07:34:38.931+0000] {dagbag.py:588} INFO - Filling up the DagBag from /opt/airflow/dags/layers_update.py
[2026-04-13T07:34:38.967+0000] {processor.py:925} INFO - DAG(s) 'layers_update' retrieved from /opt/airflow/dags/layers_update.py
[2026-04-13T07:34:39.018+0000] {logging_mixin.py:190} INFO - [2026-04-13T07:34:39.018+0000] {dag.py:3239} INFO - Sync 1 DAGs
[2026-04-13T07:34:39.048+0000] {logging_mixin.py:190} INFO - [2026-04-13T07:34:39.047+0000] {dag.py:4180} INFO - Setting next_dagrun for layers_update to None, run_after=None
[2026-04-13T07:34:39.497+0000] {processor.py:208} INFO - Processing /opt/airflow/dags/layers_update.py took 0.585 seconds
[2026-04-13T07:35:10.360+0000] {processor.py:186} INFO - Started process (PID=159) to work on /opt/airflow/dags/layers_update.py
[2026-04-13T07:35:10.362+0000] {processor.py:914} INFO - Processing file /opt/airflow/dags/layers_update.py for tasks to queue
[2026-04-13T07:35:10.366+0000] {logging_mixin.py:190} INFO - [2026-04-13T07:35:10.366+0000] {dagbag.py:588} INFO - Filling up the DagBag from /opt/airflow/dags/layers_update.py
[2026-04-13T07:35:10.396+0000] {processor.py:925} INFO - DAG(s) 'layers_update' retrieved from /opt/airflow/dags/layers_update.py
[2026-04-13T07:35:10.428+0000] {logging_mixin.py:190} INFO - [2026-04-13T07:35:10.428+0000] {dag.py:3239} INFO - Sync 1 DAGs
[2026-04-13T07:35:10.448+0000] {logging_mixin.py:190} INFO - [2026-04-13T07:35:10.447+0000] {dag.py:4180} INFO - Setting next_dagrun for layers_update to None, run_after=None
[2026-04-13T07:35:10.478+0000] {processor.py:208} INFO - Processing /opt/airflow/dags/layers_update.py took 0.129 seconds
[2026-04-13T07:35:41.040+0000] {processor.py:186} INFO - Started process (PID=162) to work on /opt/airflow/dags/layers_update.py
[2026-04-13T07:35:41.041+0000] {processor.py:914} INFO - Processing file /opt/airflow/dags/layers_update.py for tasks to queue
[2026-04-13T07:35:41.045+0000] {logging_mixin.py:190} INFO - [2026-04-13T07:35:41.045+0000] {dagbag.py:588} INFO - Filling up the DagBag from /opt/airflow/dags/layers_update.py
[2026-04-13T07:35:41.067+0000] {processor.py:925} INFO - DAG(s) 'layers_update' retrieved from /opt/airflow/dags/layers_update.py
[2026-04-13T07:35:41.105+0000] {logging_mixin.py:190} INFO - [2026-04-13T07:35:41.104+0000] {dag.py:3239} INFO - Sync 1 DAGs
[2026-04-13T07:35:41.128+0000] {logging_mixin.py:190} INFO - [2026-04-13T07:35:41.128+0000] {dag.py:4180} INFO - Setting next_dagrun for layers_update to None, run_after=None
[2026-04-13T07:35:41.153+0000] {processor.py:208} INFO - Processing /opt/airflow/dags/layers_update.py took 0.123 seconds
[2026-04-13T07:36:12.000+0000] {processor.py:186} INFO - Started process (PID=165) to work on /opt/airflow/dags/layers_update.py
[2026-04-13T07:36:12.002+0000] {processor.py:914} INFO - Processing file /opt/airflow/dags/layers_update.py for tasks to queue
[2026-04-13T07:36:12.008+0000] {logging_mixin.py:190} INFO - [2026-04-13T07:36:12.007+0000] {dagbag.py:588} INFO - Filling up the DagBag from /opt/airflow/dags/layers_update.py
[2026-04-13T07:36:12.029+0000] {processor.py:925} INFO - DAG(s) 'layers_update' retrieved from /opt/airflow/dags/layers_update.py
[2026-04-13T07:36:12.055+0000] {logging_mixin.py:190} INFO - [2026-04-13T07:36:12.054+0000] {dag.py:3239} INFO - Sync 1 DAGs
[2026-04-13T07:36:12.072+0000] {logging_mixin.py:190} INFO - [2026-04-13T07:36:12.071+0000] {dag.py:4180} INFO - Setting next_dagrun for layers_update to None, run_after=None
[2026-04-13T07:36:12.099+0000] {processor.py:208} INFO - Processing /opt/airflow/dags/layers_update.py took 0.115 seconds
[2026-04-13T07:36:42.698+0000] {processor.py:186} INFO - Started process (PID=168) to work on /opt/airflow/dags/layers_update.py
[2026-04-13T07:36:42.701+0000] {processor.py:914} INFO - Processing file /opt/airflow/dags/layers_update.py for tasks to queue
[2026-04-13T07:36:42.705+0000] {logging_mixin.py:190} INFO - [2026-04-13T07:36:42.705+0000] {dagbag.py:588} INFO - Filling up the DagBag from /opt/airflow/dags/layers_update.py
[2026-04-13T07:36:42.726+0000] {processor.py:925} INFO - DAG(s) 'layers_update' retrieved from /opt/airflow/dags/layers_update.py
[2026-04-13T07:36:42.764+0000] {logging_mixin.py:190} INFO - [2026-04-13T07:36:42.763+0000] {dag.py:3239} INFO - Sync 1 DAGs
[2026-04-13T07:36:42.791+0000] {logging_mixin.py:190} INFO - [2026-04-13T07:36:42.791+0000] {dag.py:4180} INFO - Setting next_dagrun for layers_update to None, run_after=None
[2026-04-13T07:36:42.817+0000] {processor.py:208} INFO - Processing /opt/airflow/dags/layers_update.py took 0.132 seconds
[2026-04-13T07:37:13.328+0000] {processor.py:186} INFO - Started process (PID=171) to work on /opt/airflow/dags/layers_update.py
[2026-04-13T07:37:13.335+0000] {processor.py:914} INFO - Processing file /opt/airflow/dags/layers_update.py for tasks to queue
[2026-04-13T07:37:13.346+0000] {logging_mixin.py:190} INFO - [2026-04-13T07:37:13.345+0000] {dagbag.py:588} INFO - Filling up the DagBag from /opt/airflow/dags/layers_update.py
[2026-04-13T07:37:13.378+0000] {processor.py:925} INFO - DAG(s) 'layers_update' retrieved from /opt/airflow/dags/layers_update.py
[2026-04-13T07:37:13.421+0000] {logging_mixin.py:190} INFO - [2026-04-13T07:37:13.420+0000] {dag.py:3239} INFO - Sync 1 DAGs
[2026-04-13T07:37:13.443+0000] {logging_mixin.py:190} INFO - [2026-04-13T07:37:13.443+0000] {dag.py:4180} INFO - Setting next_dagrun for layers_update to None, run_after=None
[2026-04-13T07:37:13.472+0000] {processor.py:208} INFO - Processing /opt/airflow/dags/layers_update.py took 0.162 seconds
[2026-04-13T07:37:44.067+0000] {processor.py:186} INFO - Started process (PID=174) to work on /opt/airflow/dags/layers_update.py
[2026-04-13T07:37:44.068+0000] {processor.py:914} INFO - Processing file /opt/airflow/dags/layers_update.py for tasks to queue
[2026-04-13T07:37:44.072+0000] {logging_mixin.py:190} INFO - [2026-04-13T07:37:44.072+0000] {dagbag.py:588} INFO - Filling up the DagBag from /opt/airflow/dags/layers_update.py
[2026-04-13T07:37:44.095+0000] {processor.py:925} INFO - DAG(s) 'layers_update' retrieved from /opt/airflow/dags/layers_update.py
[2026-04-13T07:37:44.123+0000] {logging_mixin.py:190} INFO - [2026-04-13T07:37:44.123+0000] {dag.py:3239} INFO - Sync 1 DAGs
[2026-04-13T07:37:44.141+0000] {logging_mixin.py:190} INFO - [2026-04-13T07:37:44.141+0000] {dag.py:4180} INFO - Setting next_dagrun for layers_update to None, run_after=None
[2026-04-13T07:37:44.165+0000] {processor.py:208} INFO - Processing /opt/airflow/dags/layers_update.py took 0.106 seconds
[2026-04-13T07:38:14.754+0000] {processor.py:186} INFO - Started process (PID=177) to work on /opt/airflow/dags/layers_update.py
[2026-04-13T07:38:14.757+0000] {processor.py:914} INFO - Processing file /opt/airflow/dags/layers_update.py for tasks to queue
[2026-04-13T07:38:14.761+0000] {logging_mixin.py:190} INFO - [2026-04-13T07:38:14.761+0000] {dagbag.py:588} INFO - Filling up the DagBag from /opt/airflow/dags/layers_update.py
[2026-04-13T07:38:14.792+0000] {processor.py:925} INFO - DAG(s) 'layers_update' retrieved from /opt/airflow/dags/layers_update.py
[2026-04-13T07:38:14.870+0000] {logging_mixin.py:190} INFO - [2026-04-13T07:38:14.870+0000] {dag.py:3239} INFO - Sync 1 DAGs
[2026-04-13T07:38:14.909+0000] {logging_mixin.py:190} INFO - [2026-04-13T07:38:14.909+0000] {dag.py:4180} INFO - Setting next_dagrun for layers_update to None, run_after=None
[2026-04-13T07:38:14.933+0000] {processor.py:208} INFO - Processing /opt/airflow/dags/layers_update.py took 0.189 seconds
[2026-04-13T07:38:45.787+0000] {processor.py:186} INFO - Started process (PID=180) to work on /opt/airflow/dags/layers_update.py
[2026-04-13T07:38:45.789+0000] {processor.py:914} INFO - Processing file /opt/airflow/dags/layers_update.py for tasks to queue
[2026-04-13T07:38:45.793+0000] {logging_mixin.py:190} INFO - [2026-04-13T07:38:45.792+0000] {dagbag.py:588} INFO - Filling up the DagBag from /opt/airflow/dags/layers_update.py
[2026-04-13T07:38:45.821+0000] {processor.py:925} INFO - DAG(s) 'layers_update' retrieved from /opt/airflow/dags/layers_update.py
[2026-04-13T07:38:45.847+0000] {logging_mixin.py:190} INFO - [2026-04-13T07:38:45.847+0000] {dag.py:3239} INFO - Sync 1 DAGs
[2026-04-13T07:38:45.865+0000] {logging_mixin.py:190} INFO - [2026-04-13T07:38:45.865+0000] {dag.py:4180} INFO - Setting next_dagrun for layers_update to None, run_after=None
[2026-04-13T07:38:45.892+0000] {processor.py:208} INFO - Processing /opt/airflow/dags/layers_update.py took 0.113 seconds
[2026-04-13T07:40:14.175+0000] {processor.py:186} INFO - Started process (PID=31) to work on /opt/airflow/dags/layers_update.py
[2026-04-13T07:40:14.176+0000] {processor.py:914} INFO - Processing file /opt/airflow/dags/layers_update.py for tasks to queue
[2026-04-13T07:40:14.195+0000] {logging_mixin.py:190} INFO - [2026-04-13T07:40:14.195+0000] {dagbag.py:588} INFO - Filling up the DagBag from /opt/airflow/dags/layers_update.py
[2026-04-13T07:40:14.253+0000] {processor.py:925} INFO - DAG(s) 'layers_update' retrieved from /opt/airflow/dags/layers_update.py
[2026-04-13T07:40:14.692+0000] {logging_mixin.py:190} INFO - [2026-04-13T07:40:14.691+0000] {override.py:1912} INFO - Created Permission View: can read on DAG:layers_update
[2026-04-13T07:40:14.762+0000] {logging_mixin.py:190} INFO - [2026-04-13T07:40:14.761+0000] {override.py:1912} INFO - Created Permission View: can edit on DAG:layers_update
[2026-04-13T07:40:14.829+0000] {logging_mixin.py:190} INFO - [2026-04-13T07:40:14.829+0000] {override.py:1912} INFO - Created Permission View: can delete on DAG:layers_update
[2026-04-13T07:40:14.861+0000] {logging_mixin.py:190} INFO - [2026-04-13T07:40:14.861+0000] {override.py:1912} INFO - Created Permission View: can read on DAG Run:layers_update
[2026-04-13T07:40:14.903+0000] {logging_mixin.py:190} INFO - [2026-04-13T07:40:14.902+0000] {override.py:1912} INFO - Created Permission View: menu access on DAG Run:layers_update
[2026-04-13T07:40:14.923+0000] {logging_mixin.py:190} INFO - [2026-04-13T07:40:14.923+0000] {override.py:1912} INFO - Created Permission View: can delete on DAG Run:layers_update
[2026-04-13T07:40:14.982+0000] {logging_mixin.py:190} INFO - [2026-04-13T07:40:14.982+0000] {override.py:1912} INFO - Created Permission View: can create on DAG Run:layers_update
[2026-04-13T07:40:14.998+0000] {logging_mixin.py:190} INFO - [2026-04-13T07:40:14.998+0000] {dag.py:3239} INFO - Sync 1 DAGs
[2026-04-13T07:40:15.081+0000] {logging_mixin.py:190} INFO - [2026-04-13T07:40:15.081+0000] {dag.py:3262} INFO - Creating ORM DAG for layers_update
[2026-04-13T07:40:15.095+0000] {logging_mixin.py:190} INFO - [2026-04-13T07:40:15.095+0000] {dag.py:4180} INFO - Setting next_dagrun for layers_update to None, run_after=None
[2026-04-13T07:40:15.200+0000] {processor.py:208} INFO - Processing /opt/airflow/dags/layers_update.py took 1.037 seconds
[2026-04-13T07:40:45.415+0000] {processor.py:186} INFO - Started process (PID=34) to work on /opt/airflow/dags/layers_update.py
[2026-04-13T07:40:45.417+0000] {processor.py:914} INFO - Processing file /opt/airflow/dags/layers_update.py for tasks to queue
[2026-04-13T07:40:45.421+0000] {logging_mixin.py:190} INFO - [2026-04-13T07:40:45.420+0000] {dagbag.py:588} INFO - Filling up the DagBag from /opt/airflow/dags/layers_update.py
[2026-04-13T07:40:45.448+0000] {processor.py:925} INFO - DAG(s) 'layers_update' retrieved from /opt/airflow/dags/layers_update.py
[2026-04-13T07:40:45.486+0000] {logging_mixin.py:190} INFO - [2026-04-13T07:40:45.486+0000] {dag.py:3239} INFO - Sync 1 DAGs
[2026-04-13T07:40:45.515+0000] {logging_mixin.py:190} INFO - [2026-04-13T07:40:45.515+0000] {dag.py:4180} INFO - Setting next_dagrun for layers_update to None, run_after=None
[2026-04-13T07:40:45.544+0000] {processor.py:208} INFO - Processing /opt/airflow/dags/layers_update.py took 0.137 seconds
[2026-04-13T07:41:27.851+0000] {processor.py:186} INFO - Started process (PID=37) to work on /opt/airflow/dags/layers_update.py
[2026-04-13T07:41:27.852+0000] {processor.py:914} INFO - Processing file /opt/airflow/dags/layers_update.py for tasks to queue
[2026-04-13T07:41:27.855+0000] {logging_mixin.py:190} INFO - [2026-04-13T07:41:27.855+0000] {dagbag.py:588} INFO - Filling up the DagBag from /opt/airflow/dags/layers_update.py
[2026-04-13T07:41:27.875+0000] {processor.py:925} INFO - DAG(s) 'layers_update' retrieved from /opt/airflow/dags/layers_update.py
[2026-04-13T07:41:27.904+0000] {logging_mixin.py:190} INFO - [2026-04-13T07:41:27.903+0000] {dag.py:3239} INFO - Sync 1 DAGs
[2026-04-13T07:41:27.922+0000] {logging_mixin.py:190} INFO - [2026-04-13T07:41:27.922+0000] {dag.py:4180} INFO - Setting next_dagrun for layers_update to None, run_after=None
[2026-04-13T07:41:32.096+0000] {processor.py:208} INFO - Processing /opt/airflow/dags/layers_update.py took 4.254 seconds
[2026-04-13T07:42:03.626+0000] {processor.py:186} INFO - Started process (PID=40) to work on /opt/airflow/dags/layers_update.py
[2026-04-13T07:42:03.773+0000] {processor.py:914} INFO - Processing file /opt/airflow/dags/layers_update.py for tasks to queue
[2026-04-13T07:42:03.790+0000] {logging_mixin.py:190} INFO - [2026-04-13T07:42:03.789+0000] {dagbag.py:588} INFO - Filling up the DagBag from /opt/airflow/dags/layers_update.py
[2026-04-13T07:42:03.957+0000] {processor.py:925} INFO - DAG(s) 'layers_update' retrieved from /opt/airflow/dags/layers_update.py
[2026-04-13T07:42:04.021+0000] {logging_mixin.py:190} INFO - [2026-04-13T07:42:04.020+0000] {dag.py:3239} INFO - Sync 1 DAGs
[2026-04-13T07:42:04.078+0000] {logging_mixin.py:190} INFO - [2026-04-13T07:42:04.078+0000] {dag.py:4180} INFO - Setting next_dagrun for layers_update to None, run_after=None
[2026-04-13T07:42:04.144+0000] {processor.py:208} INFO - Processing /opt/airflow/dags/layers_update.py took 0.527 seconds
[2026-04-13T07:42:34.672+0000] {processor.py:186} INFO - Started process (PID=43) to work on /opt/airflow/dags/layers_update.py
[2026-04-13T07:42:34.673+0000] {processor.py:914} INFO - Processing file /opt/airflow/dags/layers_update.py for tasks to queue
[2026-04-13T07:42:34.677+0000] {logging_mixin.py:190} INFO - [2026-04-13T07:42:34.676+0000] {dagbag.py:588} INFO - Filling up the DagBag from /opt/airflow/dags/layers_update.py
[2026-04-13T07:42:34.701+0000] {processor.py:925} INFO - DAG(s) 'layers_update' retrieved from /opt/airflow/dags/layers_update.py
[2026-04-13T07:42:34.738+0000] {logging_mixin.py:190} INFO - [2026-04-13T07:42:34.738+0000] {dag.py:3239} INFO - Sync 1 DAGs
[2026-04-13T07:42:34.758+0000] {logging_mixin.py:190} INFO - [2026-04-13T07:42:34.758+0000] {dag.py:4180} INFO - Setting next_dagrun for layers_update to None, run_after=None
[2026-04-13T07:42:34.783+0000] {processor.py:208} INFO - Processing /opt/airflow/dags/layers_update.py took 0.123 seconds
[2026-04-13T07:43:05.229+0000] {processor.py:186} INFO - Started process (PID=46) to work on /opt/airflow/dags/layers_update.py
[2026-04-13T07:43:05.238+0000] {processor.py:914} INFO - Processing file /opt/airflow/dags/layers_update.py for tasks to queue
[2026-04-13T07:43:05.247+0000] {logging_mixin.py:190} INFO - [2026-04-13T07:43:05.246+0000] {dagbag.py:588} INFO - Filling up the DagBag from /opt/airflow/dags/layers_update.py
[2026-04-13T07:43:05.291+0000] {processor.py:925} INFO - DAG(s) 'layers_update' retrieved from /opt/airflow/dags/layers_update.py
[2026-04-13T07:43:05.342+0000] {logging_mixin.py:190} INFO - [2026-04-13T07:43:05.341+0000] {dag.py:3239} INFO - Sync 1 DAGs
[2026-04-13T07:43:05.384+0000] {logging_mixin.py:190} INFO - [2026-04-13T07:43:05.384+0000] {dag.py:4180} INFO - Setting next_dagrun for layers_update to None, run_after=None
[2026-04-13T07:43:06.215+0000] {processor.py:208} INFO - Processing /opt/airflow/dags/layers_update.py took 1.004 seconds
[2026-04-13T07:43:36.612+0000] {processor.py:186} INFO - Started process (PID=49) to work on /opt/airflow/dags/layers_update.py
[2026-04-13T07:43:36.613+0000] {processor.py:914} INFO - Processing file /opt/airflow/dags/layers_update.py for tasks to queue
[2026-04-13T07:43:36.617+0000] {logging_mixin.py:190} INFO - [2026-04-13T07:43:36.617+0000] {dagbag.py:588} INFO - Filling up the DagBag from /opt/airflow/dags/layers_update.py
[2026-04-13T07:43:36.640+0000] {processor.py:925} INFO - DAG(s) 'layers_update' retrieved from /opt/airflow/dags/layers_update.py
[2026-04-13T07:43:36.669+0000] {logging_mixin.py:190} INFO - [2026-04-13T07:43:36.668+0000] {dag.py:3239} INFO - Sync 1 DAGs
[2026-04-13T07:43:36.689+0000] {logging_mixin.py:190} INFO - [2026-04-13T07:43:36.688+0000] {dag.py:4180} INFO - Setting next_dagrun for layers_update to None, run_after=None
[2026-04-13T07:43:40.131+0000] {processor.py:208} INFO - Processing /opt/airflow/dags/layers_update.py took 3.528 seconds
[2026-04-13T07:44:10.681+0000] {processor.py:186} INFO - Started process (PID=52) to work on /opt/airflow/dags/layers_update.py
[2026-04-13T07:44:10.682+0000] {processor.py:914} INFO - Processing file /opt/airflow/dags/layers_update.py for tasks to queue
[2026-04-13T07:44:10.686+0000] {logging_mixin.py:190} INFO - [2026-04-13T07:44:10.685+0000] {dagbag.py:588} INFO - Filling up the DagBag from /opt/airflow/dags/layers_update.py
[2026-04-13T07:44:10.709+0000] {processor.py:925} INFO - DAG(s) 'layers_update' retrieved from /opt/airflow/dags/layers_update.py
[2026-04-13T07:44:10.791+0000] {logging_mixin.py:190} INFO - [2026-04-13T07:44:10.791+0000] {dag.py:3239} INFO - Sync 1 DAGs
[2026-04-13T07:44:10.823+0000] {logging_mixin.py:190} INFO - [2026-04-13T07:44:10.823+0000] {dag.py:4180} INFO - Setting next_dagrun for layers_update to None, run_after=None
[2026-04-13T07:44:10.868+0000] {processor.py:208} INFO - Processing /opt/airflow/dags/layers_update.py took 0.198 seconds
[2026-04-13T07:44:41.259+0000] {processor.py:186} INFO - Started process (PID=55) to work on /opt/airflow/dags/layers_update.py
[2026-04-13T07:44:41.261+0000] {processor.py:914} INFO - Processing file /opt/airflow/dags/layers_update.py for tasks to queue
[2026-04-13T07:44:41.266+0000] {logging_mixin.py:190} INFO - [2026-04-13T07:44:41.265+0000] {dagbag.py:588} INFO - Filling up the DagBag from /opt/airflow/dags/layers_update.py
[2026-04-13T07:44:41.290+0000] {processor.py:925} INFO - DAG(s) 'layers_update' retrieved from /opt/airflow/dags/layers_update.py
[2026-04-13T07:44:41.325+0000] {logging_mixin.py:190} INFO - [2026-04-13T07:44:41.325+0000] {dag.py:3239} INFO - Sync 1 DAGs
[2026-04-13T07:44:41.351+0000] {logging_mixin.py:190} INFO - [2026-04-13T07:44:41.351+0000] {dag.py:4180} INFO - Setting next_dagrun for layers_update to None, run_after=None
[2026-04-13T07:44:41.379+0000] {processor.py:208} INFO - Processing /opt/airflow/dags/layers_update.py took 0.131 seconds
[2026-04-13T07:45:11.750+0000] {processor.py:186} INFO - Started process (PID=58) to work on /opt/airflow/dags/layers_update.py
[2026-04-13T07:45:11.752+0000] {processor.py:914} INFO - Processing file /opt/airflow/dags/layers_update.py for tasks to queue
[2026-04-13T07:45:11.756+0000] {logging_mixin.py:190} INFO - [2026-04-13T07:45:11.755+0000] {dagbag.py:588} INFO - Filling up the DagBag from /opt/airflow/dags/layers_update.py
[2026-04-13T07:45:11.775+0000] {processor.py:925} INFO - DAG(s) 'layers_update' retrieved from /opt/airflow/dags/layers_update.py
[2026-04-13T07:45:11.809+0000] {logging_mixin.py:190} INFO - [2026-04-13T07:45:11.809+0000] {dag.py:3239} INFO - Sync 1 DAGs
[2026-04-13T07:45:11.827+0000] {logging_mixin.py:190} INFO - [2026-04-13T07:45:11.827+0000] {dag.py:4180} INFO - Setting next_dagrun for layers_update to None, run_after=None
[2026-04-13T07:45:11.856+0000] {processor.py:208} INFO - Processing /opt/airflow/dags/layers_update.py took 0.114 seconds
[2026-04-13T07:45:42.355+0000] {processor.py:186} INFO - Started process (PID=61) to work on /opt/airflow/dags/layers_update.py
[2026-04-13T07:45:42.356+0000] {processor.py:914} INFO - Processing file /opt/airflow/dags/layers_update.py for tasks to queue
[2026-04-13T07:45:42.359+0000] {logging_mixin.py:190} INFO - [2026-04-13T07:45:42.359+0000] {dagbag.py:588} INFO - Filling up the DagBag from /opt/airflow/dags/layers_update.py
[2026-04-13T07:45:42.381+0000] {processor.py:925} INFO - DAG(s) 'layers_update' retrieved from /opt/airflow/dags/layers_update.py
[2026-04-13T07:45:42.409+0000] {logging_mixin.py:190} INFO - [2026-04-13T07:45:42.408+0000] {dag.py:3239} INFO - Sync 1 DAGs
[2026-04-13T07:45:42.426+0000] {logging_mixin.py:190} INFO - [2026-04-13T07:45:42.426+0000] {dag.py:4180} INFO - Setting next_dagrun for layers_update to None, run_after=None
[2026-04-13T07:45:42.456+0000] {processor.py:208} INFO - Processing /opt/airflow/dags/layers_update.py took 0.110 seconds
[2026-04-13T07:46:12.892+0000] {processor.py:186} INFO - Started process (PID=64) to work on /opt/airflow/dags/layers_update.py
[2026-04-13T07:46:12.893+0000] {processor.py:914} INFO - Processing file /opt/airflow/dags/layers_update.py for tasks to queue
[2026-04-13T07:46:12.897+0000] {logging_mixin.py:190} INFO - [2026-04-13T07:46:12.896+0000] {dagbag.py:588} INFO - Filling up the DagBag from /opt/airflow/dags/layers_update.py
[2026-04-13T07:46:12.918+0000] {processor.py:925} INFO - DAG(s) 'layers_update' retrieved from /opt/airflow/dags/layers_update.py
[2026-04-13T07:46:12.945+0000] {logging_mixin.py:190} INFO - [2026-04-13T07:46:12.945+0000] {dag.py:3239} INFO - Sync 1 DAGs
[2026-04-13T07:46:12.964+0000] {logging_mixin.py:190} INFO - [2026-04-13T07:46:12.963+0000] {dag.py:4180} INFO - Setting next_dagrun for layers_update to None, run_after=None
[2026-04-13T07:46:12.991+0000] {processor.py:208} INFO - Processing /opt/airflow/dags/layers_update.py took 0.108 seconds
[2026-04-13T07:46:43.500+0000] {processor.py:186} INFO - Started process (PID=67) to work on /opt/airflow/dags/layers_update.py
[2026-04-13T07:46:43.501+0000] {processor.py:914} INFO - Processing file /opt/airflow/dags/layers_update.py for tasks to queue
[2026-04-13T07:46:43.504+0000] {logging_mixin.py:190} INFO - [2026-04-13T07:46:43.504+0000] {dagbag.py:588} INFO - Filling up the DagBag from /opt/airflow/dags/layers_update.py
[2026-04-13T07:46:43.524+0000] {processor.py:925} INFO - DAG(s) 'layers_update' retrieved from /opt/airflow/dags/layers_update.py
[2026-04-13T07:46:43.556+0000] {logging_mixin.py:190} INFO - [2026-04-13T07:46:43.556+0000] {dag.py:3239} INFO - Sync 1 DAGs
[2026-04-13T07:46:43.576+0000] {logging_mixin.py:190} INFO - [2026-04-13T07:46:43.575+0000] {dag.py:4180} INFO - Setting next_dagrun for layers_update to None, run_after=None
[2026-04-13T07:46:43.603+0000] {processor.py:208} INFO - Processing /opt/airflow/dags/layers_update.py took 0.112 seconds
