[2026-04-09T05:26:02.656+0000] {processor.py:186} INFO - Started process (PID=33) to work on /opt/airflow/dags/kafka_load.py
[2026-04-09T05:26:02.658+0000] {processor.py:914} INFO - Processing file /opt/airflow/dags/kafka_load.py for tasks to queue
[2026-04-09T05:26:02.662+0000] {logging_mixin.py:190} INFO - [2026-04-09T05:26:02.661+0000] {dagbag.py:588} INFO - Filling up the DagBag from /opt/airflow/dags/kafka_load.py
[2026-04-09T05:26:02.730+0000] {processor.py:925} INFO - DAG(s) 'kafka_producer' retrieved from /opt/airflow/dags/kafka_load.py
[2026-04-09T05:26:02.775+0000] {logging_mixin.py:190} INFO - [2026-04-09T05:26:02.774+0000] {dag.py:3239} INFO - Sync 1 DAGs
[2026-04-09T05:26:02.805+0000] {logging_mixin.py:190} INFO - [2026-04-09T05:26:02.805+0000] {dag.py:4180} INFO - Setting next_dagrun for kafka_producer to None, run_after=None
[2026-04-09T05:26:02.839+0000] {processor.py:208} INFO - Processing /opt/airflow/dags/kafka_load.py took 0.192 seconds
[2026-04-09T05:26:33.002+0000] {processor.py:186} INFO - Started process (PID=34) to work on /opt/airflow/dags/kafka_load.py
[2026-04-09T05:26:33.004+0000] {processor.py:914} INFO - Processing file /opt/airflow/dags/kafka_load.py for tasks to queue
[2026-04-09T05:26:33.010+0000] {logging_mixin.py:190} INFO - [2026-04-09T05:26:33.009+0000] {dagbag.py:588} INFO - Filling up the DagBag from /opt/airflow/dags/kafka_load.py
[2026-04-09T05:26:33.067+0000] {processor.py:925} INFO - DAG(s) 'kafka_producer' retrieved from /opt/airflow/dags/kafka_load.py
[2026-04-09T05:26:33.117+0000] {logging_mixin.py:190} INFO - [2026-04-09T05:26:33.117+0000] {dag.py:3239} INFO - Sync 1 DAGs
[2026-04-09T05:26:33.138+0000] {logging_mixin.py:190} INFO - [2026-04-09T05:26:33.137+0000] {dag.py:4180} INFO - Setting next_dagrun for kafka_producer to None, run_after=None
[2026-04-09T05:26:33.178+0000] {processor.py:208} INFO - Processing /opt/airflow/dags/kafka_load.py took 0.189 seconds
[2026-04-09T05:27:03.431+0000] {processor.py:186} INFO - Started process (PID=35) to work on /opt/airflow/dags/kafka_load.py
[2026-04-09T05:27:03.433+0000] {processor.py:914} INFO - Processing file /opt/airflow/dags/kafka_load.py for tasks to queue
[2026-04-09T05:27:03.436+0000] {logging_mixin.py:190} INFO - [2026-04-09T05:27:03.435+0000] {dagbag.py:588} INFO - Filling up the DagBag from /opt/airflow/dags/kafka_load.py
[2026-04-09T05:27:03.475+0000] {processor.py:925} INFO - DAG(s) 'kafka_producer' retrieved from /opt/airflow/dags/kafka_load.py
[2026-04-09T05:27:03.505+0000] {logging_mixin.py:190} INFO - [2026-04-09T05:27:03.505+0000] {dag.py:3239} INFO - Sync 1 DAGs
[2026-04-09T05:27:03.525+0000] {logging_mixin.py:190} INFO - [2026-04-09T05:27:03.525+0000] {dag.py:4180} INFO - Setting next_dagrun for kafka_producer to None, run_after=None
[2026-04-09T05:27:03.549+0000] {processor.py:208} INFO - Processing /opt/airflow/dags/kafka_load.py took 0.127 seconds
[2026-04-09T05:27:33.776+0000] {processor.py:186} INFO - Started process (PID=36) to work on /opt/airflow/dags/kafka_load.py
[2026-04-09T05:27:33.777+0000] {processor.py:914} INFO - Processing file /opt/airflow/dags/kafka_load.py for tasks to queue
[2026-04-09T05:27:33.781+0000] {logging_mixin.py:190} INFO - [2026-04-09T05:27:33.780+0000] {dagbag.py:588} INFO - Filling up the DagBag from /opt/airflow/dags/kafka_load.py
[2026-04-09T05:27:33.821+0000] {processor.py:925} INFO - DAG(s) 'kafka_producer' retrieved from /opt/airflow/dags/kafka_load.py
[2026-04-09T05:27:33.855+0000] {logging_mixin.py:190} INFO - [2026-04-09T05:27:33.855+0000] {dag.py:3239} INFO - Sync 1 DAGs
[2026-04-09T05:27:33.874+0000] {logging_mixin.py:190} INFO - [2026-04-09T05:27:33.874+0000] {dag.py:4180} INFO - Setting next_dagrun for kafka_producer to None, run_after=None
[2026-04-09T05:27:33.899+0000] {processor.py:208} INFO - Processing /opt/airflow/dags/kafka_load.py took 0.132 seconds
[2026-04-09T05:28:04.099+0000] {processor.py:186} INFO - Started process (PID=37) to work on /opt/airflow/dags/kafka_load.py
[2026-04-09T05:28:04.100+0000] {processor.py:914} INFO - Processing file /opt/airflow/dags/kafka_load.py for tasks to queue
[2026-04-09T05:28:04.104+0000] {logging_mixin.py:190} INFO - [2026-04-09T05:28:04.103+0000] {dagbag.py:588} INFO - Filling up the DagBag from /opt/airflow/dags/kafka_load.py
[2026-04-09T05:28:04.147+0000] {processor.py:925} INFO - DAG(s) 'kafka_producer' retrieved from /opt/airflow/dags/kafka_load.py
[2026-04-09T05:28:04.181+0000] {logging_mixin.py:190} INFO - [2026-04-09T05:28:04.181+0000] {dag.py:3239} INFO - Sync 1 DAGs
[2026-04-09T05:28:04.199+0000] {logging_mixin.py:190} INFO - [2026-04-09T05:28:04.199+0000] {dag.py:4180} INFO - Setting next_dagrun for kafka_producer to None, run_after=None
[2026-04-09T05:28:04.230+0000] {processor.py:208} INFO - Processing /opt/airflow/dags/kafka_load.py took 0.139 seconds
[2026-04-09T05:28:34.426+0000] {processor.py:186} INFO - Started process (PID=38) to work on /opt/airflow/dags/kafka_load.py
[2026-04-09T05:28:34.427+0000] {processor.py:914} INFO - Processing file /opt/airflow/dags/kafka_load.py for tasks to queue
[2026-04-09T05:28:34.430+0000] {logging_mixin.py:190} INFO - [2026-04-09T05:28:34.430+0000] {dagbag.py:588} INFO - Filling up the DagBag from /opt/airflow/dags/kafka_load.py
[2026-04-09T05:28:34.461+0000] {processor.py:925} INFO - DAG(s) 'kafka_producer' retrieved from /opt/airflow/dags/kafka_load.py
[2026-04-09T05:28:34.497+0000] {logging_mixin.py:190} INFO - [2026-04-09T05:28:34.497+0000] {dag.py:3239} INFO - Sync 1 DAGs
[2026-04-09T05:28:34.518+0000] {logging_mixin.py:190} INFO - [2026-04-09T05:28:34.516+0000] {dag.py:4180} INFO - Setting next_dagrun for kafka_producer to None, run_after=None
[2026-04-09T05:28:34.549+0000] {processor.py:208} INFO - Processing /opt/airflow/dags/kafka_load.py took 0.130 seconds
[2026-04-09T05:29:04.792+0000] {processor.py:186} INFO - Started process (PID=39) to work on /opt/airflow/dags/kafka_load.py
[2026-04-09T05:29:04.793+0000] {processor.py:914} INFO - Processing file /opt/airflow/dags/kafka_load.py for tasks to queue
[2026-04-09T05:29:04.797+0000] {logging_mixin.py:190} INFO - [2026-04-09T05:29:04.796+0000] {dagbag.py:588} INFO - Filling up the DagBag from /opt/airflow/dags/kafka_load.py
[2026-04-09T05:29:04.899+0000] {processor.py:925} INFO - DAG(s) 'kafka_producer' retrieved from /opt/airflow/dags/kafka_load.py
[2026-04-09T05:29:04.953+0000] {logging_mixin.py:190} INFO - [2026-04-09T05:29:04.952+0000] {dag.py:3239} INFO - Sync 1 DAGs
[2026-04-09T05:29:04.991+0000] {logging_mixin.py:190} INFO - [2026-04-09T05:29:04.988+0000] {dag.py:4180} INFO - Setting next_dagrun for kafka_producer to None, run_after=None
[2026-04-09T05:29:05.051+0000] {processor.py:208} INFO - Processing /opt/airflow/dags/kafka_load.py took 0.273 seconds
[2026-04-09T05:29:35.162+0000] {processor.py:186} INFO - Started process (PID=40) to work on /opt/airflow/dags/kafka_load.py
[2026-04-09T05:29:35.165+0000] {processor.py:914} INFO - Processing file /opt/airflow/dags/kafka_load.py for tasks to queue
[2026-04-09T05:29:35.169+0000] {logging_mixin.py:190} INFO - [2026-04-09T05:29:35.169+0000] {dagbag.py:588} INFO - Filling up the DagBag from /opt/airflow/dags/kafka_load.py
[2026-04-09T05:29:35.208+0000] {processor.py:925} INFO - DAG(s) 'kafka_producer' retrieved from /opt/airflow/dags/kafka_load.py
[2026-04-09T05:29:35.248+0000] {logging_mixin.py:190} INFO - [2026-04-09T05:29:35.248+0000] {dag.py:3239} INFO - Sync 1 DAGs
[2026-04-09T05:29:35.271+0000] {logging_mixin.py:190} INFO - [2026-04-09T05:29:35.271+0000] {dag.py:4180} INFO - Setting next_dagrun for kafka_producer to None, run_after=None
[2026-04-09T05:29:35.303+0000] {processor.py:208} INFO - Processing /opt/airflow/dags/kafka_load.py took 0.149 seconds
[2026-04-09T05:30:05.423+0000] {processor.py:186} INFO - Started process (PID=41) to work on /opt/airflow/dags/kafka_load.py
[2026-04-09T05:30:05.425+0000] {processor.py:914} INFO - Processing file /opt/airflow/dags/kafka_load.py for tasks to queue
[2026-04-09T05:30:05.428+0000] {logging_mixin.py:190} INFO - [2026-04-09T05:30:05.428+0000] {dagbag.py:588} INFO - Filling up the DagBag from /opt/airflow/dags/kafka_load.py
[2026-04-09T05:30:05.472+0000] {processor.py:925} INFO - DAG(s) 'kafka_producer' retrieved from /opt/airflow/dags/kafka_load.py
[2026-04-09T05:30:05.506+0000] {logging_mixin.py:190} INFO - [2026-04-09T05:30:05.506+0000] {dag.py:3239} INFO - Sync 1 DAGs
[2026-04-09T05:30:05.526+0000] {logging_mixin.py:190} INFO - [2026-04-09T05:30:05.526+0000] {dag.py:4180} INFO - Setting next_dagrun for kafka_producer to None, run_after=None
[2026-04-09T05:30:05.553+0000] {processor.py:208} INFO - Processing /opt/airflow/dags/kafka_load.py took 0.138 seconds
[2026-04-09T05:30:35.900+0000] {processor.py:186} INFO - Started process (PID=42) to work on /opt/airflow/dags/kafka_load.py
[2026-04-09T05:30:35.901+0000] {processor.py:914} INFO - Processing file /opt/airflow/dags/kafka_load.py for tasks to queue
[2026-04-09T05:30:35.904+0000] {logging_mixin.py:190} INFO - [2026-04-09T05:30:35.904+0000] {dagbag.py:588} INFO - Filling up the DagBag from /opt/airflow/dags/kafka_load.py
[2026-04-09T05:30:35.940+0000] {processor.py:925} INFO - DAG(s) 'kafka_producer' retrieved from /opt/airflow/dags/kafka_load.py
[2026-04-09T05:30:35.971+0000] {logging_mixin.py:190} INFO - [2026-04-09T05:30:35.971+0000] {dag.py:3239} INFO - Sync 1 DAGs
[2026-04-09T05:30:35.988+0000] {logging_mixin.py:190} INFO - [2026-04-09T05:30:35.988+0000] {dag.py:4180} INFO - Setting next_dagrun for kafka_producer to None, run_after=None
[2026-04-09T05:30:36.013+0000] {processor.py:208} INFO - Processing /opt/airflow/dags/kafka_load.py took 0.120 seconds
[2026-04-09T05:31:06.284+0000] {processor.py:186} INFO - Started process (PID=43) to work on /opt/airflow/dags/kafka_load.py
[2026-04-09T05:31:06.285+0000] {processor.py:914} INFO - Processing file /opt/airflow/dags/kafka_load.py for tasks to queue
[2026-04-09T05:31:06.289+0000] {logging_mixin.py:190} INFO - [2026-04-09T05:31:06.288+0000] {dagbag.py:588} INFO - Filling up the DagBag from /opt/airflow/dags/kafka_load.py
[2026-04-09T05:31:06.326+0000] {processor.py:925} INFO - DAG(s) 'kafka_producer' retrieved from /opt/airflow/dags/kafka_load.py
[2026-04-09T05:31:06.357+0000] {logging_mixin.py:190} INFO - [2026-04-09T05:31:06.357+0000] {dag.py:3239} INFO - Sync 1 DAGs
[2026-04-09T05:31:06.376+0000] {logging_mixin.py:190} INFO - [2026-04-09T05:31:06.376+0000] {dag.py:4180} INFO - Setting next_dagrun for kafka_producer to None, run_after=None
[2026-04-09T05:31:06.403+0000] {processor.py:208} INFO - Processing /opt/airflow/dags/kafka_load.py took 0.128 seconds
[2026-04-09T05:31:36.992+0000] {processor.py:186} INFO - Started process (PID=44) to work on /opt/airflow/dags/kafka_load.py
[2026-04-09T05:31:36.993+0000] {processor.py:914} INFO - Processing file /opt/airflow/dags/kafka_load.py for tasks to queue
[2026-04-09T05:31:36.997+0000] {logging_mixin.py:190} INFO - [2026-04-09T05:31:36.996+0000] {dagbag.py:588} INFO - Filling up the DagBag from /opt/airflow/dags/kafka_load.py
[2026-04-09T05:31:37.036+0000] {processor.py:925} INFO - DAG(s) 'kafka_producer' retrieved from /opt/airflow/dags/kafka_load.py
[2026-04-09T05:31:37.072+0000] {logging_mixin.py:190} INFO - [2026-04-09T05:31:37.072+0000] {dag.py:3239} INFO - Sync 1 DAGs
[2026-04-09T05:31:37.095+0000] {logging_mixin.py:190} INFO - [2026-04-09T05:31:37.094+0000] {dag.py:4180} INFO - Setting next_dagrun for kafka_producer to None, run_after=None
[2026-04-09T05:31:37.127+0000] {processor.py:208} INFO - Processing /opt/airflow/dags/kafka_load.py took 0.145 seconds
[2026-04-09T05:32:07.335+0000] {processor.py:186} INFO - Started process (PID=45) to work on /opt/airflow/dags/kafka_load.py
[2026-04-09T05:32:07.336+0000] {processor.py:914} INFO - Processing file /opt/airflow/dags/kafka_load.py for tasks to queue
[2026-04-09T05:32:07.340+0000] {logging_mixin.py:190} INFO - [2026-04-09T05:32:07.339+0000] {dagbag.py:588} INFO - Filling up the DagBag from /opt/airflow/dags/kafka_load.py
[2026-04-09T05:32:07.383+0000] {processor.py:925} INFO - DAG(s) 'kafka_producer' retrieved from /opt/airflow/dags/kafka_load.py
[2026-04-09T05:32:07.420+0000] {logging_mixin.py:190} INFO - [2026-04-09T05:32:07.419+0000] {dag.py:3239} INFO - Sync 1 DAGs
[2026-04-09T05:32:07.441+0000] {logging_mixin.py:190} INFO - [2026-04-09T05:32:07.441+0000] {dag.py:4180} INFO - Setting next_dagrun for kafka_producer to None, run_after=None
[2026-04-09T05:32:07.467+0000] {processor.py:208} INFO - Processing /opt/airflow/dags/kafka_load.py took 0.146 seconds
[2026-04-09T05:32:37.757+0000] {processor.py:186} INFO - Started process (PID=46) to work on /opt/airflow/dags/kafka_load.py
[2026-04-09T05:32:37.759+0000] {processor.py:914} INFO - Processing file /opt/airflow/dags/kafka_load.py for tasks to queue
[2026-04-09T05:32:37.763+0000] {logging_mixin.py:190} INFO - [2026-04-09T05:32:37.762+0000] {dagbag.py:588} INFO - Filling up the DagBag from /opt/airflow/dags/kafka_load.py
[2026-04-09T05:32:37.793+0000] {processor.py:925} INFO - DAG(s) 'kafka_producer' retrieved from /opt/airflow/dags/kafka_load.py
[2026-04-09T05:32:37.829+0000] {logging_mixin.py:190} INFO - [2026-04-09T05:32:37.828+0000] {dag.py:3239} INFO - Sync 1 DAGs
[2026-04-09T05:32:37.855+0000] {logging_mixin.py:190} INFO - [2026-04-09T05:32:37.855+0000] {dag.py:4180} INFO - Setting next_dagrun for kafka_producer to None, run_after=None
[2026-04-09T05:32:37.883+0000] {processor.py:208} INFO - Processing /opt/airflow/dags/kafka_load.py took 0.133 seconds
[2026-04-09T05:33:08.151+0000] {processor.py:186} INFO - Started process (PID=47) to work on /opt/airflow/dags/kafka_load.py
[2026-04-09T05:33:08.153+0000] {processor.py:914} INFO - Processing file /opt/airflow/dags/kafka_load.py for tasks to queue
[2026-04-09T05:33:08.157+0000] {logging_mixin.py:190} INFO - [2026-04-09T05:33:08.156+0000] {dagbag.py:588} INFO - Filling up the DagBag from /opt/airflow/dags/kafka_load.py
[2026-04-09T05:33:08.208+0000] {processor.py:925} INFO - DAG(s) 'kafka_producer' retrieved from /opt/airflow/dags/kafka_load.py
[2026-04-09T05:33:08.467+0000] {logging_mixin.py:190} INFO - [2026-04-09T05:33:08.467+0000] {dag.py:3239} INFO - Sync 1 DAGs
[2026-04-09T05:33:08.498+0000] {logging_mixin.py:190} INFO - [2026-04-09T05:33:08.498+0000] {dag.py:4180} INFO - Setting next_dagrun for kafka_producer to None, run_after=None
[2026-04-09T05:33:08.524+0000] {processor.py:208} INFO - Processing /opt/airflow/dags/kafka_load.py took 0.389 seconds
[2026-04-09T05:33:38.736+0000] {processor.py:186} INFO - Started process (PID=48) to work on /opt/airflow/dags/kafka_load.py
[2026-04-09T05:33:38.737+0000] {processor.py:914} INFO - Processing file /opt/airflow/dags/kafka_load.py for tasks to queue
[2026-04-09T05:33:38.741+0000] {logging_mixin.py:190} INFO - [2026-04-09T05:33:38.741+0000] {dagbag.py:588} INFO - Filling up the DagBag from /opt/airflow/dags/kafka_load.py
[2026-04-09T05:33:38.779+0000] {processor.py:925} INFO - DAG(s) 'kafka_producer' retrieved from /opt/airflow/dags/kafka_load.py
[2026-04-09T05:33:38.820+0000] {logging_mixin.py:190} INFO - [2026-04-09T05:33:38.820+0000] {dag.py:3239} INFO - Sync 1 DAGs
[2026-04-09T05:33:38.840+0000] {logging_mixin.py:190} INFO - [2026-04-09T05:33:38.839+0000] {dag.py:4180} INFO - Setting next_dagrun for kafka_producer to None, run_after=None
[2026-04-09T05:33:38.868+0000] {processor.py:208} INFO - Processing /opt/airflow/dags/kafka_load.py took 0.140 seconds
[2026-04-09T05:34:09.088+0000] {processor.py:186} INFO - Started process (PID=49) to work on /opt/airflow/dags/kafka_load.py
[2026-04-09T05:34:09.089+0000] {processor.py:914} INFO - Processing file /opt/airflow/dags/kafka_load.py for tasks to queue
[2026-04-09T05:34:09.092+0000] {logging_mixin.py:190} INFO - [2026-04-09T05:34:09.092+0000] {dagbag.py:588} INFO - Filling up the DagBag from /opt/airflow/dags/kafka_load.py
[2026-04-09T05:34:09.132+0000] {processor.py:925} INFO - DAG(s) 'kafka_producer' retrieved from /opt/airflow/dags/kafka_load.py
[2026-04-09T05:34:09.168+0000] {logging_mixin.py:190} INFO - [2026-04-09T05:34:09.168+0000] {dag.py:3239} INFO - Sync 1 DAGs
[2026-04-09T05:34:09.188+0000] {logging_mixin.py:190} INFO - [2026-04-09T05:34:09.188+0000] {dag.py:4180} INFO - Setting next_dagrun for kafka_producer to None, run_after=None
[2026-04-09T05:34:09.212+0000] {processor.py:208} INFO - Processing /opt/airflow/dags/kafka_load.py took 0.134 seconds
[2026-04-09T05:34:39.458+0000] {processor.py:186} INFO - Started process (PID=50) to work on /opt/airflow/dags/kafka_load.py
[2026-04-09T05:34:39.459+0000] {processor.py:914} INFO - Processing file /opt/airflow/dags/kafka_load.py for tasks to queue
[2026-04-09T05:34:39.462+0000] {logging_mixin.py:190} INFO - [2026-04-09T05:34:39.462+0000] {dagbag.py:588} INFO - Filling up the DagBag from /opt/airflow/dags/kafka_load.py
[2026-04-09T05:34:39.487+0000] {processor.py:925} INFO - DAG(s) 'kafka_producer' retrieved from /opt/airflow/dags/kafka_load.py
[2026-04-09T05:34:39.527+0000] {logging_mixin.py:190} INFO - [2026-04-09T05:34:39.526+0000] {dag.py:3239} INFO - Sync 1 DAGs
[2026-04-09T05:34:39.550+0000] {logging_mixin.py:190} INFO - [2026-04-09T05:34:39.550+0000] {dag.py:4180} INFO - Setting next_dagrun for kafka_producer to None, run_after=None
[2026-04-09T05:34:39.573+0000] {processor.py:208} INFO - Processing /opt/airflow/dags/kafka_load.py took 0.123 seconds
[2026-04-09T05:35:09.855+0000] {processor.py:186} INFO - Started process (PID=51) to work on /opt/airflow/dags/kafka_load.py
[2026-04-09T05:35:09.856+0000] {processor.py:914} INFO - Processing file /opt/airflow/dags/kafka_load.py for tasks to queue
[2026-04-09T05:35:09.859+0000] {logging_mixin.py:190} INFO - [2026-04-09T05:35:09.859+0000] {dagbag.py:588} INFO - Filling up the DagBag from /opt/airflow/dags/kafka_load.py
[2026-04-09T05:35:09.890+0000] {processor.py:925} INFO - DAG(s) 'kafka_producer' retrieved from /opt/airflow/dags/kafka_load.py
[2026-04-09T05:35:09.926+0000] {logging_mixin.py:190} INFO - [2026-04-09T05:35:09.926+0000] {dag.py:3239} INFO - Sync 1 DAGs
[2026-04-09T05:35:09.946+0000] {logging_mixin.py:190} INFO - [2026-04-09T05:35:09.946+0000] {dag.py:4180} INFO - Setting next_dagrun for kafka_producer to None, run_after=None
[2026-04-09T05:35:09.975+0000] {processor.py:208} INFO - Processing /opt/airflow/dags/kafka_load.py took 0.128 seconds
[2026-04-09T05:35:40.161+0000] {processor.py:186} INFO - Started process (PID=52) to work on /opt/airflow/dags/kafka_load.py
[2026-04-09T05:35:40.162+0000] {processor.py:914} INFO - Processing file /opt/airflow/dags/kafka_load.py for tasks to queue
[2026-04-09T05:35:40.165+0000] {logging_mixin.py:190} INFO - [2026-04-09T05:35:40.164+0000] {dagbag.py:588} INFO - Filling up the DagBag from /opt/airflow/dags/kafka_load.py
[2026-04-09T05:35:40.193+0000] {processor.py:925} INFO - DAG(s) 'kafka_producer' retrieved from /opt/airflow/dags/kafka_load.py
[2026-04-09T05:35:40.229+0000] {logging_mixin.py:190} INFO - [2026-04-09T05:35:40.229+0000] {dag.py:3239} INFO - Sync 1 DAGs
[2026-04-09T05:35:40.249+0000] {logging_mixin.py:190} INFO - [2026-04-09T05:35:40.249+0000] {dag.py:4180} INFO - Setting next_dagrun for kafka_producer to None, run_after=None
[2026-04-09T05:35:40.274+0000] {processor.py:208} INFO - Processing /opt/airflow/dags/kafka_load.py took 0.122 seconds
[2026-04-09T05:36:10.642+0000] {processor.py:186} INFO - Started process (PID=53) to work on /opt/airflow/dags/kafka_load.py
[2026-04-09T05:36:10.643+0000] {processor.py:914} INFO - Processing file /opt/airflow/dags/kafka_load.py for tasks to queue
[2026-04-09T05:36:10.647+0000] {logging_mixin.py:190} INFO - [2026-04-09T05:36:10.646+0000] {dagbag.py:588} INFO - Filling up the DagBag from /opt/airflow/dags/kafka_load.py
[2026-04-09T05:36:10.678+0000] {processor.py:925} INFO - DAG(s) 'kafka_producer' retrieved from /opt/airflow/dags/kafka_load.py
[2026-04-09T05:36:10.713+0000] {logging_mixin.py:190} INFO - [2026-04-09T05:36:10.713+0000] {dag.py:3239} INFO - Sync 1 DAGs
[2026-04-09T05:36:10.733+0000] {logging_mixin.py:190} INFO - [2026-04-09T05:36:10.732+0000] {dag.py:4180} INFO - Setting next_dagrun for kafka_producer to None, run_after=None
[2026-04-09T05:36:10.762+0000] {processor.py:208} INFO - Processing /opt/airflow/dags/kafka_load.py took 0.128 seconds
[2026-04-09T05:36:41.044+0000] {processor.py:186} INFO - Started process (PID=54) to work on /opt/airflow/dags/kafka_load.py
[2026-04-09T05:36:41.045+0000] {processor.py:914} INFO - Processing file /opt/airflow/dags/kafka_load.py for tasks to queue
[2026-04-09T05:36:41.050+0000] {logging_mixin.py:190} INFO - [2026-04-09T05:36:41.049+0000] {dagbag.py:588} INFO - Filling up the DagBag from /opt/airflow/dags/kafka_load.py
[2026-04-09T05:36:41.081+0000] {processor.py:925} INFO - DAG(s) 'kafka_producer' retrieved from /opt/airflow/dags/kafka_load.py
[2026-04-09T05:36:41.114+0000] {logging_mixin.py:190} INFO - [2026-04-09T05:36:41.113+0000] {dag.py:3239} INFO - Sync 1 DAGs
[2026-04-09T05:36:41.131+0000] {logging_mixin.py:190} INFO - [2026-04-09T05:36:41.131+0000] {dag.py:4180} INFO - Setting next_dagrun for kafka_producer to None, run_after=None
[2026-04-09T05:36:41.162+0000] {processor.py:208} INFO - Processing /opt/airflow/dags/kafka_load.py took 0.127 seconds
[2026-04-09T05:37:11.323+0000] {processor.py:186} INFO - Started process (PID=55) to work on /opt/airflow/dags/kafka_load.py
[2026-04-09T05:37:11.324+0000] {processor.py:914} INFO - Processing file /opt/airflow/dags/kafka_load.py for tasks to queue
[2026-04-09T05:37:11.328+0000] {logging_mixin.py:190} INFO - [2026-04-09T05:37:11.327+0000] {dagbag.py:588} INFO - Filling up the DagBag from /opt/airflow/dags/kafka_load.py
[2026-04-09T05:37:11.367+0000] {processor.py:925} INFO - DAG(s) 'kafka_producer' retrieved from /opt/airflow/dags/kafka_load.py
[2026-04-09T05:37:11.400+0000] {logging_mixin.py:190} INFO - [2026-04-09T05:37:11.400+0000] {dag.py:3239} INFO - Sync 1 DAGs
[2026-04-09T05:37:11.417+0000] {logging_mixin.py:190} INFO - [2026-04-09T05:37:11.417+0000] {dag.py:4180} INFO - Setting next_dagrun for kafka_producer to None, run_after=None
[2026-04-09T05:37:11.441+0000] {processor.py:208} INFO - Processing /opt/airflow/dags/kafka_load.py took 0.126 seconds
[2026-04-09T05:37:41.736+0000] {processor.py:186} INFO - Started process (PID=56) to work on /opt/airflow/dags/kafka_load.py
[2026-04-09T05:37:41.737+0000] {processor.py:914} INFO - Processing file /opt/airflow/dags/kafka_load.py for tasks to queue
[2026-04-09T05:37:41.741+0000] {logging_mixin.py:190} INFO - [2026-04-09T05:37:41.741+0000] {dagbag.py:588} INFO - Filling up the DagBag from /opt/airflow/dags/kafka_load.py
[2026-04-09T05:37:41.767+0000] {processor.py:925} INFO - DAG(s) 'kafka_producer' retrieved from /opt/airflow/dags/kafka_load.py
[2026-04-09T05:37:41.796+0000] {logging_mixin.py:190} INFO - [2026-04-09T05:37:41.796+0000] {dag.py:3239} INFO - Sync 1 DAGs
[2026-04-09T05:37:41.815+0000] {logging_mixin.py:190} INFO - [2026-04-09T05:37:41.814+0000] {dag.py:4180} INFO - Setting next_dagrun for kafka_producer to None, run_after=None
[2026-04-09T05:37:41.840+0000] {processor.py:208} INFO - Processing /opt/airflow/dags/kafka_load.py took 0.113 seconds
[2026-04-09T05:38:12.066+0000] {processor.py:186} INFO - Started process (PID=57) to work on /opt/airflow/dags/kafka_load.py
[2026-04-09T05:38:12.068+0000] {processor.py:914} INFO - Processing file /opt/airflow/dags/kafka_load.py for tasks to queue
[2026-04-09T05:38:12.072+0000] {logging_mixin.py:190} INFO - [2026-04-09T05:38:12.071+0000] {dagbag.py:588} INFO - Filling up the DagBag from /opt/airflow/dags/kafka_load.py
[2026-04-09T05:38:12.100+0000] {processor.py:925} INFO - DAG(s) 'kafka_producer' retrieved from /opt/airflow/dags/kafka_load.py
[2026-04-09T05:38:12.131+0000] {logging_mixin.py:190} INFO - [2026-04-09T05:38:12.131+0000] {dag.py:3239} INFO - Sync 1 DAGs
[2026-04-09T05:38:12.149+0000] {logging_mixin.py:190} INFO - [2026-04-09T05:38:12.149+0000] {dag.py:4180} INFO - Setting next_dagrun for kafka_producer to None, run_after=None
[2026-04-09T05:38:12.175+0000] {processor.py:208} INFO - Processing /opt/airflow/dags/kafka_load.py took 0.119 seconds
[2026-04-09T05:38:42.451+0000] {processor.py:186} INFO - Started process (PID=58) to work on /opt/airflow/dags/kafka_load.py
[2026-04-09T05:38:42.453+0000] {processor.py:914} INFO - Processing file /opt/airflow/dags/kafka_load.py for tasks to queue
[2026-04-09T05:38:42.456+0000] {logging_mixin.py:190} INFO - [2026-04-09T05:38:42.456+0000] {dagbag.py:588} INFO - Filling up the DagBag from /opt/airflow/dags/kafka_load.py
[2026-04-09T05:38:42.490+0000] {processor.py:925} INFO - DAG(s) 'kafka_producer' retrieved from /opt/airflow/dags/kafka_load.py
[2026-04-09T05:38:42.521+0000] {logging_mixin.py:190} INFO - [2026-04-09T05:38:42.521+0000] {dag.py:3239} INFO - Sync 1 DAGs
[2026-04-09T05:38:42.540+0000] {logging_mixin.py:190} INFO - [2026-04-09T05:38:42.540+0000] {dag.py:4180} INFO - Setting next_dagrun for kafka_producer to None, run_after=None
[2026-04-09T05:38:42.567+0000] {processor.py:208} INFO - Processing /opt/airflow/dags/kafka_load.py took 0.124 seconds
[2026-04-09T05:39:12.748+0000] {processor.py:186} INFO - Started process (PID=59) to work on /opt/airflow/dags/kafka_load.py
[2026-04-09T05:39:12.750+0000] {processor.py:914} INFO - Processing file /opt/airflow/dags/kafka_load.py for tasks to queue
[2026-04-09T05:39:12.754+0000] {logging_mixin.py:190} INFO - [2026-04-09T05:39:12.753+0000] {dagbag.py:588} INFO - Filling up the DagBag from /opt/airflow/dags/kafka_load.py
[2026-04-09T05:39:12.786+0000] {processor.py:925} INFO - DAG(s) 'kafka_producer' retrieved from /opt/airflow/dags/kafka_load.py
[2026-04-09T05:39:12.819+0000] {logging_mixin.py:190} INFO - [2026-04-09T05:39:12.819+0000] {dag.py:3239} INFO - Sync 1 DAGs
[2026-04-09T05:39:12.836+0000] {logging_mixin.py:190} INFO - [2026-04-09T05:39:12.836+0000] {dag.py:4180} INFO - Setting next_dagrun for kafka_producer to None, run_after=None
[2026-04-09T05:39:12.860+0000] {processor.py:208} INFO - Processing /opt/airflow/dags/kafka_load.py took 0.120 seconds
[2026-04-09T05:39:43.174+0000] {processor.py:186} INFO - Started process (PID=60) to work on /opt/airflow/dags/kafka_load.py
[2026-04-09T05:39:43.176+0000] {processor.py:914} INFO - Processing file /opt/airflow/dags/kafka_load.py for tasks to queue
[2026-04-09T05:39:43.179+0000] {logging_mixin.py:190} INFO - [2026-04-09T05:39:43.178+0000] {dagbag.py:588} INFO - Filling up the DagBag from /opt/airflow/dags/kafka_load.py
[2026-04-09T05:39:43.208+0000] {processor.py:925} INFO - DAG(s) 'kafka_producer' retrieved from /opt/airflow/dags/kafka_load.py
[2026-04-09T05:39:43.242+0000] {logging_mixin.py:190} INFO - [2026-04-09T05:39:43.242+0000] {dag.py:3239} INFO - Sync 1 DAGs
[2026-04-09T05:39:43.262+0000] {logging_mixin.py:190} INFO - [2026-04-09T05:39:43.261+0000] {dag.py:4180} INFO - Setting next_dagrun for kafka_producer to None, run_after=None
[2026-04-09T05:39:43.290+0000] {processor.py:208} INFO - Processing /opt/airflow/dags/kafka_load.py took 0.126 seconds
[2026-04-09T05:40:13.500+0000] {processor.py:186} INFO - Started process (PID=61) to work on /opt/airflow/dags/kafka_load.py
[2026-04-09T05:40:13.501+0000] {processor.py:914} INFO - Processing file /opt/airflow/dags/kafka_load.py for tasks to queue
[2026-04-09T05:40:13.505+0000] {logging_mixin.py:190} INFO - [2026-04-09T05:40:13.504+0000] {dagbag.py:588} INFO - Filling up the DagBag from /opt/airflow/dags/kafka_load.py
[2026-04-09T05:40:13.547+0000] {processor.py:925} INFO - DAG(s) 'kafka_producer' retrieved from /opt/airflow/dags/kafka_load.py
[2026-04-09T05:40:13.581+0000] {logging_mixin.py:190} INFO - [2026-04-09T05:40:13.581+0000] {dag.py:3239} INFO - Sync 1 DAGs
[2026-04-09T05:40:13.599+0000] {logging_mixin.py:190} INFO - [2026-04-09T05:40:13.598+0000] {dag.py:4180} INFO - Setting next_dagrun for kafka_producer to None, run_after=None
[2026-04-09T05:40:13.621+0000] {processor.py:208} INFO - Processing /opt/airflow/dags/kafka_load.py took 0.129 seconds
[2026-04-09T05:40:43.931+0000] {processor.py:186} INFO - Started process (PID=62) to work on /opt/airflow/dags/kafka_load.py
[2026-04-09T05:40:43.932+0000] {processor.py:914} INFO - Processing file /opt/airflow/dags/kafka_load.py for tasks to queue
[2026-04-09T05:40:43.935+0000] {logging_mixin.py:190} INFO - [2026-04-09T05:40:43.935+0000] {dagbag.py:588} INFO - Filling up the DagBag from /opt/airflow/dags/kafka_load.py
[2026-04-09T05:40:43.967+0000] {processor.py:925} INFO - DAG(s) 'kafka_producer' retrieved from /opt/airflow/dags/kafka_load.py
[2026-04-09T05:40:43.998+0000] {logging_mixin.py:190} INFO - [2026-04-09T05:40:43.998+0000] {dag.py:3239} INFO - Sync 1 DAGs
[2026-04-09T05:40:44.019+0000] {logging_mixin.py:190} INFO - [2026-04-09T05:40:44.019+0000] {dag.py:4180} INFO - Setting next_dagrun for kafka_producer to None, run_after=None
[2026-04-09T05:40:44.048+0000] {processor.py:208} INFO - Processing /opt/airflow/dags/kafka_load.py took 0.124 seconds
[2026-04-09T05:41:14.570+0000] {processor.py:186} INFO - Started process (PID=63) to work on /opt/airflow/dags/kafka_load.py
[2026-04-09T05:41:14.573+0000] {processor.py:914} INFO - Processing file /opt/airflow/dags/kafka_load.py for tasks to queue
[2026-04-09T05:41:14.576+0000] {logging_mixin.py:190} INFO - [2026-04-09T05:41:14.576+0000] {dagbag.py:588} INFO - Filling up the DagBag from /opt/airflow/dags/kafka_load.py
[2026-04-09T05:41:14.613+0000] {processor.py:925} INFO - DAG(s) 'kafka_producer' retrieved from /opt/airflow/dags/kafka_load.py
[2026-04-09T05:41:14.657+0000] {logging_mixin.py:190} INFO - [2026-04-09T05:41:14.657+0000] {dag.py:3239} INFO - Sync 1 DAGs
[2026-04-09T05:41:14.677+0000] {logging_mixin.py:190} INFO - [2026-04-09T05:41:14.677+0000] {dag.py:4180} INFO - Setting next_dagrun for kafka_producer to None, run_after=None
[2026-04-09T05:41:14.712+0000] {processor.py:208} INFO - Processing /opt/airflow/dags/kafka_load.py took 0.151 seconds
[2026-04-09T05:41:44.986+0000] {processor.py:186} INFO - Started process (PID=64) to work on /opt/airflow/dags/kafka_load.py
[2026-04-09T05:41:44.987+0000] {processor.py:914} INFO - Processing file /opt/airflow/dags/kafka_load.py for tasks to queue
[2026-04-09T05:41:44.991+0000] {logging_mixin.py:190} INFO - [2026-04-09T05:41:44.990+0000] {dagbag.py:588} INFO - Filling up the DagBag from /opt/airflow/dags/kafka_load.py
[2026-04-09T05:41:45.020+0000] {processor.py:925} INFO - DAG(s) 'kafka_producer' retrieved from /opt/airflow/dags/kafka_load.py
[2026-04-09T05:41:45.052+0000] {logging_mixin.py:190} INFO - [2026-04-09T05:41:45.052+0000] {dag.py:3239} INFO - Sync 1 DAGs
[2026-04-09T05:41:45.069+0000] {logging_mixin.py:190} INFO - [2026-04-09T05:41:45.068+0000] {dag.py:4180} INFO - Setting next_dagrun for kafka_producer to None, run_after=None
[2026-04-09T05:41:45.095+0000] {processor.py:208} INFO - Processing /opt/airflow/dags/kafka_load.py took 0.119 seconds
[2026-04-09T05:42:15.430+0000] {processor.py:186} INFO - Started process (PID=65) to work on /opt/airflow/dags/kafka_load.py
[2026-04-09T05:42:15.431+0000] {processor.py:914} INFO - Processing file /opt/airflow/dags/kafka_load.py for tasks to queue
[2026-04-09T05:42:15.445+0000] {logging_mixin.py:190} INFO - [2026-04-09T05:42:15.444+0000] {dagbag.py:588} INFO - Filling up the DagBag from /opt/airflow/dags/kafka_load.py
[2026-04-09T05:42:15.525+0000] {processor.py:925} INFO - DAG(s) 'kafka_producer' retrieved from /opt/airflow/dags/kafka_load.py
[2026-04-09T05:42:15.578+0000] {logging_mixin.py:190} INFO - [2026-04-09T05:42:15.577+0000] {dag.py:3239} INFO - Sync 1 DAGs
[2026-04-09T05:42:15.636+0000] {logging_mixin.py:190} INFO - [2026-04-09T05:42:15.636+0000] {dag.py:4180} INFO - Setting next_dagrun for kafka_producer to None, run_after=None
[2026-04-09T05:42:15.672+0000] {processor.py:208} INFO - Processing /opt/airflow/dags/kafka_load.py took 0.257 seconds
[2026-04-09T05:42:46.011+0000] {processor.py:186} INFO - Started process (PID=66) to work on /opt/airflow/dags/kafka_load.py
[2026-04-09T05:42:46.013+0000] {processor.py:914} INFO - Processing file /opt/airflow/dags/kafka_load.py for tasks to queue
[2026-04-09T05:42:46.018+0000] {logging_mixin.py:190} INFO - [2026-04-09T05:42:46.018+0000] {dagbag.py:588} INFO - Filling up the DagBag from /opt/airflow/dags/kafka_load.py
[2026-04-09T05:42:46.047+0000] {processor.py:925} INFO - DAG(s) 'kafka_producer' retrieved from /opt/airflow/dags/kafka_load.py
[2026-04-09T05:42:46.081+0000] {logging_mixin.py:190} INFO - [2026-04-09T05:42:46.081+0000] {dag.py:3239} INFO - Sync 1 DAGs
[2026-04-09T05:42:46.101+0000] {logging_mixin.py:190} INFO - [2026-04-09T05:42:46.100+0000] {dag.py:4180} INFO - Setting next_dagrun for kafka_producer to None, run_after=None
[2026-04-09T05:42:46.127+0000] {processor.py:208} INFO - Processing /opt/airflow/dags/kafka_load.py took 0.135 seconds
[2026-04-09T05:43:16.241+0000] {processor.py:186} INFO - Started process (PID=67) to work on /opt/airflow/dags/kafka_load.py
[2026-04-09T05:43:16.243+0000] {processor.py:914} INFO - Processing file /opt/airflow/dags/kafka_load.py for tasks to queue
[2026-04-09T05:43:16.246+0000] {logging_mixin.py:190} INFO - [2026-04-09T05:43:16.246+0000] {dagbag.py:588} INFO - Filling up the DagBag from /opt/airflow/dags/kafka_load.py
[2026-04-09T05:43:16.275+0000] {processor.py:925} INFO - DAG(s) 'kafka_producer' retrieved from /opt/airflow/dags/kafka_load.py
[2026-04-09T05:43:16.309+0000] {logging_mixin.py:190} INFO - [2026-04-09T05:43:16.308+0000] {dag.py:3239} INFO - Sync 1 DAGs
[2026-04-09T05:43:16.327+0000] {logging_mixin.py:190} INFO - [2026-04-09T05:43:16.326+0000] {dag.py:4180} INFO - Setting next_dagrun for kafka_producer to None, run_after=None
[2026-04-09T05:43:16.360+0000] {processor.py:208} INFO - Processing /opt/airflow/dags/kafka_load.py took 0.127 seconds
[2026-04-09T05:43:46.543+0000] {processor.py:186} INFO - Started process (PID=68) to work on /opt/airflow/dags/kafka_load.py
[2026-04-09T05:43:46.545+0000] {processor.py:914} INFO - Processing file /opt/airflow/dags/kafka_load.py for tasks to queue
[2026-04-09T05:43:46.548+0000] {logging_mixin.py:190} INFO - [2026-04-09T05:43:46.547+0000] {dagbag.py:588} INFO - Filling up the DagBag from /opt/airflow/dags/kafka_load.py
[2026-04-09T05:43:46.575+0000] {processor.py:925} INFO - DAG(s) 'kafka_producer' retrieved from /opt/airflow/dags/kafka_load.py
[2026-04-09T05:43:46.610+0000] {logging_mixin.py:190} INFO - [2026-04-09T05:43:46.610+0000] {dag.py:3239} INFO - Sync 1 DAGs
[2026-04-09T05:43:46.628+0000] {logging_mixin.py:190} INFO - [2026-04-09T05:43:46.627+0000] {dag.py:4180} INFO - Setting next_dagrun for kafka_producer to None, run_after=None
[2026-04-09T05:43:46.654+0000] {processor.py:208} INFO - Processing /opt/airflow/dags/kafka_load.py took 0.121 seconds
[2026-04-09T05:44:16.861+0000] {processor.py:186} INFO - Started process (PID=69) to work on /opt/airflow/dags/kafka_load.py
[2026-04-09T05:44:16.862+0000] {processor.py:914} INFO - Processing file /opt/airflow/dags/kafka_load.py for tasks to queue
[2026-04-09T05:44:16.866+0000] {logging_mixin.py:190} INFO - [2026-04-09T05:44:16.866+0000] {dagbag.py:588} INFO - Filling up the DagBag from /opt/airflow/dags/kafka_load.py
[2026-04-09T05:44:16.901+0000] {processor.py:925} INFO - DAG(s) 'kafka_producer' retrieved from /opt/airflow/dags/kafka_load.py
[2026-04-09T05:44:16.932+0000] {logging_mixin.py:190} INFO - [2026-04-09T05:44:16.932+0000] {dag.py:3239} INFO - Sync 1 DAGs
[2026-04-09T05:44:16.952+0000] {logging_mixin.py:190} INFO - [2026-04-09T05:44:16.952+0000] {dag.py:4180} INFO - Setting next_dagrun for kafka_producer to None, run_after=None
[2026-04-09T05:44:16.980+0000] {processor.py:208} INFO - Processing /opt/airflow/dags/kafka_load.py took 0.127 seconds
[2026-04-09T05:44:47.190+0000] {processor.py:186} INFO - Started process (PID=70) to work on /opt/airflow/dags/kafka_load.py
[2026-04-09T05:44:47.192+0000] {processor.py:914} INFO - Processing file /opt/airflow/dags/kafka_load.py for tasks to queue
[2026-04-09T05:44:47.195+0000] {logging_mixin.py:190} INFO - [2026-04-09T05:44:47.195+0000] {dagbag.py:588} INFO - Filling up the DagBag from /opt/airflow/dags/kafka_load.py
[2026-04-09T05:44:47.236+0000] {processor.py:925} INFO - DAG(s) 'kafka_producer' retrieved from /opt/airflow/dags/kafka_load.py
[2026-04-09T05:44:47.267+0000] {logging_mixin.py:190} INFO - [2026-04-09T05:44:47.266+0000] {dag.py:3239} INFO - Sync 1 DAGs
[2026-04-09T05:44:47.285+0000] {logging_mixin.py:190} INFO - [2026-04-09T05:44:47.284+0000] {dag.py:4180} INFO - Setting next_dagrun for kafka_producer to None, run_after=None
[2026-04-09T05:44:47.311+0000] {processor.py:208} INFO - Processing /opt/airflow/dags/kafka_load.py took 0.128 seconds
[2026-04-09T05:45:17.590+0000] {processor.py:186} INFO - Started process (PID=71) to work on /opt/airflow/dags/kafka_load.py
[2026-04-09T05:45:17.592+0000] {processor.py:914} INFO - Processing file /opt/airflow/dags/kafka_load.py for tasks to queue
[2026-04-09T05:45:17.596+0000] {logging_mixin.py:190} INFO - [2026-04-09T05:45:17.596+0000] {dagbag.py:588} INFO - Filling up the DagBag from /opt/airflow/dags/kafka_load.py
[2026-04-09T05:45:17.624+0000] {processor.py:925} INFO - DAG(s) 'kafka_producer' retrieved from /opt/airflow/dags/kafka_load.py
[2026-04-09T05:45:17.655+0000] {logging_mixin.py:190} INFO - [2026-04-09T05:45:17.655+0000] {dag.py:3239} INFO - Sync 1 DAGs
[2026-04-09T05:45:17.674+0000] {logging_mixin.py:190} INFO - [2026-04-09T05:45:17.674+0000] {dag.py:4180} INFO - Setting next_dagrun for kafka_producer to None, run_after=None
[2026-04-09T05:45:17.701+0000] {processor.py:208} INFO - Processing /opt/airflow/dags/kafka_load.py took 0.119 seconds
[2026-04-09T05:45:47.949+0000] {processor.py:186} INFO - Started process (PID=72) to work on /opt/airflow/dags/kafka_load.py
[2026-04-09T05:45:47.950+0000] {processor.py:914} INFO - Processing file /opt/airflow/dags/kafka_load.py for tasks to queue
[2026-04-09T05:45:47.953+0000] {logging_mixin.py:190} INFO - [2026-04-09T05:45:47.953+0000] {dagbag.py:588} INFO - Filling up the DagBag from /opt/airflow/dags/kafka_load.py
[2026-04-09T05:45:47.989+0000] {processor.py:925} INFO - DAG(s) 'kafka_producer' retrieved from /opt/airflow/dags/kafka_load.py
[2026-04-09T05:45:48.022+0000] {logging_mixin.py:190} INFO - [2026-04-09T05:45:48.021+0000] {dag.py:3239} INFO - Sync 1 DAGs
[2026-04-09T05:45:48.038+0000] {logging_mixin.py:190} INFO - [2026-04-09T05:45:48.038+0000] {dag.py:4180} INFO - Setting next_dagrun for kafka_producer to None, run_after=None
[2026-04-09T05:45:48.062+0000] {processor.py:208} INFO - Processing /opt/airflow/dags/kafka_load.py took 0.128 seconds
[2026-04-09T05:46:18.327+0000] {processor.py:186} INFO - Started process (PID=73) to work on /opt/airflow/dags/kafka_load.py
[2026-04-09T05:46:18.329+0000] {processor.py:914} INFO - Processing file /opt/airflow/dags/kafka_load.py for tasks to queue
[2026-04-09T05:46:18.333+0000] {logging_mixin.py:190} INFO - [2026-04-09T05:46:18.332+0000] {dagbag.py:588} INFO - Filling up the DagBag from /opt/airflow/dags/kafka_load.py
[2026-04-09T05:46:18.364+0000] {processor.py:925} INFO - DAG(s) 'kafka_producer' retrieved from /opt/airflow/dags/kafka_load.py
[2026-04-09T05:46:18.396+0000] {logging_mixin.py:190} INFO - [2026-04-09T05:46:18.396+0000] {dag.py:3239} INFO - Sync 1 DAGs
[2026-04-09T05:46:18.414+0000] {logging_mixin.py:190} INFO - [2026-04-09T05:46:18.413+0000] {dag.py:4180} INFO - Setting next_dagrun for kafka_producer to None, run_after=None
[2026-04-09T05:46:18.440+0000] {processor.py:208} INFO - Processing /opt/airflow/dags/kafka_load.py took 0.121 seconds
[2026-04-09T05:46:48.714+0000] {processor.py:186} INFO - Started process (PID=74) to work on /opt/airflow/dags/kafka_load.py
[2026-04-09T05:46:48.715+0000] {processor.py:914} INFO - Processing file /opt/airflow/dags/kafka_load.py for tasks to queue
[2026-04-09T05:46:48.719+0000] {logging_mixin.py:190} INFO - [2026-04-09T05:46:48.719+0000] {dagbag.py:588} INFO - Filling up the DagBag from /opt/airflow/dags/kafka_load.py
[2026-04-09T05:46:48.756+0000] {processor.py:925} INFO - DAG(s) 'kafka_producer' retrieved from /opt/airflow/dags/kafka_load.py
[2026-04-09T05:46:48.791+0000] {logging_mixin.py:190} INFO - [2026-04-09T05:46:48.791+0000] {dag.py:3239} INFO - Sync 1 DAGs
[2026-04-09T05:46:48.813+0000] {logging_mixin.py:190} INFO - [2026-04-09T05:46:48.813+0000] {dag.py:4180} INFO - Setting next_dagrun for kafka_producer to None, run_after=None
[2026-04-09T05:46:48.841+0000] {processor.py:208} INFO - Processing /opt/airflow/dags/kafka_load.py took 0.135 seconds
[2026-04-09T05:47:19.025+0000] {processor.py:186} INFO - Started process (PID=75) to work on /opt/airflow/dags/kafka_load.py
[2026-04-09T05:47:19.026+0000] {processor.py:914} INFO - Processing file /opt/airflow/dags/kafka_load.py for tasks to queue
[2026-04-09T05:47:19.029+0000] {logging_mixin.py:190} INFO - [2026-04-09T05:47:19.028+0000] {dagbag.py:588} INFO - Filling up the DagBag from /opt/airflow/dags/kafka_load.py
[2026-04-09T05:47:19.062+0000] {processor.py:925} INFO - DAG(s) 'kafka_producer' retrieved from /opt/airflow/dags/kafka_load.py
[2026-04-09T05:47:19.106+0000] {logging_mixin.py:190} INFO - [2026-04-09T05:47:19.106+0000] {dag.py:3239} INFO - Sync 1 DAGs
[2026-04-09T05:47:19.124+0000] {logging_mixin.py:190} INFO - [2026-04-09T05:47:19.124+0000] {dag.py:4180} INFO - Setting next_dagrun for kafka_producer to None, run_after=None
[2026-04-09T05:47:19.148+0000] {processor.py:208} INFO - Processing /opt/airflow/dags/kafka_load.py took 0.131 seconds
[2026-04-09T05:47:49.297+0000] {processor.py:186} INFO - Started process (PID=76) to work on /opt/airflow/dags/kafka_load.py
[2026-04-09T05:47:49.298+0000] {processor.py:914} INFO - Processing file /opt/airflow/dags/kafka_load.py for tasks to queue
[2026-04-09T05:47:49.302+0000] {logging_mixin.py:190} INFO - [2026-04-09T05:47:49.301+0000] {dagbag.py:588} INFO - Filling up the DagBag from /opt/airflow/dags/kafka_load.py
[2026-04-09T05:47:49.337+0000] {processor.py:925} INFO - DAG(s) 'kafka_producer' retrieved from /opt/airflow/dags/kafka_load.py
[2026-04-09T05:47:49.376+0000] {logging_mixin.py:190} INFO - [2026-04-09T05:47:49.375+0000] {dag.py:3239} INFO - Sync 1 DAGs
[2026-04-09T05:47:49.395+0000] {logging_mixin.py:190} INFO - [2026-04-09T05:47:49.395+0000] {dag.py:4180} INFO - Setting next_dagrun for kafka_producer to None, run_after=None
[2026-04-09T05:47:49.421+0000] {processor.py:208} INFO - Processing /opt/airflow/dags/kafka_load.py took 0.132 seconds
[2026-04-09T05:48:19.615+0000] {processor.py:186} INFO - Started process (PID=77) to work on /opt/airflow/dags/kafka_load.py
[2026-04-09T05:48:19.616+0000] {processor.py:914} INFO - Processing file /opt/airflow/dags/kafka_load.py for tasks to queue
[2026-04-09T05:48:19.620+0000] {logging_mixin.py:190} INFO - [2026-04-09T05:48:19.619+0000] {dagbag.py:588} INFO - Filling up the DagBag from /opt/airflow/dags/kafka_load.py
[2026-04-09T05:48:19.670+0000] {processor.py:925} INFO - DAG(s) 'kafka_producer' retrieved from /opt/airflow/dags/kafka_load.py
[2026-04-09T05:48:19.732+0000] {logging_mixin.py:190} INFO - [2026-04-09T05:48:19.732+0000] {dag.py:3239} INFO - Sync 1 DAGs
[2026-04-09T05:48:19.756+0000] {logging_mixin.py:190} INFO - [2026-04-09T05:48:19.756+0000] {dag.py:4180} INFO - Setting next_dagrun for kafka_producer to None, run_after=None
[2026-04-09T05:48:19.790+0000] {processor.py:208} INFO - Processing /opt/airflow/dags/kafka_load.py took 0.187 seconds
[2026-04-09T05:48:49.987+0000] {processor.py:186} INFO - Started process (PID=78) to work on /opt/airflow/dags/kafka_load.py
[2026-04-09T05:48:49.988+0000] {processor.py:914} INFO - Processing file /opt/airflow/dags/kafka_load.py for tasks to queue
[2026-04-09T05:48:49.991+0000] {logging_mixin.py:190} INFO - [2026-04-09T05:48:49.991+0000] {dagbag.py:588} INFO - Filling up the DagBag from /opt/airflow/dags/kafka_load.py
[2026-04-09T05:48:50.024+0000] {processor.py:925} INFO - DAG(s) 'kafka_producer' retrieved from /opt/airflow/dags/kafka_load.py
[2026-04-09T05:48:50.060+0000] {logging_mixin.py:190} INFO - [2026-04-09T05:48:50.060+0000] {dag.py:3239} INFO - Sync 1 DAGs
[2026-04-09T05:48:50.079+0000] {logging_mixin.py:190} INFO - [2026-04-09T05:48:50.078+0000] {dag.py:4180} INFO - Setting next_dagrun for kafka_producer to None, run_after=None
[2026-04-09T05:48:50.104+0000] {processor.py:208} INFO - Processing /opt/airflow/dags/kafka_load.py took 0.125 seconds
[2026-04-09T05:49:20.427+0000] {processor.py:186} INFO - Started process (PID=79) to work on /opt/airflow/dags/kafka_load.py
[2026-04-09T05:49:20.428+0000] {processor.py:914} INFO - Processing file /opt/airflow/dags/kafka_load.py for tasks to queue
[2026-04-09T05:49:20.431+0000] {logging_mixin.py:190} INFO - [2026-04-09T05:49:20.431+0000] {dagbag.py:588} INFO - Filling up the DagBag from /opt/airflow/dags/kafka_load.py
[2026-04-09T05:49:20.465+0000] {processor.py:925} INFO - DAG(s) 'kafka_producer' retrieved from /opt/airflow/dags/kafka_load.py
[2026-04-09T05:49:20.501+0000] {logging_mixin.py:190} INFO - [2026-04-09T05:49:20.501+0000] {dag.py:3239} INFO - Sync 1 DAGs
[2026-04-09T05:49:20.519+0000] {logging_mixin.py:190} INFO - [2026-04-09T05:49:20.519+0000] {dag.py:4180} INFO - Setting next_dagrun for kafka_producer to None, run_after=None
[2026-04-09T05:49:20.546+0000] {processor.py:208} INFO - Processing /opt/airflow/dags/kafka_load.py took 0.126 seconds
[2026-04-09T05:49:50.956+0000] {processor.py:186} INFO - Started process (PID=80) to work on /opt/airflow/dags/kafka_load.py
[2026-04-09T05:49:50.959+0000] {processor.py:914} INFO - Processing file /opt/airflow/dags/kafka_load.py for tasks to queue
[2026-04-09T05:49:50.974+0000] {logging_mixin.py:190} INFO - [2026-04-09T05:49:50.974+0000] {dagbag.py:588} INFO - Filling up the DagBag from /opt/airflow/dags/kafka_load.py
[2026-04-09T05:49:51.037+0000] {processor.py:925} INFO - DAG(s) 'kafka_producer' retrieved from /opt/airflow/dags/kafka_load.py
[2026-04-09T05:49:51.107+0000] {logging_mixin.py:190} INFO - [2026-04-09T05:49:51.106+0000] {dag.py:3239} INFO - Sync 1 DAGs
[2026-04-09T05:49:51.155+0000] {logging_mixin.py:190} INFO - [2026-04-09T05:49:51.155+0000] {dag.py:4180} INFO - Setting next_dagrun for kafka_producer to None, run_after=None
[2026-04-09T05:49:51.204+0000] {processor.py:208} INFO - Processing /opt/airflow/dags/kafka_load.py took 0.268 seconds
[2026-04-09T05:50:21.410+0000] {processor.py:186} INFO - Started process (PID=81) to work on /opt/airflow/dags/kafka_load.py
[2026-04-09T05:50:21.411+0000] {processor.py:914} INFO - Processing file /opt/airflow/dags/kafka_load.py for tasks to queue
[2026-04-09T05:50:21.415+0000] {logging_mixin.py:190} INFO - [2026-04-09T05:50:21.414+0000] {dagbag.py:588} INFO - Filling up the DagBag from /opt/airflow/dags/kafka_load.py
[2026-04-09T05:50:21.448+0000] {processor.py:925} INFO - DAG(s) 'kafka_producer' retrieved from /opt/airflow/dags/kafka_load.py
[2026-04-09T05:50:21.483+0000] {logging_mixin.py:190} INFO - [2026-04-09T05:50:21.483+0000] {dag.py:3239} INFO - Sync 1 DAGs
[2026-04-09T05:50:21.505+0000] {logging_mixin.py:190} INFO - [2026-04-09T05:50:21.504+0000] {dag.py:4180} INFO - Setting next_dagrun for kafka_producer to None, run_after=None
[2026-04-09T05:50:21.531+0000] {processor.py:208} INFO - Processing /opt/airflow/dags/kafka_load.py took 0.131 seconds
[2026-04-09T05:50:51.748+0000] {processor.py:186} INFO - Started process (PID=82) to work on /opt/airflow/dags/kafka_load.py
[2026-04-09T05:50:51.749+0000] {processor.py:914} INFO - Processing file /opt/airflow/dags/kafka_load.py for tasks to queue
[2026-04-09T05:50:51.753+0000] {logging_mixin.py:190} INFO - [2026-04-09T05:50:51.752+0000] {dagbag.py:588} INFO - Filling up the DagBag from /opt/airflow/dags/kafka_load.py
[2026-04-09T05:50:51.787+0000] {processor.py:925} INFO - DAG(s) 'kafka_producer' retrieved from /opt/airflow/dags/kafka_load.py
[2026-04-09T05:50:51.823+0000] {logging_mixin.py:190} INFO - [2026-04-09T05:50:51.822+0000] {dag.py:3239} INFO - Sync 1 DAGs
[2026-04-09T05:50:51.841+0000] {logging_mixin.py:190} INFO - [2026-04-09T05:50:51.841+0000] {dag.py:4180} INFO - Setting next_dagrun for kafka_producer to None, run_after=None
[2026-04-09T05:50:51.870+0000] {processor.py:208} INFO - Processing /opt/airflow/dags/kafka_load.py took 0.130 seconds
[2026-04-09T05:51:22.213+0000] {processor.py:186} INFO - Started process (PID=83) to work on /opt/airflow/dags/kafka_load.py
[2026-04-09T05:51:22.214+0000] {processor.py:914} INFO - Processing file /opt/airflow/dags/kafka_load.py for tasks to queue
[2026-04-09T05:51:22.217+0000] {logging_mixin.py:190} INFO - [2026-04-09T05:51:22.216+0000] {dagbag.py:588} INFO - Filling up the DagBag from /opt/airflow/dags/kafka_load.py
[2026-04-09T05:51:22.250+0000] {processor.py:925} INFO - DAG(s) 'kafka_producer' retrieved from /opt/airflow/dags/kafka_load.py
[2026-04-09T05:51:22.281+0000] {logging_mixin.py:190} INFO - [2026-04-09T05:51:22.281+0000] {dag.py:3239} INFO - Sync 1 DAGs
[2026-04-09T05:51:22.299+0000] {logging_mixin.py:190} INFO - [2026-04-09T05:51:22.299+0000] {dag.py:4180} INFO - Setting next_dagrun for kafka_producer to None, run_after=None
[2026-04-09T05:51:22.328+0000] {processor.py:208} INFO - Processing /opt/airflow/dags/kafka_load.py took 0.123 seconds
[2026-04-09T05:51:52.584+0000] {processor.py:186} INFO - Started process (PID=84) to work on /opt/airflow/dags/kafka_load.py
[2026-04-09T05:51:52.586+0000] {processor.py:914} INFO - Processing file /opt/airflow/dags/kafka_load.py for tasks to queue
[2026-04-09T05:51:52.597+0000] {logging_mixin.py:190} INFO - [2026-04-09T05:51:52.590+0000] {dagbag.py:588} INFO - Filling up the DagBag from /opt/airflow/dags/kafka_load.py
[2026-04-09T05:51:52.681+0000] {processor.py:925} INFO - DAG(s) 'kafka_producer' retrieved from /opt/airflow/dags/kafka_load.py
[2026-04-09T05:51:52.743+0000] {logging_mixin.py:190} INFO - [2026-04-09T05:51:52.743+0000] {dag.py:3239} INFO - Sync 1 DAGs
[2026-04-09T05:51:52.775+0000] {logging_mixin.py:190} INFO - [2026-04-09T05:51:52.775+0000] {dag.py:4180} INFO - Setting next_dagrun for kafka_producer to None, run_after=None
[2026-04-09T05:51:52.830+0000] {processor.py:208} INFO - Processing /opt/airflow/dags/kafka_load.py took 0.255 seconds
[2026-04-09T05:52:23.009+0000] {processor.py:186} INFO - Started process (PID=85) to work on /opt/airflow/dags/kafka_load.py
[2026-04-09T05:52:23.010+0000] {processor.py:914} INFO - Processing file /opt/airflow/dags/kafka_load.py for tasks to queue
[2026-04-09T05:52:23.014+0000] {logging_mixin.py:190} INFO - [2026-04-09T05:52:23.014+0000] {dagbag.py:588} INFO - Filling up the DagBag from /opt/airflow/dags/kafka_load.py
[2026-04-09T05:52:23.044+0000] {processor.py:925} INFO - DAG(s) 'kafka_producer' retrieved from /opt/airflow/dags/kafka_load.py
[2026-04-09T05:52:23.076+0000] {logging_mixin.py:190} INFO - [2026-04-09T05:52:23.076+0000] {dag.py:3239} INFO - Sync 1 DAGs
[2026-04-09T05:52:23.093+0000] {logging_mixin.py:190} INFO - [2026-04-09T05:52:23.092+0000] {dag.py:4180} INFO - Setting next_dagrun for kafka_producer to None, run_after=None
[2026-04-09T05:52:23.119+0000] {processor.py:208} INFO - Processing /opt/airflow/dags/kafka_load.py took 0.118 seconds
[2026-04-09T05:52:53.328+0000] {processor.py:186} INFO - Started process (PID=86) to work on /opt/airflow/dags/kafka_load.py
[2026-04-09T05:52:53.330+0000] {processor.py:914} INFO - Processing file /opt/airflow/dags/kafka_load.py for tasks to queue
[2026-04-09T05:52:53.334+0000] {logging_mixin.py:190} INFO - [2026-04-09T05:52:53.333+0000] {dagbag.py:588} INFO - Filling up the DagBag from /opt/airflow/dags/kafka_load.py
[2026-04-09T05:52:53.369+0000] {processor.py:925} INFO - DAG(s) 'kafka_producer' retrieved from /opt/airflow/dags/kafka_load.py
[2026-04-09T05:52:53.404+0000] {logging_mixin.py:190} INFO - [2026-04-09T05:52:53.404+0000] {dag.py:3239} INFO - Sync 1 DAGs
[2026-04-09T05:52:53.425+0000] {logging_mixin.py:190} INFO - [2026-04-09T05:52:53.425+0000] {dag.py:4180} INFO - Setting next_dagrun for kafka_producer to None, run_after=None
[2026-04-09T05:52:53.450+0000] {processor.py:208} INFO - Processing /opt/airflow/dags/kafka_load.py took 0.132 seconds
[2026-04-09T05:53:23.742+0000] {processor.py:186} INFO - Started process (PID=87) to work on /opt/airflow/dags/kafka_load.py
[2026-04-09T05:53:23.743+0000] {processor.py:914} INFO - Processing file /opt/airflow/dags/kafka_load.py for tasks to queue
[2026-04-09T05:53:23.746+0000] {logging_mixin.py:190} INFO - [2026-04-09T05:53:23.746+0000] {dagbag.py:588} INFO - Filling up the DagBag from /opt/airflow/dags/kafka_load.py
[2026-04-09T05:53:23.773+0000] {processor.py:925} INFO - DAG(s) 'kafka_producer' retrieved from /opt/airflow/dags/kafka_load.py
[2026-04-09T05:53:23.805+0000] {logging_mixin.py:190} INFO - [2026-04-09T05:53:23.805+0000] {dag.py:3239} INFO - Sync 1 DAGs
[2026-04-09T05:53:23.824+0000] {logging_mixin.py:190} INFO - [2026-04-09T05:53:23.824+0000] {dag.py:4180} INFO - Setting next_dagrun for kafka_producer to None, run_after=None
[2026-04-09T05:53:23.850+0000] {processor.py:208} INFO - Processing /opt/airflow/dags/kafka_load.py took 0.116 seconds
[2026-04-09T05:53:54.193+0000] {processor.py:186} INFO - Started process (PID=88) to work on /opt/airflow/dags/kafka_load.py
[2026-04-09T05:53:54.195+0000] {processor.py:914} INFO - Processing file /opt/airflow/dags/kafka_load.py for tasks to queue
[2026-04-09T05:53:54.198+0000] {logging_mixin.py:190} INFO - [2026-04-09T05:53:54.198+0000] {dagbag.py:588} INFO - Filling up the DagBag from /opt/airflow/dags/kafka_load.py
[2026-04-09T05:53:54.240+0000] {processor.py:925} INFO - DAG(s) 'kafka_producer' retrieved from /opt/airflow/dags/kafka_load.py
[2026-04-09T05:53:54.282+0000] {logging_mixin.py:190} INFO - [2026-04-09T05:53:54.282+0000] {dag.py:3239} INFO - Sync 1 DAGs
[2026-04-09T05:53:54.306+0000] {logging_mixin.py:190} INFO - [2026-04-09T05:53:54.306+0000] {dag.py:4180} INFO - Setting next_dagrun for kafka_producer to None, run_after=None
[2026-04-09T05:53:54.392+0000] {processor.py:208} INFO - Processing /opt/airflow/dags/kafka_load.py took 0.208 seconds
[2026-04-09T05:54:24.480+0000] {processor.py:186} INFO - Started process (PID=89) to work on /opt/airflow/dags/kafka_load.py
[2026-04-09T05:54:24.482+0000] {processor.py:914} INFO - Processing file /opt/airflow/dags/kafka_load.py for tasks to queue
[2026-04-09T05:54:24.486+0000] {logging_mixin.py:190} INFO - [2026-04-09T05:54:24.486+0000] {dagbag.py:588} INFO - Filling up the DagBag from /opt/airflow/dags/kafka_load.py
[2026-04-09T05:54:24.516+0000] {processor.py:925} INFO - DAG(s) 'kafka_producer' retrieved from /opt/airflow/dags/kafka_load.py
[2026-04-09T05:54:24.556+0000] {logging_mixin.py:190} INFO - [2026-04-09T05:54:24.555+0000] {dag.py:3239} INFO - Sync 1 DAGs
[2026-04-09T05:54:24.576+0000] {logging_mixin.py:190} INFO - [2026-04-09T05:54:24.576+0000] {dag.py:4180} INFO - Setting next_dagrun for kafka_producer to None, run_after=None
[2026-04-09T05:54:24.612+0000] {processor.py:208} INFO - Processing /opt/airflow/dags/kafka_load.py took 0.142 seconds
[2026-04-09T05:54:54.795+0000] {processor.py:186} INFO - Started process (PID=90) to work on /opt/airflow/dags/kafka_load.py
[2026-04-09T05:54:54.796+0000] {processor.py:914} INFO - Processing file /opt/airflow/dags/kafka_load.py for tasks to queue
[2026-04-09T05:54:54.799+0000] {logging_mixin.py:190} INFO - [2026-04-09T05:54:54.799+0000] {dagbag.py:588} INFO - Filling up the DagBag from /opt/airflow/dags/kafka_load.py
[2026-04-09T05:54:54.833+0000] {processor.py:925} INFO - DAG(s) 'kafka_producer' retrieved from /opt/airflow/dags/kafka_load.py
[2026-04-09T05:54:54.864+0000] {logging_mixin.py:190} INFO - [2026-04-09T05:54:54.864+0000] {dag.py:3239} INFO - Sync 1 DAGs
[2026-04-09T05:54:54.882+0000] {logging_mixin.py:190} INFO - [2026-04-09T05:54:54.881+0000] {dag.py:4180} INFO - Setting next_dagrun for kafka_producer to None, run_after=None
[2026-04-09T05:54:54.908+0000] {processor.py:208} INFO - Processing /opt/airflow/dags/kafka_load.py took 0.122 seconds
[2026-04-09T05:55:25.139+0000] {processor.py:186} INFO - Started process (PID=91) to work on /opt/airflow/dags/kafka_load.py
[2026-04-09T05:55:25.140+0000] {processor.py:914} INFO - Processing file /opt/airflow/dags/kafka_load.py for tasks to queue
[2026-04-09T05:55:25.143+0000] {logging_mixin.py:190} INFO - [2026-04-09T05:55:25.143+0000] {dagbag.py:588} INFO - Filling up the DagBag from /opt/airflow/dags/kafka_load.py
[2026-04-09T05:55:25.173+0000] {processor.py:925} INFO - DAG(s) 'kafka_producer' retrieved from /opt/airflow/dags/kafka_load.py
[2026-04-09T05:55:25.206+0000] {logging_mixin.py:190} INFO - [2026-04-09T05:55:25.206+0000] {dag.py:3239} INFO - Sync 1 DAGs
[2026-04-09T05:55:25.224+0000] {logging_mixin.py:190} INFO - [2026-04-09T05:55:25.224+0000] {dag.py:4180} INFO - Setting next_dagrun for kafka_producer to None, run_after=None
[2026-04-09T05:55:25.250+0000] {processor.py:208} INFO - Processing /opt/airflow/dags/kafka_load.py took 0.119 seconds
[2026-04-09T05:55:55.438+0000] {processor.py:186} INFO - Started process (PID=92) to work on /opt/airflow/dags/kafka_load.py
[2026-04-09T05:55:55.440+0000] {processor.py:914} INFO - Processing file /opt/airflow/dags/kafka_load.py for tasks to queue
[2026-04-09T05:55:55.446+0000] {logging_mixin.py:190} INFO - [2026-04-09T05:55:55.445+0000] {dagbag.py:588} INFO - Filling up the DagBag from /opt/airflow/dags/kafka_load.py
[2026-04-09T05:55:55.476+0000] {processor.py:925} INFO - DAG(s) 'kafka_producer' retrieved from /opt/airflow/dags/kafka_load.py
[2026-04-09T05:55:55.508+0000] {logging_mixin.py:190} INFO - [2026-04-09T05:55:55.508+0000] {dag.py:3239} INFO - Sync 1 DAGs
[2026-04-09T05:55:55.525+0000] {logging_mixin.py:190} INFO - [2026-04-09T05:55:55.525+0000] {dag.py:4180} INFO - Setting next_dagrun for kafka_producer to None, run_after=None
[2026-04-09T05:55:55.554+0000] {processor.py:208} INFO - Processing /opt/airflow/dags/kafka_load.py took 0.124 seconds
[2026-04-09T05:56:25.882+0000] {processor.py:186} INFO - Started process (PID=93) to work on /opt/airflow/dags/kafka_load.py
[2026-04-09T05:56:25.883+0000] {processor.py:914} INFO - Processing file /opt/airflow/dags/kafka_load.py for tasks to queue
[2026-04-09T05:56:25.887+0000] {logging_mixin.py:190} INFO - [2026-04-09T05:56:25.887+0000] {dagbag.py:588} INFO - Filling up the DagBag from /opt/airflow/dags/kafka_load.py
[2026-04-09T05:56:25.918+0000] {processor.py:925} INFO - DAG(s) 'kafka_producer' retrieved from /opt/airflow/dags/kafka_load.py
[2026-04-09T05:56:25.958+0000] {logging_mixin.py:190} INFO - [2026-04-09T05:56:25.957+0000] {dag.py:3239} INFO - Sync 1 DAGs
[2026-04-09T05:56:25.982+0000] {logging_mixin.py:190} INFO - [2026-04-09T05:56:25.982+0000] {dag.py:4180} INFO - Setting next_dagrun for kafka_producer to None, run_after=None
[2026-04-09T05:56:26.030+0000] {processor.py:208} INFO - Processing /opt/airflow/dags/kafka_load.py took 0.159 seconds
[2026-04-09T05:56:56.299+0000] {processor.py:186} INFO - Started process (PID=94) to work on /opt/airflow/dags/kafka_load.py
[2026-04-09T05:56:56.303+0000] {processor.py:914} INFO - Processing file /opt/airflow/dags/kafka_load.py for tasks to queue
[2026-04-09T05:56:56.325+0000] {logging_mixin.py:190} INFO - [2026-04-09T05:56:56.323+0000] {dagbag.py:588} INFO - Filling up the DagBag from /opt/airflow/dags/kafka_load.py
[2026-04-09T05:56:56.413+0000] {processor.py:925} INFO - DAG(s) 'kafka_producer' retrieved from /opt/airflow/dags/kafka_load.py
[2026-04-09T05:56:56.466+0000] {logging_mixin.py:190} INFO - [2026-04-09T05:56:56.466+0000] {dag.py:3239} INFO - Sync 1 DAGs
[2026-04-09T05:56:56.485+0000] {logging_mixin.py:190} INFO - [2026-04-09T05:56:56.484+0000] {dag.py:4180} INFO - Setting next_dagrun for kafka_producer to None, run_after=None
[2026-04-09T05:56:56.515+0000] {processor.py:208} INFO - Processing /opt/airflow/dags/kafka_load.py took 0.225 seconds
[2026-04-09T05:57:26.632+0000] {processor.py:186} INFO - Started process (PID=95) to work on /opt/airflow/dags/kafka_load.py
[2026-04-09T05:57:26.633+0000] {processor.py:914} INFO - Processing file /opt/airflow/dags/kafka_load.py for tasks to queue
[2026-04-09T05:57:26.637+0000] {logging_mixin.py:190} INFO - [2026-04-09T05:57:26.637+0000] {dagbag.py:588} INFO - Filling up the DagBag from /opt/airflow/dags/kafka_load.py
[2026-04-09T05:57:26.665+0000] {processor.py:925} INFO - DAG(s) 'kafka_producer' retrieved from /opt/airflow/dags/kafka_load.py
[2026-04-09T05:57:26.713+0000] {logging_mixin.py:190} INFO - [2026-04-09T05:57:26.713+0000] {dag.py:3239} INFO - Sync 1 DAGs
[2026-04-09T05:57:26.734+0000] {logging_mixin.py:190} INFO - [2026-04-09T05:57:26.734+0000] {dag.py:4180} INFO - Setting next_dagrun for kafka_producer to None, run_after=None
[2026-04-09T05:57:26.763+0000] {processor.py:208} INFO - Processing /opt/airflow/dags/kafka_load.py took 0.139 seconds
[2026-04-09T05:57:56.969+0000] {processor.py:186} INFO - Started process (PID=96) to work on /opt/airflow/dags/kafka_load.py
[2026-04-09T05:57:56.970+0000] {processor.py:914} INFO - Processing file /opt/airflow/dags/kafka_load.py for tasks to queue
[2026-04-09T05:57:56.974+0000] {logging_mixin.py:190} INFO - [2026-04-09T05:57:56.973+0000] {dagbag.py:588} INFO - Filling up the DagBag from /opt/airflow/dags/kafka_load.py
[2026-04-09T05:57:57.003+0000] {processor.py:925} INFO - DAG(s) 'kafka_producer' retrieved from /opt/airflow/dags/kafka_load.py
[2026-04-09T05:57:57.034+0000] {logging_mixin.py:190} INFO - [2026-04-09T05:57:57.034+0000] {dag.py:3239} INFO - Sync 1 DAGs
[2026-04-09T05:57:57.054+0000] {logging_mixin.py:190} INFO - [2026-04-09T05:57:57.053+0000] {dag.py:4180} INFO - Setting next_dagrun for kafka_producer to None, run_after=None
[2026-04-09T05:57:57.081+0000] {processor.py:208} INFO - Processing /opt/airflow/dags/kafka_load.py took 0.123 seconds
[2026-04-09T05:58:27.360+0000] {processor.py:186} INFO - Started process (PID=97) to work on /opt/airflow/dags/kafka_load.py
[2026-04-09T05:58:27.361+0000] {processor.py:914} INFO - Processing file /opt/airflow/dags/kafka_load.py for tasks to queue
[2026-04-09T05:58:27.365+0000] {logging_mixin.py:190} INFO - [2026-04-09T05:58:27.364+0000] {dagbag.py:588} INFO - Filling up the DagBag from /opt/airflow/dags/kafka_load.py
[2026-04-09T05:58:27.401+0000] {processor.py:925} INFO - DAG(s) 'kafka_producer' retrieved from /opt/airflow/dags/kafka_load.py
[2026-04-09T05:58:27.438+0000] {logging_mixin.py:190} INFO - [2026-04-09T05:58:27.438+0000] {dag.py:3239} INFO - Sync 1 DAGs
[2026-04-09T05:58:27.467+0000] {logging_mixin.py:190} INFO - [2026-04-09T05:58:27.467+0000] {dag.py:4180} INFO - Setting next_dagrun for kafka_producer to None, run_after=None
[2026-04-09T05:58:27.497+0000] {processor.py:208} INFO - Processing /opt/airflow/dags/kafka_load.py took 0.145 seconds
[2026-04-09T05:58:57.694+0000] {processor.py:186} INFO - Started process (PID=98) to work on /opt/airflow/dags/kafka_load.py
[2026-04-09T05:58:57.695+0000] {processor.py:914} INFO - Processing file /opt/airflow/dags/kafka_load.py for tasks to queue
[2026-04-09T05:58:57.700+0000] {logging_mixin.py:190} INFO - [2026-04-09T05:58:57.699+0000] {dagbag.py:588} INFO - Filling up the DagBag from /opt/airflow/dags/kafka_load.py
[2026-04-09T05:58:57.734+0000] {processor.py:925} INFO - DAG(s) 'kafka_producer' retrieved from /opt/airflow/dags/kafka_load.py
[2026-04-09T05:58:57.773+0000] {logging_mixin.py:190} INFO - [2026-04-09T05:58:57.773+0000] {dag.py:3239} INFO - Sync 1 DAGs
[2026-04-09T05:58:57.804+0000] {logging_mixin.py:190} INFO - [2026-04-09T05:58:57.804+0000] {dag.py:4180} INFO - Setting next_dagrun for kafka_producer to None, run_after=None
[2026-04-09T05:58:57.858+0000] {processor.py:208} INFO - Processing /opt/airflow/dags/kafka_load.py took 0.175 seconds
[2026-04-09T05:59:28.301+0000] {processor.py:186} INFO - Started process (PID=99) to work on /opt/airflow/dags/kafka_load.py
[2026-04-09T05:59:28.303+0000] {processor.py:914} INFO - Processing file /opt/airflow/dags/kafka_load.py for tasks to queue
[2026-04-09T05:59:28.306+0000] {logging_mixin.py:190} INFO - [2026-04-09T05:59:28.306+0000] {dagbag.py:588} INFO - Filling up the DagBag from /opt/airflow/dags/kafka_load.py
[2026-04-09T05:59:28.341+0000] {processor.py:925} INFO - DAG(s) 'kafka_producer' retrieved from /opt/airflow/dags/kafka_load.py
[2026-04-09T05:59:28.387+0000] {logging_mixin.py:190} INFO - [2026-04-09T05:59:28.386+0000] {dag.py:3239} INFO - Sync 1 DAGs
[2026-04-09T05:59:28.410+0000] {logging_mixin.py:190} INFO - [2026-04-09T05:59:28.410+0000] {dag.py:4180} INFO - Setting next_dagrun for kafka_producer to None, run_after=None
[2026-04-09T05:59:28.436+0000] {processor.py:208} INFO - Processing /opt/airflow/dags/kafka_load.py took 0.143 seconds
[2026-04-09T05:59:58.586+0000] {processor.py:186} INFO - Started process (PID=100) to work on /opt/airflow/dags/kafka_load.py
[2026-04-09T05:59:58.588+0000] {processor.py:914} INFO - Processing file /opt/airflow/dags/kafka_load.py for tasks to queue
[2026-04-09T05:59:58.591+0000] {logging_mixin.py:190} INFO - [2026-04-09T05:59:58.591+0000] {dagbag.py:588} INFO - Filling up the DagBag from /opt/airflow/dags/kafka_load.py
[2026-04-09T05:59:58.634+0000] {processor.py:925} INFO - DAG(s) 'kafka_producer' retrieved from /opt/airflow/dags/kafka_load.py
[2026-04-09T05:59:58.717+0000] {logging_mixin.py:190} INFO - [2026-04-09T05:59:58.717+0000] {dag.py:3239} INFO - Sync 1 DAGs
[2026-04-09T05:59:58.747+0000] {logging_mixin.py:190} INFO - [2026-04-09T05:59:58.747+0000] {dag.py:4180} INFO - Setting next_dagrun for kafka_producer to None, run_after=None
[2026-04-09T05:59:58.788+0000] {processor.py:208} INFO - Processing /opt/airflow/dags/kafka_load.py took 0.216 seconds
[2026-04-09T06:00:29.004+0000] {processor.py:186} INFO - Started process (PID=101) to work on /opt/airflow/dags/kafka_load.py
[2026-04-09T06:00:29.006+0000] {processor.py:914} INFO - Processing file /opt/airflow/dags/kafka_load.py for tasks to queue
[2026-04-09T06:00:29.012+0000] {logging_mixin.py:190} INFO - [2026-04-09T06:00:29.011+0000] {dagbag.py:588} INFO - Filling up the DagBag from /opt/airflow/dags/kafka_load.py
[2026-04-09T06:00:29.048+0000] {processor.py:925} INFO - DAG(s) 'kafka_producer' retrieved from /opt/airflow/dags/kafka_load.py
[2026-04-09T06:00:29.085+0000] {logging_mixin.py:190} INFO - [2026-04-09T06:00:29.085+0000] {dag.py:3239} INFO - Sync 1 DAGs
[2026-04-09T06:00:29.107+0000] {logging_mixin.py:190} INFO - [2026-04-09T06:00:29.107+0000] {dag.py:4180} INFO - Setting next_dagrun for kafka_producer to None, run_after=None
[2026-04-09T06:00:29.135+0000] {processor.py:208} INFO - Processing /opt/airflow/dags/kafka_load.py took 0.141 seconds
[2026-04-09T06:00:59.372+0000] {processor.py:186} INFO - Started process (PID=102) to work on /opt/airflow/dags/kafka_load.py
[2026-04-09T06:00:59.374+0000] {processor.py:914} INFO - Processing file /opt/airflow/dags/kafka_load.py for tasks to queue
[2026-04-09T06:00:59.377+0000] {logging_mixin.py:190} INFO - [2026-04-09T06:00:59.377+0000] {dagbag.py:588} INFO - Filling up the DagBag from /opt/airflow/dags/kafka_load.py
[2026-04-09T06:00:59.413+0000] {processor.py:925} INFO - DAG(s) 'kafka_producer' retrieved from /opt/airflow/dags/kafka_load.py
[2026-04-09T06:00:59.445+0000] {logging_mixin.py:190} INFO - [2026-04-09T06:00:59.445+0000] {dag.py:3239} INFO - Sync 1 DAGs
[2026-04-09T06:00:59.462+0000] {logging_mixin.py:190} INFO - [2026-04-09T06:00:59.462+0000] {dag.py:4180} INFO - Setting next_dagrun for kafka_producer to None, run_after=None
[2026-04-09T06:00:59.486+0000] {processor.py:208} INFO - Processing /opt/airflow/dags/kafka_load.py took 0.123 seconds
[2026-04-09T06:01:29.913+0000] {processor.py:186} INFO - Started process (PID=104) to work on /opt/airflow/dags/kafka_load.py
[2026-04-09T06:01:29.915+0000] {processor.py:914} INFO - Processing file /opt/airflow/dags/kafka_load.py for tasks to queue
[2026-04-09T06:01:29.919+0000] {logging_mixin.py:190} INFO - [2026-04-09T06:01:29.918+0000] {dagbag.py:588} INFO - Filling up the DagBag from /opt/airflow/dags/kafka_load.py
[2026-04-09T06:01:29.954+0000] {processor.py:925} INFO - DAG(s) 'kafka_producer' retrieved from /opt/airflow/dags/kafka_load.py
[2026-04-09T06:01:29.991+0000] {logging_mixin.py:190} INFO - [2026-04-09T06:01:29.990+0000] {dag.py:3239} INFO - Sync 1 DAGs
[2026-04-09T06:01:30.012+0000] {logging_mixin.py:190} INFO - [2026-04-09T06:01:30.012+0000] {dag.py:4180} INFO - Setting next_dagrun for kafka_producer to None, run_after=None
[2026-04-09T06:01:30.039+0000] {processor.py:208} INFO - Processing /opt/airflow/dags/kafka_load.py took 0.134 seconds
[2026-04-09T06:02:00.425+0000] {processor.py:186} INFO - Started process (PID=106) to work on /opt/airflow/dags/kafka_load.py
[2026-04-09T06:02:00.426+0000] {processor.py:914} INFO - Processing file /opt/airflow/dags/kafka_load.py for tasks to queue
[2026-04-09T06:02:00.429+0000] {logging_mixin.py:190} INFO - [2026-04-09T06:02:00.429+0000] {dagbag.py:588} INFO - Filling up the DagBag from /opt/airflow/dags/kafka_load.py
[2026-04-09T06:02:00.455+0000] {processor.py:925} INFO - DAG(s) 'kafka_producer' retrieved from /opt/airflow/dags/kafka_load.py
[2026-04-09T06:02:00.487+0000] {logging_mixin.py:190} INFO - [2026-04-09T06:02:00.487+0000] {dag.py:3239} INFO - Sync 1 DAGs
[2026-04-09T06:02:00.506+0000] {logging_mixin.py:190} INFO - [2026-04-09T06:02:00.506+0000] {dag.py:4180} INFO - Setting next_dagrun for kafka_producer to None, run_after=None
[2026-04-09T06:02:00.536+0000] {processor.py:208} INFO - Processing /opt/airflow/dags/kafka_load.py took 0.119 seconds
[2026-04-09T06:02:30.874+0000] {processor.py:186} INFO - Started process (PID=108) to work on /opt/airflow/dags/kafka_load.py
[2026-04-09T06:02:30.875+0000] {processor.py:914} INFO - Processing file /opt/airflow/dags/kafka_load.py for tasks to queue
[2026-04-09T06:02:30.879+0000] {logging_mixin.py:190} INFO - [2026-04-09T06:02:30.878+0000] {dagbag.py:588} INFO - Filling up the DagBag from /opt/airflow/dags/kafka_load.py
[2026-04-09T06:02:30.910+0000] {processor.py:925} INFO - DAG(s) 'kafka_producer' retrieved from /opt/airflow/dags/kafka_load.py
[2026-04-09T06:02:30.946+0000] {logging_mixin.py:190} INFO - [2026-04-09T06:02:30.946+0000] {dag.py:3239} INFO - Sync 1 DAGs
[2026-04-09T06:02:30.965+0000] {logging_mixin.py:190} INFO - [2026-04-09T06:02:30.965+0000] {dag.py:4180} INFO - Setting next_dagrun for kafka_producer to None, run_after=None
[2026-04-09T06:02:30.992+0000] {processor.py:208} INFO - Processing /opt/airflow/dags/kafka_load.py took 0.125 seconds
[2026-04-09T06:03:01.322+0000] {processor.py:186} INFO - Started process (PID=110) to work on /opt/airflow/dags/kafka_load.py
[2026-04-09T06:03:01.325+0000] {processor.py:914} INFO - Processing file /opt/airflow/dags/kafka_load.py for tasks to queue
[2026-04-09T06:03:01.329+0000] {logging_mixin.py:190} INFO - [2026-04-09T06:03:01.328+0000] {dagbag.py:588} INFO - Filling up the DagBag from /opt/airflow/dags/kafka_load.py
[2026-04-09T06:03:01.360+0000] {processor.py:925} INFO - DAG(s) 'kafka_producer' retrieved from /opt/airflow/dags/kafka_load.py
[2026-04-09T06:03:01.389+0000] {logging_mixin.py:190} INFO - [2026-04-09T06:03:01.389+0000] {dag.py:3239} INFO - Sync 1 DAGs
[2026-04-09T06:03:01.407+0000] {logging_mixin.py:190} INFO - [2026-04-09T06:03:01.407+0000] {dag.py:4180} INFO - Setting next_dagrun for kafka_producer to None, run_after=None
[2026-04-09T06:03:01.433+0000] {processor.py:208} INFO - Processing /opt/airflow/dags/kafka_load.py took 0.121 seconds
[2026-04-09T06:03:31.750+0000] {processor.py:186} INFO - Started process (PID=112) to work on /opt/airflow/dags/kafka_load.py
[2026-04-09T06:03:31.751+0000] {processor.py:914} INFO - Processing file /opt/airflow/dags/kafka_load.py for tasks to queue
[2026-04-09T06:03:31.755+0000] {logging_mixin.py:190} INFO - [2026-04-09T06:03:31.755+0000] {dagbag.py:588} INFO - Filling up the DagBag from /opt/airflow/dags/kafka_load.py
[2026-04-09T06:03:31.784+0000] {processor.py:925} INFO - DAG(s) 'kafka_producer' retrieved from /opt/airflow/dags/kafka_load.py
[2026-04-09T06:03:31.815+0000] {logging_mixin.py:190} INFO - [2026-04-09T06:03:31.815+0000] {dag.py:3239} INFO - Sync 1 DAGs
[2026-04-09T06:03:31.833+0000] {logging_mixin.py:190} INFO - [2026-04-09T06:03:31.833+0000] {dag.py:4180} INFO - Setting next_dagrun for kafka_producer to None, run_after=None
[2026-04-09T06:03:31.861+0000] {processor.py:208} INFO - Processing /opt/airflow/dags/kafka_load.py took 0.119 seconds
[2026-04-09T06:03:35.810+0000] {processor.py:186} INFO - Started process (PID=113) to work on /opt/airflow/dags/kafka_load.py
[2026-04-09T06:03:35.811+0000] {processor.py:914} INFO - Processing file /opt/airflow/dags/kafka_load.py for tasks to queue
[2026-04-09T06:03:35.815+0000] {logging_mixin.py:190} INFO - [2026-04-09T06:03:35.815+0000] {dagbag.py:588} INFO - Filling up the DagBag from /opt/airflow/dags/kafka_load.py
[2026-04-09T06:03:35.876+0000] {logging_mixin.py:190} INFO - [2026-04-09T06:03:35.859+0000] {dagbag.py:387} ERROR - Failed to import: /opt/airflow/dags/kafka_load.py
Traceback (most recent call last):
  File "/home/airflow/.local/lib/python3.12/site-packages/airflow/models/dagbag.py", line 383, in parse
    loader.exec_module(new_module)
  File "<frozen importlib._bootstrap_external>", line 999, in exec_module
  File "<frozen importlib._bootstrap>", line 488, in _call_with_frames_removed
  File "/opt/airflow/dags/kafka_load.py", line 58, in <module>
    tests = TriggerDagRunOperator(
            ^^^^^^^^^^^^^^^^^^^^^
NameError: name 'TriggerDagRunOperator' is not defined
[2026-04-09T06:03:35.884+0000] {processor.py:927} WARNING - No viable dags retrieved from /opt/airflow/dags/kafka_load.py
[2026-04-09T06:03:35.920+0000] {processor.py:208} INFO - Processing /opt/airflow/dags/kafka_load.py took 0.118 seconds
[2026-04-09T06:04:06.406+0000] {processor.py:186} INFO - Started process (PID=115) to work on /opt/airflow/dags/kafka_load.py
[2026-04-09T06:04:06.409+0000] {processor.py:914} INFO - Processing file /opt/airflow/dags/kafka_load.py for tasks to queue
[2026-04-09T06:04:06.413+0000] {logging_mixin.py:190} INFO - [2026-04-09T06:04:06.412+0000] {dagbag.py:588} INFO - Filling up the DagBag from /opt/airflow/dags/kafka_load.py
[2026-04-09T06:04:06.492+0000] {logging_mixin.py:190} INFO - [2026-04-09T06:04:06.470+0000] {dagbag.py:387} ERROR - Failed to import: /opt/airflow/dags/kafka_load.py
Traceback (most recent call last):
  File "/home/airflow/.local/lib/python3.12/site-packages/airflow/models/dagbag.py", line 383, in parse
    loader.exec_module(new_module)
  File "<frozen importlib._bootstrap_external>", line 999, in exec_module
  File "<frozen importlib._bootstrap>", line 488, in _call_with_frames_removed
  File "/opt/airflow/dags/kafka_load.py", line 58, in <module>
    tests = TriggerDagRunOperator(
            ^^^^^^^^^^^^^^^^^^^^^
NameError: name 'TriggerDagRunOperator' is not defined
[2026-04-09T06:04:06.510+0000] {processor.py:927} WARNING - No viable dags retrieved from /opt/airflow/dags/kafka_load.py
[2026-04-09T06:04:06.550+0000] {processor.py:208} INFO - Processing /opt/airflow/dags/kafka_load.py took 0.155 seconds
[2026-04-09T06:04:36.854+0000] {processor.py:186} INFO - Started process (PID=117) to work on /opt/airflow/dags/kafka_load.py
[2026-04-09T06:04:36.856+0000] {processor.py:914} INFO - Processing file /opt/airflow/dags/kafka_load.py for tasks to queue
[2026-04-09T06:04:36.858+0000] {logging_mixin.py:190} INFO - [2026-04-09T06:04:36.858+0000] {dagbag.py:588} INFO - Filling up the DagBag from /opt/airflow/dags/kafka_load.py
[2026-04-09T06:04:36.888+0000] {logging_mixin.py:190} INFO - [2026-04-09T06:04:36.880+0000] {dagbag.py:387} ERROR - Failed to import: /opt/airflow/dags/kafka_load.py
Traceback (most recent call last):
  File "/home/airflow/.local/lib/python3.12/site-packages/airflow/models/dagbag.py", line 383, in parse
    loader.exec_module(new_module)
  File "<frozen importlib._bootstrap_external>", line 999, in exec_module
  File "<frozen importlib._bootstrap>", line 488, in _call_with_frames_removed
  File "/opt/airflow/dags/kafka_load.py", line 58, in <module>
    tests = TriggerDagRunOperator(
            ^^^^^^^^^^^^^^^^^^^^^
NameError: name 'TriggerDagRunOperator' is not defined
[2026-04-09T06:04:36.894+0000] {processor.py:927} WARNING - No viable dags retrieved from /opt/airflow/dags/kafka_load.py
[2026-04-09T06:04:36.917+0000] {processor.py:208} INFO - Processing /opt/airflow/dags/kafka_load.py took 0.070 seconds
[2026-04-09T06:05:07.336+0000] {processor.py:186} INFO - Started process (PID=119) to work on /opt/airflow/dags/kafka_load.py
[2026-04-09T06:05:07.338+0000] {processor.py:914} INFO - Processing file /opt/airflow/dags/kafka_load.py for tasks to queue
[2026-04-09T06:05:07.342+0000] {logging_mixin.py:190} INFO - [2026-04-09T06:05:07.341+0000] {dagbag.py:588} INFO - Filling up the DagBag from /opt/airflow/dags/kafka_load.py
[2026-04-09T06:05:07.380+0000] {logging_mixin.py:190} INFO - [2026-04-09T06:05:07.369+0000] {dagbag.py:387} ERROR - Failed to import: /opt/airflow/dags/kafka_load.py
Traceback (most recent call last):
  File "/home/airflow/.local/lib/python3.12/site-packages/airflow/models/dagbag.py", line 383, in parse
    loader.exec_module(new_module)
  File "<frozen importlib._bootstrap_external>", line 999, in exec_module
  File "<frozen importlib._bootstrap>", line 488, in _call_with_frames_removed
  File "/opt/airflow/dags/kafka_load.py", line 58, in <module>
    tests = TriggerDagRunOperator(
            ^^^^^^^^^^^^^^^^^^^^^
NameError: name 'TriggerDagRunOperator' is not defined
[2026-04-09T06:05:07.388+0000] {processor.py:927} WARNING - No viable dags retrieved from /opt/airflow/dags/kafka_load.py
[2026-04-09T06:05:07.425+0000] {processor.py:208} INFO - Processing /opt/airflow/dags/kafka_load.py took 0.097 seconds
[2026-04-09T06:05:37.687+0000] {processor.py:186} INFO - Started process (PID=121) to work on /opt/airflow/dags/kafka_load.py
[2026-04-09T06:05:37.688+0000] {processor.py:914} INFO - Processing file /opt/airflow/dags/kafka_load.py for tasks to queue
[2026-04-09T06:05:37.691+0000] {logging_mixin.py:190} INFO - [2026-04-09T06:05:37.690+0000] {dagbag.py:588} INFO - Filling up the DagBag from /opt/airflow/dags/kafka_load.py
[2026-04-09T06:05:37.732+0000] {logging_mixin.py:190} INFO - [2026-04-09T06:05:37.720+0000] {dagbag.py:387} ERROR - Failed to import: /opt/airflow/dags/kafka_load.py
Traceback (most recent call last):
  File "/home/airflow/.local/lib/python3.12/site-packages/airflow/models/dagbag.py", line 383, in parse
    loader.exec_module(new_module)
  File "<frozen importlib._bootstrap_external>", line 999, in exec_module
  File "<frozen importlib._bootstrap>", line 488, in _call_with_frames_removed
  File "/opt/airflow/dags/kafka_load.py", line 58, in <module>
    tests = TriggerDagRunOperator(
            ^^^^^^^^^^^^^^^^^^^^^
NameError: name 'TriggerDagRunOperator' is not defined
[2026-04-09T06:05:37.738+0000] {processor.py:927} WARNING - No viable dags retrieved from /opt/airflow/dags/kafka_load.py
[2026-04-09T06:05:37.765+0000] {processor.py:208} INFO - Processing /opt/airflow/dags/kafka_load.py took 0.087 seconds
[2026-04-09T06:06:08.153+0000] {processor.py:186} INFO - Started process (PID=123) to work on /opt/airflow/dags/kafka_load.py
[2026-04-09T06:06:08.154+0000] {processor.py:914} INFO - Processing file /opt/airflow/dags/kafka_load.py for tasks to queue
[2026-04-09T06:06:08.156+0000] {logging_mixin.py:190} INFO - [2026-04-09T06:06:08.156+0000] {dagbag.py:588} INFO - Filling up the DagBag from /opt/airflow/dags/kafka_load.py
[2026-04-09T06:06:08.195+0000] {logging_mixin.py:190} INFO - [2026-04-09T06:06:08.185+0000] {dagbag.py:387} ERROR - Failed to import: /opt/airflow/dags/kafka_load.py
Traceback (most recent call last):
  File "/home/airflow/.local/lib/python3.12/site-packages/airflow/models/dagbag.py", line 383, in parse
    loader.exec_module(new_module)
  File "<frozen importlib._bootstrap_external>", line 999, in exec_module
  File "<frozen importlib._bootstrap>", line 488, in _call_with_frames_removed
  File "/opt/airflow/dags/kafka_load.py", line 58, in <module>
    tests = TriggerDagRunOperator(
            ^^^^^^^^^^^^^^^^^^^^^
NameError: name 'TriggerDagRunOperator' is not defined
[2026-04-09T06:06:08.201+0000] {processor.py:927} WARNING - No viable dags retrieved from /opt/airflow/dags/kafka_load.py
[2026-04-09T06:06:08.228+0000] {processor.py:208} INFO - Processing /opt/airflow/dags/kafka_load.py took 0.082 seconds
[2026-04-09T06:06:16.296+0000] {processor.py:186} INFO - Started process (PID=125) to work on /opt/airflow/dags/kafka_load.py
[2026-04-09T06:06:16.297+0000] {processor.py:914} INFO - Processing file /opt/airflow/dags/kafka_load.py for tasks to queue
[2026-04-09T06:06:16.299+0000] {logging_mixin.py:190} INFO - [2026-04-09T06:06:16.299+0000] {dagbag.py:588} INFO - Filling up the DagBag from /opt/airflow/dags/kafka_load.py
[2026-04-09T06:06:16.370+0000] {logging_mixin.py:190} INFO - [2026-04-09T06:06:16.358+0000] {dagbag.py:387} ERROR - Failed to import: /opt/airflow/dags/kafka_load.py
Traceback (most recent call last):
  File "/home/airflow/.local/lib/python3.12/site-packages/airflow/models/dagbag.py", line 383, in parse
    loader.exec_module(new_module)
  File "<frozen importlib._bootstrap_external>", line 999, in exec_module
  File "<frozen importlib._bootstrap>", line 488, in _call_with_frames_removed
  File "/opt/airflow/dags/kafka_load.py", line 58, in <module>
    tests = TriggerDagRunOperator(
            ^^^^^^^^^^^^^^^^^^^^^
NameError: name 'TriggerDagRunOperator' is not defined
[2026-04-09T06:06:16.382+0000] {processor.py:927} WARNING - No viable dags retrieved from /opt/airflow/dags/kafka_load.py
[2026-04-09T06:06:16.425+0000] {processor.py:208} INFO - Processing /opt/airflow/dags/kafka_load.py took 0.139 seconds
[2026-04-09T06:06:46.693+0000] {processor.py:186} INFO - Started process (PID=127) to work on /opt/airflow/dags/kafka_load.py
[2026-04-09T06:06:46.695+0000] {processor.py:914} INFO - Processing file /opt/airflow/dags/kafka_load.py for tasks to queue
[2026-04-09T06:06:46.696+0000] {logging_mixin.py:190} INFO - [2026-04-09T06:06:46.696+0000] {dagbag.py:588} INFO - Filling up the DagBag from /opt/airflow/dags/kafka_load.py
[2026-04-09T06:06:46.753+0000] {logging_mixin.py:190} INFO - [2026-04-09T06:06:46.735+0000] {dagbag.py:387} ERROR - Failed to import: /opt/airflow/dags/kafka_load.py
Traceback (most recent call last):
  File "/home/airflow/.local/lib/python3.12/site-packages/airflow/models/dagbag.py", line 383, in parse
    loader.exec_module(new_module)
  File "<frozen importlib._bootstrap_external>", line 999, in exec_module
  File "<frozen importlib._bootstrap>", line 488, in _call_with_frames_removed
  File "/opt/airflow/dags/kafka_load.py", line 58, in <module>
    tests = TriggerDagRunOperator(
            ^^^^^^^^^^^^^^^^^^^^^
NameError: name 'TriggerDagRunOperator' is not defined
[2026-04-09T06:06:46.765+0000] {processor.py:927} WARNING - No viable dags retrieved from /opt/airflow/dags/kafka_load.py
[2026-04-09T06:06:46.836+0000] {processor.py:208} INFO - Processing /opt/airflow/dags/kafka_load.py took 0.154 seconds
[2026-04-09T06:07:18.667+0000] {processor.py:186} INFO - Started process (PID=129) to work on /opt/airflow/dags/kafka_load.py
[2026-04-09T06:07:18.677+0000] {processor.py:914} INFO - Processing file /opt/airflow/dags/kafka_load.py for tasks to queue
[2026-04-09T06:07:18.679+0000] {logging_mixin.py:190} INFO - [2026-04-09T06:07:18.679+0000] {dagbag.py:588} INFO - Filling up the DagBag from /opt/airflow/dags/kafka_load.py
[2026-04-09T06:07:19.005+0000] {logging_mixin.py:190} INFO - [2026-04-09T06:07:18.740+0000] {dagbag.py:387} ERROR - Failed to import: /opt/airflow/dags/kafka_load.py
Traceback (most recent call last):
  File "/home/airflow/.local/lib/python3.12/site-packages/airflow/models/dagbag.py", line 383, in parse
    loader.exec_module(new_module)
  File "<frozen importlib._bootstrap_external>", line 999, in exec_module
  File "<frozen importlib._bootstrap>", line 488, in _call_with_frames_removed
  File "/opt/airflow/dags/kafka_load.py", line 58, in <module>
    tests = TriggerDagRunOperator(
            ^^^^^^^^^^^^^^^^^^^^^
NameError: name 'TriggerDagRunOperator' is not defined
[2026-04-09T06:07:19.210+0000] {processor.py:927} WARNING - No viable dags retrieved from /opt/airflow/dags/kafka_load.py
[2026-04-09T06:07:19.315+0000] {processor.py:208} INFO - Processing /opt/airflow/dags/kafka_load.py took 0.656 seconds
[2026-04-09T06:07:50.279+0000] {processor.py:186} INFO - Started process (PID=131) to work on /opt/airflow/dags/kafka_load.py
[2026-04-09T06:07:50.281+0000] {processor.py:914} INFO - Processing file /opt/airflow/dags/kafka_load.py for tasks to queue
[2026-04-09T06:07:50.282+0000] {logging_mixin.py:190} INFO - [2026-04-09T06:07:50.282+0000] {dagbag.py:588} INFO - Filling up the DagBag from /opt/airflow/dags/kafka_load.py
[2026-04-09T06:07:50.334+0000] {logging_mixin.py:190} INFO - [2026-04-09T06:07:50.324+0000] {dagbag.py:387} ERROR - Failed to import: /opt/airflow/dags/kafka_load.py
Traceback (most recent call last):
  File "/home/airflow/.local/lib/python3.12/site-packages/airflow/models/dagbag.py", line 383, in parse
    loader.exec_module(new_module)
  File "<frozen importlib._bootstrap_external>", line 999, in exec_module
  File "<frozen importlib._bootstrap>", line 488, in _call_with_frames_removed
  File "/opt/airflow/dags/kafka_load.py", line 58, in <module>
    tests = TriggerDagRunOperator(
            ^^^^^^^^^^^^^^^^^^^^^
NameError: name 'TriggerDagRunOperator' is not defined
[2026-04-09T06:07:50.340+0000] {processor.py:927} WARNING - No viable dags retrieved from /opt/airflow/dags/kafka_load.py
[2026-04-09T06:07:50.369+0000] {processor.py:208} INFO - Processing /opt/airflow/dags/kafka_load.py took 0.099 seconds
[2026-04-09T06:08:20.836+0000] {processor.py:186} INFO - Started process (PID=133) to work on /opt/airflow/dags/kafka_load.py
[2026-04-09T06:08:20.838+0000] {processor.py:914} INFO - Processing file /opt/airflow/dags/kafka_load.py for tasks to queue
[2026-04-09T06:08:20.840+0000] {logging_mixin.py:190} INFO - [2026-04-09T06:08:20.839+0000] {dagbag.py:588} INFO - Filling up the DagBag from /opt/airflow/dags/kafka_load.py
[2026-04-09T06:08:20.888+0000] {logging_mixin.py:190} INFO - [2026-04-09T06:08:20.873+0000] {dagbag.py:387} ERROR - Failed to import: /opt/airflow/dags/kafka_load.py
Traceback (most recent call last):
  File "/home/airflow/.local/lib/python3.12/site-packages/airflow/models/dagbag.py", line 383, in parse
    loader.exec_module(new_module)
  File "<frozen importlib._bootstrap_external>", line 999, in exec_module
  File "<frozen importlib._bootstrap>", line 488, in _call_with_frames_removed
  File "/opt/airflow/dags/kafka_load.py", line 58, in <module>
    tests = TriggerDagRunOperator(
            ^^^^^^^^^^^^^^^^^^^^^
NameError: name 'TriggerDagRunOperator' is not defined
[2026-04-09T06:08:20.894+0000] {processor.py:927} WARNING - No viable dags retrieved from /opt/airflow/dags/kafka_load.py
[2026-04-09T06:08:20.920+0000] {processor.py:208} INFO - Processing /opt/airflow/dags/kafka_load.py took 0.095 seconds
[2026-04-09T06:08:51.302+0000] {processor.py:186} INFO - Started process (PID=135) to work on /opt/airflow/dags/kafka_load.py
[2026-04-09T06:08:51.304+0000] {processor.py:914} INFO - Processing file /opt/airflow/dags/kafka_load.py for tasks to queue
[2026-04-09T06:08:51.306+0000] {logging_mixin.py:190} INFO - [2026-04-09T06:08:51.305+0000] {dagbag.py:588} INFO - Filling up the DagBag from /opt/airflow/dags/kafka_load.py
[2026-04-09T06:08:51.351+0000] {logging_mixin.py:190} INFO - [2026-04-09T06:08:51.341+0000] {dagbag.py:387} ERROR - Failed to import: /opt/airflow/dags/kafka_load.py
Traceback (most recent call last):
  File "/home/airflow/.local/lib/python3.12/site-packages/airflow/models/dagbag.py", line 383, in parse
    loader.exec_module(new_module)
  File "<frozen importlib._bootstrap_external>", line 999, in exec_module
  File "<frozen importlib._bootstrap>", line 488, in _call_with_frames_removed
  File "/opt/airflow/dags/kafka_load.py", line 58, in <module>
    tests = TriggerDagRunOperator(
            ^^^^^^^^^^^^^^^^^^^^^
NameError: name 'TriggerDagRunOperator' is not defined
[2026-04-09T06:08:51.358+0000] {processor.py:927} WARNING - No viable dags retrieved from /opt/airflow/dags/kafka_load.py
[2026-04-09T06:08:51.382+0000] {processor.py:208} INFO - Processing /opt/airflow/dags/kafka_load.py took 0.090 seconds
[2026-04-09T06:09:21.902+0000] {processor.py:186} INFO - Started process (PID=137) to work on /opt/airflow/dags/kafka_load.py
[2026-04-09T06:09:21.903+0000] {processor.py:914} INFO - Processing file /opt/airflow/dags/kafka_load.py for tasks to queue
[2026-04-09T06:09:21.905+0000] {logging_mixin.py:190} INFO - [2026-04-09T06:09:21.904+0000] {dagbag.py:588} INFO - Filling up the DagBag from /opt/airflow/dags/kafka_load.py
[2026-04-09T06:09:21.980+0000] {logging_mixin.py:190} INFO - [2026-04-09T06:09:21.950+0000] {dagbag.py:387} ERROR - Failed to import: /opt/airflow/dags/kafka_load.py
Traceback (most recent call last):
  File "/home/airflow/.local/lib/python3.12/site-packages/airflow/models/dagbag.py", line 383, in parse
    loader.exec_module(new_module)
  File "<frozen importlib._bootstrap_external>", line 999, in exec_module
  File "<frozen importlib._bootstrap>", line 488, in _call_with_frames_removed
  File "/opt/airflow/dags/kafka_load.py", line 58, in <module>
    tests = TriggerDagRunOperator(
            ^^^^^^^^^^^^^^^^^^^^^
NameError: name 'TriggerDagRunOperator' is not defined
[2026-04-09T06:09:21.992+0000] {processor.py:927} WARNING - No viable dags retrieved from /opt/airflow/dags/kafka_load.py
[2026-04-09T06:09:22.027+0000] {processor.py:208} INFO - Processing /opt/airflow/dags/kafka_load.py took 0.134 seconds
[2026-04-09T06:09:45.375+0000] {processor.py:186} INFO - Started process (PID=139) to work on /opt/airflow/dags/kafka_load.py
[2026-04-09T06:09:45.376+0000] {processor.py:914} INFO - Processing file /opt/airflow/dags/kafka_load.py for tasks to queue
[2026-04-09T06:09:45.378+0000] {logging_mixin.py:190} INFO - [2026-04-09T06:09:45.378+0000] {dagbag.py:588} INFO - Filling up the DagBag from /opt/airflow/dags/kafka_load.py
[2026-04-09T06:09:45.425+0000] {processor.py:925} INFO - DAG(s) 'kafka_producer' retrieved from /opt/airflow/dags/kafka_load.py
[2026-04-09T06:09:45.689+0000] {logging_mixin.py:190} INFO - [2026-04-09T06:09:45.689+0000] {dag.py:3239} INFO - Sync 1 DAGs
[2026-04-09T06:09:45.730+0000] {logging_mixin.py:190} INFO - [2026-04-09T06:09:45.730+0000] {dag.py:4180} INFO - Setting next_dagrun for kafka_producer to 2026-04-07 18:30:00+00:00, run_after=2026-04-08 18:30:00+00:00
[2026-04-09T06:09:46.457+0000] {processor.py:208} INFO - Processing /opt/airflow/dags/kafka_load.py took 1.092 seconds
[2026-04-09T06:10:16.860+0000] {processor.py:186} INFO - Started process (PID=141) to work on /opt/airflow/dags/kafka_load.py
[2026-04-09T06:10:16.862+0000] {processor.py:914} INFO - Processing file /opt/airflow/dags/kafka_load.py for tasks to queue
[2026-04-09T06:10:16.864+0000] {logging_mixin.py:190} INFO - [2026-04-09T06:10:16.864+0000] {dagbag.py:588} INFO - Filling up the DagBag from /opt/airflow/dags/kafka_load.py
[2026-04-09T06:10:16.923+0000] {processor.py:925} INFO - DAG(s) 'kafka_producer' retrieved from /opt/airflow/dags/kafka_load.py
[2026-04-09T06:10:16.961+0000] {logging_mixin.py:190} INFO - [2026-04-09T06:10:16.960+0000] {dag.py:3239} INFO - Sync 1 DAGs
[2026-04-09T06:10:16.998+0000] {logging_mixin.py:190} INFO - [2026-04-09T06:10:16.998+0000] {dag.py:4180} INFO - Setting next_dagrun for kafka_producer to 2026-04-08 18:30:00+00:00, run_after=2026-04-09 18:30:00+00:00
[2026-04-09T06:10:17.030+0000] {processor.py:208} INFO - Processing /opt/airflow/dags/kafka_load.py took 0.179 seconds
[2026-04-09T06:10:47.294+0000] {processor.py:186} INFO - Started process (PID=143) to work on /opt/airflow/dags/kafka_load.py
[2026-04-09T06:10:47.296+0000] {processor.py:914} INFO - Processing file /opt/airflow/dags/kafka_load.py for tasks to queue
[2026-04-09T06:10:47.297+0000] {logging_mixin.py:190} INFO - [2026-04-09T06:10:47.297+0000] {dagbag.py:588} INFO - Filling up the DagBag from /opt/airflow/dags/kafka_load.py
[2026-04-09T06:10:47.336+0000] {processor.py:925} INFO - DAG(s) 'kafka_producer' retrieved from /opt/airflow/dags/kafka_load.py
[2026-04-09T06:10:47.365+0000] {logging_mixin.py:190} INFO - [2026-04-09T06:10:47.365+0000] {dag.py:3239} INFO - Sync 1 DAGs
[2026-04-09T06:10:47.397+0000] {logging_mixin.py:190} INFO - [2026-04-09T06:10:47.397+0000] {dag.py:4180} INFO - Setting next_dagrun for kafka_producer to 2026-04-08 18:30:00+00:00, run_after=2026-04-09 18:30:00+00:00
[2026-04-09T06:10:47.432+0000] {processor.py:208} INFO - Processing /opt/airflow/dags/kafka_load.py took 0.147 seconds
[2026-04-09T06:10:57.522+0000] {processor.py:186} INFO - Started process (PID=144) to work on /opt/airflow/dags/kafka_load.py
[2026-04-09T06:10:57.523+0000] {processor.py:914} INFO - Processing file /opt/airflow/dags/kafka_load.py for tasks to queue
[2026-04-09T06:10:57.527+0000] {logging_mixin.py:190} INFO - [2026-04-09T06:10:57.526+0000] {dagbag.py:588} INFO - Filling up the DagBag from /opt/airflow/dags/kafka_load.py
[2026-04-09T06:10:57.583+0000] {processor.py:925} INFO - DAG(s) 'kafka_producer' retrieved from /opt/airflow/dags/kafka_load.py
[2026-04-09T06:10:57.610+0000] {logging_mixin.py:190} INFO - [2026-04-09T06:10:57.610+0000] {dag.py:3239} INFO - Sync 1 DAGs
[2026-04-09T06:10:57.645+0000] {logging_mixin.py:190} INFO - [2026-04-09T06:10:57.645+0000] {dag.py:4180} INFO - Setting next_dagrun for kafka_producer to 2026-04-08 18:30:00+00:00, run_after=2026-04-09 18:30:00+00:00
[2026-04-09T06:10:57.673+0000] {processor.py:208} INFO - Processing /opt/airflow/dags/kafka_load.py took 0.160 seconds
[2026-04-09T06:11:28.144+0000] {processor.py:186} INFO - Started process (PID=146) to work on /opt/airflow/dags/kafka_load.py
[2026-04-09T06:11:28.145+0000] {processor.py:914} INFO - Processing file /opt/airflow/dags/kafka_load.py for tasks to queue
[2026-04-09T06:11:28.147+0000] {logging_mixin.py:190} INFO - [2026-04-09T06:11:28.147+0000] {dagbag.py:588} INFO - Filling up the DagBag from /opt/airflow/dags/kafka_load.py
[2026-04-09T06:11:28.191+0000] {processor.py:925} INFO - DAG(s) 'kafka_producer' retrieved from /opt/airflow/dags/kafka_load.py
[2026-04-09T06:11:28.222+0000] {logging_mixin.py:190} INFO - [2026-04-09T06:11:28.222+0000] {dag.py:3239} INFO - Sync 1 DAGs
[2026-04-09T06:11:28.259+0000] {logging_mixin.py:190} INFO - [2026-04-09T06:11:28.258+0000] {dag.py:4180} INFO - Setting next_dagrun for kafka_producer to 2026-04-08 18:30:00+00:00, run_after=2026-04-09 18:30:00+00:00
[2026-04-09T06:11:28.297+0000] {processor.py:208} INFO - Processing /opt/airflow/dags/kafka_load.py took 0.164 seconds
[2026-04-09T06:11:58.529+0000] {processor.py:186} INFO - Started process (PID=148) to work on /opt/airflow/dags/kafka_load.py
[2026-04-09T06:11:58.531+0000] {processor.py:914} INFO - Processing file /opt/airflow/dags/kafka_load.py for tasks to queue
[2026-04-09T06:11:58.534+0000] {logging_mixin.py:190} INFO - [2026-04-09T06:11:58.533+0000] {dagbag.py:588} INFO - Filling up the DagBag from /opt/airflow/dags/kafka_load.py
[2026-04-09T06:11:58.588+0000] {processor.py:925} INFO - DAG(s) 'kafka_producer' retrieved from /opt/airflow/dags/kafka_load.py
[2026-04-09T06:11:58.619+0000] {logging_mixin.py:190} INFO - [2026-04-09T06:11:58.619+0000] {dag.py:3239} INFO - Sync 1 DAGs
[2026-04-09T06:11:58.654+0000] {logging_mixin.py:190} INFO - [2026-04-09T06:11:58.654+0000] {dag.py:4180} INFO - Setting next_dagrun for kafka_producer to 2026-04-08 18:30:00+00:00, run_after=2026-04-09 18:30:00+00:00
[2026-04-09T06:11:58.676+0000] {processor.py:208} INFO - Processing /opt/airflow/dags/kafka_load.py took 0.156 seconds
[2026-04-09T06:12:29.055+0000] {processor.py:186} INFO - Started process (PID=150) to work on /opt/airflow/dags/kafka_load.py
[2026-04-09T06:12:29.056+0000] {processor.py:914} INFO - Processing file /opt/airflow/dags/kafka_load.py for tasks to queue
[2026-04-09T06:12:29.058+0000] {logging_mixin.py:190} INFO - [2026-04-09T06:12:29.058+0000] {dagbag.py:588} INFO - Filling up the DagBag from /opt/airflow/dags/kafka_load.py
[2026-04-09T06:12:29.097+0000] {processor.py:925} INFO - DAG(s) 'kafka_producer' retrieved from /opt/airflow/dags/kafka_load.py
[2026-04-09T06:12:29.128+0000] {logging_mixin.py:190} INFO - [2026-04-09T06:12:29.127+0000] {dag.py:3239} INFO - Sync 1 DAGs
[2026-04-09T06:12:29.163+0000] {logging_mixin.py:190} INFO - [2026-04-09T06:12:29.163+0000] {dag.py:4180} INFO - Setting next_dagrun for kafka_producer to 2026-04-08 18:30:00+00:00, run_after=2026-04-09 18:30:00+00:00
[2026-04-09T06:12:29.191+0000] {processor.py:208} INFO - Processing /opt/airflow/dags/kafka_load.py took 0.145 seconds
[2026-04-09T06:12:59.510+0000] {processor.py:186} INFO - Started process (PID=152) to work on /opt/airflow/dags/kafka_load.py
[2026-04-09T06:12:59.512+0000] {processor.py:914} INFO - Processing file /opt/airflow/dags/kafka_load.py for tasks to queue
[2026-04-09T06:12:59.514+0000] {logging_mixin.py:190} INFO - [2026-04-09T06:12:59.513+0000] {dagbag.py:588} INFO - Filling up the DagBag from /opt/airflow/dags/kafka_load.py
[2026-04-09T06:12:59.554+0000] {processor.py:925} INFO - DAG(s) 'kafka_producer' retrieved from /opt/airflow/dags/kafka_load.py
[2026-04-09T06:12:59.590+0000] {logging_mixin.py:190} INFO - [2026-04-09T06:12:59.589+0000] {dag.py:3239} INFO - Sync 1 DAGs
[2026-04-09T06:12:59.638+0000] {logging_mixin.py:190} INFO - [2026-04-09T06:12:59.638+0000] {dag.py:4180} INFO - Setting next_dagrun for kafka_producer to 2026-04-08 18:30:00+00:00, run_after=2026-04-09 18:30:00+00:00
[2026-04-09T06:12:59.686+0000] {processor.py:208} INFO - Processing /opt/airflow/dags/kafka_load.py took 0.186 seconds
[2026-04-09T06:13:07.885+0000] {processor.py:186} INFO - Started process (PID=154) to work on /opt/airflow/dags/kafka_load.py
[2026-04-09T06:13:07.887+0000] {processor.py:914} INFO - Processing file /opt/airflow/dags/kafka_load.py for tasks to queue
[2026-04-09T06:13:07.889+0000] {logging_mixin.py:190} INFO - [2026-04-09T06:13:07.888+0000] {dagbag.py:588} INFO - Filling up the DagBag from /opt/airflow/dags/kafka_load.py
[2026-04-09T06:13:07.927+0000] {processor.py:925} INFO - DAG(s) 'kafka_producer' retrieved from /opt/airflow/dags/kafka_load.py
[2026-04-09T06:13:07.959+0000] {logging_mixin.py:190} INFO - [2026-04-09T06:13:07.957+0000] {dag.py:3239} INFO - Sync 1 DAGs
[2026-04-09T06:13:07.998+0000] {logging_mixin.py:190} INFO - [2026-04-09T06:13:07.998+0000] {dag.py:4180} INFO - Setting next_dagrun for kafka_producer to 2026-04-08 18:30:00+00:00, run_after=2026-04-09 18:30:00+00:00
[2026-04-09T06:13:08.028+0000] {processor.py:208} INFO - Processing /opt/airflow/dags/kafka_load.py took 0.153 seconds
[2026-04-09T06:13:38.452+0000] {processor.py:186} INFO - Started process (PID=156) to work on /opt/airflow/dags/kafka_load.py
[2026-04-09T06:13:38.454+0000] {processor.py:914} INFO - Processing file /opt/airflow/dags/kafka_load.py for tasks to queue
[2026-04-09T06:13:38.456+0000] {logging_mixin.py:190} INFO - [2026-04-09T06:13:38.455+0000] {dagbag.py:588} INFO - Filling up the DagBag from /opt/airflow/dags/kafka_load.py
[2026-04-09T06:13:38.512+0000] {processor.py:925} INFO - DAG(s) 'kafka_producer' retrieved from /opt/airflow/dags/kafka_load.py
[2026-04-09T06:13:38.541+0000] {logging_mixin.py:190} INFO - [2026-04-09T06:13:38.540+0000] {dag.py:3239} INFO - Sync 1 DAGs
[2026-04-09T06:13:38.577+0000] {logging_mixin.py:190} INFO - [2026-04-09T06:13:38.577+0000] {dag.py:4180} INFO - Setting next_dagrun for kafka_producer to 2026-04-08 18:30:00+00:00, run_after=2026-04-09 18:30:00+00:00
[2026-04-09T06:13:38.604+0000] {processor.py:208} INFO - Processing /opt/airflow/dags/kafka_load.py took 0.160 seconds
[2026-04-09T06:14:08.998+0000] {processor.py:186} INFO - Started process (PID=158) to work on /opt/airflow/dags/kafka_load.py
[2026-04-09T06:14:09.000+0000] {processor.py:914} INFO - Processing file /opt/airflow/dags/kafka_load.py for tasks to queue
[2026-04-09T06:14:09.006+0000] {logging_mixin.py:190} INFO - [2026-04-09T06:14:09.005+0000] {dagbag.py:588} INFO - Filling up the DagBag from /opt/airflow/dags/kafka_load.py
[2026-04-09T06:14:09.048+0000] {processor.py:925} INFO - DAG(s) 'kafka_producer' retrieved from /opt/airflow/dags/kafka_load.py
[2026-04-09T06:14:09.075+0000] {logging_mixin.py:190} INFO - [2026-04-09T06:14:09.074+0000] {dag.py:3239} INFO - Sync 1 DAGs
[2026-04-09T06:14:09.106+0000] {logging_mixin.py:190} INFO - [2026-04-09T06:14:09.105+0000] {dag.py:4180} INFO - Setting next_dagrun for kafka_producer to 2026-04-08 18:30:00+00:00, run_after=2026-04-09 18:30:00+00:00
[2026-04-09T06:14:09.133+0000] {processor.py:208} INFO - Processing /opt/airflow/dags/kafka_load.py took 0.143 seconds
[2026-04-09T06:14:39.553+0000] {processor.py:186} INFO - Started process (PID=160) to work on /opt/airflow/dags/kafka_load.py
[2026-04-09T06:14:39.555+0000] {processor.py:914} INFO - Processing file /opt/airflow/dags/kafka_load.py for tasks to queue
[2026-04-09T06:14:39.557+0000] {logging_mixin.py:190} INFO - [2026-04-09T06:14:39.556+0000] {dagbag.py:588} INFO - Filling up the DagBag from /opt/airflow/dags/kafka_load.py
[2026-04-09T06:14:39.597+0000] {processor.py:925} INFO - DAG(s) 'kafka_producer' retrieved from /opt/airflow/dags/kafka_load.py
[2026-04-09T06:14:39.624+0000] {logging_mixin.py:190} INFO - [2026-04-09T06:14:39.624+0000] {dag.py:3239} INFO - Sync 1 DAGs
[2026-04-09T06:14:39.657+0000] {logging_mixin.py:190} INFO - [2026-04-09T06:14:39.657+0000] {dag.py:4180} INFO - Setting next_dagrun for kafka_producer to 2026-04-08 18:30:00+00:00, run_after=2026-04-09 18:30:00+00:00
[2026-04-09T06:14:39.685+0000] {processor.py:208} INFO - Processing /opt/airflow/dags/kafka_load.py took 0.140 seconds
[2026-04-09T06:15:10.061+0000] {processor.py:186} INFO - Started process (PID=162) to work on /opt/airflow/dags/kafka_load.py
[2026-04-09T06:15:10.062+0000] {processor.py:914} INFO - Processing file /opt/airflow/dags/kafka_load.py for tasks to queue
[2026-04-09T06:15:10.064+0000] {logging_mixin.py:190} INFO - [2026-04-09T06:15:10.064+0000] {dagbag.py:588} INFO - Filling up the DagBag from /opt/airflow/dags/kafka_load.py
[2026-04-09T06:15:10.107+0000] {processor.py:925} INFO - DAG(s) 'kafka_producer' retrieved from /opt/airflow/dags/kafka_load.py
[2026-04-09T06:15:10.133+0000] {logging_mixin.py:190} INFO - [2026-04-09T06:15:10.132+0000] {dag.py:3239} INFO - Sync 1 DAGs
[2026-04-09T06:15:10.165+0000] {logging_mixin.py:190} INFO - [2026-04-09T06:15:10.165+0000] {dag.py:4180} INFO - Setting next_dagrun for kafka_producer to 2026-04-08 18:30:00+00:00, run_after=2026-04-09 18:30:00+00:00
[2026-04-09T06:15:10.190+0000] {processor.py:208} INFO - Processing /opt/airflow/dags/kafka_load.py took 0.136 seconds
[2026-04-09T06:15:40.676+0000] {processor.py:186} INFO - Started process (PID=164) to work on /opt/airflow/dags/kafka_load.py
[2026-04-09T06:15:40.678+0000] {processor.py:914} INFO - Processing file /opt/airflow/dags/kafka_load.py for tasks to queue
[2026-04-09T06:15:40.679+0000] {logging_mixin.py:190} INFO - [2026-04-09T06:15:40.679+0000] {dagbag.py:588} INFO - Filling up the DagBag from /opt/airflow/dags/kafka_load.py
[2026-04-09T06:15:40.716+0000] {processor.py:925} INFO - DAG(s) 'kafka_producer' retrieved from /opt/airflow/dags/kafka_load.py
[2026-04-09T06:15:40.744+0000] {logging_mixin.py:190} INFO - [2026-04-09T06:15:40.744+0000] {dag.py:3239} INFO - Sync 1 DAGs
[2026-04-09T06:15:40.778+0000] {logging_mixin.py:190} INFO - [2026-04-09T06:15:40.778+0000] {dag.py:4180} INFO - Setting next_dagrun for kafka_producer to 2026-04-08 18:30:00+00:00, run_after=2026-04-09 18:30:00+00:00
[2026-04-09T06:15:40.807+0000] {processor.py:208} INFO - Processing /opt/airflow/dags/kafka_load.py took 0.138 seconds
[2026-04-09T06:16:11.230+0000] {processor.py:186} INFO - Started process (PID=166) to work on /opt/airflow/dags/kafka_load.py
[2026-04-09T06:16:11.232+0000] {processor.py:914} INFO - Processing file /opt/airflow/dags/kafka_load.py for tasks to queue
[2026-04-09T06:16:11.234+0000] {logging_mixin.py:190} INFO - [2026-04-09T06:16:11.233+0000] {dagbag.py:588} INFO - Filling up the DagBag from /opt/airflow/dags/kafka_load.py
[2026-04-09T06:16:11.293+0000] {processor.py:925} INFO - DAG(s) 'kafka_producer' retrieved from /opt/airflow/dags/kafka_load.py
[2026-04-09T06:16:11.330+0000] {logging_mixin.py:190} INFO - [2026-04-09T06:16:11.330+0000] {dag.py:3239} INFO - Sync 1 DAGs
[2026-04-09T06:16:11.381+0000] {logging_mixin.py:190} INFO - [2026-04-09T06:16:11.381+0000] {dag.py:4180} INFO - Setting next_dagrun for kafka_producer to 2026-04-08 18:30:00+00:00, run_after=2026-04-09 18:30:00+00:00
[2026-04-09T06:16:11.482+0000] {processor.py:208} INFO - Processing /opt/airflow/dags/kafka_load.py took 0.259 seconds
[2026-04-09T06:16:41.867+0000] {processor.py:186} INFO - Started process (PID=168) to work on /opt/airflow/dags/kafka_load.py
[2026-04-09T06:16:41.869+0000] {processor.py:914} INFO - Processing file /opt/airflow/dags/kafka_load.py for tasks to queue
[2026-04-09T06:16:41.872+0000] {logging_mixin.py:190} INFO - [2026-04-09T06:16:41.871+0000] {dagbag.py:588} INFO - Filling up the DagBag from /opt/airflow/dags/kafka_load.py
[2026-04-09T06:16:41.907+0000] {processor.py:925} INFO - DAG(s) 'kafka_producer' retrieved from /opt/airflow/dags/kafka_load.py
[2026-04-09T06:16:41.940+0000] {logging_mixin.py:190} INFO - [2026-04-09T06:16:41.939+0000] {dag.py:3239} INFO - Sync 1 DAGs
[2026-04-09T06:16:41.971+0000] {logging_mixin.py:190} INFO - [2026-04-09T06:16:41.971+0000] {dag.py:4180} INFO - Setting next_dagrun for kafka_producer to 2026-04-08 18:30:00+00:00, run_after=2026-04-09 18:30:00+00:00
[2026-04-09T06:16:42.005+0000] {processor.py:208} INFO - Processing /opt/airflow/dags/kafka_load.py took 0.146 seconds
[2026-04-09T06:17:12.412+0000] {processor.py:186} INFO - Started process (PID=170) to work on /opt/airflow/dags/kafka_load.py
[2026-04-09T06:17:12.414+0000] {processor.py:914} INFO - Processing file /opt/airflow/dags/kafka_load.py for tasks to queue
[2026-04-09T06:17:12.416+0000] {logging_mixin.py:190} INFO - [2026-04-09T06:17:12.416+0000] {dagbag.py:588} INFO - Filling up the DagBag from /opt/airflow/dags/kafka_load.py
[2026-04-09T06:17:12.489+0000] {processor.py:925} INFO - DAG(s) 'kafka_producer' retrieved from /opt/airflow/dags/kafka_load.py
[2026-04-09T06:17:12.521+0000] {logging_mixin.py:190} INFO - [2026-04-09T06:17:12.521+0000] {dag.py:3239} INFO - Sync 1 DAGs
[2026-04-09T06:17:12.551+0000] {logging_mixin.py:190} INFO - [2026-04-09T06:17:12.551+0000] {dag.py:4180} INFO - Setting next_dagrun for kafka_producer to 2026-04-08 18:30:00+00:00, run_after=2026-04-09 18:30:00+00:00
[2026-04-09T06:17:12.576+0000] {processor.py:208} INFO - Processing /opt/airflow/dags/kafka_load.py took 0.183 seconds
[2026-04-09T06:17:42.879+0000] {processor.py:186} INFO - Started process (PID=172) to work on /opt/airflow/dags/kafka_load.py
[2026-04-09T06:17:42.883+0000] {processor.py:914} INFO - Processing file /opt/airflow/dags/kafka_load.py for tasks to queue
[2026-04-09T06:17:42.886+0000] {logging_mixin.py:190} INFO - [2026-04-09T06:17:42.886+0000] {dagbag.py:588} INFO - Filling up the DagBag from /opt/airflow/dags/kafka_load.py
[2026-04-09T06:17:42.952+0000] {processor.py:925} INFO - DAG(s) 'kafka_producer' retrieved from /opt/airflow/dags/kafka_load.py
[2026-04-09T06:17:42.980+0000] {logging_mixin.py:190} INFO - [2026-04-09T06:17:42.980+0000] {dag.py:3239} INFO - Sync 1 DAGs
[2026-04-09T06:17:43.013+0000] {logging_mixin.py:190} INFO - [2026-04-09T06:17:43.013+0000] {dag.py:4180} INFO - Setting next_dagrun for kafka_producer to 2026-04-08 18:30:00+00:00, run_after=2026-04-09 18:30:00+00:00
[2026-04-09T06:17:43.042+0000] {processor.py:208} INFO - Processing /opt/airflow/dags/kafka_load.py took 0.186 seconds
[2026-04-09T06:18:13.425+0000] {processor.py:186} INFO - Started process (PID=174) to work on /opt/airflow/dags/kafka_load.py
[2026-04-09T06:18:13.426+0000] {processor.py:914} INFO - Processing file /opt/airflow/dags/kafka_load.py for tasks to queue
[2026-04-09T06:18:13.428+0000] {logging_mixin.py:190} INFO - [2026-04-09T06:18:13.428+0000] {dagbag.py:588} INFO - Filling up the DagBag from /opt/airflow/dags/kafka_load.py
[2026-04-09T06:18:13.467+0000] {processor.py:925} INFO - DAG(s) 'kafka_producer' retrieved from /opt/airflow/dags/kafka_load.py
[2026-04-09T06:18:13.504+0000] {logging_mixin.py:190} INFO - [2026-04-09T06:18:13.503+0000] {dag.py:3239} INFO - Sync 1 DAGs
[2026-04-09T06:18:13.537+0000] {logging_mixin.py:190} INFO - [2026-04-09T06:18:13.537+0000] {dag.py:4180} INFO - Setting next_dagrun for kafka_producer to 2026-04-08 18:30:00+00:00, run_after=2026-04-09 18:30:00+00:00
[2026-04-09T06:18:13.560+0000] {processor.py:208} INFO - Processing /opt/airflow/dags/kafka_load.py took 0.146 seconds
[2026-04-09T06:18:43.920+0000] {processor.py:186} INFO - Started process (PID=176) to work on /opt/airflow/dags/kafka_load.py
[2026-04-09T06:18:43.921+0000] {processor.py:914} INFO - Processing file /opt/airflow/dags/kafka_load.py for tasks to queue
[2026-04-09T06:18:43.924+0000] {logging_mixin.py:190} INFO - [2026-04-09T06:18:43.923+0000] {dagbag.py:588} INFO - Filling up the DagBag from /opt/airflow/dags/kafka_load.py
[2026-04-09T06:18:43.964+0000] {processor.py:925} INFO - DAG(s) 'kafka_producer' retrieved from /opt/airflow/dags/kafka_load.py
[2026-04-09T06:18:43.992+0000] {logging_mixin.py:190} INFO - [2026-04-09T06:18:43.991+0000] {dag.py:3239} INFO - Sync 1 DAGs
[2026-04-09T06:18:44.026+0000] {logging_mixin.py:190} INFO - [2026-04-09T06:18:44.025+0000] {dag.py:4180} INFO - Setting next_dagrun for kafka_producer to 2026-04-08 18:30:00+00:00, run_after=2026-04-09 18:30:00+00:00
[2026-04-09T06:18:44.050+0000] {processor.py:208} INFO - Processing /opt/airflow/dags/kafka_load.py took 0.138 seconds
[2026-04-09T06:19:14.417+0000] {processor.py:186} INFO - Started process (PID=178) to work on /opt/airflow/dags/kafka_load.py
[2026-04-09T06:19:14.419+0000] {processor.py:914} INFO - Processing file /opt/airflow/dags/kafka_load.py for tasks to queue
[2026-04-09T06:19:14.421+0000] {logging_mixin.py:190} INFO - [2026-04-09T06:19:14.420+0000] {dagbag.py:588} INFO - Filling up the DagBag from /opt/airflow/dags/kafka_load.py
[2026-04-09T06:19:14.453+0000] {processor.py:925} INFO - DAG(s) 'kafka_producer' retrieved from /opt/airflow/dags/kafka_load.py
[2026-04-09T06:19:14.483+0000] {logging_mixin.py:190} INFO - [2026-04-09T06:19:14.483+0000] {dag.py:3239} INFO - Sync 1 DAGs
[2026-04-09T06:19:14.517+0000] {logging_mixin.py:190} INFO - [2026-04-09T06:19:14.517+0000] {dag.py:4180} INFO - Setting next_dagrun for kafka_producer to 2026-04-08 18:30:00+00:00, run_after=2026-04-09 18:30:00+00:00
[2026-04-09T06:19:14.829+0000] {processor.py:208} INFO - Processing /opt/airflow/dags/kafka_load.py took 0.420 seconds
[2026-04-09T06:19:45.323+0000] {processor.py:186} INFO - Started process (PID=180) to work on /opt/airflow/dags/kafka_load.py
[2026-04-09T06:19:45.324+0000] {processor.py:914} INFO - Processing file /opt/airflow/dags/kafka_load.py for tasks to queue
[2026-04-09T06:19:45.326+0000] {logging_mixin.py:190} INFO - [2026-04-09T06:19:45.325+0000] {dagbag.py:588} INFO - Filling up the DagBag from /opt/airflow/dags/kafka_load.py
[2026-04-09T06:19:45.384+0000] {processor.py:925} INFO - DAG(s) 'kafka_producer' retrieved from /opt/airflow/dags/kafka_load.py
[2026-04-09T06:19:45.436+0000] {logging_mixin.py:190} INFO - [2026-04-09T06:19:45.435+0000] {dag.py:3239} INFO - Sync 1 DAGs
[2026-04-09T06:19:45.509+0000] {logging_mixin.py:190} INFO - [2026-04-09T06:19:45.509+0000] {dag.py:4180} INFO - Setting next_dagrun for kafka_producer to 2026-04-08 18:30:00+00:00, run_after=2026-04-09 18:30:00+00:00
[2026-04-09T06:19:45.559+0000] {processor.py:208} INFO - Processing /opt/airflow/dags/kafka_load.py took 0.254 seconds
[2026-04-09T06:20:15.701+0000] {processor.py:186} INFO - Started process (PID=182) to work on /opt/airflow/dags/kafka_load.py
[2026-04-09T06:20:15.703+0000] {processor.py:914} INFO - Processing file /opt/airflow/dags/kafka_load.py for tasks to queue
[2026-04-09T06:20:15.705+0000] {logging_mixin.py:190} INFO - [2026-04-09T06:20:15.705+0000] {dagbag.py:588} INFO - Filling up the DagBag from /opt/airflow/dags/kafka_load.py
[2026-04-09T06:20:15.743+0000] {processor.py:925} INFO - DAG(s) 'kafka_producer' retrieved from /opt/airflow/dags/kafka_load.py
[2026-04-09T06:20:15.776+0000] {logging_mixin.py:190} INFO - [2026-04-09T06:20:15.776+0000] {dag.py:3239} INFO - Sync 1 DAGs
[2026-04-09T06:20:15.818+0000] {logging_mixin.py:190} INFO - [2026-04-09T06:20:15.818+0000] {dag.py:4180} INFO - Setting next_dagrun for kafka_producer to 2026-04-08 18:30:00+00:00, run_after=2026-04-09 18:30:00+00:00
[2026-04-09T06:20:15.849+0000] {processor.py:208} INFO - Processing /opt/airflow/dags/kafka_load.py took 0.157 seconds
[2026-04-09T06:20:46.247+0000] {processor.py:186} INFO - Started process (PID=184) to work on /opt/airflow/dags/kafka_load.py
[2026-04-09T06:20:46.248+0000] {processor.py:914} INFO - Processing file /opt/airflow/dags/kafka_load.py for tasks to queue
[2026-04-09T06:20:46.251+0000] {logging_mixin.py:190} INFO - [2026-04-09T06:20:46.250+0000] {dagbag.py:588} INFO - Filling up the DagBag from /opt/airflow/dags/kafka_load.py
[2026-04-09T06:20:46.284+0000] {processor.py:925} INFO - DAG(s) 'kafka_producer' retrieved from /opt/airflow/dags/kafka_load.py
[2026-04-09T06:20:46.313+0000] {logging_mixin.py:190} INFO - [2026-04-09T06:20:46.313+0000] {dag.py:3239} INFO - Sync 1 DAGs
[2026-04-09T06:20:46.347+0000] {logging_mixin.py:190} INFO - [2026-04-09T06:20:46.347+0000] {dag.py:4180} INFO - Setting next_dagrun for kafka_producer to 2026-04-08 18:30:00+00:00, run_after=2026-04-09 18:30:00+00:00
[2026-04-09T06:20:46.374+0000] {processor.py:208} INFO - Processing /opt/airflow/dags/kafka_load.py took 0.135 seconds
[2026-04-09T06:21:16.979+0000] {processor.py:186} INFO - Started process (PID=186) to work on /opt/airflow/dags/kafka_load.py
[2026-04-09T06:21:16.982+0000] {processor.py:914} INFO - Processing file /opt/airflow/dags/kafka_load.py for tasks to queue
[2026-04-09T06:21:16.984+0000] {logging_mixin.py:190} INFO - [2026-04-09T06:21:16.984+0000] {dagbag.py:588} INFO - Filling up the DagBag from /opt/airflow/dags/kafka_load.py
[2026-04-09T06:21:17.028+0000] {processor.py:925} INFO - DAG(s) 'kafka_producer' retrieved from /opt/airflow/dags/kafka_load.py
[2026-04-09T06:21:17.069+0000] {logging_mixin.py:190} INFO - [2026-04-09T06:21:17.069+0000] {dag.py:3239} INFO - Sync 1 DAGs
[2026-04-09T06:21:17.115+0000] {logging_mixin.py:190} INFO - [2026-04-09T06:21:17.115+0000] {dag.py:4180} INFO - Setting next_dagrun for kafka_producer to 2026-04-08 18:30:00+00:00, run_after=2026-04-09 18:30:00+00:00
[2026-04-09T06:21:17.162+0000] {processor.py:208} INFO - Processing /opt/airflow/dags/kafka_load.py took 0.195 seconds
[2026-04-09T06:21:47.589+0000] {processor.py:186} INFO - Started process (PID=188) to work on /opt/airflow/dags/kafka_load.py
[2026-04-09T06:21:47.591+0000] {processor.py:914} INFO - Processing file /opt/airflow/dags/kafka_load.py for tasks to queue
[2026-04-09T06:21:47.593+0000] {logging_mixin.py:190} INFO - [2026-04-09T06:21:47.592+0000] {dagbag.py:588} INFO - Filling up the DagBag from /opt/airflow/dags/kafka_load.py
[2026-04-09T06:21:47.642+0000] {processor.py:925} INFO - DAG(s) 'kafka_producer' retrieved from /opt/airflow/dags/kafka_load.py
[2026-04-09T06:21:47.673+0000] {logging_mixin.py:190} INFO - [2026-04-09T06:21:47.672+0000] {dag.py:3239} INFO - Sync 1 DAGs
[2026-04-09T06:21:47.704+0000] {logging_mixin.py:190} INFO - [2026-04-09T06:21:47.704+0000] {dag.py:4180} INFO - Setting next_dagrun for kafka_producer to 2026-04-08 18:30:00+00:00, run_after=2026-04-09 18:30:00+00:00
[2026-04-09T06:21:47.730+0000] {processor.py:208} INFO - Processing /opt/airflow/dags/kafka_load.py took 0.149 seconds
[2026-04-09T06:22:18.183+0000] {processor.py:186} INFO - Started process (PID=190) to work on /opt/airflow/dags/kafka_load.py
[2026-04-09T06:22:18.185+0000] {processor.py:914} INFO - Processing file /opt/airflow/dags/kafka_load.py for tasks to queue
[2026-04-09T06:22:18.187+0000] {logging_mixin.py:190} INFO - [2026-04-09T06:22:18.187+0000] {dagbag.py:588} INFO - Filling up the DagBag from /opt/airflow/dags/kafka_load.py
[2026-04-09T06:22:18.226+0000] {processor.py:925} INFO - DAG(s) 'kafka_producer' retrieved from /opt/airflow/dags/kafka_load.py
[2026-04-09T06:22:18.257+0000] {logging_mixin.py:190} INFO - [2026-04-09T06:22:18.256+0000] {dag.py:3239} INFO - Sync 1 DAGs
[2026-04-09T06:22:18.312+0000] {logging_mixin.py:190} INFO - [2026-04-09T06:22:18.311+0000] {dag.py:4180} INFO - Setting next_dagrun for kafka_producer to 2026-04-08 18:30:00+00:00, run_after=2026-04-09 18:30:00+00:00
[2026-04-09T06:22:18.336+0000] {processor.py:208} INFO - Processing /opt/airflow/dags/kafka_load.py took 0.161 seconds
[2026-04-09T06:22:48.759+0000] {processor.py:186} INFO - Started process (PID=192) to work on /opt/airflow/dags/kafka_load.py
[2026-04-09T06:22:48.761+0000] {processor.py:914} INFO - Processing file /opt/airflow/dags/kafka_load.py for tasks to queue
[2026-04-09T06:22:48.763+0000] {logging_mixin.py:190} INFO - [2026-04-09T06:22:48.762+0000] {dagbag.py:588} INFO - Filling up the DagBag from /opt/airflow/dags/kafka_load.py
[2026-04-09T06:22:48.816+0000] {processor.py:925} INFO - DAG(s) 'kafka_producer' retrieved from /opt/airflow/dags/kafka_load.py
[2026-04-09T06:22:48.849+0000] {logging_mixin.py:190} INFO - [2026-04-09T06:22:48.849+0000] {dag.py:3239} INFO - Sync 1 DAGs
[2026-04-09T06:22:48.943+0000] {logging_mixin.py:190} INFO - [2026-04-09T06:22:48.943+0000] {dag.py:4180} INFO - Setting next_dagrun for kafka_producer to 2026-04-08 18:30:00+00:00, run_after=2026-04-09 18:30:00+00:00
[2026-04-09T06:22:49.020+0000] {processor.py:208} INFO - Processing /opt/airflow/dags/kafka_load.py took 0.269 seconds
[2026-04-09T06:23:19.239+0000] {processor.py:186} INFO - Started process (PID=194) to work on /opt/airflow/dags/kafka_load.py
[2026-04-09T06:23:19.241+0000] {processor.py:914} INFO - Processing file /opt/airflow/dags/kafka_load.py for tasks to queue
[2026-04-09T06:23:19.243+0000] {logging_mixin.py:190} INFO - [2026-04-09T06:23:19.242+0000] {dagbag.py:588} INFO - Filling up the DagBag from /opt/airflow/dags/kafka_load.py
[2026-04-09T06:23:19.279+0000] {processor.py:925} INFO - DAG(s) 'kafka_producer' retrieved from /opt/airflow/dags/kafka_load.py
[2026-04-09T06:23:19.311+0000] {logging_mixin.py:190} INFO - [2026-04-09T06:23:19.310+0000] {dag.py:3239} INFO - Sync 1 DAGs
[2026-04-09T06:23:19.346+0000] {logging_mixin.py:190} INFO - [2026-04-09T06:23:19.345+0000] {dag.py:4180} INFO - Setting next_dagrun for kafka_producer to 2026-04-08 18:30:00+00:00, run_after=2026-04-09 18:30:00+00:00
[2026-04-09T06:23:19.373+0000] {processor.py:208} INFO - Processing /opt/airflow/dags/kafka_load.py took 0.142 seconds
[2026-04-09T06:23:49.675+0000] {processor.py:186} INFO - Started process (PID=196) to work on /opt/airflow/dags/kafka_load.py
[2026-04-09T06:23:49.677+0000] {processor.py:914} INFO - Processing file /opt/airflow/dags/kafka_load.py for tasks to queue
[2026-04-09T06:23:49.679+0000] {logging_mixin.py:190} INFO - [2026-04-09T06:23:49.678+0000] {dagbag.py:588} INFO - Filling up the DagBag from /opt/airflow/dags/kafka_load.py
[2026-04-09T06:23:49.719+0000] {processor.py:925} INFO - DAG(s) 'kafka_producer' retrieved from /opt/airflow/dags/kafka_load.py
[2026-04-09T06:23:49.754+0000] {logging_mixin.py:190} INFO - [2026-04-09T06:23:49.754+0000] {dag.py:3239} INFO - Sync 1 DAGs
[2026-04-09T06:23:49.803+0000] {logging_mixin.py:190} INFO - [2026-04-09T06:23:49.803+0000] {dag.py:4180} INFO - Setting next_dagrun for kafka_producer to 2026-04-08 18:30:00+00:00, run_after=2026-04-09 18:30:00+00:00
[2026-04-09T06:23:49.833+0000] {processor.py:208} INFO - Processing /opt/airflow/dags/kafka_load.py took 0.167 seconds
[2026-04-09T06:24:20.180+0000] {processor.py:186} INFO - Started process (PID=198) to work on /opt/airflow/dags/kafka_load.py
[2026-04-09T06:24:20.181+0000] {processor.py:914} INFO - Processing file /opt/airflow/dags/kafka_load.py for tasks to queue
[2026-04-09T06:24:20.183+0000] {logging_mixin.py:190} INFO - [2026-04-09T06:24:20.183+0000] {dagbag.py:588} INFO - Filling up the DagBag from /opt/airflow/dags/kafka_load.py
[2026-04-09T06:24:20.216+0000] {processor.py:925} INFO - DAG(s) 'kafka_producer' retrieved from /opt/airflow/dags/kafka_load.py
[2026-04-09T06:24:20.248+0000] {logging_mixin.py:190} INFO - [2026-04-09T06:24:20.248+0000] {dag.py:3239} INFO - Sync 1 DAGs
[2026-04-09T06:24:20.281+0000] {logging_mixin.py:190} INFO - [2026-04-09T06:24:20.281+0000] {dag.py:4180} INFO - Setting next_dagrun for kafka_producer to 2026-04-08 18:30:00+00:00, run_after=2026-04-09 18:30:00+00:00
[2026-04-09T06:24:20.311+0000] {processor.py:208} INFO - Processing /opt/airflow/dags/kafka_load.py took 0.139 seconds
[2026-04-09T06:24:50.666+0000] {processor.py:186} INFO - Started process (PID=200) to work on /opt/airflow/dags/kafka_load.py
[2026-04-09T06:24:50.668+0000] {processor.py:914} INFO - Processing file /opt/airflow/dags/kafka_load.py for tasks to queue
[2026-04-09T06:24:50.670+0000] {logging_mixin.py:190} INFO - [2026-04-09T06:24:50.670+0000] {dagbag.py:588} INFO - Filling up the DagBag from /opt/airflow/dags/kafka_load.py
[2026-04-09T06:24:50.703+0000] {processor.py:925} INFO - DAG(s) 'kafka_producer' retrieved from /opt/airflow/dags/kafka_load.py
[2026-04-09T06:24:50.749+0000] {logging_mixin.py:190} INFO - [2026-04-09T06:24:50.746+0000] {dag.py:3239} INFO - Sync 1 DAGs
[2026-04-09T06:24:50.792+0000] {logging_mixin.py:190} INFO - [2026-04-09T06:24:50.791+0000] {dag.py:4180} INFO - Setting next_dagrun for kafka_producer to 2026-04-08 18:30:00+00:00, run_after=2026-04-09 18:30:00+00:00
[2026-04-09T06:24:50.820+0000] {processor.py:208} INFO - Processing /opt/airflow/dags/kafka_load.py took 0.164 seconds
[2026-04-09T06:25:21.242+0000] {processor.py:186} INFO - Started process (PID=202) to work on /opt/airflow/dags/kafka_load.py
[2026-04-09T06:25:21.244+0000] {processor.py:914} INFO - Processing file /opt/airflow/dags/kafka_load.py for tasks to queue
[2026-04-09T06:25:21.246+0000] {logging_mixin.py:190} INFO - [2026-04-09T06:25:21.245+0000] {dagbag.py:588} INFO - Filling up the DagBag from /opt/airflow/dags/kafka_load.py
[2026-04-09T06:25:21.283+0000] {processor.py:925} INFO - DAG(s) 'kafka_producer' retrieved from /opt/airflow/dags/kafka_load.py
[2026-04-09T06:25:21.316+0000] {logging_mixin.py:190} INFO - [2026-04-09T06:25:21.315+0000] {dag.py:3239} INFO - Sync 1 DAGs
[2026-04-09T06:25:21.352+0000] {logging_mixin.py:190} INFO - [2026-04-09T06:25:21.352+0000] {dag.py:4180} INFO - Setting next_dagrun for kafka_producer to 2026-04-08 18:30:00+00:00, run_after=2026-04-09 18:30:00+00:00
[2026-04-09T06:25:21.376+0000] {processor.py:208} INFO - Processing /opt/airflow/dags/kafka_load.py took 0.143 seconds
[2026-04-09T06:25:51.635+0000] {processor.py:186} INFO - Started process (PID=204) to work on /opt/airflow/dags/kafka_load.py
[2026-04-09T06:25:51.637+0000] {processor.py:914} INFO - Processing file /opt/airflow/dags/kafka_load.py for tasks to queue
[2026-04-09T06:25:51.639+0000] {logging_mixin.py:190} INFO - [2026-04-09T06:25:51.639+0000] {dagbag.py:588} INFO - Filling up the DagBag from /opt/airflow/dags/kafka_load.py
[2026-04-09T06:25:51.704+0000] {processor.py:925} INFO - DAG(s) 'kafka_producer' retrieved from /opt/airflow/dags/kafka_load.py
[2026-04-09T06:25:51.738+0000] {logging_mixin.py:190} INFO - [2026-04-09T06:25:51.737+0000] {dag.py:3239} INFO - Sync 1 DAGs
[2026-04-09T06:25:51.782+0000] {logging_mixin.py:190} INFO - [2026-04-09T06:25:51.782+0000] {dag.py:4180} INFO - Setting next_dagrun for kafka_producer to 2026-04-08 18:30:00+00:00, run_after=2026-04-09 18:30:00+00:00
[2026-04-09T06:25:51.837+0000] {processor.py:208} INFO - Processing /opt/airflow/dags/kafka_load.py took 0.212 seconds
[2026-04-09T06:26:22.297+0000] {processor.py:186} INFO - Started process (PID=206) to work on /opt/airflow/dags/kafka_load.py
[2026-04-09T06:26:22.302+0000] {processor.py:914} INFO - Processing file /opt/airflow/dags/kafka_load.py for tasks to queue
[2026-04-09T06:26:22.306+0000] {logging_mixin.py:190} INFO - [2026-04-09T06:26:22.305+0000] {dagbag.py:588} INFO - Filling up the DagBag from /opt/airflow/dags/kafka_load.py
[2026-04-09T06:26:22.346+0000] {processor.py:925} INFO - DAG(s) 'kafka_producer' retrieved from /opt/airflow/dags/kafka_load.py
[2026-04-09T06:26:22.387+0000] {logging_mixin.py:190} INFO - [2026-04-09T06:26:22.386+0000] {dag.py:3239} INFO - Sync 1 DAGs
[2026-04-09T06:26:22.475+0000] {logging_mixin.py:190} INFO - [2026-04-09T06:26:22.475+0000] {dag.py:4180} INFO - Setting next_dagrun for kafka_producer to 2026-04-08 18:30:00+00:00, run_after=2026-04-09 18:30:00+00:00
[2026-04-09T06:26:22.514+0000] {processor.py:208} INFO - Processing /opt/airflow/dags/kafka_load.py took 0.228 seconds
[2026-04-09T06:26:52.965+0000] {processor.py:186} INFO - Started process (PID=208) to work on /opt/airflow/dags/kafka_load.py
[2026-04-09T06:26:52.967+0000] {processor.py:914} INFO - Processing file /opt/airflow/dags/kafka_load.py for tasks to queue
[2026-04-09T06:26:52.968+0000] {logging_mixin.py:190} INFO - [2026-04-09T06:26:52.968+0000] {dagbag.py:588} INFO - Filling up the DagBag from /opt/airflow/dags/kafka_load.py
[2026-04-09T06:26:53.003+0000] {processor.py:925} INFO - DAG(s) 'kafka_producer' retrieved from /opt/airflow/dags/kafka_load.py
[2026-04-09T06:26:53.030+0000] {logging_mixin.py:190} INFO - [2026-04-09T06:26:53.029+0000] {dag.py:3239} INFO - Sync 1 DAGs
[2026-04-09T06:26:53.061+0000] {logging_mixin.py:190} INFO - [2026-04-09T06:26:53.060+0000] {dag.py:4180} INFO - Setting next_dagrun for kafka_producer to 2026-04-08 18:30:00+00:00, run_after=2026-04-09 18:30:00+00:00
[2026-04-09T06:26:53.084+0000] {processor.py:208} INFO - Processing /opt/airflow/dags/kafka_load.py took 0.126 seconds
[2026-04-09T06:27:23.465+0000] {processor.py:186} INFO - Started process (PID=210) to work on /opt/airflow/dags/kafka_load.py
[2026-04-09T06:27:23.467+0000] {processor.py:914} INFO - Processing file /opt/airflow/dags/kafka_load.py for tasks to queue
[2026-04-09T06:27:23.468+0000] {logging_mixin.py:190} INFO - [2026-04-09T06:27:23.468+0000] {dagbag.py:588} INFO - Filling up the DagBag from /opt/airflow/dags/kafka_load.py
[2026-04-09T06:27:23.501+0000] {processor.py:925} INFO - DAG(s) 'kafka_producer' retrieved from /opt/airflow/dags/kafka_load.py
[2026-04-09T06:27:23.528+0000] {logging_mixin.py:190} INFO - [2026-04-09T06:27:23.527+0000] {dag.py:3239} INFO - Sync 1 DAGs
[2026-04-09T06:27:23.562+0000] {logging_mixin.py:190} INFO - [2026-04-09T06:27:23.561+0000] {dag.py:4180} INFO - Setting next_dagrun for kafka_producer to 2026-04-08 18:30:00+00:00, run_after=2026-04-09 18:30:00+00:00
[2026-04-09T06:27:23.592+0000] {processor.py:208} INFO - Processing /opt/airflow/dags/kafka_load.py took 0.135 seconds
[2026-04-09T06:27:53.987+0000] {processor.py:186} INFO - Started process (PID=212) to work on /opt/airflow/dags/kafka_load.py
[2026-04-09T06:27:53.988+0000] {processor.py:914} INFO - Processing file /opt/airflow/dags/kafka_load.py for tasks to queue
[2026-04-09T06:27:53.991+0000] {logging_mixin.py:190} INFO - [2026-04-09T06:27:53.990+0000] {dagbag.py:588} INFO - Filling up the DagBag from /opt/airflow/dags/kafka_load.py
[2026-04-09T06:27:54.024+0000] {processor.py:925} INFO - DAG(s) 'kafka_producer' retrieved from /opt/airflow/dags/kafka_load.py
[2026-04-09T06:27:54.049+0000] {logging_mixin.py:190} INFO - [2026-04-09T06:27:54.048+0000] {dag.py:3239} INFO - Sync 1 DAGs
[2026-04-09T06:27:54.081+0000] {logging_mixin.py:190} INFO - [2026-04-09T06:27:54.080+0000] {dag.py:4180} INFO - Setting next_dagrun for kafka_producer to 2026-04-08 18:30:00+00:00, run_after=2026-04-09 18:30:00+00:00
[2026-04-09T06:27:54.109+0000] {processor.py:208} INFO - Processing /opt/airflow/dags/kafka_load.py took 0.130 seconds
[2026-04-09T06:28:24.349+0000] {processor.py:186} INFO - Started process (PID=214) to work on /opt/airflow/dags/kafka_load.py
[2026-04-09T06:28:24.355+0000] {processor.py:914} INFO - Processing file /opt/airflow/dags/kafka_load.py for tasks to queue
[2026-04-09T06:28:24.356+0000] {logging_mixin.py:190} INFO - [2026-04-09T06:28:24.356+0000] {dagbag.py:588} INFO - Filling up the DagBag from /opt/airflow/dags/kafka_load.py
[2026-04-09T06:28:24.389+0000] {processor.py:925} INFO - DAG(s) 'kafka_producer' retrieved from /opt/airflow/dags/kafka_load.py
[2026-04-09T06:28:24.419+0000] {logging_mixin.py:190} INFO - [2026-04-09T06:28:24.419+0000] {dag.py:3239} INFO - Sync 1 DAGs
[2026-04-09T06:28:24.455+0000] {logging_mixin.py:190} INFO - [2026-04-09T06:28:24.455+0000] {dag.py:4180} INFO - Setting next_dagrun for kafka_producer to 2026-04-08 18:30:00+00:00, run_after=2026-04-09 18:30:00+00:00
[2026-04-09T06:28:24.485+0000] {processor.py:208} INFO - Processing /opt/airflow/dags/kafka_load.py took 0.147 seconds
[2026-04-09T06:28:54.952+0000] {processor.py:186} INFO - Started process (PID=216) to work on /opt/airflow/dags/kafka_load.py
[2026-04-09T06:28:54.954+0000] {processor.py:914} INFO - Processing file /opt/airflow/dags/kafka_load.py for tasks to queue
[2026-04-09T06:28:54.957+0000] {logging_mixin.py:190} INFO - [2026-04-09T06:28:54.956+0000] {dagbag.py:588} INFO - Filling up the DagBag from /opt/airflow/dags/kafka_load.py
[2026-04-09T06:28:55.021+0000] {processor.py:925} INFO - DAG(s) 'kafka_producer' retrieved from /opt/airflow/dags/kafka_load.py
[2026-04-09T06:28:55.066+0000] {logging_mixin.py:190} INFO - [2026-04-09T06:28:55.066+0000] {dag.py:3239} INFO - Sync 1 DAGs
[2026-04-09T06:28:55.102+0000] {logging_mixin.py:190} INFO - [2026-04-09T06:28:55.101+0000] {dag.py:4180} INFO - Setting next_dagrun for kafka_producer to 2026-04-08 18:30:00+00:00, run_after=2026-04-09 18:30:00+00:00
[2026-04-09T06:28:55.129+0000] {processor.py:208} INFO - Processing /opt/airflow/dags/kafka_load.py took 0.186 seconds
[2026-04-09T06:29:25.323+0000] {processor.py:186} INFO - Started process (PID=218) to work on /opt/airflow/dags/kafka_load.py
[2026-04-09T06:29:25.324+0000] {processor.py:914} INFO - Processing file /opt/airflow/dags/kafka_load.py for tasks to queue
[2026-04-09T06:29:25.326+0000] {logging_mixin.py:190} INFO - [2026-04-09T06:29:25.325+0000] {dagbag.py:588} INFO - Filling up the DagBag from /opt/airflow/dags/kafka_load.py
[2026-04-09T06:29:25.362+0000] {processor.py:925} INFO - DAG(s) 'kafka_producer' retrieved from /opt/airflow/dags/kafka_load.py
[2026-04-09T06:29:25.393+0000] {logging_mixin.py:190} INFO - [2026-04-09T06:29:25.392+0000] {dag.py:3239} INFO - Sync 1 DAGs
[2026-04-09T06:29:25.432+0000] {logging_mixin.py:190} INFO - [2026-04-09T06:29:25.432+0000] {dag.py:4180} INFO - Setting next_dagrun for kafka_producer to 2026-04-08 18:30:00+00:00, run_after=2026-04-09 18:30:00+00:00
[2026-04-09T06:29:25.460+0000] {processor.py:208} INFO - Processing /opt/airflow/dags/kafka_load.py took 0.148 seconds
[2026-04-09T06:29:55.832+0000] {processor.py:186} INFO - Started process (PID=220) to work on /opt/airflow/dags/kafka_load.py
[2026-04-09T06:29:55.834+0000] {processor.py:914} INFO - Processing file /opt/airflow/dags/kafka_load.py for tasks to queue
[2026-04-09T06:29:55.838+0000] {logging_mixin.py:190} INFO - [2026-04-09T06:29:55.838+0000] {dagbag.py:588} INFO - Filling up the DagBag from /opt/airflow/dags/kafka_load.py
[2026-04-09T06:29:55.884+0000] {processor.py:925} INFO - DAG(s) 'kafka_producer' retrieved from /opt/airflow/dags/kafka_load.py
[2026-04-09T06:29:55.918+0000] {logging_mixin.py:190} INFO - [2026-04-09T06:29:55.918+0000] {dag.py:3239} INFO - Sync 1 DAGs
[2026-04-09T06:29:55.978+0000] {logging_mixin.py:190} INFO - [2026-04-09T06:29:55.978+0000] {dag.py:4180} INFO - Setting next_dagrun for kafka_producer to 2026-04-08 18:30:00+00:00, run_after=2026-04-09 18:30:00+00:00
[2026-04-09T06:29:56.046+0000] {processor.py:208} INFO - Processing /opt/airflow/dags/kafka_load.py took 0.222 seconds
[2026-04-09T06:30:26.409+0000] {processor.py:186} INFO - Started process (PID=223) to work on /opt/airflow/dags/kafka_load.py
[2026-04-09T06:30:26.411+0000] {processor.py:914} INFO - Processing file /opt/airflow/dags/kafka_load.py for tasks to queue
[2026-04-09T06:30:26.413+0000] {logging_mixin.py:190} INFO - [2026-04-09T06:30:26.412+0000] {dagbag.py:588} INFO - Filling up the DagBag from /opt/airflow/dags/kafka_load.py
[2026-04-09T06:30:26.453+0000] {processor.py:925} INFO - DAG(s) 'kafka_producer' retrieved from /opt/airflow/dags/kafka_load.py
[2026-04-09T06:30:26.481+0000] {logging_mixin.py:190} INFO - [2026-04-09T06:30:26.481+0000] {dag.py:3239} INFO - Sync 1 DAGs
[2026-04-09T06:30:26.514+0000] {logging_mixin.py:190} INFO - [2026-04-09T06:30:26.513+0000] {dag.py:4180} INFO - Setting next_dagrun for kafka_producer to 2026-04-08 18:30:00+00:00, run_after=2026-04-09 18:30:00+00:00
[2026-04-09T06:30:26.542+0000] {processor.py:208} INFO - Processing /opt/airflow/dags/kafka_load.py took 0.140 seconds
[2026-04-09T06:30:56.882+0000] {processor.py:186} INFO - Started process (PID=225) to work on /opt/airflow/dags/kafka_load.py
[2026-04-09T06:30:56.885+0000] {processor.py:914} INFO - Processing file /opt/airflow/dags/kafka_load.py for tasks to queue
[2026-04-09T06:30:56.888+0000] {logging_mixin.py:190} INFO - [2026-04-09T06:30:56.886+0000] {dagbag.py:588} INFO - Filling up the DagBag from /opt/airflow/dags/kafka_load.py
[2026-04-09T06:30:56.924+0000] {processor.py:925} INFO - DAG(s) 'kafka_producer' retrieved from /opt/airflow/dags/kafka_load.py
[2026-04-09T06:30:56.954+0000] {logging_mixin.py:190} INFO - [2026-04-09T06:30:56.954+0000] {dag.py:3239} INFO - Sync 1 DAGs
[2026-04-09T06:30:56.989+0000] {logging_mixin.py:190} INFO - [2026-04-09T06:30:56.988+0000] {dag.py:4180} INFO - Setting next_dagrun for kafka_producer to 2026-04-08 18:30:00+00:00, run_after=2026-04-09 18:30:00+00:00
[2026-04-09T06:30:57.016+0000] {processor.py:208} INFO - Processing /opt/airflow/dags/kafka_load.py took 0.143 seconds
[2026-04-09T06:31:27.495+0000] {processor.py:186} INFO - Started process (PID=227) to work on /opt/airflow/dags/kafka_load.py
[2026-04-09T06:31:27.497+0000] {processor.py:914} INFO - Processing file /opt/airflow/dags/kafka_load.py for tasks to queue
[2026-04-09T06:31:27.499+0000] {logging_mixin.py:190} INFO - [2026-04-09T06:31:27.498+0000] {dagbag.py:588} INFO - Filling up the DagBag from /opt/airflow/dags/kafka_load.py
[2026-04-09T06:31:27.550+0000] {processor.py:925} INFO - DAG(s) 'kafka_producer' retrieved from /opt/airflow/dags/kafka_load.py
[2026-04-09T06:31:27.593+0000] {logging_mixin.py:190} INFO - [2026-04-09T06:31:27.593+0000] {dag.py:3239} INFO - Sync 1 DAGs
[2026-04-09T06:31:27.628+0000] {logging_mixin.py:190} INFO - [2026-04-09T06:31:27.628+0000] {dag.py:4180} INFO - Setting next_dagrun for kafka_producer to 2026-04-08 18:30:00+00:00, run_after=2026-04-09 18:30:00+00:00
[2026-04-09T06:31:27.652+0000] {processor.py:208} INFO - Processing /opt/airflow/dags/kafka_load.py took 0.175 seconds
[2026-04-09T06:31:58.171+0000] {processor.py:186} INFO - Started process (PID=229) to work on /opt/airflow/dags/kafka_load.py
[2026-04-09T06:31:58.173+0000] {processor.py:914} INFO - Processing file /opt/airflow/dags/kafka_load.py for tasks to queue
[2026-04-09T06:31:58.184+0000] {logging_mixin.py:190} INFO - [2026-04-09T06:31:58.183+0000] {dagbag.py:588} INFO - Filling up the DagBag from /opt/airflow/dags/kafka_load.py
[2026-04-09T06:31:58.287+0000] {processor.py:925} INFO - DAG(s) 'kafka_producer' retrieved from /opt/airflow/dags/kafka_load.py
[2026-04-09T06:31:58.374+0000] {logging_mixin.py:190} INFO - [2026-04-09T06:31:58.374+0000] {dag.py:3239} INFO - Sync 1 DAGs
[2026-04-09T06:31:58.435+0000] {logging_mixin.py:190} INFO - [2026-04-09T06:31:58.434+0000] {dag.py:4180} INFO - Setting next_dagrun for kafka_producer to 2026-04-08 18:30:00+00:00, run_after=2026-04-09 18:30:00+00:00
[2026-04-09T06:31:58.536+0000] {processor.py:208} INFO - Processing /opt/airflow/dags/kafka_load.py took 0.381 seconds
[2026-04-09T06:32:28.960+0000] {processor.py:186} INFO - Started process (PID=231) to work on /opt/airflow/dags/kafka_load.py
[2026-04-09T06:32:28.961+0000] {processor.py:914} INFO - Processing file /opt/airflow/dags/kafka_load.py for tasks to queue
[2026-04-09T06:32:28.963+0000] {logging_mixin.py:190} INFO - [2026-04-09T06:32:28.963+0000] {dagbag.py:588} INFO - Filling up the DagBag from /opt/airflow/dags/kafka_load.py
[2026-04-09T06:32:28.999+0000] {processor.py:925} INFO - DAG(s) 'kafka_producer' retrieved from /opt/airflow/dags/kafka_load.py
[2026-04-09T06:32:29.026+0000] {logging_mixin.py:190} INFO - [2026-04-09T06:32:29.026+0000] {dag.py:3239} INFO - Sync 1 DAGs
[2026-04-09T06:32:29.060+0000] {logging_mixin.py:190} INFO - [2026-04-09T06:32:29.060+0000] {dag.py:4180} INFO - Setting next_dagrun for kafka_producer to 2026-04-08 18:30:00+00:00, run_after=2026-04-09 18:30:00+00:00
[2026-04-09T06:32:29.082+0000] {processor.py:208} INFO - Processing /opt/airflow/dags/kafka_load.py took 0.133 seconds
[2026-04-09T06:32:59.449+0000] {processor.py:186} INFO - Started process (PID=233) to work on /opt/airflow/dags/kafka_load.py
[2026-04-09T06:32:59.451+0000] {processor.py:914} INFO - Processing file /opt/airflow/dags/kafka_load.py for tasks to queue
[2026-04-09T06:32:59.453+0000] {logging_mixin.py:190} INFO - [2026-04-09T06:32:59.452+0000] {dagbag.py:588} INFO - Filling up the DagBag from /opt/airflow/dags/kafka_load.py
[2026-04-09T06:32:59.494+0000] {processor.py:925} INFO - DAG(s) 'kafka_producer' retrieved from /opt/airflow/dags/kafka_load.py
[2026-04-09T06:32:59.519+0000] {logging_mixin.py:190} INFO - [2026-04-09T06:32:59.518+0000] {dag.py:3239} INFO - Sync 1 DAGs
[2026-04-09T06:32:59.549+0000] {logging_mixin.py:190} INFO - [2026-04-09T06:32:59.548+0000] {dag.py:4180} INFO - Setting next_dagrun for kafka_producer to 2026-04-08 18:30:00+00:00, run_after=2026-04-09 18:30:00+00:00
[2026-04-09T06:32:59.571+0000] {processor.py:208} INFO - Processing /opt/airflow/dags/kafka_load.py took 0.131 seconds
[2026-04-09T06:33:30.027+0000] {processor.py:186} INFO - Started process (PID=235) to work on /opt/airflow/dags/kafka_load.py
[2026-04-09T06:33:30.028+0000] {processor.py:914} INFO - Processing file /opt/airflow/dags/kafka_load.py for tasks to queue
[2026-04-09T06:33:30.031+0000] {logging_mixin.py:190} INFO - [2026-04-09T06:33:30.030+0000] {dagbag.py:588} INFO - Filling up the DagBag from /opt/airflow/dags/kafka_load.py
[2026-04-09T06:33:30.071+0000] {processor.py:925} INFO - DAG(s) 'kafka_producer' retrieved from /opt/airflow/dags/kafka_load.py
[2026-04-09T06:33:30.096+0000] {logging_mixin.py:190} INFO - [2026-04-09T06:33:30.096+0000] {dag.py:3239} INFO - Sync 1 DAGs
[2026-04-09T06:33:30.126+0000] {logging_mixin.py:190} INFO - [2026-04-09T06:33:30.126+0000] {dag.py:4180} INFO - Setting next_dagrun for kafka_producer to 2026-04-08 18:30:00+00:00, run_after=2026-04-09 18:30:00+00:00
[2026-04-09T06:33:30.150+0000] {processor.py:208} INFO - Processing /opt/airflow/dags/kafka_load.py took 0.137 seconds
[2026-04-09T06:34:00.501+0000] {processor.py:186} INFO - Started process (PID=237) to work on /opt/airflow/dags/kafka_load.py
[2026-04-09T06:34:00.502+0000] {processor.py:914} INFO - Processing file /opt/airflow/dags/kafka_load.py for tasks to queue
[2026-04-09T06:34:00.505+0000] {logging_mixin.py:190} INFO - [2026-04-09T06:34:00.504+0000] {dagbag.py:588} INFO - Filling up the DagBag from /opt/airflow/dags/kafka_load.py
[2026-04-09T06:34:00.539+0000] {processor.py:925} INFO - DAG(s) 'kafka_producer' retrieved from /opt/airflow/dags/kafka_load.py
[2026-04-09T06:34:00.571+0000] {logging_mixin.py:190} INFO - [2026-04-09T06:34:00.570+0000] {dag.py:3239} INFO - Sync 1 DAGs
[2026-04-09T06:34:00.606+0000] {logging_mixin.py:190} INFO - [2026-04-09T06:34:00.605+0000] {dag.py:4180} INFO - Setting next_dagrun for kafka_producer to 2026-04-08 18:30:00+00:00, run_after=2026-04-09 18:30:00+00:00
[2026-04-09T06:34:00.635+0000] {processor.py:208} INFO - Processing /opt/airflow/dags/kafka_load.py took 0.143 seconds
[2026-04-09T06:34:31.000+0000] {processor.py:186} INFO - Started process (PID=239) to work on /opt/airflow/dags/kafka_load.py
[2026-04-09T06:34:31.002+0000] {processor.py:914} INFO - Processing file /opt/airflow/dags/kafka_load.py for tasks to queue
[2026-04-09T06:34:31.004+0000] {logging_mixin.py:190} INFO - [2026-04-09T06:34:31.003+0000] {dagbag.py:588} INFO - Filling up the DagBag from /opt/airflow/dags/kafka_load.py
[2026-04-09T06:34:31.038+0000] {processor.py:925} INFO - DAG(s) 'kafka_producer' retrieved from /opt/airflow/dags/kafka_load.py
[2026-04-09T06:34:31.066+0000] {logging_mixin.py:190} INFO - [2026-04-09T06:34:31.066+0000] {dag.py:3239} INFO - Sync 1 DAGs
[2026-04-09T06:34:31.098+0000] {logging_mixin.py:190} INFO - [2026-04-09T06:34:31.098+0000] {dag.py:4180} INFO - Setting next_dagrun for kafka_producer to 2026-04-08 18:30:00+00:00, run_after=2026-04-09 18:30:00+00:00
[2026-04-09T06:34:31.123+0000] {processor.py:208} INFO - Processing /opt/airflow/dags/kafka_load.py took 0.131 seconds
[2026-04-09T06:35:01.594+0000] {processor.py:186} INFO - Started process (PID=241) to work on /opt/airflow/dags/kafka_load.py
[2026-04-09T06:35:01.595+0000] {processor.py:914} INFO - Processing file /opt/airflow/dags/kafka_load.py for tasks to queue
[2026-04-09T06:35:01.598+0000] {logging_mixin.py:190} INFO - [2026-04-09T06:35:01.597+0000] {dagbag.py:588} INFO - Filling up the DagBag from /opt/airflow/dags/kafka_load.py
[2026-04-09T06:35:01.637+0000] {processor.py:925} INFO - DAG(s) 'kafka_producer' retrieved from /opt/airflow/dags/kafka_load.py
[2026-04-09T06:35:01.671+0000] {logging_mixin.py:190} INFO - [2026-04-09T06:35:01.671+0000] {dag.py:3239} INFO - Sync 1 DAGs
[2026-04-09T06:35:01.713+0000] {logging_mixin.py:190} INFO - [2026-04-09T06:35:01.712+0000] {dag.py:4180} INFO - Setting next_dagrun for kafka_producer to 2026-04-08 18:30:00+00:00, run_after=2026-04-09 18:30:00+00:00
[2026-04-09T06:35:02.139+0000] {processor.py:208} INFO - Processing /opt/airflow/dags/kafka_load.py took 0.554 seconds
[2026-04-09T06:35:32.955+0000] {processor.py:186} INFO - Started process (PID=243) to work on /opt/airflow/dags/kafka_load.py
[2026-04-09T06:35:32.956+0000] {processor.py:914} INFO - Processing file /opt/airflow/dags/kafka_load.py for tasks to queue
[2026-04-09T06:35:32.959+0000] {logging_mixin.py:190} INFO - [2026-04-09T06:35:32.958+0000] {dagbag.py:588} INFO - Filling up the DagBag from /opt/airflow/dags/kafka_load.py
[2026-04-09T06:35:32.995+0000] {processor.py:925} INFO - DAG(s) 'kafka_producer' retrieved from /opt/airflow/dags/kafka_load.py
[2026-04-09T06:35:33.031+0000] {logging_mixin.py:190} INFO - [2026-04-09T06:35:33.030+0000] {dag.py:3239} INFO - Sync 1 DAGs
[2026-04-09T06:35:33.075+0000] {logging_mixin.py:190} INFO - [2026-04-09T06:35:33.075+0000] {dag.py:4180} INFO - Setting next_dagrun for kafka_producer to 2026-04-08 18:30:00+00:00, run_after=2026-04-09 18:30:00+00:00
[2026-04-09T06:35:33.106+0000] {processor.py:208} INFO - Processing /opt/airflow/dags/kafka_load.py took 0.159 seconds
[2026-04-09T06:36:03.453+0000] {processor.py:186} INFO - Started process (PID=245) to work on /opt/airflow/dags/kafka_load.py
[2026-04-09T06:36:03.454+0000] {processor.py:914} INFO - Processing file /opt/airflow/dags/kafka_load.py for tasks to queue
[2026-04-09T06:36:03.456+0000] {logging_mixin.py:190} INFO - [2026-04-09T06:36:03.455+0000] {dagbag.py:588} INFO - Filling up the DagBag from /opt/airflow/dags/kafka_load.py
[2026-04-09T06:36:03.489+0000] {processor.py:925} INFO - DAG(s) 'kafka_producer' retrieved from /opt/airflow/dags/kafka_load.py
[2026-04-09T06:36:03.515+0000] {logging_mixin.py:190} INFO - [2026-04-09T06:36:03.515+0000] {dag.py:3239} INFO - Sync 1 DAGs
[2026-04-09T06:36:03.545+0000] {logging_mixin.py:190} INFO - [2026-04-09T06:36:03.545+0000] {dag.py:4180} INFO - Setting next_dagrun for kafka_producer to 2026-04-08 18:30:00+00:00, run_after=2026-04-09 18:30:00+00:00
[2026-04-09T06:36:03.572+0000] {processor.py:208} INFO - Processing /opt/airflow/dags/kafka_load.py took 0.127 seconds
[2026-04-09T06:36:33.966+0000] {processor.py:186} INFO - Started process (PID=247) to work on /opt/airflow/dags/kafka_load.py
[2026-04-09T06:36:33.967+0000] {processor.py:914} INFO - Processing file /opt/airflow/dags/kafka_load.py for tasks to queue
[2026-04-09T06:36:33.969+0000] {logging_mixin.py:190} INFO - [2026-04-09T06:36:33.969+0000] {dagbag.py:588} INFO - Filling up the DagBag from /opt/airflow/dags/kafka_load.py
[2026-04-09T06:36:34.012+0000] {processor.py:925} INFO - DAG(s) 'kafka_producer' retrieved from /opt/airflow/dags/kafka_load.py
[2026-04-09T06:36:34.042+0000] {logging_mixin.py:190} INFO - [2026-04-09T06:36:34.042+0000] {dag.py:3239} INFO - Sync 1 DAGs
[2026-04-09T06:36:34.077+0000] {logging_mixin.py:190} INFO - [2026-04-09T06:36:34.077+0000] {dag.py:4180} INFO - Setting next_dagrun for kafka_producer to 2026-04-08 18:30:00+00:00, run_after=2026-04-09 18:30:00+00:00
[2026-04-09T06:36:35.432+0000] {processor.py:208} INFO - Processing /opt/airflow/dags/kafka_load.py took 1.475 seconds
[2026-04-09T06:37:05.793+0000] {processor.py:186} INFO - Started process (PID=249) to work on /opt/airflow/dags/kafka_load.py
[2026-04-09T06:37:05.794+0000] {processor.py:914} INFO - Processing file /opt/airflow/dags/kafka_load.py for tasks to queue
[2026-04-09T06:37:05.796+0000] {logging_mixin.py:190} INFO - [2026-04-09T06:37:05.796+0000] {dagbag.py:588} INFO - Filling up the DagBag from /opt/airflow/dags/kafka_load.py
[2026-04-09T06:37:05.837+0000] {processor.py:925} INFO - DAG(s) 'kafka_producer' retrieved from /opt/airflow/dags/kafka_load.py
[2026-04-09T06:37:05.868+0000] {logging_mixin.py:190} INFO - [2026-04-09T06:37:05.867+0000] {dag.py:3239} INFO - Sync 1 DAGs
[2026-04-09T06:37:05.900+0000] {logging_mixin.py:190} INFO - [2026-04-09T06:37:05.900+0000] {dag.py:4180} INFO - Setting next_dagrun for kafka_producer to 2026-04-08 18:30:00+00:00, run_after=2026-04-09 18:30:00+00:00
[2026-04-09T06:37:07.579+0000] {processor.py:208} INFO - Processing /opt/airflow/dags/kafka_load.py took 1.795 seconds
[2026-04-09T06:37:37.940+0000] {processor.py:186} INFO - Started process (PID=251) to work on /opt/airflow/dags/kafka_load.py
[2026-04-09T06:37:37.943+0000] {processor.py:914} INFO - Processing file /opt/airflow/dags/kafka_load.py for tasks to queue
[2026-04-09T06:37:37.948+0000] {logging_mixin.py:190} INFO - [2026-04-09T06:37:37.946+0000] {dagbag.py:588} INFO - Filling up the DagBag from /opt/airflow/dags/kafka_load.py
[2026-04-09T06:37:37.988+0000] {processor.py:925} INFO - DAG(s) 'kafka_producer' retrieved from /opt/airflow/dags/kafka_load.py
[2026-04-09T06:37:38.018+0000] {logging_mixin.py:190} INFO - [2026-04-09T06:37:38.017+0000] {dag.py:3239} INFO - Sync 1 DAGs
[2026-04-09T06:37:38.051+0000] {logging_mixin.py:190} INFO - [2026-04-09T06:37:38.051+0000] {dag.py:4180} INFO - Setting next_dagrun for kafka_producer to 2026-04-08 18:30:00+00:00, run_after=2026-04-09 18:30:00+00:00
[2026-04-09T06:37:38.074+0000] {processor.py:208} INFO - Processing /opt/airflow/dags/kafka_load.py took 0.141 seconds
[2026-04-09T06:38:08.466+0000] {processor.py:186} INFO - Started process (PID=253) to work on /opt/airflow/dags/kafka_load.py
[2026-04-09T06:38:08.468+0000] {processor.py:914} INFO - Processing file /opt/airflow/dags/kafka_load.py for tasks to queue
[2026-04-09T06:38:08.470+0000] {logging_mixin.py:190} INFO - [2026-04-09T06:38:08.469+0000] {dagbag.py:588} INFO - Filling up the DagBag from /opt/airflow/dags/kafka_load.py
[2026-04-09T06:38:08.503+0000] {processor.py:925} INFO - DAG(s) 'kafka_producer' retrieved from /opt/airflow/dags/kafka_load.py
[2026-04-09T06:38:08.530+0000] {logging_mixin.py:190} INFO - [2026-04-09T06:38:08.530+0000] {dag.py:3239} INFO - Sync 1 DAGs
[2026-04-09T06:38:08.563+0000] {logging_mixin.py:190} INFO - [2026-04-09T06:38:08.562+0000] {dag.py:4180} INFO - Setting next_dagrun for kafka_producer to 2026-04-08 18:30:00+00:00, run_after=2026-04-09 18:30:00+00:00
[2026-04-09T06:38:08.586+0000] {processor.py:208} INFO - Processing /opt/airflow/dags/kafka_load.py took 0.132 seconds
[2026-04-09T06:38:38.908+0000] {processor.py:186} INFO - Started process (PID=255) to work on /opt/airflow/dags/kafka_load.py
[2026-04-09T06:38:38.910+0000] {processor.py:914} INFO - Processing file /opt/airflow/dags/kafka_load.py for tasks to queue
[2026-04-09T06:38:38.911+0000] {logging_mixin.py:190} INFO - [2026-04-09T06:38:38.911+0000] {dagbag.py:588} INFO - Filling up the DagBag from /opt/airflow/dags/kafka_load.py
[2026-04-09T06:38:38.954+0000] {processor.py:925} INFO - DAG(s) 'kafka_producer' retrieved from /opt/airflow/dags/kafka_load.py
[2026-04-09T06:38:38.984+0000] {logging_mixin.py:190} INFO - [2026-04-09T06:38:38.983+0000] {dag.py:3239} INFO - Sync 1 DAGs
[2026-04-09T06:38:39.023+0000] {logging_mixin.py:190} INFO - [2026-04-09T06:38:39.022+0000] {dag.py:4180} INFO - Setting next_dagrun for kafka_producer to 2026-04-08 18:30:00+00:00, run_after=2026-04-09 18:30:00+00:00
[2026-04-09T06:38:39.049+0000] {processor.py:208} INFO - Processing /opt/airflow/dags/kafka_load.py took 0.149 seconds
[2026-04-09T06:39:09.485+0000] {processor.py:186} INFO - Started process (PID=257) to work on /opt/airflow/dags/kafka_load.py
[2026-04-09T06:39:09.488+0000] {processor.py:914} INFO - Processing file /opt/airflow/dags/kafka_load.py for tasks to queue
[2026-04-09T06:39:09.491+0000] {logging_mixin.py:190} INFO - [2026-04-09T06:39:09.490+0000] {dagbag.py:588} INFO - Filling up the DagBag from /opt/airflow/dags/kafka_load.py
[2026-04-09T06:39:09.523+0000] {processor.py:925} INFO - DAG(s) 'kafka_producer' retrieved from /opt/airflow/dags/kafka_load.py
[2026-04-09T06:39:09.553+0000] {logging_mixin.py:190} INFO - [2026-04-09T06:39:09.552+0000] {dag.py:3239} INFO - Sync 1 DAGs
[2026-04-09T06:39:09.591+0000] {logging_mixin.py:190} INFO - [2026-04-09T06:39:09.590+0000] {dag.py:4180} INFO - Setting next_dagrun for kafka_producer to 2026-04-08 18:30:00+00:00, run_after=2026-04-09 18:30:00+00:00
[2026-04-09T06:39:09.630+0000] {processor.py:208} INFO - Processing /opt/airflow/dags/kafka_load.py took 0.155 seconds
[2026-04-09T06:39:40.075+0000] {processor.py:186} INFO - Started process (PID=259) to work on /opt/airflow/dags/kafka_load.py
[2026-04-09T06:39:40.076+0000] {processor.py:914} INFO - Processing file /opt/airflow/dags/kafka_load.py for tasks to queue
[2026-04-09T06:39:40.078+0000] {logging_mixin.py:190} INFO - [2026-04-09T06:39:40.077+0000] {dagbag.py:588} INFO - Filling up the DagBag from /opt/airflow/dags/kafka_load.py
[2026-04-09T06:39:40.108+0000] {processor.py:925} INFO - DAG(s) 'kafka_producer' retrieved from /opt/airflow/dags/kafka_load.py
[2026-04-09T06:39:40.134+0000] {logging_mixin.py:190} INFO - [2026-04-09T06:39:40.133+0000] {dag.py:3239} INFO - Sync 1 DAGs
[2026-04-09T06:39:40.168+0000] {logging_mixin.py:190} INFO - [2026-04-09T06:39:40.167+0000] {dag.py:4180} INFO - Setting next_dagrun for kafka_producer to 2026-04-08 18:30:00+00:00, run_after=2026-04-09 18:30:00+00:00
[2026-04-09T06:39:40.198+0000] {processor.py:208} INFO - Processing /opt/airflow/dags/kafka_load.py took 0.131 seconds
[2026-04-09T06:39:56.244+0000] {processor.py:186} INFO - Started process (PID=260) to work on /opt/airflow/dags/kafka_load.py
[2026-04-09T06:39:56.246+0000] {processor.py:914} INFO - Processing file /opt/airflow/dags/kafka_load.py for tasks to queue
[2026-04-09T06:39:56.248+0000] {logging_mixin.py:190} INFO - [2026-04-09T06:39:56.248+0000] {dagbag.py:588} INFO - Filling up the DagBag from /opt/airflow/dags/kafka_load.py
[2026-04-09T06:39:56.288+0000] {processor.py:925} INFO - DAG(s) 'kafka_producer' retrieved from /opt/airflow/dags/kafka_load.py
[2026-04-09T06:39:56.445+0000] {logging_mixin.py:190} INFO - [2026-04-09T06:39:56.445+0000] {dag.py:3239} INFO - Sync 1 DAGs
[2026-04-09T06:39:56.983+0000] {logging_mixin.py:190} INFO - [2026-04-09T06:39:56.983+0000] {dag.py:4180} INFO - Setting next_dagrun for kafka_producer to 2026-04-08 18:30:00+00:00, run_after=2026-04-09 18:30:00+00:00
[2026-04-09T06:39:57.106+0000] {processor.py:208} INFO - Processing /opt/airflow/dags/kafka_load.py took 0.871 seconds
[2026-04-09T06:40:27.839+0000] {processor.py:186} INFO - Started process (PID=262) to work on /opt/airflow/dags/kafka_load.py
[2026-04-09T06:40:27.840+0000] {processor.py:914} INFO - Processing file /opt/airflow/dags/kafka_load.py for tasks to queue
[2026-04-09T06:40:27.842+0000] {logging_mixin.py:190} INFO - [2026-04-09T06:40:27.842+0000] {dagbag.py:588} INFO - Filling up the DagBag from /opt/airflow/dags/kafka_load.py
[2026-04-09T06:40:27.881+0000] {processor.py:925} INFO - DAG(s) 'kafka_producer' retrieved from /opt/airflow/dags/kafka_load.py
[2026-04-09T06:40:27.909+0000] {logging_mixin.py:190} INFO - [2026-04-09T06:40:27.909+0000] {dag.py:3239} INFO - Sync 1 DAGs
[2026-04-09T06:40:27.942+0000] {logging_mixin.py:190} INFO - [2026-04-09T06:40:27.941+0000] {dag.py:4180} INFO - Setting next_dagrun for kafka_producer to 2026-04-07 18:30:00+00:00, run_after=2026-04-08 18:30:00+00:00
[2026-04-09T06:40:27.970+0000] {processor.py:208} INFO - Processing /opt/airflow/dags/kafka_load.py took 0.139 seconds
[2026-04-09T06:40:58.437+0000] {processor.py:186} INFO - Started process (PID=264) to work on /opt/airflow/dags/kafka_load.py
[2026-04-09T06:40:58.438+0000] {processor.py:914} INFO - Processing file /opt/airflow/dags/kafka_load.py for tasks to queue
[2026-04-09T06:40:58.440+0000] {logging_mixin.py:190} INFO - [2026-04-09T06:40:58.440+0000] {dagbag.py:588} INFO - Filling up the DagBag from /opt/airflow/dags/kafka_load.py
[2026-04-09T06:40:58.478+0000] {processor.py:925} INFO - DAG(s) 'kafka_producer' retrieved from /opt/airflow/dags/kafka_load.py
[2026-04-09T06:40:58.506+0000] {logging_mixin.py:190} INFO - [2026-04-09T06:40:58.506+0000] {dag.py:3239} INFO - Sync 1 DAGs
[2026-04-09T06:40:58.537+0000] {logging_mixin.py:190} INFO - [2026-04-09T06:40:58.537+0000] {dag.py:4180} INFO - Setting next_dagrun for kafka_producer to 2026-04-08 18:30:00+00:00, run_after=2026-04-09 18:30:00+00:00
[2026-04-09T06:40:58.566+0000] {processor.py:208} INFO - Processing /opt/airflow/dags/kafka_load.py took 0.137 seconds
[2026-04-09T06:41:28.764+0000] {processor.py:186} INFO - Started process (PID=266) to work on /opt/airflow/dags/kafka_load.py
[2026-04-09T06:41:28.766+0000] {processor.py:914} INFO - Processing file /opt/airflow/dags/kafka_load.py for tasks to queue
[2026-04-09T06:41:28.768+0000] {logging_mixin.py:190} INFO - [2026-04-09T06:41:28.767+0000] {dagbag.py:588} INFO - Filling up the DagBag from /opt/airflow/dags/kafka_load.py
[2026-04-09T06:41:28.808+0000] {processor.py:925} INFO - DAG(s) 'kafka_producer' retrieved from /opt/airflow/dags/kafka_load.py
[2026-04-09T06:41:28.838+0000] {logging_mixin.py:190} INFO - [2026-04-09T06:41:28.837+0000] {dag.py:3239} INFO - Sync 1 DAGs
[2026-04-09T06:41:28.867+0000] {logging_mixin.py:190} INFO - [2026-04-09T06:41:28.867+0000] {dag.py:4180} INFO - Setting next_dagrun for kafka_producer to 2026-04-08 18:30:00+00:00, run_after=2026-04-09 18:30:00+00:00
[2026-04-09T06:41:28.894+0000] {processor.py:208} INFO - Processing /opt/airflow/dags/kafka_load.py took 0.139 seconds
[2026-04-09T06:41:59.090+0000] {processor.py:186} INFO - Started process (PID=268) to work on /opt/airflow/dags/kafka_load.py
[2026-04-09T06:41:59.091+0000] {processor.py:914} INFO - Processing file /opt/airflow/dags/kafka_load.py for tasks to queue
[2026-04-09T06:41:59.093+0000] {logging_mixin.py:190} INFO - [2026-04-09T06:41:59.093+0000] {dagbag.py:588} INFO - Filling up the DagBag from /opt/airflow/dags/kafka_load.py
[2026-04-09T06:41:59.130+0000] {processor.py:925} INFO - DAG(s) 'kafka_producer' retrieved from /opt/airflow/dags/kafka_load.py
[2026-04-09T06:41:59.163+0000] {logging_mixin.py:190} INFO - [2026-04-09T06:41:59.162+0000] {dag.py:3239} INFO - Sync 1 DAGs
[2026-04-09T06:41:59.197+0000] {logging_mixin.py:190} INFO - [2026-04-09T06:41:59.197+0000] {dag.py:4180} INFO - Setting next_dagrun for kafka_producer to 2026-04-08 18:30:00+00:00, run_after=2026-04-09 18:30:00+00:00
[2026-04-09T06:41:59.225+0000] {processor.py:208} INFO - Processing /opt/airflow/dags/kafka_load.py took 0.144 seconds
[2026-04-09T06:42:29.669+0000] {processor.py:186} INFO - Started process (PID=270) to work on /opt/airflow/dags/kafka_load.py
[2026-04-09T06:42:29.671+0000] {processor.py:914} INFO - Processing file /opt/airflow/dags/kafka_load.py for tasks to queue
[2026-04-09T06:42:29.673+0000] {logging_mixin.py:190} INFO - [2026-04-09T06:42:29.672+0000] {dagbag.py:588} INFO - Filling up the DagBag from /opt/airflow/dags/kafka_load.py
[2026-04-09T06:42:29.717+0000] {processor.py:925} INFO - DAG(s) 'kafka_producer' retrieved from /opt/airflow/dags/kafka_load.py
[2026-04-09T06:42:29.745+0000] {logging_mixin.py:190} INFO - [2026-04-09T06:42:29.745+0000] {dag.py:3239} INFO - Sync 1 DAGs
[2026-04-09T06:42:29.780+0000] {logging_mixin.py:190} INFO - [2026-04-09T06:42:29.779+0000] {dag.py:4180} INFO - Setting next_dagrun for kafka_producer to 2026-04-08 18:30:00+00:00, run_after=2026-04-09 18:30:00+00:00
[2026-04-09T06:42:29.805+0000] {processor.py:208} INFO - Processing /opt/airflow/dags/kafka_load.py took 0.146 seconds
[2026-04-09T06:43:00.032+0000] {processor.py:186} INFO - Started process (PID=272) to work on /opt/airflow/dags/kafka_load.py
[2026-04-09T06:43:00.034+0000] {processor.py:914} INFO - Processing file /opt/airflow/dags/kafka_load.py for tasks to queue
[2026-04-09T06:43:00.036+0000] {logging_mixin.py:190} INFO - [2026-04-09T06:43:00.035+0000] {dagbag.py:588} INFO - Filling up the DagBag from /opt/airflow/dags/kafka_load.py
[2026-04-09T06:43:00.072+0000] {processor.py:925} INFO - DAG(s) 'kafka_producer' retrieved from /opt/airflow/dags/kafka_load.py
[2026-04-09T06:43:00.101+0000] {logging_mixin.py:190} INFO - [2026-04-09T06:43:00.101+0000] {dag.py:3239} INFO - Sync 1 DAGs
[2026-04-09T06:43:00.135+0000] {logging_mixin.py:190} INFO - [2026-04-09T06:43:00.135+0000] {dag.py:4180} INFO - Setting next_dagrun for kafka_producer to 2026-04-08 18:30:00+00:00, run_after=2026-04-09 18:30:00+00:00
[2026-04-09T06:43:00.160+0000] {processor.py:208} INFO - Processing /opt/airflow/dags/kafka_load.py took 0.136 seconds
[2026-04-09T06:43:30.523+0000] {processor.py:186} INFO - Started process (PID=274) to work on /opt/airflow/dags/kafka_load.py
[2026-04-09T06:43:30.524+0000] {processor.py:914} INFO - Processing file /opt/airflow/dags/kafka_load.py for tasks to queue
[2026-04-09T06:43:30.526+0000] {logging_mixin.py:190} INFO - [2026-04-09T06:43:30.526+0000] {dagbag.py:588} INFO - Filling up the DagBag from /opt/airflow/dags/kafka_load.py
[2026-04-09T06:43:30.563+0000] {processor.py:925} INFO - DAG(s) 'kafka_producer' retrieved from /opt/airflow/dags/kafka_load.py
[2026-04-09T06:43:30.591+0000] {logging_mixin.py:190} INFO - [2026-04-09T06:43:30.590+0000] {dag.py:3239} INFO - Sync 1 DAGs
[2026-04-09T06:43:30.627+0000] {logging_mixin.py:190} INFO - [2026-04-09T06:43:30.626+0000] {dag.py:4180} INFO - Setting next_dagrun for kafka_producer to 2026-04-08 18:30:00+00:00, run_after=2026-04-09 18:30:00+00:00
[2026-04-09T06:43:30.652+0000] {processor.py:208} INFO - Processing /opt/airflow/dags/kafka_load.py took 0.138 seconds
[2026-04-09T06:44:01.020+0000] {processor.py:186} INFO - Started process (PID=276) to work on /opt/airflow/dags/kafka_load.py
[2026-04-09T06:44:01.021+0000] {processor.py:914} INFO - Processing file /opt/airflow/dags/kafka_load.py for tasks to queue
[2026-04-09T06:44:01.024+0000] {logging_mixin.py:190} INFO - [2026-04-09T06:44:01.023+0000] {dagbag.py:588} INFO - Filling up the DagBag from /opt/airflow/dags/kafka_load.py
[2026-04-09T06:44:01.061+0000] {processor.py:925} INFO - DAG(s) 'kafka_producer' retrieved from /opt/airflow/dags/kafka_load.py
[2026-04-09T06:44:01.090+0000] {logging_mixin.py:190} INFO - [2026-04-09T06:44:01.090+0000] {dag.py:3239} INFO - Sync 1 DAGs
[2026-04-09T06:44:01.127+0000] {logging_mixin.py:190} INFO - [2026-04-09T06:44:01.127+0000] {dag.py:4180} INFO - Setting next_dagrun for kafka_producer to 2026-04-08 18:30:00+00:00, run_after=2026-04-09 18:30:00+00:00
[2026-04-09T06:44:01.153+0000] {processor.py:208} INFO - Processing /opt/airflow/dags/kafka_load.py took 0.142 seconds
[2026-04-09T06:44:31.537+0000] {processor.py:186} INFO - Started process (PID=278) to work on /opt/airflow/dags/kafka_load.py
[2026-04-09T06:44:31.539+0000] {processor.py:914} INFO - Processing file /opt/airflow/dags/kafka_load.py for tasks to queue
[2026-04-09T06:44:31.542+0000] {logging_mixin.py:190} INFO - [2026-04-09T06:44:31.541+0000] {dagbag.py:588} INFO - Filling up the DagBag from /opt/airflow/dags/kafka_load.py
[2026-04-09T06:44:31.580+0000] {processor.py:925} INFO - DAG(s) 'kafka_producer' retrieved from /opt/airflow/dags/kafka_load.py
[2026-04-09T06:44:31.609+0000] {logging_mixin.py:190} INFO - [2026-04-09T06:44:31.608+0000] {dag.py:3239} INFO - Sync 1 DAGs
[2026-04-09T06:44:31.645+0000] {logging_mixin.py:190} INFO - [2026-04-09T06:44:31.644+0000] {dag.py:4180} INFO - Setting next_dagrun for kafka_producer to 2026-04-08 18:30:00+00:00, run_after=2026-04-09 18:30:00+00:00
[2026-04-09T06:44:31.677+0000] {processor.py:208} INFO - Processing /opt/airflow/dags/kafka_load.py took 0.151 seconds
[2026-04-09T06:45:02.127+0000] {processor.py:186} INFO - Started process (PID=280) to work on /opt/airflow/dags/kafka_load.py
[2026-04-09T06:45:02.129+0000] {processor.py:914} INFO - Processing file /opt/airflow/dags/kafka_load.py for tasks to queue
[2026-04-09T06:45:02.131+0000] {logging_mixin.py:190} INFO - [2026-04-09T06:45:02.130+0000] {dagbag.py:588} INFO - Filling up the DagBag from /opt/airflow/dags/kafka_load.py
[2026-04-09T06:45:02.170+0000] {processor.py:925} INFO - DAG(s) 'kafka_producer' retrieved from /opt/airflow/dags/kafka_load.py
[2026-04-09T06:45:02.197+0000] {logging_mixin.py:190} INFO - [2026-04-09T06:45:02.197+0000] {dag.py:3239} INFO - Sync 1 DAGs
[2026-04-09T06:45:02.259+0000] {logging_mixin.py:190} INFO - [2026-04-09T06:45:02.259+0000] {dag.py:4180} INFO - Setting next_dagrun for kafka_producer to 2026-04-08 18:30:00+00:00, run_after=2026-04-09 18:30:00+00:00
[2026-04-09T06:45:02.702+0000] {processor.py:208} INFO - Processing /opt/airflow/dags/kafka_load.py took 0.583 seconds
[2026-04-09T06:45:33.573+0000] {processor.py:186} INFO - Started process (PID=282) to work on /opt/airflow/dags/kafka_load.py
[2026-04-09T06:45:33.575+0000] {processor.py:914} INFO - Processing file /opt/airflow/dags/kafka_load.py for tasks to queue
[2026-04-09T06:45:33.577+0000] {logging_mixin.py:190} INFO - [2026-04-09T06:45:33.577+0000] {dagbag.py:588} INFO - Filling up the DagBag from /opt/airflow/dags/kafka_load.py
[2026-04-09T06:45:33.627+0000] {processor.py:925} INFO - DAG(s) 'kafka_producer' retrieved from /opt/airflow/dags/kafka_load.py
[2026-04-09T06:45:33.661+0000] {logging_mixin.py:190} INFO - [2026-04-09T06:45:33.660+0000] {dag.py:3239} INFO - Sync 1 DAGs
[2026-04-09T06:45:33.696+0000] {logging_mixin.py:190} INFO - [2026-04-09T06:45:33.696+0000] {dag.py:4180} INFO - Setting next_dagrun for kafka_producer to 2026-04-08 18:30:00+00:00, run_after=2026-04-09 18:30:00+00:00
[2026-04-09T06:45:33.721+0000] {processor.py:208} INFO - Processing /opt/airflow/dags/kafka_load.py took 0.160 seconds
[2026-04-09T06:46:04.165+0000] {processor.py:186} INFO - Started process (PID=284) to work on /opt/airflow/dags/kafka_load.py
[2026-04-09T06:46:04.168+0000] {processor.py:914} INFO - Processing file /opt/airflow/dags/kafka_load.py for tasks to queue
[2026-04-09T06:46:04.173+0000] {logging_mixin.py:190} INFO - [2026-04-09T06:46:04.172+0000] {dagbag.py:588} INFO - Filling up the DagBag from /opt/airflow/dags/kafka_load.py
[2026-04-09T06:46:04.258+0000] {processor.py:925} INFO - DAG(s) 'kafka_producer' retrieved from /opt/airflow/dags/kafka_load.py
[2026-04-09T06:46:04.313+0000] {logging_mixin.py:190} INFO - [2026-04-09T06:46:04.312+0000] {dag.py:3239} INFO - Sync 1 DAGs
[2026-04-09T06:46:04.358+0000] {logging_mixin.py:190} INFO - [2026-04-09T06:46:04.357+0000] {dag.py:4180} INFO - Setting next_dagrun for kafka_producer to 2026-04-08 18:30:00+00:00, run_after=2026-04-09 18:30:00+00:00
[2026-04-09T06:46:04.402+0000] {processor.py:208} INFO - Processing /opt/airflow/dags/kafka_load.py took 0.253 seconds
[2026-04-09T06:46:34.668+0000] {processor.py:186} INFO - Started process (PID=286) to work on /opt/airflow/dags/kafka_load.py
[2026-04-09T06:46:34.670+0000] {processor.py:914} INFO - Processing file /opt/airflow/dags/kafka_load.py for tasks to queue
[2026-04-09T06:46:34.673+0000] {logging_mixin.py:190} INFO - [2026-04-09T06:46:34.672+0000] {dagbag.py:588} INFO - Filling up the DagBag from /opt/airflow/dags/kafka_load.py
[2026-04-09T06:46:34.704+0000] {processor.py:925} INFO - DAG(s) 'kafka_producer' retrieved from /opt/airflow/dags/kafka_load.py
[2026-04-09T06:46:34.728+0000] {logging_mixin.py:190} INFO - [2026-04-09T06:46:34.728+0000] {dag.py:3239} INFO - Sync 1 DAGs
[2026-04-09T06:46:34.759+0000] {logging_mixin.py:190} INFO - [2026-04-09T06:46:34.759+0000] {dag.py:4180} INFO - Setting next_dagrun for kafka_producer to 2026-04-08 18:30:00+00:00, run_after=2026-04-09 18:30:00+00:00
[2026-04-09T06:46:34.783+0000] {processor.py:208} INFO - Processing /opt/airflow/dags/kafka_load.py took 0.126 seconds
[2026-04-09T06:47:05.132+0000] {processor.py:186} INFO - Started process (PID=288) to work on /opt/airflow/dags/kafka_load.py
[2026-04-09T06:47:05.133+0000] {processor.py:914} INFO - Processing file /opt/airflow/dags/kafka_load.py for tasks to queue
[2026-04-09T06:47:05.135+0000] {logging_mixin.py:190} INFO - [2026-04-09T06:47:05.134+0000] {dagbag.py:588} INFO - Filling up the DagBag from /opt/airflow/dags/kafka_load.py
[2026-04-09T06:47:05.181+0000] {processor.py:925} INFO - DAG(s) 'kafka_producer' retrieved from /opt/airflow/dags/kafka_load.py
[2026-04-09T06:47:05.209+0000] {logging_mixin.py:190} INFO - [2026-04-09T06:47:05.209+0000] {dag.py:3239} INFO - Sync 1 DAGs
[2026-04-09T06:47:05.243+0000] {logging_mixin.py:190} INFO - [2026-04-09T06:47:05.242+0000] {dag.py:4180} INFO - Setting next_dagrun for kafka_producer to 2026-04-08 18:30:00+00:00, run_after=2026-04-09 18:30:00+00:00
[2026-04-09T06:47:05.270+0000] {processor.py:208} INFO - Processing /opt/airflow/dags/kafka_load.py took 0.147 seconds
[2026-04-09T06:47:35.677+0000] {processor.py:186} INFO - Started process (PID=290) to work on /opt/airflow/dags/kafka_load.py
[2026-04-09T06:47:35.678+0000] {processor.py:914} INFO - Processing file /opt/airflow/dags/kafka_load.py for tasks to queue
[2026-04-09T06:47:35.680+0000] {logging_mixin.py:190} INFO - [2026-04-09T06:47:35.680+0000] {dagbag.py:588} INFO - Filling up the DagBag from /opt/airflow/dags/kafka_load.py
[2026-04-09T06:47:35.714+0000] {processor.py:925} INFO - DAG(s) 'kafka_producer' retrieved from /opt/airflow/dags/kafka_load.py
[2026-04-09T06:47:35.744+0000] {logging_mixin.py:190} INFO - [2026-04-09T06:47:35.744+0000] {dag.py:3239} INFO - Sync 1 DAGs
[2026-04-09T06:47:35.811+0000] {logging_mixin.py:190} INFO - [2026-04-09T06:47:35.811+0000] {dag.py:4180} INFO - Setting next_dagrun for kafka_producer to 2026-04-08 18:30:00+00:00, run_after=2026-04-09 18:30:00+00:00
[2026-04-09T06:47:35.836+0000] {processor.py:208} INFO - Processing /opt/airflow/dags/kafka_load.py took 0.167 seconds
[2026-04-09T06:48:06.121+0000] {processor.py:186} INFO - Started process (PID=292) to work on /opt/airflow/dags/kafka_load.py
[2026-04-09T06:48:06.123+0000] {processor.py:914} INFO - Processing file /opt/airflow/dags/kafka_load.py for tasks to queue
[2026-04-09T06:48:06.124+0000] {logging_mixin.py:190} INFO - [2026-04-09T06:48:06.124+0000] {dagbag.py:588} INFO - Filling up the DagBag from /opt/airflow/dags/kafka_load.py
[2026-04-09T06:48:06.155+0000] {processor.py:925} INFO - DAG(s) 'kafka_producer' retrieved from /opt/airflow/dags/kafka_load.py
[2026-04-09T06:48:06.183+0000] {logging_mixin.py:190} INFO - [2026-04-09T06:48:06.183+0000] {dag.py:3239} INFO - Sync 1 DAGs
[2026-04-09T06:48:06.223+0000] {logging_mixin.py:190} INFO - [2026-04-09T06:48:06.222+0000] {dag.py:4180} INFO - Setting next_dagrun for kafka_producer to 2026-04-08 18:30:00+00:00, run_after=2026-04-09 18:30:00+00:00
[2026-04-09T06:48:06.251+0000] {processor.py:208} INFO - Processing /opt/airflow/dags/kafka_load.py took 0.147 seconds
[2026-04-09T06:48:37.031+0000] {processor.py:186} INFO - Started process (PID=294) to work on /opt/airflow/dags/kafka_load.py
[2026-04-09T06:48:37.033+0000] {processor.py:914} INFO - Processing file /opt/airflow/dags/kafka_load.py for tasks to queue
[2026-04-09T06:48:37.036+0000] {logging_mixin.py:190} INFO - [2026-04-09T06:48:37.035+0000] {dagbag.py:588} INFO - Filling up the DagBag from /opt/airflow/dags/kafka_load.py
[2026-04-09T06:48:37.070+0000] {processor.py:925} INFO - DAG(s) 'kafka_producer' retrieved from /opt/airflow/dags/kafka_load.py
[2026-04-09T06:48:37.095+0000] {logging_mixin.py:190} INFO - [2026-04-09T06:48:37.095+0000] {dag.py:3239} INFO - Sync 1 DAGs
[2026-04-09T06:48:37.128+0000] {logging_mixin.py:190} INFO - [2026-04-09T06:48:37.127+0000] {dag.py:4180} INFO - Setting next_dagrun for kafka_producer to 2026-04-08 18:30:00+00:00, run_after=2026-04-09 18:30:00+00:00
[2026-04-09T06:48:37.154+0000] {processor.py:208} INFO - Processing /opt/airflow/dags/kafka_load.py took 0.131 seconds
[2026-04-09T06:49:07.529+0000] {processor.py:186} INFO - Started process (PID=296) to work on /opt/airflow/dags/kafka_load.py
[2026-04-09T06:49:07.531+0000] {processor.py:914} INFO - Processing file /opt/airflow/dags/kafka_load.py for tasks to queue
[2026-04-09T06:49:07.533+0000] {logging_mixin.py:190} INFO - [2026-04-09T06:49:07.532+0000] {dagbag.py:588} INFO - Filling up the DagBag from /opt/airflow/dags/kafka_load.py
[2026-04-09T06:49:07.574+0000] {processor.py:925} INFO - DAG(s) 'kafka_producer' retrieved from /opt/airflow/dags/kafka_load.py
[2026-04-09T06:49:07.612+0000] {logging_mixin.py:190} INFO - [2026-04-09T06:49:07.612+0000] {dag.py:3239} INFO - Sync 1 DAGs
[2026-04-09T06:49:07.655+0000] {logging_mixin.py:190} INFO - [2026-04-09T06:49:07.655+0000] {dag.py:4180} INFO - Setting next_dagrun for kafka_producer to 2026-04-08 18:30:00+00:00, run_after=2026-04-09 18:30:00+00:00
[2026-04-09T06:49:07.697+0000] {processor.py:208} INFO - Processing /opt/airflow/dags/kafka_load.py took 0.178 seconds
[2026-04-09T06:49:37.951+0000] {processor.py:186} INFO - Started process (PID=298) to work on /opt/airflow/dags/kafka_load.py
[2026-04-09T06:49:37.952+0000] {processor.py:914} INFO - Processing file /opt/airflow/dags/kafka_load.py for tasks to queue
[2026-04-09T06:49:37.954+0000] {logging_mixin.py:190} INFO - [2026-04-09T06:49:37.954+0000] {dagbag.py:588} INFO - Filling up the DagBag from /opt/airflow/dags/kafka_load.py
[2026-04-09T06:49:37.989+0000] {processor.py:925} INFO - DAG(s) 'kafka_producer' retrieved from /opt/airflow/dags/kafka_load.py
[2026-04-09T06:49:38.016+0000] {logging_mixin.py:190} INFO - [2026-04-09T06:49:38.015+0000] {dag.py:3239} INFO - Sync 1 DAGs
[2026-04-09T06:49:38.063+0000] {logging_mixin.py:190} INFO - [2026-04-09T06:49:38.062+0000] {dag.py:4180} INFO - Setting next_dagrun for kafka_producer to 2026-04-08 18:30:00+00:00, run_after=2026-04-09 18:30:00+00:00
[2026-04-09T06:49:38.277+0000] {processor.py:208} INFO - Processing /opt/airflow/dags/kafka_load.py took 0.335 seconds
[2026-04-09T06:50:08.686+0000] {processor.py:186} INFO - Started process (PID=300) to work on /opt/airflow/dags/kafka_load.py
[2026-04-09T06:50:08.690+0000] {processor.py:914} INFO - Processing file /opt/airflow/dags/kafka_load.py for tasks to queue
[2026-04-09T06:50:08.693+0000] {logging_mixin.py:190} INFO - [2026-04-09T06:50:08.692+0000] {dagbag.py:588} INFO - Filling up the DagBag from /opt/airflow/dags/kafka_load.py
[2026-04-09T06:50:08.743+0000] {processor.py:925} INFO - DAG(s) 'kafka_producer' retrieved from /opt/airflow/dags/kafka_load.py
[2026-04-09T06:50:08.774+0000] {logging_mixin.py:190} INFO - [2026-04-09T06:50:08.773+0000] {dag.py:3239} INFO - Sync 1 DAGs
[2026-04-09T06:50:08.809+0000] {logging_mixin.py:190} INFO - [2026-04-09T06:50:08.808+0000] {dag.py:4180} INFO - Setting next_dagrun for kafka_producer to 2026-04-08 18:30:00+00:00, run_after=2026-04-09 18:30:00+00:00
[2026-04-09T06:50:08.832+0000] {processor.py:208} INFO - Processing /opt/airflow/dags/kafka_load.py took 0.154 seconds
[2026-04-09T06:50:39.398+0000] {processor.py:186} INFO - Started process (PID=302) to work on /opt/airflow/dags/kafka_load.py
[2026-04-09T06:50:39.403+0000] {processor.py:914} INFO - Processing file /opt/airflow/dags/kafka_load.py for tasks to queue
[2026-04-09T06:50:39.405+0000] {logging_mixin.py:190} INFO - [2026-04-09T06:50:39.404+0000] {dagbag.py:588} INFO - Filling up the DagBag from /opt/airflow/dags/kafka_load.py
[2026-04-09T06:50:39.439+0000] {processor.py:925} INFO - DAG(s) 'kafka_producer' retrieved from /opt/airflow/dags/kafka_load.py
[2026-04-09T06:50:39.465+0000] {logging_mixin.py:190} INFO - [2026-04-09T06:50:39.464+0000] {dag.py:3239} INFO - Sync 1 DAGs
[2026-04-09T06:50:39.499+0000] {logging_mixin.py:190} INFO - [2026-04-09T06:50:39.499+0000] {dag.py:4180} INFO - Setting next_dagrun for kafka_producer to 2026-04-08 18:30:00+00:00, run_after=2026-04-09 18:30:00+00:00
[2026-04-09T06:50:39.523+0000] {processor.py:208} INFO - Processing /opt/airflow/dags/kafka_load.py took 0.134 seconds
[2026-04-09T06:51:09.900+0000] {processor.py:186} INFO - Started process (PID=304) to work on /opt/airflow/dags/kafka_load.py
[2026-04-09T06:51:09.902+0000] {processor.py:914} INFO - Processing file /opt/airflow/dags/kafka_load.py for tasks to queue
[2026-04-09T06:51:09.905+0000] {logging_mixin.py:190} INFO - [2026-04-09T06:51:09.904+0000] {dagbag.py:588} INFO - Filling up the DagBag from /opt/airflow/dags/kafka_load.py
[2026-04-09T06:51:09.949+0000] {processor.py:925} INFO - DAG(s) 'kafka_producer' retrieved from /opt/airflow/dags/kafka_load.py
[2026-04-09T06:51:10.000+0000] {logging_mixin.py:190} INFO - [2026-04-09T06:51:10.000+0000] {dag.py:3239} INFO - Sync 1 DAGs
[2026-04-09T06:51:10.037+0000] {logging_mixin.py:190} INFO - [2026-04-09T06:51:10.037+0000] {dag.py:4180} INFO - Setting next_dagrun for kafka_producer to 2026-04-08 18:30:00+00:00, run_after=2026-04-09 18:30:00+00:00
[2026-04-09T06:51:10.062+0000] {processor.py:208} INFO - Processing /opt/airflow/dags/kafka_load.py took 0.171 seconds
[2026-04-09T06:51:40.215+0000] {processor.py:186} INFO - Started process (PID=307) to work on /opt/airflow/dags/kafka_load.py
[2026-04-09T06:51:40.217+0000] {processor.py:914} INFO - Processing file /opt/airflow/dags/kafka_load.py for tasks to queue
[2026-04-09T06:51:40.219+0000] {logging_mixin.py:190} INFO - [2026-04-09T06:51:40.219+0000] {dagbag.py:588} INFO - Filling up the DagBag from /opt/airflow/dags/kafka_load.py
[2026-04-09T06:51:40.248+0000] {processor.py:925} INFO - DAG(s) 'kafka_producer' retrieved from /opt/airflow/dags/kafka_load.py
[2026-04-09T06:51:40.277+0000] {logging_mixin.py:190} INFO - [2026-04-09T06:51:40.276+0000] {dag.py:3239} INFO - Sync 1 DAGs
[2026-04-09T06:51:40.312+0000] {logging_mixin.py:190} INFO - [2026-04-09T06:51:40.312+0000] {dag.py:4180} INFO - Setting next_dagrun for kafka_producer to 2026-04-08 18:30:00+00:00, run_after=2026-04-09 18:30:00+00:00
[2026-04-09T06:51:40.335+0000] {processor.py:208} INFO - Processing /opt/airflow/dags/kafka_load.py took 0.129 seconds
[2026-04-09T06:52:10.938+0000] {processor.py:186} INFO - Started process (PID=310) to work on /opt/airflow/dags/kafka_load.py
[2026-04-09T06:52:10.939+0000] {processor.py:914} INFO - Processing file /opt/airflow/dags/kafka_load.py for tasks to queue
[2026-04-09T06:52:10.941+0000] {logging_mixin.py:190} INFO - [2026-04-09T06:52:10.941+0000] {dagbag.py:588} INFO - Filling up the DagBag from /opt/airflow/dags/kafka_load.py
[2026-04-09T06:52:10.998+0000] {processor.py:925} INFO - DAG(s) 'kafka_producer' retrieved from /opt/airflow/dags/kafka_load.py
[2026-04-09T06:52:11.027+0000] {logging_mixin.py:190} INFO - [2026-04-09T06:52:11.027+0000] {dag.py:3239} INFO - Sync 1 DAGs
[2026-04-09T06:52:11.058+0000] {logging_mixin.py:190} INFO - [2026-04-09T06:52:11.058+0000] {dag.py:4180} INFO - Setting next_dagrun for kafka_producer to 2026-04-08 18:30:00+00:00, run_after=2026-04-09 18:30:00+00:00
[2026-04-09T06:52:11.085+0000] {processor.py:208} INFO - Processing /opt/airflow/dags/kafka_load.py took 0.155 seconds
[2026-04-09T06:52:20.338+0000] {processor.py:186} INFO - Started process (PID=313) to work on /opt/airflow/dags/kafka_load.py
[2026-04-09T06:52:20.339+0000] {processor.py:914} INFO - Processing file /opt/airflow/dags/kafka_load.py for tasks to queue
[2026-04-09T06:52:20.341+0000] {logging_mixin.py:190} INFO - [2026-04-09T06:52:20.340+0000] {dagbag.py:588} INFO - Filling up the DagBag from /opt/airflow/dags/kafka_load.py
[2026-04-09T06:52:20.382+0000] {processor.py:925} INFO - DAG(s) 'kafka_producer' retrieved from /opt/airflow/dags/kafka_load.py
[2026-04-09T06:52:20.533+0000] {logging_mixin.py:190} INFO - [2026-04-09T06:52:20.532+0000] {dag.py:3239} INFO - Sync 1 DAGs
[2026-04-09T06:52:20.562+0000] {logging_mixin.py:190} INFO - [2026-04-09T06:52:20.561+0000] {dag.py:4180} INFO - Setting next_dagrun for kafka_producer to 2026-04-08 18:30:00+00:00, run_after=2026-04-09 18:30:00+00:00
[2026-04-09T06:52:20.601+0000] {processor.py:208} INFO - Processing /opt/airflow/dags/kafka_load.py took 0.272 seconds
[2026-04-09T06:52:50.861+0000] {processor.py:186} INFO - Started process (PID=316) to work on /opt/airflow/dags/kafka_load.py
[2026-04-09T06:52:50.862+0000] {processor.py:914} INFO - Processing file /opt/airflow/dags/kafka_load.py for tasks to queue
[2026-04-09T06:52:50.864+0000] {logging_mixin.py:190} INFO - [2026-04-09T06:52:50.864+0000] {dagbag.py:588} INFO - Filling up the DagBag from /opt/airflow/dags/kafka_load.py
[2026-04-09T06:52:50.908+0000] {processor.py:925} INFO - DAG(s) 'kafka_producer' retrieved from /opt/airflow/dags/kafka_load.py
[2026-04-09T06:52:50.946+0000] {logging_mixin.py:190} INFO - [2026-04-09T06:52:50.946+0000] {dag.py:3239} INFO - Sync 1 DAGs
[2026-04-09T06:52:50.995+0000] {logging_mixin.py:190} INFO - [2026-04-09T06:52:50.995+0000] {dag.py:4180} INFO - Setting next_dagrun for kafka_producer to 2026-04-08 18:30:00+00:00, run_after=2026-04-09 18:30:00+00:00
[2026-04-09T06:52:51.073+0000] {processor.py:208} INFO - Processing /opt/airflow/dags/kafka_load.py took 0.222 seconds
[2026-04-09T06:53:21.386+0000] {processor.py:186} INFO - Started process (PID=319) to work on /opt/airflow/dags/kafka_load.py
[2026-04-09T06:53:21.388+0000] {processor.py:914} INFO - Processing file /opt/airflow/dags/kafka_load.py for tasks to queue
[2026-04-09T06:53:21.390+0000] {logging_mixin.py:190} INFO - [2026-04-09T06:53:21.390+0000] {dagbag.py:588} INFO - Filling up the DagBag from /opt/airflow/dags/kafka_load.py
[2026-04-09T06:53:21.435+0000] {processor.py:925} INFO - DAG(s) 'kafka_producer' retrieved from /opt/airflow/dags/kafka_load.py
[2026-04-09T06:53:21.466+0000] {logging_mixin.py:190} INFO - [2026-04-09T06:53:21.465+0000] {dag.py:3239} INFO - Sync 1 DAGs
[2026-04-09T06:53:21.499+0000] {logging_mixin.py:190} INFO - [2026-04-09T06:53:21.499+0000] {dag.py:4180} INFO - Setting next_dagrun for kafka_producer to 2026-04-08 18:30:00+00:00, run_after=2026-04-09 18:30:00+00:00
[2026-04-09T06:53:21.532+0000] {processor.py:208} INFO - Processing /opt/airflow/dags/kafka_load.py took 0.158 seconds
[2026-04-09T06:53:52.332+0000] {processor.py:186} INFO - Started process (PID=322) to work on /opt/airflow/dags/kafka_load.py
[2026-04-09T06:53:52.333+0000] {processor.py:914} INFO - Processing file /opt/airflow/dags/kafka_load.py for tasks to queue
[2026-04-09T06:53:52.335+0000] {logging_mixin.py:190} INFO - [2026-04-09T06:53:52.334+0000] {dagbag.py:588} INFO - Filling up the DagBag from /opt/airflow/dags/kafka_load.py
[2026-04-09T06:53:52.376+0000] {processor.py:925} INFO - DAG(s) 'kafka_producer' retrieved from /opt/airflow/dags/kafka_load.py
[2026-04-09T06:53:52.405+0000] {logging_mixin.py:190} INFO - [2026-04-09T06:53:52.404+0000] {dag.py:3239} INFO - Sync 1 DAGs
[2026-04-09T06:53:52.439+0000] {logging_mixin.py:190} INFO - [2026-04-09T06:53:52.438+0000] {dag.py:4180} INFO - Setting next_dagrun for kafka_producer to 2026-04-08 18:30:00+00:00, run_after=2026-04-09 18:30:00+00:00
[2026-04-09T06:53:52.467+0000] {processor.py:208} INFO - Processing /opt/airflow/dags/kafka_load.py took 0.146 seconds
[2026-04-09T06:54:22.778+0000] {processor.py:186} INFO - Started process (PID=325) to work on /opt/airflow/dags/kafka_load.py
[2026-04-09T06:54:22.779+0000] {processor.py:914} INFO - Processing file /opt/airflow/dags/kafka_load.py for tasks to queue
[2026-04-09T06:54:22.783+0000] {logging_mixin.py:190} INFO - [2026-04-09T06:54:22.782+0000] {dagbag.py:588} INFO - Filling up the DagBag from /opt/airflow/dags/kafka_load.py
[2026-04-09T06:54:22.814+0000] {processor.py:925} INFO - DAG(s) 'kafka_producer' retrieved from /opt/airflow/dags/kafka_load.py
[2026-04-09T06:54:22.838+0000] {logging_mixin.py:190} INFO - [2026-04-09T06:54:22.838+0000] {dag.py:3239} INFO - Sync 1 DAGs
[2026-04-09T06:54:22.869+0000] {logging_mixin.py:190} INFO - [2026-04-09T06:54:22.868+0000] {dag.py:4180} INFO - Setting next_dagrun for kafka_producer to 2026-04-08 18:30:00+00:00, run_after=2026-04-09 18:30:00+00:00
[2026-04-09T06:54:22.902+0000] {processor.py:208} INFO - Processing /opt/airflow/dags/kafka_load.py took 0.133 seconds
[2026-04-09T06:54:34.255+0000] {processor.py:186} INFO - Started process (PID=327) to work on /opt/airflow/dags/kafka_load.py
[2026-04-09T06:54:34.257+0000] {processor.py:914} INFO - Processing file /opt/airflow/dags/kafka_load.py for tasks to queue
[2026-04-09T06:54:34.264+0000] {logging_mixin.py:190} INFO - [2026-04-09T06:54:34.263+0000] {dagbag.py:588} INFO - Filling up the DagBag from /opt/airflow/dags/kafka_load.py
[2026-04-09T06:54:34.397+0000] {processor.py:925} INFO - DAG(s) 'kafka_producer' retrieved from /opt/airflow/dags/kafka_load.py
[2026-04-09T06:54:34.487+0000] {logging_mixin.py:190} INFO - [2026-04-09T06:54:34.486+0000] {dag.py:3239} INFO - Sync 1 DAGs
[2026-04-09T06:54:34.719+0000] {logging_mixin.py:190} INFO - [2026-04-09T06:54:34.718+0000] {dag.py:4180} INFO - Setting next_dagrun for kafka_producer to 2026-04-08 18:30:00+00:00, run_after=2026-04-09 18:30:00+00:00
[2026-04-09T06:54:34.796+0000] {processor.py:208} INFO - Processing /opt/airflow/dags/kafka_load.py took 0.563 seconds
[2026-04-09T06:55:05.421+0000] {processor.py:186} INFO - Started process (PID=330) to work on /opt/airflow/dags/kafka_load.py
[2026-04-09T06:55:05.426+0000] {processor.py:914} INFO - Processing file /opt/airflow/dags/kafka_load.py for tasks to queue
[2026-04-09T06:55:05.433+0000] {logging_mixin.py:190} INFO - [2026-04-09T06:55:05.433+0000] {dagbag.py:588} INFO - Filling up the DagBag from /opt/airflow/dags/kafka_load.py
[2026-04-09T06:55:05.485+0000] {processor.py:925} INFO - DAG(s) 'kafka_producer' retrieved from /opt/airflow/dags/kafka_load.py
[2026-04-09T06:55:05.514+0000] {logging_mixin.py:190} INFO - [2026-04-09T06:55:05.513+0000] {dag.py:3239} INFO - Sync 1 DAGs
[2026-04-09T06:55:05.549+0000] {logging_mixin.py:190} INFO - [2026-04-09T06:55:05.549+0000] {dag.py:4180} INFO - Setting next_dagrun for kafka_producer to 2026-04-08 18:30:00+00:00, run_after=2026-04-09 18:30:00+00:00
[2026-04-09T06:55:05.574+0000] {processor.py:208} INFO - Processing /opt/airflow/dags/kafka_load.py took 0.161 seconds
[2026-04-09T06:55:29.097+0000] {processor.py:186} INFO - Started process (PID=333) to work on /opt/airflow/dags/kafka_load.py
[2026-04-09T06:55:29.099+0000] {processor.py:914} INFO - Processing file /opt/airflow/dags/kafka_load.py for tasks to queue
[2026-04-09T06:55:29.101+0000] {logging_mixin.py:190} INFO - [2026-04-09T06:55:29.100+0000] {dagbag.py:588} INFO - Filling up the DagBag from /opt/airflow/dags/kafka_load.py
[2026-04-09T06:55:29.155+0000] {processor.py:925} INFO - DAG(s) 'kafka_producer' retrieved from /opt/airflow/dags/kafka_load.py
[2026-04-09T06:55:29.205+0000] {logging_mixin.py:190} INFO - [2026-04-09T06:55:29.204+0000] {dag.py:3239} INFO - Sync 1 DAGs
[2026-04-09T06:55:29.274+0000] {logging_mixin.py:190} INFO - [2026-04-09T06:55:29.274+0000] {dag.py:4180} INFO - Setting next_dagrun for kafka_producer to 2026-04-08 18:30:00+00:00, run_after=2026-04-09 18:30:00+00:00
[2026-04-09T06:55:29.303+0000] {processor.py:208} INFO - Processing /opt/airflow/dags/kafka_load.py took 0.223 seconds
[2026-04-09T06:55:59.993+0000] {processor.py:186} INFO - Started process (PID=336) to work on /opt/airflow/dags/kafka_load.py
[2026-04-09T06:55:59.996+0000] {processor.py:914} INFO - Processing file /opt/airflow/dags/kafka_load.py for tasks to queue
[2026-04-09T06:55:59.998+0000] {logging_mixin.py:190} INFO - [2026-04-09T06:55:59.997+0000] {dagbag.py:588} INFO - Filling up the DagBag from /opt/airflow/dags/kafka_load.py
[2026-04-09T06:56:00.042+0000] {processor.py:925} INFO - DAG(s) 'kafka_producer' retrieved from /opt/airflow/dags/kafka_load.py
[2026-04-09T06:56:00.069+0000] {logging_mixin.py:190} INFO - [2026-04-09T06:56:00.069+0000] {dag.py:3239} INFO - Sync 1 DAGs
[2026-04-09T06:56:00.102+0000] {logging_mixin.py:190} INFO - [2026-04-09T06:56:00.102+0000] {dag.py:4180} INFO - Setting next_dagrun for kafka_producer to 2026-04-08 18:30:00+00:00, run_after=2026-04-09 18:30:00+00:00
[2026-04-09T06:56:00.126+0000] {processor.py:208} INFO - Processing /opt/airflow/dags/kafka_load.py took 0.141 seconds
[2026-04-09T06:56:30.720+0000] {processor.py:186} INFO - Started process (PID=339) to work on /opt/airflow/dags/kafka_load.py
[2026-04-09T06:56:30.724+0000] {processor.py:914} INFO - Processing file /opt/airflow/dags/kafka_load.py for tasks to queue
[2026-04-09T06:56:30.729+0000] {logging_mixin.py:190} INFO - [2026-04-09T06:56:30.727+0000] {dagbag.py:588} INFO - Filling up the DagBag from /opt/airflow/dags/kafka_load.py
[2026-04-09T06:56:30.771+0000] {processor.py:925} INFO - DAG(s) 'kafka_producer' retrieved from /opt/airflow/dags/kafka_load.py
[2026-04-09T06:56:30.805+0000] {logging_mixin.py:190} INFO - [2026-04-09T06:56:30.804+0000] {dag.py:3239} INFO - Sync 1 DAGs
[2026-04-09T06:56:30.884+0000] {logging_mixin.py:190} INFO - [2026-04-09T06:56:30.884+0000] {dag.py:4180} INFO - Setting next_dagrun for kafka_producer to 2026-04-07 18:30:00+00:00, run_after=2026-04-08 18:30:00+00:00
[2026-04-09T06:56:31.581+0000] {processor.py:208} INFO - Processing /opt/airflow/dags/kafka_load.py took 0.886 seconds
[2026-04-09T06:57:02.185+0000] {processor.py:186} INFO - Started process (PID=346) to work on /opt/airflow/dags/kafka_load.py
[2026-04-09T06:57:02.186+0000] {processor.py:914} INFO - Processing file /opt/airflow/dags/kafka_load.py for tasks to queue
[2026-04-09T06:57:02.188+0000] {logging_mixin.py:190} INFO - [2026-04-09T06:57:02.187+0000] {dagbag.py:588} INFO - Filling up the DagBag from /opt/airflow/dags/kafka_load.py
[2026-04-09T06:57:02.243+0000] {processor.py:925} INFO - DAG(s) 'kafka_producer' retrieved from /opt/airflow/dags/kafka_load.py
[2026-04-09T06:57:02.287+0000] {logging_mixin.py:190} INFO - [2026-04-09T06:57:02.287+0000] {dag.py:3239} INFO - Sync 1 DAGs
[2026-04-09T06:57:02.335+0000] {logging_mixin.py:190} INFO - [2026-04-09T06:57:02.334+0000] {dag.py:4180} INFO - Setting next_dagrun for kafka_producer to 2026-04-08 18:30:00+00:00, run_after=2026-04-09 18:30:00+00:00
[2026-04-09T06:57:02.366+0000] {processor.py:208} INFO - Processing /opt/airflow/dags/kafka_load.py took 0.192 seconds
[2026-04-09T06:57:33.091+0000] {processor.py:186} INFO - Started process (PID=349) to work on /opt/airflow/dags/kafka_load.py
[2026-04-09T06:57:33.093+0000] {processor.py:914} INFO - Processing file /opt/airflow/dags/kafka_load.py for tasks to queue
[2026-04-09T06:57:33.096+0000] {logging_mixin.py:190} INFO - [2026-04-09T06:57:33.095+0000] {dagbag.py:588} INFO - Filling up the DagBag from /opt/airflow/dags/kafka_load.py
[2026-04-09T06:57:33.132+0000] {processor.py:925} INFO - DAG(s) 'kafka_producer' retrieved from /opt/airflow/dags/kafka_load.py
[2026-04-09T06:57:33.169+0000] {logging_mixin.py:190} INFO - [2026-04-09T06:57:33.169+0000] {dag.py:3239} INFO - Sync 1 DAGs
[2026-04-09T06:57:33.207+0000] {logging_mixin.py:190} INFO - [2026-04-09T06:57:33.207+0000] {dag.py:4180} INFO - Setting next_dagrun for kafka_producer to 2026-04-08 18:30:00+00:00, run_after=2026-04-09 18:30:00+00:00
[2026-04-09T06:57:33.237+0000] {processor.py:208} INFO - Processing /opt/airflow/dags/kafka_load.py took 0.155 seconds
[2026-04-09T06:58:03.824+0000] {processor.py:186} INFO - Started process (PID=352) to work on /opt/airflow/dags/kafka_load.py
[2026-04-09T06:58:03.825+0000] {processor.py:914} INFO - Processing file /opt/airflow/dags/kafka_load.py for tasks to queue
[2026-04-09T06:58:03.827+0000] {logging_mixin.py:190} INFO - [2026-04-09T06:58:03.827+0000] {dagbag.py:588} INFO - Filling up the DagBag from /opt/airflow/dags/kafka_load.py
[2026-04-09T06:58:03.861+0000] {processor.py:925} INFO - DAG(s) 'kafka_producer' retrieved from /opt/airflow/dags/kafka_load.py
[2026-04-09T06:58:03.885+0000] {logging_mixin.py:190} INFO - [2026-04-09T06:58:03.885+0000] {dag.py:3239} INFO - Sync 1 DAGs
[2026-04-09T06:58:03.916+0000] {logging_mixin.py:190} INFO - [2026-04-09T06:58:03.916+0000] {dag.py:4180} INFO - Setting next_dagrun for kafka_producer to 2026-04-08 18:30:00+00:00, run_after=2026-04-09 18:30:00+00:00
[2026-04-09T06:58:03.943+0000] {processor.py:208} INFO - Processing /opt/airflow/dags/kafka_load.py took 0.127 seconds
[2026-04-09T06:58:34.538+0000] {processor.py:186} INFO - Started process (PID=355) to work on /opt/airflow/dags/kafka_load.py
[2026-04-09T06:58:34.539+0000] {processor.py:914} INFO - Processing file /opt/airflow/dags/kafka_load.py for tasks to queue
[2026-04-09T06:58:34.541+0000] {logging_mixin.py:190} INFO - [2026-04-09T06:58:34.541+0000] {dagbag.py:588} INFO - Filling up the DagBag from /opt/airflow/dags/kafka_load.py
[2026-04-09T06:58:34.584+0000] {processor.py:925} INFO - DAG(s) 'kafka_producer' retrieved from /opt/airflow/dags/kafka_load.py
[2026-04-09T06:58:34.614+0000] {logging_mixin.py:190} INFO - [2026-04-09T06:58:34.613+0000] {dag.py:3239} INFO - Sync 1 DAGs
[2026-04-09T06:58:34.659+0000] {logging_mixin.py:190} INFO - [2026-04-09T06:58:34.659+0000] {dag.py:4180} INFO - Setting next_dagrun for kafka_producer to 2026-04-08 18:30:00+00:00, run_after=2026-04-09 18:30:00+00:00
[2026-04-09T06:58:34.713+0000] {processor.py:208} INFO - Processing /opt/airflow/dags/kafka_load.py took 0.184 seconds
[2026-04-09T06:59:05.171+0000] {processor.py:186} INFO - Started process (PID=358) to work on /opt/airflow/dags/kafka_load.py
[2026-04-09T06:59:05.175+0000] {processor.py:914} INFO - Processing file /opt/airflow/dags/kafka_load.py for tasks to queue
[2026-04-09T06:59:05.180+0000] {logging_mixin.py:190} INFO - [2026-04-09T06:59:05.178+0000] {dagbag.py:588} INFO - Filling up the DagBag from /opt/airflow/dags/kafka_load.py
[2026-04-09T06:59:05.254+0000] {processor.py:925} INFO - DAG(s) 'kafka_producer' retrieved from /opt/airflow/dags/kafka_load.py
[2026-04-09T06:59:05.286+0000] {logging_mixin.py:190} INFO - [2026-04-09T06:59:05.285+0000] {dag.py:3239} INFO - Sync 1 DAGs
[2026-04-09T06:59:05.323+0000] {logging_mixin.py:190} INFO - [2026-04-09T06:59:05.322+0000] {dag.py:4180} INFO - Setting next_dagrun for kafka_producer to 2026-04-08 18:30:00+00:00, run_after=2026-04-09 18:30:00+00:00
[2026-04-09T06:59:05.343+0000] {processor.py:208} INFO - Processing /opt/airflow/dags/kafka_load.py took 0.194 seconds
[2026-04-09T06:59:35.767+0000] {processor.py:186} INFO - Started process (PID=361) to work on /opt/airflow/dags/kafka_load.py
[2026-04-09T06:59:35.768+0000] {processor.py:914} INFO - Processing file /opt/airflow/dags/kafka_load.py for tasks to queue
[2026-04-09T06:59:35.770+0000] {logging_mixin.py:190} INFO - [2026-04-09T06:59:35.770+0000] {dagbag.py:588} INFO - Filling up the DagBag from /opt/airflow/dags/kafka_load.py
[2026-04-09T06:59:35.806+0000] {processor.py:925} INFO - DAG(s) 'kafka_producer' retrieved from /opt/airflow/dags/kafka_load.py
[2026-04-09T06:59:35.834+0000] {logging_mixin.py:190} INFO - [2026-04-09T06:59:35.833+0000] {dag.py:3239} INFO - Sync 1 DAGs
[2026-04-09T06:59:35.868+0000] {logging_mixin.py:190} INFO - [2026-04-09T06:59:35.867+0000] {dag.py:4180} INFO - Setting next_dagrun for kafka_producer to 2026-04-08 18:30:00+00:00, run_after=2026-04-09 18:30:00+00:00
[2026-04-09T06:59:35.900+0000] {processor.py:208} INFO - Processing /opt/airflow/dags/kafka_load.py took 0.146 seconds
[2026-04-09T07:00:06.477+0000] {processor.py:186} INFO - Started process (PID=366) to work on /opt/airflow/dags/kafka_load.py
[2026-04-09T07:00:06.481+0000] {processor.py:914} INFO - Processing file /opt/airflow/dags/kafka_load.py for tasks to queue
[2026-04-09T07:00:06.484+0000] {logging_mixin.py:190} INFO - [2026-04-09T07:00:06.483+0000] {dagbag.py:588} INFO - Filling up the DagBag from /opt/airflow/dags/kafka_load.py
[2026-04-09T07:00:06.518+0000] {processor.py:925} INFO - DAG(s) 'kafka_producer' retrieved from /opt/airflow/dags/kafka_load.py
[2026-04-09T07:00:06.564+0000] {logging_mixin.py:190} INFO - [2026-04-09T07:00:06.564+0000] {dag.py:3239} INFO - Sync 1 DAGs
[2026-04-09T07:00:06.631+0000] {logging_mixin.py:190} INFO - [2026-04-09T07:00:06.631+0000] {dag.py:4180} INFO - Setting next_dagrun for kafka_producer to 2026-04-08 18:30:00+00:00, run_after=2026-04-09 18:30:00+00:00
[2026-04-09T07:00:06.667+0000] {processor.py:208} INFO - Processing /opt/airflow/dags/kafka_load.py took 0.198 seconds
[2026-04-09T07:00:37.159+0000] {processor.py:186} INFO - Started process (PID=371) to work on /opt/airflow/dags/kafka_load.py
[2026-04-09T07:00:37.162+0000] {processor.py:914} INFO - Processing file /opt/airflow/dags/kafka_load.py for tasks to queue
[2026-04-09T07:00:37.172+0000] {logging_mixin.py:190} INFO - [2026-04-09T07:00:37.170+0000] {dagbag.py:588} INFO - Filling up the DagBag from /opt/airflow/dags/kafka_load.py
[2026-04-09T07:00:37.229+0000] {processor.py:925} INFO - DAG(s) 'kafka_producer' retrieved from /opt/airflow/dags/kafka_load.py
[2026-04-09T07:00:37.269+0000] {logging_mixin.py:190} INFO - [2026-04-09T07:00:37.268+0000] {dag.py:3239} INFO - Sync 1 DAGs
[2026-04-09T07:00:37.304+0000] {logging_mixin.py:190} INFO - [2026-04-09T07:00:37.304+0000] {dag.py:4180} INFO - Setting next_dagrun for kafka_producer to 2026-04-08 18:30:00+00:00, run_after=2026-04-09 18:30:00+00:00
[2026-04-09T07:00:37.328+0000] {processor.py:208} INFO - Processing /opt/airflow/dags/kafka_load.py took 0.184 seconds
[2026-04-09T07:00:57.639+0000] {processor.py:186} INFO - Started process (PID=374) to work on /opt/airflow/dags/kafka_load.py
[2026-04-09T07:00:57.640+0000] {processor.py:914} INFO - Processing file /opt/airflow/dags/kafka_load.py for tasks to queue
[2026-04-09T07:00:57.642+0000] {logging_mixin.py:190} INFO - [2026-04-09T07:00:57.641+0000] {dagbag.py:588} INFO - Filling up the DagBag from /opt/airflow/dags/kafka_load.py
[2026-04-09T07:00:57.680+0000] {processor.py:925} INFO - DAG(s) 'kafka_producer' retrieved from /opt/airflow/dags/kafka_load.py
[2026-04-09T07:00:57.715+0000] {logging_mixin.py:190} INFO - [2026-04-09T07:00:57.715+0000] {dag.py:3239} INFO - Sync 1 DAGs
[2026-04-09T07:00:57.760+0000] {logging_mixin.py:190} INFO - [2026-04-09T07:00:57.760+0000] {dag.py:4180} INFO - Setting next_dagrun for kafka_producer to 2026-04-08 18:30:00+00:00, run_after=2026-04-09 18:30:00+00:00
[2026-04-09T07:00:58.352+0000] {processor.py:208} INFO - Processing /opt/airflow/dags/kafka_load.py took 0.726 seconds
[2026-04-09T07:01:19.947+0000] {processor.py:186} INFO - Started process (PID=379) to work on /opt/airflow/dags/kafka_load.py
[2026-04-09T07:01:19.952+0000] {processor.py:914} INFO - Processing file /opt/airflow/dags/kafka_load.py for tasks to queue
[2026-04-09T07:01:19.954+0000] {logging_mixin.py:190} INFO - [2026-04-09T07:01:19.954+0000] {dagbag.py:588} INFO - Filling up the DagBag from /opt/airflow/dags/kafka_load.py
[2026-04-09T07:01:19.992+0000] {processor.py:925} INFO - DAG(s) 'kafka_producer' retrieved from /opt/airflow/dags/kafka_load.py
[2026-04-09T07:01:20.028+0000] {logging_mixin.py:190} INFO - [2026-04-09T07:01:20.028+0000] {dag.py:3239} INFO - Sync 1 DAGs
[2026-04-09T07:01:20.075+0000] {logging_mixin.py:190} INFO - [2026-04-09T07:01:20.074+0000] {dag.py:4180} INFO - Setting next_dagrun for kafka_producer to 2026-04-08 18:30:00+00:00, run_after=2026-04-09 18:30:00+00:00
[2026-04-09T07:01:20.113+0000] {processor.py:208} INFO - Processing /opt/airflow/dags/kafka_load.py took 0.174 seconds
[2026-04-09T07:01:50.505+0000] {processor.py:186} INFO - Started process (PID=382) to work on /opt/airflow/dags/kafka_load.py
[2026-04-09T07:01:50.506+0000] {processor.py:914} INFO - Processing file /opt/airflow/dags/kafka_load.py for tasks to queue
[2026-04-09T07:01:50.508+0000] {logging_mixin.py:190} INFO - [2026-04-09T07:01:50.508+0000] {dagbag.py:588} INFO - Filling up the DagBag from /opt/airflow/dags/kafka_load.py
[2026-04-09T07:01:50.549+0000] {processor.py:925} INFO - DAG(s) 'kafka_producer' retrieved from /opt/airflow/dags/kafka_load.py
[2026-04-09T07:01:50.582+0000] {logging_mixin.py:190} INFO - [2026-04-09T07:01:50.582+0000] {dag.py:3239} INFO - Sync 1 DAGs
[2026-04-09T07:01:50.615+0000] {logging_mixin.py:190} INFO - [2026-04-09T07:01:50.614+0000] {dag.py:4180} INFO - Setting next_dagrun for kafka_producer to 2026-04-08 18:30:00+00:00, run_after=2026-04-09 18:30:00+00:00
[2026-04-09T07:01:50.641+0000] {processor.py:208} INFO - Processing /opt/airflow/dags/kafka_load.py took 0.144 seconds
[2026-04-09T07:02:21.110+0000] {processor.py:186} INFO - Started process (PID=385) to work on /opt/airflow/dags/kafka_load.py
[2026-04-09T07:02:21.112+0000] {processor.py:914} INFO - Processing file /opt/airflow/dags/kafka_load.py for tasks to queue
[2026-04-09T07:02:21.114+0000] {logging_mixin.py:190} INFO - [2026-04-09T07:02:21.113+0000] {dagbag.py:588} INFO - Filling up the DagBag from /opt/airflow/dags/kafka_load.py
[2026-04-09T07:02:21.156+0000] {processor.py:925} INFO - DAG(s) 'kafka_producer' retrieved from /opt/airflow/dags/kafka_load.py
[2026-04-09T07:02:21.191+0000] {logging_mixin.py:190} INFO - [2026-04-09T07:02:21.191+0000] {dag.py:3239} INFO - Sync 1 DAGs
[2026-04-09T07:02:21.227+0000] {logging_mixin.py:190} INFO - [2026-04-09T07:02:21.226+0000] {dag.py:4180} INFO - Setting next_dagrun for kafka_producer to 2026-04-08 18:30:00+00:00, run_after=2026-04-09 18:30:00+00:00
[2026-04-09T07:02:21.262+0000] {processor.py:208} INFO - Processing /opt/airflow/dags/kafka_load.py took 0.167 seconds
[2026-04-09T07:02:51.752+0000] {processor.py:186} INFO - Started process (PID=388) to work on /opt/airflow/dags/kafka_load.py
[2026-04-09T07:02:51.753+0000] {processor.py:914} INFO - Processing file /opt/airflow/dags/kafka_load.py for tasks to queue
[2026-04-09T07:02:51.755+0000] {logging_mixin.py:190} INFO - [2026-04-09T07:02:51.755+0000] {dagbag.py:588} INFO - Filling up the DagBag from /opt/airflow/dags/kafka_load.py
[2026-04-09T07:02:51.796+0000] {processor.py:925} INFO - DAG(s) 'kafka_producer' retrieved from /opt/airflow/dags/kafka_load.py
[2026-04-09T07:02:51.828+0000] {logging_mixin.py:190} INFO - [2026-04-09T07:02:51.828+0000] {dag.py:3239} INFO - Sync 1 DAGs
[2026-04-09T07:02:51.863+0000] {logging_mixin.py:190} INFO - [2026-04-09T07:02:51.863+0000] {dag.py:4180} INFO - Setting next_dagrun for kafka_producer to 2026-04-08 18:30:00+00:00, run_after=2026-04-09 18:30:00+00:00
[2026-04-09T07:02:51.890+0000] {processor.py:208} INFO - Processing /opt/airflow/dags/kafka_load.py took 0.148 seconds
[2026-04-09T07:03:22.181+0000] {processor.py:186} INFO - Started process (PID=391) to work on /opt/airflow/dags/kafka_load.py
[2026-04-09T07:03:22.210+0000] {processor.py:914} INFO - Processing file /opt/airflow/dags/kafka_load.py for tasks to queue
[2026-04-09T07:03:22.213+0000] {logging_mixin.py:190} INFO - [2026-04-09T07:03:22.213+0000] {dagbag.py:588} INFO - Filling up the DagBag from /opt/airflow/dags/kafka_load.py
[2026-04-09T07:03:22.317+0000] {processor.py:925} INFO - DAG(s) 'kafka_producer' retrieved from /opt/airflow/dags/kafka_load.py
[2026-04-09T07:03:22.347+0000] {logging_mixin.py:190} INFO - [2026-04-09T07:03:22.347+0000] {dag.py:3239} INFO - Sync 1 DAGs
[2026-04-09T07:03:22.379+0000] {logging_mixin.py:190} INFO - [2026-04-09T07:03:22.379+0000] {dag.py:4180} INFO - Setting next_dagrun for kafka_producer to 2026-04-08 18:30:00+00:00, run_after=2026-04-09 18:30:00+00:00
[2026-04-09T07:03:22.403+0000] {processor.py:208} INFO - Processing /opt/airflow/dags/kafka_load.py took 0.237 seconds
[2026-04-09T07:03:52.988+0000] {processor.py:186} INFO - Started process (PID=394) to work on /opt/airflow/dags/kafka_load.py
[2026-04-09T07:03:52.990+0000] {processor.py:914} INFO - Processing file /opt/airflow/dags/kafka_load.py for tasks to queue
[2026-04-09T07:03:52.992+0000] {logging_mixin.py:190} INFO - [2026-04-09T07:03:52.991+0000] {dagbag.py:588} INFO - Filling up the DagBag from /opt/airflow/dags/kafka_load.py
[2026-04-09T07:03:53.029+0000] {processor.py:925} INFO - DAG(s) 'kafka_producer' retrieved from /opt/airflow/dags/kafka_load.py
[2026-04-09T07:03:53.061+0000] {logging_mixin.py:190} INFO - [2026-04-09T07:03:53.060+0000] {dag.py:3239} INFO - Sync 1 DAGs
[2026-04-09T07:03:53.098+0000] {logging_mixin.py:190} INFO - [2026-04-09T07:03:53.098+0000] {dag.py:4180} INFO - Setting next_dagrun for kafka_producer to 2026-04-08 18:30:00+00:00, run_after=2026-04-09 18:30:00+00:00
[2026-04-09T07:03:53.123+0000] {processor.py:208} INFO - Processing /opt/airflow/dags/kafka_load.py took 0.143 seconds
[2026-04-09T07:04:23.615+0000] {processor.py:186} INFO - Started process (PID=397) to work on /opt/airflow/dags/kafka_load.py
[2026-04-09T07:04:23.616+0000] {processor.py:914} INFO - Processing file /opt/airflow/dags/kafka_load.py for tasks to queue
[2026-04-09T07:04:23.623+0000] {logging_mixin.py:190} INFO - [2026-04-09T07:04:23.622+0000] {dagbag.py:588} INFO - Filling up the DagBag from /opt/airflow/dags/kafka_load.py
[2026-04-09T07:04:23.664+0000] {processor.py:925} INFO - DAG(s) 'kafka_producer' retrieved from /opt/airflow/dags/kafka_load.py
[2026-04-09T07:04:23.695+0000] {logging_mixin.py:190} INFO - [2026-04-09T07:04:23.695+0000] {dag.py:3239} INFO - Sync 1 DAGs
[2026-04-09T07:04:23.730+0000] {logging_mixin.py:190} INFO - [2026-04-09T07:04:23.730+0000] {dag.py:4180} INFO - Setting next_dagrun for kafka_producer to 2026-04-08 18:30:00+00:00, run_after=2026-04-09 18:30:00+00:00
[2026-04-09T07:04:23.757+0000] {processor.py:208} INFO - Processing /opt/airflow/dags/kafka_load.py took 0.150 seconds
[2026-04-09T07:04:54.232+0000] {processor.py:186} INFO - Started process (PID=400) to work on /opt/airflow/dags/kafka_load.py
[2026-04-09T07:04:54.234+0000] {processor.py:914} INFO - Processing file /opt/airflow/dags/kafka_load.py for tasks to queue
[2026-04-09T07:04:54.238+0000] {logging_mixin.py:190} INFO - [2026-04-09T07:04:54.237+0000] {dagbag.py:588} INFO - Filling up the DagBag from /opt/airflow/dags/kafka_load.py
[2026-04-09T07:04:54.272+0000] {processor.py:925} INFO - DAG(s) 'kafka_producer' retrieved from /opt/airflow/dags/kafka_load.py
[2026-04-09T07:04:54.315+0000] {logging_mixin.py:190} INFO - [2026-04-09T07:04:54.315+0000] {dag.py:3239} INFO - Sync 1 DAGs
[2026-04-09T07:04:54.389+0000] {logging_mixin.py:190} INFO - [2026-04-09T07:04:54.388+0000] {dag.py:4180} INFO - Setting next_dagrun for kafka_producer to 2026-04-08 18:30:00+00:00, run_after=2026-04-09 18:30:00+00:00
[2026-04-09T07:04:54.483+0000] {processor.py:208} INFO - Processing /opt/airflow/dags/kafka_load.py took 0.259 seconds
[2026-04-09T07:05:24.733+0000] {processor.py:186} INFO - Started process (PID=403) to work on /opt/airflow/dags/kafka_load.py
[2026-04-09T07:05:24.734+0000] {processor.py:914} INFO - Processing file /opt/airflow/dags/kafka_load.py for tasks to queue
[2026-04-09T07:05:24.737+0000] {logging_mixin.py:190} INFO - [2026-04-09T07:05:24.737+0000] {dagbag.py:588} INFO - Filling up the DagBag from /opt/airflow/dags/kafka_load.py
[2026-04-09T07:05:24.772+0000] {processor.py:925} INFO - DAG(s) 'kafka_producer' retrieved from /opt/airflow/dags/kafka_load.py
[2026-04-09T07:05:24.801+0000] {logging_mixin.py:190} INFO - [2026-04-09T07:05:24.800+0000] {dag.py:3239} INFO - Sync 1 DAGs
[2026-04-09T07:05:24.833+0000] {logging_mixin.py:190} INFO - [2026-04-09T07:05:24.833+0000] {dag.py:4180} INFO - Setting next_dagrun for kafka_producer to 2026-04-08 18:30:00+00:00, run_after=2026-04-09 18:30:00+00:00
[2026-04-09T07:05:25.170+0000] {processor.py:208} INFO - Processing /opt/airflow/dags/kafka_load.py took 0.447 seconds
[2026-04-09T07:05:55.611+0000] {processor.py:186} INFO - Started process (PID=407) to work on /opt/airflow/dags/kafka_load.py
[2026-04-09T07:05:55.612+0000] {processor.py:914} INFO - Processing file /opt/airflow/dags/kafka_load.py for tasks to queue
[2026-04-09T07:05:55.613+0000] {logging_mixin.py:190} INFO - [2026-04-09T07:05:55.613+0000] {dagbag.py:588} INFO - Filling up the DagBag from /opt/airflow/dags/kafka_load.py
[2026-04-09T07:05:55.643+0000] {processor.py:925} INFO - DAG(s) 'kafka_producer' retrieved from /opt/airflow/dags/kafka_load.py
[2026-04-09T07:05:55.669+0000] {logging_mixin.py:190} INFO - [2026-04-09T07:05:55.669+0000] {dag.py:3239} INFO - Sync 1 DAGs
[2026-04-09T07:05:55.704+0000] {logging_mixin.py:190} INFO - [2026-04-09T07:05:55.704+0000] {dag.py:4180} INFO - Setting next_dagrun for kafka_producer to 2026-04-08 18:30:00+00:00, run_after=2026-04-09 18:30:00+00:00
[2026-04-09T07:05:55.731+0000] {processor.py:208} INFO - Processing /opt/airflow/dags/kafka_load.py took 0.128 seconds
[2026-04-09T07:06:26.313+0000] {processor.py:186} INFO - Started process (PID=410) to work on /opt/airflow/dags/kafka_load.py
[2026-04-09T07:06:26.314+0000] {processor.py:914} INFO - Processing file /opt/airflow/dags/kafka_load.py for tasks to queue
[2026-04-09T07:06:26.316+0000] {logging_mixin.py:190} INFO - [2026-04-09T07:06:26.316+0000] {dagbag.py:588} INFO - Filling up the DagBag from /opt/airflow/dags/kafka_load.py
[2026-04-09T07:06:26.350+0000] {processor.py:925} INFO - DAG(s) 'kafka_producer' retrieved from /opt/airflow/dags/kafka_load.py
[2026-04-09T07:06:26.378+0000] {logging_mixin.py:190} INFO - [2026-04-09T07:06:26.377+0000] {dag.py:3239} INFO - Sync 1 DAGs
[2026-04-09T07:06:26.425+0000] {logging_mixin.py:190} INFO - [2026-04-09T07:06:26.424+0000] {dag.py:4180} INFO - Setting next_dagrun for kafka_producer to 2026-04-08 18:30:00+00:00, run_after=2026-04-09 18:30:00+00:00
[2026-04-09T07:06:26.457+0000] {processor.py:208} INFO - Processing /opt/airflow/dags/kafka_load.py took 0.153 seconds
[2026-04-09T07:06:56.899+0000] {processor.py:186} INFO - Started process (PID=413) to work on /opt/airflow/dags/kafka_load.py
[2026-04-09T07:06:56.900+0000] {processor.py:914} INFO - Processing file /opt/airflow/dags/kafka_load.py for tasks to queue
[2026-04-09T07:06:56.903+0000] {logging_mixin.py:190} INFO - [2026-04-09T07:06:56.902+0000] {dagbag.py:588} INFO - Filling up the DagBag from /opt/airflow/dags/kafka_load.py
[2026-04-09T07:06:56.942+0000] {processor.py:925} INFO - DAG(s) 'kafka_producer' retrieved from /opt/airflow/dags/kafka_load.py
[2026-04-09T07:06:56.998+0000] {logging_mixin.py:190} INFO - [2026-04-09T07:06:56.997+0000] {dag.py:3239} INFO - Sync 1 DAGs
[2026-04-09T07:06:57.058+0000] {logging_mixin.py:190} INFO - [2026-04-09T07:06:57.058+0000] {dag.py:4180} INFO - Setting next_dagrun for kafka_producer to 2026-04-08 18:30:00+00:00, run_after=2026-04-09 18:30:00+00:00
[2026-04-09T07:06:57.096+0000] {processor.py:208} INFO - Processing /opt/airflow/dags/kafka_load.py took 0.208 seconds
[2026-04-09T07:07:27.940+0000] {processor.py:186} INFO - Started process (PID=418) to work on /opt/airflow/dags/kafka_load.py
[2026-04-09T07:07:27.941+0000] {processor.py:914} INFO - Processing file /opt/airflow/dags/kafka_load.py for tasks to queue
[2026-04-09T07:07:27.943+0000] {logging_mixin.py:190} INFO - [2026-04-09T07:07:27.942+0000] {dagbag.py:588} INFO - Filling up the DagBag from /opt/airflow/dags/kafka_load.py
[2026-04-09T07:07:27.976+0000] {processor.py:925} INFO - DAG(s) 'kafka_producer' retrieved from /opt/airflow/dags/kafka_load.py
[2026-04-09T07:07:28.003+0000] {logging_mixin.py:190} INFO - [2026-04-09T07:07:28.002+0000] {dag.py:3239} INFO - Sync 1 DAGs
[2026-04-09T07:07:28.036+0000] {logging_mixin.py:190} INFO - [2026-04-09T07:07:28.035+0000] {dag.py:4180} INFO - Setting next_dagrun for kafka_producer to 2026-04-08 18:30:00+00:00, run_after=2026-04-09 18:30:00+00:00
[2026-04-09T07:07:28.063+0000] {processor.py:208} INFO - Processing /opt/airflow/dags/kafka_load.py took 0.131 seconds
[2026-04-09T07:07:31.446+0000] {processor.py:186} INFO - Started process (PID=419) to work on /opt/airflow/dags/kafka_load.py
[2026-04-09T07:07:31.459+0000] {processor.py:914} INFO - Processing file /opt/airflow/dags/kafka_load.py for tasks to queue
[2026-04-09T07:07:31.463+0000] {logging_mixin.py:190} INFO - [2026-04-09T07:07:31.462+0000] {dagbag.py:588} INFO - Filling up the DagBag from /opt/airflow/dags/kafka_load.py
[2026-04-09T07:07:31.600+0000] {processor.py:925} INFO - DAG(s) 'kafka_producer' retrieved from /opt/airflow/dags/kafka_load.py
[2026-04-09T07:07:31.641+0000] {logging_mixin.py:190} INFO - [2026-04-09T07:07:31.640+0000] {dag.py:3239} INFO - Sync 1 DAGs
[2026-04-09T07:07:31.677+0000] {logging_mixin.py:190} INFO - [2026-04-09T07:07:31.677+0000] {dag.py:4180} INFO - Setting next_dagrun for kafka_producer to 2026-04-08 18:30:00+00:00, run_after=2026-04-09 18:30:00+00:00
[2026-04-09T07:07:31.709+0000] {processor.py:208} INFO - Processing /opt/airflow/dags/kafka_load.py took 0.281 seconds
[2026-04-09T07:08:02.084+0000] {processor.py:186} INFO - Started process (PID=422) to work on /opt/airflow/dags/kafka_load.py
[2026-04-09T07:08:02.090+0000] {processor.py:914} INFO - Processing file /opt/airflow/dags/kafka_load.py for tasks to queue
[2026-04-09T07:08:02.095+0000] {logging_mixin.py:190} INFO - [2026-04-09T07:08:02.094+0000] {dagbag.py:588} INFO - Filling up the DagBag from /opt/airflow/dags/kafka_load.py
[2026-04-09T07:08:02.146+0000] {processor.py:925} INFO - DAG(s) 'kafka_producer' retrieved from /opt/airflow/dags/kafka_load.py
[2026-04-09T07:08:02.205+0000] {logging_mixin.py:190} INFO - [2026-04-09T07:08:02.205+0000] {dag.py:3239} INFO - Sync 1 DAGs
[2026-04-09T07:08:02.275+0000] {logging_mixin.py:190} INFO - [2026-04-09T07:08:02.275+0000] {dag.py:4180} INFO - Setting next_dagrun for kafka_producer to 2026-04-08 18:30:00+00:00, run_after=2026-04-09 18:30:00+00:00
[2026-04-09T07:08:02.339+0000] {processor.py:208} INFO - Processing /opt/airflow/dags/kafka_load.py took 0.273 seconds
[2026-04-09T07:08:32.762+0000] {processor.py:186} INFO - Started process (PID=425) to work on /opt/airflow/dags/kafka_load.py
[2026-04-09T07:08:32.764+0000] {processor.py:914} INFO - Processing file /opt/airflow/dags/kafka_load.py for tasks to queue
[2026-04-09T07:08:32.766+0000] {logging_mixin.py:190} INFO - [2026-04-09T07:08:32.765+0000] {dagbag.py:588} INFO - Filling up the DagBag from /opt/airflow/dags/kafka_load.py
[2026-04-09T07:08:32.806+0000] {processor.py:925} INFO - DAG(s) 'kafka_producer' retrieved from /opt/airflow/dags/kafka_load.py
[2026-04-09T07:08:32.835+0000] {logging_mixin.py:190} INFO - [2026-04-09T07:08:32.834+0000] {dag.py:3239} INFO - Sync 1 DAGs
[2026-04-09T07:08:32.869+0000] {logging_mixin.py:190} INFO - [2026-04-09T07:08:32.869+0000] {dag.py:4180} INFO - Setting next_dagrun for kafka_producer to 2026-04-08 18:30:00+00:00, run_after=2026-04-09 18:30:00+00:00
[2026-04-09T07:08:32.895+0000] {processor.py:208} INFO - Processing /opt/airflow/dags/kafka_load.py took 0.142 seconds
[2026-04-09T07:09:03.400+0000] {processor.py:186} INFO - Started process (PID=428) to work on /opt/airflow/dags/kafka_load.py
[2026-04-09T07:09:03.402+0000] {processor.py:914} INFO - Processing file /opt/airflow/dags/kafka_load.py for tasks to queue
[2026-04-09T07:09:03.403+0000] {logging_mixin.py:190} INFO - [2026-04-09T07:09:03.403+0000] {dagbag.py:588} INFO - Filling up the DagBag from /opt/airflow/dags/kafka_load.py
[2026-04-09T07:09:03.439+0000] {processor.py:925} INFO - DAG(s) 'kafka_producer' retrieved from /opt/airflow/dags/kafka_load.py
[2026-04-09T07:09:03.469+0000] {logging_mixin.py:190} INFO - [2026-04-09T07:09:03.469+0000] {dag.py:3239} INFO - Sync 1 DAGs
[2026-04-09T07:09:03.511+0000] {logging_mixin.py:190} INFO - [2026-04-09T07:09:03.511+0000] {dag.py:4180} INFO - Setting next_dagrun for kafka_producer to 2026-04-08 18:30:00+00:00, run_after=2026-04-09 18:30:00+00:00
[2026-04-09T07:09:03.542+0000] {processor.py:208} INFO - Processing /opt/airflow/dags/kafka_load.py took 0.150 seconds
[2026-04-09T07:09:34.151+0000] {processor.py:186} INFO - Started process (PID=431) to work on /opt/airflow/dags/kafka_load.py
[2026-04-09T07:09:34.153+0000] {processor.py:914} INFO - Processing file /opt/airflow/dags/kafka_load.py for tasks to queue
[2026-04-09T07:09:34.160+0000] {logging_mixin.py:190} INFO - [2026-04-09T07:09:34.159+0000] {dagbag.py:588} INFO - Filling up the DagBag from /opt/airflow/dags/kafka_load.py
[2026-04-09T07:09:34.189+0000] {processor.py:925} INFO - DAG(s) 'kafka_producer' retrieved from /opt/airflow/dags/kafka_load.py
[2026-04-09T07:09:34.215+0000] {logging_mixin.py:190} INFO - [2026-04-09T07:09:34.214+0000] {dag.py:3239} INFO - Sync 1 DAGs
[2026-04-09T07:09:34.247+0000] {logging_mixin.py:190} INFO - [2026-04-09T07:09:34.247+0000] {dag.py:4180} INFO - Setting next_dagrun for kafka_producer to 2026-04-08 18:30:00+00:00, run_after=2026-04-09 18:30:00+00:00
[2026-04-09T07:09:35.642+0000] {processor.py:208} INFO - Processing /opt/airflow/dags/kafka_load.py took 1.505 seconds
[2026-04-09T07:10:05.863+0000] {processor.py:186} INFO - Started process (PID=434) to work on /opt/airflow/dags/kafka_load.py
[2026-04-09T07:10:05.865+0000] {processor.py:914} INFO - Processing file /opt/airflow/dags/kafka_load.py for tasks to queue
[2026-04-09T07:10:05.867+0000] {logging_mixin.py:190} INFO - [2026-04-09T07:10:05.866+0000] {dagbag.py:588} INFO - Filling up the DagBag from /opt/airflow/dags/kafka_load.py
[2026-04-09T07:10:05.898+0000] {processor.py:925} INFO - DAG(s) 'kafka_producer' retrieved from /opt/airflow/dags/kafka_load.py
[2026-04-09T07:10:05.923+0000] {logging_mixin.py:190} INFO - [2026-04-09T07:10:05.923+0000] {dag.py:3239} INFO - Sync 1 DAGs
[2026-04-09T07:10:05.955+0000] {logging_mixin.py:190} INFO - [2026-04-09T07:10:05.955+0000] {dag.py:4180} INFO - Setting next_dagrun for kafka_producer to 2026-04-08 18:30:00+00:00, run_after=2026-04-09 18:30:00+00:00
[2026-04-09T07:10:05.980+0000] {processor.py:208} INFO - Processing /opt/airflow/dags/kafka_load.py took 0.126 seconds
[2026-04-09T07:10:36.514+0000] {processor.py:186} INFO - Started process (PID=437) to work on /opt/airflow/dags/kafka_load.py
[2026-04-09T07:10:36.516+0000] {processor.py:914} INFO - Processing file /opt/airflow/dags/kafka_load.py for tasks to queue
[2026-04-09T07:10:36.518+0000] {logging_mixin.py:190} INFO - [2026-04-09T07:10:36.517+0000] {dagbag.py:588} INFO - Filling up the DagBag from /opt/airflow/dags/kafka_load.py
[2026-04-09T07:10:36.553+0000] {processor.py:925} INFO - DAG(s) 'kafka_producer' retrieved from /opt/airflow/dags/kafka_load.py
[2026-04-09T07:10:36.581+0000] {logging_mixin.py:190} INFO - [2026-04-09T07:10:36.581+0000] {dag.py:3239} INFO - Sync 1 DAGs
[2026-04-09T07:10:36.616+0000] {logging_mixin.py:190} INFO - [2026-04-09T07:10:36.615+0000] {dag.py:4180} INFO - Setting next_dagrun for kafka_producer to 2026-04-08 18:30:00+00:00, run_after=2026-04-09 18:30:00+00:00
[2026-04-09T07:10:36.650+0000] {processor.py:208} INFO - Processing /opt/airflow/dags/kafka_load.py took 0.143 seconds
[2026-04-09T07:11:07.163+0000] {processor.py:186} INFO - Started process (PID=440) to work on /opt/airflow/dags/kafka_load.py
[2026-04-09T07:11:07.173+0000] {processor.py:914} INFO - Processing file /opt/airflow/dags/kafka_load.py for tasks to queue
[2026-04-09T07:11:07.175+0000] {logging_mixin.py:190} INFO - [2026-04-09T07:11:07.174+0000] {dagbag.py:588} INFO - Filling up the DagBag from /opt/airflow/dags/kafka_load.py
[2026-04-09T07:11:07.210+0000] {processor.py:925} INFO - DAG(s) 'kafka_producer' retrieved from /opt/airflow/dags/kafka_load.py
[2026-04-09T07:11:07.237+0000] {logging_mixin.py:190} INFO - [2026-04-09T07:11:07.237+0000] {dag.py:3239} INFO - Sync 1 DAGs
[2026-04-09T07:11:07.268+0000] {logging_mixin.py:190} INFO - [2026-04-09T07:11:07.267+0000] {dag.py:4180} INFO - Setting next_dagrun for kafka_producer to 2026-04-08 18:30:00+00:00, run_after=2026-04-09 18:30:00+00:00
[2026-04-09T07:11:07.291+0000] {processor.py:208} INFO - Processing /opt/airflow/dags/kafka_load.py took 0.139 seconds
[2026-04-09T07:11:37.775+0000] {processor.py:186} INFO - Started process (PID=443) to work on /opt/airflow/dags/kafka_load.py
[2026-04-09T07:11:37.777+0000] {processor.py:914} INFO - Processing file /opt/airflow/dags/kafka_load.py for tasks to queue
[2026-04-09T07:11:37.778+0000] {logging_mixin.py:190} INFO - [2026-04-09T07:11:37.778+0000] {dagbag.py:588} INFO - Filling up the DagBag from /opt/airflow/dags/kafka_load.py
[2026-04-09T07:11:37.812+0000] {processor.py:925} INFO - DAG(s) 'kafka_producer' retrieved from /opt/airflow/dags/kafka_load.py
[2026-04-09T07:11:37.838+0000] {logging_mixin.py:190} INFO - [2026-04-09T07:11:37.838+0000] {dag.py:3239} INFO - Sync 1 DAGs
[2026-04-09T07:11:37.874+0000] {logging_mixin.py:190} INFO - [2026-04-09T07:11:37.873+0000] {dag.py:4180} INFO - Setting next_dagrun for kafka_producer to 2026-04-08 18:30:00+00:00, run_after=2026-04-09 18:30:00+00:00
[2026-04-09T07:11:37.903+0000] {processor.py:208} INFO - Processing /opt/airflow/dags/kafka_load.py took 0.136 seconds
[2026-04-09T07:12:08.384+0000] {processor.py:186} INFO - Started process (PID=446) to work on /opt/airflow/dags/kafka_load.py
[2026-04-09T07:12:08.386+0000] {processor.py:914} INFO - Processing file /opt/airflow/dags/kafka_load.py for tasks to queue
[2026-04-09T07:12:08.387+0000] {logging_mixin.py:190} INFO - [2026-04-09T07:12:08.387+0000] {dagbag.py:588} INFO - Filling up the DagBag from /opt/airflow/dags/kafka_load.py
[2026-04-09T07:12:08.416+0000] {processor.py:925} INFO - DAG(s) 'kafka_producer' retrieved from /opt/airflow/dags/kafka_load.py
[2026-04-09T07:12:08.442+0000] {logging_mixin.py:190} INFO - [2026-04-09T07:12:08.441+0000] {dag.py:3239} INFO - Sync 1 DAGs
[2026-04-09T07:12:08.474+0000] {logging_mixin.py:190} INFO - [2026-04-09T07:12:08.473+0000] {dag.py:4180} INFO - Setting next_dagrun for kafka_producer to 2026-04-08 18:30:00+00:00, run_after=2026-04-09 18:30:00+00:00
[2026-04-09T07:12:08.961+0000] {processor.py:208} INFO - Processing /opt/airflow/dags/kafka_load.py took 0.585 seconds
[2026-04-09T07:12:39.556+0000] {processor.py:186} INFO - Started process (PID=451) to work on /opt/airflow/dags/kafka_load.py
[2026-04-09T07:12:39.558+0000] {processor.py:914} INFO - Processing file /opt/airflow/dags/kafka_load.py for tasks to queue
[2026-04-09T07:12:39.559+0000] {logging_mixin.py:190} INFO - [2026-04-09T07:12:39.559+0000] {dagbag.py:588} INFO - Filling up the DagBag from /opt/airflow/dags/kafka_load.py
[2026-04-09T07:12:39.589+0000] {processor.py:925} INFO - DAG(s) 'kafka_producer' retrieved from /opt/airflow/dags/kafka_load.py
[2026-04-09T07:12:39.614+0000] {logging_mixin.py:190} INFO - [2026-04-09T07:12:39.613+0000] {dag.py:3239} INFO - Sync 1 DAGs
[2026-04-09T07:12:39.647+0000] {logging_mixin.py:190} INFO - [2026-04-09T07:12:39.647+0000] {dag.py:4180} INFO - Setting next_dagrun for kafka_producer to 2026-04-08 18:30:00+00:00, run_after=2026-04-09 18:30:00+00:00
[2026-04-09T07:12:39.673+0000] {processor.py:208} INFO - Processing /opt/airflow/dags/kafka_load.py took 0.124 seconds
[2026-04-09T07:13:10.093+0000] {processor.py:186} INFO - Started process (PID=454) to work on /opt/airflow/dags/kafka_load.py
[2026-04-09T07:13:10.094+0000] {processor.py:914} INFO - Processing file /opt/airflow/dags/kafka_load.py for tasks to queue
[2026-04-09T07:13:10.096+0000] {logging_mixin.py:190} INFO - [2026-04-09T07:13:10.096+0000] {dagbag.py:588} INFO - Filling up the DagBag from /opt/airflow/dags/kafka_load.py
[2026-04-09T07:13:10.128+0000] {processor.py:925} INFO - DAG(s) 'kafka_producer' retrieved from /opt/airflow/dags/kafka_load.py
[2026-04-09T07:13:10.156+0000] {logging_mixin.py:190} INFO - [2026-04-09T07:13:10.156+0000] {dag.py:3239} INFO - Sync 1 DAGs
[2026-04-09T07:13:10.190+0000] {logging_mixin.py:190} INFO - [2026-04-09T07:13:10.190+0000] {dag.py:4180} INFO - Setting next_dagrun for kafka_producer to 2026-04-08 18:30:00+00:00, run_after=2026-04-09 18:30:00+00:00
[2026-04-09T07:13:10.217+0000] {processor.py:208} INFO - Processing /opt/airflow/dags/kafka_load.py took 0.132 seconds
[2026-04-09T07:13:40.567+0000] {processor.py:186} INFO - Started process (PID=457) to work on /opt/airflow/dags/kafka_load.py
[2026-04-09T07:13:40.568+0000] {processor.py:914} INFO - Processing file /opt/airflow/dags/kafka_load.py for tasks to queue
[2026-04-09T07:13:40.569+0000] {logging_mixin.py:190} INFO - [2026-04-09T07:13:40.569+0000] {dagbag.py:588} INFO - Filling up the DagBag from /opt/airflow/dags/kafka_load.py
[2026-04-09T07:13:40.597+0000] {processor.py:925} INFO - DAG(s) 'kafka_producer' retrieved from /opt/airflow/dags/kafka_load.py
[2026-04-09T07:13:40.622+0000] {logging_mixin.py:190} INFO - [2026-04-09T07:13:40.622+0000] {dag.py:3239} INFO - Sync 1 DAGs
[2026-04-09T07:13:40.657+0000] {logging_mixin.py:190} INFO - [2026-04-09T07:13:40.657+0000] {dag.py:4180} INFO - Setting next_dagrun for kafka_producer to 2026-04-08 18:30:00+00:00, run_after=2026-04-09 18:30:00+00:00
[2026-04-09T07:13:40.683+0000] {processor.py:208} INFO - Processing /opt/airflow/dags/kafka_load.py took 0.125 seconds
[2026-04-09T07:14:11.240+0000] {processor.py:186} INFO - Started process (PID=460) to work on /opt/airflow/dags/kafka_load.py
[2026-04-09T07:14:11.241+0000] {processor.py:914} INFO - Processing file /opt/airflow/dags/kafka_load.py for tasks to queue
[2026-04-09T07:14:11.243+0000] {logging_mixin.py:190} INFO - [2026-04-09T07:14:11.243+0000] {dagbag.py:588} INFO - Filling up the DagBag from /opt/airflow/dags/kafka_load.py
[2026-04-09T07:14:11.273+0000] {processor.py:925} INFO - DAG(s) 'kafka_producer' retrieved from /opt/airflow/dags/kafka_load.py
[2026-04-09T07:14:11.301+0000] {logging_mixin.py:190} INFO - [2026-04-09T07:14:11.301+0000] {dag.py:3239} INFO - Sync 1 DAGs
[2026-04-09T07:14:11.335+0000] {logging_mixin.py:190} INFO - [2026-04-09T07:14:11.335+0000] {dag.py:4180} INFO - Setting next_dagrun for kafka_producer to 2026-04-08 18:30:00+00:00, run_after=2026-04-09 18:30:00+00:00
[2026-04-09T07:14:11.360+0000] {processor.py:208} INFO - Processing /opt/airflow/dags/kafka_load.py took 0.129 seconds
[2026-04-09T07:14:41.743+0000] {processor.py:186} INFO - Started process (PID=463) to work on /opt/airflow/dags/kafka_load.py
[2026-04-09T07:14:41.745+0000] {processor.py:914} INFO - Processing file /opt/airflow/dags/kafka_load.py for tasks to queue
[2026-04-09T07:14:41.746+0000] {logging_mixin.py:190} INFO - [2026-04-09T07:14:41.746+0000] {dagbag.py:588} INFO - Filling up the DagBag from /opt/airflow/dags/kafka_load.py
[2026-04-09T07:14:41.775+0000] {processor.py:925} INFO - DAG(s) 'kafka_producer' retrieved from /opt/airflow/dags/kafka_load.py
[2026-04-09T07:14:41.803+0000] {logging_mixin.py:190} INFO - [2026-04-09T07:14:41.803+0000] {dag.py:3239} INFO - Sync 1 DAGs
[2026-04-09T07:14:41.846+0000] {logging_mixin.py:190} INFO - [2026-04-09T07:14:41.846+0000] {dag.py:4180} INFO - Setting next_dagrun for kafka_producer to 2026-04-08 18:30:00+00:00, run_after=2026-04-09 18:30:00+00:00
[2026-04-09T07:14:41.871+0000] {processor.py:208} INFO - Processing /opt/airflow/dags/kafka_load.py took 0.135 seconds
[2026-04-09T07:15:12.374+0000] {processor.py:186} INFO - Started process (PID=466) to work on /opt/airflow/dags/kafka_load.py
[2026-04-09T07:15:12.375+0000] {processor.py:914} INFO - Processing file /opt/airflow/dags/kafka_load.py for tasks to queue
[2026-04-09T07:15:12.378+0000] {logging_mixin.py:190} INFO - [2026-04-09T07:15:12.377+0000] {dagbag.py:588} INFO - Filling up the DagBag from /opt/airflow/dags/kafka_load.py
[2026-04-09T07:15:12.412+0000] {processor.py:925} INFO - DAG(s) 'kafka_producer' retrieved from /opt/airflow/dags/kafka_load.py
[2026-04-09T07:15:12.446+0000] {logging_mixin.py:190} INFO - [2026-04-09T07:15:12.446+0000] {dag.py:3239} INFO - Sync 1 DAGs
[2026-04-09T07:15:12.672+0000] {logging_mixin.py:190} INFO - [2026-04-09T07:15:12.672+0000] {dag.py:4180} INFO - Setting next_dagrun for kafka_producer to 2026-04-08 18:30:00+00:00, run_after=2026-04-09 18:30:00+00:00
[2026-04-09T07:15:12.702+0000] {processor.py:208} INFO - Processing /opt/airflow/dags/kafka_load.py took 0.336 seconds
[2026-04-09T07:15:43.505+0000] {processor.py:186} INFO - Started process (PID=469) to work on /opt/airflow/dags/kafka_load.py
[2026-04-09T07:15:43.506+0000] {processor.py:914} INFO - Processing file /opt/airflow/dags/kafka_load.py for tasks to queue
[2026-04-09T07:15:43.508+0000] {logging_mixin.py:190} INFO - [2026-04-09T07:15:43.507+0000] {dagbag.py:588} INFO - Filling up the DagBag from /opt/airflow/dags/kafka_load.py
[2026-04-09T07:15:43.545+0000] {processor.py:925} INFO - DAG(s) 'kafka_producer' retrieved from /opt/airflow/dags/kafka_load.py
[2026-04-09T07:15:43.576+0000] {logging_mixin.py:190} INFO - [2026-04-09T07:15:43.575+0000] {dag.py:3239} INFO - Sync 1 DAGs
[2026-04-09T07:15:43.614+0000] {logging_mixin.py:190} INFO - [2026-04-09T07:15:43.613+0000] {dag.py:4180} INFO - Setting next_dagrun for kafka_producer to 2026-04-08 18:30:00+00:00, run_after=2026-04-09 18:30:00+00:00
[2026-04-09T07:15:43.644+0000] {processor.py:208} INFO - Processing /opt/airflow/dags/kafka_load.py took 0.147 seconds
[2026-04-09T07:16:14.893+0000] {processor.py:186} INFO - Started process (PID=472) to work on /opt/airflow/dags/kafka_load.py
[2026-04-09T07:16:14.896+0000] {processor.py:914} INFO - Processing file /opt/airflow/dags/kafka_load.py for tasks to queue
[2026-04-09T07:16:14.899+0000] {logging_mixin.py:190} INFO - [2026-04-09T07:16:14.898+0000] {dagbag.py:588} INFO - Filling up the DagBag from /opt/airflow/dags/kafka_load.py
[2026-04-09T07:16:14.932+0000] {processor.py:925} INFO - DAG(s) 'kafka_producer' retrieved from /opt/airflow/dags/kafka_load.py
[2026-04-09T07:16:14.977+0000] {logging_mixin.py:190} INFO - [2026-04-09T07:16:14.977+0000] {dag.py:3239} INFO - Sync 1 DAGs
[2026-04-09T07:16:15.035+0000] {logging_mixin.py:190} INFO - [2026-04-09T07:16:15.035+0000] {dag.py:4180} INFO - Setting next_dagrun for kafka_producer to 2026-04-08 18:30:00+00:00, run_after=2026-04-09 18:30:00+00:00
[2026-04-09T07:16:15.820+0000] {processor.py:208} INFO - Processing /opt/airflow/dags/kafka_load.py took 0.936 seconds
[2026-04-09T07:16:46.340+0000] {processor.py:186} INFO - Started process (PID=475) to work on /opt/airflow/dags/kafka_load.py
[2026-04-09T07:16:46.341+0000] {processor.py:914} INFO - Processing file /opt/airflow/dags/kafka_load.py for tasks to queue
[2026-04-09T07:16:46.343+0000] {logging_mixin.py:190} INFO - [2026-04-09T07:16:46.342+0000] {dagbag.py:588} INFO - Filling up the DagBag from /opt/airflow/dags/kafka_load.py
[2026-04-09T07:16:46.394+0000] {processor.py:925} INFO - DAG(s) 'kafka_producer' retrieved from /opt/airflow/dags/kafka_load.py
[2026-04-09T07:16:46.460+0000] {logging_mixin.py:190} INFO - [2026-04-09T07:16:46.459+0000] {dag.py:3239} INFO - Sync 1 DAGs
[2026-04-09T07:16:46.502+0000] {logging_mixin.py:190} INFO - [2026-04-09T07:16:46.502+0000] {dag.py:4180} INFO - Setting next_dagrun for kafka_producer to 2026-04-08 18:30:00+00:00, run_after=2026-04-09 18:30:00+00:00
[2026-04-09T07:16:46.526+0000] {processor.py:208} INFO - Processing /opt/airflow/dags/kafka_load.py took 0.194 seconds
[2026-04-09T07:17:17.028+0000] {processor.py:186} INFO - Started process (PID=478) to work on /opt/airflow/dags/kafka_load.py
[2026-04-09T07:17:17.030+0000] {processor.py:914} INFO - Processing file /opt/airflow/dags/kafka_load.py for tasks to queue
[2026-04-09T07:17:17.033+0000] {logging_mixin.py:190} INFO - [2026-04-09T07:17:17.032+0000] {dagbag.py:588} INFO - Filling up the DagBag from /opt/airflow/dags/kafka_load.py
[2026-04-09T07:17:17.073+0000] {processor.py:925} INFO - DAG(s) 'kafka_producer' retrieved from /opt/airflow/dags/kafka_load.py
[2026-04-09T07:17:17.114+0000] {logging_mixin.py:190} INFO - [2026-04-09T07:17:17.113+0000] {dag.py:3239} INFO - Sync 1 DAGs
[2026-04-09T07:17:17.181+0000] {logging_mixin.py:190} INFO - [2026-04-09T07:17:17.180+0000] {dag.py:4180} INFO - Setting next_dagrun for kafka_producer to 2026-04-08 18:30:00+00:00, run_after=2026-04-09 18:30:00+00:00
[2026-04-09T07:17:17.208+0000] {processor.py:208} INFO - Processing /opt/airflow/dags/kafka_load.py took 0.189 seconds
[2026-04-09T07:18:28.844+0000] {processor.py:186} INFO - Started process (PID=31) to work on /opt/airflow/dags/kafka_load.py
[2026-04-09T07:18:28.845+0000] {processor.py:914} INFO - Processing file /opt/airflow/dags/kafka_load.py for tasks to queue
[2026-04-09T07:18:28.850+0000] {logging_mixin.py:190} INFO - [2026-04-09T07:18:28.849+0000] {dagbag.py:588} INFO - Filling up the DagBag from /opt/airflow/dags/kafka_load.py
[2026-04-09T07:18:28.893+0000] {processor.py:925} INFO - DAG(s) 'kafka_producer' retrieved from /opt/airflow/dags/kafka_load.py
[2026-04-09T07:18:28.923+0000] {logging_mixin.py:190} INFO - [2026-04-09T07:18:28.923+0000] {dag.py:3239} INFO - Sync 1 DAGs
[2026-04-09T07:18:28.961+0000] {logging_mixin.py:190} INFO - [2026-04-09T07:18:28.961+0000] {dag.py:4180} INFO - Setting next_dagrun for kafka_producer to 2026-04-08 18:30:00+00:00, run_after=2026-04-09 18:30:00+00:00
[2026-04-09T07:18:29.005+0000] {processor.py:208} INFO - Processing /opt/airflow/dags/kafka_load.py took 0.172 seconds
[2026-04-09T07:18:59.361+0000] {processor.py:186} INFO - Started process (PID=34) to work on /opt/airflow/dags/kafka_load.py
[2026-04-09T07:18:59.362+0000] {processor.py:914} INFO - Processing file /opt/airflow/dags/kafka_load.py for tasks to queue
[2026-04-09T07:18:59.365+0000] {logging_mixin.py:190} INFO - [2026-04-09T07:18:59.365+0000] {dagbag.py:588} INFO - Filling up the DagBag from /opt/airflow/dags/kafka_load.py
[2026-04-09T07:18:59.397+0000] {processor.py:925} INFO - DAG(s) 'kafka_producer' retrieved from /opt/airflow/dags/kafka_load.py
[2026-04-09T07:18:59.425+0000] {logging_mixin.py:190} INFO - [2026-04-09T07:18:59.425+0000] {dag.py:3239} INFO - Sync 1 DAGs
[2026-04-09T07:18:59.457+0000] {logging_mixin.py:190} INFO - [2026-04-09T07:18:59.457+0000] {dag.py:4180} INFO - Setting next_dagrun for kafka_producer to 2026-04-08 18:30:00+00:00, run_after=2026-04-09 18:30:00+00:00
[2026-04-09T07:18:59.481+0000] {processor.py:208} INFO - Processing /opt/airflow/dags/kafka_load.py took 0.129 seconds
[2026-04-09T07:19:29.883+0000] {processor.py:186} INFO - Started process (PID=37) to work on /opt/airflow/dags/kafka_load.py
[2026-04-09T07:19:29.884+0000] {processor.py:914} INFO - Processing file /opt/airflow/dags/kafka_load.py for tasks to queue
[2026-04-09T07:19:29.887+0000] {logging_mixin.py:190} INFO - [2026-04-09T07:19:29.887+0000] {dagbag.py:588} INFO - Filling up the DagBag from /opt/airflow/dags/kafka_load.py
[2026-04-09T07:19:29.921+0000] {processor.py:925} INFO - DAG(s) 'kafka_producer' retrieved from /opt/airflow/dags/kafka_load.py
[2026-04-09T07:19:29.947+0000] {logging_mixin.py:190} INFO - [2026-04-09T07:19:29.947+0000] {dag.py:3239} INFO - Sync 1 DAGs
[2026-04-09T07:19:29.982+0000] {logging_mixin.py:190} INFO - [2026-04-09T07:19:29.982+0000] {dag.py:4180} INFO - Setting next_dagrun for kafka_producer to 2026-04-08 18:30:00+00:00, run_after=2026-04-09 18:30:00+00:00
[2026-04-09T07:19:30.010+0000] {processor.py:208} INFO - Processing /opt/airflow/dags/kafka_load.py took 0.136 seconds
[2026-04-09T07:20:00.414+0000] {processor.py:186} INFO - Started process (PID=40) to work on /opt/airflow/dags/kafka_load.py
[2026-04-09T07:20:00.415+0000] {processor.py:914} INFO - Processing file /opt/airflow/dags/kafka_load.py for tasks to queue
[2026-04-09T07:20:00.418+0000] {logging_mixin.py:190} INFO - [2026-04-09T07:20:00.417+0000] {dagbag.py:588} INFO - Filling up the DagBag from /opt/airflow/dags/kafka_load.py
[2026-04-09T07:20:00.446+0000] {processor.py:925} INFO - DAG(s) 'kafka_producer' retrieved from /opt/airflow/dags/kafka_load.py
[2026-04-09T07:20:00.484+0000] {logging_mixin.py:190} INFO - [2026-04-09T07:20:00.484+0000] {dag.py:3239} INFO - Sync 1 DAGs
[2026-04-09T07:20:00.533+0000] {logging_mixin.py:190} INFO - [2026-04-09T07:20:00.532+0000] {dag.py:4180} INFO - Setting next_dagrun for kafka_producer to 2026-04-08 18:30:00+00:00, run_after=2026-04-09 18:30:00+00:00
[2026-04-09T07:20:00.558+0000] {processor.py:208} INFO - Processing /opt/airflow/dags/kafka_load.py took 0.152 seconds
[2026-04-09T07:20:31.694+0000] {processor.py:186} INFO - Started process (PID=43) to work on /opt/airflow/dags/kafka_load.py
[2026-04-09T07:20:31.696+0000] {processor.py:914} INFO - Processing file /opt/airflow/dags/kafka_load.py for tasks to queue
[2026-04-09T07:20:31.699+0000] {logging_mixin.py:190} INFO - [2026-04-09T07:20:31.698+0000] {dagbag.py:588} INFO - Filling up the DagBag from /opt/airflow/dags/kafka_load.py
[2026-04-09T07:20:31.731+0000] {processor.py:925} INFO - DAG(s) 'kafka_producer' retrieved from /opt/airflow/dags/kafka_load.py
[2026-04-09T07:20:31.758+0000] {logging_mixin.py:190} INFO - [2026-04-09T07:20:31.758+0000] {dag.py:3239} INFO - Sync 1 DAGs
[2026-04-09T07:20:31.788+0000] {logging_mixin.py:190} INFO - [2026-04-09T07:20:31.788+0000] {dag.py:4180} INFO - Setting next_dagrun for kafka_producer to 2026-04-08 18:30:00+00:00, run_after=2026-04-09 18:30:00+00:00
[2026-04-09T07:20:32.416+0000] {processor.py:208} INFO - Processing /opt/airflow/dags/kafka_load.py took 0.731 seconds
[2026-04-09T07:21:02.898+0000] {processor.py:186} INFO - Started process (PID=46) to work on /opt/airflow/dags/kafka_load.py
[2026-04-09T07:21:02.899+0000] {processor.py:914} INFO - Processing file /opt/airflow/dags/kafka_load.py for tasks to queue
[2026-04-09T07:21:02.902+0000] {logging_mixin.py:190} INFO - [2026-04-09T07:21:02.902+0000] {dagbag.py:588} INFO - Filling up the DagBag from /opt/airflow/dags/kafka_load.py
[2026-04-09T07:21:02.943+0000] {processor.py:925} INFO - DAG(s) 'kafka_producer' retrieved from /opt/airflow/dags/kafka_load.py
[2026-04-09T07:21:02.973+0000] {logging_mixin.py:190} INFO - [2026-04-09T07:21:02.973+0000] {dag.py:3239} INFO - Sync 1 DAGs
[2026-04-09T07:21:03.007+0000] {logging_mixin.py:190} INFO - [2026-04-09T07:21:03.006+0000] {dag.py:4180} INFO - Setting next_dagrun for kafka_producer to 2026-04-08 18:30:00+00:00, run_after=2026-04-09 18:30:00+00:00
[2026-04-09T07:21:03.032+0000] {processor.py:208} INFO - Processing /opt/airflow/dags/kafka_load.py took 0.143 seconds
[2026-04-09T07:21:33.512+0000] {processor.py:186} INFO - Started process (PID=49) to work on /opt/airflow/dags/kafka_load.py
[2026-04-09T07:21:33.513+0000] {processor.py:914} INFO - Processing file /opt/airflow/dags/kafka_load.py for tasks to queue
[2026-04-09T07:21:33.516+0000] {logging_mixin.py:190} INFO - [2026-04-09T07:21:33.516+0000] {dagbag.py:588} INFO - Filling up the DagBag from /opt/airflow/dags/kafka_load.py
[2026-04-09T07:21:33.557+0000] {processor.py:925} INFO - DAG(s) 'kafka_producer' retrieved from /opt/airflow/dags/kafka_load.py
[2026-04-09T07:21:33.587+0000] {logging_mixin.py:190} INFO - [2026-04-09T07:21:33.587+0000] {dag.py:3239} INFO - Sync 1 DAGs
[2026-04-09T07:21:33.619+0000] {logging_mixin.py:190} INFO - [2026-04-09T07:21:33.619+0000] {dag.py:4180} INFO - Setting next_dagrun for kafka_producer to 2026-04-08 18:30:00+00:00, run_after=2026-04-09 18:30:00+00:00
[2026-04-09T07:21:33.644+0000] {processor.py:208} INFO - Processing /opt/airflow/dags/kafka_load.py took 0.140 seconds
[2026-04-09T07:22:04.166+0000] {processor.py:186} INFO - Started process (PID=52) to work on /opt/airflow/dags/kafka_load.py
[2026-04-09T07:22:04.168+0000] {processor.py:914} INFO - Processing file /opt/airflow/dags/kafka_load.py for tasks to queue
[2026-04-09T07:22:04.172+0000] {logging_mixin.py:190} INFO - [2026-04-09T07:22:04.171+0000] {dagbag.py:588} INFO - Filling up the DagBag from /opt/airflow/dags/kafka_load.py
[2026-04-09T07:22:04.209+0000] {processor.py:925} INFO - DAG(s) 'kafka_producer' retrieved from /opt/airflow/dags/kafka_load.py
[2026-04-09T07:22:04.237+0000] {logging_mixin.py:190} INFO - [2026-04-09T07:22:04.237+0000] {dag.py:3239} INFO - Sync 1 DAGs
[2026-04-09T07:22:04.270+0000] {logging_mixin.py:190} INFO - [2026-04-09T07:22:04.270+0000] {dag.py:4180} INFO - Setting next_dagrun for kafka_producer to 2026-04-08 18:30:00+00:00, run_after=2026-04-09 18:30:00+00:00
[2026-04-09T07:22:06.386+0000] {processor.py:208} INFO - Processing /opt/airflow/dags/kafka_load.py took 2.230 seconds
[2026-04-09T07:22:36.798+0000] {processor.py:186} INFO - Started process (PID=55) to work on /opt/airflow/dags/kafka_load.py
[2026-04-09T07:22:36.799+0000] {processor.py:914} INFO - Processing file /opt/airflow/dags/kafka_load.py for tasks to queue
[2026-04-09T07:22:36.803+0000] {logging_mixin.py:190} INFO - [2026-04-09T07:22:36.802+0000] {dagbag.py:588} INFO - Filling up the DagBag from /opt/airflow/dags/kafka_load.py
[2026-04-09T07:22:36.839+0000] {processor.py:925} INFO - DAG(s) 'kafka_producer' retrieved from /opt/airflow/dags/kafka_load.py
[2026-04-09T07:22:36.866+0000] {logging_mixin.py:190} INFO - [2026-04-09T07:22:36.866+0000] {dag.py:3239} INFO - Sync 1 DAGs
[2026-04-09T07:22:36.898+0000] {logging_mixin.py:190} INFO - [2026-04-09T07:22:36.898+0000] {dag.py:4180} INFO - Setting next_dagrun for kafka_producer to 2026-04-08 18:30:00+00:00, run_after=2026-04-09 18:30:00+00:00
[2026-04-09T07:22:36.923+0000] {processor.py:208} INFO - Processing /opt/airflow/dags/kafka_load.py took 0.135 seconds
[2026-04-09T07:23:07.340+0000] {processor.py:186} INFO - Started process (PID=58) to work on /opt/airflow/dags/kafka_load.py
[2026-04-09T07:23:07.342+0000] {processor.py:914} INFO - Processing file /opt/airflow/dags/kafka_load.py for tasks to queue
[2026-04-09T07:23:07.344+0000] {logging_mixin.py:190} INFO - [2026-04-09T07:23:07.344+0000] {dagbag.py:588} INFO - Filling up the DagBag from /opt/airflow/dags/kafka_load.py
[2026-04-09T07:23:07.381+0000] {processor.py:925} INFO - DAG(s) 'kafka_producer' retrieved from /opt/airflow/dags/kafka_load.py
[2026-04-09T07:23:07.409+0000] {logging_mixin.py:190} INFO - [2026-04-09T07:23:07.409+0000] {dag.py:3239} INFO - Sync 1 DAGs
[2026-04-09T07:23:07.438+0000] {logging_mixin.py:190} INFO - [2026-04-09T07:23:07.437+0000] {dag.py:4180} INFO - Setting next_dagrun for kafka_producer to 2026-04-08 18:30:00+00:00, run_after=2026-04-09 18:30:00+00:00
[2026-04-09T07:23:07.462+0000] {processor.py:208} INFO - Processing /opt/airflow/dags/kafka_load.py took 0.129 seconds
[2026-04-09T07:23:37.905+0000] {processor.py:186} INFO - Started process (PID=61) to work on /opt/airflow/dags/kafka_load.py
[2026-04-09T07:23:37.906+0000] {processor.py:914} INFO - Processing file /opt/airflow/dags/kafka_load.py for tasks to queue
[2026-04-09T07:23:37.910+0000] {logging_mixin.py:190} INFO - [2026-04-09T07:23:37.909+0000] {dagbag.py:588} INFO - Filling up the DagBag from /opt/airflow/dags/kafka_load.py
[2026-04-09T07:23:37.947+0000] {processor.py:925} INFO - DAG(s) 'kafka_producer' retrieved from /opt/airflow/dags/kafka_load.py
[2026-04-09T07:23:37.976+0000] {logging_mixin.py:190} INFO - [2026-04-09T07:23:37.976+0000] {dag.py:3239} INFO - Sync 1 DAGs
[2026-04-09T07:23:38.011+0000] {logging_mixin.py:190} INFO - [2026-04-09T07:23:38.011+0000] {dag.py:4180} INFO - Setting next_dagrun for kafka_producer to 2026-04-08 18:30:00+00:00, run_after=2026-04-09 18:30:00+00:00
[2026-04-09T07:23:38.038+0000] {processor.py:208} INFO - Processing /opt/airflow/dags/kafka_load.py took 0.141 seconds
[2026-04-09T07:24:08.518+0000] {processor.py:186} INFO - Started process (PID=64) to work on /opt/airflow/dags/kafka_load.py
[2026-04-09T07:24:08.523+0000] {processor.py:914} INFO - Processing file /opt/airflow/dags/kafka_load.py for tasks to queue
[2026-04-09T07:24:08.529+0000] {logging_mixin.py:190} INFO - [2026-04-09T07:24:08.528+0000] {dagbag.py:588} INFO - Filling up the DagBag from /opt/airflow/dags/kafka_load.py
[2026-04-09T07:24:08.617+0000] {processor.py:925} INFO - DAG(s) 'kafka_producer' retrieved from /opt/airflow/dags/kafka_load.py
[2026-04-09T07:24:08.659+0000] {logging_mixin.py:190} INFO - [2026-04-09T07:24:08.658+0000] {dag.py:3239} INFO - Sync 1 DAGs
[2026-04-09T07:24:08.696+0000] {logging_mixin.py:190} INFO - [2026-04-09T07:24:08.695+0000] {dag.py:4180} INFO - Setting next_dagrun for kafka_producer to 2026-04-08 18:30:00+00:00, run_after=2026-04-09 18:30:00+00:00
[2026-04-09T07:24:08.750+0000] {processor.py:208} INFO - Processing /opt/airflow/dags/kafka_load.py took 0.244 seconds
[2026-04-09T07:24:39.245+0000] {processor.py:186} INFO - Started process (PID=67) to work on /opt/airflow/dags/kafka_load.py
[2026-04-09T07:24:39.246+0000] {processor.py:914} INFO - Processing file /opt/airflow/dags/kafka_load.py for tasks to queue
[2026-04-09T07:24:39.250+0000] {logging_mixin.py:190} INFO - [2026-04-09T07:24:39.249+0000] {dagbag.py:588} INFO - Filling up the DagBag from /opt/airflow/dags/kafka_load.py
[2026-04-09T07:24:39.281+0000] {processor.py:925} INFO - DAG(s) 'kafka_producer' retrieved from /opt/airflow/dags/kafka_load.py
[2026-04-09T07:24:39.309+0000] {logging_mixin.py:190} INFO - [2026-04-09T07:24:39.309+0000] {dag.py:3239} INFO - Sync 1 DAGs
[2026-04-09T07:24:39.343+0000] {logging_mixin.py:190} INFO - [2026-04-09T07:24:39.342+0000] {dag.py:4180} INFO - Setting next_dagrun for kafka_producer to 2026-04-08 18:30:00+00:00, run_after=2026-04-09 18:30:00+00:00
[2026-04-09T07:24:39.370+0000] {processor.py:208} INFO - Processing /opt/airflow/dags/kafka_load.py took 0.133 seconds
[2026-04-09T07:25:09.805+0000] {processor.py:186} INFO - Started process (PID=70) to work on /opt/airflow/dags/kafka_load.py
[2026-04-09T07:25:09.806+0000] {processor.py:914} INFO - Processing file /opt/airflow/dags/kafka_load.py for tasks to queue
[2026-04-09T07:25:09.809+0000] {logging_mixin.py:190} INFO - [2026-04-09T07:25:09.809+0000] {dagbag.py:588} INFO - Filling up the DagBag from /opt/airflow/dags/kafka_load.py
[2026-04-09T07:25:09.837+0000] {processor.py:925} INFO - DAG(s) 'kafka_producer' retrieved from /opt/airflow/dags/kafka_load.py
[2026-04-09T07:25:09.868+0000] {logging_mixin.py:190} INFO - [2026-04-09T07:25:09.868+0000] {dag.py:3239} INFO - Sync 1 DAGs
[2026-04-09T07:25:09.922+0000] {logging_mixin.py:190} INFO - [2026-04-09T07:25:09.922+0000] {dag.py:4180} INFO - Setting next_dagrun for kafka_producer to 2026-04-08 18:30:00+00:00, run_after=2026-04-09 18:30:00+00:00
[2026-04-09T07:25:09.952+0000] {processor.py:208} INFO - Processing /opt/airflow/dags/kafka_load.py took 0.156 seconds
[2026-04-09T07:25:40.401+0000] {processor.py:186} INFO - Started process (PID=73) to work on /opt/airflow/dags/kafka_load.py
[2026-04-09T07:25:40.403+0000] {processor.py:914} INFO - Processing file /opt/airflow/dags/kafka_load.py for tasks to queue
[2026-04-09T07:25:40.407+0000] {logging_mixin.py:190} INFO - [2026-04-09T07:25:40.407+0000] {dagbag.py:588} INFO - Filling up the DagBag from /opt/airflow/dags/kafka_load.py
[2026-04-09T07:25:40.452+0000] {processor.py:925} INFO - DAG(s) 'kafka_producer' retrieved from /opt/airflow/dags/kafka_load.py
[2026-04-09T07:25:40.491+0000] {logging_mixin.py:190} INFO - [2026-04-09T07:25:40.490+0000] {dag.py:3239} INFO - Sync 1 DAGs
[2026-04-09T07:25:40.526+0000] {logging_mixin.py:190} INFO - [2026-04-09T07:25:40.526+0000] {dag.py:4180} INFO - Setting next_dagrun for kafka_producer to 2026-04-08 18:30:00+00:00, run_after=2026-04-09 18:30:00+00:00
[2026-04-09T07:25:40.550+0000] {processor.py:208} INFO - Processing /opt/airflow/dags/kafka_load.py took 0.158 seconds
[2026-04-09T07:26:10.916+0000] {processor.py:186} INFO - Started process (PID=76) to work on /opt/airflow/dags/kafka_load.py
[2026-04-09T07:26:10.918+0000] {processor.py:914} INFO - Processing file /opt/airflow/dags/kafka_load.py for tasks to queue
[2026-04-09T07:26:10.925+0000] {logging_mixin.py:190} INFO - [2026-04-09T07:26:10.925+0000] {dagbag.py:588} INFO - Filling up the DagBag from /opt/airflow/dags/kafka_load.py
[2026-04-09T07:26:11.041+0000] {processor.py:925} INFO - DAG(s) 'kafka_producer' retrieved from /opt/airflow/dags/kafka_load.py
[2026-04-09T07:26:11.078+0000] {logging_mixin.py:190} INFO - [2026-04-09T07:26:11.078+0000] {dag.py:3239} INFO - Sync 1 DAGs
[2026-04-09T07:26:11.116+0000] {logging_mixin.py:190} INFO - [2026-04-09T07:26:11.116+0000] {dag.py:4180} INFO - Setting next_dagrun for kafka_producer to 2026-04-08 18:30:00+00:00, run_after=2026-04-09 18:30:00+00:00
[2026-04-09T07:26:11.148+0000] {processor.py:208} INFO - Processing /opt/airflow/dags/kafka_load.py took 0.249 seconds
[2026-04-09T07:26:41.566+0000] {processor.py:186} INFO - Started process (PID=79) to work on /opt/airflow/dags/kafka_load.py
[2026-04-09T07:26:41.568+0000] {processor.py:914} INFO - Processing file /opt/airflow/dags/kafka_load.py for tasks to queue
[2026-04-09T07:26:41.576+0000] {logging_mixin.py:190} INFO - [2026-04-09T07:26:41.576+0000] {dagbag.py:588} INFO - Filling up the DagBag from /opt/airflow/dags/kafka_load.py
[2026-04-09T07:26:41.612+0000] {processor.py:925} INFO - DAG(s) 'kafka_producer' retrieved from /opt/airflow/dags/kafka_load.py
[2026-04-09T07:26:41.638+0000] {logging_mixin.py:190} INFO - [2026-04-09T07:26:41.638+0000] {dag.py:3239} INFO - Sync 1 DAGs
[2026-04-09T07:26:41.674+0000] {logging_mixin.py:190} INFO - [2026-04-09T07:26:41.674+0000] {dag.py:4180} INFO - Setting next_dagrun for kafka_producer to 2026-04-08 18:30:00+00:00, run_after=2026-04-09 18:30:00+00:00
[2026-04-09T07:26:41.702+0000] {processor.py:208} INFO - Processing /opt/airflow/dags/kafka_load.py took 0.144 seconds
[2026-04-09T07:27:12.270+0000] {processor.py:186} INFO - Started process (PID=82) to work on /opt/airflow/dags/kafka_load.py
[2026-04-09T07:27:12.272+0000] {processor.py:914} INFO - Processing file /opt/airflow/dags/kafka_load.py for tasks to queue
[2026-04-09T07:27:12.277+0000] {logging_mixin.py:190} INFO - [2026-04-09T07:27:12.276+0000] {dagbag.py:588} INFO - Filling up the DagBag from /opt/airflow/dags/kafka_load.py
[2026-04-09T07:27:12.321+0000] {processor.py:925} INFO - DAG(s) 'kafka_producer' retrieved from /opt/airflow/dags/kafka_load.py
[2026-04-09T07:27:12.353+0000] {logging_mixin.py:190} INFO - [2026-04-09T07:27:12.352+0000] {dag.py:3239} INFO - Sync 1 DAGs
[2026-04-09T07:27:12.394+0000] {logging_mixin.py:190} INFO - [2026-04-09T07:27:12.393+0000] {dag.py:4180} INFO - Setting next_dagrun for kafka_producer to 2026-04-08 18:30:00+00:00, run_after=2026-04-09 18:30:00+00:00
[2026-04-09T07:27:12.927+0000] {processor.py:208} INFO - Processing /opt/airflow/dags/kafka_load.py took 0.667 seconds
[2026-04-09T07:27:43.573+0000] {processor.py:186} INFO - Started process (PID=85) to work on /opt/airflow/dags/kafka_load.py
[2026-04-09T07:27:43.575+0000] {processor.py:914} INFO - Processing file /opt/airflow/dags/kafka_load.py for tasks to queue
[2026-04-09T07:27:43.580+0000] {logging_mixin.py:190} INFO - [2026-04-09T07:27:43.579+0000] {dagbag.py:588} INFO - Filling up the DagBag from /opt/airflow/dags/kafka_load.py
[2026-04-09T07:27:43.624+0000] {processor.py:925} INFO - DAG(s) 'kafka_producer' retrieved from /opt/airflow/dags/kafka_load.py
[2026-04-09T07:27:43.666+0000] {logging_mixin.py:190} INFO - [2026-04-09T07:27:43.666+0000] {dag.py:3239} INFO - Sync 1 DAGs
[2026-04-09T07:27:43.714+0000] {logging_mixin.py:190} INFO - [2026-04-09T07:27:43.714+0000] {dag.py:4180} INFO - Setting next_dagrun for kafka_producer to 2026-04-08 18:30:00+00:00, run_after=2026-04-09 18:30:00+00:00
[2026-04-09T07:27:43.749+0000] {processor.py:208} INFO - Processing /opt/airflow/dags/kafka_load.py took 0.191 seconds
[2026-04-09T07:28:14.307+0000] {processor.py:186} INFO - Started process (PID=88) to work on /opt/airflow/dags/kafka_load.py
[2026-04-09T07:28:14.309+0000] {processor.py:914} INFO - Processing file /opt/airflow/dags/kafka_load.py for tasks to queue
[2026-04-09T07:28:14.314+0000] {logging_mixin.py:190} INFO - [2026-04-09T07:28:14.313+0000] {dagbag.py:588} INFO - Filling up the DagBag from /opt/airflow/dags/kafka_load.py
[2026-04-09T07:28:14.346+0000] {processor.py:925} INFO - DAG(s) 'kafka_producer' retrieved from /opt/airflow/dags/kafka_load.py
[2026-04-09T07:28:14.374+0000] {logging_mixin.py:190} INFO - [2026-04-09T07:28:14.374+0000] {dag.py:3239} INFO - Sync 1 DAGs
[2026-04-09T07:28:14.408+0000] {logging_mixin.py:190} INFO - [2026-04-09T07:28:14.407+0000] {dag.py:4180} INFO - Setting next_dagrun for kafka_producer to 2026-04-08 18:30:00+00:00, run_after=2026-04-09 18:30:00+00:00
[2026-04-09T07:28:14.435+0000] {processor.py:208} INFO - Processing /opt/airflow/dags/kafka_load.py took 0.140 seconds
[2026-04-09T07:28:45.015+0000] {processor.py:186} INFO - Started process (PID=91) to work on /opt/airflow/dags/kafka_load.py
[2026-04-09T07:28:45.016+0000] {processor.py:914} INFO - Processing file /opt/airflow/dags/kafka_load.py for tasks to queue
[2026-04-09T07:28:45.020+0000] {logging_mixin.py:190} INFO - [2026-04-09T07:28:45.019+0000] {dagbag.py:588} INFO - Filling up the DagBag from /opt/airflow/dags/kafka_load.py
[2026-04-09T07:28:45.054+0000] {processor.py:925} INFO - DAG(s) 'kafka_producer' retrieved from /opt/airflow/dags/kafka_load.py
[2026-04-09T07:28:45.088+0000] {logging_mixin.py:190} INFO - [2026-04-09T07:28:45.087+0000] {dag.py:3239} INFO - Sync 1 DAGs
[2026-04-09T07:28:45.137+0000] {logging_mixin.py:190} INFO - [2026-04-09T07:28:45.137+0000] {dag.py:4180} INFO - Setting next_dagrun for kafka_producer to 2026-04-08 18:30:00+00:00, run_after=2026-04-09 18:30:00+00:00
[2026-04-09T07:28:45.230+0000] {processor.py:208} INFO - Processing /opt/airflow/dags/kafka_load.py took 0.225 seconds
[2026-04-09T07:29:15.518+0000] {processor.py:186} INFO - Started process (PID=94) to work on /opt/airflow/dags/kafka_load.py
[2026-04-09T07:29:15.520+0000] {processor.py:914} INFO - Processing file /opt/airflow/dags/kafka_load.py for tasks to queue
[2026-04-09T07:29:15.524+0000] {logging_mixin.py:190} INFO - [2026-04-09T07:29:15.523+0000] {dagbag.py:588} INFO - Filling up the DagBag from /opt/airflow/dags/kafka_load.py
[2026-04-09T07:29:15.557+0000] {processor.py:925} INFO - DAG(s) 'kafka_producer' retrieved from /opt/airflow/dags/kafka_load.py
[2026-04-09T07:29:15.589+0000] {logging_mixin.py:190} INFO - [2026-04-09T07:29:15.588+0000] {dag.py:3239} INFO - Sync 1 DAGs
[2026-04-09T07:29:15.620+0000] {logging_mixin.py:190} INFO - [2026-04-09T07:29:15.620+0000] {dag.py:4180} INFO - Setting next_dagrun for kafka_producer to 2026-04-08 18:30:00+00:00, run_after=2026-04-09 18:30:00+00:00
[2026-04-09T07:29:15.651+0000] {processor.py:208} INFO - Processing /opt/airflow/dags/kafka_load.py took 0.144 seconds
[2026-04-09T07:29:46.064+0000] {processor.py:186} INFO - Started process (PID=97) to work on /opt/airflow/dags/kafka_load.py
[2026-04-09T07:29:46.065+0000] {processor.py:914} INFO - Processing file /opt/airflow/dags/kafka_load.py for tasks to queue
[2026-04-09T07:29:46.068+0000] {logging_mixin.py:190} INFO - [2026-04-09T07:29:46.068+0000] {dagbag.py:588} INFO - Filling up the DagBag from /opt/airflow/dags/kafka_load.py
[2026-04-09T07:29:46.105+0000] {processor.py:925} INFO - DAG(s) 'kafka_producer' retrieved from /opt/airflow/dags/kafka_load.py
[2026-04-09T07:29:46.134+0000] {logging_mixin.py:190} INFO - [2026-04-09T07:29:46.134+0000] {dag.py:3239} INFO - Sync 1 DAGs
[2026-04-09T07:29:46.163+0000] {logging_mixin.py:190} INFO - [2026-04-09T07:29:46.163+0000] {dag.py:4180} INFO - Setting next_dagrun for kafka_producer to 2026-04-08 18:30:00+00:00, run_after=2026-04-09 18:30:00+00:00
[2026-04-09T07:29:46.193+0000] {processor.py:208} INFO - Processing /opt/airflow/dags/kafka_load.py took 0.137 seconds
[2026-04-09T07:30:16.797+0000] {processor.py:186} INFO - Started process (PID=100) to work on /opt/airflow/dags/kafka_load.py
[2026-04-09T07:30:16.798+0000] {processor.py:914} INFO - Processing file /opt/airflow/dags/kafka_load.py for tasks to queue
[2026-04-09T07:30:16.802+0000] {logging_mixin.py:190} INFO - [2026-04-09T07:30:16.801+0000] {dagbag.py:588} INFO - Filling up the DagBag from /opt/airflow/dags/kafka_load.py
[2026-04-09T07:30:16.853+0000] {processor.py:925} INFO - DAG(s) 'kafka_producer' retrieved from /opt/airflow/dags/kafka_load.py
[2026-04-09T07:30:16.895+0000] {logging_mixin.py:190} INFO - [2026-04-09T07:30:16.895+0000] {dag.py:3239} INFO - Sync 1 DAGs
[2026-04-09T07:30:16.947+0000] {logging_mixin.py:190} INFO - [2026-04-09T07:30:16.947+0000] {dag.py:4180} INFO - Setting next_dagrun for kafka_producer to 2026-04-08 18:30:00+00:00, run_after=2026-04-09 18:30:00+00:00
[2026-04-09T07:30:16.980+0000] {processor.py:208} INFO - Processing /opt/airflow/dags/kafka_load.py took 0.193 seconds
[2026-04-09T07:30:47.564+0000] {processor.py:186} INFO - Started process (PID=103) to work on /opt/airflow/dags/kafka_load.py
[2026-04-09T07:30:47.566+0000] {processor.py:914} INFO - Processing file /opt/airflow/dags/kafka_load.py for tasks to queue
[2026-04-09T07:30:47.570+0000] {logging_mixin.py:190} INFO - [2026-04-09T07:30:47.569+0000] {dagbag.py:588} INFO - Filling up the DagBag from /opt/airflow/dags/kafka_load.py
[2026-04-09T07:30:47.610+0000] {processor.py:925} INFO - DAG(s) 'kafka_producer' retrieved from /opt/airflow/dags/kafka_load.py
[2026-04-09T07:30:47.639+0000] {logging_mixin.py:190} INFO - [2026-04-09T07:30:47.638+0000] {dag.py:3239} INFO - Sync 1 DAGs
[2026-04-09T07:30:47.671+0000] {logging_mixin.py:190} INFO - [2026-04-09T07:30:47.671+0000] {dag.py:4180} INFO - Setting next_dagrun for kafka_producer to 2026-04-08 18:30:00+00:00, run_after=2026-04-09 18:30:00+00:00
[2026-04-09T07:30:47.697+0000] {processor.py:208} INFO - Processing /opt/airflow/dags/kafka_load.py took 0.142 seconds
[2026-04-09T07:31:18.201+0000] {processor.py:186} INFO - Started process (PID=106) to work on /opt/airflow/dags/kafka_load.py
[2026-04-09T07:31:18.203+0000] {processor.py:914} INFO - Processing file /opt/airflow/dags/kafka_load.py for tasks to queue
[2026-04-09T07:31:18.207+0000] {logging_mixin.py:190} INFO - [2026-04-09T07:31:18.206+0000] {dagbag.py:588} INFO - Filling up the DagBag from /opt/airflow/dags/kafka_load.py
[2026-04-09T07:31:18.257+0000] {processor.py:925} INFO - DAG(s) 'kafka_producer' retrieved from /opt/airflow/dags/kafka_load.py
[2026-04-09T07:31:18.289+0000] {logging_mixin.py:190} INFO - [2026-04-09T07:31:18.289+0000] {dag.py:3239} INFO - Sync 1 DAGs
[2026-04-09T07:31:18.324+0000] {logging_mixin.py:190} INFO - [2026-04-09T07:31:18.324+0000] {dag.py:4180} INFO - Setting next_dagrun for kafka_producer to 2026-04-08 18:30:00+00:00, run_after=2026-04-09 18:30:00+00:00
[2026-04-09T07:31:18.711+0000] {processor.py:208} INFO - Processing /opt/airflow/dags/kafka_load.py took 0.523 seconds
[2026-04-09T07:31:49.667+0000] {processor.py:186} INFO - Started process (PID=109) to work on /opt/airflow/dags/kafka_load.py
[2026-04-09T07:31:49.668+0000] {processor.py:914} INFO - Processing file /opt/airflow/dags/kafka_load.py for tasks to queue
[2026-04-09T07:31:49.673+0000] {logging_mixin.py:190} INFO - [2026-04-09T07:31:49.672+0000] {dagbag.py:588} INFO - Filling up the DagBag from /opt/airflow/dags/kafka_load.py
[2026-04-09T07:31:49.734+0000] {processor.py:925} INFO - DAG(s) 'kafka_producer' retrieved from /opt/airflow/dags/kafka_load.py
[2026-04-09T07:31:49.792+0000] {logging_mixin.py:190} INFO - [2026-04-09T07:31:49.791+0000] {dag.py:3239} INFO - Sync 1 DAGs
[2026-04-09T07:31:49.859+0000] {logging_mixin.py:190} INFO - [2026-04-09T07:31:49.859+0000] {dag.py:4180} INFO - Setting next_dagrun for kafka_producer to 2026-04-08 18:30:00+00:00, run_after=2026-04-09 18:30:00+00:00
[2026-04-09T07:31:49.922+0000] {processor.py:208} INFO - Processing /opt/airflow/dags/kafka_load.py took 0.266 seconds
[2026-04-09T07:32:20.130+0000] {processor.py:186} INFO - Started process (PID=112) to work on /opt/airflow/dags/kafka_load.py
[2026-04-09T07:32:20.132+0000] {processor.py:914} INFO - Processing file /opt/airflow/dags/kafka_load.py for tasks to queue
[2026-04-09T07:32:20.136+0000] {logging_mixin.py:190} INFO - [2026-04-09T07:32:20.135+0000] {dagbag.py:588} INFO - Filling up the DagBag from /opt/airflow/dags/kafka_load.py
[2026-04-09T07:32:20.175+0000] {processor.py:925} INFO - DAG(s) 'kafka_producer' retrieved from /opt/airflow/dags/kafka_load.py
[2026-04-09T07:32:20.202+0000] {logging_mixin.py:190} INFO - [2026-04-09T07:32:20.202+0000] {dag.py:3239} INFO - Sync 1 DAGs
[2026-04-09T07:32:20.235+0000] {logging_mixin.py:190} INFO - [2026-04-09T07:32:20.235+0000] {dag.py:4180} INFO - Setting next_dagrun for kafka_producer to 2026-04-08 18:30:00+00:00, run_after=2026-04-09 18:30:00+00:00
[2026-04-09T07:32:22.985+0000] {processor.py:208} INFO - Processing /opt/airflow/dags/kafka_load.py took 2.869 seconds
[2026-04-09T07:32:53.349+0000] {processor.py:186} INFO - Started process (PID=115) to work on /opt/airflow/dags/kafka_load.py
[2026-04-09T07:32:53.351+0000] {processor.py:914} INFO - Processing file /opt/airflow/dags/kafka_load.py for tasks to queue
[2026-04-09T07:32:53.354+0000] {logging_mixin.py:190} INFO - [2026-04-09T07:32:53.353+0000] {dagbag.py:588} INFO - Filling up the DagBag from /opt/airflow/dags/kafka_load.py
[2026-04-09T07:32:53.387+0000] {processor.py:925} INFO - DAG(s) 'kafka_producer' retrieved from /opt/airflow/dags/kafka_load.py
[2026-04-09T07:32:53.416+0000] {logging_mixin.py:190} INFO - [2026-04-09T07:32:53.415+0000] {dag.py:3239} INFO - Sync 1 DAGs
[2026-04-09T07:32:53.448+0000] {logging_mixin.py:190} INFO - [2026-04-09T07:32:53.448+0000] {dag.py:4180} INFO - Setting next_dagrun for kafka_producer to 2026-04-08 18:30:00+00:00, run_after=2026-04-09 18:30:00+00:00
[2026-04-09T07:32:54.033+0000] {processor.py:208} INFO - Processing /opt/airflow/dags/kafka_load.py took 0.693 seconds
[2026-04-09T07:33:24.332+0000] {processor.py:186} INFO - Started process (PID=118) to work on /opt/airflow/dags/kafka_load.py
[2026-04-09T07:33:24.334+0000] {processor.py:914} INFO - Processing file /opt/airflow/dags/kafka_load.py for tasks to queue
[2026-04-09T07:33:24.337+0000] {logging_mixin.py:190} INFO - [2026-04-09T07:33:24.337+0000] {dagbag.py:588} INFO - Filling up the DagBag from /opt/airflow/dags/kafka_load.py
[2026-04-09T07:33:24.375+0000] {processor.py:925} INFO - DAG(s) 'kafka_producer' retrieved from /opt/airflow/dags/kafka_load.py
[2026-04-09T07:33:24.406+0000] {logging_mixin.py:190} INFO - [2026-04-09T07:33:24.405+0000] {dag.py:3239} INFO - Sync 1 DAGs
[2026-04-09T07:33:24.441+0000] {logging_mixin.py:190} INFO - [2026-04-09T07:33:24.441+0000] {dag.py:4180} INFO - Setting next_dagrun for kafka_producer to 2026-04-08 18:30:00+00:00, run_after=2026-04-09 18:30:00+00:00
[2026-04-09T07:33:27.110+0000] {processor.py:208} INFO - Processing /opt/airflow/dags/kafka_load.py took 2.786 seconds
[2026-04-09T07:33:57.308+0000] {processor.py:186} INFO - Started process (PID=121) to work on /opt/airflow/dags/kafka_load.py
[2026-04-09T07:33:57.309+0000] {processor.py:914} INFO - Processing file /opt/airflow/dags/kafka_load.py for tasks to queue
[2026-04-09T07:33:57.312+0000] {logging_mixin.py:190} INFO - [2026-04-09T07:33:57.312+0000] {dagbag.py:588} INFO - Filling up the DagBag from /opt/airflow/dags/kafka_load.py
[2026-04-09T07:33:57.349+0000] {processor.py:925} INFO - DAG(s) 'kafka_producer' retrieved from /opt/airflow/dags/kafka_load.py
[2026-04-09T07:33:57.386+0000] {logging_mixin.py:190} INFO - [2026-04-09T07:33:57.386+0000] {dag.py:3239} INFO - Sync 1 DAGs
[2026-04-09T07:33:57.423+0000] {logging_mixin.py:190} INFO - [2026-04-09T07:33:57.423+0000] {dag.py:4180} INFO - Setting next_dagrun for kafka_producer to 2026-04-08 18:30:00+00:00, run_after=2026-04-09 18:30:00+00:00
[2026-04-09T07:33:57.448+0000] {processor.py:208} INFO - Processing /opt/airflow/dags/kafka_load.py took 0.150 seconds
[2026-04-09T07:34:27.850+0000] {processor.py:186} INFO - Started process (PID=124) to work on /opt/airflow/dags/kafka_load.py
[2026-04-09T07:34:27.851+0000] {processor.py:914} INFO - Processing file /opt/airflow/dags/kafka_load.py for tasks to queue
[2026-04-09T07:34:27.855+0000] {logging_mixin.py:190} INFO - [2026-04-09T07:34:27.854+0000] {dagbag.py:588} INFO - Filling up the DagBag from /opt/airflow/dags/kafka_load.py
[2026-04-09T07:34:27.887+0000] {processor.py:925} INFO - DAG(s) 'kafka_producer' retrieved from /opt/airflow/dags/kafka_load.py
[2026-04-09T07:34:27.914+0000] {logging_mixin.py:190} INFO - [2026-04-09T07:34:27.913+0000] {dag.py:3239} INFO - Sync 1 DAGs
[2026-04-09T07:34:27.945+0000] {logging_mixin.py:190} INFO - [2026-04-09T07:34:27.944+0000] {dag.py:4180} INFO - Setting next_dagrun for kafka_producer to 2026-04-08 18:30:00+00:00, run_after=2026-04-09 18:30:00+00:00
[2026-04-09T07:34:27.971+0000] {processor.py:208} INFO - Processing /opt/airflow/dags/kafka_load.py took 0.129 seconds
[2026-04-09T07:34:58.576+0000] {processor.py:186} INFO - Started process (PID=127) to work on /opt/airflow/dags/kafka_load.py
[2026-04-09T07:34:58.577+0000] {processor.py:914} INFO - Processing file /opt/airflow/dags/kafka_load.py for tasks to queue
[2026-04-09T07:34:58.581+0000] {logging_mixin.py:190} INFO - [2026-04-09T07:34:58.580+0000] {dagbag.py:588} INFO - Filling up the DagBag from /opt/airflow/dags/kafka_load.py
[2026-04-09T07:34:58.619+0000] {processor.py:925} INFO - DAG(s) 'kafka_producer' retrieved from /opt/airflow/dags/kafka_load.py
[2026-04-09T07:34:58.647+0000] {logging_mixin.py:190} INFO - [2026-04-09T07:34:58.646+0000] {dag.py:3239} INFO - Sync 1 DAGs
[2026-04-09T07:34:58.681+0000] {logging_mixin.py:190} INFO - [2026-04-09T07:34:58.680+0000] {dag.py:4180} INFO - Setting next_dagrun for kafka_producer to 2026-04-08 18:30:00+00:00, run_after=2026-04-09 18:30:00+00:00
[2026-04-09T07:34:58.704+0000] {processor.py:208} INFO - Processing /opt/airflow/dags/kafka_load.py took 0.138 seconds
[2026-04-09T07:35:29.589+0000] {processor.py:186} INFO - Started process (PID=130) to work on /opt/airflow/dags/kafka_load.py
[2026-04-09T07:35:29.592+0000] {processor.py:914} INFO - Processing file /opt/airflow/dags/kafka_load.py for tasks to queue
[2026-04-09T07:35:29.597+0000] {logging_mixin.py:190} INFO - [2026-04-09T07:35:29.597+0000] {dagbag.py:588} INFO - Filling up the DagBag from /opt/airflow/dags/kafka_load.py
[2026-04-09T07:35:29.656+0000] {processor.py:925} INFO - DAG(s) 'kafka_producer' retrieved from /opt/airflow/dags/kafka_load.py
[2026-04-09T07:35:29.740+0000] {logging_mixin.py:190} INFO - [2026-04-09T07:35:29.740+0000] {dag.py:3239} INFO - Sync 1 DAGs
[2026-04-09T07:35:29.783+0000] {logging_mixin.py:190} INFO - [2026-04-09T07:35:29.782+0000] {dag.py:4180} INFO - Setting next_dagrun for kafka_producer to 2026-04-08 18:30:00+00:00, run_after=2026-04-09 18:30:00+00:00
[2026-04-09T07:35:29.828+0000] {processor.py:208} INFO - Processing /opt/airflow/dags/kafka_load.py took 0.252 seconds
[2026-04-09T07:36:00.070+0000] {processor.py:186} INFO - Started process (PID=133) to work on /opt/airflow/dags/kafka_load.py
[2026-04-09T07:36:00.072+0000] {processor.py:914} INFO - Processing file /opt/airflow/dags/kafka_load.py for tasks to queue
[2026-04-09T07:36:00.076+0000] {logging_mixin.py:190} INFO - [2026-04-09T07:36:00.076+0000] {dagbag.py:588} INFO - Filling up the DagBag from /opt/airflow/dags/kafka_load.py
[2026-04-09T07:36:00.112+0000] {processor.py:925} INFO - DAG(s) 'kafka_producer' retrieved from /opt/airflow/dags/kafka_load.py
[2026-04-09T07:36:00.141+0000] {logging_mixin.py:190} INFO - [2026-04-09T07:36:00.140+0000] {dag.py:3239} INFO - Sync 1 DAGs
[2026-04-09T07:36:00.180+0000] {logging_mixin.py:190} INFO - [2026-04-09T07:36:00.180+0000] {dag.py:4180} INFO - Setting next_dagrun for kafka_producer to 2026-04-08 18:30:00+00:00, run_after=2026-04-09 18:30:00+00:00
[2026-04-09T07:36:00.204+0000] {processor.py:208} INFO - Processing /opt/airflow/dags/kafka_load.py took 0.143 seconds
[2026-04-09T07:36:30.672+0000] {processor.py:186} INFO - Started process (PID=136) to work on /opt/airflow/dags/kafka_load.py
[2026-04-09T07:36:30.673+0000] {processor.py:914} INFO - Processing file /opt/airflow/dags/kafka_load.py for tasks to queue
[2026-04-09T07:36:30.679+0000] {logging_mixin.py:190} INFO - [2026-04-09T07:36:30.679+0000] {dagbag.py:588} INFO - Filling up the DagBag from /opt/airflow/dags/kafka_load.py
[2026-04-09T07:36:30.712+0000] {processor.py:925} INFO - DAG(s) 'kafka_producer' retrieved from /opt/airflow/dags/kafka_load.py
[2026-04-09T07:36:30.747+0000] {logging_mixin.py:190} INFO - [2026-04-09T07:36:30.746+0000] {dag.py:3239} INFO - Sync 1 DAGs
[2026-04-09T07:36:30.782+0000] {logging_mixin.py:190} INFO - [2026-04-09T07:36:30.782+0000] {dag.py:4180} INFO - Setting next_dagrun for kafka_producer to 2026-04-08 18:30:00+00:00, run_after=2026-04-09 18:30:00+00:00
[2026-04-09T07:36:30.818+0000] {processor.py:208} INFO - Processing /opt/airflow/dags/kafka_load.py took 0.155 seconds
[2026-04-09T07:37:35.483+0000] {processor.py:186} INFO - Started process (PID=31) to work on /opt/airflow/dags/kafka_load.py
[2026-04-09T07:37:35.485+0000] {processor.py:914} INFO - Processing file /opt/airflow/dags/kafka_load.py for tasks to queue
[2026-04-09T07:37:35.488+0000] {logging_mixin.py:190} INFO - [2026-04-09T07:37:35.487+0000] {dagbag.py:588} INFO - Filling up the DagBag from /opt/airflow/dags/kafka_load.py
[2026-04-09T07:37:35.518+0000] {processor.py:925} INFO - DAG(s) 'kafka_producer' retrieved from /opt/airflow/dags/kafka_load.py
[2026-04-09T07:37:35.548+0000] {logging_mixin.py:190} INFO - [2026-04-09T07:37:35.547+0000] {dag.py:3239} INFO - Sync 1 DAGs
[2026-04-09T07:37:35.582+0000] {logging_mixin.py:190} INFO - [2026-04-09T07:37:35.582+0000] {dag.py:4180} INFO - Setting next_dagrun for kafka_producer to 2026-04-08 18:30:00+00:00, run_after=2026-04-09 18:30:00+00:00
[2026-04-09T07:37:35.609+0000] {processor.py:208} INFO - Processing /opt/airflow/dags/kafka_load.py took 0.135 seconds
[2026-04-09T07:38:06.024+0000] {processor.py:186} INFO - Started process (PID=34) to work on /opt/airflow/dags/kafka_load.py
[2026-04-09T07:38:06.025+0000] {processor.py:914} INFO - Processing file /opt/airflow/dags/kafka_load.py for tasks to queue
[2026-04-09T07:38:06.029+0000] {logging_mixin.py:190} INFO - [2026-04-09T07:38:06.028+0000] {dagbag.py:588} INFO - Filling up the DagBag from /opt/airflow/dags/kafka_load.py
[2026-04-09T07:38:06.057+0000] {processor.py:925} INFO - DAG(s) 'kafka_producer' retrieved from /opt/airflow/dags/kafka_load.py
[2026-04-09T07:38:06.085+0000] {logging_mixin.py:190} INFO - [2026-04-09T07:38:06.084+0000] {dag.py:3239} INFO - Sync 1 DAGs
[2026-04-09T07:38:06.116+0000] {logging_mixin.py:190} INFO - [2026-04-09T07:38:06.115+0000] {dag.py:4180} INFO - Setting next_dagrun for kafka_producer to 2026-04-08 18:30:00+00:00, run_after=2026-04-09 18:30:00+00:00
[2026-04-09T07:38:06.145+0000] {processor.py:208} INFO - Processing /opt/airflow/dags/kafka_load.py took 0.130 seconds
[2026-04-09T07:38:37.174+0000] {processor.py:186} INFO - Started process (PID=37) to work on /opt/airflow/dags/kafka_load.py
[2026-04-09T07:38:37.188+0000] {processor.py:914} INFO - Processing file /opt/airflow/dags/kafka_load.py for tasks to queue
[2026-04-09T07:38:37.193+0000] {logging_mixin.py:190} INFO - [2026-04-09T07:38:37.193+0000] {dagbag.py:588} INFO - Filling up the DagBag from /opt/airflow/dags/kafka_load.py
[2026-04-09T07:38:37.332+0000] {processor.py:925} INFO - DAG(s) 'kafka_producer' retrieved from /opt/airflow/dags/kafka_load.py
[2026-04-09T07:38:37.358+0000] {logging_mixin.py:190} INFO - [2026-04-09T07:38:37.358+0000] {dag.py:3239} INFO - Sync 1 DAGs
[2026-04-09T07:38:37.388+0000] {logging_mixin.py:190} INFO - [2026-04-09T07:38:37.387+0000] {dag.py:4180} INFO - Setting next_dagrun for kafka_producer to 2026-04-08 18:30:00+00:00, run_after=2026-04-09 18:30:00+00:00
[2026-04-09T07:38:37.411+0000] {processor.py:208} INFO - Processing /opt/airflow/dags/kafka_load.py took 0.261 seconds
[2026-04-09T07:39:07.638+0000] {processor.py:186} INFO - Started process (PID=40) to work on /opt/airflow/dags/kafka_load.py
[2026-04-09T07:39:07.639+0000] {processor.py:914} INFO - Processing file /opt/airflow/dags/kafka_load.py for tasks to queue
[2026-04-09T07:39:07.643+0000] {logging_mixin.py:190} INFO - [2026-04-09T07:39:07.642+0000] {dagbag.py:588} INFO - Filling up the DagBag from /opt/airflow/dags/kafka_load.py
[2026-04-09T07:39:07.681+0000] {processor.py:925} INFO - DAG(s) 'kafka_producer' retrieved from /opt/airflow/dags/kafka_load.py
[2026-04-09T07:39:07.716+0000] {logging_mixin.py:190} INFO - [2026-04-09T07:39:07.715+0000] {dag.py:3239} INFO - Sync 1 DAGs
[2026-04-09T07:39:07.751+0000] {logging_mixin.py:190} INFO - [2026-04-09T07:39:07.750+0000] {dag.py:4180} INFO - Setting next_dagrun for kafka_producer to 2026-04-08 18:30:00+00:00, run_after=2026-04-09 18:30:00+00:00
[2026-04-09T07:39:07.785+0000] {processor.py:208} INFO - Processing /opt/airflow/dags/kafka_load.py took 0.160 seconds
[2026-04-09T07:39:38.132+0000] {processor.py:186} INFO - Started process (PID=43) to work on /opt/airflow/dags/kafka_load.py
[2026-04-09T07:39:38.133+0000] {processor.py:914} INFO - Processing file /opt/airflow/dags/kafka_load.py for tasks to queue
[2026-04-09T07:39:38.137+0000] {logging_mixin.py:190} INFO - [2026-04-09T07:39:38.137+0000] {dagbag.py:588} INFO - Filling up the DagBag from /opt/airflow/dags/kafka_load.py
[2026-04-09T07:39:38.162+0000] {processor.py:925} INFO - DAG(s) 'kafka_producer' retrieved from /opt/airflow/dags/kafka_load.py
[2026-04-09T07:39:38.189+0000] {logging_mixin.py:190} INFO - [2026-04-09T07:39:38.188+0000] {dag.py:3239} INFO - Sync 1 DAGs
[2026-04-09T07:39:38.222+0000] {logging_mixin.py:190} INFO - [2026-04-09T07:39:38.222+0000] {dag.py:4180} INFO - Setting next_dagrun for kafka_producer to 2026-04-08 18:30:00+00:00, run_after=2026-04-09 18:30:00+00:00
[2026-04-09T07:39:38.255+0000] {processor.py:208} INFO - Processing /opt/airflow/dags/kafka_load.py took 0.131 seconds
[2026-04-09T07:40:08.670+0000] {processor.py:186} INFO - Started process (PID=46) to work on /opt/airflow/dags/kafka_load.py
[2026-04-09T07:40:08.671+0000] {processor.py:914} INFO - Processing file /opt/airflow/dags/kafka_load.py for tasks to queue
[2026-04-09T07:40:08.677+0000] {logging_mixin.py:190} INFO - [2026-04-09T07:40:08.676+0000] {dagbag.py:588} INFO - Filling up the DagBag from /opt/airflow/dags/kafka_load.py
[2026-04-09T07:40:08.719+0000] {processor.py:925} INFO - DAG(s) 'kafka_producer' retrieved from /opt/airflow/dags/kafka_load.py
[2026-04-09T07:40:08.750+0000] {logging_mixin.py:190} INFO - [2026-04-09T07:40:08.750+0000] {dag.py:3239} INFO - Sync 1 DAGs
[2026-04-09T07:40:08.783+0000] {logging_mixin.py:190} INFO - [2026-04-09T07:40:08.783+0000] {dag.py:4180} INFO - Setting next_dagrun for kafka_producer to 2026-04-08 18:30:00+00:00, run_after=2026-04-09 18:30:00+00:00
[2026-04-09T07:40:08.837+0000] {processor.py:208} INFO - Processing /opt/airflow/dags/kafka_load.py took 0.176 seconds
[2026-04-09T07:40:39.256+0000] {processor.py:186} INFO - Started process (PID=49) to work on /opt/airflow/dags/kafka_load.py
[2026-04-09T07:40:39.257+0000] {processor.py:914} INFO - Processing file /opt/airflow/dags/kafka_load.py for tasks to queue
[2026-04-09T07:40:39.260+0000] {logging_mixin.py:190} INFO - [2026-04-09T07:40:39.260+0000] {dagbag.py:588} INFO - Filling up the DagBag from /opt/airflow/dags/kafka_load.py
[2026-04-09T07:40:39.293+0000] {processor.py:925} INFO - DAG(s) 'kafka_producer' retrieved from /opt/airflow/dags/kafka_load.py
[2026-04-09T07:40:39.325+0000] {logging_mixin.py:190} INFO - [2026-04-09T07:40:39.325+0000] {dag.py:3239} INFO - Sync 1 DAGs
[2026-04-09T07:40:39.366+0000] {logging_mixin.py:190} INFO - [2026-04-09T07:40:39.366+0000] {dag.py:4180} INFO - Setting next_dagrun for kafka_producer to 2026-04-08 18:30:00+00:00, run_after=2026-04-09 18:30:00+00:00
[2026-04-09T07:40:39.392+0000] {processor.py:208} INFO - Processing /opt/airflow/dags/kafka_load.py took 0.145 seconds
[2026-04-09T07:41:09.965+0000] {processor.py:186} INFO - Started process (PID=52) to work on /opt/airflow/dags/kafka_load.py
[2026-04-09T07:41:09.966+0000] {processor.py:914} INFO - Processing file /opt/airflow/dags/kafka_load.py for tasks to queue
[2026-04-09T07:41:09.971+0000] {logging_mixin.py:190} INFO - [2026-04-09T07:41:09.970+0000] {dagbag.py:588} INFO - Filling up the DagBag from /opt/airflow/dags/kafka_load.py
[2026-04-09T07:41:10.015+0000] {processor.py:925} INFO - DAG(s) 'kafka_producer' retrieved from /opt/airflow/dags/kafka_load.py
[2026-04-09T07:41:10.047+0000] {logging_mixin.py:190} INFO - [2026-04-09T07:41:10.047+0000] {dag.py:3239} INFO - Sync 1 DAGs
[2026-04-09T07:41:10.081+0000] {logging_mixin.py:190} INFO - [2026-04-09T07:41:10.081+0000] {dag.py:4180} INFO - Setting next_dagrun for kafka_producer to 2026-04-08 18:30:00+00:00, run_after=2026-04-09 18:30:00+00:00
[2026-04-09T07:41:10.108+0000] {processor.py:208} INFO - Processing /opt/airflow/dags/kafka_load.py took 0.152 seconds
[2026-04-09T07:41:40.394+0000] {processor.py:186} INFO - Started process (PID=55) to work on /opt/airflow/dags/kafka_load.py
[2026-04-09T07:41:40.397+0000] {processor.py:914} INFO - Processing file /opt/airflow/dags/kafka_load.py for tasks to queue
[2026-04-09T07:41:40.402+0000] {logging_mixin.py:190} INFO - [2026-04-09T07:41:40.401+0000] {dagbag.py:588} INFO - Filling up the DagBag from /opt/airflow/dags/kafka_load.py
[2026-04-09T07:41:40.441+0000] {processor.py:925} INFO - DAG(s) 'kafka_producer' retrieved from /opt/airflow/dags/kafka_load.py
[2026-04-09T07:41:40.467+0000] {logging_mixin.py:190} INFO - [2026-04-09T07:41:40.466+0000] {dag.py:3239} INFO - Sync 1 DAGs
[2026-04-09T07:41:40.498+0000] {logging_mixin.py:190} INFO - [2026-04-09T07:41:40.498+0000] {dag.py:4180} INFO - Setting next_dagrun for kafka_producer to 2026-04-08 18:30:00+00:00, run_after=2026-04-09 18:30:00+00:00
[2026-04-09T07:41:40.524+0000] {processor.py:208} INFO - Processing /opt/airflow/dags/kafka_load.py took 0.140 seconds
[2026-04-09T07:42:10.942+0000] {processor.py:186} INFO - Started process (PID=58) to work on /opt/airflow/dags/kafka_load.py
[2026-04-09T07:42:10.944+0000] {processor.py:914} INFO - Processing file /opt/airflow/dags/kafka_load.py for tasks to queue
[2026-04-09T07:42:10.947+0000] {logging_mixin.py:190} INFO - [2026-04-09T07:42:10.947+0000] {dagbag.py:588} INFO - Filling up the DagBag from /opt/airflow/dags/kafka_load.py
[2026-04-09T07:42:10.983+0000] {processor.py:925} INFO - DAG(s) 'kafka_producer' retrieved from /opt/airflow/dags/kafka_load.py
[2026-04-09T07:42:11.011+0000] {logging_mixin.py:190} INFO - [2026-04-09T07:42:11.011+0000] {dag.py:3239} INFO - Sync 1 DAGs
[2026-04-09T07:42:11.044+0000] {logging_mixin.py:190} INFO - [2026-04-09T07:42:11.044+0000] {dag.py:4180} INFO - Setting next_dagrun for kafka_producer to 2026-04-08 18:30:00+00:00, run_after=2026-04-09 18:30:00+00:00
[2026-04-09T07:42:11.068+0000] {processor.py:208} INFO - Processing /opt/airflow/dags/kafka_load.py took 0.137 seconds
[2026-04-09T07:42:41.613+0000] {processor.py:186} INFO - Started process (PID=61) to work on /opt/airflow/dags/kafka_load.py
[2026-04-09T07:42:41.615+0000] {processor.py:914} INFO - Processing file /opt/airflow/dags/kafka_load.py for tasks to queue
[2026-04-09T07:42:41.618+0000] {logging_mixin.py:190} INFO - [2026-04-09T07:42:41.618+0000] {dagbag.py:588} INFO - Filling up the DagBag from /opt/airflow/dags/kafka_load.py
[2026-04-09T07:42:41.655+0000] {processor.py:925} INFO - DAG(s) 'kafka_producer' retrieved from /opt/airflow/dags/kafka_load.py
[2026-04-09T07:42:41.683+0000] {logging_mixin.py:190} INFO - [2026-04-09T07:42:41.682+0000] {dag.py:3239} INFO - Sync 1 DAGs
[2026-04-09T07:42:41.719+0000] {logging_mixin.py:190} INFO - [2026-04-09T07:42:41.718+0000] {dag.py:4180} INFO - Setting next_dagrun for kafka_producer to 2026-04-08 18:30:00+00:00, run_after=2026-04-09 18:30:00+00:00
[2026-04-09T07:42:41.741+0000] {processor.py:208} INFO - Processing /opt/airflow/dags/kafka_load.py took 0.137 seconds
[2026-04-09T07:43:12.240+0000] {processor.py:186} INFO - Started process (PID=64) to work on /opt/airflow/dags/kafka_load.py
[2026-04-09T07:43:12.242+0000] {processor.py:914} INFO - Processing file /opt/airflow/dags/kafka_load.py for tasks to queue
[2026-04-09T07:43:12.252+0000] {logging_mixin.py:190} INFO - [2026-04-09T07:43:12.251+0000] {dagbag.py:588} INFO - Filling up the DagBag from /opt/airflow/dags/kafka_load.py
[2026-04-09T07:43:12.300+0000] {processor.py:925} INFO - DAG(s) 'kafka_producer' retrieved from /opt/airflow/dags/kafka_load.py
[2026-04-09T07:43:12.340+0000] {logging_mixin.py:190} INFO - [2026-04-09T07:43:12.339+0000] {dag.py:3239} INFO - Sync 1 DAGs
[2026-04-09T07:43:12.391+0000] {logging_mixin.py:190} INFO - [2026-04-09T07:43:12.390+0000] {dag.py:4180} INFO - Setting next_dagrun for kafka_producer to 2026-04-08 18:30:00+00:00, run_after=2026-04-09 18:30:00+00:00
[2026-04-09T07:43:12.429+0000] {processor.py:208} INFO - Processing /opt/airflow/dags/kafka_load.py took 0.198 seconds
[2026-04-09T07:43:42.894+0000] {processor.py:186} INFO - Started process (PID=67) to work on /opt/airflow/dags/kafka_load.py
[2026-04-09T07:43:42.896+0000] {processor.py:914} INFO - Processing file /opt/airflow/dags/kafka_load.py for tasks to queue
[2026-04-09T07:43:42.901+0000] {logging_mixin.py:190} INFO - [2026-04-09T07:43:42.901+0000] {dagbag.py:588} INFO - Filling up the DagBag from /opt/airflow/dags/kafka_load.py
[2026-04-09T07:43:42.942+0000] {processor.py:925} INFO - DAG(s) 'kafka_producer' retrieved from /opt/airflow/dags/kafka_load.py
[2026-04-09T07:43:42.979+0000] {logging_mixin.py:190} INFO - [2026-04-09T07:43:42.979+0000] {dag.py:3239} INFO - Sync 1 DAGs
[2026-04-09T07:43:43.043+0000] {logging_mixin.py:190} INFO - [2026-04-09T07:43:43.043+0000] {dag.py:4180} INFO - Setting next_dagrun for kafka_producer to 2026-04-08 18:30:00+00:00, run_after=2026-04-09 18:30:00+00:00
[2026-04-09T07:43:43.076+0000] {processor.py:208} INFO - Processing /opt/airflow/dags/kafka_load.py took 0.192 seconds
[2026-04-09T07:44:13.512+0000] {processor.py:186} INFO - Started process (PID=70) to work on /opt/airflow/dags/kafka_load.py
[2026-04-09T07:44:13.514+0000] {processor.py:914} INFO - Processing file /opt/airflow/dags/kafka_load.py for tasks to queue
[2026-04-09T07:44:13.519+0000] {logging_mixin.py:190} INFO - [2026-04-09T07:44:13.517+0000] {dagbag.py:588} INFO - Filling up the DagBag from /opt/airflow/dags/kafka_load.py
[2026-04-09T07:44:13.558+0000] {processor.py:925} INFO - DAG(s) 'kafka_producer' retrieved from /opt/airflow/dags/kafka_load.py
[2026-04-09T07:44:13.585+0000] {logging_mixin.py:190} INFO - [2026-04-09T07:44:13.584+0000] {dag.py:3239} INFO - Sync 1 DAGs
[2026-04-09T07:44:13.618+0000] {logging_mixin.py:190} INFO - [2026-04-09T07:44:13.617+0000] {dag.py:4180} INFO - Setting next_dagrun for kafka_producer to 2026-04-08 18:30:00+00:00, run_after=2026-04-09 18:30:00+00:00
[2026-04-09T07:44:13.646+0000] {processor.py:208} INFO - Processing /opt/airflow/dags/kafka_load.py took 0.146 seconds
[2026-04-09T07:44:44.064+0000] {processor.py:186} INFO - Started process (PID=73) to work on /opt/airflow/dags/kafka_load.py
[2026-04-09T07:44:44.065+0000] {processor.py:914} INFO - Processing file /opt/airflow/dags/kafka_load.py for tasks to queue
[2026-04-09T07:44:44.069+0000] {logging_mixin.py:190} INFO - [2026-04-09T07:44:44.068+0000] {dagbag.py:588} INFO - Filling up the DagBag from /opt/airflow/dags/kafka_load.py
[2026-04-09T07:44:44.109+0000] {processor.py:925} INFO - DAG(s) 'kafka_producer' retrieved from /opt/airflow/dags/kafka_load.py
[2026-04-09T07:44:44.138+0000] {logging_mixin.py:190} INFO - [2026-04-09T07:44:44.137+0000] {dag.py:3239} INFO - Sync 1 DAGs
[2026-04-09T07:44:44.170+0000] {logging_mixin.py:190} INFO - [2026-04-09T07:44:44.169+0000] {dag.py:4180} INFO - Setting next_dagrun for kafka_producer to 2026-04-08 18:30:00+00:00, run_after=2026-04-09 18:30:00+00:00
[2026-04-09T07:44:44.197+0000] {processor.py:208} INFO - Processing /opt/airflow/dags/kafka_load.py took 0.143 seconds
[2026-04-09T07:45:14.679+0000] {processor.py:186} INFO - Started process (PID=76) to work on /opt/airflow/dags/kafka_load.py
[2026-04-09T07:45:14.681+0000] {processor.py:914} INFO - Processing file /opt/airflow/dags/kafka_load.py for tasks to queue
[2026-04-09T07:45:14.685+0000] {logging_mixin.py:190} INFO - [2026-04-09T07:45:14.685+0000] {dagbag.py:588} INFO - Filling up the DagBag from /opt/airflow/dags/kafka_load.py
[2026-04-09T07:45:14.718+0000] {processor.py:925} INFO - DAG(s) 'kafka_producer' retrieved from /opt/airflow/dags/kafka_load.py
[2026-04-09T07:45:14.745+0000] {logging_mixin.py:190} INFO - [2026-04-09T07:45:14.745+0000] {dag.py:3239} INFO - Sync 1 DAGs
[2026-04-09T07:45:14.778+0000] {logging_mixin.py:190} INFO - [2026-04-09T07:45:14.778+0000] {dag.py:4180} INFO - Setting next_dagrun for kafka_producer to 2026-04-08 18:30:00+00:00, run_after=2026-04-09 18:30:00+00:00
[2026-04-09T07:45:14.801+0000] {processor.py:208} INFO - Processing /opt/airflow/dags/kafka_load.py took 0.133 seconds
[2026-04-09T07:45:45.313+0000] {processor.py:186} INFO - Started process (PID=79) to work on /opt/airflow/dags/kafka_load.py
[2026-04-09T07:45:45.316+0000] {processor.py:914} INFO - Processing file /opt/airflow/dags/kafka_load.py for tasks to queue
[2026-04-09T07:45:45.321+0000] {logging_mixin.py:190} INFO - [2026-04-09T07:45:45.320+0000] {dagbag.py:588} INFO - Filling up the DagBag from /opt/airflow/dags/kafka_load.py
[2026-04-09T07:45:45.372+0000] {processor.py:925} INFO - DAG(s) 'kafka_producer' retrieved from /opt/airflow/dags/kafka_load.py
[2026-04-09T07:45:45.407+0000] {logging_mixin.py:190} INFO - [2026-04-09T07:45:45.407+0000] {dag.py:3239} INFO - Sync 1 DAGs
[2026-04-09T07:45:45.440+0000] {logging_mixin.py:190} INFO - [2026-04-09T07:45:45.440+0000] {dag.py:4180} INFO - Setting next_dagrun for kafka_producer to 2026-04-08 18:30:00+00:00, run_after=2026-04-09 18:30:00+00:00
[2026-04-09T07:45:45.611+0000] {processor.py:208} INFO - Processing /opt/airflow/dags/kafka_load.py took 0.315 seconds
[2026-04-09T07:46:15.918+0000] {processor.py:186} INFO - Started process (PID=82) to work on /opt/airflow/dags/kafka_load.py
[2026-04-09T07:46:15.919+0000] {processor.py:914} INFO - Processing file /opt/airflow/dags/kafka_load.py for tasks to queue
[2026-04-09T07:46:15.923+0000] {logging_mixin.py:190} INFO - [2026-04-09T07:46:15.923+0000] {dagbag.py:588} INFO - Filling up the DagBag from /opt/airflow/dags/kafka_load.py
[2026-04-09T07:46:15.963+0000] {processor.py:925} INFO - DAG(s) 'kafka_producer' retrieved from /opt/airflow/dags/kafka_load.py
[2026-04-09T07:46:15.992+0000] {logging_mixin.py:190} INFO - [2026-04-09T07:46:15.991+0000] {dag.py:3239} INFO - Sync 1 DAGs
[2026-04-09T07:46:16.032+0000] {logging_mixin.py:190} INFO - [2026-04-09T07:46:16.031+0000] {dag.py:4180} INFO - Setting next_dagrun for kafka_producer to 2026-04-08 18:30:00+00:00, run_after=2026-04-09 18:30:00+00:00
[2026-04-09T07:46:16.057+0000] {processor.py:208} INFO - Processing /opt/airflow/dags/kafka_load.py took 0.148 seconds
[2026-04-09T07:46:46.618+0000] {processor.py:186} INFO - Started process (PID=85) to work on /opt/airflow/dags/kafka_load.py
[2026-04-09T07:46:46.619+0000] {processor.py:914} INFO - Processing file /opt/airflow/dags/kafka_load.py for tasks to queue
[2026-04-09T07:46:46.627+0000] {logging_mixin.py:190} INFO - [2026-04-09T07:46:46.626+0000] {dagbag.py:588} INFO - Filling up the DagBag from /opt/airflow/dags/kafka_load.py
[2026-04-09T07:46:46.664+0000] {processor.py:925} INFO - DAG(s) 'kafka_producer' retrieved from /opt/airflow/dags/kafka_load.py
[2026-04-09T07:46:46.690+0000] {logging_mixin.py:190} INFO - [2026-04-09T07:46:46.690+0000] {dag.py:3239} INFO - Sync 1 DAGs
[2026-04-09T07:46:46.725+0000] {logging_mixin.py:190} INFO - [2026-04-09T07:46:46.724+0000] {dag.py:4180} INFO - Setting next_dagrun for kafka_producer to 2026-04-08 18:30:00+00:00, run_after=2026-04-09 18:30:00+00:00
[2026-04-09T07:46:46.750+0000] {processor.py:208} INFO - Processing /opt/airflow/dags/kafka_load.py took 0.143 seconds
[2026-04-09T07:47:17.227+0000] {processor.py:186} INFO - Started process (PID=88) to work on /opt/airflow/dags/kafka_load.py
[2026-04-09T07:47:17.229+0000] {processor.py:914} INFO - Processing file /opt/airflow/dags/kafka_load.py for tasks to queue
[2026-04-09T07:47:17.232+0000] {logging_mixin.py:190} INFO - [2026-04-09T07:47:17.232+0000] {dagbag.py:588} INFO - Filling up the DagBag from /opt/airflow/dags/kafka_load.py
[2026-04-09T07:47:17.276+0000] {processor.py:925} INFO - DAG(s) 'kafka_producer' retrieved from /opt/airflow/dags/kafka_load.py
[2026-04-09T07:47:17.303+0000] {logging_mixin.py:190} INFO - [2026-04-09T07:47:17.303+0000] {dag.py:3239} INFO - Sync 1 DAGs
[2026-04-09T07:47:17.338+0000] {logging_mixin.py:190} INFO - [2026-04-09T07:47:17.337+0000] {dag.py:4180} INFO - Setting next_dagrun for kafka_producer to 2026-04-08 18:30:00+00:00, run_after=2026-04-09 18:30:00+00:00
[2026-04-09T07:47:17.362+0000] {processor.py:208} INFO - Processing /opt/airflow/dags/kafka_load.py took 0.144 seconds
[2026-04-09T07:47:47.946+0000] {processor.py:186} INFO - Started process (PID=91) to work on /opt/airflow/dags/kafka_load.py
[2026-04-09T07:47:47.947+0000] {processor.py:914} INFO - Processing file /opt/airflow/dags/kafka_load.py for tasks to queue
[2026-04-09T07:47:47.951+0000] {logging_mixin.py:190} INFO - [2026-04-09T07:47:47.950+0000] {dagbag.py:588} INFO - Filling up the DagBag from /opt/airflow/dags/kafka_load.py
[2026-04-09T07:47:47.994+0000] {processor.py:925} INFO - DAG(s) 'kafka_producer' retrieved from /opt/airflow/dags/kafka_load.py
[2026-04-09T07:47:48.026+0000] {logging_mixin.py:190} INFO - [2026-04-09T07:47:48.026+0000] {dag.py:3239} INFO - Sync 1 DAGs
[2026-04-09T07:47:48.067+0000] {logging_mixin.py:190} INFO - [2026-04-09T07:47:48.067+0000] {dag.py:4180} INFO - Setting next_dagrun for kafka_producer to 2026-04-08 18:30:00+00:00, run_after=2026-04-09 18:30:00+00:00
[2026-04-09T07:47:48.098+0000] {processor.py:208} INFO - Processing /opt/airflow/dags/kafka_load.py took 0.162 seconds
[2026-04-09T07:48:18.566+0000] {processor.py:186} INFO - Started process (PID=94) to work on /opt/airflow/dags/kafka_load.py
[2026-04-09T07:48:18.567+0000] {processor.py:914} INFO - Processing file /opt/airflow/dags/kafka_load.py for tasks to queue
[2026-04-09T07:48:18.572+0000] {logging_mixin.py:190} INFO - [2026-04-09T07:48:18.571+0000] {dagbag.py:588} INFO - Filling up the DagBag from /opt/airflow/dags/kafka_load.py
[2026-04-09T07:48:18.605+0000] {processor.py:925} INFO - DAG(s) 'kafka_producer' retrieved from /opt/airflow/dags/kafka_load.py
[2026-04-09T07:48:18.644+0000] {logging_mixin.py:190} INFO - [2026-04-09T07:48:18.644+0000] {dag.py:3239} INFO - Sync 1 DAGs
[2026-04-09T07:48:18.683+0000] {logging_mixin.py:190} INFO - [2026-04-09T07:48:18.683+0000] {dag.py:4180} INFO - Setting next_dagrun for kafka_producer to 2026-04-08 18:30:00+00:00, run_after=2026-04-09 18:30:00+00:00
[2026-04-09T07:48:18.709+0000] {processor.py:208} INFO - Processing /opt/airflow/dags/kafka_load.py took 0.152 seconds
[2026-04-09T07:48:49.181+0000] {processor.py:186} INFO - Started process (PID=97) to work on /opt/airflow/dags/kafka_load.py
[2026-04-09T07:48:49.182+0000] {processor.py:914} INFO - Processing file /opt/airflow/dags/kafka_load.py for tasks to queue
[2026-04-09T07:48:49.187+0000] {logging_mixin.py:190} INFO - [2026-04-09T07:48:49.187+0000] {dagbag.py:588} INFO - Filling up the DagBag from /opt/airflow/dags/kafka_load.py
[2026-04-09T07:48:49.271+0000] {processor.py:925} INFO - DAG(s) 'kafka_producer' retrieved from /opt/airflow/dags/kafka_load.py
[2026-04-09T07:48:49.317+0000] {logging_mixin.py:190} INFO - [2026-04-09T07:48:49.310+0000] {dag.py:3239} INFO - Sync 1 DAGs
[2026-04-09T07:48:49.360+0000] {logging_mixin.py:190} INFO - [2026-04-09T07:48:49.360+0000] {dag.py:4180} INFO - Setting next_dagrun for kafka_producer to 2026-04-08 18:30:00+00:00, run_after=2026-04-09 18:30:00+00:00
[2026-04-09T07:48:49.390+0000] {processor.py:208} INFO - Processing /opt/airflow/dags/kafka_load.py took 0.221 seconds
[2026-04-09T07:49:19.826+0000] {processor.py:186} INFO - Started process (PID=100) to work on /opt/airflow/dags/kafka_load.py
[2026-04-09T07:49:19.830+0000] {processor.py:914} INFO - Processing file /opt/airflow/dags/kafka_load.py for tasks to queue
[2026-04-09T07:49:19.835+0000] {logging_mixin.py:190} INFO - [2026-04-09T07:49:19.835+0000] {dagbag.py:588} INFO - Filling up the DagBag from /opt/airflow/dags/kafka_load.py
[2026-04-09T07:49:19.882+0000] {processor.py:925} INFO - DAG(s) 'kafka_producer' retrieved from /opt/airflow/dags/kafka_load.py
[2026-04-09T07:49:19.914+0000] {logging_mixin.py:190} INFO - [2026-04-09T07:49:19.914+0000] {dag.py:3239} INFO - Sync 1 DAGs
[2026-04-09T07:49:19.952+0000] {logging_mixin.py:190} INFO - [2026-04-09T07:49:19.951+0000] {dag.py:4180} INFO - Setting next_dagrun for kafka_producer to 2026-04-08 18:30:00+00:00, run_after=2026-04-09 18:30:00+00:00
[2026-04-09T07:49:19.976+0000] {processor.py:208} INFO - Processing /opt/airflow/dags/kafka_load.py took 0.161 seconds
[2026-04-09T07:49:50.494+0000] {processor.py:186} INFO - Started process (PID=103) to work on /opt/airflow/dags/kafka_load.py
[2026-04-09T07:49:50.497+0000] {processor.py:914} INFO - Processing file /opt/airflow/dags/kafka_load.py for tasks to queue
[2026-04-09T07:49:50.508+0000] {logging_mixin.py:190} INFO - [2026-04-09T07:49:50.508+0000] {dagbag.py:588} INFO - Filling up the DagBag from /opt/airflow/dags/kafka_load.py
[2026-04-09T07:49:50.602+0000] {processor.py:925} INFO - DAG(s) 'kafka_producer' retrieved from /opt/airflow/dags/kafka_load.py
[2026-04-09T07:49:50.677+0000] {logging_mixin.py:190} INFO - [2026-04-09T07:49:50.676+0000] {dag.py:3239} INFO - Sync 1 DAGs
[2026-04-09T07:49:50.780+0000] {logging_mixin.py:190} INFO - [2026-04-09T07:49:50.779+0000] {dag.py:4180} INFO - Setting next_dagrun for kafka_producer to 2026-04-08 18:30:00+00:00, run_after=2026-04-09 18:30:00+00:00
[2026-04-09T07:49:50.850+0000] {processor.py:208} INFO - Processing /opt/airflow/dags/kafka_load.py took 0.367 seconds
[2026-04-09T07:50:21.368+0000] {processor.py:186} INFO - Started process (PID=106) to work on /opt/airflow/dags/kafka_load.py
[2026-04-09T07:50:21.370+0000] {processor.py:914} INFO - Processing file /opt/airflow/dags/kafka_load.py for tasks to queue
[2026-04-09T07:50:21.375+0000] {logging_mixin.py:190} INFO - [2026-04-09T07:50:21.375+0000] {dagbag.py:588} INFO - Filling up the DagBag from /opt/airflow/dags/kafka_load.py
[2026-04-09T07:50:21.414+0000] {processor.py:925} INFO - DAG(s) 'kafka_producer' retrieved from /opt/airflow/dags/kafka_load.py
[2026-04-09T07:50:21.444+0000] {logging_mixin.py:190} INFO - [2026-04-09T07:50:21.443+0000] {dag.py:3239} INFO - Sync 1 DAGs
[2026-04-09T07:50:21.476+0000] {logging_mixin.py:190} INFO - [2026-04-09T07:50:21.475+0000] {dag.py:4180} INFO - Setting next_dagrun for kafka_producer to 2026-04-08 18:30:00+00:00, run_after=2026-04-09 18:30:00+00:00
[2026-04-09T07:50:21.499+0000] {processor.py:208} INFO - Processing /opt/airflow/dags/kafka_load.py took 0.142 seconds
[2026-04-09T07:50:23.561+0000] {processor.py:186} INFO - Started process (PID=107) to work on /opt/airflow/dags/kafka_load.py
[2026-04-09T07:50:23.566+0000] {processor.py:914} INFO - Processing file /opt/airflow/dags/kafka_load.py for tasks to queue
[2026-04-09T07:50:23.570+0000] {logging_mixin.py:190} INFO - [2026-04-09T07:50:23.569+0000] {dagbag.py:588} INFO - Filling up the DagBag from /opt/airflow/dags/kafka_load.py
[2026-04-09T07:50:23.608+0000] {processor.py:925} INFO - DAG(s) 'kafka_producer' retrieved from /opt/airflow/dags/kafka_load.py
[2026-04-09T07:50:23.639+0000] {logging_mixin.py:190} INFO - [2026-04-09T07:50:23.639+0000] {dag.py:3239} INFO - Sync 1 DAGs
[2026-04-09T07:50:23.684+0000] {logging_mixin.py:190} INFO - [2026-04-09T07:50:23.684+0000] {dag.py:4180} INFO - Setting next_dagrun for kafka_producer to 2026-04-08 18:30:00+00:00, run_after=2026-04-09 18:30:00+00:00
[2026-04-09T07:50:23.710+0000] {processor.py:208} INFO - Processing /opt/airflow/dags/kafka_load.py took 0.159 seconds
[2026-04-09T07:50:55.473+0000] {processor.py:186} INFO - Started process (PID=110) to work on /opt/airflow/dags/kafka_load.py
[2026-04-09T07:50:55.477+0000] {processor.py:914} INFO - Processing file /opt/airflow/dags/kafka_load.py for tasks to queue
[2026-04-09T07:50:56.865+0000] {logging_mixin.py:190} INFO - [2026-04-09T07:50:55.480+0000] {dagbag.py:588} INFO - Filling up the DagBag from /opt/airflow/dags/kafka_load.py
[2026-04-09T07:51:09.024+0000] {processor.py:925} INFO - DAG(s) 'kafka_producer' retrieved from /opt/airflow/dags/kafka_load.py
[2026-04-09T07:51:09.108+0000] {logging_mixin.py:190} INFO - [2026-04-09T07:51:09.107+0000] {dag.py:3239} INFO - Sync 1 DAGs
[2026-04-09T07:51:11.173+0000] {logging_mixin.py:190} INFO - [2026-04-09T07:51:11.172+0000] {dag.py:4180} INFO - Setting next_dagrun for kafka_producer to 2026-04-08 18:30:00+00:00, run_after=2026-04-09 18:30:00+00:00
[2026-04-09T07:51:11.891+0000] {processor.py:208} INFO - Processing /opt/airflow/dags/kafka_load.py took 17.143 seconds
[2026-04-09T07:51:42.224+0000] {processor.py:186} INFO - Started process (PID=115) to work on /opt/airflow/dags/kafka_load.py
[2026-04-09T07:51:42.226+0000] {processor.py:914} INFO - Processing file /opt/airflow/dags/kafka_load.py for tasks to queue
[2026-04-09T07:51:42.240+0000] {logging_mixin.py:190} INFO - [2026-04-09T07:51:42.239+0000] {dagbag.py:588} INFO - Filling up the DagBag from /opt/airflow/dags/kafka_load.py
[2026-04-09T07:51:42.422+0000] {processor.py:925} INFO - DAG(s) 'kafka_producer' retrieved from /opt/airflow/dags/kafka_load.py
[2026-04-09T07:51:42.534+0000] {logging_mixin.py:190} INFO - [2026-04-09T07:51:42.534+0000] {dag.py:3239} INFO - Sync 1 DAGs
[2026-04-09T07:51:42.594+0000] {logging_mixin.py:190} INFO - [2026-04-09T07:51:42.594+0000] {dag.py:4180} INFO - Setting next_dagrun for kafka_producer to 2026-04-08 18:30:00+00:00, run_after=2026-04-09 18:30:00+00:00
[2026-04-09T07:51:42.621+0000] {processor.py:208} INFO - Processing /opt/airflow/dags/kafka_load.py took 0.416 seconds
[2026-04-09T07:52:13.294+0000] {processor.py:186} INFO - Started process (PID=118) to work on /opt/airflow/dags/kafka_load.py
[2026-04-09T07:52:13.295+0000] {processor.py:914} INFO - Processing file /opt/airflow/dags/kafka_load.py for tasks to queue
[2026-04-09T07:52:13.302+0000] {logging_mixin.py:190} INFO - [2026-04-09T07:52:13.301+0000] {dagbag.py:588} INFO - Filling up the DagBag from /opt/airflow/dags/kafka_load.py
[2026-04-09T07:52:13.334+0000] {processor.py:925} INFO - DAG(s) 'kafka_producer' retrieved from /opt/airflow/dags/kafka_load.py
[2026-04-09T07:52:13.373+0000] {logging_mixin.py:190} INFO - [2026-04-09T07:52:13.372+0000] {dag.py:3239} INFO - Sync 1 DAGs
[2026-04-09T07:52:13.435+0000] {logging_mixin.py:190} INFO - [2026-04-09T07:52:13.435+0000] {dag.py:4180} INFO - Setting next_dagrun for kafka_producer to 2026-04-08 18:30:00+00:00, run_after=2026-04-09 18:30:00+00:00
[2026-04-09T07:52:13.463+0000] {processor.py:208} INFO - Processing /opt/airflow/dags/kafka_load.py took 0.178 seconds
[2026-04-09T07:52:43.936+0000] {processor.py:186} INFO - Started process (PID=121) to work on /opt/airflow/dags/kafka_load.py
[2026-04-09T07:52:43.938+0000] {processor.py:914} INFO - Processing file /opt/airflow/dags/kafka_load.py for tasks to queue
[2026-04-09T07:52:43.941+0000] {logging_mixin.py:190} INFO - [2026-04-09T07:52:43.941+0000] {dagbag.py:588} INFO - Filling up the DagBag from /opt/airflow/dags/kafka_load.py
[2026-04-09T07:52:43.977+0000] {processor.py:925} INFO - DAG(s) 'kafka_producer' retrieved from /opt/airflow/dags/kafka_load.py
[2026-04-09T07:52:44.009+0000] {logging_mixin.py:190} INFO - [2026-04-09T07:52:44.009+0000] {dag.py:3239} INFO - Sync 1 DAGs
[2026-04-09T07:52:44.047+0000] {logging_mixin.py:190} INFO - [2026-04-09T07:52:44.046+0000] {dag.py:4180} INFO - Setting next_dagrun for kafka_producer to 2026-04-07 18:30:00+00:00, run_after=2026-04-08 18:30:00+00:00
[2026-04-09T07:52:44.084+0000] {processor.py:208} INFO - Processing /opt/airflow/dags/kafka_load.py took 0.157 seconds
[2026-04-09T07:53:14.863+0000] {processor.py:186} INFO - Started process (PID=124) to work on /opt/airflow/dags/kafka_load.py
[2026-04-09T07:53:14.875+0000] {processor.py:914} INFO - Processing file /opt/airflow/dags/kafka_load.py for tasks to queue
[2026-04-09T07:53:14.903+0000] {logging_mixin.py:190} INFO - [2026-04-09T07:53:14.897+0000] {dagbag.py:588} INFO - Filling up the DagBag from /opt/airflow/dags/kafka_load.py
[2026-04-09T07:53:15.182+0000] {processor.py:925} INFO - DAG(s) 'kafka_producer' retrieved from /opt/airflow/dags/kafka_load.py
[2026-04-09T07:53:15.239+0000] {logging_mixin.py:190} INFO - [2026-04-09T07:53:15.239+0000] {dag.py:3239} INFO - Sync 1 DAGs
[2026-04-09T07:53:15.385+0000] {logging_mixin.py:190} INFO - [2026-04-09T07:53:15.383+0000] {dag.py:4180} INFO - Setting next_dagrun for kafka_producer to 2026-04-08 18:30:00+00:00, run_after=2026-04-09 18:30:00+00:00
[2026-04-09T07:53:15.434+0000] {processor.py:208} INFO - Processing /opt/airflow/dags/kafka_load.py took 0.639 seconds
[2026-04-09T07:53:46.372+0000] {processor.py:186} INFO - Started process (PID=127) to work on /opt/airflow/dags/kafka_load.py
[2026-04-09T07:53:46.374+0000] {processor.py:914} INFO - Processing file /opt/airflow/dags/kafka_load.py for tasks to queue
[2026-04-09T07:53:46.378+0000] {logging_mixin.py:190} INFO - [2026-04-09T07:53:46.378+0000] {dagbag.py:588} INFO - Filling up the DagBag from /opt/airflow/dags/kafka_load.py
[2026-04-09T07:53:46.428+0000] {processor.py:925} INFO - DAG(s) 'kafka_producer' retrieved from /opt/airflow/dags/kafka_load.py
[2026-04-09T07:53:46.460+0000] {logging_mixin.py:190} INFO - [2026-04-09T07:53:46.459+0000] {dag.py:3239} INFO - Sync 1 DAGs
[2026-04-09T07:53:46.501+0000] {logging_mixin.py:190} INFO - [2026-04-09T07:53:46.501+0000] {dag.py:4180} INFO - Setting next_dagrun for kafka_producer to 2026-04-08 18:30:00+00:00, run_after=2026-04-09 18:30:00+00:00
[2026-04-09T07:53:46.530+0000] {processor.py:208} INFO - Processing /opt/airflow/dags/kafka_load.py took 0.167 seconds
[2026-04-09T07:54:17.114+0000] {processor.py:186} INFO - Started process (PID=130) to work on /opt/airflow/dags/kafka_load.py
[2026-04-09T07:54:17.115+0000] {processor.py:914} INFO - Processing file /opt/airflow/dags/kafka_load.py for tasks to queue
[2026-04-09T07:54:17.120+0000] {logging_mixin.py:190} INFO - [2026-04-09T07:54:17.119+0000] {dagbag.py:588} INFO - Filling up the DagBag from /opt/airflow/dags/kafka_load.py
[2026-04-09T07:54:17.156+0000] {processor.py:925} INFO - DAG(s) 'kafka_producer' retrieved from /opt/airflow/dags/kafka_load.py
[2026-04-09T07:54:17.187+0000] {logging_mixin.py:190} INFO - [2026-04-09T07:54:17.187+0000] {dag.py:3239} INFO - Sync 1 DAGs
[2026-04-09T07:54:17.227+0000] {logging_mixin.py:190} INFO - [2026-04-09T07:54:17.227+0000] {dag.py:4180} INFO - Setting next_dagrun for kafka_producer to 2026-04-08 18:30:00+00:00, run_after=2026-04-09 18:30:00+00:00
[2026-04-09T07:54:17.261+0000] {processor.py:208} INFO - Processing /opt/airflow/dags/kafka_load.py took 0.158 seconds
[2026-04-09T07:54:48.047+0000] {processor.py:186} INFO - Started process (PID=133) to work on /opt/airflow/dags/kafka_load.py
[2026-04-09T07:54:48.048+0000] {processor.py:914} INFO - Processing file /opt/airflow/dags/kafka_load.py for tasks to queue
[2026-04-09T07:54:48.052+0000] {logging_mixin.py:190} INFO - [2026-04-09T07:54:48.051+0000] {dagbag.py:588} INFO - Filling up the DagBag from /opt/airflow/dags/kafka_load.py
[2026-04-09T07:54:48.085+0000] {processor.py:925} INFO - DAG(s) 'kafka_producer' retrieved from /opt/airflow/dags/kafka_load.py
[2026-04-09T07:54:48.114+0000] {logging_mixin.py:190} INFO - [2026-04-09T07:54:48.114+0000] {dag.py:3239} INFO - Sync 1 DAGs
[2026-04-09T07:54:48.153+0000] {logging_mixin.py:190} INFO - [2026-04-09T07:54:48.152+0000] {dag.py:4180} INFO - Setting next_dagrun for kafka_producer to 2026-04-08 18:30:00+00:00, run_after=2026-04-09 18:30:00+00:00
[2026-04-09T07:54:48.187+0000] {processor.py:208} INFO - Processing /opt/airflow/dags/kafka_load.py took 0.159 seconds
[2026-04-09T15:04:56.131+0000] {processor.py:186} INFO - Started process (PID=43) to work on /opt/airflow/dags/kafka_load.py
[2026-04-09T15:04:56.135+0000] {processor.py:914} INFO - Processing file /opt/airflow/dags/kafka_load.py for tasks to queue
[2026-04-09T15:04:56.140+0000] {logging_mixin.py:190} INFO - [2026-04-09T15:04:56.139+0000] {dagbag.py:588} INFO - Filling up the DagBag from /opt/airflow/dags/kafka_load.py
[2026-04-09T15:04:56.204+0000] {processor.py:925} INFO - DAG(s) 'kafka_producer' retrieved from /opt/airflow/dags/kafka_load.py
[2026-04-09T15:04:56.257+0000] {logging_mixin.py:190} INFO - [2026-04-09T15:04:56.257+0000] {dag.py:3239} INFO - Sync 1 DAGs
[2026-04-09T15:04:56.307+0000] {logging_mixin.py:190} INFO - [2026-04-09T15:04:56.307+0000] {dag.py:4180} INFO - Setting next_dagrun for kafka_producer to 2026-04-08 18:30:00+00:00, run_after=2026-04-09 18:30:00+00:00
[2026-04-09T15:04:56.341+0000] {processor.py:208} INFO - Processing /opt/airflow/dags/kafka_load.py took 0.228 seconds
[2026-04-09T15:05:26.808+0000] {processor.py:186} INFO - Started process (PID=46) to work on /opt/airflow/dags/kafka_load.py
[2026-04-09T15:05:26.809+0000] {processor.py:914} INFO - Processing file /opt/airflow/dags/kafka_load.py for tasks to queue
[2026-04-09T15:05:26.812+0000] {logging_mixin.py:190} INFO - [2026-04-09T15:05:26.812+0000] {dagbag.py:588} INFO - Filling up the DagBag from /opt/airflow/dags/kafka_load.py
[2026-04-09T15:05:26.842+0000] {processor.py:925} INFO - DAG(s) 'kafka_producer' retrieved from /opt/airflow/dags/kafka_load.py
[2026-04-09T15:05:26.870+0000] {logging_mixin.py:190} INFO - [2026-04-09T15:05:26.870+0000] {dag.py:3239} INFO - Sync 1 DAGs
[2026-04-09T15:05:26.901+0000] {logging_mixin.py:190} INFO - [2026-04-09T15:05:26.900+0000] {dag.py:4180} INFO - Setting next_dagrun for kafka_producer to 2026-04-08 18:30:00+00:00, run_after=2026-04-09 18:30:00+00:00
[2026-04-09T15:05:26.928+0000] {processor.py:208} INFO - Processing /opt/airflow/dags/kafka_load.py took 0.129 seconds
[2026-04-09T15:05:57.303+0000] {processor.py:186} INFO - Started process (PID=49) to work on /opt/airflow/dags/kafka_load.py
[2026-04-09T15:05:57.304+0000] {processor.py:914} INFO - Processing file /opt/airflow/dags/kafka_load.py for tasks to queue
[2026-04-09T15:05:57.307+0000] {logging_mixin.py:190} INFO - [2026-04-09T15:05:57.307+0000] {dagbag.py:588} INFO - Filling up the DagBag from /opt/airflow/dags/kafka_load.py
[2026-04-09T15:05:57.333+0000] {processor.py:925} INFO - DAG(s) 'kafka_producer' retrieved from /opt/airflow/dags/kafka_load.py
[2026-04-09T15:05:57.356+0000] {logging_mixin.py:190} INFO - [2026-04-09T15:05:57.355+0000] {dag.py:3239} INFO - Sync 1 DAGs
[2026-04-09T15:05:57.386+0000] {logging_mixin.py:190} INFO - [2026-04-09T15:05:57.385+0000] {dag.py:4180} INFO - Setting next_dagrun for kafka_producer to 2026-04-08 18:30:00+00:00, run_after=2026-04-09 18:30:00+00:00
[2026-04-09T15:05:57.413+0000] {processor.py:208} INFO - Processing /opt/airflow/dags/kafka_load.py took 0.118 seconds
[2026-04-09T15:06:27.911+0000] {processor.py:186} INFO - Started process (PID=52) to work on /opt/airflow/dags/kafka_load.py
[2026-04-09T15:06:27.913+0000] {processor.py:914} INFO - Processing file /opt/airflow/dags/kafka_load.py for tasks to queue
[2026-04-09T15:06:27.919+0000] {logging_mixin.py:190} INFO - [2026-04-09T15:06:27.918+0000] {dagbag.py:588} INFO - Filling up the DagBag from /opt/airflow/dags/kafka_load.py
[2026-04-09T15:06:27.950+0000] {processor.py:925} INFO - DAG(s) 'kafka_producer' retrieved from /opt/airflow/dags/kafka_load.py
[2026-04-09T15:06:27.977+0000] {logging_mixin.py:190} INFO - [2026-04-09T15:06:27.977+0000] {dag.py:3239} INFO - Sync 1 DAGs
[2026-04-09T15:06:28.006+0000] {logging_mixin.py:190} INFO - [2026-04-09T15:06:28.005+0000] {dag.py:4180} INFO - Setting next_dagrun for kafka_producer to 2026-04-08 18:30:00+00:00, run_after=2026-04-09 18:30:00+00:00
[2026-04-09T15:06:28.033+0000] {processor.py:208} INFO - Processing /opt/airflow/dags/kafka_load.py took 0.132 seconds
[2026-04-09T15:06:58.426+0000] {processor.py:186} INFO - Started process (PID=55) to work on /opt/airflow/dags/kafka_load.py
[2026-04-09T15:06:58.427+0000] {processor.py:914} INFO - Processing file /opt/airflow/dags/kafka_load.py for tasks to queue
[2026-04-09T15:06:58.430+0000] {logging_mixin.py:190} INFO - [2026-04-09T15:06:58.430+0000] {dagbag.py:588} INFO - Filling up the DagBag from /opt/airflow/dags/kafka_load.py
[2026-04-09T15:06:58.469+0000] {processor.py:925} INFO - DAG(s) 'kafka_producer' retrieved from /opt/airflow/dags/kafka_load.py
[2026-04-09T15:06:58.499+0000] {logging_mixin.py:190} INFO - [2026-04-09T15:06:58.499+0000] {dag.py:3239} INFO - Sync 1 DAGs
[2026-04-09T15:06:58.531+0000] {logging_mixin.py:190} INFO - [2026-04-09T15:06:58.531+0000] {dag.py:4180} INFO - Setting next_dagrun for kafka_producer to 2026-04-08 18:30:00+00:00, run_after=2026-04-09 18:30:00+00:00
[2026-04-09T15:06:58.554+0000] {processor.py:208} INFO - Processing /opt/airflow/dags/kafka_load.py took 0.137 seconds
[2026-04-09T15:07:28.974+0000] {processor.py:186} INFO - Started process (PID=58) to work on /opt/airflow/dags/kafka_load.py
[2026-04-09T15:07:28.975+0000] {processor.py:914} INFO - Processing file /opt/airflow/dags/kafka_load.py for tasks to queue
[2026-04-09T15:07:28.979+0000] {logging_mixin.py:190} INFO - [2026-04-09T15:07:28.978+0000] {dagbag.py:588} INFO - Filling up the DagBag from /opt/airflow/dags/kafka_load.py
[2026-04-09T15:07:29.007+0000] {processor.py:925} INFO - DAG(s) 'kafka_producer' retrieved from /opt/airflow/dags/kafka_load.py
[2026-04-09T15:07:29.036+0000] {logging_mixin.py:190} INFO - [2026-04-09T15:07:29.035+0000] {dag.py:3239} INFO - Sync 1 DAGs
[2026-04-09T15:07:29.071+0000] {logging_mixin.py:190} INFO - [2026-04-09T15:07:29.070+0000] {dag.py:4180} INFO - Setting next_dagrun for kafka_producer to 2026-04-08 18:30:00+00:00, run_after=2026-04-09 18:30:00+00:00
[2026-04-09T15:07:29.094+0000] {processor.py:208} INFO - Processing /opt/airflow/dags/kafka_load.py took 0.129 seconds
[2026-04-09T15:07:59.472+0000] {processor.py:186} INFO - Started process (PID=61) to work on /opt/airflow/dags/kafka_load.py
[2026-04-09T15:07:59.475+0000] {processor.py:914} INFO - Processing file /opt/airflow/dags/kafka_load.py for tasks to queue
[2026-04-09T15:07:59.479+0000] {logging_mixin.py:190} INFO - [2026-04-09T15:07:59.478+0000] {dagbag.py:588} INFO - Filling up the DagBag from /opt/airflow/dags/kafka_load.py
[2026-04-09T15:07:59.508+0000] {processor.py:925} INFO - DAG(s) 'kafka_producer' retrieved from /opt/airflow/dags/kafka_load.py
[2026-04-09T15:07:59.535+0000] {logging_mixin.py:190} INFO - [2026-04-09T15:07:59.534+0000] {dag.py:3239} INFO - Sync 1 DAGs
[2026-04-09T15:07:59.563+0000] {logging_mixin.py:190} INFO - [2026-04-09T15:07:59.563+0000] {dag.py:4180} INFO - Setting next_dagrun for kafka_producer to 2026-04-08 18:30:00+00:00, run_after=2026-04-09 18:30:00+00:00
[2026-04-09T15:07:59.592+0000] {processor.py:208} INFO - Processing /opt/airflow/dags/kafka_load.py took 0.127 seconds
[2026-04-09T15:08:30.032+0000] {processor.py:186} INFO - Started process (PID=64) to work on /opt/airflow/dags/kafka_load.py
[2026-04-09T15:08:30.033+0000] {processor.py:914} INFO - Processing file /opt/airflow/dags/kafka_load.py for tasks to queue
[2026-04-09T15:08:30.037+0000] {logging_mixin.py:190} INFO - [2026-04-09T15:08:30.036+0000] {dagbag.py:588} INFO - Filling up the DagBag from /opt/airflow/dags/kafka_load.py
[2026-04-09T15:08:30.068+0000] {processor.py:925} INFO - DAG(s) 'kafka_producer' retrieved from /opt/airflow/dags/kafka_load.py
[2026-04-09T15:08:30.095+0000] {logging_mixin.py:190} INFO - [2026-04-09T15:08:30.094+0000] {dag.py:3239} INFO - Sync 1 DAGs
[2026-04-09T15:08:30.127+0000] {logging_mixin.py:190} INFO - [2026-04-09T15:08:30.127+0000] {dag.py:4180} INFO - Setting next_dagrun for kafka_producer to 2026-04-08 18:30:00+00:00, run_after=2026-04-09 18:30:00+00:00
[2026-04-09T15:08:30.151+0000] {processor.py:208} INFO - Processing /opt/airflow/dags/kafka_load.py took 0.128 seconds
[2026-04-09T15:09:00.728+0000] {processor.py:186} INFO - Started process (PID=67) to work on /opt/airflow/dags/kafka_load.py
[2026-04-09T15:09:00.732+0000] {processor.py:914} INFO - Processing file /opt/airflow/dags/kafka_load.py for tasks to queue
[2026-04-09T15:09:00.736+0000] {logging_mixin.py:190} INFO - [2026-04-09T15:09:00.735+0000] {dagbag.py:588} INFO - Filling up the DagBag from /opt/airflow/dags/kafka_load.py
[2026-04-09T15:09:00.774+0000] {processor.py:925} INFO - DAG(s) 'kafka_producer' retrieved from /opt/airflow/dags/kafka_load.py
[2026-04-09T15:09:00.802+0000] {logging_mixin.py:190} INFO - [2026-04-09T15:09:00.802+0000] {dag.py:3239} INFO - Sync 1 DAGs
[2026-04-09T15:09:00.857+0000] {logging_mixin.py:190} INFO - [2026-04-09T15:09:00.857+0000] {dag.py:4180} INFO - Setting next_dagrun for kafka_producer to 2026-04-08 18:30:00+00:00, run_after=2026-04-09 18:30:00+00:00
[2026-04-09T15:09:00.909+0000] {processor.py:208} INFO - Processing /opt/airflow/dags/kafka_load.py took 0.195 seconds
[2026-04-09T15:09:31.346+0000] {processor.py:186} INFO - Started process (PID=70) to work on /opt/airflow/dags/kafka_load.py
[2026-04-09T15:09:31.348+0000] {processor.py:914} INFO - Processing file /opt/airflow/dags/kafka_load.py for tasks to queue
[2026-04-09T15:09:31.351+0000] {logging_mixin.py:190} INFO - [2026-04-09T15:09:31.350+0000] {dagbag.py:588} INFO - Filling up the DagBag from /opt/airflow/dags/kafka_load.py
[2026-04-09T15:09:31.382+0000] {processor.py:925} INFO - DAG(s) 'kafka_producer' retrieved from /opt/airflow/dags/kafka_load.py
[2026-04-09T15:09:31.413+0000] {logging_mixin.py:190} INFO - [2026-04-09T15:09:31.412+0000] {dag.py:3239} INFO - Sync 1 DAGs
[2026-04-09T15:09:31.446+0000] {logging_mixin.py:190} INFO - [2026-04-09T15:09:31.445+0000] {dag.py:4180} INFO - Setting next_dagrun for kafka_producer to 2026-04-08 18:30:00+00:00, run_after=2026-04-09 18:30:00+00:00
[2026-04-09T15:09:31.481+0000] {processor.py:208} INFO - Processing /opt/airflow/dags/kafka_load.py took 0.142 seconds
[2026-04-09T15:10:01.880+0000] {processor.py:186} INFO - Started process (PID=73) to work on /opt/airflow/dags/kafka_load.py
[2026-04-09T15:10:01.881+0000] {processor.py:914} INFO - Processing file /opt/airflow/dags/kafka_load.py for tasks to queue
[2026-04-09T15:10:01.884+0000] {logging_mixin.py:190} INFO - [2026-04-09T15:10:01.884+0000] {dagbag.py:588} INFO - Filling up the DagBag from /opt/airflow/dags/kafka_load.py
[2026-04-09T15:10:01.918+0000] {processor.py:925} INFO - DAG(s) 'kafka_producer' retrieved from /opt/airflow/dags/kafka_load.py
[2026-04-09T15:10:01.949+0000] {logging_mixin.py:190} INFO - [2026-04-09T15:10:01.949+0000] {dag.py:3239} INFO - Sync 1 DAGs
[2026-04-09T15:10:01.993+0000] {logging_mixin.py:190} INFO - [2026-04-09T15:10:01.993+0000] {dag.py:4180} INFO - Setting next_dagrun for kafka_producer to 2026-04-07 18:30:00+00:00, run_after=2026-04-08 18:30:00+00:00
[2026-04-09T15:10:02.029+0000] {processor.py:208} INFO - Processing /opt/airflow/dags/kafka_load.py took 0.158 seconds
[2026-04-09T15:10:32.438+0000] {processor.py:186} INFO - Started process (PID=76) to work on /opt/airflow/dags/kafka_load.py
[2026-04-09T15:10:32.439+0000] {processor.py:914} INFO - Processing file /opt/airflow/dags/kafka_load.py for tasks to queue
[2026-04-09T15:10:32.443+0000] {logging_mixin.py:190} INFO - [2026-04-09T15:10:32.442+0000] {dagbag.py:588} INFO - Filling up the DagBag from /opt/airflow/dags/kafka_load.py
[2026-04-09T15:10:32.497+0000] {processor.py:925} INFO - DAG(s) 'kafka_producer' retrieved from /opt/airflow/dags/kafka_load.py
[2026-04-09T15:10:32.524+0000] {logging_mixin.py:190} INFO - [2026-04-09T15:10:32.523+0000] {dag.py:3239} INFO - Sync 1 DAGs
[2026-04-09T15:10:32.561+0000] {logging_mixin.py:190} INFO - [2026-04-09T15:10:32.560+0000] {dag.py:4180} INFO - Setting next_dagrun for kafka_producer to 2026-04-08 18:30:00+00:00, run_after=2026-04-09 18:30:00+00:00
[2026-04-09T15:10:32.596+0000] {processor.py:208} INFO - Processing /opt/airflow/dags/kafka_load.py took 0.166 seconds
[2026-04-09T15:11:03.075+0000] {processor.py:186} INFO - Started process (PID=79) to work on /opt/airflow/dags/kafka_load.py
[2026-04-09T15:11:03.079+0000] {processor.py:914} INFO - Processing file /opt/airflow/dags/kafka_load.py for tasks to queue
[2026-04-09T15:11:03.087+0000] {logging_mixin.py:190} INFO - [2026-04-09T15:11:03.086+0000] {dagbag.py:588} INFO - Filling up the DagBag from /opt/airflow/dags/kafka_load.py
[2026-04-09T15:11:03.124+0000] {processor.py:925} INFO - DAG(s) 'kafka_producer' retrieved from /opt/airflow/dags/kafka_load.py
[2026-04-09T15:11:03.150+0000] {logging_mixin.py:190} INFO - [2026-04-09T15:11:03.150+0000] {dag.py:3239} INFO - Sync 1 DAGs
[2026-04-09T15:11:03.180+0000] {logging_mixin.py:190} INFO - [2026-04-09T15:11:03.180+0000] {dag.py:4180} INFO - Setting next_dagrun for kafka_producer to 2026-04-08 18:30:00+00:00, run_after=2026-04-09 18:30:00+00:00
[2026-04-09T15:11:03.213+0000] {processor.py:208} INFO - Processing /opt/airflow/dags/kafka_load.py took 0.148 seconds
[2026-04-09T15:11:34.095+0000] {processor.py:186} INFO - Started process (PID=82) to work on /opt/airflow/dags/kafka_load.py
[2026-04-09T15:11:34.097+0000] {processor.py:914} INFO - Processing file /opt/airflow/dags/kafka_load.py for tasks to queue
[2026-04-09T15:11:34.110+0000] {logging_mixin.py:190} INFO - [2026-04-09T15:11:34.109+0000] {dagbag.py:588} INFO - Filling up the DagBag from /opt/airflow/dags/kafka_load.py
[2026-04-09T15:11:34.186+0000] {processor.py:925} INFO - DAG(s) 'kafka_producer' retrieved from /opt/airflow/dags/kafka_load.py
[2026-04-09T15:11:34.274+0000] {logging_mixin.py:190} INFO - [2026-04-09T15:11:34.274+0000] {dag.py:3239} INFO - Sync 1 DAGs
[2026-04-09T15:11:34.366+0000] {logging_mixin.py:190} INFO - [2026-04-09T15:11:34.366+0000] {dag.py:4180} INFO - Setting next_dagrun for kafka_producer to 2026-04-08 18:30:00+00:00, run_after=2026-04-09 18:30:00+00:00
[2026-04-09T15:11:34.420+0000] {processor.py:208} INFO - Processing /opt/airflow/dags/kafka_load.py took 0.345 seconds
[2026-04-09T15:12:04.651+0000] {processor.py:186} INFO - Started process (PID=85) to work on /opt/airflow/dags/kafka_load.py
[2026-04-09T15:12:04.653+0000] {processor.py:914} INFO - Processing file /opt/airflow/dags/kafka_load.py for tasks to queue
[2026-04-09T15:12:04.656+0000] {logging_mixin.py:190} INFO - [2026-04-09T15:12:04.656+0000] {dagbag.py:588} INFO - Filling up the DagBag from /opt/airflow/dags/kafka_load.py
[2026-04-09T15:12:04.690+0000] {processor.py:925} INFO - DAG(s) 'kafka_producer' retrieved from /opt/airflow/dags/kafka_load.py
[2026-04-09T15:12:04.717+0000] {logging_mixin.py:190} INFO - [2026-04-09T15:12:04.716+0000] {dag.py:3239} INFO - Sync 1 DAGs
[2026-04-09T15:12:04.748+0000] {logging_mixin.py:190} INFO - [2026-04-09T15:12:04.748+0000] {dag.py:4180} INFO - Setting next_dagrun for kafka_producer to 2026-04-08 18:30:00+00:00, run_after=2026-04-09 18:30:00+00:00
[2026-04-09T15:12:04.777+0000] {processor.py:208} INFO - Processing /opt/airflow/dags/kafka_load.py took 0.136 seconds
[2026-04-09T15:12:35.191+0000] {processor.py:186} INFO - Started process (PID=88) to work on /opt/airflow/dags/kafka_load.py
[2026-04-09T15:12:35.192+0000] {processor.py:914} INFO - Processing file /opt/airflow/dags/kafka_load.py for tasks to queue
[2026-04-09T15:12:35.195+0000] {logging_mixin.py:190} INFO - [2026-04-09T15:12:35.195+0000] {dagbag.py:588} INFO - Filling up the DagBag from /opt/airflow/dags/kafka_load.py
[2026-04-09T15:12:35.228+0000] {processor.py:925} INFO - DAG(s) 'kafka_producer' retrieved from /opt/airflow/dags/kafka_load.py
[2026-04-09T15:12:35.260+0000] {logging_mixin.py:190} INFO - [2026-04-09T15:12:35.259+0000] {dag.py:3239} INFO - Sync 1 DAGs
[2026-04-09T15:12:35.294+0000] {logging_mixin.py:190} INFO - [2026-04-09T15:12:35.294+0000] {dag.py:4180} INFO - Setting next_dagrun for kafka_producer to 2026-04-08 18:30:00+00:00, run_after=2026-04-09 18:30:00+00:00
[2026-04-09T15:12:35.320+0000] {processor.py:208} INFO - Processing /opt/airflow/dags/kafka_load.py took 0.136 seconds
[2026-04-09T15:13:05.752+0000] {processor.py:186} INFO - Started process (PID=91) to work on /opt/airflow/dags/kafka_load.py
[2026-04-09T15:13:05.754+0000] {processor.py:914} INFO - Processing file /opt/airflow/dags/kafka_load.py for tasks to queue
[2026-04-09T15:13:05.757+0000] {logging_mixin.py:190} INFO - [2026-04-09T15:13:05.756+0000] {dagbag.py:588} INFO - Filling up the DagBag from /opt/airflow/dags/kafka_load.py
[2026-04-09T15:13:05.785+0000] {processor.py:925} INFO - DAG(s) 'kafka_producer' retrieved from /opt/airflow/dags/kafka_load.py
[2026-04-09T15:13:05.811+0000] {logging_mixin.py:190} INFO - [2026-04-09T15:13:05.811+0000] {dag.py:3239} INFO - Sync 1 DAGs
[2026-04-09T15:13:05.842+0000] {logging_mixin.py:190} INFO - [2026-04-09T15:13:05.842+0000] {dag.py:4180} INFO - Setting next_dagrun for kafka_producer to 2026-04-08 18:30:00+00:00, run_after=2026-04-09 18:30:00+00:00
[2026-04-09T15:13:05.869+0000] {processor.py:208} INFO - Processing /opt/airflow/dags/kafka_load.py took 0.124 seconds
[2026-04-09T15:13:36.314+0000] {processor.py:186} INFO - Started process (PID=94) to work on /opt/airflow/dags/kafka_load.py
[2026-04-09T15:13:36.315+0000] {processor.py:914} INFO - Processing file /opt/airflow/dags/kafka_load.py for tasks to queue
[2026-04-09T15:13:36.318+0000] {logging_mixin.py:190} INFO - [2026-04-09T15:13:36.318+0000] {dagbag.py:588} INFO - Filling up the DagBag from /opt/airflow/dags/kafka_load.py
[2026-04-09T15:13:36.347+0000] {processor.py:925} INFO - DAG(s) 'kafka_producer' retrieved from /opt/airflow/dags/kafka_load.py
[2026-04-09T15:13:36.371+0000] {logging_mixin.py:190} INFO - [2026-04-09T15:13:36.371+0000] {dag.py:3239} INFO - Sync 1 DAGs
[2026-04-09T15:13:36.398+0000] {logging_mixin.py:190} INFO - [2026-04-09T15:13:36.398+0000] {dag.py:4180} INFO - Setting next_dagrun for kafka_producer to 2026-04-08 18:30:00+00:00, run_after=2026-04-09 18:30:00+00:00
[2026-04-09T15:13:36.421+0000] {processor.py:208} INFO - Processing /opt/airflow/dags/kafka_load.py took 0.116 seconds
[2026-04-09T15:14:06.949+0000] {processor.py:186} INFO - Started process (PID=97) to work on /opt/airflow/dags/kafka_load.py
[2026-04-09T15:14:06.951+0000] {processor.py:914} INFO - Processing file /opt/airflow/dags/kafka_load.py for tasks to queue
[2026-04-09T15:14:06.954+0000] {logging_mixin.py:190} INFO - [2026-04-09T15:14:06.953+0000] {dagbag.py:588} INFO - Filling up the DagBag from /opt/airflow/dags/kafka_load.py
[2026-04-09T15:14:06.984+0000] {processor.py:925} INFO - DAG(s) 'kafka_producer' retrieved from /opt/airflow/dags/kafka_load.py
[2026-04-09T15:14:07.010+0000] {logging_mixin.py:190} INFO - [2026-04-09T15:14:07.009+0000] {dag.py:3239} INFO - Sync 1 DAGs
[2026-04-09T15:14:07.042+0000] {logging_mixin.py:190} INFO - [2026-04-09T15:14:07.041+0000] {dag.py:4180} INFO - Setting next_dagrun for kafka_producer to 2026-04-08 18:30:00+00:00, run_after=2026-04-09 18:30:00+00:00
[2026-04-09T15:14:07.071+0000] {processor.py:208} INFO - Processing /opt/airflow/dags/kafka_load.py took 0.136 seconds
[2026-04-09T15:14:37.621+0000] {processor.py:186} INFO - Started process (PID=100) to work on /opt/airflow/dags/kafka_load.py
[2026-04-09T15:14:37.622+0000] {processor.py:914} INFO - Processing file /opt/airflow/dags/kafka_load.py for tasks to queue
[2026-04-09T15:14:37.625+0000] {logging_mixin.py:190} INFO - [2026-04-09T15:14:37.625+0000] {dagbag.py:588} INFO - Filling up the DagBag from /opt/airflow/dags/kafka_load.py
[2026-04-09T15:14:37.658+0000] {processor.py:925} INFO - DAG(s) 'kafka_producer' retrieved from /opt/airflow/dags/kafka_load.py
[2026-04-09T15:14:37.688+0000] {logging_mixin.py:190} INFO - [2026-04-09T15:14:37.688+0000] {dag.py:3239} INFO - Sync 1 DAGs
[2026-04-09T15:14:37.721+0000] {logging_mixin.py:190} INFO - [2026-04-09T15:14:37.721+0000] {dag.py:4180} INFO - Setting next_dagrun for kafka_producer to 2026-04-08 18:30:00+00:00, run_after=2026-04-09 18:30:00+00:00
[2026-04-09T15:14:37.748+0000] {processor.py:208} INFO - Processing /opt/airflow/dags/kafka_load.py took 0.135 seconds
[2026-04-09T15:15:08.327+0000] {processor.py:186} INFO - Started process (PID=103) to work on /opt/airflow/dags/kafka_load.py
[2026-04-09T15:15:08.330+0000] {processor.py:914} INFO - Processing file /opt/airflow/dags/kafka_load.py for tasks to queue
[2026-04-09T15:15:08.333+0000] {logging_mixin.py:190} INFO - [2026-04-09T15:15:08.333+0000] {dagbag.py:588} INFO - Filling up the DagBag from /opt/airflow/dags/kafka_load.py
[2026-04-09T15:15:08.382+0000] {processor.py:925} INFO - DAG(s) 'kafka_producer' retrieved from /opt/airflow/dags/kafka_load.py
[2026-04-09T15:15:08.428+0000] {logging_mixin.py:190} INFO - [2026-04-09T15:15:08.428+0000] {dag.py:3239} INFO - Sync 1 DAGs
[2026-04-09T15:15:08.462+0000] {logging_mixin.py:190} INFO - [2026-04-09T15:15:08.461+0000] {dag.py:4180} INFO - Setting next_dagrun for kafka_producer to 2026-04-07 18:30:00+00:00, run_after=2026-04-08 18:30:00+00:00
[2026-04-09T15:15:08.489+0000] {processor.py:208} INFO - Processing /opt/airflow/dags/kafka_load.py took 0.171 seconds
[2026-04-09T15:15:38.889+0000] {processor.py:186} INFO - Started process (PID=106) to work on /opt/airflow/dags/kafka_load.py
[2026-04-09T15:15:38.891+0000] {processor.py:914} INFO - Processing file /opt/airflow/dags/kafka_load.py for tasks to queue
[2026-04-09T15:15:38.893+0000] {logging_mixin.py:190} INFO - [2026-04-09T15:15:38.893+0000] {dagbag.py:588} INFO - Filling up the DagBag from /opt/airflow/dags/kafka_load.py
[2026-04-09T15:15:38.922+0000] {processor.py:925} INFO - DAG(s) 'kafka_producer' retrieved from /opt/airflow/dags/kafka_load.py
[2026-04-09T15:15:38.949+0000] {logging_mixin.py:190} INFO - [2026-04-09T15:15:38.948+0000] {dag.py:3239} INFO - Sync 1 DAGs
[2026-04-09T15:15:38.983+0000] {logging_mixin.py:190} INFO - [2026-04-09T15:15:38.982+0000] {dag.py:4180} INFO - Setting next_dagrun for kafka_producer to 2026-04-08 18:30:00+00:00, run_after=2026-04-09 18:30:00+00:00
[2026-04-09T15:15:39.013+0000] {processor.py:208} INFO - Processing /opt/airflow/dags/kafka_load.py took 0.132 seconds
[2026-04-09T15:16:09.460+0000] {processor.py:186} INFO - Started process (PID=109) to work on /opt/airflow/dags/kafka_load.py
[2026-04-09T15:16:09.461+0000] {processor.py:914} INFO - Processing file /opt/airflow/dags/kafka_load.py for tasks to queue
[2026-04-09T15:16:09.464+0000] {logging_mixin.py:190} INFO - [2026-04-09T15:16:09.464+0000] {dagbag.py:588} INFO - Filling up the DagBag from /opt/airflow/dags/kafka_load.py
[2026-04-09T15:16:09.493+0000] {processor.py:925} INFO - DAG(s) 'kafka_producer' retrieved from /opt/airflow/dags/kafka_load.py
[2026-04-09T15:16:09.520+0000] {logging_mixin.py:190} INFO - [2026-04-09T15:16:09.520+0000] {dag.py:3239} INFO - Sync 1 DAGs
[2026-04-09T15:16:09.553+0000] {logging_mixin.py:190} INFO - [2026-04-09T15:16:09.552+0000] {dag.py:4180} INFO - Setting next_dagrun for kafka_producer to 2026-04-08 18:30:00+00:00, run_after=2026-04-09 18:30:00+00:00
[2026-04-09T15:16:09.583+0000] {processor.py:208} INFO - Processing /opt/airflow/dags/kafka_load.py took 0.131 seconds
[2026-04-09T15:16:39.973+0000] {processor.py:186} INFO - Started process (PID=112) to work on /opt/airflow/dags/kafka_load.py
[2026-04-09T15:16:39.974+0000] {processor.py:914} INFO - Processing file /opt/airflow/dags/kafka_load.py for tasks to queue
[2026-04-09T15:16:39.978+0000] {logging_mixin.py:190} INFO - [2026-04-09T15:16:39.977+0000] {dagbag.py:588} INFO - Filling up the DagBag from /opt/airflow/dags/kafka_load.py
[2026-04-09T15:16:40.010+0000] {processor.py:925} INFO - DAG(s) 'kafka_producer' retrieved from /opt/airflow/dags/kafka_load.py
[2026-04-09T15:16:40.035+0000] {logging_mixin.py:190} INFO - [2026-04-09T15:16:40.035+0000] {dag.py:3239} INFO - Sync 1 DAGs
[2026-04-09T15:16:40.066+0000] {logging_mixin.py:190} INFO - [2026-04-09T15:16:40.065+0000] {dag.py:4180} INFO - Setting next_dagrun for kafka_producer to 2026-04-08 18:30:00+00:00, run_after=2026-04-09 18:30:00+00:00
[2026-04-09T15:16:40.090+0000] {processor.py:208} INFO - Processing /opt/airflow/dags/kafka_load.py took 0.125 seconds
[2026-04-09T15:17:10.536+0000] {processor.py:186} INFO - Started process (PID=115) to work on /opt/airflow/dags/kafka_load.py
[2026-04-09T15:17:10.537+0000] {processor.py:914} INFO - Processing file /opt/airflow/dags/kafka_load.py for tasks to queue
[2026-04-09T15:17:10.541+0000] {logging_mixin.py:190} INFO - [2026-04-09T15:17:10.540+0000] {dagbag.py:588} INFO - Filling up the DagBag from /opt/airflow/dags/kafka_load.py
[2026-04-09T15:17:10.574+0000] {processor.py:925} INFO - DAG(s) 'kafka_producer' retrieved from /opt/airflow/dags/kafka_load.py
[2026-04-09T15:17:10.602+0000] {logging_mixin.py:190} INFO - [2026-04-09T15:17:10.602+0000] {dag.py:3239} INFO - Sync 1 DAGs
[2026-04-09T15:17:10.633+0000] {logging_mixin.py:190} INFO - [2026-04-09T15:17:10.633+0000] {dag.py:4180} INFO - Setting next_dagrun for kafka_producer to 2026-04-08 18:30:00+00:00, run_after=2026-04-09 18:30:00+00:00
[2026-04-09T15:17:10.658+0000] {processor.py:208} INFO - Processing /opt/airflow/dags/kafka_load.py took 0.130 seconds
[2026-04-09T15:17:41.940+0000] {processor.py:186} INFO - Started process (PID=118) to work on /opt/airflow/dags/kafka_load.py
[2026-04-09T15:17:41.941+0000] {processor.py:914} INFO - Processing file /opt/airflow/dags/kafka_load.py for tasks to queue
[2026-04-09T15:17:41.944+0000] {logging_mixin.py:190} INFO - [2026-04-09T15:17:41.944+0000] {dagbag.py:588} INFO - Filling up the DagBag from /opt/airflow/dags/kafka_load.py
[2026-04-09T15:17:41.982+0000] {processor.py:925} INFO - DAG(s) 'kafka_producer' retrieved from /opt/airflow/dags/kafka_load.py
[2026-04-09T15:17:42.011+0000] {logging_mixin.py:190} INFO - [2026-04-09T15:17:42.011+0000] {dag.py:3239} INFO - Sync 1 DAGs
[2026-04-09T15:17:42.046+0000] {logging_mixin.py:190} INFO - [2026-04-09T15:17:42.045+0000] {dag.py:4180} INFO - Setting next_dagrun for kafka_producer to 2026-04-08 18:30:00+00:00, run_after=2026-04-09 18:30:00+00:00
[2026-04-09T15:17:42.074+0000] {processor.py:208} INFO - Processing /opt/airflow/dags/kafka_load.py took 0.143 seconds
[2026-04-09T15:18:12.627+0000] {processor.py:186} INFO - Started process (PID=121) to work on /opt/airflow/dags/kafka_load.py
[2026-04-09T15:18:12.629+0000] {processor.py:914} INFO - Processing file /opt/airflow/dags/kafka_load.py for tasks to queue
[2026-04-09T15:18:12.633+0000] {logging_mixin.py:190} INFO - [2026-04-09T15:18:12.633+0000] {dagbag.py:588} INFO - Filling up the DagBag from /opt/airflow/dags/kafka_load.py
[2026-04-09T15:18:12.673+0000] {processor.py:925} INFO - DAG(s) 'kafka_producer' retrieved from /opt/airflow/dags/kafka_load.py
[2026-04-09T15:18:12.704+0000] {logging_mixin.py:190} INFO - [2026-04-09T15:18:12.704+0000] {dag.py:3239} INFO - Sync 1 DAGs
[2026-04-09T15:18:12.735+0000] {logging_mixin.py:190} INFO - [2026-04-09T15:18:12.735+0000] {dag.py:4180} INFO - Setting next_dagrun for kafka_producer to 2026-04-08 18:30:00+00:00, run_after=2026-04-09 18:30:00+00:00
[2026-04-09T15:18:12.757+0000] {processor.py:208} INFO - Processing /opt/airflow/dags/kafka_load.py took 0.140 seconds
[2026-04-09T15:18:43.278+0000] {processor.py:186} INFO - Started process (PID=124) to work on /opt/airflow/dags/kafka_load.py
[2026-04-09T15:18:43.280+0000] {processor.py:914} INFO - Processing file /opt/airflow/dags/kafka_load.py for tasks to queue
[2026-04-09T15:18:43.286+0000] {logging_mixin.py:190} INFO - [2026-04-09T15:18:43.285+0000] {dagbag.py:588} INFO - Filling up the DagBag from /opt/airflow/dags/kafka_load.py
[2026-04-09T15:18:43.336+0000] {processor.py:925} INFO - DAG(s) 'kafka_producer' retrieved from /opt/airflow/dags/kafka_load.py
[2026-04-09T15:18:43.362+0000] {logging_mixin.py:190} INFO - [2026-04-09T15:18:43.362+0000] {dag.py:3239} INFO - Sync 1 DAGs
[2026-04-09T15:18:43.392+0000] {logging_mixin.py:190} INFO - [2026-04-09T15:18:43.392+0000] {dag.py:4180} INFO - Setting next_dagrun for kafka_producer to 2026-04-08 18:30:00+00:00, run_after=2026-04-09 18:30:00+00:00
[2026-04-09T15:18:43.415+0000] {processor.py:208} INFO - Processing /opt/airflow/dags/kafka_load.py took 0.145 seconds
[2026-04-09T15:19:13.881+0000] {processor.py:186} INFO - Started process (PID=127) to work on /opt/airflow/dags/kafka_load.py
[2026-04-09T15:19:13.883+0000] {processor.py:914} INFO - Processing file /opt/airflow/dags/kafka_load.py for tasks to queue
[2026-04-09T15:19:13.892+0000] {logging_mixin.py:190} INFO - [2026-04-09T15:19:13.891+0000] {dagbag.py:588} INFO - Filling up the DagBag from /opt/airflow/dags/kafka_load.py
[2026-04-09T15:19:13.957+0000] {processor.py:925} INFO - DAG(s) 'kafka_producer' retrieved from /opt/airflow/dags/kafka_load.py
[2026-04-09T15:19:13.987+0000] {logging_mixin.py:190} INFO - [2026-04-09T15:19:13.987+0000] {dag.py:3239} INFO - Sync 1 DAGs
[2026-04-09T15:19:14.018+0000] {logging_mixin.py:190} INFO - [2026-04-09T15:19:14.018+0000] {dag.py:4180} INFO - Setting next_dagrun for kafka_producer to 2026-04-08 18:30:00+00:00, run_after=2026-04-09 18:30:00+00:00
[2026-04-09T15:19:14.047+0000] {processor.py:208} INFO - Processing /opt/airflow/dags/kafka_load.py took 0.188 seconds
[2026-04-09T15:19:44.658+0000] {processor.py:186} INFO - Started process (PID=130) to work on /opt/airflow/dags/kafka_load.py
[2026-04-09T15:19:44.659+0000] {processor.py:914} INFO - Processing file /opt/airflow/dags/kafka_load.py for tasks to queue
[2026-04-09T15:19:44.663+0000] {logging_mixin.py:190} INFO - [2026-04-09T15:19:44.662+0000] {dagbag.py:588} INFO - Filling up the DagBag from /opt/airflow/dags/kafka_load.py
[2026-04-09T15:19:44.693+0000] {processor.py:925} INFO - DAG(s) 'kafka_producer' retrieved from /opt/airflow/dags/kafka_load.py
[2026-04-09T15:19:44.724+0000] {logging_mixin.py:190} INFO - [2026-04-09T15:19:44.724+0000] {dag.py:3239} INFO - Sync 1 DAGs
[2026-04-09T15:19:44.771+0000] {logging_mixin.py:190} INFO - [2026-04-09T15:19:44.770+0000] {dag.py:4180} INFO - Setting next_dagrun for kafka_producer to 2026-04-08 18:30:00+00:00, run_after=2026-04-09 18:30:00+00:00
[2026-04-09T15:19:44.813+0000] {processor.py:208} INFO - Processing /opt/airflow/dags/kafka_load.py took 0.167 seconds
[2026-04-09T15:20:15.294+0000] {processor.py:186} INFO - Started process (PID=133) to work on /opt/airflow/dags/kafka_load.py
[2026-04-09T15:20:15.295+0000] {processor.py:914} INFO - Processing file /opt/airflow/dags/kafka_load.py for tasks to queue
[2026-04-09T15:20:15.298+0000] {logging_mixin.py:190} INFO - [2026-04-09T15:20:15.298+0000] {dagbag.py:588} INFO - Filling up the DagBag from /opt/airflow/dags/kafka_load.py
[2026-04-09T15:20:15.330+0000] {processor.py:925} INFO - DAG(s) 'kafka_producer' retrieved from /opt/airflow/dags/kafka_load.py
[2026-04-09T15:20:15.364+0000] {logging_mixin.py:190} INFO - [2026-04-09T15:20:15.364+0000] {dag.py:3239} INFO - Sync 1 DAGs
[2026-04-09T15:20:15.401+0000] {logging_mixin.py:190} INFO - [2026-04-09T15:20:15.400+0000] {dag.py:4180} INFO - Setting next_dagrun for kafka_producer to 2026-04-07 18:30:00+00:00, run_after=2026-04-08 18:30:00+00:00
[2026-04-09T15:20:15.434+0000] {processor.py:208} INFO - Processing /opt/airflow/dags/kafka_load.py took 0.149 seconds
[2026-04-09T15:20:47.561+0000] {processor.py:186} INFO - Started process (PID=140) to work on /opt/airflow/dags/kafka_load.py
[2026-04-09T15:20:47.563+0000] {processor.py:914} INFO - Processing file /opt/airflow/dags/kafka_load.py for tasks to queue
[2026-04-09T15:20:47.574+0000] {logging_mixin.py:190} INFO - [2026-04-09T15:20:47.573+0000] {dagbag.py:588} INFO - Filling up the DagBag from /opt/airflow/dags/kafka_load.py
[2026-04-09T15:20:47.727+0000] {processor.py:925} INFO - DAG(s) 'kafka_producer' retrieved from /opt/airflow/dags/kafka_load.py
[2026-04-09T15:20:47.765+0000] {logging_mixin.py:190} INFO - [2026-04-09T15:20:47.765+0000] {dag.py:3239} INFO - Sync 1 DAGs
[2026-04-09T15:20:47.841+0000] {logging_mixin.py:190} INFO - [2026-04-09T15:20:47.840+0000] {dag.py:4180} INFO - Setting next_dagrun for kafka_producer to 2026-04-08 18:30:00+00:00, run_after=2026-04-09 18:30:00+00:00
[2026-04-09T15:20:47.876+0000] {processor.py:208} INFO - Processing /opt/airflow/dags/kafka_load.py took 0.334 seconds
[2026-04-09T15:21:18.459+0000] {processor.py:186} INFO - Started process (PID=143) to work on /opt/airflow/dags/kafka_load.py
[2026-04-09T15:21:18.461+0000] {processor.py:914} INFO - Processing file /opt/airflow/dags/kafka_load.py for tasks to queue
[2026-04-09T15:21:18.464+0000] {logging_mixin.py:190} INFO - [2026-04-09T15:21:18.464+0000] {dagbag.py:588} INFO - Filling up the DagBag from /opt/airflow/dags/kafka_load.py
[2026-04-09T15:21:18.501+0000] {processor.py:925} INFO - DAG(s) 'kafka_producer' retrieved from /opt/airflow/dags/kafka_load.py
[2026-04-09T15:21:18.532+0000] {logging_mixin.py:190} INFO - [2026-04-09T15:21:18.532+0000] {dag.py:3239} INFO - Sync 1 DAGs
[2026-04-09T15:21:18.573+0000] {logging_mixin.py:190} INFO - [2026-04-09T15:21:18.573+0000] {dag.py:4180} INFO - Setting next_dagrun for kafka_producer to 2026-04-08 18:30:00+00:00, run_after=2026-04-09 18:30:00+00:00
[2026-04-09T15:21:18.601+0000] {processor.py:208} INFO - Processing /opt/airflow/dags/kafka_load.py took 0.149 seconds
[2026-04-09T15:21:49.072+0000] {processor.py:186} INFO - Started process (PID=146) to work on /opt/airflow/dags/kafka_load.py
[2026-04-09T15:21:49.074+0000] {processor.py:914} INFO - Processing file /opt/airflow/dags/kafka_load.py for tasks to queue
[2026-04-09T15:21:49.078+0000] {logging_mixin.py:190} INFO - [2026-04-09T15:21:49.077+0000] {dagbag.py:588} INFO - Filling up the DagBag from /opt/airflow/dags/kafka_load.py
[2026-04-09T15:21:49.117+0000] {processor.py:925} INFO - DAG(s) 'kafka_producer' retrieved from /opt/airflow/dags/kafka_load.py
[2026-04-09T15:21:49.146+0000] {logging_mixin.py:190} INFO - [2026-04-09T15:21:49.146+0000] {dag.py:3239} INFO - Sync 1 DAGs
[2026-04-09T15:21:49.183+0000] {logging_mixin.py:190} INFO - [2026-04-09T15:21:49.183+0000] {dag.py:4180} INFO - Setting next_dagrun for kafka_producer to 2026-04-08 18:30:00+00:00, run_after=2026-04-09 18:30:00+00:00
[2026-04-09T15:21:49.210+0000] {processor.py:208} INFO - Processing /opt/airflow/dags/kafka_load.py took 0.147 seconds
[2026-04-09T15:22:19.735+0000] {processor.py:186} INFO - Started process (PID=149) to work on /opt/airflow/dags/kafka_load.py
[2026-04-09T15:22:19.744+0000] {processor.py:914} INFO - Processing file /opt/airflow/dags/kafka_load.py for tasks to queue
[2026-04-09T15:22:19.753+0000] {logging_mixin.py:190} INFO - [2026-04-09T15:22:19.753+0000] {dagbag.py:588} INFO - Filling up the DagBag from /opt/airflow/dags/kafka_load.py
[2026-04-09T15:22:19.824+0000] {processor.py:925} INFO - DAG(s) 'kafka_producer' retrieved from /opt/airflow/dags/kafka_load.py
[2026-04-09T15:22:19.874+0000] {logging_mixin.py:190} INFO - [2026-04-09T15:22:19.874+0000] {dag.py:3239} INFO - Sync 1 DAGs
[2026-04-09T15:22:19.927+0000] {logging_mixin.py:190} INFO - [2026-04-09T15:22:19.927+0000] {dag.py:4180} INFO - Setting next_dagrun for kafka_producer to 2026-04-08 18:30:00+00:00, run_after=2026-04-09 18:30:00+00:00
[2026-04-09T15:22:19.960+0000] {processor.py:208} INFO - Processing /opt/airflow/dags/kafka_load.py took 0.249 seconds
[2026-04-09T15:22:50.451+0000] {processor.py:186} INFO - Started process (PID=152) to work on /opt/airflow/dags/kafka_load.py
[2026-04-09T15:22:50.453+0000] {processor.py:914} INFO - Processing file /opt/airflow/dags/kafka_load.py for tasks to queue
[2026-04-09T15:22:50.456+0000] {logging_mixin.py:190} INFO - [2026-04-09T15:22:50.455+0000] {dagbag.py:588} INFO - Filling up the DagBag from /opt/airflow/dags/kafka_load.py
[2026-04-09T15:22:50.490+0000] {processor.py:925} INFO - DAG(s) 'kafka_producer' retrieved from /opt/airflow/dags/kafka_load.py
[2026-04-09T15:22:50.526+0000] {logging_mixin.py:190} INFO - [2026-04-09T15:22:50.526+0000] {dag.py:3239} INFO - Sync 1 DAGs
[2026-04-09T15:22:50.564+0000] {logging_mixin.py:190} INFO - [2026-04-09T15:22:50.564+0000] {dag.py:4180} INFO - Setting next_dagrun for kafka_producer to 2026-04-08 18:30:00+00:00, run_after=2026-04-09 18:30:00+00:00
[2026-04-09T15:22:50.591+0000] {processor.py:208} INFO - Processing /opt/airflow/dags/kafka_load.py took 0.148 seconds
[2026-04-09T15:23:10.963+0000] {processor.py:186} INFO - Started process (PID=155) to work on /opt/airflow/dags/kafka_load.py
[2026-04-09T15:23:10.965+0000] {processor.py:914} INFO - Processing file /opt/airflow/dags/kafka_load.py for tasks to queue
[2026-04-09T15:23:10.968+0000] {logging_mixin.py:190} INFO - [2026-04-09T15:23:10.968+0000] {dagbag.py:588} INFO - Filling up the DagBag from /opt/airflow/dags/kafka_load.py
[2026-04-09T15:23:11.008+0000] {processor.py:925} INFO - DAG(s) 'kafka_producer' retrieved from /opt/airflow/dags/kafka_load.py
[2026-04-09T15:23:11.036+0000] {logging_mixin.py:190} INFO - [2026-04-09T15:23:11.035+0000] {dag.py:3239} INFO - Sync 1 DAGs
[2026-04-09T15:23:11.076+0000] {logging_mixin.py:190} INFO - [2026-04-09T15:23:11.076+0000] {dag.py:4180} INFO - Setting next_dagrun for kafka_producer to 2026-04-07 18:30:00+00:00, run_after=2026-04-08 18:30:00+00:00
[2026-04-09T15:23:11.106+0000] {processor.py:208} INFO - Processing /opt/airflow/dags/kafka_load.py took 0.150 seconds
[2026-04-09T15:23:41.485+0000] {processor.py:186} INFO - Started process (PID=158) to work on /opt/airflow/dags/kafka_load.py
[2026-04-09T15:23:41.489+0000] {processor.py:914} INFO - Processing file /opt/airflow/dags/kafka_load.py for tasks to queue
[2026-04-09T15:23:41.492+0000] {logging_mixin.py:190} INFO - [2026-04-09T15:23:41.492+0000] {dagbag.py:588} INFO - Filling up the DagBag from /opt/airflow/dags/kafka_load.py
[2026-04-09T15:23:41.532+0000] {processor.py:925} INFO - DAG(s) 'kafka_producer' retrieved from /opt/airflow/dags/kafka_load.py
[2026-04-09T15:23:41.572+0000] {logging_mixin.py:190} INFO - [2026-04-09T15:23:41.572+0000] {dag.py:3239} INFO - Sync 1 DAGs
[2026-04-09T15:23:41.614+0000] {logging_mixin.py:190} INFO - [2026-04-09T15:23:41.613+0000] {dag.py:4180} INFO - Setting next_dagrun for kafka_producer to 2026-04-08 18:30:00+00:00, run_after=2026-04-09 18:30:00+00:00
[2026-04-09T15:23:41.639+0000] {processor.py:208} INFO - Processing /opt/airflow/dags/kafka_load.py took 0.163 seconds
[2026-04-09T15:24:12.337+0000] {processor.py:186} INFO - Started process (PID=161) to work on /opt/airflow/dags/kafka_load.py
[2026-04-09T15:24:12.339+0000] {processor.py:914} INFO - Processing file /opt/airflow/dags/kafka_load.py for tasks to queue
[2026-04-09T15:24:12.343+0000] {logging_mixin.py:190} INFO - [2026-04-09T15:24:12.342+0000] {dagbag.py:588} INFO - Filling up the DagBag from /opt/airflow/dags/kafka_load.py
[2026-04-09T15:24:12.378+0000] {processor.py:925} INFO - DAG(s) 'kafka_producer' retrieved from /opt/airflow/dags/kafka_load.py
[2026-04-09T15:24:12.406+0000] {logging_mixin.py:190} INFO - [2026-04-09T15:24:12.405+0000] {dag.py:3239} INFO - Sync 1 DAGs
[2026-04-09T15:24:12.436+0000] {logging_mixin.py:190} INFO - [2026-04-09T15:24:12.436+0000] {dag.py:4180} INFO - Setting next_dagrun for kafka_producer to 2026-04-08 18:30:00+00:00, run_after=2026-04-09 18:30:00+00:00
[2026-04-09T15:24:12.464+0000] {processor.py:208} INFO - Processing /opt/airflow/dags/kafka_load.py took 0.134 seconds
[2026-04-09T15:24:43.206+0000] {processor.py:186} INFO - Started process (PID=164) to work on /opt/airflow/dags/kafka_load.py
[2026-04-09T15:24:43.207+0000] {processor.py:914} INFO - Processing file /opt/airflow/dags/kafka_load.py for tasks to queue
[2026-04-09T15:24:43.211+0000] {logging_mixin.py:190} INFO - [2026-04-09T15:24:43.210+0000] {dagbag.py:588} INFO - Filling up the DagBag from /opt/airflow/dags/kafka_load.py
[2026-04-09T15:24:43.239+0000] {processor.py:925} INFO - DAG(s) 'kafka_producer' retrieved from /opt/airflow/dags/kafka_load.py
[2026-04-09T15:24:43.266+0000] {logging_mixin.py:190} INFO - [2026-04-09T15:24:43.266+0000] {dag.py:3239} INFO - Sync 1 DAGs
[2026-04-09T15:24:43.306+0000] {logging_mixin.py:190} INFO - [2026-04-09T15:24:43.306+0000] {dag.py:4180} INFO - Setting next_dagrun for kafka_producer to 2026-04-08 18:30:00+00:00, run_after=2026-04-09 18:30:00+00:00
[2026-04-09T15:24:43.357+0000] {processor.py:208} INFO - Processing /opt/airflow/dags/kafka_load.py took 0.159 seconds
[2026-04-09T15:25:15.361+0000] {processor.py:186} INFO - Started process (PID=167) to work on /opt/airflow/dags/kafka_load.py
[2026-04-09T15:25:15.465+0000] {processor.py:914} INFO - Processing file /opt/airflow/dags/kafka_load.py for tasks to queue
[2026-04-09T15:25:15.478+0000] {logging_mixin.py:190} INFO - [2026-04-09T15:25:15.477+0000] {dagbag.py:588} INFO - Filling up the DagBag from /opt/airflow/dags/kafka_load.py
[2026-04-09T15:25:15.868+0000] {processor.py:925} INFO - DAG(s) 'kafka_producer' retrieved from /opt/airflow/dags/kafka_load.py
[2026-04-09T15:25:15.940+0000] {logging_mixin.py:190} INFO - [2026-04-09T15:25:15.940+0000] {dag.py:3239} INFO - Sync 1 DAGs
[2026-04-09T15:25:16.068+0000] {logging_mixin.py:190} INFO - [2026-04-09T15:25:16.067+0000] {dag.py:4180} INFO - Setting next_dagrun for kafka_producer to 2026-04-08 18:30:00+00:00, run_after=2026-04-09 18:30:00+00:00
[2026-04-09T15:25:18.191+0000] {processor.py:208} INFO - Processing /opt/airflow/dags/kafka_load.py took 2.850 seconds
[2026-04-09T15:25:49.235+0000] {processor.py:186} INFO - Started process (PID=170) to work on /opt/airflow/dags/kafka_load.py
[2026-04-09T15:25:49.244+0000] {processor.py:914} INFO - Processing file /opt/airflow/dags/kafka_load.py for tasks to queue
[2026-04-09T15:25:49.251+0000] {logging_mixin.py:190} INFO - [2026-04-09T15:25:49.251+0000] {dagbag.py:588} INFO - Filling up the DagBag from /opt/airflow/dags/kafka_load.py
[2026-04-09T15:25:49.340+0000] {processor.py:925} INFO - DAG(s) 'kafka_producer' retrieved from /opt/airflow/dags/kafka_load.py
[2026-04-09T15:25:49.386+0000] {logging_mixin.py:190} INFO - [2026-04-09T15:25:49.386+0000] {dag.py:3239} INFO - Sync 1 DAGs
[2026-04-09T15:25:49.429+0000] {logging_mixin.py:190} INFO - [2026-04-09T15:25:49.429+0000] {dag.py:4180} INFO - Setting next_dagrun for kafka_producer to 2026-04-08 18:30:00+00:00, run_after=2026-04-09 18:30:00+00:00
[2026-04-09T15:25:49.457+0000] {processor.py:208} INFO - Processing /opt/airflow/dags/kafka_load.py took 0.237 seconds
[2026-04-09T15:26:19.563+0000] {processor.py:186} INFO - Started process (PID=173) to work on /opt/airflow/dags/kafka_load.py
[2026-04-09T15:26:19.565+0000] {processor.py:914} INFO - Processing file /opt/airflow/dags/kafka_load.py for tasks to queue
[2026-04-09T15:26:19.568+0000] {logging_mixin.py:190} INFO - [2026-04-09T15:26:19.568+0000] {dagbag.py:588} INFO - Filling up the DagBag from /opt/airflow/dags/kafka_load.py
[2026-04-09T15:26:19.608+0000] {processor.py:925} INFO - DAG(s) 'kafka_producer' retrieved from /opt/airflow/dags/kafka_load.py
[2026-04-09T15:26:19.669+0000] {logging_mixin.py:190} INFO - [2026-04-09T15:26:19.669+0000] {dag.py:3239} INFO - Sync 1 DAGs
[2026-04-09T15:26:19.743+0000] {logging_mixin.py:190} INFO - [2026-04-09T15:26:19.743+0000] {dag.py:4180} INFO - Setting next_dagrun for kafka_producer to 2026-04-08 18:30:00+00:00, run_after=2026-04-09 18:30:00+00:00
[2026-04-09T15:26:19.772+0000] {processor.py:208} INFO - Processing /opt/airflow/dags/kafka_load.py took 0.221 seconds
[2026-04-09T15:26:50.148+0000] {processor.py:186} INFO - Started process (PID=176) to work on /opt/airflow/dags/kafka_load.py
[2026-04-09T15:26:50.149+0000] {processor.py:914} INFO - Processing file /opt/airflow/dags/kafka_load.py for tasks to queue
[2026-04-09T15:26:50.152+0000] {logging_mixin.py:190} INFO - [2026-04-09T15:26:50.152+0000] {dagbag.py:588} INFO - Filling up the DagBag from /opt/airflow/dags/kafka_load.py
[2026-04-09T15:26:50.186+0000] {processor.py:925} INFO - DAG(s) 'kafka_producer' retrieved from /opt/airflow/dags/kafka_load.py
[2026-04-09T15:26:50.229+0000] {logging_mixin.py:190} INFO - [2026-04-09T15:26:50.228+0000] {dag.py:3239} INFO - Sync 1 DAGs
[2026-04-09T15:26:50.273+0000] {logging_mixin.py:190} INFO - [2026-04-09T15:26:50.273+0000] {dag.py:4180} INFO - Setting next_dagrun for kafka_producer to 2026-04-08 18:30:00+00:00, run_after=2026-04-09 18:30:00+00:00
[2026-04-09T15:26:50.302+0000] {processor.py:208} INFO - Processing /opt/airflow/dags/kafka_load.py took 0.167 seconds
[2026-04-09T15:27:20.684+0000] {processor.py:186} INFO - Started process (PID=179) to work on /opt/airflow/dags/kafka_load.py
[2026-04-09T15:27:20.686+0000] {processor.py:914} INFO - Processing file /opt/airflow/dags/kafka_load.py for tasks to queue
[2026-04-09T15:27:20.692+0000] {logging_mixin.py:190} INFO - [2026-04-09T15:27:20.691+0000] {dagbag.py:588} INFO - Filling up the DagBag from /opt/airflow/dags/kafka_load.py
[2026-04-09T15:27:20.725+0000] {processor.py:925} INFO - DAG(s) 'kafka_producer' retrieved from /opt/airflow/dags/kafka_load.py
[2026-04-09T15:27:20.760+0000] {logging_mixin.py:190} INFO - [2026-04-09T15:27:20.759+0000] {dag.py:3239} INFO - Sync 1 DAGs
[2026-04-09T15:27:20.800+0000] {logging_mixin.py:190} INFO - [2026-04-09T15:27:20.799+0000] {dag.py:4180} INFO - Setting next_dagrun for kafka_producer to 2026-04-08 18:30:00+00:00, run_after=2026-04-09 18:30:00+00:00
[2026-04-09T15:27:20.827+0000] {processor.py:208} INFO - Processing /opt/airflow/dags/kafka_load.py took 0.152 seconds
[2026-04-09T15:27:51.206+0000] {processor.py:186} INFO - Started process (PID=182) to work on /opt/airflow/dags/kafka_load.py
[2026-04-09T15:27:51.214+0000] {processor.py:914} INFO - Processing file /opt/airflow/dags/kafka_load.py for tasks to queue
[2026-04-09T15:27:51.226+0000] {logging_mixin.py:190} INFO - [2026-04-09T15:27:51.223+0000] {dagbag.py:588} INFO - Filling up the DagBag from /opt/airflow/dags/kafka_load.py
[2026-04-09T15:27:51.273+0000] {processor.py:925} INFO - DAG(s) 'kafka_producer' retrieved from /opt/airflow/dags/kafka_load.py
[2026-04-09T15:27:51.304+0000] {logging_mixin.py:190} INFO - [2026-04-09T15:27:51.303+0000] {dag.py:3239} INFO - Sync 1 DAGs
[2026-04-09T15:27:51.337+0000] {logging_mixin.py:190} INFO - [2026-04-09T15:27:51.337+0000] {dag.py:4180} INFO - Setting next_dagrun for kafka_producer to 2026-04-08 18:30:00+00:00, run_after=2026-04-09 18:30:00+00:00
[2026-04-09T15:27:51.371+0000] {processor.py:208} INFO - Processing /opt/airflow/dags/kafka_load.py took 0.183 seconds
[2026-04-09T15:28:21.867+0000] {processor.py:186} INFO - Started process (PID=185) to work on /opt/airflow/dags/kafka_load.py
[2026-04-09T15:28:21.868+0000] {processor.py:914} INFO - Processing file /opt/airflow/dags/kafka_load.py for tasks to queue
[2026-04-09T15:28:21.875+0000] {logging_mixin.py:190} INFO - [2026-04-09T15:28:21.873+0000] {dagbag.py:588} INFO - Filling up the DagBag from /opt/airflow/dags/kafka_load.py
[2026-04-09T15:28:21.914+0000] {processor.py:925} INFO - DAG(s) 'kafka_producer' retrieved from /opt/airflow/dags/kafka_load.py
[2026-04-09T15:28:21.970+0000] {logging_mixin.py:190} INFO - [2026-04-09T15:28:21.970+0000] {dag.py:3239} INFO - Sync 1 DAGs
[2026-04-09T15:28:22.036+0000] {logging_mixin.py:190} INFO - [2026-04-09T15:28:22.036+0000] {dag.py:4180} INFO - Setting next_dagrun for kafka_producer to 2026-04-08 18:30:00+00:00, run_after=2026-04-09 18:30:00+00:00
[2026-04-09T15:28:22.077+0000] {processor.py:208} INFO - Processing /opt/airflow/dags/kafka_load.py took 0.219 seconds
[2026-04-09T15:28:52.544+0000] {processor.py:186} INFO - Started process (PID=188) to work on /opt/airflow/dags/kafka_load.py
[2026-04-09T15:28:52.546+0000] {processor.py:914} INFO - Processing file /opt/airflow/dags/kafka_load.py for tasks to queue
[2026-04-09T15:28:52.550+0000] {logging_mixin.py:190} INFO - [2026-04-09T15:28:52.549+0000] {dagbag.py:588} INFO - Filling up the DagBag from /opt/airflow/dags/kafka_load.py
[2026-04-09T15:28:52.601+0000] {processor.py:925} INFO - DAG(s) 'kafka_producer' retrieved from /opt/airflow/dags/kafka_load.py
[2026-04-09T15:28:52.644+0000] {logging_mixin.py:190} INFO - [2026-04-09T15:28:52.644+0000] {dag.py:3239} INFO - Sync 1 DAGs
[2026-04-09T15:28:52.718+0000] {logging_mixin.py:190} INFO - [2026-04-09T15:28:52.717+0000] {dag.py:4180} INFO - Setting next_dagrun for kafka_producer to 2026-04-08 18:30:00+00:00, run_after=2026-04-09 18:30:00+00:00
[2026-04-09T15:28:52.793+0000] {processor.py:208} INFO - Processing /opt/airflow/dags/kafka_load.py took 0.259 seconds
[2026-04-09T15:29:23.198+0000] {processor.py:186} INFO - Started process (PID=191) to work on /opt/airflow/dags/kafka_load.py
[2026-04-09T15:29:23.200+0000] {processor.py:914} INFO - Processing file /opt/airflow/dags/kafka_load.py for tasks to queue
[2026-04-09T15:29:23.210+0000] {logging_mixin.py:190} INFO - [2026-04-09T15:29:23.209+0000] {dagbag.py:588} INFO - Filling up the DagBag from /opt/airflow/dags/kafka_load.py
[2026-04-09T15:29:23.253+0000] {processor.py:925} INFO - DAG(s) 'kafka_producer' retrieved from /opt/airflow/dags/kafka_load.py
[2026-04-09T15:29:23.283+0000] {logging_mixin.py:190} INFO - [2026-04-09T15:29:23.283+0000] {dag.py:3239} INFO - Sync 1 DAGs
[2026-04-09T15:29:23.321+0000] {logging_mixin.py:190} INFO - [2026-04-09T15:29:23.321+0000] {dag.py:4180} INFO - Setting next_dagrun for kafka_producer to 2026-04-08 18:30:00+00:00, run_after=2026-04-09 18:30:00+00:00
[2026-04-09T15:29:23.349+0000] {processor.py:208} INFO - Processing /opt/airflow/dags/kafka_load.py took 0.159 seconds
[2026-04-09T15:29:53.775+0000] {processor.py:186} INFO - Started process (PID=194) to work on /opt/airflow/dags/kafka_load.py
[2026-04-09T15:29:53.777+0000] {processor.py:914} INFO - Processing file /opt/airflow/dags/kafka_load.py for tasks to queue
[2026-04-09T15:29:53.781+0000] {logging_mixin.py:190} INFO - [2026-04-09T15:29:53.781+0000] {dagbag.py:588} INFO - Filling up the DagBag from /opt/airflow/dags/kafka_load.py
[2026-04-09T15:29:53.815+0000] {processor.py:925} INFO - DAG(s) 'kafka_producer' retrieved from /opt/airflow/dags/kafka_load.py
[2026-04-09T15:29:53.842+0000] {logging_mixin.py:190} INFO - [2026-04-09T15:29:53.842+0000] {dag.py:3239} INFO - Sync 1 DAGs
[2026-04-09T15:29:53.875+0000] {logging_mixin.py:190} INFO - [2026-04-09T15:29:53.874+0000] {dag.py:4180} INFO - Setting next_dagrun for kafka_producer to 2026-04-08 18:30:00+00:00, run_after=2026-04-09 18:30:00+00:00
[2026-04-09T15:29:53.903+0000] {processor.py:208} INFO - Processing /opt/airflow/dags/kafka_load.py took 0.136 seconds
[2026-04-09T15:30:24.612+0000] {processor.py:186} INFO - Started process (PID=197) to work on /opt/airflow/dags/kafka_load.py
[2026-04-09T15:30:24.614+0000] {processor.py:914} INFO - Processing file /opt/airflow/dags/kafka_load.py for tasks to queue
[2026-04-09T15:30:24.628+0000] {logging_mixin.py:190} INFO - [2026-04-09T15:30:24.627+0000] {dagbag.py:588} INFO - Filling up the DagBag from /opt/airflow/dags/kafka_load.py
[2026-04-09T15:30:24.710+0000] {processor.py:925} INFO - DAG(s) 'kafka_producer' retrieved from /opt/airflow/dags/kafka_load.py
[2026-04-09T15:30:24.754+0000] {logging_mixin.py:190} INFO - [2026-04-09T15:30:24.754+0000] {dag.py:3239} INFO - Sync 1 DAGs
[2026-04-09T15:30:24.798+0000] {logging_mixin.py:190} INFO - [2026-04-09T15:30:24.797+0000] {dag.py:4180} INFO - Setting next_dagrun for kafka_producer to 2026-04-08 18:30:00+00:00, run_after=2026-04-09 18:30:00+00:00
[2026-04-09T15:30:24.824+0000] {processor.py:208} INFO - Processing /opt/airflow/dags/kafka_load.py took 0.222 seconds
[2026-04-09T15:30:55.247+0000] {processor.py:186} INFO - Started process (PID=200) to work on /opt/airflow/dags/kafka_load.py
[2026-04-09T15:30:55.249+0000] {processor.py:914} INFO - Processing file /opt/airflow/dags/kafka_load.py for tasks to queue
[2026-04-09T15:30:55.254+0000] {logging_mixin.py:190} INFO - [2026-04-09T15:30:55.253+0000] {dagbag.py:588} INFO - Filling up the DagBag from /opt/airflow/dags/kafka_load.py
[2026-04-09T15:30:55.291+0000] {processor.py:925} INFO - DAG(s) 'kafka_producer' retrieved from /opt/airflow/dags/kafka_load.py
[2026-04-09T15:30:55.319+0000] {logging_mixin.py:190} INFO - [2026-04-09T15:30:55.319+0000] {dag.py:3239} INFO - Sync 1 DAGs
[2026-04-09T15:30:55.351+0000] {logging_mixin.py:190} INFO - [2026-04-09T15:30:55.351+0000] {dag.py:4180} INFO - Setting next_dagrun for kafka_producer to 2026-04-08 18:30:00+00:00, run_after=2026-04-09 18:30:00+00:00
[2026-04-09T15:30:55.381+0000] {processor.py:208} INFO - Processing /opt/airflow/dags/kafka_load.py took 0.143 seconds
[2026-04-09T15:31:25.800+0000] {processor.py:186} INFO - Started process (PID=203) to work on /opt/airflow/dags/kafka_load.py
[2026-04-09T15:31:25.802+0000] {processor.py:914} INFO - Processing file /opt/airflow/dags/kafka_load.py for tasks to queue
[2026-04-09T15:31:25.806+0000] {logging_mixin.py:190} INFO - [2026-04-09T15:31:25.805+0000] {dagbag.py:588} INFO - Filling up the DagBag from /opt/airflow/dags/kafka_load.py
[2026-04-09T15:31:25.849+0000] {processor.py:925} INFO - DAG(s) 'kafka_producer' retrieved from /opt/airflow/dags/kafka_load.py
[2026-04-09T15:31:25.910+0000] {logging_mixin.py:190} INFO - [2026-04-09T15:31:25.908+0000] {dag.py:3239} INFO - Sync 1 DAGs
[2026-04-09T15:31:25.965+0000] {logging_mixin.py:190} INFO - [2026-04-09T15:31:25.965+0000] {dag.py:4180} INFO - Setting next_dagrun for kafka_producer to 2026-04-08 18:30:00+00:00, run_after=2026-04-09 18:30:00+00:00
[2026-04-09T15:31:25.998+0000] {processor.py:208} INFO - Processing /opt/airflow/dags/kafka_load.py took 0.209 seconds
[2026-04-09T15:31:56.571+0000] {processor.py:186} INFO - Started process (PID=206) to work on /opt/airflow/dags/kafka_load.py
[2026-04-09T15:31:56.574+0000] {processor.py:914} INFO - Processing file /opt/airflow/dags/kafka_load.py for tasks to queue
[2026-04-09T15:31:56.580+0000] {logging_mixin.py:190} INFO - [2026-04-09T15:31:56.579+0000] {dagbag.py:588} INFO - Filling up the DagBag from /opt/airflow/dags/kafka_load.py
[2026-04-09T15:31:56.620+0000] {processor.py:925} INFO - DAG(s) 'kafka_producer' retrieved from /opt/airflow/dags/kafka_load.py
[2026-04-09T15:31:56.650+0000] {logging_mixin.py:190} INFO - [2026-04-09T15:31:56.650+0000] {dag.py:3239} INFO - Sync 1 DAGs
[2026-04-09T15:31:56.688+0000] {logging_mixin.py:190} INFO - [2026-04-09T15:31:56.687+0000] {dag.py:4180} INFO - Setting next_dagrun for kafka_producer to 2026-04-08 18:30:00+00:00, run_after=2026-04-09 18:30:00+00:00
[2026-04-09T15:31:56.749+0000] {processor.py:208} INFO - Processing /opt/airflow/dags/kafka_load.py took 0.193 seconds
[2026-04-09T15:32:27.383+0000] {processor.py:186} INFO - Started process (PID=209) to work on /opt/airflow/dags/kafka_load.py
[2026-04-09T15:32:27.384+0000] {processor.py:914} INFO - Processing file /opt/airflow/dags/kafka_load.py for tasks to queue
[2026-04-09T15:32:27.390+0000] {logging_mixin.py:190} INFO - [2026-04-09T15:32:27.389+0000] {dagbag.py:588} INFO - Filling up the DagBag from /opt/airflow/dags/kafka_load.py
[2026-04-09T15:32:27.444+0000] {processor.py:925} INFO - DAG(s) 'kafka_producer' retrieved from /opt/airflow/dags/kafka_load.py
[2026-04-09T15:32:27.481+0000] {logging_mixin.py:190} INFO - [2026-04-09T15:32:27.480+0000] {dag.py:3239} INFO - Sync 1 DAGs
[2026-04-09T15:32:27.523+0000] {logging_mixin.py:190} INFO - [2026-04-09T15:32:27.523+0000] {dag.py:4180} INFO - Setting next_dagrun for kafka_producer to 2026-04-08 18:30:00+00:00, run_after=2026-04-09 18:30:00+00:00
[2026-04-09T15:32:27.556+0000] {processor.py:208} INFO - Processing /opt/airflow/dags/kafka_load.py took 0.185 seconds
[2026-04-09T15:32:58.169+0000] {processor.py:186} INFO - Started process (PID=212) to work on /opt/airflow/dags/kafka_load.py
[2026-04-09T15:32:58.171+0000] {processor.py:914} INFO - Processing file /opt/airflow/dags/kafka_load.py for tasks to queue
[2026-04-09T15:32:58.174+0000] {logging_mixin.py:190} INFO - [2026-04-09T15:32:58.174+0000] {dagbag.py:588} INFO - Filling up the DagBag from /opt/airflow/dags/kafka_load.py
[2026-04-09T15:32:58.218+0000] {processor.py:925} INFO - DAG(s) 'kafka_producer' retrieved from /opt/airflow/dags/kafka_load.py
[2026-04-09T15:32:58.252+0000] {logging_mixin.py:190} INFO - [2026-04-09T15:32:58.251+0000] {dag.py:3239} INFO - Sync 1 DAGs
[2026-04-09T15:32:58.290+0000] {logging_mixin.py:190} INFO - [2026-04-09T15:32:58.290+0000] {dag.py:4180} INFO - Setting next_dagrun for kafka_producer to 2026-04-08 18:30:00+00:00, run_after=2026-04-09 18:30:00+00:00
[2026-04-09T15:32:58.331+0000] {processor.py:208} INFO - Processing /opt/airflow/dags/kafka_load.py took 0.173 seconds
[2026-04-09T15:33:28.820+0000] {processor.py:186} INFO - Started process (PID=215) to work on /opt/airflow/dags/kafka_load.py
[2026-04-09T15:33:28.821+0000] {processor.py:914} INFO - Processing file /opt/airflow/dags/kafka_load.py for tasks to queue
[2026-04-09T15:33:28.824+0000] {logging_mixin.py:190} INFO - [2026-04-09T15:33:28.824+0000] {dagbag.py:588} INFO - Filling up the DagBag from /opt/airflow/dags/kafka_load.py
[2026-04-09T15:33:28.904+0000] {processor.py:925} INFO - DAG(s) 'kafka_producer' retrieved from /opt/airflow/dags/kafka_load.py
[2026-04-09T15:33:28.968+0000] {logging_mixin.py:190} INFO - [2026-04-09T15:33:28.968+0000] {dag.py:3239} INFO - Sync 1 DAGs
[2026-04-09T15:33:29.053+0000] {logging_mixin.py:190} INFO - [2026-04-09T15:33:29.043+0000] {dag.py:4180} INFO - Setting next_dagrun for kafka_producer to 2026-04-08 18:30:00+00:00, run_after=2026-04-09 18:30:00+00:00
[2026-04-09T15:33:29.090+0000] {processor.py:208} INFO - Processing /opt/airflow/dags/kafka_load.py took 0.286 seconds
[2026-04-09T15:33:59.303+0000] {processor.py:186} INFO - Started process (PID=218) to work on /opt/airflow/dags/kafka_load.py
[2026-04-09T15:33:59.304+0000] {processor.py:914} INFO - Processing file /opt/airflow/dags/kafka_load.py for tasks to queue
[2026-04-09T15:33:59.307+0000] {logging_mixin.py:190} INFO - [2026-04-09T15:33:59.307+0000] {dagbag.py:588} INFO - Filling up the DagBag from /opt/airflow/dags/kafka_load.py
[2026-04-09T15:33:59.343+0000] {processor.py:925} INFO - DAG(s) 'kafka_producer' retrieved from /opt/airflow/dags/kafka_load.py
[2026-04-09T15:33:59.378+0000] {logging_mixin.py:190} INFO - [2026-04-09T15:33:59.377+0000] {dag.py:3239} INFO - Sync 1 DAGs
[2026-04-09T15:33:59.416+0000] {logging_mixin.py:190} INFO - [2026-04-09T15:33:59.415+0000] {dag.py:4180} INFO - Setting next_dagrun for kafka_producer to 2026-04-08 18:30:00+00:00, run_after=2026-04-09 18:30:00+00:00
[2026-04-09T15:33:59.447+0000] {processor.py:208} INFO - Processing /opt/airflow/dags/kafka_load.py took 0.156 seconds
[2026-04-09T15:34:29.930+0000] {processor.py:186} INFO - Started process (PID=221) to work on /opt/airflow/dags/kafka_load.py
[2026-04-09T15:34:29.933+0000] {processor.py:914} INFO - Processing file /opt/airflow/dags/kafka_load.py for tasks to queue
[2026-04-09T15:34:29.952+0000] {logging_mixin.py:190} INFO - [2026-04-09T15:34:29.951+0000] {dagbag.py:588} INFO - Filling up the DagBag from /opt/airflow/dags/kafka_load.py
[2026-04-09T15:34:30.008+0000] {processor.py:925} INFO - DAG(s) 'kafka_producer' retrieved from /opt/airflow/dags/kafka_load.py
[2026-04-09T15:34:30.035+0000] {logging_mixin.py:190} INFO - [2026-04-09T15:34:30.034+0000] {dag.py:3239} INFO - Sync 1 DAGs
[2026-04-09T15:34:30.069+0000] {logging_mixin.py:190} INFO - [2026-04-09T15:34:30.069+0000] {dag.py:4180} INFO - Setting next_dagrun for kafka_producer to 2026-04-08 18:30:00+00:00, run_after=2026-04-09 18:30:00+00:00
[2026-04-09T15:34:30.097+0000] {processor.py:208} INFO - Processing /opt/airflow/dags/kafka_load.py took 0.185 seconds
[2026-04-09T15:35:00.443+0000] {processor.py:186} INFO - Started process (PID=224) to work on /opt/airflow/dags/kafka_load.py
[2026-04-09T15:35:00.444+0000] {processor.py:914} INFO - Processing file /opt/airflow/dags/kafka_load.py for tasks to queue
[2026-04-09T15:35:00.451+0000] {logging_mixin.py:190} INFO - [2026-04-09T15:35:00.449+0000] {dagbag.py:588} INFO - Filling up the DagBag from /opt/airflow/dags/kafka_load.py
[2026-04-09T15:35:00.548+0000] {processor.py:925} INFO - DAG(s) 'kafka_producer' retrieved from /opt/airflow/dags/kafka_load.py
[2026-04-09T15:35:00.611+0000] {logging_mixin.py:190} INFO - [2026-04-09T15:35:00.610+0000] {dag.py:3239} INFO - Sync 1 DAGs
[2026-04-09T15:35:00.666+0000] {logging_mixin.py:190} INFO - [2026-04-09T15:35:00.666+0000] {dag.py:4180} INFO - Setting next_dagrun for kafka_producer to 2026-04-08 18:30:00+00:00, run_after=2026-04-09 18:30:00+00:00
[2026-04-09T15:35:00.731+0000] {processor.py:208} INFO - Processing /opt/airflow/dags/kafka_load.py took 0.304 seconds
[2026-04-09T15:35:31.501+0000] {processor.py:186} INFO - Started process (PID=227) to work on /opt/airflow/dags/kafka_load.py
[2026-04-09T15:35:31.504+0000] {processor.py:914} INFO - Processing file /opt/airflow/dags/kafka_load.py for tasks to queue
[2026-04-09T15:35:31.509+0000] {logging_mixin.py:190} INFO - [2026-04-09T15:35:31.508+0000] {dagbag.py:588} INFO - Filling up the DagBag from /opt/airflow/dags/kafka_load.py
[2026-04-09T15:35:31.553+0000] {processor.py:925} INFO - DAG(s) 'kafka_producer' retrieved from /opt/airflow/dags/kafka_load.py
[2026-04-09T15:35:31.609+0000] {logging_mixin.py:190} INFO - [2026-04-09T15:35:31.609+0000] {dag.py:3239} INFO - Sync 1 DAGs
[2026-04-09T15:35:31.656+0000] {logging_mixin.py:190} INFO - [2026-04-09T15:35:31.656+0000] {dag.py:4180} INFO - Setting next_dagrun for kafka_producer to 2026-04-08 18:30:00+00:00, run_after=2026-04-09 18:30:00+00:00
[2026-04-09T15:35:31.685+0000] {processor.py:208} INFO - Processing /opt/airflow/dags/kafka_load.py took 0.192 seconds
[2026-04-09T15:36:01.981+0000] {processor.py:186} INFO - Started process (PID=230) to work on /opt/airflow/dags/kafka_load.py
[2026-04-09T15:36:01.988+0000] {processor.py:914} INFO - Processing file /opt/airflow/dags/kafka_load.py for tasks to queue
[2026-04-09T15:36:01.993+0000] {logging_mixin.py:190} INFO - [2026-04-09T15:36:01.992+0000] {dagbag.py:588} INFO - Filling up the DagBag from /opt/airflow/dags/kafka_load.py
[2026-04-09T15:36:02.035+0000] {processor.py:925} INFO - DAG(s) 'kafka_producer' retrieved from /opt/airflow/dags/kafka_load.py
[2026-04-09T15:36:02.103+0000] {logging_mixin.py:190} INFO - [2026-04-09T15:36:02.103+0000] {dag.py:3239} INFO - Sync 1 DAGs
[2026-04-09T15:36:02.161+0000] {logging_mixin.py:190} INFO - [2026-04-09T15:36:02.160+0000] {dag.py:4180} INFO - Setting next_dagrun for kafka_producer to 2026-04-08 18:30:00+00:00, run_after=2026-04-09 18:30:00+00:00
[2026-04-09T15:36:02.208+0000] {processor.py:208} INFO - Processing /opt/airflow/dags/kafka_load.py took 0.235 seconds
[2026-04-09T15:36:32.804+0000] {processor.py:186} INFO - Started process (PID=233) to work on /opt/airflow/dags/kafka_load.py
[2026-04-09T15:36:32.805+0000] {processor.py:914} INFO - Processing file /opt/airflow/dags/kafka_load.py for tasks to queue
[2026-04-09T15:36:32.809+0000] {logging_mixin.py:190} INFO - [2026-04-09T15:36:32.808+0000] {dagbag.py:588} INFO - Filling up the DagBag from /opt/airflow/dags/kafka_load.py
[2026-04-09T15:36:32.856+0000] {processor.py:925} INFO - DAG(s) 'kafka_producer' retrieved from /opt/airflow/dags/kafka_load.py
[2026-04-09T15:36:32.903+0000] {logging_mixin.py:190} INFO - [2026-04-09T15:36:32.903+0000] {dag.py:3239} INFO - Sync 1 DAGs
[2026-04-09T15:36:32.945+0000] {logging_mixin.py:190} INFO - [2026-04-09T15:36:32.944+0000] {dag.py:4180} INFO - Setting next_dagrun for kafka_producer to 2026-04-08 18:30:00+00:00, run_after=2026-04-09 18:30:00+00:00
[2026-04-09T15:36:32.971+0000] {processor.py:208} INFO - Processing /opt/airflow/dags/kafka_load.py took 0.188 seconds
[2026-04-09T15:37:03.494+0000] {processor.py:186} INFO - Started process (PID=236) to work on /opt/airflow/dags/kafka_load.py
[2026-04-09T15:37:03.497+0000] {processor.py:914} INFO - Processing file /opt/airflow/dags/kafka_load.py for tasks to queue
[2026-04-09T15:37:03.512+0000] {logging_mixin.py:190} INFO - [2026-04-09T15:37:03.511+0000] {dagbag.py:588} INFO - Filling up the DagBag from /opt/airflow/dags/kafka_load.py
[2026-04-09T15:37:03.639+0000] {processor.py:925} INFO - DAG(s) 'kafka_producer' retrieved from /opt/airflow/dags/kafka_load.py
[2026-04-09T15:37:03.732+0000] {logging_mixin.py:190} INFO - [2026-04-09T15:37:03.732+0000] {dag.py:3239} INFO - Sync 1 DAGs
[2026-04-09T15:37:03.810+0000] {logging_mixin.py:190} INFO - [2026-04-09T15:37:03.809+0000] {dag.py:4180} INFO - Setting next_dagrun for kafka_producer to 2026-04-08 18:30:00+00:00, run_after=2026-04-09 18:30:00+00:00
[2026-04-09T15:37:03.889+0000] {processor.py:208} INFO - Processing /opt/airflow/dags/kafka_load.py took 0.410 seconds
[2026-04-09T15:37:34.568+0000] {processor.py:186} INFO - Started process (PID=239) to work on /opt/airflow/dags/kafka_load.py
[2026-04-09T15:37:34.571+0000] {processor.py:914} INFO - Processing file /opt/airflow/dags/kafka_load.py for tasks to queue
[2026-04-09T15:37:34.576+0000] {logging_mixin.py:190} INFO - [2026-04-09T15:37:34.576+0000] {dagbag.py:588} INFO - Filling up the DagBag from /opt/airflow/dags/kafka_load.py
[2026-04-09T15:37:34.622+0000] {processor.py:925} INFO - DAG(s) 'kafka_producer' retrieved from /opt/airflow/dags/kafka_load.py
[2026-04-09T15:37:34.655+0000] {logging_mixin.py:190} INFO - [2026-04-09T15:37:34.654+0000] {dag.py:3239} INFO - Sync 1 DAGs
[2026-04-09T15:37:34.693+0000] {logging_mixin.py:190} INFO - [2026-04-09T15:37:34.693+0000] {dag.py:4180} INFO - Setting next_dagrun for kafka_producer to 2026-04-08 18:30:00+00:00, run_after=2026-04-09 18:30:00+00:00
[2026-04-09T15:37:34.724+0000] {processor.py:208} INFO - Processing /opt/airflow/dags/kafka_load.py took 0.166 seconds
[2026-04-09T15:38:05.047+0000] {processor.py:186} INFO - Started process (PID=242) to work on /opt/airflow/dags/kafka_load.py
[2026-04-09T15:38:05.049+0000] {processor.py:914} INFO - Processing file /opt/airflow/dags/kafka_load.py for tasks to queue
[2026-04-09T15:38:05.053+0000] {logging_mixin.py:190} INFO - [2026-04-09T15:38:05.052+0000] {dagbag.py:588} INFO - Filling up the DagBag from /opt/airflow/dags/kafka_load.py
[2026-04-09T15:38:05.140+0000] {processor.py:925} INFO - DAG(s) 'kafka_producer' retrieved from /opt/airflow/dags/kafka_load.py
[2026-04-09T15:38:05.229+0000] {logging_mixin.py:190} INFO - [2026-04-09T15:38:05.229+0000] {dag.py:3239} INFO - Sync 1 DAGs
[2026-04-09T15:38:05.331+0000] {logging_mixin.py:190} INFO - [2026-04-09T15:38:05.321+0000] {dag.py:4180} INFO - Setting next_dagrun for kafka_producer to 2026-04-08 18:30:00+00:00, run_after=2026-04-09 18:30:00+00:00
[2026-04-09T15:38:05.389+0000] {processor.py:208} INFO - Processing /opt/airflow/dags/kafka_load.py took 0.358 seconds
[2026-04-09T15:38:35.994+0000] {processor.py:186} INFO - Started process (PID=245) to work on /opt/airflow/dags/kafka_load.py
[2026-04-09T15:38:35.999+0000] {processor.py:914} INFO - Processing file /opt/airflow/dags/kafka_load.py for tasks to queue
[2026-04-09T15:38:36.023+0000] {logging_mixin.py:190} INFO - [2026-04-09T15:38:36.020+0000] {dagbag.py:588} INFO - Filling up the DagBag from /opt/airflow/dags/kafka_load.py
[2026-04-09T15:38:36.176+0000] {processor.py:925} INFO - DAG(s) 'kafka_producer' retrieved from /opt/airflow/dags/kafka_load.py
[2026-04-09T15:38:36.256+0000] {logging_mixin.py:190} INFO - [2026-04-09T15:38:36.256+0000] {dag.py:3239} INFO - Sync 1 DAGs
[2026-04-09T15:38:36.351+0000] {logging_mixin.py:190} INFO - [2026-04-09T15:38:36.351+0000] {dag.py:4180} INFO - Setting next_dagrun for kafka_producer to 2026-04-08 18:30:00+00:00, run_after=2026-04-09 18:30:00+00:00
[2026-04-09T15:38:36.423+0000] {processor.py:208} INFO - Processing /opt/airflow/dags/kafka_load.py took 0.448 seconds
[2026-04-09T15:39:06.817+0000] {processor.py:186} INFO - Started process (PID=248) to work on /opt/airflow/dags/kafka_load.py
[2026-04-09T15:39:06.818+0000] {processor.py:914} INFO - Processing file /opt/airflow/dags/kafka_load.py for tasks to queue
[2026-04-09T15:39:06.822+0000] {logging_mixin.py:190} INFO - [2026-04-09T15:39:06.821+0000] {dagbag.py:588} INFO - Filling up the DagBag from /opt/airflow/dags/kafka_load.py
[2026-04-09T15:39:06.855+0000] {processor.py:925} INFO - DAG(s) 'kafka_producer' retrieved from /opt/airflow/dags/kafka_load.py
[2026-04-09T15:39:06.883+0000] {logging_mixin.py:190} INFO - [2026-04-09T15:39:06.883+0000] {dag.py:3239} INFO - Sync 1 DAGs
[2026-04-09T15:39:06.923+0000] {logging_mixin.py:190} INFO - [2026-04-09T15:39:06.923+0000] {dag.py:4180} INFO - Setting next_dagrun for kafka_producer to 2026-04-08 18:30:00+00:00, run_after=2026-04-09 18:30:00+00:00
[2026-04-09T15:39:06.954+0000] {processor.py:208} INFO - Processing /opt/airflow/dags/kafka_load.py took 0.147 seconds
[2026-04-09T15:39:37.647+0000] {processor.py:186} INFO - Started process (PID=251) to work on /opt/airflow/dags/kafka_load.py
[2026-04-09T15:39:37.649+0000] {processor.py:914} INFO - Processing file /opt/airflow/dags/kafka_load.py for tasks to queue
[2026-04-09T15:39:37.652+0000] {logging_mixin.py:190} INFO - [2026-04-09T15:39:37.652+0000] {dagbag.py:588} INFO - Filling up the DagBag from /opt/airflow/dags/kafka_load.py
[2026-04-09T15:39:37.727+0000] {processor.py:925} INFO - DAG(s) 'kafka_producer' retrieved from /opt/airflow/dags/kafka_load.py
[2026-04-09T15:39:37.788+0000] {logging_mixin.py:190} INFO - [2026-04-09T15:39:37.787+0000] {dag.py:3239} INFO - Sync 1 DAGs
[2026-04-09T15:39:37.840+0000] {logging_mixin.py:190} INFO - [2026-04-09T15:39:37.840+0000] {dag.py:4180} INFO - Setting next_dagrun for kafka_producer to 2026-04-08 18:30:00+00:00, run_after=2026-04-09 18:30:00+00:00
[2026-04-09T15:39:37.883+0000] {processor.py:208} INFO - Processing /opt/airflow/dags/kafka_load.py took 0.249 seconds
[2026-04-09T15:40:08.382+0000] {processor.py:186} INFO - Started process (PID=254) to work on /opt/airflow/dags/kafka_load.py
[2026-04-09T15:40:08.389+0000] {processor.py:914} INFO - Processing file /opt/airflow/dags/kafka_load.py for tasks to queue
[2026-04-09T15:40:08.393+0000] {logging_mixin.py:190} INFO - [2026-04-09T15:40:08.392+0000] {dagbag.py:588} INFO - Filling up the DagBag from /opt/airflow/dags/kafka_load.py
[2026-04-09T15:40:08.434+0000] {processor.py:925} INFO - DAG(s) 'kafka_producer' retrieved from /opt/airflow/dags/kafka_load.py
[2026-04-09T15:40:08.509+0000] {logging_mixin.py:190} INFO - [2026-04-09T15:40:08.499+0000] {dag.py:3239} INFO - Sync 1 DAGs
[2026-04-09T15:40:08.548+0000] {logging_mixin.py:190} INFO - [2026-04-09T15:40:08.548+0000] {dag.py:4180} INFO - Setting next_dagrun for kafka_producer to 2026-04-08 18:30:00+00:00, run_after=2026-04-09 18:30:00+00:00
[2026-04-09T15:40:08.580+0000] {processor.py:208} INFO - Processing /opt/airflow/dags/kafka_load.py took 0.210 seconds
[2026-04-09T15:40:38.760+0000] {processor.py:186} INFO - Started process (PID=257) to work on /opt/airflow/dags/kafka_load.py
[2026-04-09T15:40:38.761+0000] {processor.py:914} INFO - Processing file /opt/airflow/dags/kafka_load.py for tasks to queue
[2026-04-09T15:40:38.764+0000] {logging_mixin.py:190} INFO - [2026-04-09T15:40:38.764+0000] {dagbag.py:588} INFO - Filling up the DagBag from /opt/airflow/dags/kafka_load.py
[2026-04-09T15:40:38.798+0000] {processor.py:925} INFO - DAG(s) 'kafka_producer' retrieved from /opt/airflow/dags/kafka_load.py
[2026-04-09T15:40:38.827+0000] {logging_mixin.py:190} INFO - [2026-04-09T15:40:38.827+0000] {dag.py:3239} INFO - Sync 1 DAGs
[2026-04-09T15:40:38.869+0000] {logging_mixin.py:190} INFO - [2026-04-09T15:40:38.869+0000] {dag.py:4180} INFO - Setting next_dagrun for kafka_producer to 2026-04-08 18:30:00+00:00, run_after=2026-04-09 18:30:00+00:00
[2026-04-09T15:40:38.895+0000] {processor.py:208} INFO - Processing /opt/airflow/dags/kafka_load.py took 0.145 seconds
[2026-04-09T15:41:09.078+0000] {processor.py:186} INFO - Started process (PID=260) to work on /opt/airflow/dags/kafka_load.py
[2026-04-09T15:41:09.081+0000] {processor.py:914} INFO - Processing file /opt/airflow/dags/kafka_load.py for tasks to queue
[2026-04-09T15:41:09.085+0000] {logging_mixin.py:190} INFO - [2026-04-09T15:41:09.084+0000] {dagbag.py:588} INFO - Filling up the DagBag from /opt/airflow/dags/kafka_load.py
[2026-04-09T15:41:09.138+0000] {processor.py:925} INFO - DAG(s) 'kafka_producer' retrieved from /opt/airflow/dags/kafka_load.py
[2026-04-09T15:41:09.184+0000] {logging_mixin.py:190} INFO - [2026-04-09T15:41:09.184+0000] {dag.py:3239} INFO - Sync 1 DAGs
[2026-04-09T15:41:09.232+0000] {logging_mixin.py:190} INFO - [2026-04-09T15:41:09.232+0000] {dag.py:4180} INFO - Setting next_dagrun for kafka_producer to 2026-04-08 18:30:00+00:00, run_after=2026-04-09 18:30:00+00:00
[2026-04-09T15:41:09.297+0000] {processor.py:208} INFO - Processing /opt/airflow/dags/kafka_load.py took 0.231 seconds
[2026-04-09T15:41:40.228+0000] {processor.py:186} INFO - Started process (PID=263) to work on /opt/airflow/dags/kafka_load.py
[2026-04-09T15:41:40.230+0000] {processor.py:914} INFO - Processing file /opt/airflow/dags/kafka_load.py for tasks to queue
[2026-04-09T15:41:40.244+0000] {logging_mixin.py:190} INFO - [2026-04-09T15:41:40.242+0000] {dagbag.py:588} INFO - Filling up the DagBag from /opt/airflow/dags/kafka_load.py
[2026-04-09T15:41:40.307+0000] {processor.py:925} INFO - DAG(s) 'kafka_producer' retrieved from /opt/airflow/dags/kafka_load.py
[2026-04-09T15:41:40.373+0000] {logging_mixin.py:190} INFO - [2026-04-09T15:41:40.372+0000] {dag.py:3239} INFO - Sync 1 DAGs
[2026-04-09T15:41:40.438+0000] {logging_mixin.py:190} INFO - [2026-04-09T15:41:40.438+0000] {dag.py:4180} INFO - Setting next_dagrun for kafka_producer to 2026-04-08 18:30:00+00:00, run_after=2026-04-09 18:30:00+00:00
[2026-04-09T15:41:40.482+0000] {processor.py:208} INFO - Processing /opt/airflow/dags/kafka_load.py took 0.278 seconds
[2026-04-09T15:42:10.777+0000] {processor.py:186} INFO - Started process (PID=266) to work on /opt/airflow/dags/kafka_load.py
[2026-04-09T15:42:10.779+0000] {processor.py:914} INFO - Processing file /opt/airflow/dags/kafka_load.py for tasks to queue
[2026-04-09T15:42:10.785+0000] {logging_mixin.py:190} INFO - [2026-04-09T15:42:10.785+0000] {dagbag.py:588} INFO - Filling up the DagBag from /opt/airflow/dags/kafka_load.py
[2026-04-09T15:42:10.944+0000] {processor.py:925} INFO - DAG(s) 'kafka_producer' retrieved from /opt/airflow/dags/kafka_load.py
[2026-04-09T15:42:10.990+0000] {logging_mixin.py:190} INFO - [2026-04-09T15:42:10.989+0000] {dag.py:3239} INFO - Sync 1 DAGs
[2026-04-09T15:42:11.030+0000] {logging_mixin.py:190} INFO - [2026-04-09T15:42:11.030+0000] {dag.py:4180} INFO - Setting next_dagrun for kafka_producer to 2026-04-08 18:30:00+00:00, run_after=2026-04-09 18:30:00+00:00
[2026-04-09T15:42:11.056+0000] {processor.py:208} INFO - Processing /opt/airflow/dags/kafka_load.py took 0.292 seconds
[2026-04-09T15:42:41.257+0000] {processor.py:186} INFO - Started process (PID=269) to work on /opt/airflow/dags/kafka_load.py
[2026-04-09T15:42:41.258+0000] {processor.py:914} INFO - Processing file /opt/airflow/dags/kafka_load.py for tasks to queue
[2026-04-09T15:42:41.263+0000] {logging_mixin.py:190} INFO - [2026-04-09T15:42:41.263+0000] {dagbag.py:588} INFO - Filling up the DagBag from /opt/airflow/dags/kafka_load.py
[2026-04-09T15:42:41.311+0000] {processor.py:925} INFO - DAG(s) 'kafka_producer' retrieved from /opt/airflow/dags/kafka_load.py
[2026-04-09T15:42:41.349+0000] {logging_mixin.py:190} INFO - [2026-04-09T15:42:41.348+0000] {dag.py:3239} INFO - Sync 1 DAGs
[2026-04-09T15:42:41.399+0000] {logging_mixin.py:190} INFO - [2026-04-09T15:42:41.399+0000] {dag.py:4180} INFO - Setting next_dagrun for kafka_producer to 2026-04-08 18:30:00+00:00, run_after=2026-04-09 18:30:00+00:00
[2026-04-09T15:42:41.426+0000] {processor.py:208} INFO - Processing /opt/airflow/dags/kafka_load.py took 0.183 seconds
[2026-04-09T15:43:11.868+0000] {processor.py:186} INFO - Started process (PID=272) to work on /opt/airflow/dags/kafka_load.py
[2026-04-09T15:43:11.869+0000] {processor.py:914} INFO - Processing file /opt/airflow/dags/kafka_load.py for tasks to queue
[2026-04-09T15:43:11.873+0000] {logging_mixin.py:190} INFO - [2026-04-09T15:43:11.872+0000] {dagbag.py:588} INFO - Filling up the DagBag from /opt/airflow/dags/kafka_load.py
[2026-04-09T15:43:11.909+0000] {processor.py:925} INFO - DAG(s) 'kafka_producer' retrieved from /opt/airflow/dags/kafka_load.py
[2026-04-09T15:43:11.950+0000] {logging_mixin.py:190} INFO - [2026-04-09T15:43:11.950+0000] {dag.py:3239} INFO - Sync 1 DAGs
[2026-04-09T15:43:11.987+0000] {logging_mixin.py:190} INFO - [2026-04-09T15:43:11.987+0000] {dag.py:4180} INFO - Setting next_dagrun for kafka_producer to 2026-04-08 18:30:00+00:00, run_after=2026-04-09 18:30:00+00:00
[2026-04-09T15:43:12.015+0000] {processor.py:208} INFO - Processing /opt/airflow/dags/kafka_load.py took 0.156 seconds
[2026-04-09T15:43:42.614+0000] {processor.py:186} INFO - Started process (PID=275) to work on /opt/airflow/dags/kafka_load.py
[2026-04-09T15:43:42.633+0000] {processor.py:914} INFO - Processing file /opt/airflow/dags/kafka_load.py for tasks to queue
[2026-04-09T15:43:42.663+0000] {logging_mixin.py:190} INFO - [2026-04-09T15:43:42.663+0000] {dagbag.py:588} INFO - Filling up the DagBag from /opt/airflow/dags/kafka_load.py
[2026-04-09T15:43:42.748+0000] {processor.py:925} INFO - DAG(s) 'kafka_producer' retrieved from /opt/airflow/dags/kafka_load.py
[2026-04-09T15:43:42.791+0000] {logging_mixin.py:190} INFO - [2026-04-09T15:43:42.791+0000] {dag.py:3239} INFO - Sync 1 DAGs
[2026-04-09T15:43:42.842+0000] {logging_mixin.py:190} INFO - [2026-04-09T15:43:42.841+0000] {dag.py:4180} INFO - Setting next_dagrun for kafka_producer to 2026-04-08 18:30:00+00:00, run_after=2026-04-09 18:30:00+00:00
[2026-04-09T15:43:42.943+0000] {processor.py:208} INFO - Processing /opt/airflow/dags/kafka_load.py took 0.339 seconds
[2026-04-09T15:44:13.451+0000] {processor.py:186} INFO - Started process (PID=278) to work on /opt/airflow/dags/kafka_load.py
[2026-04-09T15:44:13.452+0000] {processor.py:914} INFO - Processing file /opt/airflow/dags/kafka_load.py for tasks to queue
[2026-04-09T15:44:13.459+0000] {logging_mixin.py:190} INFO - [2026-04-09T15:44:13.458+0000] {dagbag.py:588} INFO - Filling up the DagBag from /opt/airflow/dags/kafka_load.py
[2026-04-09T15:44:13.502+0000] {processor.py:925} INFO - DAG(s) 'kafka_producer' retrieved from /opt/airflow/dags/kafka_load.py
[2026-04-09T15:44:13.560+0000] {logging_mixin.py:190} INFO - [2026-04-09T15:44:13.560+0000] {dag.py:3239} INFO - Sync 1 DAGs
[2026-04-09T15:44:13.607+0000] {logging_mixin.py:190} INFO - [2026-04-09T15:44:13.606+0000] {dag.py:4180} INFO - Setting next_dagrun for kafka_producer to 2026-04-08 18:30:00+00:00, run_after=2026-04-09 18:30:00+00:00
[2026-04-09T15:44:13.631+0000] {processor.py:208} INFO - Processing /opt/airflow/dags/kafka_load.py took 0.197 seconds
[2026-04-09T15:44:44.048+0000] {processor.py:186} INFO - Started process (PID=281) to work on /opt/airflow/dags/kafka_load.py
[2026-04-09T15:44:44.050+0000] {processor.py:914} INFO - Processing file /opt/airflow/dags/kafka_load.py for tasks to queue
[2026-04-09T15:44:44.053+0000] {logging_mixin.py:190} INFO - [2026-04-09T15:44:44.053+0000] {dagbag.py:588} INFO - Filling up the DagBag from /opt/airflow/dags/kafka_load.py
[2026-04-09T15:44:44.091+0000] {processor.py:925} INFO - DAG(s) 'kafka_producer' retrieved from /opt/airflow/dags/kafka_load.py
[2026-04-09T15:44:44.125+0000] {logging_mixin.py:190} INFO - [2026-04-09T15:44:44.125+0000] {dag.py:3239} INFO - Sync 1 DAGs
[2026-04-09T15:44:44.177+0000] {logging_mixin.py:190} INFO - [2026-04-09T15:44:44.176+0000] {dag.py:4180} INFO - Setting next_dagrun for kafka_producer to 2026-04-08 18:30:00+00:00, run_after=2026-04-09 18:30:00+00:00
[2026-04-09T15:44:44.204+0000] {processor.py:208} INFO - Processing /opt/airflow/dags/kafka_load.py took 0.166 seconds
[2026-04-09T15:45:14.936+0000] {processor.py:186} INFO - Started process (PID=284) to work on /opt/airflow/dags/kafka_load.py
[2026-04-09T15:45:14.952+0000] {processor.py:914} INFO - Processing file /opt/airflow/dags/kafka_load.py for tasks to queue
[2026-04-09T15:45:14.966+0000] {logging_mixin.py:190} INFO - [2026-04-09T15:45:14.965+0000] {dagbag.py:588} INFO - Filling up the DagBag from /opt/airflow/dags/kafka_load.py
[2026-04-09T15:45:15.136+0000] {processor.py:925} INFO - DAG(s) 'kafka_producer' retrieved from /opt/airflow/dags/kafka_load.py
[2026-04-09T15:45:15.195+0000] {logging_mixin.py:190} INFO - [2026-04-09T15:45:15.195+0000] {dag.py:3239} INFO - Sync 1 DAGs
[2026-04-09T15:45:15.250+0000] {logging_mixin.py:190} INFO - [2026-04-09T15:45:15.250+0000] {dag.py:4180} INFO - Setting next_dagrun for kafka_producer to 2026-04-08 18:30:00+00:00, run_after=2026-04-09 18:30:00+00:00
[2026-04-09T15:45:15.338+0000] {processor.py:208} INFO - Processing /opt/airflow/dags/kafka_load.py took 0.422 seconds
[2026-04-09T15:45:46.141+0000] {processor.py:186} INFO - Started process (PID=287) to work on /opt/airflow/dags/kafka_load.py
[2026-04-09T15:45:46.142+0000] {processor.py:914} INFO - Processing file /opt/airflow/dags/kafka_load.py for tasks to queue
[2026-04-09T15:45:46.146+0000] {logging_mixin.py:190} INFO - [2026-04-09T15:45:46.145+0000] {dagbag.py:588} INFO - Filling up the DagBag from /opt/airflow/dags/kafka_load.py
[2026-04-09T15:45:46.180+0000] {processor.py:925} INFO - DAG(s) 'kafka_producer' retrieved from /opt/airflow/dags/kafka_load.py
[2026-04-09T15:45:46.214+0000] {logging_mixin.py:190} INFO - [2026-04-09T15:45:46.213+0000] {dag.py:3239} INFO - Sync 1 DAGs
[2026-04-09T15:45:46.252+0000] {logging_mixin.py:190} INFO - [2026-04-09T15:45:46.252+0000] {dag.py:4180} INFO - Setting next_dagrun for kafka_producer to 2026-04-08 18:30:00+00:00, run_after=2026-04-09 18:30:00+00:00
[2026-04-09T15:45:46.276+0000] {processor.py:208} INFO - Processing /opt/airflow/dags/kafka_load.py took 0.147 seconds
[2026-04-09T15:46:16.677+0000] {processor.py:186} INFO - Started process (PID=290) to work on /opt/airflow/dags/kafka_load.py
[2026-04-09T15:46:16.679+0000] {processor.py:914} INFO - Processing file /opt/airflow/dags/kafka_load.py for tasks to queue
[2026-04-09T15:46:16.682+0000] {logging_mixin.py:190} INFO - [2026-04-09T15:46:16.682+0000] {dagbag.py:588} INFO - Filling up the DagBag from /opt/airflow/dags/kafka_load.py
[2026-04-09T15:46:16.718+0000] {processor.py:925} INFO - DAG(s) 'kafka_producer' retrieved from /opt/airflow/dags/kafka_load.py
[2026-04-09T15:46:16.751+0000] {logging_mixin.py:190} INFO - [2026-04-09T15:46:16.751+0000] {dag.py:3239} INFO - Sync 1 DAGs
[2026-04-09T15:46:16.794+0000] {logging_mixin.py:190} INFO - [2026-04-09T15:46:16.794+0000] {dag.py:4180} INFO - Setting next_dagrun for kafka_producer to 2026-04-08 18:30:00+00:00, run_after=2026-04-09 18:30:00+00:00
[2026-04-09T15:46:16.824+0000] {processor.py:208} INFO - Processing /opt/airflow/dags/kafka_load.py took 0.157 seconds
[2026-04-09T15:46:47.215+0000] {processor.py:186} INFO - Started process (PID=293) to work on /opt/airflow/dags/kafka_load.py
[2026-04-09T15:46:47.216+0000] {processor.py:914} INFO - Processing file /opt/airflow/dags/kafka_load.py for tasks to queue
[2026-04-09T15:46:47.220+0000] {logging_mixin.py:190} INFO - [2026-04-09T15:46:47.220+0000] {dagbag.py:588} INFO - Filling up the DagBag from /opt/airflow/dags/kafka_load.py
[2026-04-09T15:46:47.260+0000] {processor.py:925} INFO - DAG(s) 'kafka_producer' retrieved from /opt/airflow/dags/kafka_load.py
[2026-04-09T15:46:47.293+0000] {logging_mixin.py:190} INFO - [2026-04-09T15:46:47.293+0000] {dag.py:3239} INFO - Sync 1 DAGs
[2026-04-09T15:46:47.339+0000] {logging_mixin.py:190} INFO - [2026-04-09T15:46:47.338+0000] {dag.py:4180} INFO - Setting next_dagrun for kafka_producer to 2026-04-08 18:30:00+00:00, run_after=2026-04-09 18:30:00+00:00
[2026-04-09T15:46:47.367+0000] {processor.py:208} INFO - Processing /opt/airflow/dags/kafka_load.py took 0.162 seconds
[2026-04-09T15:47:17.836+0000] {processor.py:186} INFO - Started process (PID=296) to work on /opt/airflow/dags/kafka_load.py
[2026-04-09T15:47:17.839+0000] {processor.py:914} INFO - Processing file /opt/airflow/dags/kafka_load.py for tasks to queue
[2026-04-09T15:47:17.843+0000] {logging_mixin.py:190} INFO - [2026-04-09T15:47:17.843+0000] {dagbag.py:588} INFO - Filling up the DagBag from /opt/airflow/dags/kafka_load.py
[2026-04-09T15:47:17.893+0000] {processor.py:925} INFO - DAG(s) 'kafka_producer' retrieved from /opt/airflow/dags/kafka_load.py
[2026-04-09T15:47:17.927+0000] {logging_mixin.py:190} INFO - [2026-04-09T15:47:17.926+0000] {dag.py:3239} INFO - Sync 1 DAGs
[2026-04-09T15:47:17.971+0000] {logging_mixin.py:190} INFO - [2026-04-09T15:47:17.971+0000] {dag.py:4180} INFO - Setting next_dagrun for kafka_producer to 2026-04-08 18:30:00+00:00, run_after=2026-04-09 18:30:00+00:00
[2026-04-09T15:47:18.007+0000] {processor.py:208} INFO - Processing /opt/airflow/dags/kafka_load.py took 0.184 seconds
[2026-04-09T15:47:48.410+0000] {processor.py:186} INFO - Started process (PID=299) to work on /opt/airflow/dags/kafka_load.py
[2026-04-09T15:47:48.412+0000] {processor.py:914} INFO - Processing file /opt/airflow/dags/kafka_load.py for tasks to queue
[2026-04-09T15:47:48.416+0000] {logging_mixin.py:190} INFO - [2026-04-09T15:47:48.415+0000] {dagbag.py:588} INFO - Filling up the DagBag from /opt/airflow/dags/kafka_load.py
[2026-04-09T15:47:48.454+0000] {processor.py:925} INFO - DAG(s) 'kafka_producer' retrieved from /opt/airflow/dags/kafka_load.py
[2026-04-09T15:47:48.488+0000] {logging_mixin.py:190} INFO - [2026-04-09T15:47:48.487+0000] {dag.py:3239} INFO - Sync 1 DAGs
[2026-04-09T15:47:48.532+0000] {logging_mixin.py:190} INFO - [2026-04-09T15:47:48.532+0000] {dag.py:4180} INFO - Setting next_dagrun for kafka_producer to 2026-04-08 18:30:00+00:00, run_after=2026-04-09 18:30:00+00:00
[2026-04-09T15:47:48.566+0000] {processor.py:208} INFO - Processing /opt/airflow/dags/kafka_load.py took 0.171 seconds
[2026-04-09T15:48:19.014+0000] {processor.py:186} INFO - Started process (PID=302) to work on /opt/airflow/dags/kafka_load.py
[2026-04-09T15:48:19.015+0000] {processor.py:914} INFO - Processing file /opt/airflow/dags/kafka_load.py for tasks to queue
[2026-04-09T15:48:19.018+0000] {logging_mixin.py:190} INFO - [2026-04-09T15:48:19.018+0000] {dagbag.py:588} INFO - Filling up the DagBag from /opt/airflow/dags/kafka_load.py
[2026-04-09T15:48:19.069+0000] {processor.py:925} INFO - DAG(s) 'kafka_producer' retrieved from /opt/airflow/dags/kafka_load.py
[2026-04-09T15:48:19.101+0000] {logging_mixin.py:190} INFO - [2026-04-09T15:48:19.101+0000] {dag.py:3239} INFO - Sync 1 DAGs
[2026-04-09T15:48:19.139+0000] {logging_mixin.py:190} INFO - [2026-04-09T15:48:19.139+0000] {dag.py:4180} INFO - Setting next_dagrun for kafka_producer to 2026-04-08 18:30:00+00:00, run_after=2026-04-09 18:30:00+00:00
[2026-04-09T15:48:19.165+0000] {processor.py:208} INFO - Processing /opt/airflow/dags/kafka_load.py took 0.162 seconds
[2026-04-09T15:48:49.984+0000] {processor.py:186} INFO - Started process (PID=305) to work on /opt/airflow/dags/kafka_load.py
[2026-04-09T15:48:49.986+0000] {processor.py:914} INFO - Processing file /opt/airflow/dags/kafka_load.py for tasks to queue
[2026-04-09T15:48:49.990+0000] {logging_mixin.py:190} INFO - [2026-04-09T15:48:49.990+0000] {dagbag.py:588} INFO - Filling up the DagBag from /opt/airflow/dags/kafka_load.py
[2026-04-09T15:48:50.024+0000] {processor.py:925} INFO - DAG(s) 'kafka_producer' retrieved from /opt/airflow/dags/kafka_load.py
[2026-04-09T15:48:50.052+0000] {logging_mixin.py:190} INFO - [2026-04-09T15:48:50.052+0000] {dag.py:3239} INFO - Sync 1 DAGs
[2026-04-09T15:48:50.092+0000] {logging_mixin.py:190} INFO - [2026-04-09T15:48:50.092+0000] {dag.py:4180} INFO - Setting next_dagrun for kafka_producer to 2026-04-08 18:30:00+00:00, run_after=2026-04-09 18:30:00+00:00
[2026-04-09T15:48:50.120+0000] {processor.py:208} INFO - Processing /opt/airflow/dags/kafka_load.py took 0.145 seconds
[2026-04-09T15:49:20.515+0000] {processor.py:186} INFO - Started process (PID=308) to work on /opt/airflow/dags/kafka_load.py
[2026-04-09T15:49:20.518+0000] {processor.py:914} INFO - Processing file /opt/airflow/dags/kafka_load.py for tasks to queue
[2026-04-09T15:49:20.522+0000] {logging_mixin.py:190} INFO - [2026-04-09T15:49:20.521+0000] {dagbag.py:588} INFO - Filling up the DagBag from /opt/airflow/dags/kafka_load.py
[2026-04-09T15:49:20.577+0000] {processor.py:925} INFO - DAG(s) 'kafka_producer' retrieved from /opt/airflow/dags/kafka_load.py
[2026-04-09T15:49:20.823+0000] {logging_mixin.py:190} INFO - [2026-04-09T15:49:20.822+0000] {dag.py:3239} INFO - Sync 1 DAGs
[2026-04-09T15:49:21.164+0000] {logging_mixin.py:190} INFO - [2026-04-09T15:49:21.155+0000] {dag.py:4180} INFO - Setting next_dagrun for kafka_producer to 2026-04-08 18:30:00+00:00, run_after=2026-04-09 18:30:00+00:00
[2026-04-09T15:49:21.228+0000] {processor.py:208} INFO - Processing /opt/airflow/dags/kafka_load.py took 0.726 seconds
[2026-04-09T15:49:51.376+0000] {processor.py:186} INFO - Started process (PID=311) to work on /opt/airflow/dags/kafka_load.py
[2026-04-09T15:49:51.378+0000] {processor.py:914} INFO - Processing file /opt/airflow/dags/kafka_load.py for tasks to queue
[2026-04-09T15:49:51.381+0000] {logging_mixin.py:190} INFO - [2026-04-09T15:49:51.380+0000] {dagbag.py:588} INFO - Filling up the DagBag from /opt/airflow/dags/kafka_load.py
[2026-04-09T15:49:51.415+0000] {processor.py:925} INFO - DAG(s) 'kafka_producer' retrieved from /opt/airflow/dags/kafka_load.py
[2026-04-09T15:49:51.447+0000] {logging_mixin.py:190} INFO - [2026-04-09T15:49:51.446+0000] {dag.py:3239} INFO - Sync 1 DAGs
[2026-04-09T15:49:51.482+0000] {logging_mixin.py:190} INFO - [2026-04-09T15:49:51.482+0000] {dag.py:4180} INFO - Setting next_dagrun for kafka_producer to 2026-04-08 18:30:00+00:00, run_after=2026-04-09 18:30:00+00:00
[2026-04-09T15:49:51.533+0000] {processor.py:208} INFO - Processing /opt/airflow/dags/kafka_load.py took 0.165 seconds
[2026-04-09T15:50:21.804+0000] {processor.py:186} INFO - Started process (PID=314) to work on /opt/airflow/dags/kafka_load.py
[2026-04-09T15:50:21.805+0000] {processor.py:914} INFO - Processing file /opt/airflow/dags/kafka_load.py for tasks to queue
[2026-04-09T15:50:21.809+0000] {logging_mixin.py:190} INFO - [2026-04-09T15:50:21.808+0000] {dagbag.py:588} INFO - Filling up the DagBag from /opt/airflow/dags/kafka_load.py
[2026-04-09T15:50:21.841+0000] {processor.py:925} INFO - DAG(s) 'kafka_producer' retrieved from /opt/airflow/dags/kafka_load.py
[2026-04-09T15:50:21.884+0000] {logging_mixin.py:190} INFO - [2026-04-09T15:50:21.883+0000] {dag.py:3239} INFO - Sync 1 DAGs
[2026-04-09T15:50:21.928+0000] {logging_mixin.py:190} INFO - [2026-04-09T15:50:21.927+0000] {dag.py:4180} INFO - Setting next_dagrun for kafka_producer to 2026-04-08 18:30:00+00:00, run_after=2026-04-09 18:30:00+00:00
[2026-04-09T15:50:21.963+0000] {processor.py:208} INFO - Processing /opt/airflow/dags/kafka_load.py took 0.173 seconds
[2026-04-09T15:50:52.517+0000] {processor.py:186} INFO - Started process (PID=317) to work on /opt/airflow/dags/kafka_load.py
[2026-04-09T15:50:52.518+0000] {processor.py:914} INFO - Processing file /opt/airflow/dags/kafka_load.py for tasks to queue
[2026-04-09T15:50:52.522+0000] {logging_mixin.py:190} INFO - [2026-04-09T15:50:52.521+0000] {dagbag.py:588} INFO - Filling up the DagBag from /opt/airflow/dags/kafka_load.py
[2026-04-09T15:50:52.566+0000] {processor.py:925} INFO - DAG(s) 'kafka_producer' retrieved from /opt/airflow/dags/kafka_load.py
[2026-04-09T15:50:52.602+0000] {logging_mixin.py:190} INFO - [2026-04-09T15:50:52.602+0000] {dag.py:3239} INFO - Sync 1 DAGs
[2026-04-09T15:50:52.670+0000] {logging_mixin.py:190} INFO - [2026-04-09T15:50:52.670+0000] {dag.py:4180} INFO - Setting next_dagrun for kafka_producer to 2026-04-08 18:30:00+00:00, run_after=2026-04-09 18:30:00+00:00
[2026-04-09T15:50:52.708+0000] {processor.py:208} INFO - Processing /opt/airflow/dags/kafka_load.py took 0.211 seconds
[2026-04-09T15:51:23.172+0000] {processor.py:186} INFO - Started process (PID=320) to work on /opt/airflow/dags/kafka_load.py
[2026-04-09T15:51:23.174+0000] {processor.py:914} INFO - Processing file /opt/airflow/dags/kafka_load.py for tasks to queue
[2026-04-09T15:51:23.178+0000] {logging_mixin.py:190} INFO - [2026-04-09T15:51:23.177+0000] {dagbag.py:588} INFO - Filling up the DagBag from /opt/airflow/dags/kafka_load.py
[2026-04-09T15:51:23.233+0000] {processor.py:925} INFO - DAG(s) 'kafka_producer' retrieved from /opt/airflow/dags/kafka_load.py
[2026-04-09T15:51:23.266+0000] {logging_mixin.py:190} INFO - [2026-04-09T15:51:23.266+0000] {dag.py:3239} INFO - Sync 1 DAGs
[2026-04-09T15:51:23.318+0000] {logging_mixin.py:190} INFO - [2026-04-09T15:51:23.317+0000] {dag.py:4180} INFO - Setting next_dagrun for kafka_producer to 2026-04-08 18:30:00+00:00, run_after=2026-04-09 18:30:00+00:00
[2026-04-09T15:51:23.352+0000] {processor.py:208} INFO - Processing /opt/airflow/dags/kafka_load.py took 0.192 seconds
[2026-04-09T15:51:53.998+0000] {processor.py:186} INFO - Started process (PID=323) to work on /opt/airflow/dags/kafka_load.py
[2026-04-09T15:51:54.000+0000] {processor.py:914} INFO - Processing file /opt/airflow/dags/kafka_load.py for tasks to queue
[2026-04-09T15:51:54.005+0000] {logging_mixin.py:190} INFO - [2026-04-09T15:51:54.004+0000] {dagbag.py:588} INFO - Filling up the DagBag from /opt/airflow/dags/kafka_load.py
[2026-04-09T15:51:54.041+0000] {processor.py:925} INFO - DAG(s) 'kafka_producer' retrieved from /opt/airflow/dags/kafka_load.py
[2026-04-09T15:51:54.082+0000] {logging_mixin.py:190} INFO - [2026-04-09T15:51:54.082+0000] {dag.py:3239} INFO - Sync 1 DAGs
[2026-04-09T15:51:54.119+0000] {logging_mixin.py:190} INFO - [2026-04-09T15:51:54.118+0000] {dag.py:4180} INFO - Setting next_dagrun for kafka_producer to 2026-04-08 18:30:00+00:00, run_after=2026-04-09 18:30:00+00:00
[2026-04-09T15:51:54.151+0000] {processor.py:208} INFO - Processing /opt/airflow/dags/kafka_load.py took 0.168 seconds
[2026-04-09T15:52:25.171+0000] {processor.py:186} INFO - Started process (PID=326) to work on /opt/airflow/dags/kafka_load.py
[2026-04-09T15:52:25.173+0000] {processor.py:914} INFO - Processing file /opt/airflow/dags/kafka_load.py for tasks to queue
[2026-04-09T15:52:25.183+0000] {logging_mixin.py:190} INFO - [2026-04-09T15:52:25.181+0000] {dagbag.py:588} INFO - Filling up the DagBag from /opt/airflow/dags/kafka_load.py
[2026-04-09T15:52:25.232+0000] {processor.py:925} INFO - DAG(s) 'kafka_producer' retrieved from /opt/airflow/dags/kafka_load.py
[2026-04-09T15:52:25.270+0000] {logging_mixin.py:190} INFO - [2026-04-09T15:52:25.270+0000] {dag.py:3239} INFO - Sync 1 DAGs
[2026-04-09T15:52:25.320+0000] {logging_mixin.py:190} INFO - [2026-04-09T15:52:25.320+0000] {dag.py:4180} INFO - Setting next_dagrun for kafka_producer to 2026-04-08 18:30:00+00:00, run_after=2026-04-09 18:30:00+00:00
[2026-04-09T15:52:25.368+0000] {processor.py:208} INFO - Processing /opt/airflow/dags/kafka_load.py took 0.210 seconds
[2026-04-09T15:52:56.236+0000] {processor.py:186} INFO - Started process (PID=329) to work on /opt/airflow/dags/kafka_load.py
[2026-04-09T15:52:56.305+0000] {processor.py:914} INFO - Processing file /opt/airflow/dags/kafka_load.py for tasks to queue
[2026-04-09T15:52:56.321+0000] {logging_mixin.py:190} INFO - [2026-04-09T15:52:56.320+0000] {dagbag.py:588} INFO - Filling up the DagBag from /opt/airflow/dags/kafka_load.py
[2026-04-09T15:52:56.621+0000] {processor.py:925} INFO - DAG(s) 'kafka_producer' retrieved from /opt/airflow/dags/kafka_load.py
[2026-04-09T15:52:56.671+0000] {logging_mixin.py:190} INFO - [2026-04-09T15:52:56.671+0000] {dag.py:3239} INFO - Sync 1 DAGs
[2026-04-09T15:52:56.750+0000] {logging_mixin.py:190} INFO - [2026-04-09T15:52:56.750+0000] {dag.py:4180} INFO - Setting next_dagrun for kafka_producer to 2026-04-08 18:30:00+00:00, run_after=2026-04-09 18:30:00+00:00
[2026-04-09T15:52:56.813+0000] {processor.py:208} INFO - Processing /opt/airflow/dags/kafka_load.py took 0.606 seconds
[2026-04-09T15:53:27.849+0000] {processor.py:186} INFO - Started process (PID=332) to work on /opt/airflow/dags/kafka_load.py
[2026-04-09T15:53:27.855+0000] {processor.py:914} INFO - Processing file /opt/airflow/dags/kafka_load.py for tasks to queue
[2026-04-09T15:53:27.864+0000] {logging_mixin.py:190} INFO - [2026-04-09T15:53:27.863+0000] {dagbag.py:588} INFO - Filling up the DagBag from /opt/airflow/dags/kafka_load.py
[2026-04-09T15:53:27.971+0000] {processor.py:925} INFO - DAG(s) 'kafka_producer' retrieved from /opt/airflow/dags/kafka_load.py
[2026-04-09T15:53:28.015+0000] {logging_mixin.py:190} INFO - [2026-04-09T15:53:28.015+0000] {dag.py:3239} INFO - Sync 1 DAGs
[2026-04-09T15:53:28.078+0000] {logging_mixin.py:190} INFO - [2026-04-09T15:53:28.077+0000] {dag.py:4180} INFO - Setting next_dagrun for kafka_producer to 2026-04-08 18:30:00+00:00, run_after=2026-04-09 18:30:00+00:00
[2026-04-09T15:53:28.495+0000] {processor.py:208} INFO - Processing /opt/airflow/dags/kafka_load.py took 0.665 seconds
[2026-04-09T15:53:59.279+0000] {processor.py:186} INFO - Started process (PID=335) to work on /opt/airflow/dags/kafka_load.py
[2026-04-09T15:53:59.280+0000] {processor.py:914} INFO - Processing file /opt/airflow/dags/kafka_load.py for tasks to queue
[2026-04-09T15:53:59.285+0000] {logging_mixin.py:190} INFO - [2026-04-09T15:53:59.284+0000] {dagbag.py:588} INFO - Filling up the DagBag from /opt/airflow/dags/kafka_load.py
[2026-04-09T15:53:59.345+0000] {processor.py:925} INFO - DAG(s) 'kafka_producer' retrieved from /opt/airflow/dags/kafka_load.py
[2026-04-09T15:53:59.402+0000] {logging_mixin.py:190} INFO - [2026-04-09T15:53:59.402+0000] {dag.py:3239} INFO - Sync 1 DAGs
[2026-04-09T15:53:59.467+0000] {logging_mixin.py:190} INFO - [2026-04-09T15:53:59.467+0000] {dag.py:4180} INFO - Setting next_dagrun for kafka_producer to 2026-04-08 18:30:00+00:00, run_after=2026-04-09 18:30:00+00:00
[2026-04-09T15:53:59.520+0000] {processor.py:208} INFO - Processing /opt/airflow/dags/kafka_load.py took 0.260 seconds
[2026-04-09T15:54:29.981+0000] {processor.py:186} INFO - Started process (PID=338) to work on /opt/airflow/dags/kafka_load.py
[2026-04-09T15:54:29.982+0000] {processor.py:914} INFO - Processing file /opt/airflow/dags/kafka_load.py for tasks to queue
[2026-04-09T15:54:29.987+0000] {logging_mixin.py:190} INFO - [2026-04-09T15:54:29.986+0000] {dagbag.py:588} INFO - Filling up the DagBag from /opt/airflow/dags/kafka_load.py
[2026-04-09T15:54:30.021+0000] {processor.py:925} INFO - DAG(s) 'kafka_producer' retrieved from /opt/airflow/dags/kafka_load.py
[2026-04-09T15:54:30.056+0000] {logging_mixin.py:190} INFO - [2026-04-09T15:54:30.055+0000] {dag.py:3239} INFO - Sync 1 DAGs
[2026-04-09T15:54:30.100+0000] {logging_mixin.py:190} INFO - [2026-04-09T15:54:30.099+0000] {dag.py:4180} INFO - Setting next_dagrun for kafka_producer to 2026-04-08 18:30:00+00:00, run_after=2026-04-09 18:30:00+00:00
[2026-04-09T15:54:30.131+0000] {processor.py:208} INFO - Processing /opt/airflow/dags/kafka_load.py took 0.159 seconds
[2026-04-09T15:55:00.736+0000] {processor.py:186} INFO - Started process (PID=341) to work on /opt/airflow/dags/kafka_load.py
[2026-04-09T15:55:00.738+0000] {processor.py:914} INFO - Processing file /opt/airflow/dags/kafka_load.py for tasks to queue
[2026-04-09T15:55:00.742+0000] {logging_mixin.py:190} INFO - [2026-04-09T15:55:00.742+0000] {dagbag.py:588} INFO - Filling up the DagBag from /opt/airflow/dags/kafka_load.py
[2026-04-09T15:55:00.785+0000] {processor.py:925} INFO - DAG(s) 'kafka_producer' retrieved from /opt/airflow/dags/kafka_load.py
[2026-04-09T15:55:00.818+0000] {logging_mixin.py:190} INFO - [2026-04-09T15:55:00.818+0000] {dag.py:3239} INFO - Sync 1 DAGs
[2026-04-09T15:55:00.861+0000] {logging_mixin.py:190} INFO - [2026-04-09T15:55:00.861+0000] {dag.py:4180} INFO - Setting next_dagrun for kafka_producer to 2026-04-08 18:30:00+00:00, run_after=2026-04-09 18:30:00+00:00
[2026-04-09T15:55:00.888+0000] {processor.py:208} INFO - Processing /opt/airflow/dags/kafka_load.py took 0.162 seconds
[2026-04-09T15:55:31.660+0000] {processor.py:186} INFO - Started process (PID=344) to work on /opt/airflow/dags/kafka_load.py
[2026-04-09T15:55:31.662+0000] {processor.py:914} INFO - Processing file /opt/airflow/dags/kafka_load.py for tasks to queue
[2026-04-09T15:55:31.667+0000] {logging_mixin.py:190} INFO - [2026-04-09T15:55:31.666+0000] {dagbag.py:588} INFO - Filling up the DagBag from /opt/airflow/dags/kafka_load.py
[2026-04-09T15:55:31.966+0000] {processor.py:925} INFO - DAG(s) 'kafka_producer' retrieved from /opt/airflow/dags/kafka_load.py
[2026-04-09T15:55:32.055+0000] {logging_mixin.py:190} INFO - [2026-04-09T15:55:32.054+0000] {dag.py:3239} INFO - Sync 1 DAGs
[2026-04-09T15:55:32.119+0000] {logging_mixin.py:190} INFO - [2026-04-09T15:55:32.119+0000] {dag.py:4180} INFO - Setting next_dagrun for kafka_producer to 2026-04-08 18:30:00+00:00, run_after=2026-04-09 18:30:00+00:00
[2026-04-09T15:55:32.148+0000] {processor.py:208} INFO - Processing /opt/airflow/dags/kafka_load.py took 0.498 seconds
[2026-04-09T15:56:02.950+0000] {processor.py:186} INFO - Started process (PID=347) to work on /opt/airflow/dags/kafka_load.py
[2026-04-09T15:56:02.952+0000] {processor.py:914} INFO - Processing file /opt/airflow/dags/kafka_load.py for tasks to queue
[2026-04-09T15:56:02.955+0000] {logging_mixin.py:190} INFO - [2026-04-09T15:56:02.954+0000] {dagbag.py:588} INFO - Filling up the DagBag from /opt/airflow/dags/kafka_load.py
[2026-04-09T15:56:02.989+0000] {processor.py:925} INFO - DAG(s) 'kafka_producer' retrieved from /opt/airflow/dags/kafka_load.py
[2026-04-09T15:56:03.021+0000] {logging_mixin.py:190} INFO - [2026-04-09T15:56:03.020+0000] {dag.py:3239} INFO - Sync 1 DAGs
[2026-04-09T15:56:03.061+0000] {logging_mixin.py:190} INFO - [2026-04-09T15:56:03.060+0000] {dag.py:4180} INFO - Setting next_dagrun for kafka_producer to 2026-04-08 18:30:00+00:00, run_after=2026-04-09 18:30:00+00:00
[2026-04-09T15:56:03.088+0000] {processor.py:208} INFO - Processing /opt/airflow/dags/kafka_load.py took 0.147 seconds
[2026-04-09T15:56:33.362+0000] {processor.py:186} INFO - Started process (PID=350) to work on /opt/airflow/dags/kafka_load.py
[2026-04-09T15:56:33.364+0000] {processor.py:914} INFO - Processing file /opt/airflow/dags/kafka_load.py for tasks to queue
[2026-04-09T15:56:33.368+0000] {logging_mixin.py:190} INFO - [2026-04-09T15:56:33.368+0000] {dagbag.py:588} INFO - Filling up the DagBag from /opt/airflow/dags/kafka_load.py
[2026-04-09T15:56:33.405+0000] {processor.py:925} INFO - DAG(s) 'kafka_producer' retrieved from /opt/airflow/dags/kafka_load.py
[2026-04-09T15:56:33.442+0000] {logging_mixin.py:190} INFO - [2026-04-09T15:56:33.442+0000] {dag.py:3239} INFO - Sync 1 DAGs
[2026-04-09T15:56:33.485+0000] {logging_mixin.py:190} INFO - [2026-04-09T15:56:33.484+0000] {dag.py:4180} INFO - Setting next_dagrun for kafka_producer to 2026-04-08 18:30:00+00:00, run_after=2026-04-09 18:30:00+00:00
[2026-04-09T15:56:33.515+0000] {processor.py:208} INFO - Processing /opt/airflow/dags/kafka_load.py took 0.167 seconds
[2026-04-09T15:57:04.268+0000] {processor.py:186} INFO - Started process (PID=353) to work on /opt/airflow/dags/kafka_load.py
[2026-04-09T15:57:04.269+0000] {processor.py:914} INFO - Processing file /opt/airflow/dags/kafka_load.py for tasks to queue
[2026-04-09T15:57:04.272+0000] {logging_mixin.py:190} INFO - [2026-04-09T15:57:04.272+0000] {dagbag.py:588} INFO - Filling up the DagBag from /opt/airflow/dags/kafka_load.py
[2026-04-09T15:57:04.318+0000] {processor.py:925} INFO - DAG(s) 'kafka_producer' retrieved from /opt/airflow/dags/kafka_load.py
[2026-04-09T15:57:04.356+0000] {logging_mixin.py:190} INFO - [2026-04-09T15:57:04.355+0000] {dag.py:3239} INFO - Sync 1 DAGs
[2026-04-09T15:57:04.396+0000] {logging_mixin.py:190} INFO - [2026-04-09T15:57:04.395+0000] {dag.py:4180} INFO - Setting next_dagrun for kafka_producer to 2026-04-08 18:30:00+00:00, run_after=2026-04-09 18:30:00+00:00
[2026-04-09T15:57:04.426+0000] {processor.py:208} INFO - Processing /opt/airflow/dags/kafka_load.py took 0.173 seconds
[2026-04-09T15:57:34.582+0000] {processor.py:186} INFO - Started process (PID=356) to work on /opt/airflow/dags/kafka_load.py
[2026-04-09T15:57:34.583+0000] {processor.py:914} INFO - Processing file /opt/airflow/dags/kafka_load.py for tasks to queue
[2026-04-09T15:57:34.587+0000] {logging_mixin.py:190} INFO - [2026-04-09T15:57:34.586+0000] {dagbag.py:588} INFO - Filling up the DagBag from /opt/airflow/dags/kafka_load.py
[2026-04-09T15:57:34.618+0000] {processor.py:925} INFO - DAG(s) 'kafka_producer' retrieved from /opt/airflow/dags/kafka_load.py
[2026-04-09T15:57:34.647+0000] {logging_mixin.py:190} INFO - [2026-04-09T15:57:34.647+0000] {dag.py:3239} INFO - Sync 1 DAGs
[2026-04-09T15:57:34.680+0000] {logging_mixin.py:190} INFO - [2026-04-09T15:57:34.679+0000] {dag.py:4180} INFO - Setting next_dagrun for kafka_producer to 2026-04-08 18:30:00+00:00, run_after=2026-04-09 18:30:00+00:00
[2026-04-09T15:57:34.711+0000] {processor.py:208} INFO - Processing /opt/airflow/dags/kafka_load.py took 0.137 seconds
[2026-04-09T15:58:04.839+0000] {processor.py:186} INFO - Started process (PID=359) to work on /opt/airflow/dags/kafka_load.py
[2026-04-09T15:58:04.841+0000] {processor.py:914} INFO - Processing file /opt/airflow/dags/kafka_load.py for tasks to queue
[2026-04-09T15:58:04.850+0000] {logging_mixin.py:190} INFO - [2026-04-09T15:58:04.849+0000] {dagbag.py:588} INFO - Filling up the DagBag from /opt/airflow/dags/kafka_load.py
[2026-04-09T15:58:04.884+0000] {processor.py:925} INFO - DAG(s) 'kafka_producer' retrieved from /opt/airflow/dags/kafka_load.py
[2026-04-09T15:58:04.914+0000] {logging_mixin.py:190} INFO - [2026-04-09T15:58:04.914+0000] {dag.py:3239} INFO - Sync 1 DAGs
[2026-04-09T15:58:04.949+0000] {logging_mixin.py:190} INFO - [2026-04-09T15:58:04.948+0000] {dag.py:4180} INFO - Setting next_dagrun for kafka_producer to 2026-04-08 18:30:00+00:00, run_after=2026-04-09 18:30:00+00:00
[2026-04-09T15:58:04.976+0000] {processor.py:208} INFO - Processing /opt/airflow/dags/kafka_load.py took 0.149 seconds
[2026-04-09T15:58:35.061+0000] {processor.py:186} INFO - Started process (PID=362) to work on /opt/airflow/dags/kafka_load.py
[2026-04-09T15:58:35.063+0000] {processor.py:914} INFO - Processing file /opt/airflow/dags/kafka_load.py for tasks to queue
[2026-04-09T15:58:35.070+0000] {logging_mixin.py:190} INFO - [2026-04-09T15:58:35.069+0000] {dagbag.py:588} INFO - Filling up the DagBag from /opt/airflow/dags/kafka_load.py
[2026-04-09T15:58:35.106+0000] {processor.py:925} INFO - DAG(s) 'kafka_producer' retrieved from /opt/airflow/dags/kafka_load.py
[2026-04-09T15:58:35.135+0000] {logging_mixin.py:190} INFO - [2026-04-09T15:58:35.135+0000] {dag.py:3239} INFO - Sync 1 DAGs
[2026-04-09T15:58:35.180+0000] {logging_mixin.py:190} INFO - [2026-04-09T15:58:35.180+0000] {dag.py:4180} INFO - Setting next_dagrun for kafka_producer to 2026-04-08 18:30:00+00:00, run_after=2026-04-09 18:30:00+00:00
[2026-04-09T15:58:35.207+0000] {processor.py:208} INFO - Processing /opt/airflow/dags/kafka_load.py took 0.156 seconds
[2026-04-09T15:59:05.469+0000] {processor.py:186} INFO - Started process (PID=365) to work on /opt/airflow/dags/kafka_load.py
[2026-04-09T15:59:05.471+0000] {processor.py:914} INFO - Processing file /opt/airflow/dags/kafka_load.py for tasks to queue
[2026-04-09T15:59:05.474+0000] {logging_mixin.py:190} INFO - [2026-04-09T15:59:05.474+0000] {dagbag.py:588} INFO - Filling up the DagBag from /opt/airflow/dags/kafka_load.py
[2026-04-09T15:59:05.504+0000] {processor.py:925} INFO - DAG(s) 'kafka_producer' retrieved from /opt/airflow/dags/kafka_load.py
[2026-04-09T15:59:05.532+0000] {logging_mixin.py:190} INFO - [2026-04-09T15:59:05.532+0000] {dag.py:3239} INFO - Sync 1 DAGs
[2026-04-09T15:59:05.572+0000] {logging_mixin.py:190} INFO - [2026-04-09T15:59:05.572+0000] {dag.py:4180} INFO - Setting next_dagrun for kafka_producer to 2026-04-08 18:30:00+00:00, run_after=2026-04-09 18:30:00+00:00
[2026-04-09T15:59:05.602+0000] {processor.py:208} INFO - Processing /opt/airflow/dags/kafka_load.py took 0.142 seconds
[2026-04-09T15:59:35.667+0000] {processor.py:186} INFO - Started process (PID=368) to work on /opt/airflow/dags/kafka_load.py
[2026-04-09T15:59:35.669+0000] {processor.py:914} INFO - Processing file /opt/airflow/dags/kafka_load.py for tasks to queue
[2026-04-09T15:59:35.672+0000] {logging_mixin.py:190} INFO - [2026-04-09T15:59:35.672+0000] {dagbag.py:588} INFO - Filling up the DagBag from /opt/airflow/dags/kafka_load.py
[2026-04-09T15:59:35.716+0000] {processor.py:925} INFO - DAG(s) 'kafka_producer' retrieved from /opt/airflow/dags/kafka_load.py
[2026-04-09T15:59:35.747+0000] {logging_mixin.py:190} INFO - [2026-04-09T15:59:35.747+0000] {dag.py:3239} INFO - Sync 1 DAGs
[2026-04-09T15:59:35.784+0000] {logging_mixin.py:190} INFO - [2026-04-09T15:59:35.784+0000] {dag.py:4180} INFO - Setting next_dagrun for kafka_producer to 2026-04-08 18:30:00+00:00, run_after=2026-04-09 18:30:00+00:00
[2026-04-09T15:59:35.813+0000] {processor.py:208} INFO - Processing /opt/airflow/dags/kafka_load.py took 0.155 seconds
[2026-04-09T16:00:05.904+0000] {processor.py:186} INFO - Started process (PID=371) to work on /opt/airflow/dags/kafka_load.py
[2026-04-09T16:00:05.906+0000] {processor.py:914} INFO - Processing file /opt/airflow/dags/kafka_load.py for tasks to queue
[2026-04-09T16:00:05.910+0000] {logging_mixin.py:190} INFO - [2026-04-09T16:00:05.910+0000] {dagbag.py:588} INFO - Filling up the DagBag from /opt/airflow/dags/kafka_load.py
[2026-04-09T16:00:05.943+0000] {processor.py:925} INFO - DAG(s) 'kafka_producer' retrieved from /opt/airflow/dags/kafka_load.py
[2026-04-09T16:00:05.982+0000] {logging_mixin.py:190} INFO - [2026-04-09T16:00:05.982+0000] {dag.py:3239} INFO - Sync 1 DAGs
[2026-04-09T16:00:06.031+0000] {logging_mixin.py:190} INFO - [2026-04-09T16:00:06.030+0000] {dag.py:4180} INFO - Setting next_dagrun for kafka_producer to 2026-04-08 18:30:00+00:00, run_after=2026-04-09 18:30:00+00:00
[2026-04-09T16:00:06.084+0000] {processor.py:208} INFO - Processing /opt/airflow/dags/kafka_load.py took 0.191 seconds
[2026-04-09T16:00:36.297+0000] {processor.py:186} INFO - Started process (PID=374) to work on /opt/airflow/dags/kafka_load.py
[2026-04-09T16:00:36.299+0000] {processor.py:914} INFO - Processing file /opt/airflow/dags/kafka_load.py for tasks to queue
[2026-04-09T16:00:36.304+0000] {logging_mixin.py:190} INFO - [2026-04-09T16:00:36.304+0000] {dagbag.py:588} INFO - Filling up the DagBag from /opt/airflow/dags/kafka_load.py
[2026-04-09T16:00:36.367+0000] {processor.py:925} INFO - DAG(s) 'kafka_producer' retrieved from /opt/airflow/dags/kafka_load.py
[2026-04-09T16:00:36.477+0000] {logging_mixin.py:190} INFO - [2026-04-09T16:00:36.477+0000] {dag.py:3239} INFO - Sync 1 DAGs
[2026-04-09T16:00:36.554+0000] {logging_mixin.py:190} INFO - [2026-04-09T16:00:36.553+0000] {dag.py:4180} INFO - Setting next_dagrun for kafka_producer to 2026-04-08 18:30:00+00:00, run_after=2026-04-09 18:30:00+00:00
[2026-04-09T16:00:36.612+0000] {processor.py:208} INFO - Processing /opt/airflow/dags/kafka_load.py took 0.326 seconds
[2026-04-09T16:01:07.279+0000] {processor.py:186} INFO - Started process (PID=377) to work on /opt/airflow/dags/kafka_load.py
[2026-04-09T16:01:07.280+0000] {processor.py:914} INFO - Processing file /opt/airflow/dags/kafka_load.py for tasks to queue
[2026-04-09T16:01:07.286+0000] {logging_mixin.py:190} INFO - [2026-04-09T16:01:07.285+0000] {dagbag.py:588} INFO - Filling up the DagBag from /opt/airflow/dags/kafka_load.py
[2026-04-09T16:01:07.341+0000] {processor.py:925} INFO - DAG(s) 'kafka_producer' retrieved from /opt/airflow/dags/kafka_load.py
[2026-04-09T16:01:07.371+0000] {logging_mixin.py:190} INFO - [2026-04-09T16:01:07.370+0000] {dag.py:3239} INFO - Sync 1 DAGs
[2026-04-09T16:01:07.403+0000] {logging_mixin.py:190} INFO - [2026-04-09T16:01:07.403+0000] {dag.py:4180} INFO - Setting next_dagrun for kafka_producer to 2026-04-08 18:30:00+00:00, run_after=2026-04-09 18:30:00+00:00
[2026-04-09T16:01:08.242+0000] {processor.py:208} INFO - Processing /opt/airflow/dags/kafka_load.py took 0.976 seconds
[2026-04-09T16:01:38.862+0000] {processor.py:186} INFO - Started process (PID=380) to work on /opt/airflow/dags/kafka_load.py
[2026-04-09T16:01:38.865+0000] {processor.py:914} INFO - Processing file /opt/airflow/dags/kafka_load.py for tasks to queue
[2026-04-09T16:01:38.872+0000] {logging_mixin.py:190} INFO - [2026-04-09T16:01:38.871+0000] {dagbag.py:588} INFO - Filling up the DagBag from /opt/airflow/dags/kafka_load.py
[2026-04-09T16:01:38.917+0000] {processor.py:925} INFO - DAG(s) 'kafka_producer' retrieved from /opt/airflow/dags/kafka_load.py
[2026-04-09T16:01:38.953+0000] {logging_mixin.py:190} INFO - [2026-04-09T16:01:38.953+0000] {dag.py:3239} INFO - Sync 1 DAGs
[2026-04-09T16:01:38.993+0000] {logging_mixin.py:190} INFO - [2026-04-09T16:01:38.993+0000] {dag.py:4180} INFO - Setting next_dagrun for kafka_producer to 2026-04-08 18:30:00+00:00, run_after=2026-04-09 18:30:00+00:00
[2026-04-09T16:01:39.029+0000] {processor.py:208} INFO - Processing /opt/airflow/dags/kafka_load.py took 0.177 seconds
[2026-04-09T16:02:09.591+0000] {processor.py:186} INFO - Started process (PID=383) to work on /opt/airflow/dags/kafka_load.py
[2026-04-09T16:02:09.592+0000] {processor.py:914} INFO - Processing file /opt/airflow/dags/kafka_load.py for tasks to queue
[2026-04-09T16:02:09.596+0000] {logging_mixin.py:190} INFO - [2026-04-09T16:02:09.595+0000] {dagbag.py:588} INFO - Filling up the DagBag from /opt/airflow/dags/kafka_load.py
[2026-04-09T16:02:09.637+0000] {processor.py:925} INFO - DAG(s) 'kafka_producer' retrieved from /opt/airflow/dags/kafka_load.py
[2026-04-09T16:02:09.670+0000] {logging_mixin.py:190} INFO - [2026-04-09T16:02:09.669+0000] {dag.py:3239} INFO - Sync 1 DAGs
[2026-04-09T16:02:09.711+0000] {logging_mixin.py:190} INFO - [2026-04-09T16:02:09.711+0000] {dag.py:4180} INFO - Setting next_dagrun for kafka_producer to 2026-04-08 18:30:00+00:00, run_after=2026-04-09 18:30:00+00:00
[2026-04-09T16:02:09.745+0000] {processor.py:208} INFO - Processing /opt/airflow/dags/kafka_load.py took 0.163 seconds
[2026-04-09T16:02:40.161+0000] {processor.py:186} INFO - Started process (PID=386) to work on /opt/airflow/dags/kafka_load.py
[2026-04-09T16:02:40.163+0000] {processor.py:914} INFO - Processing file /opt/airflow/dags/kafka_load.py for tasks to queue
[2026-04-09T16:02:40.167+0000] {logging_mixin.py:190} INFO - [2026-04-09T16:02:40.167+0000] {dagbag.py:588} INFO - Filling up the DagBag from /opt/airflow/dags/kafka_load.py
[2026-04-09T16:02:40.233+0000] {processor.py:925} INFO - DAG(s) 'kafka_producer' retrieved from /opt/airflow/dags/kafka_load.py
[2026-04-09T16:02:40.269+0000] {logging_mixin.py:190} INFO - [2026-04-09T16:02:40.269+0000] {dag.py:3239} INFO - Sync 1 DAGs
[2026-04-09T16:02:40.308+0000] {logging_mixin.py:190} INFO - [2026-04-09T16:02:40.308+0000] {dag.py:4180} INFO - Setting next_dagrun for kafka_producer to 2026-04-08 18:30:00+00:00, run_after=2026-04-09 18:30:00+00:00
[2026-04-09T16:02:40.339+0000] {processor.py:208} INFO - Processing /opt/airflow/dags/kafka_load.py took 0.189 seconds
[2026-04-09T16:03:10.977+0000] {processor.py:186} INFO - Started process (PID=389) to work on /opt/airflow/dags/kafka_load.py
[2026-04-09T16:03:10.978+0000] {processor.py:914} INFO - Processing file /opt/airflow/dags/kafka_load.py for tasks to queue
[2026-04-09T16:03:10.982+0000] {logging_mixin.py:190} INFO - [2026-04-09T16:03:10.981+0000] {dagbag.py:588} INFO - Filling up the DagBag from /opt/airflow/dags/kafka_load.py
[2026-04-09T16:03:11.012+0000] {processor.py:925} INFO - DAG(s) 'kafka_producer' retrieved from /opt/airflow/dags/kafka_load.py
[2026-04-09T16:03:11.039+0000] {logging_mixin.py:190} INFO - [2026-04-09T16:03:11.039+0000] {dag.py:3239} INFO - Sync 1 DAGs
[2026-04-09T16:03:11.070+0000] {logging_mixin.py:190} INFO - [2026-04-09T16:03:11.070+0000] {dag.py:4180} INFO - Setting next_dagrun for kafka_producer to 2026-04-08 18:30:00+00:00, run_after=2026-04-09 18:30:00+00:00
[2026-04-09T16:03:11.097+0000] {processor.py:208} INFO - Processing /opt/airflow/dags/kafka_load.py took 0.130 seconds
[2026-04-09T16:03:41.658+0000] {processor.py:186} INFO - Started process (PID=392) to work on /opt/airflow/dags/kafka_load.py
[2026-04-09T16:03:41.659+0000] {processor.py:914} INFO - Processing file /opt/airflow/dags/kafka_load.py for tasks to queue
[2026-04-09T16:03:41.663+0000] {logging_mixin.py:190} INFO - [2026-04-09T16:03:41.663+0000] {dagbag.py:588} INFO - Filling up the DagBag from /opt/airflow/dags/kafka_load.py
[2026-04-09T16:03:41.701+0000] {processor.py:925} INFO - DAG(s) 'kafka_producer' retrieved from /opt/airflow/dags/kafka_load.py
[2026-04-09T16:03:41.731+0000] {logging_mixin.py:190} INFO - [2026-04-09T16:03:41.731+0000] {dag.py:3239} INFO - Sync 1 DAGs
[2026-04-09T16:03:41.772+0000] {logging_mixin.py:190} INFO - [2026-04-09T16:03:41.772+0000] {dag.py:4180} INFO - Setting next_dagrun for kafka_producer to 2026-04-08 18:30:00+00:00, run_after=2026-04-09 18:30:00+00:00
[2026-04-09T16:03:41.800+0000] {processor.py:208} INFO - Processing /opt/airflow/dags/kafka_load.py took 0.152 seconds
[2026-04-09T16:04:12.379+0000] {processor.py:186} INFO - Started process (PID=395) to work on /opt/airflow/dags/kafka_load.py
[2026-04-09T16:04:12.381+0000] {processor.py:914} INFO - Processing file /opt/airflow/dags/kafka_load.py for tasks to queue
[2026-04-09T16:04:12.387+0000] {logging_mixin.py:190} INFO - [2026-04-09T16:04:12.386+0000] {dagbag.py:588} INFO - Filling up the DagBag from /opt/airflow/dags/kafka_load.py
[2026-04-09T16:04:12.424+0000] {processor.py:925} INFO - DAG(s) 'kafka_producer' retrieved from /opt/airflow/dags/kafka_load.py
[2026-04-09T16:04:12.454+0000] {logging_mixin.py:190} INFO - [2026-04-09T16:04:12.454+0000] {dag.py:3239} INFO - Sync 1 DAGs
[2026-04-09T16:04:12.490+0000] {logging_mixin.py:190} INFO - [2026-04-09T16:04:12.490+0000] {dag.py:4180} INFO - Setting next_dagrun for kafka_producer to 2026-04-08 18:30:00+00:00, run_after=2026-04-09 18:30:00+00:00
[2026-04-09T16:04:12.517+0000] {processor.py:208} INFO - Processing /opt/airflow/dags/kafka_load.py took 0.147 seconds
[2026-04-09T16:04:42.809+0000] {processor.py:186} INFO - Started process (PID=398) to work on /opt/airflow/dags/kafka_load.py
[2026-04-09T16:04:42.812+0000] {processor.py:914} INFO - Processing file /opt/airflow/dags/kafka_load.py for tasks to queue
[2026-04-09T16:04:42.818+0000] {logging_mixin.py:190} INFO - [2026-04-09T16:04:42.817+0000] {dagbag.py:588} INFO - Filling up the DagBag from /opt/airflow/dags/kafka_load.py
[2026-04-09T16:04:42.863+0000] {processor.py:925} INFO - DAG(s) 'kafka_producer' retrieved from /opt/airflow/dags/kafka_load.py
[2026-04-09T16:04:42.910+0000] {logging_mixin.py:190} INFO - [2026-04-09T16:04:42.909+0000] {dag.py:3239} INFO - Sync 1 DAGs
[2026-04-09T16:04:42.973+0000] {logging_mixin.py:190} INFO - [2026-04-09T16:04:42.973+0000] {dag.py:4180} INFO - Setting next_dagrun for kafka_producer to 2026-04-08 18:30:00+00:00, run_after=2026-04-09 18:30:00+00:00
[2026-04-09T16:04:43.006+0000] {processor.py:208} INFO - Processing /opt/airflow/dags/kafka_load.py took 0.205 seconds
[2026-04-09T16:05:13.398+0000] {processor.py:186} INFO - Started process (PID=401) to work on /opt/airflow/dags/kafka_load.py
[2026-04-09T16:05:13.400+0000] {processor.py:914} INFO - Processing file /opt/airflow/dags/kafka_load.py for tasks to queue
[2026-04-09T16:05:13.405+0000] {logging_mixin.py:190} INFO - [2026-04-09T16:05:13.404+0000] {dagbag.py:588} INFO - Filling up the DagBag from /opt/airflow/dags/kafka_load.py
[2026-04-09T16:05:13.515+0000] {processor.py:925} INFO - DAG(s) 'kafka_producer' retrieved from /opt/airflow/dags/kafka_load.py
[2026-04-09T16:05:13.613+0000] {logging_mixin.py:190} INFO - [2026-04-09T16:05:13.613+0000] {dag.py:3239} INFO - Sync 1 DAGs
[2026-04-09T16:05:13.663+0000] {logging_mixin.py:190} INFO - [2026-04-09T16:05:13.662+0000] {dag.py:4180} INFO - Setting next_dagrun for kafka_producer to 2026-04-08 18:30:00+00:00, run_after=2026-04-09 18:30:00+00:00
[2026-04-09T16:05:13.702+0000] {processor.py:208} INFO - Processing /opt/airflow/dags/kafka_load.py took 0.313 seconds
[2026-04-09T16:05:43.997+0000] {processor.py:186} INFO - Started process (PID=404) to work on /opt/airflow/dags/kafka_load.py
[2026-04-09T16:05:44.000+0000] {processor.py:914} INFO - Processing file /opt/airflow/dags/kafka_load.py for tasks to queue
[2026-04-09T16:05:44.003+0000] {logging_mixin.py:190} INFO - [2026-04-09T16:05:44.003+0000] {dagbag.py:588} INFO - Filling up the DagBag from /opt/airflow/dags/kafka_load.py
[2026-04-09T16:05:44.054+0000] {processor.py:925} INFO - DAG(s) 'kafka_producer' retrieved from /opt/airflow/dags/kafka_load.py
[2026-04-09T16:05:44.090+0000] {logging_mixin.py:190} INFO - [2026-04-09T16:05:44.090+0000] {dag.py:3239} INFO - Sync 1 DAGs
[2026-04-09T16:05:44.135+0000] {logging_mixin.py:190} INFO - [2026-04-09T16:05:44.134+0000] {dag.py:4180} INFO - Setting next_dagrun for kafka_producer to 2026-04-08 18:30:00+00:00, run_after=2026-04-09 18:30:00+00:00
[2026-04-09T16:05:44.163+0000] {processor.py:208} INFO - Processing /opt/airflow/dags/kafka_load.py took 0.180 seconds
[2026-04-09T16:06:14.612+0000] {processor.py:186} INFO - Started process (PID=407) to work on /opt/airflow/dags/kafka_load.py
[2026-04-09T16:06:14.622+0000] {processor.py:914} INFO - Processing file /opt/airflow/dags/kafka_load.py for tasks to queue
[2026-04-09T16:06:14.626+0000] {logging_mixin.py:190} INFO - [2026-04-09T16:06:14.625+0000] {dagbag.py:588} INFO - Filling up the DagBag from /opt/airflow/dags/kafka_load.py
[2026-04-09T16:06:14.686+0000] {processor.py:925} INFO - DAG(s) 'kafka_producer' retrieved from /opt/airflow/dags/kafka_load.py
[2026-04-09T16:06:14.757+0000] {logging_mixin.py:190} INFO - [2026-04-09T16:06:14.756+0000] {dag.py:3239} INFO - Sync 1 DAGs
[2026-04-09T16:06:14.838+0000] {logging_mixin.py:190} INFO - [2026-04-09T16:06:14.837+0000] {dag.py:4180} INFO - Setting next_dagrun for kafka_producer to 2026-04-08 18:30:00+00:00, run_after=2026-04-09 18:30:00+00:00
[2026-04-09T16:06:14.898+0000] {processor.py:208} INFO - Processing /opt/airflow/dags/kafka_load.py took 0.295 seconds
[2026-04-09T16:06:45.658+0000] {processor.py:186} INFO - Started process (PID=410) to work on /opt/airflow/dags/kafka_load.py
[2026-04-09T16:06:45.660+0000] {processor.py:914} INFO - Processing file /opt/airflow/dags/kafka_load.py for tasks to queue
[2026-04-09T16:06:45.663+0000] {logging_mixin.py:190} INFO - [2026-04-09T16:06:45.663+0000] {dagbag.py:588} INFO - Filling up the DagBag from /opt/airflow/dags/kafka_load.py
[2026-04-09T16:06:45.698+0000] {processor.py:925} INFO - DAG(s) 'kafka_producer' retrieved from /opt/airflow/dags/kafka_load.py
[2026-04-09T16:06:45.751+0000] {logging_mixin.py:190} INFO - [2026-04-09T16:06:45.751+0000] {dag.py:3239} INFO - Sync 1 DAGs
[2026-04-09T16:06:45.800+0000] {logging_mixin.py:190} INFO - [2026-04-09T16:06:45.799+0000] {dag.py:4180} INFO - Setting next_dagrun for kafka_producer to 2026-04-08 18:30:00+00:00, run_after=2026-04-09 18:30:00+00:00
[2026-04-09T16:06:45.869+0000] {processor.py:208} INFO - Processing /opt/airflow/dags/kafka_load.py took 0.219 seconds
[2026-04-09T16:07:17.047+0000] {processor.py:186} INFO - Started process (PID=413) to work on /opt/airflow/dags/kafka_load.py
[2026-04-09T16:07:17.052+0000] {processor.py:914} INFO - Processing file /opt/airflow/dags/kafka_load.py for tasks to queue
[2026-04-09T16:07:17.057+0000] {logging_mixin.py:190} INFO - [2026-04-09T16:07:17.056+0000] {dagbag.py:588} INFO - Filling up the DagBag from /opt/airflow/dags/kafka_load.py
[2026-04-09T16:07:17.148+0000] {processor.py:925} INFO - DAG(s) 'kafka_producer' retrieved from /opt/airflow/dags/kafka_load.py
[2026-04-09T16:07:17.212+0000] {logging_mixin.py:190} INFO - [2026-04-09T16:07:17.212+0000] {dag.py:3239} INFO - Sync 1 DAGs
[2026-04-09T16:07:17.316+0000] {logging_mixin.py:190} INFO - [2026-04-09T16:07:17.315+0000] {dag.py:4180} INFO - Setting next_dagrun for kafka_producer to 2026-04-08 18:30:00+00:00, run_after=2026-04-09 18:30:00+00:00
[2026-04-09T16:07:17.376+0000] {processor.py:208} INFO - Processing /opt/airflow/dags/kafka_load.py took 0.344 seconds
[2026-04-09T16:07:47.522+0000] {processor.py:186} INFO - Started process (PID=416) to work on /opt/airflow/dags/kafka_load.py
[2026-04-09T16:07:47.524+0000] {processor.py:914} INFO - Processing file /opt/airflow/dags/kafka_load.py for tasks to queue
[2026-04-09T16:07:47.529+0000] {logging_mixin.py:190} INFO - [2026-04-09T16:07:47.528+0000] {dagbag.py:588} INFO - Filling up the DagBag from /opt/airflow/dags/kafka_load.py
[2026-04-09T16:07:47.567+0000] {processor.py:925} INFO - DAG(s) 'kafka_producer' retrieved from /opt/airflow/dags/kafka_load.py
[2026-04-09T16:07:47.601+0000] {logging_mixin.py:190} INFO - [2026-04-09T16:07:47.601+0000] {dag.py:3239} INFO - Sync 1 DAGs
[2026-04-09T16:07:47.635+0000] {logging_mixin.py:190} INFO - [2026-04-09T16:07:47.635+0000] {dag.py:4180} INFO - Setting next_dagrun for kafka_producer to 2026-04-08 18:30:00+00:00, run_after=2026-04-09 18:30:00+00:00
[2026-04-09T16:07:47.666+0000] {processor.py:208} INFO - Processing /opt/airflow/dags/kafka_load.py took 0.157 seconds
[2026-04-09T16:08:18.132+0000] {processor.py:186} INFO - Started process (PID=419) to work on /opt/airflow/dags/kafka_load.py
[2026-04-09T16:08:18.134+0000] {processor.py:914} INFO - Processing file /opt/airflow/dags/kafka_load.py for tasks to queue
[2026-04-09T16:08:18.137+0000] {logging_mixin.py:190} INFO - [2026-04-09T16:08:18.137+0000] {dagbag.py:588} INFO - Filling up the DagBag from /opt/airflow/dags/kafka_load.py
[2026-04-09T16:08:18.173+0000] {processor.py:925} INFO - DAG(s) 'kafka_producer' retrieved from /opt/airflow/dags/kafka_load.py
[2026-04-09T16:08:18.204+0000] {logging_mixin.py:190} INFO - [2026-04-09T16:08:18.204+0000] {dag.py:3239} INFO - Sync 1 DAGs
[2026-04-09T16:08:18.236+0000] {logging_mixin.py:190} INFO - [2026-04-09T16:08:18.236+0000] {dag.py:4180} INFO - Setting next_dagrun for kafka_producer to 2026-04-08 18:30:00+00:00, run_after=2026-04-09 18:30:00+00:00
[2026-04-09T16:08:18.270+0000] {processor.py:208} INFO - Processing /opt/airflow/dags/kafka_load.py took 0.148 seconds
[2026-04-09T16:08:48.801+0000] {processor.py:186} INFO - Started process (PID=422) to work on /opt/airflow/dags/kafka_load.py
[2026-04-09T16:08:48.802+0000] {processor.py:914} INFO - Processing file /opt/airflow/dags/kafka_load.py for tasks to queue
[2026-04-09T16:08:48.806+0000] {logging_mixin.py:190} INFO - [2026-04-09T16:08:48.805+0000] {dagbag.py:588} INFO - Filling up the DagBag from /opt/airflow/dags/kafka_load.py
[2026-04-09T16:08:48.842+0000] {processor.py:925} INFO - DAG(s) 'kafka_producer' retrieved from /opt/airflow/dags/kafka_load.py
[2026-04-09T16:08:48.870+0000] {logging_mixin.py:190} INFO - [2026-04-09T16:08:48.869+0000] {dag.py:3239} INFO - Sync 1 DAGs
[2026-04-09T16:08:48.903+0000] {logging_mixin.py:190} INFO - [2026-04-09T16:08:48.903+0000] {dag.py:4180} INFO - Setting next_dagrun for kafka_producer to 2026-04-08 18:30:00+00:00, run_after=2026-04-09 18:30:00+00:00
[2026-04-09T16:08:49.547+0000] {processor.py:208} INFO - Processing /opt/airflow/dags/kafka_load.py took 0.755 seconds
[2026-04-09T16:09:20.075+0000] {processor.py:186} INFO - Started process (PID=425) to work on /opt/airflow/dags/kafka_load.py
[2026-04-09T16:09:20.077+0000] {processor.py:914} INFO - Processing file /opt/airflow/dags/kafka_load.py for tasks to queue
[2026-04-09T16:09:20.081+0000] {logging_mixin.py:190} INFO - [2026-04-09T16:09:20.081+0000] {dagbag.py:588} INFO - Filling up the DagBag from /opt/airflow/dags/kafka_load.py
[2026-04-09T16:09:20.133+0000] {processor.py:925} INFO - DAG(s) 'kafka_producer' retrieved from /opt/airflow/dags/kafka_load.py
[2026-04-09T16:09:20.159+0000] {logging_mixin.py:190} INFO - [2026-04-09T16:09:20.159+0000] {dag.py:3239} INFO - Sync 1 DAGs
[2026-04-09T16:09:20.191+0000] {logging_mixin.py:190} INFO - [2026-04-09T16:09:20.190+0000] {dag.py:4180} INFO - Setting next_dagrun for kafka_producer to 2026-04-08 18:30:00+00:00, run_after=2026-04-09 18:30:00+00:00
[2026-04-09T16:09:20.217+0000] {processor.py:208} INFO - Processing /opt/airflow/dags/kafka_load.py took 0.149 seconds
[2026-04-09T16:09:50.650+0000] {processor.py:186} INFO - Started process (PID=428) to work on /opt/airflow/dags/kafka_load.py
[2026-04-09T16:09:50.652+0000] {processor.py:914} INFO - Processing file /opt/airflow/dags/kafka_load.py for tasks to queue
[2026-04-09T16:09:50.656+0000] {logging_mixin.py:190} INFO - [2026-04-09T16:09:50.656+0000] {dagbag.py:588} INFO - Filling up the DagBag from /opt/airflow/dags/kafka_load.py
[2026-04-09T16:09:50.703+0000] {processor.py:925} INFO - DAG(s) 'kafka_producer' retrieved from /opt/airflow/dags/kafka_load.py
[2026-04-09T16:09:50.743+0000] {logging_mixin.py:190} INFO - [2026-04-09T16:09:50.743+0000] {dag.py:3239} INFO - Sync 1 DAGs
[2026-04-09T16:09:50.784+0000] {logging_mixin.py:190} INFO - [2026-04-09T16:09:50.784+0000] {dag.py:4180} INFO - Setting next_dagrun for kafka_producer to 2026-04-08 18:30:00+00:00, run_after=2026-04-09 18:30:00+00:00
[2026-04-09T16:09:50.828+0000] {processor.py:208} INFO - Processing /opt/airflow/dags/kafka_load.py took 0.190 seconds
[2026-04-09T16:10:21.412+0000] {processor.py:186} INFO - Started process (PID=431) to work on /opt/airflow/dags/kafka_load.py
[2026-04-09T16:10:21.414+0000] {processor.py:914} INFO - Processing file /opt/airflow/dags/kafka_load.py for tasks to queue
[2026-04-09T16:10:21.417+0000] {logging_mixin.py:190} INFO - [2026-04-09T16:10:21.417+0000] {dagbag.py:588} INFO - Filling up the DagBag from /opt/airflow/dags/kafka_load.py
[2026-04-09T16:10:21.455+0000] {processor.py:925} INFO - DAG(s) 'kafka_producer' retrieved from /opt/airflow/dags/kafka_load.py
[2026-04-09T16:10:21.489+0000] {logging_mixin.py:190} INFO - [2026-04-09T16:10:21.488+0000] {dag.py:3239} INFO - Sync 1 DAGs
[2026-04-09T16:10:21.524+0000] {logging_mixin.py:190} INFO - [2026-04-09T16:10:21.523+0000] {dag.py:4180} INFO - Setting next_dagrun for kafka_producer to 2026-04-08 18:30:00+00:00, run_after=2026-04-09 18:30:00+00:00
[2026-04-09T16:10:21.552+0000] {processor.py:208} INFO - Processing /opt/airflow/dags/kafka_load.py took 0.148 seconds
[2026-04-09T16:10:51.997+0000] {processor.py:186} INFO - Started process (PID=434) to work on /opt/airflow/dags/kafka_load.py
[2026-04-09T16:10:51.999+0000] {processor.py:914} INFO - Processing file /opt/airflow/dags/kafka_load.py for tasks to queue
[2026-04-09T16:10:52.005+0000] {logging_mixin.py:190} INFO - [2026-04-09T16:10:52.005+0000] {dagbag.py:588} INFO - Filling up the DagBag from /opt/airflow/dags/kafka_load.py
[2026-04-09T16:10:52.044+0000] {processor.py:925} INFO - DAG(s) 'kafka_producer' retrieved from /opt/airflow/dags/kafka_load.py
[2026-04-09T16:10:52.073+0000] {logging_mixin.py:190} INFO - [2026-04-09T16:10:52.073+0000] {dag.py:3239} INFO - Sync 1 DAGs
[2026-04-09T16:10:52.105+0000] {logging_mixin.py:190} INFO - [2026-04-09T16:10:52.104+0000] {dag.py:4180} INFO - Setting next_dagrun for kafka_producer to 2026-04-08 18:30:00+00:00, run_after=2026-04-09 18:30:00+00:00
[2026-04-09T16:10:52.136+0000] {processor.py:208} INFO - Processing /opt/airflow/dags/kafka_load.py took 0.148 seconds
[2026-04-09T16:11:22.843+0000] {processor.py:186} INFO - Started process (PID=437) to work on /opt/airflow/dags/kafka_load.py
[2026-04-09T16:11:22.845+0000] {processor.py:914} INFO - Processing file /opt/airflow/dags/kafka_load.py for tasks to queue
[2026-04-09T16:11:22.849+0000] {logging_mixin.py:190} INFO - [2026-04-09T16:11:22.849+0000] {dagbag.py:588} INFO - Filling up the DagBag from /opt/airflow/dags/kafka_load.py
[2026-04-09T16:11:22.890+0000] {processor.py:925} INFO - DAG(s) 'kafka_producer' retrieved from /opt/airflow/dags/kafka_load.py
[2026-04-09T16:11:22.920+0000] {logging_mixin.py:190} INFO - [2026-04-09T16:11:22.920+0000] {dag.py:3239} INFO - Sync 1 DAGs
[2026-04-09T16:11:22.953+0000] {logging_mixin.py:190} INFO - [2026-04-09T16:11:22.953+0000] {dag.py:4180} INFO - Setting next_dagrun for kafka_producer to 2026-04-08 18:30:00+00:00, run_after=2026-04-09 18:30:00+00:00
[2026-04-09T16:11:22.980+0000] {processor.py:208} INFO - Processing /opt/airflow/dags/kafka_load.py took 0.149 seconds
[2026-04-09T16:11:53.518+0000] {processor.py:186} INFO - Started process (PID=440) to work on /opt/airflow/dags/kafka_load.py
[2026-04-09T16:11:53.519+0000] {processor.py:914} INFO - Processing file /opt/airflow/dags/kafka_load.py for tasks to queue
[2026-04-09T16:11:53.523+0000] {logging_mixin.py:190} INFO - [2026-04-09T16:11:53.523+0000] {dagbag.py:588} INFO - Filling up the DagBag from /opt/airflow/dags/kafka_load.py
[2026-04-09T16:11:53.556+0000] {processor.py:925} INFO - DAG(s) 'kafka_producer' retrieved from /opt/airflow/dags/kafka_load.py
[2026-04-09T16:11:53.585+0000] {logging_mixin.py:190} INFO - [2026-04-09T16:11:53.585+0000] {dag.py:3239} INFO - Sync 1 DAGs
[2026-04-09T16:11:53.619+0000] {logging_mixin.py:190} INFO - [2026-04-09T16:11:53.618+0000] {dag.py:4180} INFO - Setting next_dagrun for kafka_producer to 2026-04-08 18:30:00+00:00, run_after=2026-04-09 18:30:00+00:00
[2026-04-09T16:11:53.650+0000] {processor.py:208} INFO - Processing /opt/airflow/dags/kafka_load.py took 0.141 seconds
[2026-04-09T16:12:24.269+0000] {processor.py:186} INFO - Started process (PID=443) to work on /opt/airflow/dags/kafka_load.py
[2026-04-09T16:12:24.271+0000] {processor.py:914} INFO - Processing file /opt/airflow/dags/kafka_load.py for tasks to queue
[2026-04-09T16:12:24.276+0000] {logging_mixin.py:190} INFO - [2026-04-09T16:12:24.275+0000] {dagbag.py:588} INFO - Filling up the DagBag from /opt/airflow/dags/kafka_load.py
[2026-04-09T16:12:24.316+0000] {processor.py:925} INFO - DAG(s) 'kafka_producer' retrieved from /opt/airflow/dags/kafka_load.py
[2026-04-09T16:12:24.345+0000] {logging_mixin.py:190} INFO - [2026-04-09T16:12:24.345+0000] {dag.py:3239} INFO - Sync 1 DAGs
[2026-04-09T16:12:24.380+0000] {logging_mixin.py:190} INFO - [2026-04-09T16:12:24.380+0000] {dag.py:4180} INFO - Setting next_dagrun for kafka_producer to 2026-04-08 18:30:00+00:00, run_after=2026-04-09 18:30:00+00:00
[2026-04-09T16:12:24.409+0000] {processor.py:208} INFO - Processing /opt/airflow/dags/kafka_load.py took 0.150 seconds
[2026-04-09T16:12:54.870+0000] {processor.py:186} INFO - Started process (PID=446) to work on /opt/airflow/dags/kafka_load.py
[2026-04-09T16:12:54.872+0000] {processor.py:914} INFO - Processing file /opt/airflow/dags/kafka_load.py for tasks to queue
[2026-04-09T16:12:54.879+0000] {logging_mixin.py:190} INFO - [2026-04-09T16:12:54.879+0000] {dagbag.py:588} INFO - Filling up the DagBag from /opt/airflow/dags/kafka_load.py
[2026-04-09T16:12:54.933+0000] {processor.py:925} INFO - DAG(s) 'kafka_producer' retrieved from /opt/airflow/dags/kafka_load.py
[2026-04-09T16:12:54.968+0000] {logging_mixin.py:190} INFO - [2026-04-09T16:12:54.968+0000] {dag.py:3239} INFO - Sync 1 DAGs
[2026-04-09T16:12:55.015+0000] {logging_mixin.py:190} INFO - [2026-04-09T16:12:55.008+0000] {dag.py:4180} INFO - Setting next_dagrun for kafka_producer to 2026-04-08 18:30:00+00:00, run_after=2026-04-09 18:30:00+00:00
[2026-04-09T16:12:55.050+0000] {processor.py:208} INFO - Processing /opt/airflow/dags/kafka_load.py took 0.190 seconds
