[2026-04-07T16:56:08.877+0000] {processor.py:186} INFO - Started process (PID=29) to work on /opt/airflow/dags/kafka_load.py
[2026-04-07T16:56:08.882+0000] {processor.py:914} INFO - Processing file /opt/airflow/dags/kafka_load.py for tasks to queue
[2026-04-07T16:56:08.891+0000] {logging_mixin.py:190} INFO - [2026-04-07T16:56:08.890+0000] {dagbag.py:588} INFO - Filling up the DagBag from /opt/airflow/dags/kafka_load.py
[2026-04-07T16:56:09.029+0000] {processor.py:925} INFO - DAG(s) 'kafka_producer' retrieved from /opt/airflow/dags/kafka_load.py
[2026-04-07T16:56:09.146+0000] {logging_mixin.py:190} INFO - [2026-04-07T16:56:09.145+0000] {dag.py:3239} INFO - Sync 1 DAGs
[2026-04-07T16:56:09.205+0000] {logging_mixin.py:190} INFO - [2026-04-07T16:56:09.205+0000] {dag.py:4180} INFO - Setting next_dagrun for kafka_producer to None, run_after=None
[2026-04-07T16:56:09.287+0000] {processor.py:208} INFO - Processing /opt/airflow/dags/kafka_load.py took 0.434 seconds
[2026-04-07T16:56:39.450+0000] {processor.py:186} INFO - Started process (PID=32) to work on /opt/airflow/dags/kafka_load.py
[2026-04-07T16:56:39.452+0000] {processor.py:914} INFO - Processing file /opt/airflow/dags/kafka_load.py for tasks to queue
[2026-04-07T16:56:39.455+0000] {logging_mixin.py:190} INFO - [2026-04-07T16:56:39.454+0000] {dagbag.py:588} INFO - Filling up the DagBag from /opt/airflow/dags/kafka_load.py
[2026-04-07T16:56:39.494+0000] {processor.py:925} INFO - DAG(s) 'kafka_producer' retrieved from /opt/airflow/dags/kafka_load.py
[2026-04-07T16:56:39.527+0000] {logging_mixin.py:190} INFO - [2026-04-07T16:56:39.526+0000] {dag.py:3239} INFO - Sync 1 DAGs
[2026-04-07T16:56:39.544+0000] {logging_mixin.py:190} INFO - [2026-04-07T16:56:39.543+0000] {dag.py:4180} INFO - Setting next_dagrun for kafka_producer to None, run_after=None
[2026-04-07T16:56:39.568+0000] {processor.py:208} INFO - Processing /opt/airflow/dags/kafka_load.py took 0.125 seconds
[2026-04-07T16:57:09.972+0000] {processor.py:186} INFO - Started process (PID=35) to work on /opt/airflow/dags/kafka_load.py
[2026-04-07T16:57:09.974+0000] {processor.py:914} INFO - Processing file /opt/airflow/dags/kafka_load.py for tasks to queue
[2026-04-07T16:57:09.978+0000] {logging_mixin.py:190} INFO - [2026-04-07T16:57:09.978+0000] {dagbag.py:588} INFO - Filling up the DagBag from /opt/airflow/dags/kafka_load.py
[2026-04-07T16:57:10.016+0000] {processor.py:925} INFO - DAG(s) 'kafka_producer' retrieved from /opt/airflow/dags/kafka_load.py
[2026-04-07T16:57:10.045+0000] {logging_mixin.py:190} INFO - [2026-04-07T16:57:10.045+0000] {dag.py:3239} INFO - Sync 1 DAGs
[2026-04-07T16:57:10.061+0000] {logging_mixin.py:190} INFO - [2026-04-07T16:57:10.061+0000] {dag.py:4180} INFO - Setting next_dagrun for kafka_producer to None, run_after=None
[2026-04-07T16:57:10.087+0000] {processor.py:208} INFO - Processing /opt/airflow/dags/kafka_load.py took 0.123 seconds
[2026-04-07T16:57:40.447+0000] {processor.py:186} INFO - Started process (PID=38) to work on /opt/airflow/dags/kafka_load.py
[2026-04-07T16:57:40.448+0000] {processor.py:914} INFO - Processing file /opt/airflow/dags/kafka_load.py for tasks to queue
[2026-04-07T16:57:40.451+0000] {logging_mixin.py:190} INFO - [2026-04-07T16:57:40.451+0000] {dagbag.py:588} INFO - Filling up the DagBag from /opt/airflow/dags/kafka_load.py
[2026-04-07T16:57:40.484+0000] {processor.py:925} INFO - DAG(s) 'kafka_producer' retrieved from /opt/airflow/dags/kafka_load.py
[2026-04-07T16:57:40.516+0000] {logging_mixin.py:190} INFO - [2026-04-07T16:57:40.516+0000] {dag.py:3239} INFO - Sync 1 DAGs
[2026-04-07T16:57:40.534+0000] {logging_mixin.py:190} INFO - [2026-04-07T16:57:40.533+0000] {dag.py:4180} INFO - Setting next_dagrun for kafka_producer to None, run_after=None
[2026-04-07T16:57:40.559+0000] {processor.py:208} INFO - Processing /opt/airflow/dags/kafka_load.py took 0.120 seconds
[2026-04-07T16:58:10.912+0000] {processor.py:186} INFO - Started process (PID=41) to work on /opt/airflow/dags/kafka_load.py
[2026-04-07T16:58:10.913+0000] {processor.py:914} INFO - Processing file /opt/airflow/dags/kafka_load.py for tasks to queue
[2026-04-07T16:58:10.917+0000] {logging_mixin.py:190} INFO - [2026-04-07T16:58:10.916+0000] {dagbag.py:588} INFO - Filling up the DagBag from /opt/airflow/dags/kafka_load.py
[2026-04-07T16:58:10.957+0000] {processor.py:925} INFO - DAG(s) 'kafka_producer' retrieved from /opt/airflow/dags/kafka_load.py
[2026-04-07T16:58:10.989+0000] {logging_mixin.py:190} INFO - [2026-04-07T16:58:10.988+0000] {dag.py:3239} INFO - Sync 1 DAGs
[2026-04-07T16:58:11.006+0000] {logging_mixin.py:190} INFO - [2026-04-07T16:58:11.006+0000] {dag.py:4180} INFO - Setting next_dagrun for kafka_producer to None, run_after=None
[2026-04-07T16:58:11.034+0000] {processor.py:208} INFO - Processing /opt/airflow/dags/kafka_load.py took 0.129 seconds
[2026-04-07T16:58:41.438+0000] {processor.py:186} INFO - Started process (PID=44) to work on /opt/airflow/dags/kafka_load.py
[2026-04-07T16:58:41.439+0000] {processor.py:914} INFO - Processing file /opt/airflow/dags/kafka_load.py for tasks to queue
[2026-04-07T16:58:41.445+0000] {logging_mixin.py:190} INFO - [2026-04-07T16:58:41.444+0000] {dagbag.py:588} INFO - Filling up the DagBag from /opt/airflow/dags/kafka_load.py
[2026-04-07T16:58:41.482+0000] {processor.py:925} INFO - DAG(s) 'kafka_producer' retrieved from /opt/airflow/dags/kafka_load.py
[2026-04-07T16:58:41.514+0000] {logging_mixin.py:190} INFO - [2026-04-07T16:58:41.514+0000] {dag.py:3239} INFO - Sync 1 DAGs
[2026-04-07T16:58:41.532+0000] {logging_mixin.py:190} INFO - [2026-04-07T16:58:41.531+0000] {dag.py:4180} INFO - Setting next_dagrun for kafka_producer to None, run_after=None
[2026-04-07T16:58:41.558+0000] {processor.py:208} INFO - Processing /opt/airflow/dags/kafka_load.py took 0.127 seconds
[2026-04-07T16:59:12.002+0000] {processor.py:186} INFO - Started process (PID=47) to work on /opt/airflow/dags/kafka_load.py
[2026-04-07T16:59:12.004+0000] {processor.py:914} INFO - Processing file /opt/airflow/dags/kafka_load.py for tasks to queue
[2026-04-07T16:59:12.009+0000] {logging_mixin.py:190} INFO - [2026-04-07T16:59:12.009+0000] {dagbag.py:588} INFO - Filling up the DagBag from /opt/airflow/dags/kafka_load.py
[2026-04-07T16:59:12.047+0000] {processor.py:925} INFO - DAG(s) 'kafka_producer' retrieved from /opt/airflow/dags/kafka_load.py
[2026-04-07T16:59:12.079+0000] {logging_mixin.py:190} INFO - [2026-04-07T16:59:12.078+0000] {dag.py:3239} INFO - Sync 1 DAGs
[2026-04-07T16:59:12.097+0000] {logging_mixin.py:190} INFO - [2026-04-07T16:59:12.097+0000] {dag.py:4180} INFO - Setting next_dagrun for kafka_producer to None, run_after=None
[2026-04-07T16:59:12.124+0000] {processor.py:208} INFO - Processing /opt/airflow/dags/kafka_load.py took 0.129 seconds
[2026-04-07T16:59:42.498+0000] {processor.py:186} INFO - Started process (PID=50) to work on /opt/airflow/dags/kafka_load.py
[2026-04-07T16:59:42.499+0000] {processor.py:914} INFO - Processing file /opt/airflow/dags/kafka_load.py for tasks to queue
[2026-04-07T16:59:42.502+0000] {logging_mixin.py:190} INFO - [2026-04-07T16:59:42.502+0000] {dagbag.py:588} INFO - Filling up the DagBag from /opt/airflow/dags/kafka_load.py
[2026-04-07T16:59:42.538+0000] {processor.py:925} INFO - DAG(s) 'kafka_producer' retrieved from /opt/airflow/dags/kafka_load.py
[2026-04-07T16:59:42.573+0000] {logging_mixin.py:190} INFO - [2026-04-07T16:59:42.573+0000] {dag.py:3239} INFO - Sync 1 DAGs
[2026-04-07T16:59:42.590+0000] {logging_mixin.py:190} INFO - [2026-04-07T16:59:42.590+0000] {dag.py:4180} INFO - Setting next_dagrun for kafka_producer to None, run_after=None
[2026-04-07T16:59:42.616+0000] {processor.py:208} INFO - Processing /opt/airflow/dags/kafka_load.py took 0.125 seconds
[2026-04-07T17:00:13.076+0000] {processor.py:186} INFO - Started process (PID=53) to work on /opt/airflow/dags/kafka_load.py
[2026-04-07T17:00:13.086+0000] {processor.py:914} INFO - Processing file /opt/airflow/dags/kafka_load.py for tasks to queue
[2026-04-07T17:00:13.093+0000] {logging_mixin.py:190} INFO - [2026-04-07T17:00:13.092+0000] {dagbag.py:588} INFO - Filling up the DagBag from /opt/airflow/dags/kafka_load.py
[2026-04-07T17:00:13.177+0000] {processor.py:925} INFO - DAG(s) 'kafka_producer' retrieved from /opt/airflow/dags/kafka_load.py
[2026-04-07T17:00:13.444+0000] {logging_mixin.py:190} INFO - [2026-04-07T17:00:13.444+0000] {dag.py:3239} INFO - Sync 1 DAGs
[2026-04-07T17:00:13.517+0000] {logging_mixin.py:190} INFO - [2026-04-07T17:00:13.517+0000] {dag.py:4180} INFO - Setting next_dagrun for kafka_producer to None, run_after=None
[2026-04-07T17:00:13.754+0000] {processor.py:208} INFO - Processing /opt/airflow/dags/kafka_load.py took 0.729 seconds
[2026-04-07T17:00:43.953+0000] {processor.py:186} INFO - Started process (PID=56) to work on /opt/airflow/dags/kafka_load.py
[2026-04-07T17:00:43.954+0000] {processor.py:914} INFO - Processing file /opt/airflow/dags/kafka_load.py for tasks to queue
[2026-04-07T17:00:43.958+0000] {logging_mixin.py:190} INFO - [2026-04-07T17:00:43.958+0000] {dagbag.py:588} INFO - Filling up the DagBag from /opt/airflow/dags/kafka_load.py
[2026-04-07T17:00:43.987+0000] {processor.py:925} INFO - DAG(s) 'kafka_producer' retrieved from /opt/airflow/dags/kafka_load.py
[2026-04-07T17:00:44.024+0000] {logging_mixin.py:190} INFO - [2026-04-07T17:00:44.023+0000] {dag.py:3239} INFO - Sync 1 DAGs
[2026-04-07T17:00:44.041+0000] {logging_mixin.py:190} INFO - [2026-04-07T17:00:44.041+0000] {dag.py:4180} INFO - Setting next_dagrun for kafka_producer to None, run_after=None
[2026-04-07T17:00:44.070+0000] {processor.py:208} INFO - Processing /opt/airflow/dags/kafka_load.py took 0.125 seconds
[2026-04-07T17:01:14.159+0000] {processor.py:186} INFO - Started process (PID=59) to work on /opt/airflow/dags/kafka_load.py
[2026-04-07T17:01:14.161+0000] {processor.py:914} INFO - Processing file /opt/airflow/dags/kafka_load.py for tasks to queue
[2026-04-07T17:01:14.166+0000] {logging_mixin.py:190} INFO - [2026-04-07T17:01:14.165+0000] {dagbag.py:588} INFO - Filling up the DagBag from /opt/airflow/dags/kafka_load.py
[2026-04-07T17:01:14.197+0000] {processor.py:925} INFO - DAG(s) 'kafka_producer' retrieved from /opt/airflow/dags/kafka_load.py
[2026-04-07T17:01:14.229+0000] {logging_mixin.py:190} INFO - [2026-04-07T17:01:14.228+0000] {dag.py:3239} INFO - Sync 1 DAGs
[2026-04-07T17:01:14.247+0000] {logging_mixin.py:190} INFO - [2026-04-07T17:01:14.247+0000] {dag.py:4180} INFO - Setting next_dagrun for kafka_producer to None, run_after=None
[2026-04-07T17:01:14.274+0000] {processor.py:208} INFO - Processing /opt/airflow/dags/kafka_load.py took 0.122 seconds
[2026-04-07T17:01:44.628+0000] {processor.py:186} INFO - Started process (PID=62) to work on /opt/airflow/dags/kafka_load.py
[2026-04-07T17:01:44.630+0000] {processor.py:914} INFO - Processing file /opt/airflow/dags/kafka_load.py for tasks to queue
[2026-04-07T17:01:44.634+0000] {logging_mixin.py:190} INFO - [2026-04-07T17:01:44.634+0000] {dagbag.py:588} INFO - Filling up the DagBag from /opt/airflow/dags/kafka_load.py
[2026-04-07T17:01:44.666+0000] {processor.py:925} INFO - DAG(s) 'kafka_producer' retrieved from /opt/airflow/dags/kafka_load.py
[2026-04-07T17:01:44.702+0000] {logging_mixin.py:190} INFO - [2026-04-07T17:01:44.702+0000] {dag.py:3239} INFO - Sync 1 DAGs
[2026-04-07T17:01:44.721+0000] {logging_mixin.py:190} INFO - [2026-04-07T17:01:44.721+0000] {dag.py:4180} INFO - Setting next_dagrun for kafka_producer to None, run_after=None
[2026-04-07T17:01:44.751+0000] {processor.py:208} INFO - Processing /opt/airflow/dags/kafka_load.py took 0.130 seconds
[2026-04-07T17:02:15.169+0000] {processor.py:186} INFO - Started process (PID=65) to work on /opt/airflow/dags/kafka_load.py
[2026-04-07T17:02:15.172+0000] {processor.py:914} INFO - Processing file /opt/airflow/dags/kafka_load.py for tasks to queue
[2026-04-07T17:02:15.175+0000] {logging_mixin.py:190} INFO - [2026-04-07T17:02:15.175+0000] {dagbag.py:588} INFO - Filling up the DagBag from /opt/airflow/dags/kafka_load.py
[2026-04-07T17:02:15.206+0000] {processor.py:925} INFO - DAG(s) 'kafka_producer' retrieved from /opt/airflow/dags/kafka_load.py
[2026-04-07T17:02:15.239+0000] {logging_mixin.py:190} INFO - [2026-04-07T17:02:15.238+0000] {dag.py:3239} INFO - Sync 1 DAGs
[2026-04-07T17:02:15.257+0000] {logging_mixin.py:190} INFO - [2026-04-07T17:02:15.257+0000] {dag.py:4180} INFO - Setting next_dagrun for kafka_producer to None, run_after=None
[2026-04-07T17:02:15.282+0000] {processor.py:208} INFO - Processing /opt/airflow/dags/kafka_load.py took 0.121 seconds
[2026-04-07T17:02:45.621+0000] {processor.py:186} INFO - Started process (PID=68) to work on /opt/airflow/dags/kafka_load.py
[2026-04-07T17:02:45.623+0000] {processor.py:914} INFO - Processing file /opt/airflow/dags/kafka_load.py for tasks to queue
[2026-04-07T17:02:45.626+0000] {logging_mixin.py:190} INFO - [2026-04-07T17:02:45.626+0000] {dagbag.py:588} INFO - Filling up the DagBag from /opt/airflow/dags/kafka_load.py
[2026-04-07T17:02:45.658+0000] {processor.py:925} INFO - DAG(s) 'kafka_producer' retrieved from /opt/airflow/dags/kafka_load.py
[2026-04-07T17:02:45.691+0000] {logging_mixin.py:190} INFO - [2026-04-07T17:02:45.690+0000] {dag.py:3239} INFO - Sync 1 DAGs
[2026-04-07T17:02:45.709+0000] {logging_mixin.py:190} INFO - [2026-04-07T17:02:45.709+0000] {dag.py:4180} INFO - Setting next_dagrun for kafka_producer to None, run_after=None
[2026-04-07T17:02:45.737+0000] {processor.py:208} INFO - Processing /opt/airflow/dags/kafka_load.py took 0.123 seconds
[2026-04-07T17:03:16.101+0000] {processor.py:186} INFO - Started process (PID=71) to work on /opt/airflow/dags/kafka_load.py
[2026-04-07T17:03:16.111+0000] {processor.py:914} INFO - Processing file /opt/airflow/dags/kafka_load.py for tasks to queue
[2026-04-07T17:03:16.114+0000] {logging_mixin.py:190} INFO - [2026-04-07T17:03:16.114+0000] {dagbag.py:588} INFO - Filling up the DagBag from /opt/airflow/dags/kafka_load.py
[2026-04-07T17:03:16.143+0000] {processor.py:925} INFO - DAG(s) 'kafka_producer' retrieved from /opt/airflow/dags/kafka_load.py
[2026-04-07T17:03:16.186+0000] {logging_mixin.py:190} INFO - [2026-04-07T17:03:16.186+0000] {dag.py:3239} INFO - Sync 1 DAGs
[2026-04-07T17:03:16.207+0000] {logging_mixin.py:190} INFO - [2026-04-07T17:03:16.206+0000] {dag.py:4180} INFO - Setting next_dagrun for kafka_producer to None, run_after=None
[2026-04-07T17:03:16.233+0000] {processor.py:208} INFO - Processing /opt/airflow/dags/kafka_load.py took 0.142 seconds
[2026-04-07T17:03:46.647+0000] {processor.py:186} INFO - Started process (PID=74) to work on /opt/airflow/dags/kafka_load.py
[2026-04-07T17:03:46.649+0000] {processor.py:914} INFO - Processing file /opt/airflow/dags/kafka_load.py for tasks to queue
[2026-04-07T17:03:46.652+0000] {logging_mixin.py:190} INFO - [2026-04-07T17:03:46.652+0000] {dagbag.py:588} INFO - Filling up the DagBag from /opt/airflow/dags/kafka_load.py
[2026-04-07T17:03:46.687+0000] {processor.py:925} INFO - DAG(s) 'kafka_producer' retrieved from /opt/airflow/dags/kafka_load.py
[2026-04-07T17:03:46.719+0000] {logging_mixin.py:190} INFO - [2026-04-07T17:03:46.718+0000] {dag.py:3239} INFO - Sync 1 DAGs
[2026-04-07T17:03:46.739+0000] {logging_mixin.py:190} INFO - [2026-04-07T17:03:46.738+0000] {dag.py:4180} INFO - Setting next_dagrun for kafka_producer to None, run_after=None
[2026-04-07T17:03:46.765+0000] {processor.py:208} INFO - Processing /opt/airflow/dags/kafka_load.py took 0.126 seconds
[2026-04-07T17:04:17.140+0000] {processor.py:186} INFO - Started process (PID=77) to work on /opt/airflow/dags/kafka_load.py
[2026-04-07T17:04:17.142+0000] {processor.py:914} INFO - Processing file /opt/airflow/dags/kafka_load.py for tasks to queue
[2026-04-07T17:04:17.146+0000] {logging_mixin.py:190} INFO - [2026-04-07T17:04:17.145+0000] {dagbag.py:588} INFO - Filling up the DagBag from /opt/airflow/dags/kafka_load.py
[2026-04-07T17:04:17.181+0000] {processor.py:925} INFO - DAG(s) 'kafka_producer' retrieved from /opt/airflow/dags/kafka_load.py
[2026-04-07T17:04:17.212+0000] {logging_mixin.py:190} INFO - [2026-04-07T17:04:17.212+0000] {dag.py:3239} INFO - Sync 1 DAGs
[2026-04-07T17:04:17.233+0000] {logging_mixin.py:190} INFO - [2026-04-07T17:04:17.233+0000] {dag.py:4180} INFO - Setting next_dagrun for kafka_producer to None, run_after=None
[2026-04-07T17:04:17.260+0000] {processor.py:208} INFO - Processing /opt/airflow/dags/kafka_load.py took 0.128 seconds
[2026-04-07T17:04:47.607+0000] {processor.py:186} INFO - Started process (PID=80) to work on /opt/airflow/dags/kafka_load.py
[2026-04-07T17:04:47.608+0000] {processor.py:914} INFO - Processing file /opt/airflow/dags/kafka_load.py for tasks to queue
[2026-04-07T17:04:47.612+0000] {logging_mixin.py:190} INFO - [2026-04-07T17:04:47.612+0000] {dagbag.py:588} INFO - Filling up the DagBag from /opt/airflow/dags/kafka_load.py
[2026-04-07T17:04:47.640+0000] {processor.py:925} INFO - DAG(s) 'kafka_producer' retrieved from /opt/airflow/dags/kafka_load.py
[2026-04-07T17:04:47.672+0000] {logging_mixin.py:190} INFO - [2026-04-07T17:04:47.672+0000] {dag.py:3239} INFO - Sync 1 DAGs
[2026-04-07T17:04:47.694+0000] {logging_mixin.py:190} INFO - [2026-04-07T17:04:47.693+0000] {dag.py:4180} INFO - Setting next_dagrun for kafka_producer to None, run_after=None
[2026-04-07T17:04:47.718+0000] {processor.py:208} INFO - Processing /opt/airflow/dags/kafka_load.py took 0.119 seconds
[2026-04-07T17:05:18.113+0000] {processor.py:186} INFO - Started process (PID=83) to work on /opt/airflow/dags/kafka_load.py
[2026-04-07T17:05:18.114+0000] {processor.py:914} INFO - Processing file /opt/airflow/dags/kafka_load.py for tasks to queue
[2026-04-07T17:05:18.120+0000] {logging_mixin.py:190} INFO - [2026-04-07T17:05:18.120+0000] {dagbag.py:588} INFO - Filling up the DagBag from /opt/airflow/dags/kafka_load.py
[2026-04-07T17:05:18.153+0000] {processor.py:925} INFO - DAG(s) 'kafka_producer' retrieved from /opt/airflow/dags/kafka_load.py
[2026-04-07T17:05:18.190+0000] {logging_mixin.py:190} INFO - [2026-04-07T17:05:18.190+0000] {dag.py:3239} INFO - Sync 1 DAGs
[2026-04-07T17:05:18.211+0000] {logging_mixin.py:190} INFO - [2026-04-07T17:05:18.211+0000] {dag.py:4180} INFO - Setting next_dagrun for kafka_producer to None, run_after=None
[2026-04-07T17:05:18.237+0000] {processor.py:208} INFO - Processing /opt/airflow/dags/kafka_load.py took 0.132 seconds
[2026-04-07T17:05:48.639+0000] {processor.py:186} INFO - Started process (PID=86) to work on /opt/airflow/dags/kafka_load.py
[2026-04-07T17:05:48.640+0000] {processor.py:914} INFO - Processing file /opt/airflow/dags/kafka_load.py for tasks to queue
[2026-04-07T17:05:48.644+0000] {logging_mixin.py:190} INFO - [2026-04-07T17:05:48.643+0000] {dagbag.py:588} INFO - Filling up the DagBag from /opt/airflow/dags/kafka_load.py
[2026-04-07T17:05:48.680+0000] {processor.py:925} INFO - DAG(s) 'kafka_producer' retrieved from /opt/airflow/dags/kafka_load.py
[2026-04-07T17:05:48.715+0000] {logging_mixin.py:190} INFO - [2026-04-07T17:05:48.715+0000] {dag.py:3239} INFO - Sync 1 DAGs
[2026-04-07T17:05:48.737+0000] {logging_mixin.py:190} INFO - [2026-04-07T17:05:48.737+0000] {dag.py:4180} INFO - Setting next_dagrun for kafka_producer to None, run_after=None
[2026-04-07T17:05:48.759+0000] {processor.py:208} INFO - Processing /opt/airflow/dags/kafka_load.py took 0.131 seconds
[2026-04-07T17:06:19.245+0000] {processor.py:186} INFO - Started process (PID=89) to work on /opt/airflow/dags/kafka_load.py
[2026-04-07T17:06:19.248+0000] {processor.py:914} INFO - Processing file /opt/airflow/dags/kafka_load.py for tasks to queue
[2026-04-07T17:06:19.252+0000] {logging_mixin.py:190} INFO - [2026-04-07T17:06:19.251+0000] {dagbag.py:588} INFO - Filling up the DagBag from /opt/airflow/dags/kafka_load.py
[2026-04-07T17:06:19.282+0000] {processor.py:925} INFO - DAG(s) 'kafka_producer' retrieved from /opt/airflow/dags/kafka_load.py
[2026-04-07T17:06:19.315+0000] {logging_mixin.py:190} INFO - [2026-04-07T17:06:19.314+0000] {dag.py:3239} INFO - Sync 1 DAGs
[2026-04-07T17:06:19.334+0000] {logging_mixin.py:190} INFO - [2026-04-07T17:06:19.334+0000] {dag.py:4180} INFO - Setting next_dagrun for kafka_producer to None, run_after=None
[2026-04-07T17:06:19.363+0000] {processor.py:208} INFO - Processing /opt/airflow/dags/kafka_load.py took 0.126 seconds
[2026-04-07T17:06:49.705+0000] {processor.py:186} INFO - Started process (PID=92) to work on /opt/airflow/dags/kafka_load.py
[2026-04-07T17:06:49.707+0000] {processor.py:914} INFO - Processing file /opt/airflow/dags/kafka_load.py for tasks to queue
[2026-04-07T17:06:49.710+0000] {logging_mixin.py:190} INFO - [2026-04-07T17:06:49.710+0000] {dagbag.py:588} INFO - Filling up the DagBag from /opt/airflow/dags/kafka_load.py
[2026-04-07T17:06:49.746+0000] {processor.py:925} INFO - DAG(s) 'kafka_producer' retrieved from /opt/airflow/dags/kafka_load.py
[2026-04-07T17:06:49.787+0000] {logging_mixin.py:190} INFO - [2026-04-07T17:06:49.787+0000] {dag.py:3239} INFO - Sync 1 DAGs
[2026-04-07T17:06:49.809+0000] {logging_mixin.py:190} INFO - [2026-04-07T17:06:49.808+0000] {dag.py:4180} INFO - Setting next_dagrun for kafka_producer to None, run_after=None
[2026-04-07T17:06:49.840+0000] {processor.py:208} INFO - Processing /opt/airflow/dags/kafka_load.py took 0.144 seconds
[2026-04-07T17:07:20.247+0000] {processor.py:186} INFO - Started process (PID=95) to work on /opt/airflow/dags/kafka_load.py
[2026-04-07T17:07:20.249+0000] {processor.py:914} INFO - Processing file /opt/airflow/dags/kafka_load.py for tasks to queue
[2026-04-07T17:07:20.252+0000] {logging_mixin.py:190} INFO - [2026-04-07T17:07:20.252+0000] {dagbag.py:588} INFO - Filling up the DagBag from /opt/airflow/dags/kafka_load.py
[2026-04-07T17:07:20.284+0000] {processor.py:925} INFO - DAG(s) 'kafka_producer' retrieved from /opt/airflow/dags/kafka_load.py
[2026-04-07T17:07:20.335+0000] {logging_mixin.py:190} INFO - [2026-04-07T17:07:20.335+0000] {dag.py:3239} INFO - Sync 1 DAGs
[2026-04-07T17:07:20.374+0000] {logging_mixin.py:190} INFO - [2026-04-07T17:07:20.374+0000] {dag.py:4180} INFO - Setting next_dagrun for kafka_producer to None, run_after=None
[2026-04-07T17:07:20.402+0000] {processor.py:208} INFO - Processing /opt/airflow/dags/kafka_load.py took 0.164 seconds
[2026-04-07T17:07:50.455+0000] {processor.py:186} INFO - Started process (PID=98) to work on /opt/airflow/dags/kafka_load.py
[2026-04-07T17:07:50.457+0000] {processor.py:914} INFO - Processing file /opt/airflow/dags/kafka_load.py for tasks to queue
[2026-04-07T17:07:50.461+0000] {logging_mixin.py:190} INFO - [2026-04-07T17:07:50.460+0000] {dagbag.py:588} INFO - Filling up the DagBag from /opt/airflow/dags/kafka_load.py
[2026-04-07T17:07:50.489+0000] {processor.py:925} INFO - DAG(s) 'kafka_producer' retrieved from /opt/airflow/dags/kafka_load.py
[2026-04-07T17:07:50.535+0000] {logging_mixin.py:190} INFO - [2026-04-07T17:07:50.535+0000] {dag.py:3239} INFO - Sync 1 DAGs
[2026-04-07T17:07:50.553+0000] {logging_mixin.py:190} INFO - [2026-04-07T17:07:50.553+0000] {dag.py:4180} INFO - Setting next_dagrun for kafka_producer to None, run_after=None
[2026-04-07T17:07:50.578+0000] {processor.py:208} INFO - Processing /opt/airflow/dags/kafka_load.py took 0.131 seconds
[2026-04-07T17:08:20.938+0000] {processor.py:186} INFO - Started process (PID=101) to work on /opt/airflow/dags/kafka_load.py
[2026-04-07T17:08:20.940+0000] {processor.py:914} INFO - Processing file /opt/airflow/dags/kafka_load.py for tasks to queue
[2026-04-07T17:08:20.944+0000] {logging_mixin.py:190} INFO - [2026-04-07T17:08:20.943+0000] {dagbag.py:588} INFO - Filling up the DagBag from /opt/airflow/dags/kafka_load.py
[2026-04-07T17:08:20.975+0000] {processor.py:925} INFO - DAG(s) 'kafka_producer' retrieved from /opt/airflow/dags/kafka_load.py
[2026-04-07T17:08:21.007+0000] {logging_mixin.py:190} INFO - [2026-04-07T17:08:21.007+0000] {dag.py:3239} INFO - Sync 1 DAGs
[2026-04-07T17:08:21.034+0000] {logging_mixin.py:190} INFO - [2026-04-07T17:08:21.033+0000] {dag.py:4180} INFO - Setting next_dagrun for kafka_producer to None, run_after=None
[2026-04-07T17:08:21.065+0000] {processor.py:208} INFO - Processing /opt/airflow/dags/kafka_load.py took 0.135 seconds
[2026-04-07T17:08:51.442+0000] {processor.py:186} INFO - Started process (PID=104) to work on /opt/airflow/dags/kafka_load.py
[2026-04-07T17:08:51.443+0000] {processor.py:914} INFO - Processing file /opt/airflow/dags/kafka_load.py for tasks to queue
[2026-04-07T17:08:51.447+0000] {logging_mixin.py:190} INFO - [2026-04-07T17:08:51.446+0000] {dagbag.py:588} INFO - Filling up the DagBag from /opt/airflow/dags/kafka_load.py
[2026-04-07T17:08:51.480+0000] {processor.py:925} INFO - DAG(s) 'kafka_producer' retrieved from /opt/airflow/dags/kafka_load.py
[2026-04-07T17:08:51.516+0000] {logging_mixin.py:190} INFO - [2026-04-07T17:08:51.515+0000] {dag.py:3239} INFO - Sync 1 DAGs
[2026-04-07T17:08:51.535+0000] {logging_mixin.py:190} INFO - [2026-04-07T17:08:51.534+0000] {dag.py:4180} INFO - Setting next_dagrun for kafka_producer to None, run_after=None
[2026-04-07T17:08:51.561+0000] {processor.py:208} INFO - Processing /opt/airflow/dags/kafka_load.py took 0.128 seconds
[2026-04-07T17:09:21.946+0000] {processor.py:186} INFO - Started process (PID=107) to work on /opt/airflow/dags/kafka_load.py
[2026-04-07T17:09:21.948+0000] {processor.py:914} INFO - Processing file /opt/airflow/dags/kafka_load.py for tasks to queue
[2026-04-07T17:09:21.951+0000] {logging_mixin.py:190} INFO - [2026-04-07T17:09:21.951+0000] {dagbag.py:588} INFO - Filling up the DagBag from /opt/airflow/dags/kafka_load.py
[2026-04-07T17:09:21.987+0000] {processor.py:925} INFO - DAG(s) 'kafka_producer' retrieved from /opt/airflow/dags/kafka_load.py
[2026-04-07T17:09:22.023+0000] {logging_mixin.py:190} INFO - [2026-04-07T17:09:22.023+0000] {dag.py:3239} INFO - Sync 1 DAGs
[2026-04-07T17:09:22.042+0000] {logging_mixin.py:190} INFO - [2026-04-07T17:09:22.042+0000] {dag.py:4180} INFO - Setting next_dagrun for kafka_producer to None, run_after=None
[2026-04-07T17:09:22.068+0000] {processor.py:208} INFO - Processing /opt/airflow/dags/kafka_load.py took 0.129 seconds
[2026-04-07T17:09:52.474+0000] {processor.py:186} INFO - Started process (PID=110) to work on /opt/airflow/dags/kafka_load.py
[2026-04-07T17:09:52.476+0000] {processor.py:914} INFO - Processing file /opt/airflow/dags/kafka_load.py for tasks to queue
[2026-04-07T17:09:52.479+0000] {logging_mixin.py:190} INFO - [2026-04-07T17:09:52.479+0000] {dagbag.py:588} INFO - Filling up the DagBag from /opt/airflow/dags/kafka_load.py
[2026-04-07T17:09:52.521+0000] {processor.py:925} INFO - DAG(s) 'kafka_producer' retrieved from /opt/airflow/dags/kafka_load.py
[2026-04-07T17:09:52.555+0000] {logging_mixin.py:190} INFO - [2026-04-07T17:09:52.555+0000] {dag.py:3239} INFO - Sync 1 DAGs
[2026-04-07T17:09:52.574+0000] {logging_mixin.py:190} INFO - [2026-04-07T17:09:52.574+0000] {dag.py:4180} INFO - Setting next_dagrun for kafka_producer to None, run_after=None
[2026-04-07T17:09:52.600+0000] {processor.py:208} INFO - Processing /opt/airflow/dags/kafka_load.py took 0.134 seconds
[2026-04-07T17:10:22.760+0000] {processor.py:186} INFO - Started process (PID=113) to work on /opt/airflow/dags/kafka_load.py
[2026-04-07T17:10:22.762+0000] {processor.py:914} INFO - Processing file /opt/airflow/dags/kafka_load.py for tasks to queue
[2026-04-07T17:10:22.765+0000] {logging_mixin.py:190} INFO - [2026-04-07T17:10:22.765+0000] {dagbag.py:588} INFO - Filling up the DagBag from /opt/airflow/dags/kafka_load.py
[2026-04-07T17:10:22.798+0000] {processor.py:925} INFO - DAG(s) 'kafka_producer' retrieved from /opt/airflow/dags/kafka_load.py
[2026-04-07T17:10:22.830+0000] {logging_mixin.py:190} INFO - [2026-04-07T17:10:22.830+0000] {dag.py:3239} INFO - Sync 1 DAGs
[2026-04-07T17:10:22.851+0000] {logging_mixin.py:190} INFO - [2026-04-07T17:10:22.851+0000] {dag.py:4180} INFO - Setting next_dagrun for kafka_producer to None, run_after=None
[2026-04-07T17:10:22.880+0000] {processor.py:208} INFO - Processing /opt/airflow/dags/kafka_load.py took 0.127 seconds
[2026-04-07T17:10:53.196+0000] {processor.py:186} INFO - Started process (PID=116) to work on /opt/airflow/dags/kafka_load.py
[2026-04-07T17:10:53.197+0000] {processor.py:914} INFO - Processing file /opt/airflow/dags/kafka_load.py for tasks to queue
[2026-04-07T17:10:53.201+0000] {logging_mixin.py:190} INFO - [2026-04-07T17:10:53.200+0000] {dagbag.py:588} INFO - Filling up the DagBag from /opt/airflow/dags/kafka_load.py
[2026-04-07T17:10:53.230+0000] {processor.py:925} INFO - DAG(s) 'kafka_producer' retrieved from /opt/airflow/dags/kafka_load.py
[2026-04-07T17:10:53.266+0000] {logging_mixin.py:190} INFO - [2026-04-07T17:10:53.266+0000] {dag.py:3239} INFO - Sync 1 DAGs
[2026-04-07T17:10:53.284+0000] {logging_mixin.py:190} INFO - [2026-04-07T17:10:53.283+0000] {dag.py:4180} INFO - Setting next_dagrun for kafka_producer to None, run_after=None
[2026-04-07T17:10:53.306+0000] {processor.py:208} INFO - Processing /opt/airflow/dags/kafka_load.py took 0.119 seconds
[2026-04-07T17:11:23.678+0000] {processor.py:186} INFO - Started process (PID=119) to work on /opt/airflow/dags/kafka_load.py
[2026-04-07T17:11:23.680+0000] {processor.py:914} INFO - Processing file /opt/airflow/dags/kafka_load.py for tasks to queue
[2026-04-07T17:11:23.683+0000] {logging_mixin.py:190} INFO - [2026-04-07T17:11:23.683+0000] {dagbag.py:588} INFO - Filling up the DagBag from /opt/airflow/dags/kafka_load.py
[2026-04-07T17:11:23.711+0000] {processor.py:925} INFO - DAG(s) 'kafka_producer' retrieved from /opt/airflow/dags/kafka_load.py
[2026-04-07T17:11:23.740+0000] {logging_mixin.py:190} INFO - [2026-04-07T17:11:23.740+0000] {dag.py:3239} INFO - Sync 1 DAGs
[2026-04-07T17:11:23.758+0000] {logging_mixin.py:190} INFO - [2026-04-07T17:11:23.758+0000] {dag.py:4180} INFO - Setting next_dagrun for kafka_producer to None, run_after=None
[2026-04-07T17:11:23.783+0000] {processor.py:208} INFO - Processing /opt/airflow/dags/kafka_load.py took 0.113 seconds
[2026-04-07T17:11:54.149+0000] {processor.py:186} INFO - Started process (PID=122) to work on /opt/airflow/dags/kafka_load.py
[2026-04-07T17:11:54.150+0000] {processor.py:914} INFO - Processing file /opt/airflow/dags/kafka_load.py for tasks to queue
[2026-04-07T17:11:54.154+0000] {logging_mixin.py:190} INFO - [2026-04-07T17:11:54.153+0000] {dagbag.py:588} INFO - Filling up the DagBag from /opt/airflow/dags/kafka_load.py
[2026-04-07T17:11:54.187+0000] {processor.py:925} INFO - DAG(s) 'kafka_producer' retrieved from /opt/airflow/dags/kafka_load.py
[2026-04-07T17:11:54.221+0000] {logging_mixin.py:190} INFO - [2026-04-07T17:11:54.220+0000] {dag.py:3239} INFO - Sync 1 DAGs
[2026-04-07T17:11:54.237+0000] {logging_mixin.py:190} INFO - [2026-04-07T17:11:54.237+0000] {dag.py:4180} INFO - Setting next_dagrun for kafka_producer to None, run_after=None
[2026-04-07T17:11:54.263+0000] {processor.py:208} INFO - Processing /opt/airflow/dags/kafka_load.py took 0.122 seconds
[2026-04-07T17:12:24.368+0000] {processor.py:186} INFO - Started process (PID=125) to work on /opt/airflow/dags/kafka_load.py
[2026-04-07T17:12:24.369+0000] {processor.py:914} INFO - Processing file /opt/airflow/dags/kafka_load.py for tasks to queue
[2026-04-07T17:12:24.373+0000] {logging_mixin.py:190} INFO - [2026-04-07T17:12:24.372+0000] {dagbag.py:588} INFO - Filling up the DagBag from /opt/airflow/dags/kafka_load.py
[2026-04-07T17:12:24.399+0000] {processor.py:925} INFO - DAG(s) 'kafka_producer' retrieved from /opt/airflow/dags/kafka_load.py
[2026-04-07T17:12:24.430+0000] {logging_mixin.py:190} INFO - [2026-04-07T17:12:24.430+0000] {dag.py:3239} INFO - Sync 1 DAGs
[2026-04-07T17:12:24.449+0000] {logging_mixin.py:190} INFO - [2026-04-07T17:12:24.449+0000] {dag.py:4180} INFO - Setting next_dagrun for kafka_producer to None, run_after=None
[2026-04-07T17:12:24.474+0000] {processor.py:208} INFO - Processing /opt/airflow/dags/kafka_load.py took 0.120 seconds
[2026-04-07T17:12:54.858+0000] {processor.py:186} INFO - Started process (PID=128) to work on /opt/airflow/dags/kafka_load.py
[2026-04-07T17:12:54.859+0000] {processor.py:914} INFO - Processing file /opt/airflow/dags/kafka_load.py for tasks to queue
[2026-04-07T17:12:54.863+0000] {logging_mixin.py:190} INFO - [2026-04-07T17:12:54.862+0000] {dagbag.py:588} INFO - Filling up the DagBag from /opt/airflow/dags/kafka_load.py
[2026-04-07T17:12:54.892+0000] {processor.py:925} INFO - DAG(s) 'kafka_producer' retrieved from /opt/airflow/dags/kafka_load.py
[2026-04-07T17:12:54.926+0000] {logging_mixin.py:190} INFO - [2026-04-07T17:12:54.925+0000] {dag.py:3239} INFO - Sync 1 DAGs
[2026-04-07T17:12:54.944+0000] {logging_mixin.py:190} INFO - [2026-04-07T17:12:54.944+0000] {dag.py:4180} INFO - Setting next_dagrun for kafka_producer to None, run_after=None
[2026-04-07T17:12:54.969+0000] {processor.py:208} INFO - Processing /opt/airflow/dags/kafka_load.py took 0.120 seconds
[2026-04-07T17:13:25.197+0000] {processor.py:186} INFO - Started process (PID=129) to work on /opt/airflow/dags/kafka_load.py
[2026-04-07T17:13:25.198+0000] {processor.py:914} INFO - Processing file /opt/airflow/dags/kafka_load.py for tasks to queue
[2026-04-07T17:13:25.202+0000] {logging_mixin.py:190} INFO - [2026-04-07T17:13:25.202+0000] {dagbag.py:588} INFO - Filling up the DagBag from /opt/airflow/dags/kafka_load.py
[2026-04-07T17:13:25.242+0000] {processor.py:925} INFO - DAG(s) 'kafka_producer' retrieved from /opt/airflow/dags/kafka_load.py
[2026-04-07T17:13:25.292+0000] {logging_mixin.py:190} INFO - [2026-04-07T17:13:25.291+0000] {dag.py:3239} INFO - Sync 1 DAGs
[2026-04-07T17:13:25.314+0000] {logging_mixin.py:190} INFO - [2026-04-07T17:13:25.313+0000] {dag.py:4180} INFO - Setting next_dagrun for kafka_producer to None, run_after=None
[2026-04-07T17:13:25.349+0000] {processor.py:208} INFO - Processing /opt/airflow/dags/kafka_load.py took 0.161 seconds
[2026-04-07T17:13:55.760+0000] {processor.py:186} INFO - Started process (PID=132) to work on /opt/airflow/dags/kafka_load.py
[2026-04-07T17:13:55.762+0000] {processor.py:914} INFO - Processing file /opt/airflow/dags/kafka_load.py for tasks to queue
[2026-04-07T17:13:55.767+0000] {logging_mixin.py:190} INFO - [2026-04-07T17:13:55.766+0000] {dagbag.py:588} INFO - Filling up the DagBag from /opt/airflow/dags/kafka_load.py
[2026-04-07T17:13:55.798+0000] {processor.py:925} INFO - DAG(s) 'kafka_producer' retrieved from /opt/airflow/dags/kafka_load.py
[2026-04-07T17:13:55.830+0000] {logging_mixin.py:190} INFO - [2026-04-07T17:13:55.830+0000] {dag.py:3239} INFO - Sync 1 DAGs
[2026-04-07T17:13:55.849+0000] {logging_mixin.py:190} INFO - [2026-04-07T17:13:55.849+0000] {dag.py:4180} INFO - Setting next_dagrun for kafka_producer to None, run_after=None
[2026-04-07T17:13:55.878+0000] {processor.py:208} INFO - Processing /opt/airflow/dags/kafka_load.py took 0.125 seconds
[2026-04-07T17:14:26.286+0000] {processor.py:186} INFO - Started process (PID=135) to work on /opt/airflow/dags/kafka_load.py
[2026-04-07T17:14:26.288+0000] {processor.py:914} INFO - Processing file /opt/airflow/dags/kafka_load.py for tasks to queue
[2026-04-07T17:14:26.290+0000] {logging_mixin.py:190} INFO - [2026-04-07T17:14:26.290+0000] {dagbag.py:588} INFO - Filling up the DagBag from /opt/airflow/dags/kafka_load.py
[2026-04-07T17:14:26.314+0000] {processor.py:925} INFO - DAG(s) 'kafka_producer' retrieved from /opt/airflow/dags/kafka_load.py
[2026-04-07T17:14:26.343+0000] {logging_mixin.py:190} INFO - [2026-04-07T17:14:26.343+0000] {dag.py:3239} INFO - Sync 1 DAGs
[2026-04-07T17:14:26.360+0000] {logging_mixin.py:190} INFO - [2026-04-07T17:14:26.360+0000] {dag.py:4180} INFO - Setting next_dagrun for kafka_producer to None, run_after=None
[2026-04-07T17:14:26.383+0000] {processor.py:208} INFO - Processing /opt/airflow/dags/kafka_load.py took 0.105 seconds
[2026-04-07T17:14:56.470+0000] {processor.py:186} INFO - Started process (PID=138) to work on /opt/airflow/dags/kafka_load.py
[2026-04-07T17:14:56.472+0000] {processor.py:914} INFO - Processing file /opt/airflow/dags/kafka_load.py for tasks to queue
[2026-04-07T17:14:56.477+0000] {logging_mixin.py:190} INFO - [2026-04-07T17:14:56.476+0000] {dagbag.py:588} INFO - Filling up the DagBag from /opt/airflow/dags/kafka_load.py
[2026-04-07T17:14:56.509+0000] {processor.py:925} INFO - DAG(s) 'kafka_producer' retrieved from /opt/airflow/dags/kafka_load.py
[2026-04-07T17:14:56.545+0000] {logging_mixin.py:190} INFO - [2026-04-07T17:14:56.545+0000] {dag.py:3239} INFO - Sync 1 DAGs
[2026-04-07T17:14:56.565+0000] {logging_mixin.py:190} INFO - [2026-04-07T17:14:56.565+0000] {dag.py:4180} INFO - Setting next_dagrun for kafka_producer to None, run_after=None
[2026-04-07T17:14:56.592+0000] {processor.py:208} INFO - Processing /opt/airflow/dags/kafka_load.py took 0.133 seconds
[2026-04-07T17:15:26.982+0000] {processor.py:186} INFO - Started process (PID=141) to work on /opt/airflow/dags/kafka_load.py
[2026-04-07T17:15:26.984+0000] {processor.py:914} INFO - Processing file /opt/airflow/dags/kafka_load.py for tasks to queue
[2026-04-07T17:15:26.987+0000] {logging_mixin.py:190} INFO - [2026-04-07T17:15:26.987+0000] {dagbag.py:588} INFO - Filling up the DagBag from /opt/airflow/dags/kafka_load.py
[2026-04-07T17:15:27.028+0000] {processor.py:925} INFO - DAG(s) 'kafka_producer' retrieved from /opt/airflow/dags/kafka_load.py
[2026-04-07T17:15:27.061+0000] {logging_mixin.py:190} INFO - [2026-04-07T17:15:27.061+0000] {dag.py:3239} INFO - Sync 1 DAGs
[2026-04-07T17:15:27.080+0000] {logging_mixin.py:190} INFO - [2026-04-07T17:15:27.079+0000] {dag.py:4180} INFO - Setting next_dagrun for kafka_producer to None, run_after=None
[2026-04-07T17:15:27.106+0000] {processor.py:208} INFO - Processing /opt/airflow/dags/kafka_load.py took 0.132 seconds
[2026-04-07T17:15:57.337+0000] {processor.py:186} INFO - Started process (PID=144) to work on /opt/airflow/dags/kafka_load.py
[2026-04-07T17:15:57.338+0000] {processor.py:914} INFO - Processing file /opt/airflow/dags/kafka_load.py for tasks to queue
[2026-04-07T17:15:57.342+0000] {logging_mixin.py:190} INFO - [2026-04-07T17:15:57.341+0000] {dagbag.py:588} INFO - Filling up the DagBag from /opt/airflow/dags/kafka_load.py
[2026-04-07T17:15:57.373+0000] {processor.py:925} INFO - DAG(s) 'kafka_producer' retrieved from /opt/airflow/dags/kafka_load.py
[2026-04-07T17:15:57.404+0000] {logging_mixin.py:190} INFO - [2026-04-07T17:15:57.403+0000] {dag.py:3239} INFO - Sync 1 DAGs
[2026-04-07T17:15:57.421+0000] {logging_mixin.py:190} INFO - [2026-04-07T17:15:57.420+0000] {dag.py:4180} INFO - Setting next_dagrun for kafka_producer to None, run_after=None
[2026-04-07T17:15:57.446+0000] {processor.py:208} INFO - Processing /opt/airflow/dags/kafka_load.py took 0.118 seconds
[2026-04-07T17:16:27.509+0000] {processor.py:186} INFO - Started process (PID=147) to work on /opt/airflow/dags/kafka_load.py
[2026-04-07T17:16:27.512+0000] {processor.py:914} INFO - Processing file /opt/airflow/dags/kafka_load.py for tasks to queue
[2026-04-07T17:16:27.517+0000] {logging_mixin.py:190} INFO - [2026-04-07T17:16:27.517+0000] {dagbag.py:588} INFO - Filling up the DagBag from /opt/airflow/dags/kafka_load.py
[2026-04-07T17:16:27.551+0000] {processor.py:925} INFO - DAG(s) 'kafka_producer' retrieved from /opt/airflow/dags/kafka_load.py
[2026-04-07T17:16:27.584+0000] {logging_mixin.py:190} INFO - [2026-04-07T17:16:27.584+0000] {dag.py:3239} INFO - Sync 1 DAGs
[2026-04-07T17:16:27.601+0000] {logging_mixin.py:190} INFO - [2026-04-07T17:16:27.601+0000] {dag.py:4180} INFO - Setting next_dagrun for kafka_producer to None, run_after=None
[2026-04-07T17:16:27.627+0000] {processor.py:208} INFO - Processing /opt/airflow/dags/kafka_load.py took 0.126 seconds
[2026-04-07T17:16:58.072+0000] {processor.py:186} INFO - Started process (PID=150) to work on /opt/airflow/dags/kafka_load.py
[2026-04-07T17:16:58.074+0000] {processor.py:914} INFO - Processing file /opt/airflow/dags/kafka_load.py for tasks to queue
[2026-04-07T17:16:58.077+0000] {logging_mixin.py:190} INFO - [2026-04-07T17:16:58.077+0000] {dagbag.py:588} INFO - Filling up the DagBag from /opt/airflow/dags/kafka_load.py
[2026-04-07T17:16:58.110+0000] {processor.py:925} INFO - DAG(s) 'kafka_producer' retrieved from /opt/airflow/dags/kafka_load.py
[2026-04-07T17:16:58.142+0000] {logging_mixin.py:190} INFO - [2026-04-07T17:16:58.142+0000] {dag.py:3239} INFO - Sync 1 DAGs
[2026-04-07T17:16:58.159+0000] {logging_mixin.py:190} INFO - [2026-04-07T17:16:58.159+0000] {dag.py:4180} INFO - Setting next_dagrun for kafka_producer to None, run_after=None
[2026-04-07T17:16:58.185+0000] {processor.py:208} INFO - Processing /opt/airflow/dags/kafka_load.py took 0.120 seconds
[2026-04-07T17:17:28.269+0000] {processor.py:186} INFO - Started process (PID=153) to work on /opt/airflow/dags/kafka_load.py
[2026-04-07T17:17:28.271+0000] {processor.py:914} INFO - Processing file /opt/airflow/dags/kafka_load.py for tasks to queue
[2026-04-07T17:17:28.274+0000] {logging_mixin.py:190} INFO - [2026-04-07T17:17:28.273+0000] {dagbag.py:588} INFO - Filling up the DagBag from /opt/airflow/dags/kafka_load.py
[2026-04-07T17:17:28.308+0000] {processor.py:925} INFO - DAG(s) 'kafka_producer' retrieved from /opt/airflow/dags/kafka_load.py
[2026-04-07T17:17:28.341+0000] {logging_mixin.py:190} INFO - [2026-04-07T17:17:28.341+0000] {dag.py:3239} INFO - Sync 1 DAGs
[2026-04-07T17:17:28.359+0000] {logging_mixin.py:190} INFO - [2026-04-07T17:17:28.359+0000] {dag.py:4180} INFO - Setting next_dagrun for kafka_producer to None, run_after=None
[2026-04-07T17:17:28.385+0000] {processor.py:208} INFO - Processing /opt/airflow/dags/kafka_load.py took 0.124 seconds
[2026-04-07T17:17:58.788+0000] {processor.py:186} INFO - Started process (PID=156) to work on /opt/airflow/dags/kafka_load.py
[2026-04-07T17:17:58.790+0000] {processor.py:914} INFO - Processing file /opt/airflow/dags/kafka_load.py for tasks to queue
[2026-04-07T17:17:58.797+0000] {logging_mixin.py:190} INFO - [2026-04-07T17:17:58.797+0000] {dagbag.py:588} INFO - Filling up the DagBag from /opt/airflow/dags/kafka_load.py
[2026-04-07T17:17:58.833+0000] {processor.py:925} INFO - DAG(s) 'kafka_producer' retrieved from /opt/airflow/dags/kafka_load.py
[2026-04-07T17:17:58.869+0000] {logging_mixin.py:190} INFO - [2026-04-07T17:17:58.869+0000] {dag.py:3239} INFO - Sync 1 DAGs
[2026-04-07T17:17:58.886+0000] {logging_mixin.py:190} INFO - [2026-04-07T17:17:58.886+0000] {dag.py:4180} INFO - Setting next_dagrun for kafka_producer to None, run_after=None
[2026-04-07T17:17:58.908+0000] {processor.py:208} INFO - Processing /opt/airflow/dags/kafka_load.py took 0.129 seconds
[2026-04-07T17:18:29.277+0000] {processor.py:186} INFO - Started process (PID=159) to work on /opt/airflow/dags/kafka_load.py
[2026-04-07T17:18:29.278+0000] {processor.py:914} INFO - Processing file /opt/airflow/dags/kafka_load.py for tasks to queue
[2026-04-07T17:18:29.281+0000] {logging_mixin.py:190} INFO - [2026-04-07T17:18:29.281+0000] {dagbag.py:588} INFO - Filling up the DagBag from /opt/airflow/dags/kafka_load.py
[2026-04-07T17:18:29.311+0000] {processor.py:925} INFO - DAG(s) 'kafka_producer' retrieved from /opt/airflow/dags/kafka_load.py
[2026-04-07T17:18:29.346+0000] {logging_mixin.py:190} INFO - [2026-04-07T17:18:29.346+0000] {dag.py:3239} INFO - Sync 1 DAGs
[2026-04-07T17:18:29.364+0000] {logging_mixin.py:190} INFO - [2026-04-07T17:18:29.364+0000] {dag.py:4180} INFO - Setting next_dagrun for kafka_producer to None, run_after=None
[2026-04-07T17:18:29.388+0000] {processor.py:208} INFO - Processing /opt/airflow/dags/kafka_load.py took 0.121 seconds
[2026-04-07T17:18:59.793+0000] {processor.py:186} INFO - Started process (PID=162) to work on /opt/airflow/dags/kafka_load.py
[2026-04-07T17:18:59.795+0000] {processor.py:914} INFO - Processing file /opt/airflow/dags/kafka_load.py for tasks to queue
[2026-04-07T17:18:59.799+0000] {logging_mixin.py:190} INFO - [2026-04-07T17:18:59.798+0000] {dagbag.py:588} INFO - Filling up the DagBag from /opt/airflow/dags/kafka_load.py
[2026-04-07T17:18:59.826+0000] {processor.py:925} INFO - DAG(s) 'kafka_producer' retrieved from /opt/airflow/dags/kafka_load.py
[2026-04-07T17:18:59.869+0000] {logging_mixin.py:190} INFO - [2026-04-07T17:18:59.869+0000] {dag.py:3239} INFO - Sync 1 DAGs
[2026-04-07T17:18:59.890+0000] {logging_mixin.py:190} INFO - [2026-04-07T17:18:59.890+0000] {dag.py:4180} INFO - Setting next_dagrun for kafka_producer to None, run_after=None
[2026-04-07T17:18:59.915+0000] {processor.py:208} INFO - Processing /opt/airflow/dags/kafka_load.py took 0.130 seconds
[2026-04-07T17:19:30.260+0000] {processor.py:186} INFO - Started process (PID=165) to work on /opt/airflow/dags/kafka_load.py
[2026-04-07T17:19:30.262+0000] {processor.py:914} INFO - Processing file /opt/airflow/dags/kafka_load.py for tasks to queue
[2026-04-07T17:19:30.268+0000] {logging_mixin.py:190} INFO - [2026-04-07T17:19:30.267+0000] {dagbag.py:588} INFO - Filling up the DagBag from /opt/airflow/dags/kafka_load.py
[2026-04-07T17:19:30.310+0000] {processor.py:925} INFO - DAG(s) 'kafka_producer' retrieved from /opt/airflow/dags/kafka_load.py
[2026-04-07T17:19:30.362+0000] {logging_mixin.py:190} INFO - [2026-04-07T17:19:30.362+0000] {dag.py:3239} INFO - Sync 1 DAGs
[2026-04-07T17:19:30.383+0000] {logging_mixin.py:190} INFO - [2026-04-07T17:19:30.383+0000] {dag.py:4180} INFO - Setting next_dagrun for kafka_producer to None, run_after=None
[2026-04-07T17:19:30.411+0000] {processor.py:208} INFO - Processing /opt/airflow/dags/kafka_load.py took 0.161 seconds
[2026-04-07T17:20:00.799+0000] {processor.py:186} INFO - Started process (PID=168) to work on /opt/airflow/dags/kafka_load.py
[2026-04-07T17:20:00.800+0000] {processor.py:914} INFO - Processing file /opt/airflow/dags/kafka_load.py for tasks to queue
[2026-04-07T17:20:00.805+0000] {logging_mixin.py:190} INFO - [2026-04-07T17:20:00.805+0000] {dagbag.py:588} INFO - Filling up the DagBag from /opt/airflow/dags/kafka_load.py
[2026-04-07T17:20:00.841+0000] {processor.py:925} INFO - DAG(s) 'kafka_producer' retrieved from /opt/airflow/dags/kafka_load.py
[2026-04-07T17:20:00.878+0000] {logging_mixin.py:190} INFO - [2026-04-07T17:20:00.878+0000] {dag.py:3239} INFO - Sync 1 DAGs
[2026-04-07T17:20:00.895+0000] {logging_mixin.py:190} INFO - [2026-04-07T17:20:00.895+0000] {dag.py:4180} INFO - Setting next_dagrun for kafka_producer to None, run_after=None
[2026-04-07T17:20:00.921+0000] {processor.py:208} INFO - Processing /opt/airflow/dags/kafka_load.py took 0.130 seconds
[2026-04-07T17:20:31.290+0000] {processor.py:186} INFO - Started process (PID=171) to work on /opt/airflow/dags/kafka_load.py
[2026-04-07T17:20:31.291+0000] {processor.py:914} INFO - Processing file /opt/airflow/dags/kafka_load.py for tasks to queue
[2026-04-07T17:20:31.294+0000] {logging_mixin.py:190} INFO - [2026-04-07T17:20:31.294+0000] {dagbag.py:588} INFO - Filling up the DagBag from /opt/airflow/dags/kafka_load.py
[2026-04-07T17:20:31.323+0000] {processor.py:925} INFO - DAG(s) 'kafka_producer' retrieved from /opt/airflow/dags/kafka_load.py
[2026-04-07T17:20:31.356+0000] {logging_mixin.py:190} INFO - [2026-04-07T17:20:31.356+0000] {dag.py:3239} INFO - Sync 1 DAGs
[2026-04-07T17:20:31.376+0000] {logging_mixin.py:190} INFO - [2026-04-07T17:20:31.375+0000] {dag.py:4180} INFO - Setting next_dagrun for kafka_producer to None, run_after=None
[2026-04-07T17:20:31.400+0000] {processor.py:208} INFO - Processing /opt/airflow/dags/kafka_load.py took 0.120 seconds
[2026-04-07T17:21:01.845+0000] {processor.py:186} INFO - Started process (PID=174) to work on /opt/airflow/dags/kafka_load.py
[2026-04-07T17:21:01.846+0000] {processor.py:914} INFO - Processing file /opt/airflow/dags/kafka_load.py for tasks to queue
[2026-04-07T17:21:01.850+0000] {logging_mixin.py:190} INFO - [2026-04-07T17:21:01.849+0000] {dagbag.py:588} INFO - Filling up the DagBag from /opt/airflow/dags/kafka_load.py
[2026-04-07T17:21:01.887+0000] {processor.py:925} INFO - DAG(s) 'kafka_producer' retrieved from /opt/airflow/dags/kafka_load.py
[2026-04-07T17:21:01.922+0000] {logging_mixin.py:190} INFO - [2026-04-07T17:21:01.922+0000] {dag.py:3239} INFO - Sync 1 DAGs
[2026-04-07T17:21:01.942+0000] {logging_mixin.py:190} INFO - [2026-04-07T17:21:01.942+0000] {dag.py:4180} INFO - Setting next_dagrun for kafka_producer to None, run_after=None
[2026-04-07T17:21:01.968+0000] {processor.py:208} INFO - Processing /opt/airflow/dags/kafka_load.py took 0.132 seconds
[2026-04-07T17:21:32.044+0000] {processor.py:186} INFO - Started process (PID=177) to work on /opt/airflow/dags/kafka_load.py
[2026-04-07T17:21:32.046+0000] {processor.py:914} INFO - Processing file /opt/airflow/dags/kafka_load.py for tasks to queue
[2026-04-07T17:21:32.049+0000] {logging_mixin.py:190} INFO - [2026-04-07T17:21:32.049+0000] {dagbag.py:588} INFO - Filling up the DagBag from /opt/airflow/dags/kafka_load.py
[2026-04-07T17:21:32.081+0000] {processor.py:925} INFO - DAG(s) 'kafka_producer' retrieved from /opt/airflow/dags/kafka_load.py
[2026-04-07T17:21:32.115+0000] {logging_mixin.py:190} INFO - [2026-04-07T17:21:32.115+0000] {dag.py:3239} INFO - Sync 1 DAGs
[2026-04-07T17:21:32.133+0000] {logging_mixin.py:190} INFO - [2026-04-07T17:21:32.133+0000] {dag.py:4180} INFO - Setting next_dagrun for kafka_producer to None, run_after=None
[2026-04-07T17:21:32.170+0000] {processor.py:208} INFO - Processing /opt/airflow/dags/kafka_load.py took 0.136 seconds
[2026-04-07T17:22:02.579+0000] {processor.py:186} INFO - Started process (PID=180) to work on /opt/airflow/dags/kafka_load.py
[2026-04-07T17:22:02.580+0000] {processor.py:914} INFO - Processing file /opt/airflow/dags/kafka_load.py for tasks to queue
[2026-04-07T17:22:02.583+0000] {logging_mixin.py:190} INFO - [2026-04-07T17:22:02.583+0000] {dagbag.py:588} INFO - Filling up the DagBag from /opt/airflow/dags/kafka_load.py
[2026-04-07T17:22:02.614+0000] {processor.py:925} INFO - DAG(s) 'kafka_producer' retrieved from /opt/airflow/dags/kafka_load.py
[2026-04-07T17:22:02.648+0000] {logging_mixin.py:190} INFO - [2026-04-07T17:22:02.647+0000] {dag.py:3239} INFO - Sync 1 DAGs
[2026-04-07T17:22:03.102+0000] {logging_mixin.py:190} INFO - [2026-04-07T17:22:03.102+0000] {dag.py:4180} INFO - Setting next_dagrun for kafka_producer to None, run_after=None
[2026-04-07T17:22:03.840+0000] {processor.py:208} INFO - Processing /opt/airflow/dags/kafka_load.py took 1.269 seconds
[2026-04-07T17:22:33.918+0000] {processor.py:186} INFO - Started process (PID=183) to work on /opt/airflow/dags/kafka_load.py
[2026-04-07T17:22:33.919+0000] {processor.py:914} INFO - Processing file /opt/airflow/dags/kafka_load.py for tasks to queue
[2026-04-07T17:22:33.923+0000] {logging_mixin.py:190} INFO - [2026-04-07T17:22:33.922+0000] {dagbag.py:588} INFO - Filling up the DagBag from /opt/airflow/dags/kafka_load.py
[2026-04-07T17:22:33.956+0000] {processor.py:925} INFO - DAG(s) 'kafka_producer' retrieved from /opt/airflow/dags/kafka_load.py
[2026-04-07T17:22:33.993+0000] {logging_mixin.py:190} INFO - [2026-04-07T17:22:33.993+0000] {dag.py:3239} INFO - Sync 1 DAGs
[2026-04-07T17:22:34.011+0000] {logging_mixin.py:190} INFO - [2026-04-07T17:22:34.011+0000] {dag.py:4180} INFO - Setting next_dagrun for kafka_producer to None, run_after=None
[2026-04-07T17:22:34.038+0000] {processor.py:208} INFO - Processing /opt/airflow/dags/kafka_load.py took 0.129 seconds
[2026-04-07T17:23:04.131+0000] {processor.py:186} INFO - Started process (PID=186) to work on /opt/airflow/dags/kafka_load.py
[2026-04-07T17:23:04.132+0000] {processor.py:914} INFO - Processing file /opt/airflow/dags/kafka_load.py for tasks to queue
[2026-04-07T17:23:04.135+0000] {logging_mixin.py:190} INFO - [2026-04-07T17:23:04.135+0000] {dagbag.py:588} INFO - Filling up the DagBag from /opt/airflow/dags/kafka_load.py
[2026-04-07T17:23:04.169+0000] {processor.py:925} INFO - DAG(s) 'kafka_producer' retrieved from /opt/airflow/dags/kafka_load.py
[2026-04-07T17:23:04.200+0000] {logging_mixin.py:190} INFO - [2026-04-07T17:23:04.200+0000] {dag.py:3239} INFO - Sync 1 DAGs
[2026-04-07T17:23:04.218+0000] {logging_mixin.py:190} INFO - [2026-04-07T17:23:04.218+0000] {dag.py:4180} INFO - Setting next_dagrun for kafka_producer to None, run_after=None
[2026-04-07T17:23:04.246+0000] {processor.py:208} INFO - Processing /opt/airflow/dags/kafka_load.py took 0.123 seconds
[2026-04-07T17:23:34.433+0000] {processor.py:186} INFO - Started process (PID=189) to work on /opt/airflow/dags/kafka_load.py
[2026-04-07T17:23:34.434+0000] {processor.py:914} INFO - Processing file /opt/airflow/dags/kafka_load.py for tasks to queue
[2026-04-07T17:23:34.437+0000] {logging_mixin.py:190} INFO - [2026-04-07T17:23:34.437+0000] {dagbag.py:588} INFO - Filling up the DagBag from /opt/airflow/dags/kafka_load.py
[2026-04-07T17:23:34.463+0000] {processor.py:925} INFO - DAG(s) 'kafka_producer' retrieved from /opt/airflow/dags/kafka_load.py
[2026-04-07T17:23:34.492+0000] {logging_mixin.py:190} INFO - [2026-04-07T17:23:34.491+0000] {dag.py:3239} INFO - Sync 1 DAGs
[2026-04-07T17:23:34.510+0000] {logging_mixin.py:190} INFO - [2026-04-07T17:23:34.509+0000] {dag.py:4180} INFO - Setting next_dagrun for kafka_producer to None, run_after=None
[2026-04-07T17:23:34.533+0000] {processor.py:208} INFO - Processing /opt/airflow/dags/kafka_load.py took 0.109 seconds
[2026-04-07T17:24:04.597+0000] {processor.py:186} INFO - Started process (PID=192) to work on /opt/airflow/dags/kafka_load.py
[2026-04-07T17:24:04.599+0000] {processor.py:914} INFO - Processing file /opt/airflow/dags/kafka_load.py for tasks to queue
[2026-04-07T17:24:04.603+0000] {logging_mixin.py:190} INFO - [2026-04-07T17:24:04.602+0000] {dagbag.py:588} INFO - Filling up the DagBag from /opt/airflow/dags/kafka_load.py
[2026-04-07T17:24:04.633+0000] {processor.py:925} INFO - DAG(s) 'kafka_producer' retrieved from /opt/airflow/dags/kafka_load.py
[2026-04-07T17:24:04.665+0000] {logging_mixin.py:190} INFO - [2026-04-07T17:24:04.665+0000] {dag.py:3239} INFO - Sync 1 DAGs
[2026-04-07T17:24:04.684+0000] {logging_mixin.py:190} INFO - [2026-04-07T17:24:04.684+0000] {dag.py:4180} INFO - Setting next_dagrun for kafka_producer to None, run_after=None
[2026-04-07T17:24:04.709+0000] {processor.py:208} INFO - Processing /opt/airflow/dags/kafka_load.py took 0.120 seconds
[2026-04-07T17:24:35.149+0000] {processor.py:186} INFO - Started process (PID=195) to work on /opt/airflow/dags/kafka_load.py
[2026-04-07T17:24:35.151+0000] {processor.py:914} INFO - Processing file /opt/airflow/dags/kafka_load.py for tasks to queue
[2026-04-07T17:24:35.154+0000] {logging_mixin.py:190} INFO - [2026-04-07T17:24:35.154+0000] {dagbag.py:588} INFO - Filling up the DagBag from /opt/airflow/dags/kafka_load.py
[2026-04-07T17:24:35.188+0000] {processor.py:925} INFO - DAG(s) 'kafka_producer' retrieved from /opt/airflow/dags/kafka_load.py
[2026-04-07T17:24:35.221+0000] {logging_mixin.py:190} INFO - [2026-04-07T17:24:35.220+0000] {dag.py:3239} INFO - Sync 1 DAGs
[2026-04-07T17:24:35.238+0000] {logging_mixin.py:190} INFO - [2026-04-07T17:24:35.238+0000] {dag.py:4180} INFO - Setting next_dagrun for kafka_producer to None, run_after=None
[2026-04-07T17:24:35.265+0000] {processor.py:208} INFO - Processing /opt/airflow/dags/kafka_load.py took 0.124 seconds
[2026-04-07T17:25:05.654+0000] {processor.py:186} INFO - Started process (PID=198) to work on /opt/airflow/dags/kafka_load.py
[2026-04-07T17:25:05.656+0000] {processor.py:914} INFO - Processing file /opt/airflow/dags/kafka_load.py for tasks to queue
[2026-04-07T17:25:05.664+0000] {logging_mixin.py:190} INFO - [2026-04-07T17:25:05.663+0000] {dagbag.py:588} INFO - Filling up the DagBag from /opt/airflow/dags/kafka_load.py
[2026-04-07T17:25:05.693+0000] {processor.py:925} INFO - DAG(s) 'kafka_producer' retrieved from /opt/airflow/dags/kafka_load.py
[2026-04-07T17:25:05.729+0000] {logging_mixin.py:190} INFO - [2026-04-07T17:25:05.728+0000] {dag.py:3239} INFO - Sync 1 DAGs
[2026-04-07T17:25:05.746+0000] {logging_mixin.py:190} INFO - [2026-04-07T17:25:05.746+0000] {dag.py:4180} INFO - Setting next_dagrun for kafka_producer to None, run_after=None
[2026-04-07T17:25:05.776+0000] {processor.py:208} INFO - Processing /opt/airflow/dags/kafka_load.py took 0.134 seconds
[2026-04-07T17:25:36.124+0000] {processor.py:186} INFO - Started process (PID=201) to work on /opt/airflow/dags/kafka_load.py
[2026-04-07T17:25:36.125+0000] {processor.py:914} INFO - Processing file /opt/airflow/dags/kafka_load.py for tasks to queue
[2026-04-07T17:25:36.129+0000] {logging_mixin.py:190} INFO - [2026-04-07T17:25:36.129+0000] {dagbag.py:588} INFO - Filling up the DagBag from /opt/airflow/dags/kafka_load.py
[2026-04-07T17:25:36.166+0000] {processor.py:925} INFO - DAG(s) 'kafka_producer' retrieved from /opt/airflow/dags/kafka_load.py
[2026-04-07T17:25:36.197+0000] {logging_mixin.py:190} INFO - [2026-04-07T17:25:36.197+0000] {dag.py:3239} INFO - Sync 1 DAGs
[2026-04-07T17:25:36.216+0000] {logging_mixin.py:190} INFO - [2026-04-07T17:25:36.216+0000] {dag.py:4180} INFO - Setting next_dagrun for kafka_producer to None, run_after=None
[2026-04-07T17:25:36.239+0000] {processor.py:208} INFO - Processing /opt/airflow/dags/kafka_load.py took 0.124 seconds
[2026-04-07T17:26:06.570+0000] {processor.py:186} INFO - Started process (PID=204) to work on /opt/airflow/dags/kafka_load.py
[2026-04-07T17:26:06.572+0000] {processor.py:914} INFO - Processing file /opt/airflow/dags/kafka_load.py for tasks to queue
[2026-04-07T17:26:06.576+0000] {logging_mixin.py:190} INFO - [2026-04-07T17:26:06.575+0000] {dagbag.py:588} INFO - Filling up the DagBag from /opt/airflow/dags/kafka_load.py
[2026-04-07T17:26:06.615+0000] {processor.py:925} INFO - DAG(s) 'kafka_producer' retrieved from /opt/airflow/dags/kafka_load.py
[2026-04-07T17:26:06.648+0000] {logging_mixin.py:190} INFO - [2026-04-07T17:26:06.648+0000] {dag.py:3239} INFO - Sync 1 DAGs
[2026-04-07T17:26:06.665+0000] {logging_mixin.py:190} INFO - [2026-04-07T17:26:06.665+0000] {dag.py:4180} INFO - Setting next_dagrun for kafka_producer to None, run_after=None
[2026-04-07T17:26:06.688+0000] {processor.py:208} INFO - Processing /opt/airflow/dags/kafka_load.py took 0.128 seconds
[2026-04-07T17:26:37.134+0000] {processor.py:186} INFO - Started process (PID=207) to work on /opt/airflow/dags/kafka_load.py
[2026-04-07T17:26:37.135+0000] {processor.py:914} INFO - Processing file /opt/airflow/dags/kafka_load.py for tasks to queue
[2026-04-07T17:26:37.140+0000] {logging_mixin.py:190} INFO - [2026-04-07T17:26:37.140+0000] {dagbag.py:588} INFO - Filling up the DagBag from /opt/airflow/dags/kafka_load.py
[2026-04-07T17:26:37.174+0000] {processor.py:925} INFO - DAG(s) 'kafka_producer' retrieved from /opt/airflow/dags/kafka_load.py
[2026-04-07T17:26:37.208+0000] {logging_mixin.py:190} INFO - [2026-04-07T17:26:37.208+0000] {dag.py:3239} INFO - Sync 1 DAGs
[2026-04-07T17:26:37.227+0000] {logging_mixin.py:190} INFO - [2026-04-07T17:26:37.227+0000] {dag.py:4180} INFO - Setting next_dagrun for kafka_producer to None, run_after=None
[2026-04-07T17:26:37.257+0000] {processor.py:208} INFO - Processing /opt/airflow/dags/kafka_load.py took 0.133 seconds
[2026-04-07T17:27:07.323+0000] {processor.py:186} INFO - Started process (PID=210) to work on /opt/airflow/dags/kafka_load.py
[2026-04-07T17:27:07.324+0000] {processor.py:914} INFO - Processing file /opt/airflow/dags/kafka_load.py for tasks to queue
[2026-04-07T17:27:07.328+0000] {logging_mixin.py:190} INFO - [2026-04-07T17:27:07.328+0000] {dagbag.py:588} INFO - Filling up the DagBag from /opt/airflow/dags/kafka_load.py
[2026-04-07T17:27:07.356+0000] {processor.py:925} INFO - DAG(s) 'kafka_producer' retrieved from /opt/airflow/dags/kafka_load.py
[2026-04-07T17:27:07.390+0000] {logging_mixin.py:190} INFO - [2026-04-07T17:27:07.390+0000] {dag.py:3239} INFO - Sync 1 DAGs
[2026-04-07T17:27:07.409+0000] {logging_mixin.py:190} INFO - [2026-04-07T17:27:07.409+0000] {dag.py:4180} INFO - Setting next_dagrun for kafka_producer to None, run_after=None
[2026-04-07T17:27:07.435+0000] {processor.py:208} INFO - Processing /opt/airflow/dags/kafka_load.py took 0.120 seconds
[2026-04-07T17:27:37.871+0000] {processor.py:186} INFO - Started process (PID=213) to work on /opt/airflow/dags/kafka_load.py
[2026-04-07T17:27:37.873+0000] {processor.py:914} INFO - Processing file /opt/airflow/dags/kafka_load.py for tasks to queue
[2026-04-07T17:27:37.876+0000] {logging_mixin.py:190} INFO - [2026-04-07T17:27:37.875+0000] {dagbag.py:588} INFO - Filling up the DagBag from /opt/airflow/dags/kafka_load.py
[2026-04-07T17:27:37.910+0000] {processor.py:925} INFO - DAG(s) 'kafka_producer' retrieved from /opt/airflow/dags/kafka_load.py
[2026-04-07T17:27:37.943+0000] {logging_mixin.py:190} INFO - [2026-04-07T17:27:37.943+0000] {dag.py:3239} INFO - Sync 1 DAGs
[2026-04-07T17:27:37.962+0000] {logging_mixin.py:190} INFO - [2026-04-07T17:27:37.962+0000] {dag.py:4180} INFO - Setting next_dagrun for kafka_producer to None, run_after=None
[2026-04-07T17:27:37.988+0000] {processor.py:208} INFO - Processing /opt/airflow/dags/kafka_load.py took 0.125 seconds
[2026-04-07T17:28:08.352+0000] {processor.py:186} INFO - Started process (PID=216) to work on /opt/airflow/dags/kafka_load.py
[2026-04-07T17:28:08.354+0000] {processor.py:914} INFO - Processing file /opt/airflow/dags/kafka_load.py for tasks to queue
[2026-04-07T17:28:08.359+0000] {logging_mixin.py:190} INFO - [2026-04-07T17:28:08.358+0000] {dagbag.py:588} INFO - Filling up the DagBag from /opt/airflow/dags/kafka_load.py
[2026-04-07T17:28:08.390+0000] {processor.py:925} INFO - DAG(s) 'kafka_producer' retrieved from /opt/airflow/dags/kafka_load.py
[2026-04-07T17:28:08.427+0000] {logging_mixin.py:190} INFO - [2026-04-07T17:28:08.427+0000] {dag.py:3239} INFO - Sync 1 DAGs
[2026-04-07T17:28:08.446+0000] {logging_mixin.py:190} INFO - [2026-04-07T17:28:08.446+0000] {dag.py:4180} INFO - Setting next_dagrun for kafka_producer to None, run_after=None
[2026-04-07T17:28:08.473+0000] {processor.py:208} INFO - Processing /opt/airflow/dags/kafka_load.py took 0.131 seconds
[2026-04-07T17:28:38.865+0000] {processor.py:186} INFO - Started process (PID=219) to work on /opt/airflow/dags/kafka_load.py
[2026-04-07T17:28:38.868+0000] {processor.py:914} INFO - Processing file /opt/airflow/dags/kafka_load.py for tasks to queue
[2026-04-07T17:28:38.872+0000] {logging_mixin.py:190} INFO - [2026-04-07T17:28:38.871+0000] {dagbag.py:588} INFO - Filling up the DagBag from /opt/airflow/dags/kafka_load.py
[2026-04-07T17:28:38.903+0000] {processor.py:925} INFO - DAG(s) 'kafka_producer' retrieved from /opt/airflow/dags/kafka_load.py
[2026-04-07T17:28:38.939+0000] {logging_mixin.py:190} INFO - [2026-04-07T17:28:38.938+0000] {dag.py:3239} INFO - Sync 1 DAGs
[2026-04-07T17:28:38.956+0000] {logging_mixin.py:190} INFO - [2026-04-07T17:28:38.956+0000] {dag.py:4180} INFO - Setting next_dagrun for kafka_producer to None, run_after=None
[2026-04-07T17:28:38.982+0000] {processor.py:208} INFO - Processing /opt/airflow/dags/kafka_load.py took 0.126 seconds
[2026-04-07T17:29:09.360+0000] {processor.py:186} INFO - Started process (PID=222) to work on /opt/airflow/dags/kafka_load.py
[2026-04-07T17:29:09.361+0000] {processor.py:914} INFO - Processing file /opt/airflow/dags/kafka_load.py for tasks to queue
[2026-04-07T17:29:09.365+0000] {logging_mixin.py:190} INFO - [2026-04-07T17:29:09.364+0000] {dagbag.py:588} INFO - Filling up the DagBag from /opt/airflow/dags/kafka_load.py
[2026-04-07T17:29:09.393+0000] {processor.py:925} INFO - DAG(s) 'kafka_producer' retrieved from /opt/airflow/dags/kafka_load.py
[2026-04-07T17:29:09.426+0000] {logging_mixin.py:190} INFO - [2026-04-07T17:29:09.426+0000] {dag.py:3239} INFO - Sync 1 DAGs
[2026-04-07T17:29:09.447+0000] {logging_mixin.py:190} INFO - [2026-04-07T17:29:09.447+0000] {dag.py:4180} INFO - Setting next_dagrun for kafka_producer to None, run_after=None
[2026-04-07T17:29:09.480+0000] {processor.py:208} INFO - Processing /opt/airflow/dags/kafka_load.py took 0.131 seconds
[2026-04-07T17:29:39.800+0000] {processor.py:186} INFO - Started process (PID=225) to work on /opt/airflow/dags/kafka_load.py
[2026-04-07T17:29:39.802+0000] {processor.py:914} INFO - Processing file /opt/airflow/dags/kafka_load.py for tasks to queue
[2026-04-07T17:29:39.805+0000] {logging_mixin.py:190} INFO - [2026-04-07T17:29:39.805+0000] {dagbag.py:588} INFO - Filling up the DagBag from /opt/airflow/dags/kafka_load.py
[2026-04-07T17:29:39.832+0000] {processor.py:925} INFO - DAG(s) 'kafka_producer' retrieved from /opt/airflow/dags/kafka_load.py
[2026-04-07T17:29:39.864+0000] {logging_mixin.py:190} INFO - [2026-04-07T17:29:39.864+0000] {dag.py:3239} INFO - Sync 1 DAGs
[2026-04-07T17:29:39.883+0000] {logging_mixin.py:190} INFO - [2026-04-07T17:29:39.882+0000] {dag.py:4180} INFO - Setting next_dagrun for kafka_producer to None, run_after=None
[2026-04-07T17:29:39.906+0000] {processor.py:208} INFO - Processing /opt/airflow/dags/kafka_load.py took 0.116 seconds
[2026-04-07T17:30:10.276+0000] {processor.py:186} INFO - Started process (PID=228) to work on /opt/airflow/dags/kafka_load.py
[2026-04-07T17:30:10.278+0000] {processor.py:914} INFO - Processing file /opt/airflow/dags/kafka_load.py for tasks to queue
[2026-04-07T17:30:10.282+0000] {logging_mixin.py:190} INFO - [2026-04-07T17:30:10.282+0000] {dagbag.py:588} INFO - Filling up the DagBag from /opt/airflow/dags/kafka_load.py
[2026-04-07T17:30:10.320+0000] {processor.py:925} INFO - DAG(s) 'kafka_producer' retrieved from /opt/airflow/dags/kafka_load.py
[2026-04-07T17:30:10.356+0000] {logging_mixin.py:190} INFO - [2026-04-07T17:30:10.356+0000] {dag.py:3239} INFO - Sync 1 DAGs
[2026-04-07T17:30:10.378+0000] {logging_mixin.py:190} INFO - [2026-04-07T17:30:10.378+0000] {dag.py:4180} INFO - Setting next_dagrun for kafka_producer to None, run_after=None
[2026-04-07T17:30:10.415+0000] {processor.py:208} INFO - Processing /opt/airflow/dags/kafka_load.py took 0.151 seconds
[2026-04-07T17:30:40.727+0000] {processor.py:186} INFO - Started process (PID=231) to work on /opt/airflow/dags/kafka_load.py
[2026-04-07T17:30:40.729+0000] {processor.py:914} INFO - Processing file /opt/airflow/dags/kafka_load.py for tasks to queue
[2026-04-07T17:30:40.733+0000] {logging_mixin.py:190} INFO - [2026-04-07T17:30:40.733+0000] {dagbag.py:588} INFO - Filling up the DagBag from /opt/airflow/dags/kafka_load.py
[2026-04-07T17:30:40.764+0000] {processor.py:925} INFO - DAG(s) 'kafka_producer' retrieved from /opt/airflow/dags/kafka_load.py
[2026-04-07T17:30:40.805+0000] {logging_mixin.py:190} INFO - [2026-04-07T17:30:40.804+0000] {dag.py:3239} INFO - Sync 1 DAGs
[2026-04-07T17:30:40.822+0000] {logging_mixin.py:190} INFO - [2026-04-07T17:30:40.822+0000] {dag.py:4180} INFO - Setting next_dagrun for kafka_producer to None, run_after=None
[2026-04-07T17:30:40.855+0000] {processor.py:208} INFO - Processing /opt/airflow/dags/kafka_load.py took 0.138 seconds
[2026-04-07T17:31:10.966+0000] {processor.py:186} INFO - Started process (PID=234) to work on /opt/airflow/dags/kafka_load.py
[2026-04-07T17:31:10.967+0000] {processor.py:914} INFO - Processing file /opt/airflow/dags/kafka_load.py for tasks to queue
[2026-04-07T17:31:10.970+0000] {logging_mixin.py:190} INFO - [2026-04-07T17:31:10.970+0000] {dagbag.py:588} INFO - Filling up the DagBag from /opt/airflow/dags/kafka_load.py
[2026-04-07T17:31:11.000+0000] {processor.py:925} INFO - DAG(s) 'kafka_producer' retrieved from /opt/airflow/dags/kafka_load.py
[2026-04-07T17:31:11.033+0000] {logging_mixin.py:190} INFO - [2026-04-07T17:31:11.033+0000] {dag.py:3239} INFO - Sync 1 DAGs
[2026-04-07T17:31:11.050+0000] {logging_mixin.py:190} INFO - [2026-04-07T17:31:11.050+0000] {dag.py:4180} INFO - Setting next_dagrun for kafka_producer to None, run_after=None
[2026-04-07T17:31:11.077+0000] {processor.py:208} INFO - Processing /opt/airflow/dags/kafka_load.py took 0.120 seconds
[2026-04-07T17:31:41.468+0000] {processor.py:186} INFO - Started process (PID=237) to work on /opt/airflow/dags/kafka_load.py
[2026-04-07T17:31:41.470+0000] {processor.py:914} INFO - Processing file /opt/airflow/dags/kafka_load.py for tasks to queue
[2026-04-07T17:31:41.475+0000] {logging_mixin.py:190} INFO - [2026-04-07T17:31:41.474+0000] {dagbag.py:588} INFO - Filling up the DagBag from /opt/airflow/dags/kafka_load.py
[2026-04-07T17:31:41.519+0000] {processor.py:925} INFO - DAG(s) 'kafka_producer' retrieved from /opt/airflow/dags/kafka_load.py
[2026-04-07T17:31:41.552+0000] {logging_mixin.py:190} INFO - [2026-04-07T17:31:41.552+0000] {dag.py:3239} INFO - Sync 1 DAGs
[2026-04-07T17:31:41.571+0000] {logging_mixin.py:190} INFO - [2026-04-07T17:31:41.570+0000] {dag.py:4180} INFO - Setting next_dagrun for kafka_producer to None, run_after=None
[2026-04-07T17:31:41.597+0000] {processor.py:208} INFO - Processing /opt/airflow/dags/kafka_load.py took 0.147 seconds
[2026-04-07T17:32:11.782+0000] {processor.py:186} INFO - Started process (PID=238) to work on /opt/airflow/dags/kafka_load.py
[2026-04-07T17:32:11.784+0000] {processor.py:914} INFO - Processing file /opt/airflow/dags/kafka_load.py for tasks to queue
[2026-04-07T17:32:11.788+0000] {logging_mixin.py:190} INFO - [2026-04-07T17:32:11.788+0000] {dagbag.py:588} INFO - Filling up the DagBag from /opt/airflow/dags/kafka_load.py
[2026-04-07T17:32:11.831+0000] {processor.py:925} INFO - DAG(s) 'kafka_producer' retrieved from /opt/airflow/dags/kafka_load.py
[2026-04-07T17:32:11.865+0000] {logging_mixin.py:190} INFO - [2026-04-07T17:32:11.865+0000] {dag.py:3239} INFO - Sync 1 DAGs
[2026-04-07T17:32:11.884+0000] {logging_mixin.py:190} INFO - [2026-04-07T17:32:11.884+0000] {dag.py:4180} INFO - Setting next_dagrun for kafka_producer to None, run_after=None
[2026-04-07T17:32:11.911+0000] {processor.py:208} INFO - Processing /opt/airflow/dags/kafka_load.py took 0.138 seconds
[2026-04-07T17:32:42.325+0000] {processor.py:186} INFO - Started process (PID=241) to work on /opt/airflow/dags/kafka_load.py
[2026-04-07T17:32:42.328+0000] {processor.py:914} INFO - Processing file /opt/airflow/dags/kafka_load.py for tasks to queue
[2026-04-07T17:32:42.332+0000] {logging_mixin.py:190} INFO - [2026-04-07T17:32:42.331+0000] {dagbag.py:588} INFO - Filling up the DagBag from /opt/airflow/dags/kafka_load.py
[2026-04-07T17:32:42.369+0000] {processor.py:925} INFO - DAG(s) 'kafka_producer' retrieved from /opt/airflow/dags/kafka_load.py
[2026-04-07T17:32:42.411+0000] {logging_mixin.py:190} INFO - [2026-04-07T17:32:42.411+0000] {dag.py:3239} INFO - Sync 1 DAGs
[2026-04-07T17:32:42.434+0000] {logging_mixin.py:190} INFO - [2026-04-07T17:32:42.434+0000] {dag.py:4180} INFO - Setting next_dagrun for kafka_producer to None, run_after=None
[2026-04-07T17:32:42.466+0000] {processor.py:208} INFO - Processing /opt/airflow/dags/kafka_load.py took 0.151 seconds
[2026-04-07T17:33:12.788+0000] {processor.py:186} INFO - Started process (PID=244) to work on /opt/airflow/dags/kafka_load.py
[2026-04-07T17:33:12.790+0000] {processor.py:914} INFO - Processing file /opt/airflow/dags/kafka_load.py for tasks to queue
[2026-04-07T17:33:12.793+0000] {logging_mixin.py:190} INFO - [2026-04-07T17:33:12.793+0000] {dagbag.py:588} INFO - Filling up the DagBag from /opt/airflow/dags/kafka_load.py
[2026-04-07T17:33:12.828+0000] {processor.py:925} INFO - DAG(s) 'kafka_producer' retrieved from /opt/airflow/dags/kafka_load.py
[2026-04-07T17:33:12.862+0000] {logging_mixin.py:190} INFO - [2026-04-07T17:33:12.861+0000] {dag.py:3239} INFO - Sync 1 DAGs
[2026-04-07T17:33:12.878+0000] {logging_mixin.py:190} INFO - [2026-04-07T17:33:12.878+0000] {dag.py:4180} INFO - Setting next_dagrun for kafka_producer to None, run_after=None
[2026-04-07T17:33:12.907+0000] {processor.py:208} INFO - Processing /opt/airflow/dags/kafka_load.py took 0.126 seconds
[2026-04-07T17:33:43.230+0000] {processor.py:186} INFO - Started process (PID=247) to work on /opt/airflow/dags/kafka_load.py
[2026-04-07T17:33:43.233+0000] {processor.py:914} INFO - Processing file /opt/airflow/dags/kafka_load.py for tasks to queue
[2026-04-07T17:33:43.236+0000] {logging_mixin.py:190} INFO - [2026-04-07T17:33:43.236+0000] {dagbag.py:588} INFO - Filling up the DagBag from /opt/airflow/dags/kafka_load.py
[2026-04-07T17:33:43.273+0000] {processor.py:925} INFO - DAG(s) 'kafka_producer' retrieved from /opt/airflow/dags/kafka_load.py
[2026-04-07T17:33:43.306+0000] {logging_mixin.py:190} INFO - [2026-04-07T17:33:43.305+0000] {dag.py:3239} INFO - Sync 1 DAGs
[2026-04-07T17:33:43.324+0000] {logging_mixin.py:190} INFO - [2026-04-07T17:33:43.324+0000] {dag.py:4180} INFO - Setting next_dagrun for kafka_producer to None, run_after=None
[2026-04-07T17:33:43.350+0000] {processor.py:208} INFO - Processing /opt/airflow/dags/kafka_load.py took 0.128 seconds
[2026-04-07T17:34:13.500+0000] {processor.py:186} INFO - Started process (PID=250) to work on /opt/airflow/dags/kafka_load.py
[2026-04-07T17:34:13.502+0000] {processor.py:914} INFO - Processing file /opt/airflow/dags/kafka_load.py for tasks to queue
[2026-04-07T17:34:13.506+0000] {logging_mixin.py:190} INFO - [2026-04-07T17:34:13.505+0000] {dagbag.py:588} INFO - Filling up the DagBag from /opt/airflow/dags/kafka_load.py
[2026-04-07T17:34:13.532+0000] {processor.py:925} INFO - DAG(s) 'kafka_producer' retrieved from /opt/airflow/dags/kafka_load.py
[2026-04-07T17:34:13.563+0000] {logging_mixin.py:190} INFO - [2026-04-07T17:34:13.563+0000] {dag.py:3239} INFO - Sync 1 DAGs
[2026-04-07T17:34:13.587+0000] {logging_mixin.py:190} INFO - [2026-04-07T17:34:13.587+0000] {dag.py:4180} INFO - Setting next_dagrun for kafka_producer to None, run_after=None
[2026-04-07T17:34:15.266+0000] {processor.py:208} INFO - Processing /opt/airflow/dags/kafka_load.py took 1.775 seconds
[2026-04-07T17:34:45.694+0000] {processor.py:186} INFO - Started process (PID=253) to work on /opt/airflow/dags/kafka_load.py
[2026-04-07T17:34:45.695+0000] {processor.py:914} INFO - Processing file /opt/airflow/dags/kafka_load.py for tasks to queue
[2026-04-07T17:34:45.699+0000] {logging_mixin.py:190} INFO - [2026-04-07T17:34:45.698+0000] {dagbag.py:588} INFO - Filling up the DagBag from /opt/airflow/dags/kafka_load.py
[2026-04-07T17:34:45.737+0000] {processor.py:925} INFO - DAG(s) 'kafka_producer' retrieved from /opt/airflow/dags/kafka_load.py
[2026-04-07T17:34:45.768+0000] {logging_mixin.py:190} INFO - [2026-04-07T17:34:45.768+0000] {dag.py:3239} INFO - Sync 1 DAGs
[2026-04-07T17:34:45.787+0000] {logging_mixin.py:190} INFO - [2026-04-07T17:34:45.787+0000] {dag.py:4180} INFO - Setting next_dagrun for kafka_producer to None, run_after=None
[2026-04-07T17:34:45.811+0000] {processor.py:208} INFO - Processing /opt/airflow/dags/kafka_load.py took 0.127 seconds
[2026-04-07T17:35:15.998+0000] {processor.py:186} INFO - Started process (PID=256) to work on /opt/airflow/dags/kafka_load.py
[2026-04-07T17:35:16.000+0000] {processor.py:914} INFO - Processing file /opt/airflow/dags/kafka_load.py for tasks to queue
[2026-04-07T17:35:16.006+0000] {logging_mixin.py:190} INFO - [2026-04-07T17:35:16.005+0000] {dagbag.py:588} INFO - Filling up the DagBag from /opt/airflow/dags/kafka_load.py
[2026-04-07T17:35:16.039+0000] {processor.py:925} INFO - DAG(s) 'kafka_producer' retrieved from /opt/airflow/dags/kafka_load.py
[2026-04-07T17:35:16.075+0000] {logging_mixin.py:190} INFO - [2026-04-07T17:35:16.074+0000] {dag.py:3239} INFO - Sync 1 DAGs
[2026-04-07T17:35:16.095+0000] {logging_mixin.py:190} INFO - [2026-04-07T17:35:16.095+0000] {dag.py:4180} INFO - Setting next_dagrun for kafka_producer to None, run_after=None
[2026-04-07T17:35:16.124+0000] {processor.py:208} INFO - Processing /opt/airflow/dags/kafka_load.py took 0.135 seconds
[2026-04-07T17:35:46.511+0000] {processor.py:186} INFO - Started process (PID=259) to work on /opt/airflow/dags/kafka_load.py
[2026-04-07T17:35:46.513+0000] {processor.py:914} INFO - Processing file /opt/airflow/dags/kafka_load.py for tasks to queue
[2026-04-07T17:35:46.516+0000] {logging_mixin.py:190} INFO - [2026-04-07T17:35:46.516+0000] {dagbag.py:588} INFO - Filling up the DagBag from /opt/airflow/dags/kafka_load.py
[2026-04-07T17:35:46.545+0000] {processor.py:925} INFO - DAG(s) 'kafka_producer' retrieved from /opt/airflow/dags/kafka_load.py
[2026-04-07T17:35:46.579+0000] {logging_mixin.py:190} INFO - [2026-04-07T17:35:46.579+0000] {dag.py:3239} INFO - Sync 1 DAGs
[2026-04-07T17:35:46.597+0000] {logging_mixin.py:190} INFO - [2026-04-07T17:35:46.597+0000] {dag.py:4180} INFO - Setting next_dagrun for kafka_producer to None, run_after=None
[2026-04-07T17:35:46.625+0000] {processor.py:208} INFO - Processing /opt/airflow/dags/kafka_load.py took 0.124 seconds
[2026-04-07T17:36:17.102+0000] {processor.py:186} INFO - Started process (PID=262) to work on /opt/airflow/dags/kafka_load.py
[2026-04-07T17:36:17.103+0000] {processor.py:914} INFO - Processing file /opt/airflow/dags/kafka_load.py for tasks to queue
[2026-04-07T17:36:17.107+0000] {logging_mixin.py:190} INFO - [2026-04-07T17:36:17.107+0000] {dagbag.py:588} INFO - Filling up the DagBag from /opt/airflow/dags/kafka_load.py
[2026-04-07T17:36:17.142+0000] {processor.py:925} INFO - DAG(s) 'kafka_producer' retrieved from /opt/airflow/dags/kafka_load.py
[2026-04-07T17:36:17.174+0000] {logging_mixin.py:190} INFO - [2026-04-07T17:36:17.174+0000] {dag.py:3239} INFO - Sync 1 DAGs
[2026-04-07T17:36:17.192+0000] {logging_mixin.py:190} INFO - [2026-04-07T17:36:17.192+0000] {dag.py:4180} INFO - Setting next_dagrun for kafka_producer to None, run_after=None
[2026-04-07T17:36:17.219+0000] {processor.py:208} INFO - Processing /opt/airflow/dags/kafka_load.py took 0.125 seconds
[2026-04-07T17:36:47.310+0000] {processor.py:186} INFO - Started process (PID=265) to work on /opt/airflow/dags/kafka_load.py
[2026-04-07T17:36:47.312+0000] {processor.py:914} INFO - Processing file /opt/airflow/dags/kafka_load.py for tasks to queue
[2026-04-07T17:36:47.317+0000] {logging_mixin.py:190} INFO - [2026-04-07T17:36:47.317+0000] {dagbag.py:588} INFO - Filling up the DagBag from /opt/airflow/dags/kafka_load.py
[2026-04-07T17:36:47.352+0000] {processor.py:925} INFO - DAG(s) 'kafka_producer' retrieved from /opt/airflow/dags/kafka_load.py
[2026-04-07T17:36:47.390+0000] {logging_mixin.py:190} INFO - [2026-04-07T17:36:47.390+0000] {dag.py:3239} INFO - Sync 1 DAGs
[2026-04-07T17:36:47.410+0000] {logging_mixin.py:190} INFO - [2026-04-07T17:36:47.409+0000] {dag.py:4180} INFO - Setting next_dagrun for kafka_producer to None, run_after=None
[2026-04-07T17:36:47.435+0000] {processor.py:208} INFO - Processing /opt/airflow/dags/kafka_load.py took 0.136 seconds
[2026-04-07T17:37:17.748+0000] {processor.py:186} INFO - Started process (PID=268) to work on /opt/airflow/dags/kafka_load.py
[2026-04-07T17:37:17.750+0000] {processor.py:914} INFO - Processing file /opt/airflow/dags/kafka_load.py for tasks to queue
[2026-04-07T17:37:17.753+0000] {logging_mixin.py:190} INFO - [2026-04-07T17:37:17.753+0000] {dagbag.py:588} INFO - Filling up the DagBag from /opt/airflow/dags/kafka_load.py
[2026-04-07T17:37:17.787+0000] {processor.py:925} INFO - DAG(s) 'kafka_producer' retrieved from /opt/airflow/dags/kafka_load.py
[2026-04-07T17:37:17.818+0000] {logging_mixin.py:190} INFO - [2026-04-07T17:37:17.817+0000] {dag.py:3239} INFO - Sync 1 DAGs
[2026-04-07T17:37:17.835+0000] {logging_mixin.py:190} INFO - [2026-04-07T17:37:17.835+0000] {dag.py:4180} INFO - Setting next_dagrun for kafka_producer to None, run_after=None
[2026-04-07T17:37:17.862+0000] {processor.py:208} INFO - Processing /opt/airflow/dags/kafka_load.py took 0.122 seconds
[2026-04-07T17:37:48.228+0000] {processor.py:186} INFO - Started process (PID=271) to work on /opt/airflow/dags/kafka_load.py
[2026-04-07T17:37:48.230+0000] {processor.py:914} INFO - Processing file /opt/airflow/dags/kafka_load.py for tasks to queue
[2026-04-07T17:37:48.233+0000] {logging_mixin.py:190} INFO - [2026-04-07T17:37:48.233+0000] {dagbag.py:588} INFO - Filling up the DagBag from /opt/airflow/dags/kafka_load.py
[2026-04-07T17:37:48.264+0000] {processor.py:925} INFO - DAG(s) 'kafka_producer' retrieved from /opt/airflow/dags/kafka_load.py
[2026-04-07T17:37:48.298+0000] {logging_mixin.py:190} INFO - [2026-04-07T17:37:48.298+0000] {dag.py:3239} INFO - Sync 1 DAGs
[2026-04-07T17:37:48.316+0000] {logging_mixin.py:190} INFO - [2026-04-07T17:37:48.316+0000] {dag.py:4180} INFO - Setting next_dagrun for kafka_producer to None, run_after=None
[2026-04-07T17:37:48.344+0000] {processor.py:208} INFO - Processing /opt/airflow/dags/kafka_load.py took 0.125 seconds
[2026-04-07T17:38:18.717+0000] {processor.py:186} INFO - Started process (PID=274) to work on /opt/airflow/dags/kafka_load.py
[2026-04-07T17:38:18.719+0000] {processor.py:914} INFO - Processing file /opt/airflow/dags/kafka_load.py for tasks to queue
[2026-04-07T17:38:18.722+0000] {logging_mixin.py:190} INFO - [2026-04-07T17:38:18.721+0000] {dagbag.py:588} INFO - Filling up the DagBag from /opt/airflow/dags/kafka_load.py
[2026-04-07T17:38:18.754+0000] {processor.py:925} INFO - DAG(s) 'kafka_producer' retrieved from /opt/airflow/dags/kafka_load.py
[2026-04-07T17:38:18.788+0000] {logging_mixin.py:190} INFO - [2026-04-07T17:38:18.788+0000] {dag.py:3239} INFO - Sync 1 DAGs
[2026-04-07T17:38:18.850+0000] {logging_mixin.py:190} INFO - [2026-04-07T17:38:18.850+0000] {dag.py:4180} INFO - Setting next_dagrun for kafka_producer to None, run_after=None
[2026-04-07T17:38:18.894+0000] {processor.py:208} INFO - Processing /opt/airflow/dags/kafka_load.py took 0.186 seconds
[2026-04-07T17:38:49.383+0000] {processor.py:186} INFO - Started process (PID=277) to work on /opt/airflow/dags/kafka_load.py
[2026-04-07T17:38:49.386+0000] {processor.py:914} INFO - Processing file /opt/airflow/dags/kafka_load.py for tasks to queue
[2026-04-07T17:38:49.391+0000] {logging_mixin.py:190} INFO - [2026-04-07T17:38:49.390+0000] {dagbag.py:588} INFO - Filling up the DagBag from /opt/airflow/dags/kafka_load.py
[2026-04-07T17:38:49.438+0000] {processor.py:925} INFO - DAG(s) 'kafka_producer' retrieved from /opt/airflow/dags/kafka_load.py
[2026-04-07T17:38:49.516+0000] {logging_mixin.py:190} INFO - [2026-04-07T17:38:49.515+0000] {dag.py:3239} INFO - Sync 1 DAGs
[2026-04-07T17:38:49.561+0000] {logging_mixin.py:190} INFO - [2026-04-07T17:38:49.560+0000] {dag.py:4180} INFO - Setting next_dagrun for kafka_producer to None, run_after=None
[2026-04-07T17:38:49.641+0000] {processor.py:208} INFO - Processing /opt/airflow/dags/kafka_load.py took 0.273 seconds
[2026-04-07T17:39:19.734+0000] {processor.py:186} INFO - Started process (PID=280) to work on /opt/airflow/dags/kafka_load.py
[2026-04-07T17:39:19.736+0000] {processor.py:914} INFO - Processing file /opt/airflow/dags/kafka_load.py for tasks to queue
[2026-04-07T17:39:19.743+0000] {logging_mixin.py:190} INFO - [2026-04-07T17:39:19.743+0000] {dagbag.py:588} INFO - Filling up the DagBag from /opt/airflow/dags/kafka_load.py
[2026-04-07T17:39:19.787+0000] {processor.py:925} INFO - DAG(s) 'kafka_producer' retrieved from /opt/airflow/dags/kafka_load.py
[2026-04-07T17:39:19.825+0000] {logging_mixin.py:190} INFO - [2026-04-07T17:39:19.824+0000] {dag.py:3239} INFO - Sync 1 DAGs
[2026-04-07T17:39:19.851+0000] {logging_mixin.py:190} INFO - [2026-04-07T17:39:19.850+0000] {dag.py:4180} INFO - Setting next_dagrun for kafka_producer to None, run_after=None
[2026-04-07T17:39:19.882+0000] {processor.py:208} INFO - Processing /opt/airflow/dags/kafka_load.py took 0.160 seconds
[2026-04-07T17:39:49.977+0000] {processor.py:186} INFO - Started process (PID=283) to work on /opt/airflow/dags/kafka_load.py
[2026-04-07T17:39:49.978+0000] {processor.py:914} INFO - Processing file /opt/airflow/dags/kafka_load.py for tasks to queue
[2026-04-07T17:39:49.982+0000] {logging_mixin.py:190} INFO - [2026-04-07T17:39:49.982+0000] {dagbag.py:588} INFO - Filling up the DagBag from /opt/airflow/dags/kafka_load.py
[2026-04-07T17:39:50.009+0000] {processor.py:925} INFO - DAG(s) 'kafka_producer' retrieved from /opt/airflow/dags/kafka_load.py
[2026-04-07T17:39:50.042+0000] {logging_mixin.py:190} INFO - [2026-04-07T17:39:50.041+0000] {dag.py:3239} INFO - Sync 1 DAGs
[2026-04-07T17:39:50.063+0000] {logging_mixin.py:190} INFO - [2026-04-07T17:39:50.063+0000] {dag.py:4180} INFO - Setting next_dagrun for kafka_producer to None, run_after=None
[2026-04-07T17:39:50.105+0000] {processor.py:208} INFO - Processing /opt/airflow/dags/kafka_load.py took 0.138 seconds
[2026-04-07T17:40:20.453+0000] {processor.py:186} INFO - Started process (PID=286) to work on /opt/airflow/dags/kafka_load.py
[2026-04-07T17:40:20.454+0000] {processor.py:914} INFO - Processing file /opt/airflow/dags/kafka_load.py for tasks to queue
[2026-04-07T17:40:20.458+0000] {logging_mixin.py:190} INFO - [2026-04-07T17:40:20.457+0000] {dagbag.py:588} INFO - Filling up the DagBag from /opt/airflow/dags/kafka_load.py
[2026-04-07T17:40:20.483+0000] {processor.py:925} INFO - DAG(s) 'kafka_producer' retrieved from /opt/airflow/dags/kafka_load.py
[2026-04-07T17:40:20.517+0000] {logging_mixin.py:190} INFO - [2026-04-07T17:40:20.517+0000] {dag.py:3239} INFO - Sync 1 DAGs
[2026-04-07T17:40:20.537+0000] {logging_mixin.py:190} INFO - [2026-04-07T17:40:20.537+0000] {dag.py:4180} INFO - Setting next_dagrun for kafka_producer to None, run_after=None
[2026-04-07T17:40:20.566+0000] {processor.py:208} INFO - Processing /opt/airflow/dags/kafka_load.py took 0.121 seconds
[2026-04-07T17:40:50.971+0000] {processor.py:186} INFO - Started process (PID=289) to work on /opt/airflow/dags/kafka_load.py
[2026-04-07T17:40:50.973+0000] {processor.py:914} INFO - Processing file /opt/airflow/dags/kafka_load.py for tasks to queue
[2026-04-07T17:40:50.977+0000] {logging_mixin.py:190} INFO - [2026-04-07T17:40:50.977+0000] {dagbag.py:588} INFO - Filling up the DagBag from /opt/airflow/dags/kafka_load.py
[2026-04-07T17:40:51.025+0000] {processor.py:925} INFO - DAG(s) 'kafka_producer' retrieved from /opt/airflow/dags/kafka_load.py
[2026-04-07T17:40:51.062+0000] {logging_mixin.py:190} INFO - [2026-04-07T17:40:51.062+0000] {dag.py:3239} INFO - Sync 1 DAGs
[2026-04-07T17:40:51.084+0000] {logging_mixin.py:190} INFO - [2026-04-07T17:40:51.083+0000] {dag.py:4180} INFO - Setting next_dagrun for kafka_producer to None, run_after=None
[2026-04-07T17:40:51.120+0000] {processor.py:208} INFO - Processing /opt/airflow/dags/kafka_load.py took 0.158 seconds
[2026-04-07T17:41:21.486+0000] {processor.py:186} INFO - Started process (PID=292) to work on /opt/airflow/dags/kafka_load.py
[2026-04-07T17:41:21.488+0000] {processor.py:914} INFO - Processing file /opt/airflow/dags/kafka_load.py for tasks to queue
[2026-04-07T17:41:21.492+0000] {logging_mixin.py:190} INFO - [2026-04-07T17:41:21.492+0000] {dagbag.py:588} INFO - Filling up the DagBag from /opt/airflow/dags/kafka_load.py
[2026-04-07T17:41:21.531+0000] {processor.py:925} INFO - DAG(s) 'kafka_producer' retrieved from /opt/airflow/dags/kafka_load.py
[2026-04-07T17:41:21.575+0000] {logging_mixin.py:190} INFO - [2026-04-07T17:41:21.574+0000] {dag.py:3239} INFO - Sync 1 DAGs
[2026-04-07T17:41:21.595+0000] {logging_mixin.py:190} INFO - [2026-04-07T17:41:21.594+0000] {dag.py:4180} INFO - Setting next_dagrun for kafka_producer to None, run_after=None
[2026-04-07T17:41:21.623+0000] {processor.py:208} INFO - Processing /opt/airflow/dags/kafka_load.py took 0.148 seconds
[2026-04-07T17:41:51.711+0000] {processor.py:186} INFO - Started process (PID=295) to work on /opt/airflow/dags/kafka_load.py
[2026-04-07T17:41:51.713+0000] {processor.py:914} INFO - Processing file /opt/airflow/dags/kafka_load.py for tasks to queue
[2026-04-07T17:41:51.716+0000] {logging_mixin.py:190} INFO - [2026-04-07T17:41:51.716+0000] {dagbag.py:588} INFO - Filling up the DagBag from /opt/airflow/dags/kafka_load.py
[2026-04-07T17:41:51.754+0000] {processor.py:925} INFO - DAG(s) 'kafka_producer' retrieved from /opt/airflow/dags/kafka_load.py
[2026-04-07T17:41:51.793+0000] {logging_mixin.py:190} INFO - [2026-04-07T17:41:51.792+0000] {dag.py:3239} INFO - Sync 1 DAGs
[2026-04-07T17:41:51.814+0000] {logging_mixin.py:190} INFO - [2026-04-07T17:41:51.814+0000] {dag.py:4180} INFO - Setting next_dagrun for kafka_producer to None, run_after=None
[2026-04-07T17:41:51.844+0000] {processor.py:208} INFO - Processing /opt/airflow/dags/kafka_load.py took 0.141 seconds
[2026-04-07T17:42:22.232+0000] {processor.py:186} INFO - Started process (PID=298) to work on /opt/airflow/dags/kafka_load.py
[2026-04-07T17:42:22.234+0000] {processor.py:914} INFO - Processing file /opt/airflow/dags/kafka_load.py for tasks to queue
[2026-04-07T17:42:22.240+0000] {logging_mixin.py:190} INFO - [2026-04-07T17:42:22.238+0000] {dagbag.py:588} INFO - Filling up the DagBag from /opt/airflow/dags/kafka_load.py
[2026-04-07T17:42:22.280+0000] {processor.py:925} INFO - DAG(s) 'kafka_producer' retrieved from /opt/airflow/dags/kafka_load.py
[2026-04-07T17:42:22.319+0000] {logging_mixin.py:190} INFO - [2026-04-07T17:42:22.318+0000] {dag.py:3239} INFO - Sync 1 DAGs
[2026-04-07T17:42:22.339+0000] {logging_mixin.py:190} INFO - [2026-04-07T17:42:22.339+0000] {dag.py:4180} INFO - Setting next_dagrun for kafka_producer to None, run_after=None
[2026-04-07T17:42:22.372+0000] {processor.py:208} INFO - Processing /opt/airflow/dags/kafka_load.py took 0.150 seconds
[2026-04-07T17:42:52.718+0000] {processor.py:186} INFO - Started process (PID=301) to work on /opt/airflow/dags/kafka_load.py
[2026-04-07T17:42:52.723+0000] {processor.py:914} INFO - Processing file /opt/airflow/dags/kafka_load.py for tasks to queue
[2026-04-07T17:42:52.727+0000] {logging_mixin.py:190} INFO - [2026-04-07T17:42:52.726+0000] {dagbag.py:588} INFO - Filling up the DagBag from /opt/airflow/dags/kafka_load.py
[2026-04-07T17:42:52.754+0000] {processor.py:925} INFO - DAG(s) 'kafka_producer' retrieved from /opt/airflow/dags/kafka_load.py
[2026-04-07T17:42:52.789+0000] {logging_mixin.py:190} INFO - [2026-04-07T17:42:52.788+0000] {dag.py:3239} INFO - Sync 1 DAGs
[2026-04-07T17:42:52.809+0000] {logging_mixin.py:190} INFO - [2026-04-07T17:42:52.809+0000] {dag.py:4180} INFO - Setting next_dagrun for kafka_producer to None, run_after=None
[2026-04-07T17:42:52.832+0000] {processor.py:208} INFO - Processing /opt/airflow/dags/kafka_load.py took 0.124 seconds
[2026-04-07T17:43:23.275+0000] {processor.py:186} INFO - Started process (PID=304) to work on /opt/airflow/dags/kafka_load.py
[2026-04-07T17:43:23.278+0000] {processor.py:914} INFO - Processing file /opt/airflow/dags/kafka_load.py for tasks to queue
[2026-04-07T17:43:23.284+0000] {logging_mixin.py:190} INFO - [2026-04-07T17:43:23.284+0000] {dagbag.py:588} INFO - Filling up the DagBag from /opt/airflow/dags/kafka_load.py
[2026-04-07T17:43:23.325+0000] {processor.py:925} INFO - DAG(s) 'kafka_producer' retrieved from /opt/airflow/dags/kafka_load.py
[2026-04-07T17:43:23.362+0000] {logging_mixin.py:190} INFO - [2026-04-07T17:43:23.362+0000] {dag.py:3239} INFO - Sync 1 DAGs
[2026-04-07T17:43:23.384+0000] {logging_mixin.py:190} INFO - [2026-04-07T17:43:23.384+0000] {dag.py:4180} INFO - Setting next_dagrun for kafka_producer to None, run_after=None
[2026-04-07T17:43:23.416+0000] {processor.py:208} INFO - Processing /opt/airflow/dags/kafka_load.py took 0.161 seconds
[2026-04-07T17:43:53.826+0000] {processor.py:186} INFO - Started process (PID=307) to work on /opt/airflow/dags/kafka_load.py
[2026-04-07T17:43:53.828+0000] {processor.py:914} INFO - Processing file /opt/airflow/dags/kafka_load.py for tasks to queue
[2026-04-07T17:43:53.832+0000] {logging_mixin.py:190} INFO - [2026-04-07T17:43:53.831+0000] {dagbag.py:588} INFO - Filling up the DagBag from /opt/airflow/dags/kafka_load.py
[2026-04-07T17:43:53.867+0000] {processor.py:925} INFO - DAG(s) 'kafka_producer' retrieved from /opt/airflow/dags/kafka_load.py
[2026-04-07T17:43:53.917+0000] {logging_mixin.py:190} INFO - [2026-04-07T17:43:53.917+0000] {dag.py:3239} INFO - Sync 1 DAGs
[2026-04-07T17:43:53.941+0000] {logging_mixin.py:190} INFO - [2026-04-07T17:43:53.941+0000] {dag.py:4180} INFO - Setting next_dagrun for kafka_producer to None, run_after=None
[2026-04-07T17:43:53.972+0000] {processor.py:208} INFO - Processing /opt/airflow/dags/kafka_load.py took 0.154 seconds
[2026-04-07T17:44:24.374+0000] {processor.py:186} INFO - Started process (PID=310) to work on /opt/airflow/dags/kafka_load.py
[2026-04-07T17:44:24.376+0000] {processor.py:914} INFO - Processing file /opt/airflow/dags/kafka_load.py for tasks to queue
[2026-04-07T17:44:24.380+0000] {logging_mixin.py:190} INFO - [2026-04-07T17:44:24.379+0000] {dagbag.py:588} INFO - Filling up the DagBag from /opt/airflow/dags/kafka_load.py
[2026-04-07T17:44:24.413+0000] {processor.py:925} INFO - DAG(s) 'kafka_producer' retrieved from /opt/airflow/dags/kafka_load.py
[2026-04-07T17:44:24.449+0000] {logging_mixin.py:190} INFO - [2026-04-07T17:44:24.449+0000] {dag.py:3239} INFO - Sync 1 DAGs
[2026-04-07T17:44:24.467+0000] {logging_mixin.py:190} INFO - [2026-04-07T17:44:24.466+0000] {dag.py:4180} INFO - Setting next_dagrun for kafka_producer to None, run_after=None
[2026-04-07T17:44:24.494+0000] {processor.py:208} INFO - Processing /opt/airflow/dags/kafka_load.py took 0.128 seconds
[2026-04-07T17:44:54.625+0000] {processor.py:186} INFO - Started process (PID=313) to work on /opt/airflow/dags/kafka_load.py
[2026-04-07T17:44:54.627+0000] {processor.py:914} INFO - Processing file /opt/airflow/dags/kafka_load.py for tasks to queue
[2026-04-07T17:44:54.631+0000] {logging_mixin.py:190} INFO - [2026-04-07T17:44:54.630+0000] {dagbag.py:588} INFO - Filling up the DagBag from /opt/airflow/dags/kafka_load.py
[2026-04-07T17:44:54.672+0000] {processor.py:925} INFO - DAG(s) 'kafka_producer' retrieved from /opt/airflow/dags/kafka_load.py
[2026-04-07T17:44:54.709+0000] {logging_mixin.py:190} INFO - [2026-04-07T17:44:54.708+0000] {dag.py:3239} INFO - Sync 1 DAGs
[2026-04-07T17:44:54.727+0000] {logging_mixin.py:190} INFO - [2026-04-07T17:44:54.727+0000] {dag.py:4180} INFO - Setting next_dagrun for kafka_producer to None, run_after=None
[2026-04-07T17:44:54.753+0000] {processor.py:208} INFO - Processing /opt/airflow/dags/kafka_load.py took 0.136 seconds
[2026-04-07T17:45:25.145+0000] {processor.py:186} INFO - Started process (PID=316) to work on /opt/airflow/dags/kafka_load.py
[2026-04-07T17:45:25.148+0000] {processor.py:914} INFO - Processing file /opt/airflow/dags/kafka_load.py for tasks to queue
[2026-04-07T17:45:25.151+0000] {logging_mixin.py:190} INFO - [2026-04-07T17:45:25.151+0000] {dagbag.py:588} INFO - Filling up the DagBag from /opt/airflow/dags/kafka_load.py
[2026-04-07T17:45:25.179+0000] {processor.py:925} INFO - DAG(s) 'kafka_producer' retrieved from /opt/airflow/dags/kafka_load.py
[2026-04-07T17:45:25.211+0000] {logging_mixin.py:190} INFO - [2026-04-07T17:45:25.211+0000] {dag.py:3239} INFO - Sync 1 DAGs
[2026-04-07T17:45:25.230+0000] {logging_mixin.py:190} INFO - [2026-04-07T17:45:25.230+0000] {dag.py:4180} INFO - Setting next_dagrun for kafka_producer to None, run_after=None
[2026-04-07T17:45:25.255+0000] {processor.py:208} INFO - Processing /opt/airflow/dags/kafka_load.py took 0.118 seconds
[2026-04-07T17:45:55.391+0000] {processor.py:186} INFO - Started process (PID=319) to work on /opt/airflow/dags/kafka_load.py
[2026-04-07T17:45:55.393+0000] {processor.py:914} INFO - Processing file /opt/airflow/dags/kafka_load.py for tasks to queue
[2026-04-07T17:45:55.396+0000] {logging_mixin.py:190} INFO - [2026-04-07T17:45:55.396+0000] {dagbag.py:588} INFO - Filling up the DagBag from /opt/airflow/dags/kafka_load.py
[2026-04-07T17:45:55.424+0000] {processor.py:925} INFO - DAG(s) 'kafka_producer' retrieved from /opt/airflow/dags/kafka_load.py
[2026-04-07T17:45:55.464+0000] {logging_mixin.py:190} INFO - [2026-04-07T17:45:55.463+0000] {dag.py:3239} INFO - Sync 1 DAGs
[2026-04-07T17:45:55.485+0000] {logging_mixin.py:190} INFO - [2026-04-07T17:45:55.485+0000] {dag.py:4180} INFO - Setting next_dagrun for kafka_producer to None, run_after=None
[2026-04-07T17:45:55.524+0000] {processor.py:208} INFO - Processing /opt/airflow/dags/kafka_load.py took 0.140 seconds
[2026-04-07T17:46:25.906+0000] {processor.py:186} INFO - Started process (PID=322) to work on /opt/airflow/dags/kafka_load.py
[2026-04-07T17:46:25.908+0000] {processor.py:914} INFO - Processing file /opt/airflow/dags/kafka_load.py for tasks to queue
[2026-04-07T17:46:25.914+0000] {logging_mixin.py:190} INFO - [2026-04-07T17:46:25.913+0000] {dagbag.py:588} INFO - Filling up the DagBag from /opt/airflow/dags/kafka_load.py
[2026-04-07T17:46:25.952+0000] {processor.py:925} INFO - DAG(s) 'kafka_producer' retrieved from /opt/airflow/dags/kafka_load.py
[2026-04-07T17:46:26.000+0000] {logging_mixin.py:190} INFO - [2026-04-07T17:46:26.000+0000] {dag.py:3239} INFO - Sync 1 DAGs
[2026-04-07T17:46:26.021+0000] {logging_mixin.py:190} INFO - [2026-04-07T17:46:26.021+0000] {dag.py:4180} INFO - Setting next_dagrun for kafka_producer to None, run_after=None
[2026-04-07T17:46:26.048+0000] {processor.py:208} INFO - Processing /opt/airflow/dags/kafka_load.py took 0.152 seconds
[2026-04-07T17:46:56.216+0000] {processor.py:186} INFO - Started process (PID=325) to work on /opt/airflow/dags/kafka_load.py
[2026-04-07T17:46:56.218+0000] {processor.py:914} INFO - Processing file /opt/airflow/dags/kafka_load.py for tasks to queue
[2026-04-07T17:46:56.222+0000] {logging_mixin.py:190} INFO - [2026-04-07T17:46:56.221+0000] {dagbag.py:588} INFO - Filling up the DagBag from /opt/airflow/dags/kafka_load.py
[2026-04-07T17:46:56.258+0000] {processor.py:925} INFO - DAG(s) 'kafka_producer' retrieved from /opt/airflow/dags/kafka_load.py
[2026-04-07T17:46:56.292+0000] {logging_mixin.py:190} INFO - [2026-04-07T17:46:56.292+0000] {dag.py:3239} INFO - Sync 1 DAGs
[2026-04-07T17:46:56.311+0000] {logging_mixin.py:190} INFO - [2026-04-07T17:46:56.310+0000] {dag.py:4180} INFO - Setting next_dagrun for kafka_producer to None, run_after=None
[2026-04-07T17:46:56.337+0000] {processor.py:208} INFO - Processing /opt/airflow/dags/kafka_load.py took 0.130 seconds
[2026-04-07T17:47:26.712+0000] {processor.py:186} INFO - Started process (PID=328) to work on /opt/airflow/dags/kafka_load.py
[2026-04-07T17:47:26.714+0000] {processor.py:914} INFO - Processing file /opt/airflow/dags/kafka_load.py for tasks to queue
[2026-04-07T17:47:26.717+0000] {logging_mixin.py:190} INFO - [2026-04-07T17:47:26.717+0000] {dagbag.py:588} INFO - Filling up the DagBag from /opt/airflow/dags/kafka_load.py
[2026-04-07T17:47:26.748+0000] {processor.py:925} INFO - DAG(s) 'kafka_producer' retrieved from /opt/airflow/dags/kafka_load.py
[2026-04-07T17:47:26.784+0000] {logging_mixin.py:190} INFO - [2026-04-07T17:47:26.783+0000] {dag.py:3239} INFO - Sync 1 DAGs
[2026-04-07T17:47:26.805+0000] {logging_mixin.py:190} INFO - [2026-04-07T17:47:26.805+0000] {dag.py:4180} INFO - Setting next_dagrun for kafka_producer to None, run_after=None
[2026-04-07T17:47:26.835+0000] {processor.py:208} INFO - Processing /opt/airflow/dags/kafka_load.py took 0.132 seconds
[2026-04-07T17:47:57.196+0000] {processor.py:186} INFO - Started process (PID=331) to work on /opt/airflow/dags/kafka_load.py
[2026-04-07T17:47:57.197+0000] {processor.py:914} INFO - Processing file /opt/airflow/dags/kafka_load.py for tasks to queue
[2026-04-07T17:47:57.201+0000] {logging_mixin.py:190} INFO - [2026-04-07T17:47:57.201+0000] {dagbag.py:588} INFO - Filling up the DagBag from /opt/airflow/dags/kafka_load.py
[2026-04-07T17:47:57.237+0000] {processor.py:925} INFO - DAG(s) 'kafka_producer' retrieved from /opt/airflow/dags/kafka_load.py
[2026-04-07T17:47:57.269+0000] {logging_mixin.py:190} INFO - [2026-04-07T17:47:57.269+0000] {dag.py:3239} INFO - Sync 1 DAGs
[2026-04-07T17:47:57.288+0000] {logging_mixin.py:190} INFO - [2026-04-07T17:47:57.288+0000] {dag.py:4180} INFO - Setting next_dagrun for kafka_producer to None, run_after=None
[2026-04-07T17:47:57.317+0000] {processor.py:208} INFO - Processing /opt/airflow/dags/kafka_load.py took 0.131 seconds
[2026-04-07T17:48:27.633+0000] {processor.py:186} INFO - Started process (PID=334) to work on /opt/airflow/dags/kafka_load.py
[2026-04-07T17:48:27.637+0000] {processor.py:914} INFO - Processing file /opt/airflow/dags/kafka_load.py for tasks to queue
[2026-04-07T17:48:27.640+0000] {logging_mixin.py:190} INFO - [2026-04-07T17:48:27.640+0000] {dagbag.py:588} INFO - Filling up the DagBag from /opt/airflow/dags/kafka_load.py
[2026-04-07T17:48:27.674+0000] {processor.py:925} INFO - DAG(s) 'kafka_producer' retrieved from /opt/airflow/dags/kafka_load.py
[2026-04-07T17:48:27.709+0000] {logging_mixin.py:190} INFO - [2026-04-07T17:48:27.708+0000] {dag.py:3239} INFO - Sync 1 DAGs
[2026-04-07T17:48:27.728+0000] {logging_mixin.py:190} INFO - [2026-04-07T17:48:27.728+0000] {dag.py:4180} INFO - Setting next_dagrun for kafka_producer to None, run_after=None
[2026-04-07T17:48:27.755+0000] {processor.py:208} INFO - Processing /opt/airflow/dags/kafka_load.py took 0.132 seconds
[2026-04-07T17:48:57.980+0000] {processor.py:186} INFO - Started process (PID=335) to work on /opt/airflow/dags/kafka_load.py
[2026-04-07T17:48:57.991+0000] {processor.py:914} INFO - Processing file /opt/airflow/dags/kafka_load.py for tasks to queue
[2026-04-07T17:48:57.995+0000] {logging_mixin.py:190} INFO - [2026-04-07T17:48:57.994+0000] {dagbag.py:588} INFO - Filling up the DagBag from /opt/airflow/dags/kafka_load.py
[2026-04-07T17:48:58.032+0000] {processor.py:925} INFO - DAG(s) 'kafka_producer' retrieved from /opt/airflow/dags/kafka_load.py
[2026-04-07T17:48:58.064+0000] {logging_mixin.py:190} INFO - [2026-04-07T17:48:58.063+0000] {dag.py:3239} INFO - Sync 1 DAGs
[2026-04-07T17:48:58.081+0000] {logging_mixin.py:190} INFO - [2026-04-07T17:48:58.081+0000] {dag.py:4180} INFO - Setting next_dagrun for kafka_producer to None, run_after=None
[2026-04-07T17:48:58.106+0000] {processor.py:208} INFO - Processing /opt/airflow/dags/kafka_load.py took 0.144 seconds
[2026-04-07T17:49:28.437+0000] {processor.py:186} INFO - Started process (PID=338) to work on /opt/airflow/dags/kafka_load.py
[2026-04-07T17:49:28.438+0000] {processor.py:914} INFO - Processing file /opt/airflow/dags/kafka_load.py for tasks to queue
[2026-04-07T17:49:28.442+0000] {logging_mixin.py:190} INFO - [2026-04-07T17:49:28.441+0000] {dagbag.py:588} INFO - Filling up the DagBag from /opt/airflow/dags/kafka_load.py
[2026-04-07T17:49:28.478+0000] {processor.py:925} INFO - DAG(s) 'kafka_producer' retrieved from /opt/airflow/dags/kafka_load.py
[2026-04-07T17:49:28.511+0000] {logging_mixin.py:190} INFO - [2026-04-07T17:49:28.511+0000] {dag.py:3239} INFO - Sync 1 DAGs
[2026-04-07T17:49:28.530+0000] {logging_mixin.py:190} INFO - [2026-04-07T17:49:28.530+0000] {dag.py:4180} INFO - Setting next_dagrun for kafka_producer to None, run_after=None
[2026-04-07T17:49:28.557+0000] {processor.py:208} INFO - Processing /opt/airflow/dags/kafka_load.py took 0.129 seconds
[2026-04-07T17:49:58.861+0000] {processor.py:186} INFO - Started process (PID=341) to work on /opt/airflow/dags/kafka_load.py
[2026-04-07T17:49:58.863+0000] {processor.py:914} INFO - Processing file /opt/airflow/dags/kafka_load.py for tasks to queue
[2026-04-07T17:49:58.868+0000] {logging_mixin.py:190} INFO - [2026-04-07T17:49:58.867+0000] {dagbag.py:588} INFO - Filling up the DagBag from /opt/airflow/dags/kafka_load.py
[2026-04-07T17:49:58.902+0000] {processor.py:925} INFO - DAG(s) 'kafka_producer' retrieved from /opt/airflow/dags/kafka_load.py
[2026-04-07T17:49:58.948+0000] {logging_mixin.py:190} INFO - [2026-04-07T17:49:58.947+0000] {dag.py:3239} INFO - Sync 1 DAGs
[2026-04-07T17:49:58.975+0000] {logging_mixin.py:190} INFO - [2026-04-07T17:49:58.975+0000] {dag.py:4180} INFO - Setting next_dagrun for kafka_producer to None, run_after=None
[2026-04-07T17:49:59.019+0000] {processor.py:208} INFO - Processing /opt/airflow/dags/kafka_load.py took 0.166 seconds
[2026-04-07T17:50:29.443+0000] {processor.py:186} INFO - Started process (PID=344) to work on /opt/airflow/dags/kafka_load.py
[2026-04-07T17:50:29.445+0000] {processor.py:914} INFO - Processing file /opt/airflow/dags/kafka_load.py for tasks to queue
[2026-04-07T17:50:29.450+0000] {logging_mixin.py:190} INFO - [2026-04-07T17:50:29.449+0000] {dagbag.py:588} INFO - Filling up the DagBag from /opt/airflow/dags/kafka_load.py
[2026-04-07T17:50:29.493+0000] {processor.py:925} INFO - DAG(s) 'kafka_producer' retrieved from /opt/airflow/dags/kafka_load.py
[2026-04-07T17:50:29.534+0000] {logging_mixin.py:190} INFO - [2026-04-07T17:50:29.534+0000] {dag.py:3239} INFO - Sync 1 DAGs
[2026-04-07T17:50:29.557+0000] {logging_mixin.py:190} INFO - [2026-04-07T17:50:29.556+0000] {dag.py:4180} INFO - Setting next_dagrun for kafka_producer to None, run_after=None
[2026-04-07T17:50:29.591+0000] {processor.py:208} INFO - Processing /opt/airflow/dags/kafka_load.py took 0.159 seconds
[2026-04-07T17:50:59.840+0000] {processor.py:186} INFO - Started process (PID=347) to work on /opt/airflow/dags/kafka_load.py
[2026-04-07T17:50:59.841+0000] {processor.py:914} INFO - Processing file /opt/airflow/dags/kafka_load.py for tasks to queue
[2026-04-07T17:50:59.845+0000] {logging_mixin.py:190} INFO - [2026-04-07T17:50:59.844+0000] {dagbag.py:588} INFO - Filling up the DagBag from /opt/airflow/dags/kafka_load.py
[2026-04-07T17:50:59.878+0000] {processor.py:925} INFO - DAG(s) 'kafka_producer' retrieved from /opt/airflow/dags/kafka_load.py
[2026-04-07T17:50:59.912+0000] {logging_mixin.py:190} INFO - [2026-04-07T17:50:59.911+0000] {dag.py:3239} INFO - Sync 1 DAGs
[2026-04-07T17:50:59.931+0000] {logging_mixin.py:190} INFO - [2026-04-07T17:50:59.931+0000] {dag.py:4180} INFO - Setting next_dagrun for kafka_producer to None, run_after=None
[2026-04-07T17:50:59.957+0000] {processor.py:208} INFO - Processing /opt/airflow/dags/kafka_load.py took 0.126 seconds
[2026-04-07T17:51:30.080+0000] {processor.py:186} INFO - Started process (PID=350) to work on /opt/airflow/dags/kafka_load.py
[2026-04-07T17:51:30.082+0000] {processor.py:914} INFO - Processing file /opt/airflow/dags/kafka_load.py for tasks to queue
[2026-04-07T17:51:30.086+0000] {logging_mixin.py:190} INFO - [2026-04-07T17:51:30.086+0000] {dagbag.py:588} INFO - Filling up the DagBag from /opt/airflow/dags/kafka_load.py
[2026-04-07T17:51:30.121+0000] {processor.py:925} INFO - DAG(s) 'kafka_producer' retrieved from /opt/airflow/dags/kafka_load.py
[2026-04-07T17:51:30.162+0000] {logging_mixin.py:190} INFO - [2026-04-07T17:51:30.160+0000] {dag.py:3239} INFO - Sync 1 DAGs
[2026-04-07T17:51:30.193+0000] {logging_mixin.py:190} INFO - [2026-04-07T17:51:30.193+0000] {dag.py:4180} INFO - Setting next_dagrun for kafka_producer to None, run_after=None
[2026-04-07T17:51:30.585+0000] {processor.py:208} INFO - Processing /opt/airflow/dags/kafka_load.py took 0.513 seconds
[2026-04-07T17:52:00.950+0000] {processor.py:186} INFO - Started process (PID=353) to work on /opt/airflow/dags/kafka_load.py
[2026-04-07T17:52:00.952+0000] {processor.py:914} INFO - Processing file /opt/airflow/dags/kafka_load.py for tasks to queue
[2026-04-07T17:52:00.955+0000] {logging_mixin.py:190} INFO - [2026-04-07T17:52:00.955+0000] {dagbag.py:588} INFO - Filling up the DagBag from /opt/airflow/dags/kafka_load.py
[2026-04-07T17:52:00.980+0000] {processor.py:925} INFO - DAG(s) 'kafka_producer' retrieved from /opt/airflow/dags/kafka_load.py
[2026-04-07T17:52:01.010+0000] {logging_mixin.py:190} INFO - [2026-04-07T17:52:01.009+0000] {dag.py:3239} INFO - Sync 1 DAGs
[2026-04-07T17:52:01.027+0000] {logging_mixin.py:190} INFO - [2026-04-07T17:52:01.026+0000] {dag.py:4180} INFO - Setting next_dagrun for kafka_producer to None, run_after=None
[2026-04-07T17:52:01.053+0000] {processor.py:208} INFO - Processing /opt/airflow/dags/kafka_load.py took 0.112 seconds
[2026-04-07T17:52:31.432+0000] {processor.py:186} INFO - Started process (PID=356) to work on /opt/airflow/dags/kafka_load.py
[2026-04-07T17:52:31.434+0000] {processor.py:914} INFO - Processing file /opt/airflow/dags/kafka_load.py for tasks to queue
[2026-04-07T17:52:31.437+0000] {logging_mixin.py:190} INFO - [2026-04-07T17:52:31.437+0000] {dagbag.py:588} INFO - Filling up the DagBag from /opt/airflow/dags/kafka_load.py
[2026-04-07T17:52:31.475+0000] {processor.py:925} INFO - DAG(s) 'kafka_producer' retrieved from /opt/airflow/dags/kafka_load.py
[2026-04-07T17:52:31.512+0000] {logging_mixin.py:190} INFO - [2026-04-07T17:52:31.511+0000] {dag.py:3239} INFO - Sync 1 DAGs
[2026-04-07T17:52:31.530+0000] {logging_mixin.py:190} INFO - [2026-04-07T17:52:31.530+0000] {dag.py:4180} INFO - Setting next_dagrun for kafka_producer to None, run_after=None
[2026-04-07T17:52:31.557+0000] {processor.py:208} INFO - Processing /opt/airflow/dags/kafka_load.py took 0.132 seconds
[2026-04-07T17:53:01.929+0000] {processor.py:186} INFO - Started process (PID=359) to work on /opt/airflow/dags/kafka_load.py
[2026-04-07T17:53:01.931+0000] {processor.py:914} INFO - Processing file /opt/airflow/dags/kafka_load.py for tasks to queue
[2026-04-07T17:53:01.934+0000] {logging_mixin.py:190} INFO - [2026-04-07T17:53:01.934+0000] {dagbag.py:588} INFO - Filling up the DagBag from /opt/airflow/dags/kafka_load.py
[2026-04-07T17:53:01.966+0000] {processor.py:925} INFO - DAG(s) 'kafka_producer' retrieved from /opt/airflow/dags/kafka_load.py
[2026-04-07T17:53:02.003+0000] {logging_mixin.py:190} INFO - [2026-04-07T17:53:02.002+0000] {dag.py:3239} INFO - Sync 1 DAGs
[2026-04-07T17:53:02.027+0000] {logging_mixin.py:190} INFO - [2026-04-07T17:53:02.027+0000] {dag.py:4180} INFO - Setting next_dagrun for kafka_producer to None, run_after=None
[2026-04-07T17:53:02.059+0000] {processor.py:208} INFO - Processing /opt/airflow/dags/kafka_load.py took 0.141 seconds
[2026-04-07T17:53:32.532+0000] {processor.py:186} INFO - Started process (PID=362) to work on /opt/airflow/dags/kafka_load.py
[2026-04-07T17:53:32.536+0000] {processor.py:914} INFO - Processing file /opt/airflow/dags/kafka_load.py for tasks to queue
[2026-04-07T17:53:32.544+0000] {logging_mixin.py:190} INFO - [2026-04-07T17:53:32.543+0000] {dagbag.py:588} INFO - Filling up the DagBag from /opt/airflow/dags/kafka_load.py
[2026-04-07T17:53:32.585+0000] {processor.py:925} INFO - DAG(s) 'kafka_producer' retrieved from /opt/airflow/dags/kafka_load.py
[2026-04-07T17:53:32.617+0000] {logging_mixin.py:190} INFO - [2026-04-07T17:53:32.617+0000] {dag.py:3239} INFO - Sync 1 DAGs
[2026-04-07T17:53:32.636+0000] {logging_mixin.py:190} INFO - [2026-04-07T17:53:32.636+0000] {dag.py:4180} INFO - Setting next_dagrun for kafka_producer to None, run_after=None
[2026-04-07T17:53:32.665+0000] {processor.py:208} INFO - Processing /opt/airflow/dags/kafka_load.py took 0.147 seconds
[2026-04-07T17:54:03.016+0000] {processor.py:186} INFO - Started process (PID=365) to work on /opt/airflow/dags/kafka_load.py
[2026-04-07T17:54:03.017+0000] {processor.py:914} INFO - Processing file /opt/airflow/dags/kafka_load.py for tasks to queue
[2026-04-07T17:54:03.020+0000] {logging_mixin.py:190} INFO - [2026-04-07T17:54:03.020+0000] {dagbag.py:588} INFO - Filling up the DagBag from /opt/airflow/dags/kafka_load.py
[2026-04-07T17:54:03.046+0000] {processor.py:925} INFO - DAG(s) 'kafka_producer' retrieved from /opt/airflow/dags/kafka_load.py
[2026-04-07T17:54:03.077+0000] {logging_mixin.py:190} INFO - [2026-04-07T17:54:03.077+0000] {dag.py:3239} INFO - Sync 1 DAGs
[2026-04-07T17:54:03.104+0000] {logging_mixin.py:190} INFO - [2026-04-07T17:54:03.103+0000] {dag.py:4180} INFO - Setting next_dagrun for kafka_producer to None, run_after=None
[2026-04-07T17:54:03.146+0000] {processor.py:208} INFO - Processing /opt/airflow/dags/kafka_load.py took 0.139 seconds
[2026-04-07T17:54:33.515+0000] {processor.py:186} INFO - Started process (PID=368) to work on /opt/airflow/dags/kafka_load.py
[2026-04-07T17:54:33.516+0000] {processor.py:914} INFO - Processing file /opt/airflow/dags/kafka_load.py for tasks to queue
[2026-04-07T17:54:33.525+0000] {logging_mixin.py:190} INFO - [2026-04-07T17:54:33.524+0000] {dagbag.py:588} INFO - Filling up the DagBag from /opt/airflow/dags/kafka_load.py
[2026-04-07T17:54:33.577+0000] {processor.py:925} INFO - DAG(s) 'kafka_producer' retrieved from /opt/airflow/dags/kafka_load.py
[2026-04-07T17:54:33.615+0000] {logging_mixin.py:190} INFO - [2026-04-07T17:54:33.615+0000] {dag.py:3239} INFO - Sync 1 DAGs
[2026-04-07T17:54:33.637+0000] {logging_mixin.py:190} INFO - [2026-04-07T17:54:33.637+0000] {dag.py:4180} INFO - Setting next_dagrun for kafka_producer to None, run_after=None
[2026-04-07T17:54:33.669+0000] {processor.py:208} INFO - Processing /opt/airflow/dags/kafka_load.py took 0.163 seconds
[2026-04-07T17:55:04.015+0000] {processor.py:186} INFO - Started process (PID=371) to work on /opt/airflow/dags/kafka_load.py
[2026-04-07T17:55:04.017+0000] {processor.py:914} INFO - Processing file /opt/airflow/dags/kafka_load.py for tasks to queue
[2026-04-07T17:55:04.021+0000] {logging_mixin.py:190} INFO - [2026-04-07T17:55:04.021+0000] {dagbag.py:588} INFO - Filling up the DagBag from /opt/airflow/dags/kafka_load.py
[2026-04-07T17:55:04.055+0000] {processor.py:925} INFO - DAG(s) 'kafka_producer' retrieved from /opt/airflow/dags/kafka_load.py
[2026-04-07T17:55:04.090+0000] {logging_mixin.py:190} INFO - [2026-04-07T17:55:04.090+0000] {dag.py:3239} INFO - Sync 1 DAGs
[2026-04-07T17:55:04.109+0000] {logging_mixin.py:190} INFO - [2026-04-07T17:55:04.109+0000] {dag.py:4180} INFO - Setting next_dagrun for kafka_producer to None, run_after=None
[2026-04-07T17:55:04.136+0000] {processor.py:208} INFO - Processing /opt/airflow/dags/kafka_load.py took 0.128 seconds
[2026-04-07T17:55:34.535+0000] {processor.py:186} INFO - Started process (PID=374) to work on /opt/airflow/dags/kafka_load.py
[2026-04-07T17:55:34.537+0000] {processor.py:914} INFO - Processing file /opt/airflow/dags/kafka_load.py for tasks to queue
[2026-04-07T17:55:34.542+0000] {logging_mixin.py:190} INFO - [2026-04-07T17:55:34.542+0000] {dagbag.py:588} INFO - Filling up the DagBag from /opt/airflow/dags/kafka_load.py
[2026-04-07T17:55:34.576+0000] {processor.py:925} INFO - DAG(s) 'kafka_producer' retrieved from /opt/airflow/dags/kafka_load.py
[2026-04-07T17:55:34.620+0000] {logging_mixin.py:190} INFO - [2026-04-07T17:55:34.620+0000] {dag.py:3239} INFO - Sync 1 DAGs
[2026-04-07T17:55:34.639+0000] {logging_mixin.py:190} INFO - [2026-04-07T17:55:34.638+0000] {dag.py:4180} INFO - Setting next_dagrun for kafka_producer to None, run_after=None
[2026-04-07T17:55:34.669+0000] {processor.py:208} INFO - Processing /opt/airflow/dags/kafka_load.py took 0.142 seconds
[2026-04-07T17:56:04.991+0000] {processor.py:186} INFO - Started process (PID=377) to work on /opt/airflow/dags/kafka_load.py
[2026-04-07T17:56:04.992+0000] {processor.py:914} INFO - Processing file /opt/airflow/dags/kafka_load.py for tasks to queue
[2026-04-07T17:56:04.995+0000] {logging_mixin.py:190} INFO - [2026-04-07T17:56:04.995+0000] {dagbag.py:588} INFO - Filling up the DagBag from /opt/airflow/dags/kafka_load.py
[2026-04-07T17:56:05.036+0000] {processor.py:925} INFO - DAG(s) 'kafka_producer' retrieved from /opt/airflow/dags/kafka_load.py
[2026-04-07T17:56:05.076+0000] {logging_mixin.py:190} INFO - [2026-04-07T17:56:05.076+0000] {dag.py:3239} INFO - Sync 1 DAGs
[2026-04-07T17:56:05.105+0000] {logging_mixin.py:190} INFO - [2026-04-07T17:56:05.104+0000] {dag.py:4180} INFO - Setting next_dagrun for kafka_producer to None, run_after=None
[2026-04-07T17:56:05.144+0000] {processor.py:208} INFO - Processing /opt/airflow/dags/kafka_load.py took 0.162 seconds
[2026-04-07T17:56:35.513+0000] {processor.py:186} INFO - Started process (PID=380) to work on /opt/airflow/dags/kafka_load.py
[2026-04-07T17:56:35.515+0000] {processor.py:914} INFO - Processing file /opt/airflow/dags/kafka_load.py for tasks to queue
[2026-04-07T17:56:35.519+0000] {logging_mixin.py:190} INFO - [2026-04-07T17:56:35.519+0000] {dagbag.py:588} INFO - Filling up the DagBag from /opt/airflow/dags/kafka_load.py
[2026-04-07T17:56:35.553+0000] {processor.py:925} INFO - DAG(s) 'kafka_producer' retrieved from /opt/airflow/dags/kafka_load.py
[2026-04-07T17:56:35.592+0000] {logging_mixin.py:190} INFO - [2026-04-07T17:56:35.592+0000] {dag.py:3239} INFO - Sync 1 DAGs
[2026-04-07T17:56:35.617+0000] {logging_mixin.py:190} INFO - [2026-04-07T17:56:35.616+0000] {dag.py:4180} INFO - Setting next_dagrun for kafka_producer to None, run_after=None
[2026-04-07T17:56:35.649+0000] {processor.py:208} INFO - Processing /opt/airflow/dags/kafka_load.py took 0.145 seconds
[2026-04-07T17:57:05.981+0000] {processor.py:186} INFO - Started process (PID=383) to work on /opt/airflow/dags/kafka_load.py
[2026-04-07T17:57:05.982+0000] {processor.py:914} INFO - Processing file /opt/airflow/dags/kafka_load.py for tasks to queue
[2026-04-07T17:57:05.985+0000] {logging_mixin.py:190} INFO - [2026-04-07T17:57:05.985+0000] {dagbag.py:588} INFO - Filling up the DagBag from /opt/airflow/dags/kafka_load.py
[2026-04-07T17:57:06.024+0000] {processor.py:925} INFO - DAG(s) 'kafka_producer' retrieved from /opt/airflow/dags/kafka_load.py
[2026-04-07T17:57:06.056+0000] {logging_mixin.py:190} INFO - [2026-04-07T17:57:06.056+0000] {dag.py:3239} INFO - Sync 1 DAGs
[2026-04-07T17:57:06.073+0000] {logging_mixin.py:190} INFO - [2026-04-07T17:57:06.073+0000] {dag.py:4180} INFO - Setting next_dagrun for kafka_producer to None, run_after=None
[2026-04-07T17:57:06.101+0000] {processor.py:208} INFO - Processing /opt/airflow/dags/kafka_load.py took 0.128 seconds
[2026-04-07T17:57:36.179+0000] {processor.py:186} INFO - Started process (PID=386) to work on /opt/airflow/dags/kafka_load.py
[2026-04-07T17:57:36.181+0000] {processor.py:914} INFO - Processing file /opt/airflow/dags/kafka_load.py for tasks to queue
[2026-04-07T17:57:36.184+0000] {logging_mixin.py:190} INFO - [2026-04-07T17:57:36.184+0000] {dagbag.py:588} INFO - Filling up the DagBag from /opt/airflow/dags/kafka_load.py
[2026-04-07T17:57:36.217+0000] {processor.py:925} INFO - DAG(s) 'kafka_producer' retrieved from /opt/airflow/dags/kafka_load.py
[2026-04-07T17:57:36.250+0000] {logging_mixin.py:190} INFO - [2026-04-07T17:57:36.250+0000] {dag.py:3239} INFO - Sync 1 DAGs
[2026-04-07T17:57:36.268+0000] {logging_mixin.py:190} INFO - [2026-04-07T17:57:36.268+0000] {dag.py:4180} INFO - Setting next_dagrun for kafka_producer to None, run_after=None
[2026-04-07T17:57:36.295+0000] {processor.py:208} INFO - Processing /opt/airflow/dags/kafka_load.py took 0.125 seconds
[2026-04-07T17:58:06.533+0000] {processor.py:186} INFO - Started process (PID=389) to work on /opt/airflow/dags/kafka_load.py
[2026-04-07T17:58:06.534+0000] {processor.py:914} INFO - Processing file /opt/airflow/dags/kafka_load.py for tasks to queue
[2026-04-07T17:58:06.538+0000] {logging_mixin.py:190} INFO - [2026-04-07T17:58:06.537+0000] {dagbag.py:588} INFO - Filling up the DagBag from /opt/airflow/dags/kafka_load.py
[2026-04-07T17:58:06.564+0000] {processor.py:925} INFO - DAG(s) 'kafka_producer' retrieved from /opt/airflow/dags/kafka_load.py
[2026-04-07T17:58:06.610+0000] {logging_mixin.py:190} INFO - [2026-04-07T17:58:06.609+0000] {dag.py:3239} INFO - Sync 1 DAGs
[2026-04-07T17:58:06.637+0000] {logging_mixin.py:190} INFO - [2026-04-07T17:58:06.637+0000] {dag.py:4180} INFO - Setting next_dagrun for kafka_producer to None, run_after=None
[2026-04-07T17:58:06.675+0000] {processor.py:208} INFO - Processing /opt/airflow/dags/kafka_load.py took 0.151 seconds
[2026-04-07T17:58:36.790+0000] {processor.py:186} INFO - Started process (PID=392) to work on /opt/airflow/dags/kafka_load.py
[2026-04-07T17:58:36.797+0000] {processor.py:914} INFO - Processing file /opt/airflow/dags/kafka_load.py for tasks to queue
[2026-04-07T17:58:36.801+0000] {logging_mixin.py:190} INFO - [2026-04-07T17:58:36.800+0000] {dagbag.py:588} INFO - Filling up the DagBag from /opt/airflow/dags/kafka_load.py
[2026-04-07T17:58:36.841+0000] {processor.py:925} INFO - DAG(s) 'kafka_producer' retrieved from /opt/airflow/dags/kafka_load.py
[2026-04-07T17:58:36.885+0000] {logging_mixin.py:190} INFO - [2026-04-07T17:58:36.884+0000] {dag.py:3239} INFO - Sync 1 DAGs
[2026-04-07T17:58:36.906+0000] {logging_mixin.py:190} INFO - [2026-04-07T17:58:36.905+0000] {dag.py:4180} INFO - Setting next_dagrun for kafka_producer to None, run_after=None
[2026-04-07T17:58:36.934+0000] {processor.py:208} INFO - Processing /opt/airflow/dags/kafka_load.py took 0.153 seconds
