[2026-04-27T07:00:43.883+0000] {processor.py:186} INFO - Started process (PID=29) to work on /opt/airflow/dags/kafka_load.py
[2026-04-27T07:00:43.885+0000] {processor.py:914} INFO - Processing file /opt/airflow/dags/kafka_load.py for tasks to queue
[2026-04-27T07:00:43.888+0000] {logging_mixin.py:190} INFO - [2026-04-27T07:00:43.888+0000] {dagbag.py:588} INFO - Filling up the DagBag from /opt/airflow/dags/kafka_load.py
[2026-04-27T07:00:43.983+0000] {processor.py:925} INFO - DAG(s) 'kafka_producer' retrieved from /opt/airflow/dags/kafka_load.py
[2026-04-27T07:00:44.324+0000] {logging_mixin.py:190} INFO - [2026-04-27T07:00:44.323+0000] {override.py:1912} INFO - Created Permission View: can read on DAG:kafka_producer
[2026-04-27T07:00:44.347+0000] {logging_mixin.py:190} INFO - [2026-04-27T07:00:44.347+0000] {override.py:1912} INFO - Created Permission View: can delete on DAG:kafka_producer
[2026-04-27T07:00:44.362+0000] {logging_mixin.py:190} INFO - [2026-04-27T07:00:44.362+0000] {override.py:1912} INFO - Created Permission View: can edit on DAG:kafka_producer
[2026-04-27T07:00:44.387+0000] {logging_mixin.py:190} INFO - [2026-04-27T07:00:44.386+0000] {override.py:1912} INFO - Created Permission View: can create on DAG Run:kafka_producer
[2026-04-27T07:00:44.400+0000] {logging_mixin.py:190} INFO - [2026-04-27T07:00:44.400+0000] {override.py:1912} INFO - Created Permission View: can read on DAG Run:kafka_producer
[2026-04-27T07:00:44.413+0000] {logging_mixin.py:190} INFO - [2026-04-27T07:00:44.413+0000] {override.py:1912} INFO - Created Permission View: can delete on DAG Run:kafka_producer
[2026-04-27T07:00:44.426+0000] {logging_mixin.py:190} INFO - [2026-04-27T07:00:44.426+0000] {override.py:1912} INFO - Created Permission View: menu access on DAG Run:kafka_producer
[2026-04-27T07:00:44.427+0000] {logging_mixin.py:190} INFO - [2026-04-27T07:00:44.427+0000] {dag.py:3239} INFO - Sync 1 DAGs
[2026-04-27T07:00:44.446+0000] {logging_mixin.py:190} INFO - [2026-04-27T07:00:44.446+0000] {dag.py:3262} INFO - Creating ORM DAG for kafka_producer
[2026-04-27T07:00:44.464+0000] {logging_mixin.py:190} INFO - [2026-04-27T07:00:44.464+0000] {dag.py:4180} INFO - Setting next_dagrun for kafka_producer to 2026-04-25 18:30:00+00:00, run_after=2026-04-26 18:30:00+00:00
[2026-04-27T07:00:44.491+0000] {processor.py:208} INFO - Processing /opt/airflow/dags/kafka_load.py took 0.621 seconds
[2026-04-27T07:01:14.968+0000] {processor.py:186} INFO - Started process (PID=32) to work on /opt/airflow/dags/kafka_load.py
[2026-04-27T07:01:14.970+0000] {processor.py:914} INFO - Processing file /opt/airflow/dags/kafka_load.py for tasks to queue
[2026-04-27T07:01:14.976+0000] {logging_mixin.py:190} INFO - [2026-04-27T07:01:14.975+0000] {dagbag.py:588} INFO - Filling up the DagBag from /opt/airflow/dags/kafka_load.py
[2026-04-27T07:01:15.027+0000] {processor.py:925} INFO - DAG(s) 'kafka_producer' retrieved from /opt/airflow/dags/kafka_load.py
[2026-04-27T07:01:15.065+0000] {logging_mixin.py:190} INFO - [2026-04-27T07:01:15.065+0000] {dag.py:3239} INFO - Sync 1 DAGs
[2026-04-27T07:01:15.101+0000] {logging_mixin.py:190} INFO - [2026-04-27T07:01:15.101+0000] {dag.py:4180} INFO - Setting next_dagrun for kafka_producer to 2026-04-26 18:30:00+00:00, run_after=2026-04-27 18:30:00+00:00
[2026-04-27T07:01:16.424+0000] {processor.py:208} INFO - Processing /opt/airflow/dags/kafka_load.py took 1.468 seconds
[2026-04-27T07:01:47.235+0000] {processor.py:186} INFO - Started process (PID=36) to work on /opt/airflow/dags/kafka_load.py
[2026-04-27T07:01:47.236+0000] {processor.py:914} INFO - Processing file /opt/airflow/dags/kafka_load.py for tasks to queue
[2026-04-27T07:01:47.239+0000] {logging_mixin.py:190} INFO - [2026-04-27T07:01:47.239+0000] {dagbag.py:588} INFO - Filling up the DagBag from /opt/airflow/dags/kafka_load.py
[2026-04-27T07:01:47.282+0000] {processor.py:925} INFO - DAG(s) 'kafka_producer' retrieved from /opt/airflow/dags/kafka_load.py
[2026-04-27T07:01:47.319+0000] {logging_mixin.py:190} INFO - [2026-04-27T07:01:47.318+0000] {dag.py:3239} INFO - Sync 1 DAGs
[2026-04-27T07:01:47.365+0000] {logging_mixin.py:190} INFO - [2026-04-27T07:01:47.364+0000] {dag.py:4180} INFO - Setting next_dagrun for kafka_producer to 2026-04-26 18:30:00+00:00, run_after=2026-04-27 18:30:00+00:00
[2026-04-27T07:01:47.393+0000] {processor.py:208} INFO - Processing /opt/airflow/dags/kafka_load.py took 0.169 seconds
[2026-04-27T07:02:17.847+0000] {processor.py:186} INFO - Started process (PID=39) to work on /opt/airflow/dags/kafka_load.py
[2026-04-27T07:02:17.848+0000] {processor.py:914} INFO - Processing file /opt/airflow/dags/kafka_load.py for tasks to queue
[2026-04-27T07:02:17.854+0000] {logging_mixin.py:190} INFO - [2026-04-27T07:02:17.853+0000] {dagbag.py:588} INFO - Filling up the DagBag from /opt/airflow/dags/kafka_load.py
[2026-04-27T07:02:17.904+0000] {processor.py:925} INFO - DAG(s) 'kafka_producer' retrieved from /opt/airflow/dags/kafka_load.py
[2026-04-27T07:02:17.960+0000] {logging_mixin.py:190} INFO - [2026-04-27T07:02:17.960+0000] {dag.py:3239} INFO - Sync 1 DAGs
[2026-04-27T07:02:18.002+0000] {logging_mixin.py:190} INFO - [2026-04-27T07:02:18.002+0000] {dag.py:4180} INFO - Setting next_dagrun for kafka_producer to 2026-04-26 18:30:00+00:00, run_after=2026-04-27 18:30:00+00:00
[2026-04-27T07:02:18.040+0000] {processor.py:208} INFO - Processing /opt/airflow/dags/kafka_load.py took 0.204 seconds
[2026-04-27T07:02:48.507+0000] {processor.py:186} INFO - Started process (PID=42) to work on /opt/airflow/dags/kafka_load.py
[2026-04-27T07:02:48.508+0000] {processor.py:914} INFO - Processing file /opt/airflow/dags/kafka_load.py for tasks to queue
[2026-04-27T07:02:48.512+0000] {logging_mixin.py:190} INFO - [2026-04-27T07:02:48.511+0000] {dagbag.py:588} INFO - Filling up the DagBag from /opt/airflow/dags/kafka_load.py
[2026-04-27T07:02:48.550+0000] {processor.py:925} INFO - DAG(s) 'kafka_producer' retrieved from /opt/airflow/dags/kafka_load.py
[2026-04-27T07:02:48.583+0000] {logging_mixin.py:190} INFO - [2026-04-27T07:02:48.582+0000] {dag.py:3239} INFO - Sync 1 DAGs
[2026-04-27T07:02:48.618+0000] {logging_mixin.py:190} INFO - [2026-04-27T07:02:48.618+0000] {dag.py:4180} INFO - Setting next_dagrun for kafka_producer to 2026-04-26 18:30:00+00:00, run_after=2026-04-27 18:30:00+00:00
[2026-04-27T07:02:48.644+0000] {processor.py:208} INFO - Processing /opt/airflow/dags/kafka_load.py took 0.148 seconds
[2026-04-27T07:03:19.111+0000] {processor.py:186} INFO - Started process (PID=45) to work on /opt/airflow/dags/kafka_load.py
[2026-04-27T07:03:19.113+0000] {processor.py:914} INFO - Processing file /opt/airflow/dags/kafka_load.py for tasks to queue
[2026-04-27T07:03:19.115+0000] {logging_mixin.py:190} INFO - [2026-04-27T07:03:19.115+0000] {dagbag.py:588} INFO - Filling up the DagBag from /opt/airflow/dags/kafka_load.py
[2026-04-27T07:03:19.173+0000] {processor.py:925} INFO - DAG(s) 'kafka_producer' retrieved from /opt/airflow/dags/kafka_load.py
[2026-04-27T07:03:19.246+0000] {logging_mixin.py:190} INFO - [2026-04-27T07:03:19.245+0000] {dag.py:3239} INFO - Sync 1 DAGs
[2026-04-27T07:03:19.307+0000] {logging_mixin.py:190} INFO - [2026-04-27T07:03:19.306+0000] {dag.py:4180} INFO - Setting next_dagrun for kafka_producer to 2026-04-26 18:30:00+00:00, run_after=2026-04-27 18:30:00+00:00
[2026-04-27T07:03:19.345+0000] {processor.py:208} INFO - Processing /opt/airflow/dags/kafka_load.py took 0.252 seconds
[2026-04-27T07:03:49.803+0000] {processor.py:186} INFO - Started process (PID=48) to work on /opt/airflow/dags/kafka_load.py
[2026-04-27T07:03:49.804+0000] {processor.py:914} INFO - Processing file /opt/airflow/dags/kafka_load.py for tasks to queue
[2026-04-27T07:03:49.808+0000] {logging_mixin.py:190} INFO - [2026-04-27T07:03:49.807+0000] {dagbag.py:588} INFO - Filling up the DagBag from /opt/airflow/dags/kafka_load.py
[2026-04-27T07:03:49.847+0000] {processor.py:925} INFO - DAG(s) 'kafka_producer' retrieved from /opt/airflow/dags/kafka_load.py
[2026-04-27T07:03:49.874+0000] {logging_mixin.py:190} INFO - [2026-04-27T07:03:49.874+0000] {dag.py:3239} INFO - Sync 1 DAGs
[2026-04-27T07:03:49.909+0000] {logging_mixin.py:190} INFO - [2026-04-27T07:03:49.909+0000] {dag.py:4180} INFO - Setting next_dagrun for kafka_producer to 2026-04-26 18:30:00+00:00, run_after=2026-04-27 18:30:00+00:00
[2026-04-27T07:03:49.934+0000] {processor.py:208} INFO - Processing /opt/airflow/dags/kafka_load.py took 0.141 seconds
[2026-04-27T07:04:20.331+0000] {processor.py:186} INFO - Started process (PID=51) to work on /opt/airflow/dags/kafka_load.py
[2026-04-27T07:04:20.332+0000] {processor.py:914} INFO - Processing file /opt/airflow/dags/kafka_load.py for tasks to queue
[2026-04-27T07:04:20.339+0000] {logging_mixin.py:190} INFO - [2026-04-27T07:04:20.338+0000] {dagbag.py:588} INFO - Filling up the DagBag from /opt/airflow/dags/kafka_load.py
[2026-04-27T07:04:20.369+0000] {processor.py:925} INFO - DAG(s) 'kafka_producer' retrieved from /opt/airflow/dags/kafka_load.py
[2026-04-27T07:04:20.406+0000] {logging_mixin.py:190} INFO - [2026-04-27T07:04:20.405+0000] {dag.py:3239} INFO - Sync 1 DAGs
[2026-04-27T07:04:20.451+0000] {logging_mixin.py:190} INFO - [2026-04-27T07:04:20.450+0000] {dag.py:4180} INFO - Setting next_dagrun for kafka_producer to 2026-04-26 18:30:00+00:00, run_after=2026-04-27 18:30:00+00:00
[2026-04-27T07:04:20.484+0000] {processor.py:208} INFO - Processing /opt/airflow/dags/kafka_load.py took 0.161 seconds
[2026-04-27T07:04:50.907+0000] {processor.py:186} INFO - Started process (PID=54) to work on /opt/airflow/dags/kafka_load.py
[2026-04-27T07:04:50.909+0000] {processor.py:914} INFO - Processing file /opt/airflow/dags/kafka_load.py for tasks to queue
[2026-04-27T07:04:50.913+0000] {logging_mixin.py:190} INFO - [2026-04-27T07:04:50.912+0000] {dagbag.py:588} INFO - Filling up the DagBag from /opt/airflow/dags/kafka_load.py
[2026-04-27T07:04:50.952+0000] {processor.py:925} INFO - DAG(s) 'kafka_producer' retrieved from /opt/airflow/dags/kafka_load.py
[2026-04-27T07:04:50.984+0000] {logging_mixin.py:190} INFO - [2026-04-27T07:04:50.984+0000] {dag.py:3239} INFO - Sync 1 DAGs
[2026-04-27T07:04:51.023+0000] {logging_mixin.py:190} INFO - [2026-04-27T07:04:51.022+0000] {dag.py:4180} INFO - Setting next_dagrun for kafka_producer to 2026-04-26 18:30:00+00:00, run_after=2026-04-27 18:30:00+00:00
[2026-04-27T07:04:51.051+0000] {processor.py:208} INFO - Processing /opt/airflow/dags/kafka_load.py took 0.155 seconds
[2026-04-27T07:05:21.462+0000] {processor.py:186} INFO - Started process (PID=57) to work on /opt/airflow/dags/kafka_load.py
[2026-04-27T07:05:21.465+0000] {processor.py:914} INFO - Processing file /opt/airflow/dags/kafka_load.py for tasks to queue
[2026-04-27T07:05:21.469+0000] {logging_mixin.py:190} INFO - [2026-04-27T07:05:21.468+0000] {dagbag.py:588} INFO - Filling up the DagBag from /opt/airflow/dags/kafka_load.py
[2026-04-27T07:05:21.524+0000] {processor.py:925} INFO - DAG(s) 'kafka_producer' retrieved from /opt/airflow/dags/kafka_load.py
[2026-04-27T07:05:21.551+0000] {logging_mixin.py:190} INFO - [2026-04-27T07:05:21.551+0000] {dag.py:3239} INFO - Sync 1 DAGs
[2026-04-27T07:05:21.584+0000] {logging_mixin.py:190} INFO - [2026-04-27T07:05:21.583+0000] {dag.py:4180} INFO - Setting next_dagrun for kafka_producer to 2026-04-26 18:30:00+00:00, run_after=2026-04-27 18:30:00+00:00
[2026-04-27T07:05:21.608+0000] {processor.py:208} INFO - Processing /opt/airflow/dags/kafka_load.py took 0.156 seconds
[2026-04-27T07:05:52.149+0000] {processor.py:186} INFO - Started process (PID=60) to work on /opt/airflow/dags/kafka_load.py
[2026-04-27T07:05:52.150+0000] {processor.py:914} INFO - Processing file /opt/airflow/dags/kafka_load.py for tasks to queue
[2026-04-27T07:05:52.153+0000] {logging_mixin.py:190} INFO - [2026-04-27T07:05:52.153+0000] {dagbag.py:588} INFO - Filling up the DagBag from /opt/airflow/dags/kafka_load.py
[2026-04-27T07:05:52.190+0000] {processor.py:925} INFO - DAG(s) 'kafka_producer' retrieved from /opt/airflow/dags/kafka_load.py
[2026-04-27T07:05:52.222+0000] {logging_mixin.py:190} INFO - [2026-04-27T07:05:52.222+0000] {dag.py:3239} INFO - Sync 1 DAGs
[2026-04-27T07:05:52.259+0000] {logging_mixin.py:190} INFO - [2026-04-27T07:05:52.259+0000] {dag.py:4180} INFO - Setting next_dagrun for kafka_producer to 2026-04-26 18:30:00+00:00, run_after=2026-04-27 18:30:00+00:00
[2026-04-27T07:05:52.288+0000] {processor.py:208} INFO - Processing /opt/airflow/dags/kafka_load.py took 0.147 seconds
[2026-04-27T07:06:26.803+0000] {processor.py:186} INFO - Started process (PID=63) to work on /opt/airflow/dags/kafka_load.py
[2026-04-27T07:06:26.819+0000] {processor.py:914} INFO - Processing file /opt/airflow/dags/kafka_load.py for tasks to queue
[2026-04-27T07:06:26.823+0000] {logging_mixin.py:190} INFO - [2026-04-27T07:06:26.822+0000] {dagbag.py:588} INFO - Filling up the DagBag from /opt/airflow/dags/kafka_load.py
[2026-04-27T07:06:27.370+0000] {processor.py:925} INFO - DAG(s) 'kafka_producer' retrieved from /opt/airflow/dags/kafka_load.py
[2026-04-27T07:06:27.833+0000] {logging_mixin.py:190} INFO - [2026-04-27T07:06:27.832+0000] {dag.py:3239} INFO - Sync 1 DAGs
[2026-04-27T07:06:28.444+0000] {logging_mixin.py:190} INFO - [2026-04-27T07:06:28.443+0000] {dag.py:4180} INFO - Setting next_dagrun for kafka_producer to 2026-04-26 18:30:00+00:00, run_after=2026-04-27 18:30:00+00:00
[2026-04-27T07:06:28.647+0000] {processor.py:208} INFO - Processing /opt/airflow/dags/kafka_load.py took 1.852 seconds
[2026-04-27T07:06:59.693+0000] {processor.py:186} INFO - Started process (PID=66) to work on /opt/airflow/dags/kafka_load.py
[2026-04-27T07:06:59.701+0000] {processor.py:914} INFO - Processing file /opt/airflow/dags/kafka_load.py for tasks to queue
[2026-04-27T07:06:59.717+0000] {logging_mixin.py:190} INFO - [2026-04-27T07:06:59.716+0000] {dagbag.py:588} INFO - Filling up the DagBag from /opt/airflow/dags/kafka_load.py
[2026-04-27T07:07:00.093+0000] {processor.py:925} INFO - DAG(s) 'kafka_producer' retrieved from /opt/airflow/dags/kafka_load.py
[2026-04-27T07:07:00.221+0000] {logging_mixin.py:190} INFO - [2026-04-27T07:07:00.221+0000] {dag.py:3239} INFO - Sync 1 DAGs
[2026-04-27T07:07:00.482+0000] {logging_mixin.py:190} INFO - [2026-04-27T07:07:00.482+0000] {dag.py:4180} INFO - Setting next_dagrun for kafka_producer to 2026-04-26 18:30:00+00:00, run_after=2026-04-27 18:30:00+00:00
[2026-04-27T07:07:00.632+0000] {processor.py:208} INFO - Processing /opt/airflow/dags/kafka_load.py took 0.960 seconds
[2026-04-27T07:07:30.981+0000] {processor.py:186} INFO - Started process (PID=69) to work on /opt/airflow/dags/kafka_load.py
[2026-04-27T07:07:30.984+0000] {processor.py:914} INFO - Processing file /opt/airflow/dags/kafka_load.py for tasks to queue
[2026-04-27T07:07:30.989+0000] {logging_mixin.py:190} INFO - [2026-04-27T07:07:30.987+0000] {dagbag.py:588} INFO - Filling up the DagBag from /opt/airflow/dags/kafka_load.py
[2026-04-27T07:07:31.093+0000] {processor.py:925} INFO - DAG(s) 'kafka_producer' retrieved from /opt/airflow/dags/kafka_load.py
[2026-04-27T07:07:31.135+0000] {logging_mixin.py:190} INFO - [2026-04-27T07:07:31.135+0000] {dag.py:3239} INFO - Sync 1 DAGs
[2026-04-27T07:07:31.195+0000] {logging_mixin.py:190} INFO - [2026-04-27T07:07:31.195+0000] {dag.py:4180} INFO - Setting next_dagrun for kafka_producer to 2026-04-26 18:30:00+00:00, run_after=2026-04-27 18:30:00+00:00
[2026-04-27T07:07:31.242+0000] {processor.py:208} INFO - Processing /opt/airflow/dags/kafka_load.py took 0.280 seconds
[2026-04-27T07:08:01.698+0000] {processor.py:186} INFO - Started process (PID=71) to work on /opt/airflow/dags/kafka_load.py
[2026-04-27T07:08:01.700+0000] {processor.py:914} INFO - Processing file /opt/airflow/dags/kafka_load.py for tasks to queue
[2026-04-27T07:08:01.703+0000] {logging_mixin.py:190} INFO - [2026-04-27T07:08:01.703+0000] {dagbag.py:588} INFO - Filling up the DagBag from /opt/airflow/dags/kafka_load.py
[2026-04-27T07:08:01.753+0000] {processor.py:925} INFO - DAG(s) 'kafka_producer' retrieved from /opt/airflow/dags/kafka_load.py
[2026-04-27T07:08:01.784+0000] {logging_mixin.py:190} INFO - [2026-04-27T07:08:01.783+0000] {dag.py:3239} INFO - Sync 1 DAGs
[2026-04-27T07:08:01.818+0000] {logging_mixin.py:190} INFO - [2026-04-27T07:08:01.818+0000] {dag.py:4180} INFO - Setting next_dagrun for kafka_producer to 2026-04-26 18:30:00+00:00, run_after=2026-04-27 18:30:00+00:00
[2026-04-27T07:08:01.850+0000] {processor.py:208} INFO - Processing /opt/airflow/dags/kafka_load.py took 0.165 seconds
[2026-04-27T07:08:32.435+0000] {processor.py:186} INFO - Started process (PID=74) to work on /opt/airflow/dags/kafka_load.py
[2026-04-27T07:08:32.440+0000] {processor.py:914} INFO - Processing file /opt/airflow/dags/kafka_load.py for tasks to queue
[2026-04-27T07:08:32.449+0000] {logging_mixin.py:190} INFO - [2026-04-27T07:08:32.448+0000] {dagbag.py:588} INFO - Filling up the DagBag from /opt/airflow/dags/kafka_load.py
[2026-04-27T07:08:32.548+0000] {processor.py:925} INFO - DAG(s) 'kafka_producer' retrieved from /opt/airflow/dags/kafka_load.py
[2026-04-27T07:08:32.600+0000] {logging_mixin.py:190} INFO - [2026-04-27T07:08:32.600+0000] {dag.py:3239} INFO - Sync 1 DAGs
[2026-04-27T07:08:32.633+0000] {logging_mixin.py:190} INFO - [2026-04-27T07:08:32.633+0000] {dag.py:4180} INFO - Setting next_dagrun for kafka_producer to 2026-04-26 18:30:00+00:00, run_after=2026-04-27 18:30:00+00:00
[2026-04-27T07:08:32.675+0000] {processor.py:208} INFO - Processing /opt/airflow/dags/kafka_load.py took 0.262 seconds
[2026-04-27T07:09:03.191+0000] {processor.py:186} INFO - Started process (PID=77) to work on /opt/airflow/dags/kafka_load.py
[2026-04-27T07:09:03.193+0000] {processor.py:914} INFO - Processing file /opt/airflow/dags/kafka_load.py for tasks to queue
[2026-04-27T07:09:03.196+0000] {logging_mixin.py:190} INFO - [2026-04-27T07:09:03.196+0000] {dagbag.py:588} INFO - Filling up the DagBag from /opt/airflow/dags/kafka_load.py
[2026-04-27T07:09:03.228+0000] {processor.py:925} INFO - DAG(s) 'kafka_producer' retrieved from /opt/airflow/dags/kafka_load.py
[2026-04-27T07:09:03.262+0000] {logging_mixin.py:190} INFO - [2026-04-27T07:09:03.261+0000] {dag.py:3239} INFO - Sync 1 DAGs
[2026-04-27T07:09:03.314+0000] {logging_mixin.py:190} INFO - [2026-04-27T07:09:03.314+0000] {dag.py:4180} INFO - Setting next_dagrun for kafka_producer to 2026-04-26 18:30:00+00:00, run_after=2026-04-27 18:30:00+00:00
[2026-04-27T07:09:03.366+0000] {processor.py:208} INFO - Processing /opt/airflow/dags/kafka_load.py took 0.188 seconds
[2026-04-27T07:09:33.772+0000] {processor.py:186} INFO - Started process (PID=80) to work on /opt/airflow/dags/kafka_load.py
[2026-04-27T07:09:33.775+0000] {processor.py:914} INFO - Processing file /opt/airflow/dags/kafka_load.py for tasks to queue
[2026-04-27T07:09:33.781+0000] {logging_mixin.py:190} INFO - [2026-04-27T07:09:33.780+0000] {dagbag.py:588} INFO - Filling up the DagBag from /opt/airflow/dags/kafka_load.py
[2026-04-27T07:09:33.820+0000] {processor.py:925} INFO - DAG(s) 'kafka_producer' retrieved from /opt/airflow/dags/kafka_load.py
[2026-04-27T07:09:33.851+0000] {logging_mixin.py:190} INFO - [2026-04-27T07:09:33.850+0000] {dag.py:3239} INFO - Sync 1 DAGs
[2026-04-27T07:09:33.886+0000] {logging_mixin.py:190} INFO - [2026-04-27T07:09:33.886+0000] {dag.py:4180} INFO - Setting next_dagrun for kafka_producer to 2026-04-26 18:30:00+00:00, run_after=2026-04-27 18:30:00+00:00
[2026-04-27T07:09:33.917+0000] {processor.py:208} INFO - Processing /opt/airflow/dags/kafka_load.py took 0.157 seconds
[2026-04-27T07:10:04.409+0000] {processor.py:186} INFO - Started process (PID=83) to work on /opt/airflow/dags/kafka_load.py
[2026-04-27T07:10:04.411+0000] {processor.py:914} INFO - Processing file /opt/airflow/dags/kafka_load.py for tasks to queue
[2026-04-27T07:10:04.415+0000] {logging_mixin.py:190} INFO - [2026-04-27T07:10:04.415+0000] {dagbag.py:588} INFO - Filling up the DagBag from /opt/airflow/dags/kafka_load.py
[2026-04-27T07:10:04.453+0000] {processor.py:925} INFO - DAG(s) 'kafka_producer' retrieved from /opt/airflow/dags/kafka_load.py
[2026-04-27T07:10:04.480+0000] {logging_mixin.py:190} INFO - [2026-04-27T07:10:04.480+0000] {dag.py:3239} INFO - Sync 1 DAGs
[2026-04-27T07:10:04.514+0000] {logging_mixin.py:190} INFO - [2026-04-27T07:10:04.514+0000] {dag.py:4180} INFO - Setting next_dagrun for kafka_producer to 2026-04-26 18:30:00+00:00, run_after=2026-04-27 18:30:00+00:00
[2026-04-27T07:10:04.539+0000] {processor.py:208} INFO - Processing /opt/airflow/dags/kafka_load.py took 0.139 seconds
[2026-04-27T07:10:34.780+0000] {processor.py:186} INFO - Started process (PID=86) to work on /opt/airflow/dags/kafka_load.py
[2026-04-27T07:10:34.783+0000] {processor.py:914} INFO - Processing file /opt/airflow/dags/kafka_load.py for tasks to queue
[2026-04-27T07:10:34.788+0000] {logging_mixin.py:190} INFO - [2026-04-27T07:10:34.787+0000] {dagbag.py:588} INFO - Filling up the DagBag from /opt/airflow/dags/kafka_load.py
[2026-04-27T07:10:34.848+0000] {processor.py:925} INFO - DAG(s) 'kafka_producer' retrieved from /opt/airflow/dags/kafka_load.py
[2026-04-27T07:10:34.889+0000] {logging_mixin.py:190} INFO - [2026-04-27T07:10:34.889+0000] {dag.py:3239} INFO - Sync 1 DAGs
[2026-04-27T07:10:34.929+0000] {logging_mixin.py:190} INFO - [2026-04-27T07:10:34.929+0000] {dag.py:4180} INFO - Setting next_dagrun for kafka_producer to 2026-04-26 18:30:00+00:00, run_after=2026-04-27 18:30:00+00:00
[2026-04-27T07:10:34.956+0000] {processor.py:208} INFO - Processing /opt/airflow/dags/kafka_load.py took 0.191 seconds
[2026-04-27T07:11:05.412+0000] {processor.py:186} INFO - Started process (PID=89) to work on /opt/airflow/dags/kafka_load.py
[2026-04-27T07:11:05.414+0000] {processor.py:914} INFO - Processing file /opt/airflow/dags/kafka_load.py for tasks to queue
[2026-04-27T07:11:05.417+0000] {logging_mixin.py:190} INFO - [2026-04-27T07:11:05.417+0000] {dagbag.py:588} INFO - Filling up the DagBag from /opt/airflow/dags/kafka_load.py
[2026-04-27T07:11:05.454+0000] {processor.py:925} INFO - DAG(s) 'kafka_producer' retrieved from /opt/airflow/dags/kafka_load.py
[2026-04-27T07:11:05.484+0000] {logging_mixin.py:190} INFO - [2026-04-27T07:11:05.484+0000] {dag.py:3239} INFO - Sync 1 DAGs
[2026-04-27T07:11:05.517+0000] {logging_mixin.py:190} INFO - [2026-04-27T07:11:05.517+0000] {dag.py:4180} INFO - Setting next_dagrun for kafka_producer to 2026-04-26 18:30:00+00:00, run_after=2026-04-27 18:30:00+00:00
[2026-04-27T07:11:05.547+0000] {processor.py:208} INFO - Processing /opt/airflow/dags/kafka_load.py took 0.147 seconds
[2026-04-27T07:11:35.919+0000] {processor.py:186} INFO - Started process (PID=92) to work on /opt/airflow/dags/kafka_load.py
[2026-04-27T07:11:35.923+0000] {processor.py:914} INFO - Processing file /opt/airflow/dags/kafka_load.py for tasks to queue
[2026-04-27T07:11:35.927+0000] {logging_mixin.py:190} INFO - [2026-04-27T07:11:35.926+0000] {dagbag.py:588} INFO - Filling up the DagBag from /opt/airflow/dags/kafka_load.py
[2026-04-27T07:11:35.982+0000] {processor.py:925} INFO - DAG(s) 'kafka_producer' retrieved from /opt/airflow/dags/kafka_load.py
[2026-04-27T07:11:36.025+0000] {logging_mixin.py:190} INFO - [2026-04-27T07:11:36.024+0000] {dag.py:3239} INFO - Sync 1 DAGs
[2026-04-27T07:11:36.066+0000] {logging_mixin.py:190} INFO - [2026-04-27T07:11:36.066+0000] {dag.py:4180} INFO - Setting next_dagrun for kafka_producer to 2026-04-26 18:30:00+00:00, run_after=2026-04-27 18:30:00+00:00
[2026-04-27T07:11:36.118+0000] {processor.py:208} INFO - Processing /opt/airflow/dags/kafka_load.py took 0.212 seconds
[2026-04-27T07:12:07.086+0000] {processor.py:186} INFO - Started process (PID=95) to work on /opt/airflow/dags/kafka_load.py
[2026-04-27T07:12:07.091+0000] {processor.py:914} INFO - Processing file /opt/airflow/dags/kafka_load.py for tasks to queue
[2026-04-27T07:12:07.116+0000] {logging_mixin.py:190} INFO - [2026-04-27T07:12:07.116+0000] {dagbag.py:588} INFO - Filling up the DagBag from /opt/airflow/dags/kafka_load.py
[2026-04-27T07:12:07.231+0000] {processor.py:925} INFO - DAG(s) 'kafka_producer' retrieved from /opt/airflow/dags/kafka_load.py
[2026-04-27T07:12:07.286+0000] {logging_mixin.py:190} INFO - [2026-04-27T07:12:07.286+0000] {dag.py:3239} INFO - Sync 1 DAGs
[2026-04-27T07:12:07.386+0000] {logging_mixin.py:190} INFO - [2026-04-27T07:12:07.386+0000] {dag.py:4180} INFO - Setting next_dagrun for kafka_producer to 2026-04-26 18:30:00+00:00, run_after=2026-04-27 18:30:00+00:00
[2026-04-27T07:12:07.441+0000] {processor.py:208} INFO - Processing /opt/airflow/dags/kafka_load.py took 0.374 seconds
[2026-04-27T07:12:37.937+0000] {processor.py:186} INFO - Started process (PID=98) to work on /opt/airflow/dags/kafka_load.py
[2026-04-27T07:12:37.938+0000] {processor.py:914} INFO - Processing file /opt/airflow/dags/kafka_load.py for tasks to queue
[2026-04-27T07:12:37.942+0000] {logging_mixin.py:190} INFO - [2026-04-27T07:12:37.942+0000] {dagbag.py:588} INFO - Filling up the DagBag from /opt/airflow/dags/kafka_load.py
[2026-04-27T07:12:38.015+0000] {processor.py:925} INFO - DAG(s) 'kafka_producer' retrieved from /opt/airflow/dags/kafka_load.py
[2026-04-27T07:12:38.076+0000] {logging_mixin.py:190} INFO - [2026-04-27T07:12:38.076+0000] {dag.py:3239} INFO - Sync 1 DAGs
[2026-04-27T07:12:38.156+0000] {logging_mixin.py:190} INFO - [2026-04-27T07:12:38.155+0000] {dag.py:4180} INFO - Setting next_dagrun for kafka_producer to 2026-04-26 18:30:00+00:00, run_after=2026-04-27 18:30:00+00:00
[2026-04-27T07:12:38.246+0000] {processor.py:208} INFO - Processing /opt/airflow/dags/kafka_load.py took 0.328 seconds
[2026-04-27T07:13:08.616+0000] {processor.py:186} INFO - Started process (PID=101) to work on /opt/airflow/dags/kafka_load.py
[2026-04-27T07:13:08.617+0000] {processor.py:914} INFO - Processing file /opt/airflow/dags/kafka_load.py for tasks to queue
[2026-04-27T07:13:08.621+0000] {logging_mixin.py:190} INFO - [2026-04-27T07:13:08.620+0000] {dagbag.py:588} INFO - Filling up the DagBag from /opt/airflow/dags/kafka_load.py
[2026-04-27T07:13:08.669+0000] {processor.py:925} INFO - DAG(s) 'kafka_producer' retrieved from /opt/airflow/dags/kafka_load.py
[2026-04-27T07:13:08.699+0000] {logging_mixin.py:190} INFO - [2026-04-27T07:13:08.699+0000] {dag.py:3239} INFO - Sync 1 DAGs
[2026-04-27T07:13:08.734+0000] {logging_mixin.py:190} INFO - [2026-04-27T07:13:08.733+0000] {dag.py:4180} INFO - Setting next_dagrun for kafka_producer to 2026-04-26 18:30:00+00:00, run_after=2026-04-27 18:30:00+00:00
[2026-04-27T07:13:08.762+0000] {processor.py:208} INFO - Processing /opt/airflow/dags/kafka_load.py took 0.161 seconds
[2026-04-27T07:13:39.253+0000] {processor.py:186} INFO - Started process (PID=104) to work on /opt/airflow/dags/kafka_load.py
[2026-04-27T07:13:39.255+0000] {processor.py:914} INFO - Processing file /opt/airflow/dags/kafka_load.py for tasks to queue
[2026-04-27T07:13:39.259+0000] {logging_mixin.py:190} INFO - [2026-04-27T07:13:39.258+0000] {dagbag.py:588} INFO - Filling up the DagBag from /opt/airflow/dags/kafka_load.py
[2026-04-27T07:13:39.301+0000] {processor.py:925} INFO - DAG(s) 'kafka_producer' retrieved from /opt/airflow/dags/kafka_load.py
[2026-04-27T07:13:39.335+0000] {logging_mixin.py:190} INFO - [2026-04-27T07:13:39.334+0000] {dag.py:3239} INFO - Sync 1 DAGs
[2026-04-27T07:13:39.369+0000] {logging_mixin.py:190} INFO - [2026-04-27T07:13:39.368+0000] {dag.py:4180} INFO - Setting next_dagrun for kafka_producer to 2026-04-26 18:30:00+00:00, run_after=2026-04-27 18:30:00+00:00
[2026-04-27T07:13:39.722+0000] {processor.py:208} INFO - Processing /opt/airflow/dags/kafka_load.py took 0.483 seconds
[2026-04-27T07:14:10.117+0000] {processor.py:186} INFO - Started process (PID=107) to work on /opt/airflow/dags/kafka_load.py
[2026-04-27T07:14:10.119+0000] {processor.py:914} INFO - Processing file /opt/airflow/dags/kafka_load.py for tasks to queue
[2026-04-27T07:14:10.124+0000] {logging_mixin.py:190} INFO - [2026-04-27T07:14:10.124+0000] {dagbag.py:588} INFO - Filling up the DagBag from /opt/airflow/dags/kafka_load.py
[2026-04-27T07:14:10.167+0000] {processor.py:925} INFO - DAG(s) 'kafka_producer' retrieved from /opt/airflow/dags/kafka_load.py
[2026-04-27T07:14:10.197+0000] {logging_mixin.py:190} INFO - [2026-04-27T07:14:10.197+0000] {dag.py:3239} INFO - Sync 1 DAGs
[2026-04-27T07:14:10.231+0000] {logging_mixin.py:190} INFO - [2026-04-27T07:14:10.230+0000] {dag.py:4180} INFO - Setting next_dagrun for kafka_producer to 2026-04-26 18:30:00+00:00, run_after=2026-04-27 18:30:00+00:00
[2026-04-27T07:14:10.256+0000] {processor.py:208} INFO - Processing /opt/airflow/dags/kafka_load.py took 0.149 seconds
[2026-04-27T07:14:40.627+0000] {processor.py:186} INFO - Started process (PID=110) to work on /opt/airflow/dags/kafka_load.py
[2026-04-27T07:14:40.628+0000] {processor.py:914} INFO - Processing file /opt/airflow/dags/kafka_load.py for tasks to queue
[2026-04-27T07:14:40.632+0000] {logging_mixin.py:190} INFO - [2026-04-27T07:14:40.632+0000] {dagbag.py:588} INFO - Filling up the DagBag from /opt/airflow/dags/kafka_load.py
[2026-04-27T07:14:40.669+0000] {processor.py:925} INFO - DAG(s) 'kafka_producer' retrieved from /opt/airflow/dags/kafka_load.py
[2026-04-27T07:14:40.706+0000] {logging_mixin.py:190} INFO - [2026-04-27T07:14:40.706+0000] {dag.py:3239} INFO - Sync 1 DAGs
[2026-04-27T07:14:40.750+0000] {logging_mixin.py:190} INFO - [2026-04-27T07:14:40.749+0000] {dag.py:4180} INFO - Setting next_dagrun for kafka_producer to 2026-04-26 18:30:00+00:00, run_after=2026-04-27 18:30:00+00:00
[2026-04-27T07:14:40.778+0000] {processor.py:208} INFO - Processing /opt/airflow/dags/kafka_load.py took 0.161 seconds
[2026-04-27T07:15:11.146+0000] {processor.py:186} INFO - Started process (PID=113) to work on /opt/airflow/dags/kafka_load.py
[2026-04-27T07:15:11.148+0000] {processor.py:914} INFO - Processing file /opt/airflow/dags/kafka_load.py for tasks to queue
[2026-04-27T07:15:11.152+0000] {logging_mixin.py:190} INFO - [2026-04-27T07:15:11.152+0000] {dagbag.py:588} INFO - Filling up the DagBag from /opt/airflow/dags/kafka_load.py
[2026-04-27T07:15:11.183+0000] {processor.py:925} INFO - DAG(s) 'kafka_producer' retrieved from /opt/airflow/dags/kafka_load.py
[2026-04-27T07:15:11.213+0000] {logging_mixin.py:190} INFO - [2026-04-27T07:15:11.213+0000] {dag.py:3239} INFO - Sync 1 DAGs
[2026-04-27T07:15:11.246+0000] {logging_mixin.py:190} INFO - [2026-04-27T07:15:11.246+0000] {dag.py:4180} INFO - Setting next_dagrun for kafka_producer to 2026-04-26 18:30:00+00:00, run_after=2026-04-27 18:30:00+00:00
[2026-04-27T07:15:11.272+0000] {processor.py:208} INFO - Processing /opt/airflow/dags/kafka_load.py took 0.135 seconds
[2026-04-27T07:15:41.879+0000] {processor.py:186} INFO - Started process (PID=116) to work on /opt/airflow/dags/kafka_load.py
[2026-04-27T07:15:41.881+0000] {processor.py:914} INFO - Processing file /opt/airflow/dags/kafka_load.py for tasks to queue
[2026-04-27T07:15:41.887+0000] {logging_mixin.py:190} INFO - [2026-04-27T07:15:41.886+0000] {dagbag.py:588} INFO - Filling up the DagBag from /opt/airflow/dags/kafka_load.py
[2026-04-27T07:15:41.952+0000] {processor.py:925} INFO - DAG(s) 'kafka_producer' retrieved from /opt/airflow/dags/kafka_load.py
[2026-04-27T07:15:41.996+0000] {logging_mixin.py:190} INFO - [2026-04-27T07:15:41.996+0000] {dag.py:3239} INFO - Sync 1 DAGs
[2026-04-27T07:15:42.089+0000] {logging_mixin.py:190} INFO - [2026-04-27T07:15:42.088+0000] {dag.py:4180} INFO - Setting next_dagrun for kafka_producer to 2026-04-26 18:30:00+00:00, run_after=2026-04-27 18:30:00+00:00
[2026-04-27T07:15:42.159+0000] {processor.py:208} INFO - Processing /opt/airflow/dags/kafka_load.py took 0.298 seconds
[2026-04-27T07:16:12.770+0000] {processor.py:186} INFO - Started process (PID=119) to work on /opt/airflow/dags/kafka_load.py
[2026-04-27T07:16:12.771+0000] {processor.py:914} INFO - Processing file /opt/airflow/dags/kafka_load.py for tasks to queue
[2026-04-27T07:16:12.777+0000] {logging_mixin.py:190} INFO - [2026-04-27T07:16:12.776+0000] {dagbag.py:588} INFO - Filling up the DagBag from /opt/airflow/dags/kafka_load.py
[2026-04-27T07:16:12.809+0000] {processor.py:925} INFO - DAG(s) 'kafka_producer' retrieved from /opt/airflow/dags/kafka_load.py
[2026-04-27T07:16:12.838+0000] {logging_mixin.py:190} INFO - [2026-04-27T07:16:12.838+0000] {dag.py:3239} INFO - Sync 1 DAGs
[2026-04-27T07:16:12.872+0000] {logging_mixin.py:190} INFO - [2026-04-27T07:16:12.872+0000] {dag.py:4180} INFO - Setting next_dagrun for kafka_producer to 2026-04-26 18:30:00+00:00, run_after=2026-04-27 18:30:00+00:00
[2026-04-27T07:16:12.897+0000] {processor.py:208} INFO - Processing /opt/airflow/dags/kafka_load.py took 0.137 seconds
[2026-04-27T07:16:43.295+0000] {processor.py:186} INFO - Started process (PID=122) to work on /opt/airflow/dags/kafka_load.py
[2026-04-27T07:16:43.297+0000] {processor.py:914} INFO - Processing file /opt/airflow/dags/kafka_load.py for tasks to queue
[2026-04-27T07:16:43.303+0000] {logging_mixin.py:190} INFO - [2026-04-27T07:16:43.301+0000] {dagbag.py:588} INFO - Filling up the DagBag from /opt/airflow/dags/kafka_load.py
[2026-04-27T07:16:43.372+0000] {processor.py:925} INFO - DAG(s) 'kafka_producer' retrieved from /opt/airflow/dags/kafka_load.py
[2026-04-27T07:16:43.454+0000] {logging_mixin.py:190} INFO - [2026-04-27T07:16:43.444+0000] {dag.py:3239} INFO - Sync 1 DAGs
[2026-04-27T07:16:43.507+0000] {logging_mixin.py:190} INFO - [2026-04-27T07:16:43.507+0000] {dag.py:4180} INFO - Setting next_dagrun for kafka_producer to 2026-04-26 18:30:00+00:00, run_after=2026-04-27 18:30:00+00:00
[2026-04-27T07:16:43.542+0000] {processor.py:208} INFO - Processing /opt/airflow/dags/kafka_load.py took 0.260 seconds
[2026-04-27T07:17:14.013+0000] {processor.py:186} INFO - Started process (PID=125) to work on /opt/airflow/dags/kafka_load.py
[2026-04-27T07:17:14.015+0000] {processor.py:914} INFO - Processing file /opt/airflow/dags/kafka_load.py for tasks to queue
[2026-04-27T07:17:14.027+0000] {logging_mixin.py:190} INFO - [2026-04-27T07:17:14.026+0000] {dagbag.py:588} INFO - Filling up the DagBag from /opt/airflow/dags/kafka_load.py
[2026-04-27T07:17:14.096+0000] {processor.py:925} INFO - DAG(s) 'kafka_producer' retrieved from /opt/airflow/dags/kafka_load.py
[2026-04-27T07:17:14.145+0000] {logging_mixin.py:190} INFO - [2026-04-27T07:17:14.144+0000] {dag.py:3239} INFO - Sync 1 DAGs
[2026-04-27T07:17:14.255+0000] {logging_mixin.py:190} INFO - [2026-04-27T07:17:14.254+0000] {dag.py:4180} INFO - Setting next_dagrun for kafka_producer to 2026-04-26 18:30:00+00:00, run_after=2026-04-27 18:30:00+00:00
[2026-04-27T07:17:14.320+0000] {processor.py:208} INFO - Processing /opt/airflow/dags/kafka_load.py took 0.323 seconds
[2026-04-27T07:17:44.917+0000] {processor.py:186} INFO - Started process (PID=128) to work on /opt/airflow/dags/kafka_load.py
[2026-04-27T07:17:44.918+0000] {processor.py:914} INFO - Processing file /opt/airflow/dags/kafka_load.py for tasks to queue
[2026-04-27T07:17:44.922+0000] {logging_mixin.py:190} INFO - [2026-04-27T07:17:44.922+0000] {dagbag.py:588} INFO - Filling up the DagBag from /opt/airflow/dags/kafka_load.py
[2026-04-27T07:17:44.961+0000] {processor.py:925} INFO - DAG(s) 'kafka_producer' retrieved from /opt/airflow/dags/kafka_load.py
[2026-04-27T07:17:44.999+0000] {logging_mixin.py:190} INFO - [2026-04-27T07:17:44.999+0000] {dag.py:3239} INFO - Sync 1 DAGs
[2026-04-27T07:17:45.044+0000] {logging_mixin.py:190} INFO - [2026-04-27T07:17:45.043+0000] {dag.py:4180} INFO - Setting next_dagrun for kafka_producer to 2026-04-26 18:30:00+00:00, run_after=2026-04-27 18:30:00+00:00
[2026-04-27T07:17:45.099+0000] {processor.py:208} INFO - Processing /opt/airflow/dags/kafka_load.py took 0.193 seconds
[2026-04-27T07:18:15.529+0000] {processor.py:186} INFO - Started process (PID=131) to work on /opt/airflow/dags/kafka_load.py
[2026-04-27T07:18:15.531+0000] {processor.py:914} INFO - Processing file /opt/airflow/dags/kafka_load.py for tasks to queue
[2026-04-27T07:18:15.537+0000] {logging_mixin.py:190} INFO - [2026-04-27T07:18:15.537+0000] {dagbag.py:588} INFO - Filling up the DagBag from /opt/airflow/dags/kafka_load.py
[2026-04-27T07:18:15.577+0000] {processor.py:925} INFO - DAG(s) 'kafka_producer' retrieved from /opt/airflow/dags/kafka_load.py
[2026-04-27T07:18:15.611+0000] {logging_mixin.py:190} INFO - [2026-04-27T07:18:15.610+0000] {dag.py:3239} INFO - Sync 1 DAGs
[2026-04-27T07:18:15.702+0000] {logging_mixin.py:190} INFO - [2026-04-27T07:18:15.701+0000] {dag.py:4180} INFO - Setting next_dagrun for kafka_producer to 2026-04-26 18:30:00+00:00, run_after=2026-04-27 18:30:00+00:00
[2026-04-27T07:18:15.772+0000] {processor.py:208} INFO - Processing /opt/airflow/dags/kafka_load.py took 0.253 seconds
[2026-04-27T07:18:46.196+0000] {processor.py:186} INFO - Started process (PID=134) to work on /opt/airflow/dags/kafka_load.py
[2026-04-27T07:18:46.198+0000] {processor.py:914} INFO - Processing file /opt/airflow/dags/kafka_load.py for tasks to queue
[2026-04-27T07:18:46.201+0000] {logging_mixin.py:190} INFO - [2026-04-27T07:18:46.201+0000] {dagbag.py:588} INFO - Filling up the DagBag from /opt/airflow/dags/kafka_load.py
[2026-04-27T07:18:46.237+0000] {processor.py:925} INFO - DAG(s) 'kafka_producer' retrieved from /opt/airflow/dags/kafka_load.py
[2026-04-27T07:18:46.270+0000] {logging_mixin.py:190} INFO - [2026-04-27T07:18:46.270+0000] {dag.py:3239} INFO - Sync 1 DAGs
[2026-04-27T07:18:46.302+0000] {logging_mixin.py:190} INFO - [2026-04-27T07:18:46.301+0000] {dag.py:4180} INFO - Setting next_dagrun for kafka_producer to 2026-04-26 18:30:00+00:00, run_after=2026-04-27 18:30:00+00:00
[2026-04-27T07:18:46.330+0000] {processor.py:208} INFO - Processing /opt/airflow/dags/kafka_load.py took 0.145 seconds
[2026-04-27T07:19:16.858+0000] {processor.py:186} INFO - Started process (PID=137) to work on /opt/airflow/dags/kafka_load.py
[2026-04-27T07:19:16.862+0000] {processor.py:914} INFO - Processing file /opt/airflow/dags/kafka_load.py for tasks to queue
[2026-04-27T07:19:16.875+0000] {logging_mixin.py:190} INFO - [2026-04-27T07:19:16.868+0000] {dagbag.py:588} INFO - Filling up the DagBag from /opt/airflow/dags/kafka_load.py
[2026-04-27T07:19:16.965+0000] {processor.py:925} INFO - DAG(s) 'kafka_producer' retrieved from /opt/airflow/dags/kafka_load.py
[2026-04-27T07:19:17.062+0000] {logging_mixin.py:190} INFO - [2026-04-27T07:19:17.061+0000] {dag.py:3239} INFO - Sync 1 DAGs
[2026-04-27T07:19:17.198+0000] {logging_mixin.py:190} INFO - [2026-04-27T07:19:17.198+0000] {dag.py:4180} INFO - Setting next_dagrun for kafka_producer to 2026-04-26 18:30:00+00:00, run_after=2026-04-27 18:30:00+00:00
[2026-04-27T07:19:17.278+0000] {processor.py:208} INFO - Processing /opt/airflow/dags/kafka_load.py took 0.445 seconds
[2026-04-27T07:19:47.922+0000] {processor.py:186} INFO - Started process (PID=140) to work on /opt/airflow/dags/kafka_load.py
[2026-04-27T07:19:47.924+0000] {processor.py:914} INFO - Processing file /opt/airflow/dags/kafka_load.py for tasks to queue
[2026-04-27T07:19:47.928+0000] {logging_mixin.py:190} INFO - [2026-04-27T07:19:47.928+0000] {dagbag.py:588} INFO - Filling up the DagBag from /opt/airflow/dags/kafka_load.py
[2026-04-27T07:19:47.974+0000] {processor.py:925} INFO - DAG(s) 'kafka_producer' retrieved from /opt/airflow/dags/kafka_load.py
[2026-04-27T07:19:48.009+0000] {logging_mixin.py:190} INFO - [2026-04-27T07:19:48.009+0000] {dag.py:3239} INFO - Sync 1 DAGs
[2026-04-27T07:19:48.051+0000] {logging_mixin.py:190} INFO - [2026-04-27T07:19:48.050+0000] {dag.py:4180} INFO - Setting next_dagrun for kafka_producer to 2026-04-26 18:30:00+00:00, run_after=2026-04-27 18:30:00+00:00
[2026-04-27T07:19:48.087+0000] {processor.py:208} INFO - Processing /opt/airflow/dags/kafka_load.py took 0.177 seconds
[2026-04-27T07:20:18.574+0000] {processor.py:186} INFO - Started process (PID=143) to work on /opt/airflow/dags/kafka_load.py
[2026-04-27T07:20:18.577+0000] {processor.py:914} INFO - Processing file /opt/airflow/dags/kafka_load.py for tasks to queue
[2026-04-27T07:20:18.582+0000] {logging_mixin.py:190} INFO - [2026-04-27T07:20:18.582+0000] {dagbag.py:588} INFO - Filling up the DagBag from /opt/airflow/dags/kafka_load.py
[2026-04-27T07:20:18.630+0000] {processor.py:925} INFO - DAG(s) 'kafka_producer' retrieved from /opt/airflow/dags/kafka_load.py
[2026-04-27T07:20:18.674+0000] {logging_mixin.py:190} INFO - [2026-04-27T07:20:18.673+0000] {dag.py:3239} INFO - Sync 1 DAGs
[2026-04-27T07:20:18.716+0000] {logging_mixin.py:190} INFO - [2026-04-27T07:20:18.716+0000] {dag.py:4180} INFO - Setting next_dagrun for kafka_producer to 2026-04-26 18:30:00+00:00, run_after=2026-04-27 18:30:00+00:00
[2026-04-27T07:20:18.747+0000] {processor.py:208} INFO - Processing /opt/airflow/dags/kafka_load.py took 0.183 seconds
[2026-04-27T07:20:49.312+0000] {processor.py:186} INFO - Started process (PID=146) to work on /opt/airflow/dags/kafka_load.py
[2026-04-27T07:20:49.314+0000] {processor.py:914} INFO - Processing file /opt/airflow/dags/kafka_load.py for tasks to queue
[2026-04-27T07:20:49.319+0000] {logging_mixin.py:190} INFO - [2026-04-27T07:20:49.318+0000] {dagbag.py:588} INFO - Filling up the DagBag from /opt/airflow/dags/kafka_load.py
[2026-04-27T07:20:49.358+0000] {processor.py:925} INFO - DAG(s) 'kafka_producer' retrieved from /opt/airflow/dags/kafka_load.py
[2026-04-27T07:20:49.385+0000] {logging_mixin.py:190} INFO - [2026-04-27T07:20:49.385+0000] {dag.py:3239} INFO - Sync 1 DAGs
[2026-04-27T07:20:49.420+0000] {logging_mixin.py:190} INFO - [2026-04-27T07:20:49.419+0000] {dag.py:4180} INFO - Setting next_dagrun for kafka_producer to 2026-04-26 18:30:00+00:00, run_after=2026-04-27 18:30:00+00:00
[2026-04-27T07:20:49.451+0000] {processor.py:208} INFO - Processing /opt/airflow/dags/kafka_load.py took 0.149 seconds
[2026-04-27T07:21:19.680+0000] {processor.py:186} INFO - Started process (PID=149) to work on /opt/airflow/dags/kafka_load.py
[2026-04-27T07:21:19.682+0000] {processor.py:914} INFO - Processing file /opt/airflow/dags/kafka_load.py for tasks to queue
[2026-04-27T07:21:19.685+0000] {logging_mixin.py:190} INFO - [2026-04-27T07:21:19.685+0000] {dagbag.py:588} INFO - Filling up the DagBag from /opt/airflow/dags/kafka_load.py
[2026-04-27T07:21:19.733+0000] {processor.py:925} INFO - DAG(s) 'kafka_producer' retrieved from /opt/airflow/dags/kafka_load.py
[2026-04-27T07:21:19.804+0000] {logging_mixin.py:190} INFO - [2026-04-27T07:21:19.804+0000] {dag.py:3239} INFO - Sync 1 DAGs
[2026-04-27T07:21:19.847+0000] {logging_mixin.py:190} INFO - [2026-04-27T07:21:19.847+0000] {dag.py:4180} INFO - Setting next_dagrun for kafka_producer to 2026-04-26 18:30:00+00:00, run_after=2026-04-27 18:30:00+00:00
[2026-04-27T07:21:19.878+0000] {processor.py:208} INFO - Processing /opt/airflow/dags/kafka_load.py took 0.211 seconds
[2026-04-27T07:21:50.050+0000] {processor.py:186} INFO - Started process (PID=152) to work on /opt/airflow/dags/kafka_load.py
[2026-04-27T07:21:50.051+0000] {processor.py:914} INFO - Processing file /opt/airflow/dags/kafka_load.py for tasks to queue
[2026-04-27T07:21:50.056+0000] {logging_mixin.py:190} INFO - [2026-04-27T07:21:50.054+0000] {dagbag.py:588} INFO - Filling up the DagBag from /opt/airflow/dags/kafka_load.py
[2026-04-27T07:21:50.087+0000] {processor.py:925} INFO - DAG(s) 'kafka_producer' retrieved from /opt/airflow/dags/kafka_load.py
[2026-04-27T07:21:50.125+0000] {logging_mixin.py:190} INFO - [2026-04-27T07:21:50.124+0000] {dag.py:3239} INFO - Sync 1 DAGs
[2026-04-27T07:21:50.157+0000] {logging_mixin.py:190} INFO - [2026-04-27T07:21:50.156+0000] {dag.py:4180} INFO - Setting next_dagrun for kafka_producer to 2026-04-26 18:30:00+00:00, run_after=2026-04-27 18:30:00+00:00
[2026-04-27T07:21:50.186+0000] {processor.py:208} INFO - Processing /opt/airflow/dags/kafka_load.py took 0.145 seconds
[2026-04-27T07:22:20.966+0000] {processor.py:186} INFO - Started process (PID=155) to work on /opt/airflow/dags/kafka_load.py
[2026-04-27T07:22:20.968+0000] {processor.py:914} INFO - Processing file /opt/airflow/dags/kafka_load.py for tasks to queue
[2026-04-27T07:22:20.978+0000] {logging_mixin.py:190} INFO - [2026-04-27T07:22:20.978+0000] {dagbag.py:588} INFO - Filling up the DagBag from /opt/airflow/dags/kafka_load.py
[2026-04-27T07:22:21.051+0000] {processor.py:925} INFO - DAG(s) 'kafka_producer' retrieved from /opt/airflow/dags/kafka_load.py
[2026-04-27T07:22:21.178+0000] {logging_mixin.py:190} INFO - [2026-04-27T07:22:21.167+0000] {dag.py:3239} INFO - Sync 1 DAGs
[2026-04-27T07:22:21.302+0000] {logging_mixin.py:190} INFO - [2026-04-27T07:22:21.301+0000] {dag.py:4180} INFO - Setting next_dagrun for kafka_producer to 2026-04-26 18:30:00+00:00, run_after=2026-04-27 18:30:00+00:00
[2026-04-27T07:22:21.370+0000] {processor.py:208} INFO - Processing /opt/airflow/dags/kafka_load.py took 0.418 seconds
[2026-04-27T07:22:52.238+0000] {processor.py:186} INFO - Started process (PID=158) to work on /opt/airflow/dags/kafka_load.py
[2026-04-27T07:22:52.240+0000] {processor.py:914} INFO - Processing file /opt/airflow/dags/kafka_load.py for tasks to queue
[2026-04-27T07:22:52.244+0000] {logging_mixin.py:190} INFO - [2026-04-27T07:22:52.244+0000] {dagbag.py:588} INFO - Filling up the DagBag from /opt/airflow/dags/kafka_load.py
[2026-04-27T07:22:52.290+0000] {processor.py:925} INFO - DAG(s) 'kafka_producer' retrieved from /opt/airflow/dags/kafka_load.py
[2026-04-27T07:22:52.326+0000] {logging_mixin.py:190} INFO - [2026-04-27T07:22:52.326+0000] {dag.py:3239} INFO - Sync 1 DAGs
[2026-04-27T07:22:52.367+0000] {logging_mixin.py:190} INFO - [2026-04-27T07:22:52.367+0000] {dag.py:4180} INFO - Setting next_dagrun for kafka_producer to 2026-04-26 18:30:00+00:00, run_after=2026-04-27 18:30:00+00:00
[2026-04-27T07:22:52.469+0000] {processor.py:208} INFO - Processing /opt/airflow/dags/kafka_load.py took 0.243 seconds
[2026-04-27T07:23:22.736+0000] {processor.py:186} INFO - Started process (PID=161) to work on /opt/airflow/dags/kafka_load.py
[2026-04-27T07:23:22.737+0000] {processor.py:914} INFO - Processing file /opt/airflow/dags/kafka_load.py for tasks to queue
[2026-04-27T07:23:22.746+0000] {logging_mixin.py:190} INFO - [2026-04-27T07:23:22.746+0000] {dagbag.py:588} INFO - Filling up the DagBag from /opt/airflow/dags/kafka_load.py
[2026-04-27T07:23:22.801+0000] {processor.py:925} INFO - DAG(s) 'kafka_producer' retrieved from /opt/airflow/dags/kafka_load.py
[2026-04-27T07:23:22.892+0000] {logging_mixin.py:190} INFO - [2026-04-27T07:23:22.892+0000] {dag.py:3239} INFO - Sync 1 DAGs
[2026-04-27T07:23:23.003+0000] {logging_mixin.py:190} INFO - [2026-04-27T07:23:23.002+0000] {dag.py:4180} INFO - Setting next_dagrun for kafka_producer to 2026-04-26 18:30:00+00:00, run_after=2026-04-27 18:30:00+00:00
[2026-04-27T07:23:23.052+0000] {processor.py:208} INFO - Processing /opt/airflow/dags/kafka_load.py took 0.347 seconds
[2026-04-27T07:23:54.119+0000] {processor.py:186} INFO - Started process (PID=164) to work on /opt/airflow/dags/kafka_load.py
[2026-04-27T07:23:54.142+0000] {processor.py:914} INFO - Processing file /opt/airflow/dags/kafka_load.py for tasks to queue
[2026-04-27T07:23:54.152+0000] {logging_mixin.py:190} INFO - [2026-04-27T07:23:54.152+0000] {dagbag.py:588} INFO - Filling up the DagBag from /opt/airflow/dags/kafka_load.py
[2026-04-27T07:23:54.221+0000] {processor.py:925} INFO - DAG(s) 'kafka_producer' retrieved from /opt/airflow/dags/kafka_load.py
[2026-04-27T07:23:54.278+0000] {logging_mixin.py:190} INFO - [2026-04-27T07:23:54.277+0000] {dag.py:3239} INFO - Sync 1 DAGs
[2026-04-27T07:23:54.334+0000] {logging_mixin.py:190} INFO - [2026-04-27T07:23:54.334+0000] {dag.py:4180} INFO - Setting next_dagrun for kafka_producer to 2026-04-26 18:30:00+00:00, run_after=2026-04-27 18:30:00+00:00
[2026-04-27T07:23:54.365+0000] {processor.py:208} INFO - Processing /opt/airflow/dags/kafka_load.py took 0.280 seconds
[2026-04-27T07:24:24.821+0000] {processor.py:186} INFO - Started process (PID=167) to work on /opt/airflow/dags/kafka_load.py
[2026-04-27T07:24:24.823+0000] {processor.py:914} INFO - Processing file /opt/airflow/dags/kafka_load.py for tasks to queue
[2026-04-27T07:24:24.828+0000] {logging_mixin.py:190} INFO - [2026-04-27T07:24:24.827+0000] {dagbag.py:588} INFO - Filling up the DagBag from /opt/airflow/dags/kafka_load.py
[2026-04-27T07:24:24.862+0000] {processor.py:925} INFO - DAG(s) 'kafka_producer' retrieved from /opt/airflow/dags/kafka_load.py
[2026-04-27T07:24:24.893+0000] {logging_mixin.py:190} INFO - [2026-04-27T07:24:24.892+0000] {dag.py:3239} INFO - Sync 1 DAGs
[2026-04-27T07:24:24.924+0000] {logging_mixin.py:190} INFO - [2026-04-27T07:24:24.924+0000] {dag.py:4180} INFO - Setting next_dagrun for kafka_producer to 2026-04-26 18:30:00+00:00, run_after=2026-04-27 18:30:00+00:00
[2026-04-27T07:24:24.952+0000] {processor.py:208} INFO - Processing /opt/airflow/dags/kafka_load.py took 0.142 seconds
[2026-04-27T07:24:55.441+0000] {processor.py:186} INFO - Started process (PID=170) to work on /opt/airflow/dags/kafka_load.py
[2026-04-27T07:24:55.444+0000] {processor.py:914} INFO - Processing file /opt/airflow/dags/kafka_load.py for tasks to queue
[2026-04-27T07:24:55.448+0000] {logging_mixin.py:190} INFO - [2026-04-27T07:24:55.447+0000] {dagbag.py:588} INFO - Filling up the DagBag from /opt/airflow/dags/kafka_load.py
[2026-04-27T07:24:55.504+0000] {processor.py:925} INFO - DAG(s) 'kafka_producer' retrieved from /opt/airflow/dags/kafka_load.py
[2026-04-27T07:24:55.546+0000] {logging_mixin.py:190} INFO - [2026-04-27T07:24:55.546+0000] {dag.py:3239} INFO - Sync 1 DAGs
[2026-04-27T07:24:55.579+0000] {logging_mixin.py:190} INFO - [2026-04-27T07:24:55.579+0000] {dag.py:4180} INFO - Setting next_dagrun for kafka_producer to 2026-04-26 18:30:00+00:00, run_after=2026-04-27 18:30:00+00:00
[2026-04-27T07:24:55.618+0000] {processor.py:208} INFO - Processing /opt/airflow/dags/kafka_load.py took 0.187 seconds
[2026-04-27T07:25:26.434+0000] {processor.py:186} INFO - Started process (PID=173) to work on /opt/airflow/dags/kafka_load.py
[2026-04-27T07:25:26.436+0000] {processor.py:914} INFO - Processing file /opt/airflow/dags/kafka_load.py for tasks to queue
[2026-04-27T07:25:26.439+0000] {logging_mixin.py:190} INFO - [2026-04-27T07:25:26.438+0000] {dagbag.py:588} INFO - Filling up the DagBag from /opt/airflow/dags/kafka_load.py
[2026-04-27T07:25:26.476+0000] {processor.py:925} INFO - DAG(s) 'kafka_producer' retrieved from /opt/airflow/dags/kafka_load.py
[2026-04-27T07:25:26.507+0000] {logging_mixin.py:190} INFO - [2026-04-27T07:25:26.507+0000] {dag.py:3239} INFO - Sync 1 DAGs
[2026-04-27T07:25:26.542+0000] {logging_mixin.py:190} INFO - [2026-04-27T07:25:26.541+0000] {dag.py:4180} INFO - Setting next_dagrun for kafka_producer to 2026-04-26 18:30:00+00:00, run_after=2026-04-27 18:30:00+00:00
[2026-04-27T07:25:26.571+0000] {processor.py:208} INFO - Processing /opt/airflow/dags/kafka_load.py took 0.148 seconds
[2026-04-27T07:25:57.090+0000] {processor.py:186} INFO - Started process (PID=176) to work on /opt/airflow/dags/kafka_load.py
[2026-04-27T07:25:57.092+0000] {processor.py:914} INFO - Processing file /opt/airflow/dags/kafka_load.py for tasks to queue
[2026-04-27T07:25:57.096+0000] {logging_mixin.py:190} INFO - [2026-04-27T07:25:57.095+0000] {dagbag.py:588} INFO - Filling up the DagBag from /opt/airflow/dags/kafka_load.py
[2026-04-27T07:25:57.129+0000] {processor.py:925} INFO - DAG(s) 'kafka_producer' retrieved from /opt/airflow/dags/kafka_load.py
[2026-04-27T07:25:57.157+0000] {logging_mixin.py:190} INFO - [2026-04-27T07:25:57.156+0000] {dag.py:3239} INFO - Sync 1 DAGs
[2026-04-27T07:25:57.197+0000] {logging_mixin.py:190} INFO - [2026-04-27T07:25:57.196+0000] {dag.py:4180} INFO - Setting next_dagrun for kafka_producer to 2026-04-26 18:30:00+00:00, run_after=2026-04-27 18:30:00+00:00
[2026-04-27T07:25:57.223+0000] {processor.py:208} INFO - Processing /opt/airflow/dags/kafka_load.py took 0.144 seconds
[2026-04-27T07:26:27.661+0000] {processor.py:186} INFO - Started process (PID=179) to work on /opt/airflow/dags/kafka_load.py
[2026-04-27T07:26:27.670+0000] {processor.py:914} INFO - Processing file /opt/airflow/dags/kafka_load.py for tasks to queue
[2026-04-27T07:26:27.679+0000] {logging_mixin.py:190} INFO - [2026-04-27T07:26:27.678+0000] {dagbag.py:588} INFO - Filling up the DagBag from /opt/airflow/dags/kafka_load.py
[2026-04-27T07:26:27.761+0000] {processor.py:925} INFO - DAG(s) 'kafka_producer' retrieved from /opt/airflow/dags/kafka_load.py
[2026-04-27T07:26:27.872+0000] {logging_mixin.py:190} INFO - [2026-04-27T07:26:27.872+0000] {dag.py:3239} INFO - Sync 1 DAGs
[2026-04-27T07:26:27.936+0000] {logging_mixin.py:190} INFO - [2026-04-27T07:26:27.936+0000] {dag.py:4180} INFO - Setting next_dagrun for kafka_producer to 2026-04-26 18:30:00+00:00, run_after=2026-04-27 18:30:00+00:00
[2026-04-27T07:26:27.968+0000] {processor.py:208} INFO - Processing /opt/airflow/dags/kafka_load.py took 0.323 seconds
[2026-04-27T07:26:58.643+0000] {processor.py:186} INFO - Started process (PID=182) to work on /opt/airflow/dags/kafka_load.py
[2026-04-27T07:26:58.647+0000] {processor.py:914} INFO - Processing file /opt/airflow/dags/kafka_load.py for tasks to queue
[2026-04-27T07:26:58.668+0000] {logging_mixin.py:190} INFO - [2026-04-27T07:26:58.657+0000] {dagbag.py:588} INFO - Filling up the DagBag from /opt/airflow/dags/kafka_load.py
[2026-04-27T07:26:58.790+0000] {processor.py:925} INFO - DAG(s) 'kafka_producer' retrieved from /opt/airflow/dags/kafka_load.py
[2026-04-27T07:26:58.865+0000] {logging_mixin.py:190} INFO - [2026-04-27T07:26:58.864+0000] {dag.py:3239} INFO - Sync 1 DAGs
[2026-04-27T07:26:58.941+0000] {logging_mixin.py:190} INFO - [2026-04-27T07:26:58.940+0000] {dag.py:4180} INFO - Setting next_dagrun for kafka_producer to 2026-04-26 18:30:00+00:00, run_after=2026-04-27 18:30:00+00:00
[2026-04-27T07:26:59.093+0000] {processor.py:208} INFO - Processing /opt/airflow/dags/kafka_load.py took 0.473 seconds
[2026-04-27T07:27:29.581+0000] {processor.py:186} INFO - Started process (PID=185) to work on /opt/airflow/dags/kafka_load.py
[2026-04-27T07:27:29.586+0000] {processor.py:914} INFO - Processing file /opt/airflow/dags/kafka_load.py for tasks to queue
[2026-04-27T07:27:29.590+0000] {logging_mixin.py:190} INFO - [2026-04-27T07:27:29.589+0000] {dagbag.py:588} INFO - Filling up the DagBag from /opt/airflow/dags/kafka_load.py
[2026-04-27T07:27:29.645+0000] {processor.py:925} INFO - DAG(s) 'kafka_producer' retrieved from /opt/airflow/dags/kafka_load.py
[2026-04-27T07:27:29.686+0000] {logging_mixin.py:190} INFO - [2026-04-27T07:27:29.686+0000] {dag.py:3239} INFO - Sync 1 DAGs
[2026-04-27T07:27:29.809+0000] {logging_mixin.py:190} INFO - [2026-04-27T07:27:29.800+0000] {dag.py:4180} INFO - Setting next_dagrun for kafka_producer to 2026-04-26 18:30:00+00:00, run_after=2026-04-27 18:30:00+00:00
[2026-04-27T07:27:29.891+0000] {processor.py:208} INFO - Processing /opt/airflow/dags/kafka_load.py took 0.325 seconds
[2026-04-27T07:28:00.453+0000] {processor.py:186} INFO - Started process (PID=188) to work on /opt/airflow/dags/kafka_load.py
[2026-04-27T07:28:00.455+0000] {processor.py:914} INFO - Processing file /opt/airflow/dags/kafka_load.py for tasks to queue
[2026-04-27T07:28:00.459+0000] {logging_mixin.py:190} INFO - [2026-04-27T07:28:00.458+0000] {dagbag.py:588} INFO - Filling up the DagBag from /opt/airflow/dags/kafka_load.py
[2026-04-27T07:28:00.499+0000] {processor.py:925} INFO - DAG(s) 'kafka_producer' retrieved from /opt/airflow/dags/kafka_load.py
[2026-04-27T07:28:00.529+0000] {logging_mixin.py:190} INFO - [2026-04-27T07:28:00.529+0000] {dag.py:3239} INFO - Sync 1 DAGs
[2026-04-27T07:28:00.564+0000] {logging_mixin.py:190} INFO - [2026-04-27T07:28:00.564+0000] {dag.py:4180} INFO - Setting next_dagrun for kafka_producer to 2026-04-26 18:30:00+00:00, run_after=2026-04-27 18:30:00+00:00
[2026-04-27T07:28:00.597+0000] {processor.py:208} INFO - Processing /opt/airflow/dags/kafka_load.py took 0.154 seconds
[2026-04-27T07:28:30.988+0000] {processor.py:186} INFO - Started process (PID=191) to work on /opt/airflow/dags/kafka_load.py
[2026-04-27T07:28:30.991+0000] {processor.py:914} INFO - Processing file /opt/airflow/dags/kafka_load.py for tasks to queue
[2026-04-27T07:28:30.998+0000] {logging_mixin.py:190} INFO - [2026-04-27T07:28:30.998+0000] {dagbag.py:588} INFO - Filling up the DagBag from /opt/airflow/dags/kafka_load.py
[2026-04-27T07:28:31.069+0000] {processor.py:925} INFO - DAG(s) 'kafka_producer' retrieved from /opt/airflow/dags/kafka_load.py
[2026-04-27T07:28:31.120+0000] {logging_mixin.py:190} INFO - [2026-04-27T07:28:31.120+0000] {dag.py:3239} INFO - Sync 1 DAGs
[2026-04-27T07:28:31.191+0000] {logging_mixin.py:190} INFO - [2026-04-27T07:28:31.191+0000] {dag.py:4180} INFO - Setting next_dagrun for kafka_producer to 2026-04-26 18:30:00+00:00, run_after=2026-04-27 18:30:00+00:00
[2026-04-27T07:28:31.857+0000] {processor.py:208} INFO - Processing /opt/airflow/dags/kafka_load.py took 0.884 seconds
[2026-04-27T07:29:01.970+0000] {processor.py:186} INFO - Started process (PID=194) to work on /opt/airflow/dags/kafka_load.py
[2026-04-27T07:29:01.972+0000] {processor.py:914} INFO - Processing file /opt/airflow/dags/kafka_load.py for tasks to queue
[2026-04-27T07:29:01.976+0000] {logging_mixin.py:190} INFO - [2026-04-27T07:29:01.976+0000] {dagbag.py:588} INFO - Filling up the DagBag from /opt/airflow/dags/kafka_load.py
[2026-04-27T07:29:02.031+0000] {processor.py:925} INFO - DAG(s) 'kafka_producer' retrieved from /opt/airflow/dags/kafka_load.py
[2026-04-27T07:29:02.065+0000] {logging_mixin.py:190} INFO - [2026-04-27T07:29:02.065+0000] {dag.py:3239} INFO - Sync 1 DAGs
[2026-04-27T07:29:02.099+0000] {logging_mixin.py:190} INFO - [2026-04-27T07:29:02.099+0000] {dag.py:4180} INFO - Setting next_dagrun for kafka_producer to 2026-04-26 18:30:00+00:00, run_after=2026-04-27 18:30:00+00:00
[2026-04-27T07:29:02.129+0000] {processor.py:208} INFO - Processing /opt/airflow/dags/kafka_load.py took 0.170 seconds
[2026-04-27T07:29:32.518+0000] {processor.py:186} INFO - Started process (PID=197) to work on /opt/airflow/dags/kafka_load.py
[2026-04-27T07:29:32.520+0000] {processor.py:914} INFO - Processing file /opt/airflow/dags/kafka_load.py for tasks to queue
[2026-04-27T07:29:32.524+0000] {logging_mixin.py:190} INFO - [2026-04-27T07:29:32.523+0000] {dagbag.py:588} INFO - Filling up the DagBag from /opt/airflow/dags/kafka_load.py
[2026-04-27T07:29:32.573+0000] {processor.py:925} INFO - DAG(s) 'kafka_producer' retrieved from /opt/airflow/dags/kafka_load.py
[2026-04-27T07:29:32.610+0000] {logging_mixin.py:190} INFO - [2026-04-27T07:29:32.609+0000] {dag.py:3239} INFO - Sync 1 DAGs
[2026-04-27T07:29:32.653+0000] {logging_mixin.py:190} INFO - [2026-04-27T07:29:32.653+0000] {dag.py:4180} INFO - Setting next_dagrun for kafka_producer to 2026-04-26 18:30:00+00:00, run_after=2026-04-27 18:30:00+00:00
[2026-04-27T07:29:32.681+0000] {processor.py:208} INFO - Processing /opt/airflow/dags/kafka_load.py took 0.172 seconds
[2026-04-27T07:30:03.083+0000] {processor.py:186} INFO - Started process (PID=200) to work on /opt/airflow/dags/kafka_load.py
[2026-04-27T07:30:03.085+0000] {processor.py:914} INFO - Processing file /opt/airflow/dags/kafka_load.py for tasks to queue
[2026-04-27T07:30:03.091+0000] {logging_mixin.py:190} INFO - [2026-04-27T07:30:03.090+0000] {dagbag.py:588} INFO - Filling up the DagBag from /opt/airflow/dags/kafka_load.py
[2026-04-27T07:30:03.132+0000] {processor.py:925} INFO - DAG(s) 'kafka_producer' retrieved from /opt/airflow/dags/kafka_load.py
[2026-04-27T07:30:03.165+0000] {logging_mixin.py:190} INFO - [2026-04-27T07:30:03.165+0000] {dag.py:3239} INFO - Sync 1 DAGs
[2026-04-27T07:30:03.201+0000] {logging_mixin.py:190} INFO - [2026-04-27T07:30:03.200+0000] {dag.py:4180} INFO - Setting next_dagrun for kafka_producer to 2026-04-26 18:30:00+00:00, run_after=2026-04-27 18:30:00+00:00
[2026-04-27T07:30:03.225+0000] {processor.py:208} INFO - Processing /opt/airflow/dags/kafka_load.py took 0.156 seconds
[2026-04-27T07:30:33.605+0000] {processor.py:186} INFO - Started process (PID=203) to work on /opt/airflow/dags/kafka_load.py
[2026-04-27T07:30:33.607+0000] {processor.py:914} INFO - Processing file /opt/airflow/dags/kafka_load.py for tasks to queue
[2026-04-27T07:30:33.612+0000] {logging_mixin.py:190} INFO - [2026-04-27T07:30:33.611+0000] {dagbag.py:588} INFO - Filling up the DagBag from /opt/airflow/dags/kafka_load.py
[2026-04-27T07:30:33.655+0000] {processor.py:925} INFO - DAG(s) 'kafka_producer' retrieved from /opt/airflow/dags/kafka_load.py
[2026-04-27T07:30:33.686+0000] {logging_mixin.py:190} INFO - [2026-04-27T07:30:33.686+0000] {dag.py:3239} INFO - Sync 1 DAGs
[2026-04-27T07:30:33.722+0000] {logging_mixin.py:190} INFO - [2026-04-27T07:30:33.722+0000] {dag.py:4180} INFO - Setting next_dagrun for kafka_producer to 2026-04-26 18:30:00+00:00, run_after=2026-04-27 18:30:00+00:00
[2026-04-27T07:30:33.749+0000] {processor.py:208} INFO - Processing /opt/airflow/dags/kafka_load.py took 0.154 seconds
[2026-04-27T07:31:04.247+0000] {processor.py:186} INFO - Started process (PID=206) to work on /opt/airflow/dags/kafka_load.py
[2026-04-27T07:31:04.253+0000] {processor.py:914} INFO - Processing file /opt/airflow/dags/kafka_load.py for tasks to queue
[2026-04-27T07:31:04.258+0000] {logging_mixin.py:190} INFO - [2026-04-27T07:31:04.258+0000] {dagbag.py:588} INFO - Filling up the DagBag from /opt/airflow/dags/kafka_load.py
[2026-04-27T07:31:04.294+0000] {processor.py:925} INFO - DAG(s) 'kafka_producer' retrieved from /opt/airflow/dags/kafka_load.py
[2026-04-27T07:31:04.325+0000] {logging_mixin.py:190} INFO - [2026-04-27T07:31:04.324+0000] {dag.py:3239} INFO - Sync 1 DAGs
[2026-04-27T07:31:04.358+0000] {logging_mixin.py:190} INFO - [2026-04-27T07:31:04.357+0000] {dag.py:4180} INFO - Setting next_dagrun for kafka_producer to 2026-04-26 18:30:00+00:00, run_after=2026-04-27 18:30:00+00:00
[2026-04-27T07:31:04.388+0000] {processor.py:208} INFO - Processing /opt/airflow/dags/kafka_load.py took 0.152 seconds
[2026-04-27T07:31:34.834+0000] {processor.py:186} INFO - Started process (PID=209) to work on /opt/airflow/dags/kafka_load.py
[2026-04-27T07:31:34.837+0000] {processor.py:914} INFO - Processing file /opt/airflow/dags/kafka_load.py for tasks to queue
[2026-04-27T07:31:34.842+0000] {logging_mixin.py:190} INFO - [2026-04-27T07:31:34.841+0000] {dagbag.py:588} INFO - Filling up the DagBag from /opt/airflow/dags/kafka_load.py
[2026-04-27T07:31:34.883+0000] {processor.py:925} INFO - DAG(s) 'kafka_producer' retrieved from /opt/airflow/dags/kafka_load.py
[2026-04-27T07:31:34.918+0000] {logging_mixin.py:190} INFO - [2026-04-27T07:31:34.918+0000] {dag.py:3239} INFO - Sync 1 DAGs
[2026-04-27T07:31:34.957+0000] {logging_mixin.py:190} INFO - [2026-04-27T07:31:34.956+0000] {dag.py:4180} INFO - Setting next_dagrun for kafka_producer to 2026-04-26 18:30:00+00:00, run_after=2026-04-27 18:30:00+00:00
[2026-04-27T07:31:34.983+0000] {processor.py:208} INFO - Processing /opt/airflow/dags/kafka_load.py took 0.163 seconds
[2026-04-27T07:32:05.424+0000] {processor.py:186} INFO - Started process (PID=212) to work on /opt/airflow/dags/kafka_load.py
[2026-04-27T07:32:05.426+0000] {processor.py:914} INFO - Processing file /opt/airflow/dags/kafka_load.py for tasks to queue
[2026-04-27T07:32:05.434+0000] {logging_mixin.py:190} INFO - [2026-04-27T07:32:05.433+0000] {dagbag.py:588} INFO - Filling up the DagBag from /opt/airflow/dags/kafka_load.py
[2026-04-27T07:32:05.480+0000] {processor.py:925} INFO - DAG(s) 'kafka_producer' retrieved from /opt/airflow/dags/kafka_load.py
[2026-04-27T07:32:05.517+0000] {logging_mixin.py:190} INFO - [2026-04-27T07:32:05.516+0000] {dag.py:3239} INFO - Sync 1 DAGs
[2026-04-27T07:32:05.553+0000] {logging_mixin.py:190} INFO - [2026-04-27T07:32:05.553+0000] {dag.py:4180} INFO - Setting next_dagrun for kafka_producer to 2026-04-26 18:30:00+00:00, run_after=2026-04-27 18:30:00+00:00
[2026-04-27T07:32:05.585+0000] {processor.py:208} INFO - Processing /opt/airflow/dags/kafka_load.py took 0.173 seconds
[2026-04-27T07:32:35.980+0000] {processor.py:186} INFO - Started process (PID=215) to work on /opt/airflow/dags/kafka_load.py
[2026-04-27T07:32:35.982+0000] {processor.py:914} INFO - Processing file /opt/airflow/dags/kafka_load.py for tasks to queue
[2026-04-27T07:32:35.986+0000] {logging_mixin.py:190} INFO - [2026-04-27T07:32:35.985+0000] {dagbag.py:588} INFO - Filling up the DagBag from /opt/airflow/dags/kafka_load.py
[2026-04-27T07:32:36.022+0000] {processor.py:925} INFO - DAG(s) 'kafka_producer' retrieved from /opt/airflow/dags/kafka_load.py
[2026-04-27T07:32:36.054+0000] {logging_mixin.py:190} INFO - [2026-04-27T07:32:36.054+0000] {dag.py:3239} INFO - Sync 1 DAGs
[2026-04-27T07:32:36.089+0000] {logging_mixin.py:190} INFO - [2026-04-27T07:32:36.089+0000] {dag.py:4180} INFO - Setting next_dagrun for kafka_producer to 2026-04-26 18:30:00+00:00, run_after=2026-04-27 18:30:00+00:00
[2026-04-27T07:32:36.117+0000] {processor.py:208} INFO - Processing /opt/airflow/dags/kafka_load.py took 0.147 seconds
[2026-04-27T07:33:06.538+0000] {processor.py:186} INFO - Started process (PID=218) to work on /opt/airflow/dags/kafka_load.py
[2026-04-27T07:33:06.542+0000] {processor.py:914} INFO - Processing file /opt/airflow/dags/kafka_load.py for tasks to queue
[2026-04-27T07:33:06.545+0000] {logging_mixin.py:190} INFO - [2026-04-27T07:33:06.545+0000] {dagbag.py:588} INFO - Filling up the DagBag from /opt/airflow/dags/kafka_load.py
[2026-04-27T07:33:06.602+0000] {processor.py:925} INFO - DAG(s) 'kafka_producer' retrieved from /opt/airflow/dags/kafka_load.py
[2026-04-27T07:33:06.636+0000] {logging_mixin.py:190} INFO - [2026-04-27T07:33:06.635+0000] {dag.py:3239} INFO - Sync 1 DAGs
[2026-04-27T07:33:06.670+0000] {logging_mixin.py:190} INFO - [2026-04-27T07:33:06.669+0000] {dag.py:4180} INFO - Setting next_dagrun for kafka_producer to 2026-04-26 18:30:00+00:00, run_after=2026-04-27 18:30:00+00:00
[2026-04-27T07:33:06.699+0000] {processor.py:208} INFO - Processing /opt/airflow/dags/kafka_load.py took 0.178 seconds
[2026-04-27T07:33:37.077+0000] {processor.py:186} INFO - Started process (PID=221) to work on /opt/airflow/dags/kafka_load.py
[2026-04-27T07:33:37.078+0000] {processor.py:914} INFO - Processing file /opt/airflow/dags/kafka_load.py for tasks to queue
[2026-04-27T07:33:37.083+0000] {logging_mixin.py:190} INFO - [2026-04-27T07:33:37.082+0000] {dagbag.py:588} INFO - Filling up the DagBag from /opt/airflow/dags/kafka_load.py
[2026-04-27T07:33:37.116+0000] {processor.py:925} INFO - DAG(s) 'kafka_producer' retrieved from /opt/airflow/dags/kafka_load.py
[2026-04-27T07:33:37.145+0000] {logging_mixin.py:190} INFO - [2026-04-27T07:33:37.145+0000] {dag.py:3239} INFO - Sync 1 DAGs
[2026-04-27T07:33:37.181+0000] {logging_mixin.py:190} INFO - [2026-04-27T07:33:37.180+0000] {dag.py:4180} INFO - Setting next_dagrun for kafka_producer to 2026-04-26 18:30:00+00:00, run_after=2026-04-27 18:30:00+00:00
[2026-04-27T07:33:37.208+0000] {processor.py:208} INFO - Processing /opt/airflow/dags/kafka_load.py took 0.140 seconds
[2026-04-27T07:34:07.604+0000] {processor.py:186} INFO - Started process (PID=224) to work on /opt/airflow/dags/kafka_load.py
[2026-04-27T07:34:07.606+0000] {processor.py:914} INFO - Processing file /opt/airflow/dags/kafka_load.py for tasks to queue
[2026-04-27T07:34:07.609+0000] {logging_mixin.py:190} INFO - [2026-04-27T07:34:07.609+0000] {dagbag.py:588} INFO - Filling up the DagBag from /opt/airflow/dags/kafka_load.py
[2026-04-27T07:34:07.651+0000] {processor.py:925} INFO - DAG(s) 'kafka_producer' retrieved from /opt/airflow/dags/kafka_load.py
[2026-04-27T07:34:07.684+0000] {logging_mixin.py:190} INFO - [2026-04-27T07:34:07.683+0000] {dag.py:3239} INFO - Sync 1 DAGs
[2026-04-27T07:34:07.718+0000] {logging_mixin.py:190} INFO - [2026-04-27T07:34:07.718+0000] {dag.py:4180} INFO - Setting next_dagrun for kafka_producer to 2026-04-26 18:30:00+00:00, run_after=2026-04-27 18:30:00+00:00
[2026-04-27T07:34:07.748+0000] {processor.py:208} INFO - Processing /opt/airflow/dags/kafka_load.py took 0.155 seconds
[2026-04-27T07:34:38.145+0000] {processor.py:186} INFO - Started process (PID=227) to work on /opt/airflow/dags/kafka_load.py
[2026-04-27T07:34:38.147+0000] {processor.py:914} INFO - Processing file /opt/airflow/dags/kafka_load.py for tasks to queue
[2026-04-27T07:34:38.160+0000] {logging_mixin.py:190} INFO - [2026-04-27T07:34:38.159+0000] {dagbag.py:588} INFO - Filling up the DagBag from /opt/airflow/dags/kafka_load.py
[2026-04-27T07:34:38.237+0000] {processor.py:925} INFO - DAG(s) 'kafka_producer' retrieved from /opt/airflow/dags/kafka_load.py
[2026-04-27T07:34:38.330+0000] {logging_mixin.py:190} INFO - [2026-04-27T07:34:38.330+0000] {dag.py:3239} INFO - Sync 1 DAGs
[2026-04-27T07:34:38.392+0000] {logging_mixin.py:190} INFO - [2026-04-27T07:34:38.391+0000] {dag.py:4180} INFO - Setting next_dagrun for kafka_producer to 2026-04-26 18:30:00+00:00, run_after=2026-04-27 18:30:00+00:00
[2026-04-27T07:34:38.421+0000] {processor.py:208} INFO - Processing /opt/airflow/dags/kafka_load.py took 0.288 seconds
[2026-04-27T07:35:08.627+0000] {processor.py:186} INFO - Started process (PID=230) to work on /opt/airflow/dags/kafka_load.py
[2026-04-27T07:35:08.629+0000] {processor.py:914} INFO - Processing file /opt/airflow/dags/kafka_load.py for tasks to queue
[2026-04-27T07:35:08.633+0000] {logging_mixin.py:190} INFO - [2026-04-27T07:35:08.632+0000] {dagbag.py:588} INFO - Filling up the DagBag from /opt/airflow/dags/kafka_load.py
[2026-04-27T07:35:08.665+0000] {processor.py:925} INFO - DAG(s) 'kafka_producer' retrieved from /opt/airflow/dags/kafka_load.py
[2026-04-27T07:35:08.692+0000] {logging_mixin.py:190} INFO - [2026-04-27T07:35:08.692+0000] {dag.py:3239} INFO - Sync 1 DAGs
[2026-04-27T07:35:08.729+0000] {logging_mixin.py:190} INFO - [2026-04-27T07:35:08.729+0000] {dag.py:4180} INFO - Setting next_dagrun for kafka_producer to 2026-04-26 18:30:00+00:00, run_after=2026-04-27 18:30:00+00:00
[2026-04-27T07:35:08.758+0000] {processor.py:208} INFO - Processing /opt/airflow/dags/kafka_load.py took 0.144 seconds
[2026-04-27T07:35:39.145+0000] {processor.py:186} INFO - Started process (PID=233) to work on /opt/airflow/dags/kafka_load.py
[2026-04-27T07:35:39.147+0000] {processor.py:914} INFO - Processing file /opt/airflow/dags/kafka_load.py for tasks to queue
[2026-04-27T07:35:39.151+0000] {logging_mixin.py:190} INFO - [2026-04-27T07:35:39.150+0000] {dagbag.py:588} INFO - Filling up the DagBag from /opt/airflow/dags/kafka_load.py
[2026-04-27T07:35:39.195+0000] {processor.py:925} INFO - DAG(s) 'kafka_producer' retrieved from /opt/airflow/dags/kafka_load.py
[2026-04-27T07:35:39.226+0000] {logging_mixin.py:190} INFO - [2026-04-27T07:35:39.226+0000] {dag.py:3239} INFO - Sync 1 DAGs
[2026-04-27T07:35:39.270+0000] {logging_mixin.py:190} INFO - [2026-04-27T07:35:39.269+0000] {dag.py:4180} INFO - Setting next_dagrun for kafka_producer to 2026-04-26 18:30:00+00:00, run_after=2026-04-27 18:30:00+00:00
[2026-04-27T07:35:39.429+0000] {processor.py:208} INFO - Processing /opt/airflow/dags/kafka_load.py took 0.299 seconds
[2026-04-27T07:36:09.599+0000] {processor.py:186} INFO - Started process (PID=236) to work on /opt/airflow/dags/kafka_load.py
[2026-04-27T07:36:09.604+0000] {processor.py:914} INFO - Processing file /opt/airflow/dags/kafka_load.py for tasks to queue
[2026-04-27T07:36:09.613+0000] {logging_mixin.py:190} INFO - [2026-04-27T07:36:09.612+0000] {dagbag.py:588} INFO - Filling up the DagBag from /opt/airflow/dags/kafka_load.py
[2026-04-27T07:36:09.666+0000] {processor.py:925} INFO - DAG(s) 'kafka_producer' retrieved from /opt/airflow/dags/kafka_load.py
[2026-04-27T07:36:09.708+0000] {logging_mixin.py:190} INFO - [2026-04-27T07:36:09.707+0000] {dag.py:3239} INFO - Sync 1 DAGs
[2026-04-27T07:36:09.754+0000] {logging_mixin.py:190} INFO - [2026-04-27T07:36:09.754+0000] {dag.py:4180} INFO - Setting next_dagrun for kafka_producer to 2026-04-26 18:30:00+00:00, run_after=2026-04-27 18:30:00+00:00
[2026-04-27T07:36:09.798+0000] {processor.py:208} INFO - Processing /opt/airflow/dags/kafka_load.py took 0.218 seconds
[2026-04-27T07:36:40.232+0000] {processor.py:186} INFO - Started process (PID=239) to work on /opt/airflow/dags/kafka_load.py
[2026-04-27T07:36:40.243+0000] {processor.py:914} INFO - Processing file /opt/airflow/dags/kafka_load.py for tasks to queue
[2026-04-27T07:36:40.248+0000] {logging_mixin.py:190} INFO - [2026-04-27T07:36:40.248+0000] {dagbag.py:588} INFO - Filling up the DagBag from /opt/airflow/dags/kafka_load.py
[2026-04-27T07:36:40.524+0000] {processor.py:925} INFO - DAG(s) 'kafka_producer' retrieved from /opt/airflow/dags/kafka_load.py
[2026-04-27T07:36:40.597+0000] {logging_mixin.py:190} INFO - [2026-04-27T07:36:40.597+0000] {dag.py:3239} INFO - Sync 1 DAGs
[2026-04-27T07:36:40.690+0000] {logging_mixin.py:190} INFO - [2026-04-27T07:36:40.690+0000] {dag.py:4180} INFO - Setting next_dagrun for kafka_producer to 2026-04-26 18:30:00+00:00, run_after=2026-04-27 18:30:00+00:00
[2026-04-27T07:36:40.747+0000] {processor.py:208} INFO - Processing /opt/airflow/dags/kafka_load.py took 0.524 seconds
[2026-04-27T07:37:11.195+0000] {processor.py:186} INFO - Started process (PID=242) to work on /opt/airflow/dags/kafka_load.py
[2026-04-27T07:37:11.198+0000] {processor.py:914} INFO - Processing file /opt/airflow/dags/kafka_load.py for tasks to queue
[2026-04-27T07:37:11.204+0000] {logging_mixin.py:190} INFO - [2026-04-27T07:37:11.203+0000] {dagbag.py:588} INFO - Filling up the DagBag from /opt/airflow/dags/kafka_load.py
[2026-04-27T07:37:11.249+0000] {processor.py:925} INFO - DAG(s) 'kafka_producer' retrieved from /opt/airflow/dags/kafka_load.py
[2026-04-27T07:37:11.283+0000] {logging_mixin.py:190} INFO - [2026-04-27T07:37:11.282+0000] {dag.py:3239} INFO - Sync 1 DAGs
[2026-04-27T07:37:11.324+0000] {logging_mixin.py:190} INFO - [2026-04-27T07:37:11.323+0000] {dag.py:4180} INFO - Setting next_dagrun for kafka_producer to 2026-04-26 18:30:00+00:00, run_after=2026-04-27 18:30:00+00:00
[2026-04-27T07:37:11.356+0000] {processor.py:208} INFO - Processing /opt/airflow/dags/kafka_load.py took 0.176 seconds
[2026-04-27T07:37:41.743+0000] {processor.py:186} INFO - Started process (PID=245) to work on /opt/airflow/dags/kafka_load.py
[2026-04-27T07:37:41.745+0000] {processor.py:914} INFO - Processing file /opt/airflow/dags/kafka_load.py for tasks to queue
[2026-04-27T07:37:41.750+0000] {logging_mixin.py:190} INFO - [2026-04-27T07:37:41.749+0000] {dagbag.py:588} INFO - Filling up the DagBag from /opt/airflow/dags/kafka_load.py
[2026-04-27T07:37:41.791+0000] {processor.py:925} INFO - DAG(s) 'kafka_producer' retrieved from /opt/airflow/dags/kafka_load.py
[2026-04-27T07:37:41.826+0000] {logging_mixin.py:190} INFO - [2026-04-27T07:37:41.825+0000] {dag.py:3239} INFO - Sync 1 DAGs
[2026-04-27T07:37:41.861+0000] {logging_mixin.py:190} INFO - [2026-04-27T07:37:41.860+0000] {dag.py:4180} INFO - Setting next_dagrun for kafka_producer to 2026-04-26 18:30:00+00:00, run_after=2026-04-27 18:30:00+00:00
[2026-04-27T07:37:41.887+0000] {processor.py:208} INFO - Processing /opt/airflow/dags/kafka_load.py took 0.156 seconds
[2026-04-27T07:38:12.332+0000] {processor.py:186} INFO - Started process (PID=248) to work on /opt/airflow/dags/kafka_load.py
[2026-04-27T07:38:12.334+0000] {processor.py:914} INFO - Processing file /opt/airflow/dags/kafka_load.py for tasks to queue
[2026-04-27T07:38:12.341+0000] {logging_mixin.py:190} INFO - [2026-04-27T07:38:12.340+0000] {dagbag.py:588} INFO - Filling up the DagBag from /opt/airflow/dags/kafka_load.py
[2026-04-27T07:38:12.391+0000] {processor.py:925} INFO - DAG(s) 'kafka_producer' retrieved from /opt/airflow/dags/kafka_load.py
[2026-04-27T07:38:12.420+0000] {logging_mixin.py:190} INFO - [2026-04-27T07:38:12.420+0000] {dag.py:3239} INFO - Sync 1 DAGs
[2026-04-27T07:38:12.452+0000] {logging_mixin.py:190} INFO - [2026-04-27T07:38:12.452+0000] {dag.py:4180} INFO - Setting next_dagrun for kafka_producer to 2026-04-26 18:30:00+00:00, run_after=2026-04-27 18:30:00+00:00
[2026-04-27T07:38:12.481+0000] {processor.py:208} INFO - Processing /opt/airflow/dags/kafka_load.py took 0.164 seconds
[2026-04-27T07:38:42.836+0000] {processor.py:186} INFO - Started process (PID=251) to work on /opt/airflow/dags/kafka_load.py
[2026-04-27T07:38:42.838+0000] {processor.py:914} INFO - Processing file /opt/airflow/dags/kafka_load.py for tasks to queue
[2026-04-27T07:38:42.842+0000] {logging_mixin.py:190} INFO - [2026-04-27T07:38:42.842+0000] {dagbag.py:588} INFO - Filling up the DagBag from /opt/airflow/dags/kafka_load.py
[2026-04-27T07:38:42.880+0000] {processor.py:925} INFO - DAG(s) 'kafka_producer' retrieved from /opt/airflow/dags/kafka_load.py
[2026-04-27T07:38:42.910+0000] {logging_mixin.py:190} INFO - [2026-04-27T07:38:42.910+0000] {dag.py:3239} INFO - Sync 1 DAGs
[2026-04-27T07:38:42.948+0000] {logging_mixin.py:190} INFO - [2026-04-27T07:38:42.948+0000] {dag.py:4180} INFO - Setting next_dagrun for kafka_producer to 2026-04-26 18:30:00+00:00, run_after=2026-04-27 18:30:00+00:00
[2026-04-27T07:38:43.719+0000] {processor.py:208} INFO - Processing /opt/airflow/dags/kafka_load.py took 0.894 seconds
[2026-04-27T07:39:14.499+0000] {processor.py:186} INFO - Started process (PID=255) to work on /opt/airflow/dags/kafka_load.py
[2026-04-27T07:39:14.500+0000] {processor.py:914} INFO - Processing file /opt/airflow/dags/kafka_load.py for tasks to queue
[2026-04-27T07:39:14.504+0000] {logging_mixin.py:190} INFO - [2026-04-27T07:39:14.503+0000] {dagbag.py:588} INFO - Filling up the DagBag from /opt/airflow/dags/kafka_load.py
[2026-04-27T07:39:14.538+0000] {processor.py:925} INFO - DAG(s) 'kafka_producer' retrieved from /opt/airflow/dags/kafka_load.py
[2026-04-27T07:39:14.565+0000] {logging_mixin.py:190} INFO - [2026-04-27T07:39:14.564+0000] {dag.py:3239} INFO - Sync 1 DAGs
[2026-04-27T07:39:14.598+0000] {logging_mixin.py:190} INFO - [2026-04-27T07:39:14.597+0000] {dag.py:4180} INFO - Setting next_dagrun for kafka_producer to 2026-04-26 18:30:00+00:00, run_after=2026-04-27 18:30:00+00:00
[2026-04-27T07:39:14.626+0000] {processor.py:208} INFO - Processing /opt/airflow/dags/kafka_load.py took 0.135 seconds
[2026-04-27T07:39:45.125+0000] {processor.py:186} INFO - Started process (PID=258) to work on /opt/airflow/dags/kafka_load.py
[2026-04-27T07:39:45.127+0000] {processor.py:914} INFO - Processing file /opt/airflow/dags/kafka_load.py for tasks to queue
[2026-04-27T07:39:45.131+0000] {logging_mixin.py:190} INFO - [2026-04-27T07:39:45.130+0000] {dagbag.py:588} INFO - Filling up the DagBag from /opt/airflow/dags/kafka_load.py
[2026-04-27T07:39:45.175+0000] {processor.py:925} INFO - DAG(s) 'kafka_producer' retrieved from /opt/airflow/dags/kafka_load.py
[2026-04-27T07:39:45.226+0000] {logging_mixin.py:190} INFO - [2026-04-27T07:39:45.226+0000] {dag.py:3239} INFO - Sync 1 DAGs
[2026-04-27T07:39:45.286+0000] {logging_mixin.py:190} INFO - [2026-04-27T07:39:45.286+0000] {dag.py:4180} INFO - Setting next_dagrun for kafka_producer to 2026-04-26 18:30:00+00:00, run_after=2026-04-27 18:30:00+00:00
[2026-04-27T07:39:45.320+0000] {processor.py:208} INFO - Processing /opt/airflow/dags/kafka_load.py took 0.208 seconds
[2026-04-27T07:40:15.778+0000] {processor.py:186} INFO - Started process (PID=261) to work on /opt/airflow/dags/kafka_load.py
[2026-04-27T07:40:15.779+0000] {processor.py:914} INFO - Processing file /opt/airflow/dags/kafka_load.py for tasks to queue
[2026-04-27T07:40:15.782+0000] {logging_mixin.py:190} INFO - [2026-04-27T07:40:15.782+0000] {dagbag.py:588} INFO - Filling up the DagBag from /opt/airflow/dags/kafka_load.py
[2026-04-27T07:40:15.826+0000] {processor.py:925} INFO - DAG(s) 'kafka_producer' retrieved from /opt/airflow/dags/kafka_load.py
[2026-04-27T07:40:15.859+0000] {logging_mixin.py:190} INFO - [2026-04-27T07:40:15.858+0000] {dag.py:3239} INFO - Sync 1 DAGs
[2026-04-27T07:40:15.894+0000] {logging_mixin.py:190} INFO - [2026-04-27T07:40:15.893+0000] {dag.py:4180} INFO - Setting next_dagrun for kafka_producer to 2026-04-26 18:30:00+00:00, run_after=2026-04-27 18:30:00+00:00
[2026-04-27T07:40:15.924+0000] {processor.py:208} INFO - Processing /opt/airflow/dags/kafka_load.py took 0.160 seconds
[2026-04-27T07:40:46.527+0000] {processor.py:186} INFO - Started process (PID=264) to work on /opt/airflow/dags/kafka_load.py
[2026-04-27T07:40:46.529+0000] {processor.py:914} INFO - Processing file /opt/airflow/dags/kafka_load.py for tasks to queue
[2026-04-27T07:40:46.532+0000] {logging_mixin.py:190} INFO - [2026-04-27T07:40:46.531+0000] {dagbag.py:588} INFO - Filling up the DagBag from /opt/airflow/dags/kafka_load.py
[2026-04-27T07:40:46.569+0000] {processor.py:925} INFO - DAG(s) 'kafka_producer' retrieved from /opt/airflow/dags/kafka_load.py
[2026-04-27T07:40:46.600+0000] {logging_mixin.py:190} INFO - [2026-04-27T07:40:46.600+0000] {dag.py:3239} INFO - Sync 1 DAGs
[2026-04-27T07:40:46.633+0000] {logging_mixin.py:190} INFO - [2026-04-27T07:40:46.633+0000] {dag.py:4180} INFO - Setting next_dagrun for kafka_producer to 2026-04-26 18:30:00+00:00, run_after=2026-04-27 18:30:00+00:00
[2026-04-27T07:40:46.663+0000] {processor.py:208} INFO - Processing /opt/airflow/dags/kafka_load.py took 0.145 seconds
[2026-04-27T07:41:17.360+0000] {processor.py:186} INFO - Started process (PID=267) to work on /opt/airflow/dags/kafka_load.py
[2026-04-27T07:41:17.362+0000] {processor.py:914} INFO - Processing file /opt/airflow/dags/kafka_load.py for tasks to queue
[2026-04-27T07:41:17.367+0000] {logging_mixin.py:190} INFO - [2026-04-27T07:41:17.366+0000] {dagbag.py:588} INFO - Filling up the DagBag from /opt/airflow/dags/kafka_load.py
[2026-04-27T07:41:17.403+0000] {processor.py:925} INFO - DAG(s) 'kafka_producer' retrieved from /opt/airflow/dags/kafka_load.py
[2026-04-27T07:41:17.435+0000] {logging_mixin.py:190} INFO - [2026-04-27T07:41:17.435+0000] {dag.py:3239} INFO - Sync 1 DAGs
[2026-04-27T07:41:17.473+0000] {logging_mixin.py:190} INFO - [2026-04-27T07:41:17.473+0000] {dag.py:4180} INFO - Setting next_dagrun for kafka_producer to 2026-04-26 18:30:00+00:00, run_after=2026-04-27 18:30:00+00:00
[2026-04-27T07:41:17.501+0000] {processor.py:208} INFO - Processing /opt/airflow/dags/kafka_load.py took 0.150 seconds
[2026-04-27T07:41:47.639+0000] {processor.py:186} INFO - Started process (PID=270) to work on /opt/airflow/dags/kafka_load.py
[2026-04-27T07:41:47.645+0000] {processor.py:914} INFO - Processing file /opt/airflow/dags/kafka_load.py for tasks to queue
[2026-04-27T07:41:47.655+0000] {logging_mixin.py:190} INFO - [2026-04-27T07:41:47.654+0000] {dagbag.py:588} INFO - Filling up the DagBag from /opt/airflow/dags/kafka_load.py
[2026-04-27T07:41:47.743+0000] {processor.py:925} INFO - DAG(s) 'kafka_producer' retrieved from /opt/airflow/dags/kafka_load.py
[2026-04-27T07:41:47.811+0000] {logging_mixin.py:190} INFO - [2026-04-27T07:41:47.811+0000] {dag.py:3239} INFO - Sync 1 DAGs
[2026-04-27T07:41:47.879+0000] {logging_mixin.py:190} INFO - [2026-04-27T07:41:47.879+0000] {dag.py:4180} INFO - Setting next_dagrun for kafka_producer to 2026-04-26 18:30:00+00:00, run_after=2026-04-27 18:30:00+00:00
[2026-04-27T07:41:47.921+0000] {processor.py:208} INFO - Processing /opt/airflow/dags/kafka_load.py took 0.304 seconds
[2026-04-27T07:42:18.089+0000] {processor.py:186} INFO - Started process (PID=272) to work on /opt/airflow/dags/kafka_load.py
[2026-04-27T07:42:18.095+0000] {processor.py:914} INFO - Processing file /opt/airflow/dags/kafka_load.py for tasks to queue
[2026-04-27T07:42:18.100+0000] {logging_mixin.py:190} INFO - [2026-04-27T07:42:18.099+0000] {dagbag.py:588} INFO - Filling up the DagBag from /opt/airflow/dags/kafka_load.py
[2026-04-27T07:42:18.143+0000] {processor.py:925} INFO - DAG(s) 'kafka_producer' retrieved from /opt/airflow/dags/kafka_load.py
[2026-04-27T07:42:18.178+0000] {logging_mixin.py:190} INFO - [2026-04-27T07:42:18.178+0000] {dag.py:3239} INFO - Sync 1 DAGs
[2026-04-27T07:42:18.223+0000] {logging_mixin.py:190} INFO - [2026-04-27T07:42:18.222+0000] {dag.py:4180} INFO - Setting next_dagrun for kafka_producer to 2026-04-26 18:30:00+00:00, run_after=2026-04-27 18:30:00+00:00
[2026-04-27T07:42:18.256+0000] {processor.py:208} INFO - Processing /opt/airflow/dags/kafka_load.py took 0.177 seconds
[2026-04-27T07:42:48.666+0000] {processor.py:186} INFO - Started process (PID=275) to work on /opt/airflow/dags/kafka_load.py
[2026-04-27T07:42:48.667+0000] {processor.py:914} INFO - Processing file /opt/airflow/dags/kafka_load.py for tasks to queue
[2026-04-27T07:42:48.671+0000] {logging_mixin.py:190} INFO - [2026-04-27T07:42:48.670+0000] {dagbag.py:588} INFO - Filling up the DagBag from /opt/airflow/dags/kafka_load.py
[2026-04-27T07:42:48.737+0000] {processor.py:925} INFO - DAG(s) 'kafka_producer' retrieved from /opt/airflow/dags/kafka_load.py
[2026-04-27T07:42:48.865+0000] {logging_mixin.py:190} INFO - [2026-04-27T07:42:48.865+0000] {dag.py:3239} INFO - Sync 1 DAGs
[2026-04-27T07:42:48.963+0000] {logging_mixin.py:190} INFO - [2026-04-27T07:42:48.963+0000] {dag.py:4180} INFO - Setting next_dagrun for kafka_producer to 2026-04-26 18:30:00+00:00, run_after=2026-04-27 18:30:00+00:00
[2026-04-27T07:42:49.033+0000] {processor.py:208} INFO - Processing /opt/airflow/dags/kafka_load.py took 0.378 seconds
[2026-04-27T07:43:19.236+0000] {processor.py:186} INFO - Started process (PID=278) to work on /opt/airflow/dags/kafka_load.py
[2026-04-27T07:43:19.238+0000] {processor.py:914} INFO - Processing file /opt/airflow/dags/kafka_load.py for tasks to queue
[2026-04-27T07:43:19.241+0000] {logging_mixin.py:190} INFO - [2026-04-27T07:43:19.241+0000] {dagbag.py:588} INFO - Filling up the DagBag from /opt/airflow/dags/kafka_load.py
[2026-04-27T07:43:19.288+0000] {processor.py:925} INFO - DAG(s) 'kafka_producer' retrieved from /opt/airflow/dags/kafka_load.py
[2026-04-27T07:43:19.320+0000] {logging_mixin.py:190} INFO - [2026-04-27T07:43:19.320+0000] {dag.py:3239} INFO - Sync 1 DAGs
[2026-04-27T07:43:19.354+0000] {logging_mixin.py:190} INFO - [2026-04-27T07:43:19.354+0000] {dag.py:4180} INFO - Setting next_dagrun for kafka_producer to 2026-04-26 18:30:00+00:00, run_after=2026-04-27 18:30:00+00:00
[2026-04-27T07:43:19.388+0000] {processor.py:208} INFO - Processing /opt/airflow/dags/kafka_load.py took 0.164 seconds
[2026-04-27T07:43:49.882+0000] {processor.py:186} INFO - Started process (PID=281) to work on /opt/airflow/dags/kafka_load.py
[2026-04-27T07:43:49.884+0000] {processor.py:914} INFO - Processing file /opt/airflow/dags/kafka_load.py for tasks to queue
[2026-04-27T07:43:49.895+0000] {logging_mixin.py:190} INFO - [2026-04-27T07:43:49.890+0000] {dagbag.py:588} INFO - Filling up the DagBag from /opt/airflow/dags/kafka_load.py
[2026-04-27T07:43:49.998+0000] {processor.py:925} INFO - DAG(s) 'kafka_producer' retrieved from /opt/airflow/dags/kafka_load.py
[2026-04-27T07:43:50.079+0000] {logging_mixin.py:190} INFO - [2026-04-27T07:43:50.078+0000] {dag.py:3239} INFO - Sync 1 DAGs
[2026-04-27T07:43:50.160+0000] {logging_mixin.py:190} INFO - [2026-04-27T07:43:50.159+0000] {dag.py:4180} INFO - Setting next_dagrun for kafka_producer to 2026-04-26 18:30:00+00:00, run_after=2026-04-27 18:30:00+00:00
[2026-04-27T07:43:50.223+0000] {processor.py:208} INFO - Processing /opt/airflow/dags/kafka_load.py took 0.353 seconds
[2026-04-27T07:44:20.655+0000] {processor.py:186} INFO - Started process (PID=284) to work on /opt/airflow/dags/kafka_load.py
[2026-04-27T07:44:20.662+0000] {processor.py:914} INFO - Processing file /opt/airflow/dags/kafka_load.py for tasks to queue
[2026-04-27T07:44:20.670+0000] {logging_mixin.py:190} INFO - [2026-04-27T07:44:20.670+0000] {dagbag.py:588} INFO - Filling up the DagBag from /opt/airflow/dags/kafka_load.py
[2026-04-27T07:44:20.737+0000] {processor.py:925} INFO - DAG(s) 'kafka_producer' retrieved from /opt/airflow/dags/kafka_load.py
[2026-04-27T07:44:20.772+0000] {logging_mixin.py:190} INFO - [2026-04-27T07:44:20.772+0000] {dag.py:3239} INFO - Sync 1 DAGs
[2026-04-27T07:44:20.817+0000] {logging_mixin.py:190} INFO - [2026-04-27T07:44:20.817+0000] {dag.py:4180} INFO - Setting next_dagrun for kafka_producer to 2026-04-26 18:30:00+00:00, run_after=2026-04-27 18:30:00+00:00
[2026-04-27T07:44:22.335+0000] {processor.py:208} INFO - Processing /opt/airflow/dags/kafka_load.py took 1.698 seconds
[2026-04-27T07:44:52.454+0000] {processor.py:186} INFO - Started process (PID=288) to work on /opt/airflow/dags/kafka_load.py
[2026-04-27T07:44:52.456+0000] {processor.py:914} INFO - Processing file /opt/airflow/dags/kafka_load.py for tasks to queue
[2026-04-27T07:44:52.460+0000] {logging_mixin.py:190} INFO - [2026-04-27T07:44:52.459+0000] {dagbag.py:588} INFO - Filling up the DagBag from /opt/airflow/dags/kafka_load.py
[2026-04-27T07:44:52.499+0000] {processor.py:925} INFO - DAG(s) 'kafka_producer' retrieved from /opt/airflow/dags/kafka_load.py
[2026-04-27T07:44:52.552+0000] {logging_mixin.py:190} INFO - [2026-04-27T07:44:52.552+0000] {dag.py:3239} INFO - Sync 1 DAGs
[2026-04-27T07:44:52.599+0000] {logging_mixin.py:190} INFO - [2026-04-27T07:44:52.599+0000] {dag.py:4180} INFO - Setting next_dagrun for kafka_producer to 2026-04-26 18:30:00+00:00, run_after=2026-04-27 18:30:00+00:00
[2026-04-27T07:44:52.640+0000] {processor.py:208} INFO - Processing /opt/airflow/dags/kafka_load.py took 0.194 seconds
[2026-04-27T07:45:22.816+0000] {processor.py:186} INFO - Started process (PID=291) to work on /opt/airflow/dags/kafka_load.py
[2026-04-27T07:45:22.817+0000] {processor.py:914} INFO - Processing file /opt/airflow/dags/kafka_load.py for tasks to queue
[2026-04-27T07:45:22.821+0000] {logging_mixin.py:190} INFO - [2026-04-27T07:45:22.820+0000] {dagbag.py:588} INFO - Filling up the DagBag from /opt/airflow/dags/kafka_load.py
[2026-04-27T07:45:22.873+0000] {processor.py:925} INFO - DAG(s) 'kafka_producer' retrieved from /opt/airflow/dags/kafka_load.py
[2026-04-27T07:45:22.905+0000] {logging_mixin.py:190} INFO - [2026-04-27T07:45:22.905+0000] {dag.py:3239} INFO - Sync 1 DAGs
[2026-04-27T07:45:22.943+0000] {logging_mixin.py:190} INFO - [2026-04-27T07:45:22.942+0000] {dag.py:4180} INFO - Setting next_dagrun for kafka_producer to 2026-04-26 18:30:00+00:00, run_after=2026-04-27 18:30:00+00:00
[2026-04-27T07:45:22.969+0000] {processor.py:208} INFO - Processing /opt/airflow/dags/kafka_load.py took 0.165 seconds
[2026-04-27T07:45:53.525+0000] {processor.py:186} INFO - Started process (PID=294) to work on /opt/airflow/dags/kafka_load.py
[2026-04-27T07:45:53.533+0000] {processor.py:914} INFO - Processing file /opt/airflow/dags/kafka_load.py for tasks to queue
[2026-04-27T07:45:53.537+0000] {logging_mixin.py:190} INFO - [2026-04-27T07:45:53.536+0000] {dagbag.py:588} INFO - Filling up the DagBag from /opt/airflow/dags/kafka_load.py
[2026-04-27T07:45:53.589+0000] {processor.py:925} INFO - DAG(s) 'kafka_producer' retrieved from /opt/airflow/dags/kafka_load.py
[2026-04-27T07:45:53.655+0000] {logging_mixin.py:190} INFO - [2026-04-27T07:45:53.655+0000] {dag.py:3239} INFO - Sync 1 DAGs
[2026-04-27T07:45:53.689+0000] {logging_mixin.py:190} INFO - [2026-04-27T07:45:53.688+0000] {dag.py:4180} INFO - Setting next_dagrun for kafka_producer to 2026-04-26 18:30:00+00:00, run_after=2026-04-27 18:30:00+00:00
[2026-04-27T07:45:53.717+0000] {processor.py:208} INFO - Processing /opt/airflow/dags/kafka_load.py took 0.202 seconds
[2026-04-27T07:46:24.250+0000] {processor.py:186} INFO - Started process (PID=297) to work on /opt/airflow/dags/kafka_load.py
[2026-04-27T07:46:24.252+0000] {processor.py:914} INFO - Processing file /opt/airflow/dags/kafka_load.py for tasks to queue
[2026-04-27T07:46:24.256+0000] {logging_mixin.py:190} INFO - [2026-04-27T07:46:24.256+0000] {dagbag.py:588} INFO - Filling up the DagBag from /opt/airflow/dags/kafka_load.py
[2026-04-27T07:46:24.303+0000] {processor.py:925} INFO - DAG(s) 'kafka_producer' retrieved from /opt/airflow/dags/kafka_load.py
[2026-04-27T07:46:24.336+0000] {logging_mixin.py:190} INFO - [2026-04-27T07:46:24.336+0000] {dag.py:3239} INFO - Sync 1 DAGs
[2026-04-27T07:46:24.373+0000] {logging_mixin.py:190} INFO - [2026-04-27T07:46:24.373+0000] {dag.py:4180} INFO - Setting next_dagrun for kafka_producer to 2026-04-26 18:30:00+00:00, run_after=2026-04-27 18:30:00+00:00
[2026-04-27T07:46:24.401+0000] {processor.py:208} INFO - Processing /opt/airflow/dags/kafka_load.py took 0.164 seconds
[2026-04-27T07:46:54.952+0000] {processor.py:186} INFO - Started process (PID=300) to work on /opt/airflow/dags/kafka_load.py
[2026-04-27T07:46:54.953+0000] {processor.py:914} INFO - Processing file /opt/airflow/dags/kafka_load.py for tasks to queue
[2026-04-27T07:46:54.957+0000] {logging_mixin.py:190} INFO - [2026-04-27T07:46:54.956+0000] {dagbag.py:588} INFO - Filling up the DagBag from /opt/airflow/dags/kafka_load.py
[2026-04-27T07:46:55.007+0000] {processor.py:925} INFO - DAG(s) 'kafka_producer' retrieved from /opt/airflow/dags/kafka_load.py
[2026-04-27T07:46:55.049+0000] {logging_mixin.py:190} INFO - [2026-04-27T07:46:55.044+0000] {dag.py:3239} INFO - Sync 1 DAGs
[2026-04-27T07:46:55.100+0000] {logging_mixin.py:190} INFO - [2026-04-27T07:46:55.100+0000] {dag.py:4180} INFO - Setting next_dagrun for kafka_producer to 2026-04-26 18:30:00+00:00, run_after=2026-04-27 18:30:00+00:00
[2026-04-27T07:46:55.140+0000] {processor.py:208} INFO - Processing /opt/airflow/dags/kafka_load.py took 0.203 seconds
[2026-04-27T07:47:25.320+0000] {processor.py:186} INFO - Started process (PID=303) to work on /opt/airflow/dags/kafka_load.py
[2026-04-27T07:47:25.321+0000] {processor.py:914} INFO - Processing file /opt/airflow/dags/kafka_load.py for tasks to queue
[2026-04-27T07:47:25.332+0000] {logging_mixin.py:190} INFO - [2026-04-27T07:47:25.331+0000] {dagbag.py:588} INFO - Filling up the DagBag from /opt/airflow/dags/kafka_load.py
[2026-04-27T07:47:25.388+0000] {processor.py:925} INFO - DAG(s) 'kafka_producer' retrieved from /opt/airflow/dags/kafka_load.py
[2026-04-27T07:47:25.436+0000] {logging_mixin.py:190} INFO - [2026-04-27T07:47:25.436+0000] {dag.py:3239} INFO - Sync 1 DAGs
[2026-04-27T07:47:25.538+0000] {logging_mixin.py:190} INFO - [2026-04-27T07:47:25.537+0000] {dag.py:4180} INFO - Setting next_dagrun for kafka_producer to 2026-04-26 18:30:00+00:00, run_after=2026-04-27 18:30:00+00:00
[2026-04-27T07:47:25.610+0000] {processor.py:208} INFO - Processing /opt/airflow/dags/kafka_load.py took 0.303 seconds
[2026-04-27T07:47:56.509+0000] {processor.py:186} INFO - Started process (PID=306) to work on /opt/airflow/dags/kafka_load.py
[2026-04-27T07:47:56.511+0000] {processor.py:914} INFO - Processing file /opt/airflow/dags/kafka_load.py for tasks to queue
[2026-04-27T07:47:56.516+0000] {logging_mixin.py:190} INFO - [2026-04-27T07:47:56.515+0000] {dagbag.py:588} INFO - Filling up the DagBag from /opt/airflow/dags/kafka_load.py
[2026-04-27T07:47:56.547+0000] {processor.py:925} INFO - DAG(s) 'kafka_producer' retrieved from /opt/airflow/dags/kafka_load.py
[2026-04-27T07:47:56.577+0000] {logging_mixin.py:190} INFO - [2026-04-27T07:47:56.576+0000] {dag.py:3239} INFO - Sync 1 DAGs
[2026-04-27T07:47:56.609+0000] {logging_mixin.py:190} INFO - [2026-04-27T07:47:56.609+0000] {dag.py:4180} INFO - Setting next_dagrun for kafka_producer to 2026-04-26 18:30:00+00:00, run_after=2026-04-27 18:30:00+00:00
[2026-04-27T07:47:56.643+0000] {processor.py:208} INFO - Processing /opt/airflow/dags/kafka_load.py took 0.146 seconds
[2026-04-27T07:48:27.197+0000] {processor.py:186} INFO - Started process (PID=309) to work on /opt/airflow/dags/kafka_load.py
[2026-04-27T07:48:27.198+0000] {processor.py:914} INFO - Processing file /opt/airflow/dags/kafka_load.py for tasks to queue
[2026-04-27T07:48:27.202+0000] {logging_mixin.py:190} INFO - [2026-04-27T07:48:27.202+0000] {dagbag.py:588} INFO - Filling up the DagBag from /opt/airflow/dags/kafka_load.py
[2026-04-27T07:48:27.244+0000] {processor.py:925} INFO - DAG(s) 'kafka_producer' retrieved from /opt/airflow/dags/kafka_load.py
[2026-04-27T07:48:27.276+0000] {logging_mixin.py:190} INFO - [2026-04-27T07:48:27.276+0000] {dag.py:3239} INFO - Sync 1 DAGs
[2026-04-27T07:48:27.311+0000] {logging_mixin.py:190} INFO - [2026-04-27T07:48:27.311+0000] {dag.py:4180} INFO - Setting next_dagrun for kafka_producer to 2026-04-26 18:30:00+00:00, run_after=2026-04-27 18:30:00+00:00
[2026-04-27T07:48:27.342+0000] {processor.py:208} INFO - Processing /opt/airflow/dags/kafka_load.py took 0.156 seconds
[2026-04-27T07:48:57.856+0000] {processor.py:186} INFO - Started process (PID=312) to work on /opt/airflow/dags/kafka_load.py
[2026-04-27T07:48:57.857+0000] {processor.py:914} INFO - Processing file /opt/airflow/dags/kafka_load.py for tasks to queue
[2026-04-27T07:48:57.861+0000] {logging_mixin.py:190} INFO - [2026-04-27T07:48:57.861+0000] {dagbag.py:588} INFO - Filling up the DagBag from /opt/airflow/dags/kafka_load.py
[2026-04-27T07:48:57.902+0000] {processor.py:925} INFO - DAG(s) 'kafka_producer' retrieved from /opt/airflow/dags/kafka_load.py
[2026-04-27T07:48:57.932+0000] {logging_mixin.py:190} INFO - [2026-04-27T07:48:57.931+0000] {dag.py:3239} INFO - Sync 1 DAGs
[2026-04-27T07:48:57.963+0000] {logging_mixin.py:190} INFO - [2026-04-27T07:48:57.963+0000] {dag.py:4180} INFO - Setting next_dagrun for kafka_producer to 2026-04-26 18:30:00+00:00, run_after=2026-04-27 18:30:00+00:00
[2026-04-27T07:48:57.990+0000] {processor.py:208} INFO - Processing /opt/airflow/dags/kafka_load.py took 0.144 seconds
[2026-04-27T07:49:28.843+0000] {processor.py:186} INFO - Started process (PID=315) to work on /opt/airflow/dags/kafka_load.py
[2026-04-27T07:49:28.845+0000] {processor.py:914} INFO - Processing file /opt/airflow/dags/kafka_load.py for tasks to queue
[2026-04-27T07:49:28.852+0000] {logging_mixin.py:190} INFO - [2026-04-27T07:49:28.851+0000] {dagbag.py:588} INFO - Filling up the DagBag from /opt/airflow/dags/kafka_load.py
[2026-04-27T07:49:28.907+0000] {processor.py:925} INFO - DAG(s) 'kafka_producer' retrieved from /opt/airflow/dags/kafka_load.py
[2026-04-27T07:49:28.959+0000] {logging_mixin.py:190} INFO - [2026-04-27T07:49:28.958+0000] {dag.py:3239} INFO - Sync 1 DAGs
[2026-04-27T07:49:29.016+0000] {logging_mixin.py:190} INFO - [2026-04-27T07:49:29.016+0000] {dag.py:4180} INFO - Setting next_dagrun for kafka_producer to 2026-04-26 18:30:00+00:00, run_after=2026-04-27 18:30:00+00:00
[2026-04-27T07:49:29.057+0000] {processor.py:208} INFO - Processing /opt/airflow/dags/kafka_load.py took 0.224 seconds
[2026-04-27T07:49:59.756+0000] {processor.py:186} INFO - Started process (PID=318) to work on /opt/airflow/dags/kafka_load.py
[2026-04-27T07:49:59.758+0000] {processor.py:914} INFO - Processing file /opt/airflow/dags/kafka_load.py for tasks to queue
[2026-04-27T07:49:59.762+0000] {logging_mixin.py:190} INFO - [2026-04-27T07:49:59.761+0000] {dagbag.py:588} INFO - Filling up the DagBag from /opt/airflow/dags/kafka_load.py
[2026-04-27T07:49:59.810+0000] {processor.py:925} INFO - DAG(s) 'kafka_producer' retrieved from /opt/airflow/dags/kafka_load.py
[2026-04-27T07:49:59.848+0000] {logging_mixin.py:190} INFO - [2026-04-27T07:49:59.847+0000] {dag.py:3239} INFO - Sync 1 DAGs
[2026-04-27T07:49:59.894+0000] {logging_mixin.py:190} INFO - [2026-04-27T07:49:59.893+0000] {dag.py:4180} INFO - Setting next_dagrun for kafka_producer to 2026-04-26 18:30:00+00:00, run_after=2026-04-27 18:30:00+00:00
[2026-04-27T07:49:59.955+0000] {processor.py:208} INFO - Processing /opt/airflow/dags/kafka_load.py took 0.228 seconds
[2026-04-27T07:50:30.401+0000] {processor.py:186} INFO - Started process (PID=321) to work on /opt/airflow/dags/kafka_load.py
[2026-04-27T07:50:30.402+0000] {processor.py:914} INFO - Processing file /opt/airflow/dags/kafka_load.py for tasks to queue
[2026-04-27T07:50:30.407+0000] {logging_mixin.py:190} INFO - [2026-04-27T07:50:30.405+0000] {dagbag.py:588} INFO - Filling up the DagBag from /opt/airflow/dags/kafka_load.py
[2026-04-27T07:50:30.448+0000] {processor.py:925} INFO - DAG(s) 'kafka_producer' retrieved from /opt/airflow/dags/kafka_load.py
[2026-04-27T07:50:30.480+0000] {logging_mixin.py:190} INFO - [2026-04-27T07:50:30.479+0000] {dag.py:3239} INFO - Sync 1 DAGs
[2026-04-27T07:50:30.518+0000] {logging_mixin.py:190} INFO - [2026-04-27T07:50:30.517+0000] {dag.py:4180} INFO - Setting next_dagrun for kafka_producer to 2026-04-26 18:30:00+00:00, run_after=2026-04-27 18:30:00+00:00
[2026-04-27T07:50:30.544+0000] {processor.py:208} INFO - Processing /opt/airflow/dags/kafka_load.py took 0.152 seconds
[2026-04-27T07:51:01.072+0000] {processor.py:186} INFO - Started process (PID=324) to work on /opt/airflow/dags/kafka_load.py
[2026-04-27T07:51:01.078+0000] {processor.py:914} INFO - Processing file /opt/airflow/dags/kafka_load.py for tasks to queue
[2026-04-27T07:51:01.083+0000] {logging_mixin.py:190} INFO - [2026-04-27T07:51:01.081+0000] {dagbag.py:588} INFO - Filling up the DagBag from /opt/airflow/dags/kafka_load.py
[2026-04-27T07:51:01.128+0000] {processor.py:925} INFO - DAG(s) 'kafka_producer' retrieved from /opt/airflow/dags/kafka_load.py
[2026-04-27T07:51:01.173+0000] {logging_mixin.py:190} INFO - [2026-04-27T07:51:01.172+0000] {dag.py:3239} INFO - Sync 1 DAGs
[2026-04-27T07:51:01.224+0000] {logging_mixin.py:190} INFO - [2026-04-27T07:51:01.223+0000] {dag.py:4180} INFO - Setting next_dagrun for kafka_producer to 2026-04-26 18:30:00+00:00, run_after=2026-04-27 18:30:00+00:00
[2026-04-27T07:51:02.009+0000] {processor.py:208} INFO - Processing /opt/airflow/dags/kafka_load.py took 0.947 seconds
[2026-04-27T07:51:32.727+0000] {processor.py:186} INFO - Started process (PID=327) to work on /opt/airflow/dags/kafka_load.py
[2026-04-27T07:51:32.730+0000] {processor.py:914} INFO - Processing file /opt/airflow/dags/kafka_load.py for tasks to queue
[2026-04-27T07:51:32.737+0000] {logging_mixin.py:190} INFO - [2026-04-27T07:51:32.737+0000] {dagbag.py:588} INFO - Filling up the DagBag from /opt/airflow/dags/kafka_load.py
[2026-04-27T07:51:32.776+0000] {processor.py:925} INFO - DAG(s) 'kafka_producer' retrieved from /opt/airflow/dags/kafka_load.py
[2026-04-27T07:51:32.806+0000] {logging_mixin.py:190} INFO - [2026-04-27T07:51:32.805+0000] {dag.py:3239} INFO - Sync 1 DAGs
[2026-04-27T07:51:32.844+0000] {logging_mixin.py:190} INFO - [2026-04-27T07:51:32.844+0000] {dag.py:4180} INFO - Setting next_dagrun for kafka_producer to 2026-04-26 18:30:00+00:00, run_after=2026-04-27 18:30:00+00:00
[2026-04-27T07:51:32.874+0000] {processor.py:208} INFO - Processing /opt/airflow/dags/kafka_load.py took 0.159 seconds
[2026-04-27T07:52:03.428+0000] {processor.py:186} INFO - Started process (PID=330) to work on /opt/airflow/dags/kafka_load.py
[2026-04-27T07:52:03.429+0000] {processor.py:914} INFO - Processing file /opt/airflow/dags/kafka_load.py for tasks to queue
[2026-04-27T07:52:03.433+0000] {logging_mixin.py:190} INFO - [2026-04-27T07:52:03.433+0000] {dagbag.py:588} INFO - Filling up the DagBag from /opt/airflow/dags/kafka_load.py
[2026-04-27T07:52:03.475+0000] {processor.py:925} INFO - DAG(s) 'kafka_producer' retrieved from /opt/airflow/dags/kafka_load.py
[2026-04-27T07:52:03.509+0000] {logging_mixin.py:190} INFO - [2026-04-27T07:52:03.509+0000] {dag.py:3239} INFO - Sync 1 DAGs
[2026-04-27T07:52:03.542+0000] {logging_mixin.py:190} INFO - [2026-04-27T07:52:03.541+0000] {dag.py:4180} INFO - Setting next_dagrun for kafka_producer to 2026-04-26 18:30:00+00:00, run_after=2026-04-27 18:30:00+00:00
[2026-04-27T07:52:03.567+0000] {processor.py:208} INFO - Processing /opt/airflow/dags/kafka_load.py took 0.155 seconds
[2026-04-27T07:52:33.804+0000] {processor.py:186} INFO - Started process (PID=333) to work on /opt/airflow/dags/kafka_load.py
[2026-04-27T07:52:33.805+0000] {processor.py:914} INFO - Processing file /opt/airflow/dags/kafka_load.py for tasks to queue
[2026-04-27T07:52:33.811+0000] {logging_mixin.py:190} INFO - [2026-04-27T07:52:33.810+0000] {dagbag.py:588} INFO - Filling up the DagBag from /opt/airflow/dags/kafka_load.py
[2026-04-27T07:52:33.854+0000] {processor.py:925} INFO - DAG(s) 'kafka_producer' retrieved from /opt/airflow/dags/kafka_load.py
[2026-04-27T07:52:33.884+0000] {logging_mixin.py:190} INFO - [2026-04-27T07:52:33.884+0000] {dag.py:3239} INFO - Sync 1 DAGs
[2026-04-27T07:52:33.918+0000] {logging_mixin.py:190} INFO - [2026-04-27T07:52:33.917+0000] {dag.py:4180} INFO - Setting next_dagrun for kafka_producer to 2026-04-26 18:30:00+00:00, run_after=2026-04-27 18:30:00+00:00
[2026-04-27T07:52:33.948+0000] {processor.py:208} INFO - Processing /opt/airflow/dags/kafka_load.py took 0.154 seconds
[2026-04-27T07:53:04.453+0000] {processor.py:186} INFO - Started process (PID=336) to work on /opt/airflow/dags/kafka_load.py
[2026-04-27T07:53:04.455+0000] {processor.py:914} INFO - Processing file /opt/airflow/dags/kafka_load.py for tasks to queue
[2026-04-27T07:53:04.458+0000] {logging_mixin.py:190} INFO - [2026-04-27T07:53:04.457+0000] {dagbag.py:588} INFO - Filling up the DagBag from /opt/airflow/dags/kafka_load.py
[2026-04-27T07:53:04.500+0000] {processor.py:925} INFO - DAG(s) 'kafka_producer' retrieved from /opt/airflow/dags/kafka_load.py
[2026-04-27T07:53:04.538+0000] {logging_mixin.py:190} INFO - [2026-04-27T07:53:04.538+0000] {dag.py:3239} INFO - Sync 1 DAGs
[2026-04-27T07:53:04.583+0000] {logging_mixin.py:190} INFO - [2026-04-27T07:53:04.582+0000] {dag.py:4180} INFO - Setting next_dagrun for kafka_producer to 2026-04-26 18:30:00+00:00, run_after=2026-04-27 18:30:00+00:00
[2026-04-27T07:53:04.622+0000] {processor.py:208} INFO - Processing /opt/airflow/dags/kafka_load.py took 0.180 seconds
[2026-04-27T07:53:35.236+0000] {processor.py:186} INFO - Started process (PID=339) to work on /opt/airflow/dags/kafka_load.py
[2026-04-27T07:53:35.238+0000] {processor.py:914} INFO - Processing file /opt/airflow/dags/kafka_load.py for tasks to queue
[2026-04-27T07:53:35.242+0000] {logging_mixin.py:190} INFO - [2026-04-27T07:53:35.241+0000] {dagbag.py:588} INFO - Filling up the DagBag from /opt/airflow/dags/kafka_load.py
[2026-04-27T07:53:35.354+0000] {processor.py:925} INFO - DAG(s) 'kafka_producer' retrieved from /opt/airflow/dags/kafka_load.py
[2026-04-27T07:53:35.398+0000] {logging_mixin.py:190} INFO - [2026-04-27T07:53:35.397+0000] {dag.py:3239} INFO - Sync 1 DAGs
[2026-04-27T07:53:35.432+0000] {logging_mixin.py:190} INFO - [2026-04-27T07:53:35.431+0000] {dag.py:4180} INFO - Setting next_dagrun for kafka_producer to 2026-04-26 18:30:00+00:00, run_after=2026-04-27 18:30:00+00:00
[2026-04-27T07:53:35.459+0000] {processor.py:208} INFO - Processing /opt/airflow/dags/kafka_load.py took 0.242 seconds
[2026-04-27T07:54:05.959+0000] {processor.py:186} INFO - Started process (PID=342) to work on /opt/airflow/dags/kafka_load.py
[2026-04-27T07:54:05.961+0000] {processor.py:914} INFO - Processing file /opt/airflow/dags/kafka_load.py for tasks to queue
[2026-04-27T07:54:05.965+0000] {logging_mixin.py:190} INFO - [2026-04-27T07:54:05.964+0000] {dagbag.py:588} INFO - Filling up the DagBag from /opt/airflow/dags/kafka_load.py
[2026-04-27T07:54:06.008+0000] {processor.py:925} INFO - DAG(s) 'kafka_producer' retrieved from /opt/airflow/dags/kafka_load.py
[2026-04-27T07:54:06.045+0000] {logging_mixin.py:190} INFO - [2026-04-27T07:54:06.044+0000] {dag.py:3239} INFO - Sync 1 DAGs
[2026-04-27T07:54:06.084+0000] {logging_mixin.py:190} INFO - [2026-04-27T07:54:06.084+0000] {dag.py:4180} INFO - Setting next_dagrun for kafka_producer to 2026-04-26 18:30:00+00:00, run_after=2026-04-27 18:30:00+00:00
[2026-04-27T07:54:06.115+0000] {processor.py:208} INFO - Processing /opt/airflow/dags/kafka_load.py took 0.169 seconds
[2026-04-27T07:54:36.451+0000] {processor.py:186} INFO - Started process (PID=345) to work on /opt/airflow/dags/kafka_load.py
[2026-04-27T07:54:36.453+0000] {processor.py:914} INFO - Processing file /opt/airflow/dags/kafka_load.py for tasks to queue
[2026-04-27T07:54:36.457+0000] {logging_mixin.py:190} INFO - [2026-04-27T07:54:36.456+0000] {dagbag.py:588} INFO - Filling up the DagBag from /opt/airflow/dags/kafka_load.py
[2026-04-27T07:54:36.498+0000] {processor.py:925} INFO - DAG(s) 'kafka_producer' retrieved from /opt/airflow/dags/kafka_load.py
[2026-04-27T07:54:36.527+0000] {logging_mixin.py:190} INFO - [2026-04-27T07:54:36.527+0000] {dag.py:3239} INFO - Sync 1 DAGs
[2026-04-27T07:54:36.784+0000] {logging_mixin.py:190} INFO - [2026-04-27T07:54:36.783+0000] {dag.py:4180} INFO - Setting next_dagrun for kafka_producer to 2026-04-26 18:30:00+00:00, run_after=2026-04-27 18:30:00+00:00
[2026-04-27T07:54:36.805+0000] {processor.py:208} INFO - Processing /opt/airflow/dags/kafka_load.py took 0.362 seconds
[2026-04-27T07:55:07.359+0000] {processor.py:186} INFO - Started process (PID=348) to work on /opt/airflow/dags/kafka_load.py
[2026-04-27T07:55:07.360+0000] {processor.py:914} INFO - Processing file /opt/airflow/dags/kafka_load.py for tasks to queue
[2026-04-27T07:55:07.364+0000] {logging_mixin.py:190} INFO - [2026-04-27T07:55:07.363+0000] {dagbag.py:588} INFO - Filling up the DagBag from /opt/airflow/dags/kafka_load.py
[2026-04-27T07:55:07.405+0000] {processor.py:925} INFO - DAG(s) 'kafka_producer' retrieved from /opt/airflow/dags/kafka_load.py
[2026-04-27T07:55:07.445+0000] {logging_mixin.py:190} INFO - [2026-04-27T07:55:07.445+0000] {dag.py:3239} INFO - Sync 1 DAGs
[2026-04-27T07:55:07.510+0000] {logging_mixin.py:190} INFO - [2026-04-27T07:55:07.510+0000] {dag.py:4180} INFO - Setting next_dagrun for kafka_producer to 2026-04-26 18:30:00+00:00, run_after=2026-04-27 18:30:00+00:00
[2026-04-27T07:55:07.543+0000] {processor.py:208} INFO - Processing /opt/airflow/dags/kafka_load.py took 0.194 seconds
[2026-04-27T07:55:38.450+0000] {processor.py:186} INFO - Started process (PID=351) to work on /opt/airflow/dags/kafka_load.py
[2026-04-27T07:55:38.452+0000] {processor.py:914} INFO - Processing file /opt/airflow/dags/kafka_load.py for tasks to queue
[2026-04-27T07:55:38.456+0000] {logging_mixin.py:190} INFO - [2026-04-27T07:55:38.456+0000] {dagbag.py:588} INFO - Filling up the DagBag from /opt/airflow/dags/kafka_load.py
[2026-04-27T07:55:38.494+0000] {processor.py:925} INFO - DAG(s) 'kafka_producer' retrieved from /opt/airflow/dags/kafka_load.py
[2026-04-27T07:55:38.521+0000] {logging_mixin.py:190} INFO - [2026-04-27T07:55:38.521+0000] {dag.py:3239} INFO - Sync 1 DAGs
[2026-04-27T07:55:38.552+0000] {logging_mixin.py:190} INFO - [2026-04-27T07:55:38.552+0000] {dag.py:4180} INFO - Setting next_dagrun for kafka_producer to 2026-04-26 18:30:00+00:00, run_after=2026-04-27 18:30:00+00:00
[2026-04-27T07:55:38.611+0000] {processor.py:208} INFO - Processing /opt/airflow/dags/kafka_load.py took 0.170 seconds
[2026-04-27T07:56:09.479+0000] {processor.py:186} INFO - Started process (PID=354) to work on /opt/airflow/dags/kafka_load.py
[2026-04-27T07:56:09.481+0000] {processor.py:914} INFO - Processing file /opt/airflow/dags/kafka_load.py for tasks to queue
[2026-04-27T07:56:09.491+0000] {logging_mixin.py:190} INFO - [2026-04-27T07:56:09.490+0000] {dagbag.py:588} INFO - Filling up the DagBag from /opt/airflow/dags/kafka_load.py
[2026-04-27T07:56:09.574+0000] {processor.py:925} INFO - DAG(s) 'kafka_producer' retrieved from /opt/airflow/dags/kafka_load.py
[2026-04-27T07:56:09.669+0000] {logging_mixin.py:190} INFO - [2026-04-27T07:56:09.668+0000] {dag.py:3239} INFO - Sync 1 DAGs
[2026-04-27T07:56:09.746+0000] {logging_mixin.py:190} INFO - [2026-04-27T07:56:09.746+0000] {dag.py:4180} INFO - Setting next_dagrun for kafka_producer to 2026-04-26 18:30:00+00:00, run_after=2026-04-27 18:30:00+00:00
[2026-04-27T07:56:09.778+0000] {processor.py:208} INFO - Processing /opt/airflow/dags/kafka_load.py took 0.320 seconds
[2026-04-27T07:56:40.250+0000] {processor.py:186} INFO - Started process (PID=357) to work on /opt/airflow/dags/kafka_load.py
[2026-04-27T07:56:40.252+0000] {processor.py:914} INFO - Processing file /opt/airflow/dags/kafka_load.py for tasks to queue
[2026-04-27T07:56:40.258+0000] {logging_mixin.py:190} INFO - [2026-04-27T07:56:40.257+0000] {dagbag.py:588} INFO - Filling up the DagBag from /opt/airflow/dags/kafka_load.py
[2026-04-27T07:56:40.313+0000] {processor.py:925} INFO - DAG(s) 'kafka_producer' retrieved from /opt/airflow/dags/kafka_load.py
[2026-04-27T07:56:40.365+0000] {logging_mixin.py:190} INFO - [2026-04-27T07:56:40.365+0000] {dag.py:3239} INFO - Sync 1 DAGs
[2026-04-27T07:56:40.421+0000] {logging_mixin.py:190} INFO - [2026-04-27T07:56:40.421+0000] {dag.py:4180} INFO - Setting next_dagrun for kafka_producer to 2026-04-26 18:30:00+00:00, run_after=2026-04-27 18:30:00+00:00
[2026-04-27T07:56:40.465+0000] {processor.py:208} INFO - Processing /opt/airflow/dags/kafka_load.py took 0.225 seconds
[2026-04-27T07:57:11.099+0000] {processor.py:186} INFO - Started process (PID=360) to work on /opt/airflow/dags/kafka_load.py
[2026-04-27T07:57:11.101+0000] {processor.py:914} INFO - Processing file /opt/airflow/dags/kafka_load.py for tasks to queue
[2026-04-27T07:57:11.104+0000] {logging_mixin.py:190} INFO - [2026-04-27T07:57:11.103+0000] {dagbag.py:588} INFO - Filling up the DagBag from /opt/airflow/dags/kafka_load.py
[2026-04-27T07:57:11.134+0000] {processor.py:925} INFO - DAG(s) 'kafka_producer' retrieved from /opt/airflow/dags/kafka_load.py
[2026-04-27T07:57:11.162+0000] {logging_mixin.py:190} INFO - [2026-04-27T07:57:11.162+0000] {dag.py:3239} INFO - Sync 1 DAGs
[2026-04-27T07:57:11.197+0000] {logging_mixin.py:190} INFO - [2026-04-27T07:57:11.197+0000] {dag.py:4180} INFO - Setting next_dagrun for kafka_producer to 2026-04-26 18:30:00+00:00, run_after=2026-04-27 18:30:00+00:00
[2026-04-27T07:57:11.222+0000] {processor.py:208} INFO - Processing /opt/airflow/dags/kafka_load.py took 0.134 seconds
[2026-04-27T07:57:41.599+0000] {processor.py:186} INFO - Started process (PID=363) to work on /opt/airflow/dags/kafka_load.py
[2026-04-27T07:57:41.601+0000] {processor.py:914} INFO - Processing file /opt/airflow/dags/kafka_load.py for tasks to queue
[2026-04-27T07:57:41.604+0000] {logging_mixin.py:190} INFO - [2026-04-27T07:57:41.604+0000] {dagbag.py:588} INFO - Filling up the DagBag from /opt/airflow/dags/kafka_load.py
[2026-04-27T07:57:41.645+0000] {processor.py:925} INFO - DAG(s) 'kafka_producer' retrieved from /opt/airflow/dags/kafka_load.py
[2026-04-27T07:57:41.681+0000] {logging_mixin.py:190} INFO - [2026-04-27T07:57:41.681+0000] {dag.py:3239} INFO - Sync 1 DAGs
[2026-04-27T07:57:41.750+0000] {logging_mixin.py:190} INFO - [2026-04-27T07:57:41.750+0000] {dag.py:4180} INFO - Setting next_dagrun for kafka_producer to 2026-04-26 18:30:00+00:00, run_after=2026-04-27 18:30:00+00:00
[2026-04-27T07:57:41.810+0000] {processor.py:208} INFO - Processing /opt/airflow/dags/kafka_load.py took 0.223 seconds
[2026-04-27T07:58:12.436+0000] {processor.py:186} INFO - Started process (PID=366) to work on /opt/airflow/dags/kafka_load.py
[2026-04-27T07:58:12.437+0000] {processor.py:914} INFO - Processing file /opt/airflow/dags/kafka_load.py for tasks to queue
[2026-04-27T07:58:12.443+0000] {logging_mixin.py:190} INFO - [2026-04-27T07:58:12.442+0000] {dagbag.py:588} INFO - Filling up the DagBag from /opt/airflow/dags/kafka_load.py
[2026-04-27T07:58:12.477+0000] {processor.py:925} INFO - DAG(s) 'kafka_producer' retrieved from /opt/airflow/dags/kafka_load.py
[2026-04-27T07:58:12.509+0000] {logging_mixin.py:190} INFO - [2026-04-27T07:58:12.509+0000] {dag.py:3239} INFO - Sync 1 DAGs
[2026-04-27T07:58:12.566+0000] {logging_mixin.py:190} INFO - [2026-04-27T07:58:12.565+0000] {dag.py:4180} INFO - Setting next_dagrun for kafka_producer to 2026-04-26 18:30:00+00:00, run_after=2026-04-27 18:30:00+00:00
[2026-04-27T07:58:12.597+0000] {processor.py:208} INFO - Processing /opt/airflow/dags/kafka_load.py took 0.170 seconds
[2026-04-27T07:58:43.019+0000] {processor.py:186} INFO - Started process (PID=369) to work on /opt/airflow/dags/kafka_load.py
[2026-04-27T07:58:43.020+0000] {processor.py:914} INFO - Processing file /opt/airflow/dags/kafka_load.py for tasks to queue
[2026-04-27T07:58:43.025+0000] {logging_mixin.py:190} INFO - [2026-04-27T07:58:43.023+0000] {dagbag.py:588} INFO - Filling up the DagBag from /opt/airflow/dags/kafka_load.py
[2026-04-27T07:58:43.056+0000] {processor.py:925} INFO - DAG(s) 'kafka_producer' retrieved from /opt/airflow/dags/kafka_load.py
[2026-04-27T07:58:43.087+0000] {logging_mixin.py:190} INFO - [2026-04-27T07:58:43.087+0000] {dag.py:3239} INFO - Sync 1 DAGs
[2026-04-27T07:58:43.120+0000] {logging_mixin.py:190} INFO - [2026-04-27T07:58:43.120+0000] {dag.py:4180} INFO - Setting next_dagrun for kafka_producer to 2026-04-26 18:30:00+00:00, run_after=2026-04-27 18:30:00+00:00
[2026-04-27T07:58:43.144+0000] {processor.py:208} INFO - Processing /opt/airflow/dags/kafka_load.py took 0.134 seconds
[2026-04-27T07:59:13.617+0000] {processor.py:186} INFO - Started process (PID=372) to work on /opt/airflow/dags/kafka_load.py
[2026-04-27T07:59:13.618+0000] {processor.py:914} INFO - Processing file /opt/airflow/dags/kafka_load.py for tasks to queue
[2026-04-27T07:59:13.621+0000] {logging_mixin.py:190} INFO - [2026-04-27T07:59:13.621+0000] {dagbag.py:588} INFO - Filling up the DagBag from /opt/airflow/dags/kafka_load.py
[2026-04-27T07:59:13.656+0000] {processor.py:925} INFO - DAG(s) 'kafka_producer' retrieved from /opt/airflow/dags/kafka_load.py
[2026-04-27T07:59:13.685+0000] {logging_mixin.py:190} INFO - [2026-04-27T07:59:13.684+0000] {dag.py:3239} INFO - Sync 1 DAGs
[2026-04-27T07:59:13.720+0000] {logging_mixin.py:190} INFO - [2026-04-27T07:59:13.719+0000] {dag.py:4180} INFO - Setting next_dagrun for kafka_producer to 2026-04-26 18:30:00+00:00, run_after=2026-04-27 18:30:00+00:00
[2026-04-27T07:59:14.982+0000] {processor.py:208} INFO - Processing /opt/airflow/dags/kafka_load.py took 1.375 seconds
[2026-04-27T07:59:45.199+0000] {processor.py:186} INFO - Started process (PID=374) to work on /opt/airflow/dags/kafka_load.py
[2026-04-27T07:59:45.201+0000] {processor.py:914} INFO - Processing file /opt/airflow/dags/kafka_load.py for tasks to queue
[2026-04-27T07:59:45.205+0000] {logging_mixin.py:190} INFO - [2026-04-27T07:59:45.204+0000] {dagbag.py:588} INFO - Filling up the DagBag from /opt/airflow/dags/kafka_load.py
[2026-04-27T07:59:45.239+0000] {processor.py:925} INFO - DAG(s) 'kafka_producer' retrieved from /opt/airflow/dags/kafka_load.py
[2026-04-27T07:59:45.275+0000] {logging_mixin.py:190} INFO - [2026-04-27T07:59:45.274+0000] {dag.py:3239} INFO - Sync 1 DAGs
[2026-04-27T07:59:45.733+0000] {logging_mixin.py:190} INFO - [2026-04-27T07:59:45.733+0000] {dag.py:4180} INFO - Setting next_dagrun for kafka_producer to 2026-04-26 18:30:00+00:00, run_after=2026-04-27 18:30:00+00:00
[2026-04-27T07:59:45.767+0000] {processor.py:208} INFO - Processing /opt/airflow/dags/kafka_load.py took 0.583 seconds
[2026-04-27T08:00:16.255+0000] {processor.py:186} INFO - Started process (PID=377) to work on /opt/airflow/dags/kafka_load.py
[2026-04-27T08:00:16.257+0000] {processor.py:914} INFO - Processing file /opt/airflow/dags/kafka_load.py for tasks to queue
[2026-04-27T08:00:16.265+0000] {logging_mixin.py:190} INFO - [2026-04-27T08:00:16.260+0000] {dagbag.py:588} INFO - Filling up the DagBag from /opt/airflow/dags/kafka_load.py
[2026-04-27T08:00:16.309+0000] {processor.py:925} INFO - DAG(s) 'kafka_producer' retrieved from /opt/airflow/dags/kafka_load.py
[2026-04-27T08:00:16.342+0000] {logging_mixin.py:190} INFO - [2026-04-27T08:00:16.342+0000] {dag.py:3239} INFO - Sync 1 DAGs
[2026-04-27T08:00:16.371+0000] {logging_mixin.py:190} INFO - [2026-04-27T08:00:16.371+0000] {dag.py:4180} INFO - Setting next_dagrun for kafka_producer to 2026-04-26 18:30:00+00:00, run_after=2026-04-27 18:30:00+00:00
[2026-04-27T08:00:16.407+0000] {processor.py:208} INFO - Processing /opt/airflow/dags/kafka_load.py took 0.164 seconds
[2026-04-27T08:00:46.849+0000] {processor.py:186} INFO - Started process (PID=380) to work on /opt/airflow/dags/kafka_load.py
[2026-04-27T08:00:46.851+0000] {processor.py:914} INFO - Processing file /opt/airflow/dags/kafka_load.py for tasks to queue
[2026-04-27T08:00:46.854+0000] {logging_mixin.py:190} INFO - [2026-04-27T08:00:46.854+0000] {dagbag.py:588} INFO - Filling up the DagBag from /opt/airflow/dags/kafka_load.py
[2026-04-27T08:00:46.892+0000] {processor.py:925} INFO - DAG(s) 'kafka_producer' retrieved from /opt/airflow/dags/kafka_load.py
[2026-04-27T08:00:47.966+0000] {logging_mixin.py:190} INFO - [2026-04-27T08:00:47.965+0000] {dag.py:3239} INFO - Sync 1 DAGs
[2026-04-27T08:00:48.018+0000] {logging_mixin.py:190} INFO - [2026-04-27T08:00:48.018+0000] {dag.py:4180} INFO - Setting next_dagrun for kafka_producer to 2026-04-26 18:30:00+00:00, run_after=2026-04-27 18:30:00+00:00
[2026-04-27T08:00:48.050+0000] {processor.py:208} INFO - Processing /opt/airflow/dags/kafka_load.py took 1.213 seconds
[2026-04-27T08:01:18.505+0000] {processor.py:186} INFO - Started process (PID=383) to work on /opt/airflow/dags/kafka_load.py
[2026-04-27T08:01:18.507+0000] {processor.py:914} INFO - Processing file /opt/airflow/dags/kafka_load.py for tasks to queue
[2026-04-27T08:01:18.513+0000] {logging_mixin.py:190} INFO - [2026-04-27T08:01:18.511+0000] {dagbag.py:588} INFO - Filling up the DagBag from /opt/airflow/dags/kafka_load.py
[2026-04-27T08:01:18.561+0000] {processor.py:925} INFO - DAG(s) 'kafka_producer' retrieved from /opt/airflow/dags/kafka_load.py
[2026-04-27T08:01:18.600+0000] {logging_mixin.py:190} INFO - [2026-04-27T08:01:18.599+0000] {dag.py:3239} INFO - Sync 1 DAGs
[2026-04-27T08:01:18.644+0000] {logging_mixin.py:190} INFO - [2026-04-27T08:01:18.644+0000] {dag.py:4180} INFO - Setting next_dagrun for kafka_producer to 2026-04-26 18:30:00+00:00, run_after=2026-04-27 18:30:00+00:00
[2026-04-27T08:01:18.685+0000] {processor.py:208} INFO - Processing /opt/airflow/dags/kafka_load.py took 0.191 seconds
[2026-04-27T08:01:49.468+0000] {processor.py:186} INFO - Started process (PID=386) to work on /opt/airflow/dags/kafka_load.py
[2026-04-27T08:01:49.470+0000] {processor.py:914} INFO - Processing file /opt/airflow/dags/kafka_load.py for tasks to queue
[2026-04-27T08:01:49.474+0000] {logging_mixin.py:190} INFO - [2026-04-27T08:01:49.474+0000] {dagbag.py:588} INFO - Filling up the DagBag from /opt/airflow/dags/kafka_load.py
[2026-04-27T08:01:49.512+0000] {processor.py:925} INFO - DAG(s) 'kafka_producer' retrieved from /opt/airflow/dags/kafka_load.py
[2026-04-27T08:01:49.542+0000] {logging_mixin.py:190} INFO - [2026-04-27T08:01:49.541+0000] {dag.py:3239} INFO - Sync 1 DAGs
[2026-04-27T08:01:49.578+0000] {logging_mixin.py:190} INFO - [2026-04-27T08:01:49.578+0000] {dag.py:4180} INFO - Setting next_dagrun for kafka_producer to 2026-04-26 18:30:00+00:00, run_after=2026-04-27 18:30:00+00:00
[2026-04-27T08:01:49.780+0000] {processor.py:208} INFO - Processing /opt/airflow/dags/kafka_load.py took 0.325 seconds
[2026-04-27T08:02:20.225+0000] {processor.py:186} INFO - Started process (PID=389) to work on /opt/airflow/dags/kafka_load.py
[2026-04-27T08:02:20.228+0000] {processor.py:914} INFO - Processing file /opt/airflow/dags/kafka_load.py for tasks to queue
[2026-04-27T08:02:20.232+0000] {logging_mixin.py:190} INFO - [2026-04-27T08:02:20.232+0000] {dagbag.py:588} INFO - Filling up the DagBag from /opt/airflow/dags/kafka_load.py
[2026-04-27T08:02:20.265+0000] {processor.py:925} INFO - DAG(s) 'kafka_producer' retrieved from /opt/airflow/dags/kafka_load.py
[2026-04-27T08:02:20.294+0000] {logging_mixin.py:190} INFO - [2026-04-27T08:02:20.293+0000] {dag.py:3239} INFO - Sync 1 DAGs
[2026-04-27T08:02:20.745+0000] {logging_mixin.py:190} INFO - [2026-04-27T08:02:20.744+0000] {dag.py:4180} INFO - Setting next_dagrun for kafka_producer to 2026-04-26 18:30:00+00:00, run_after=2026-04-27 18:30:00+00:00
[2026-04-27T08:02:20.881+0000] {processor.py:208} INFO - Processing /opt/airflow/dags/kafka_load.py took 0.664 seconds
[2026-04-27T08:02:51.033+0000] {processor.py:186} INFO - Started process (PID=392) to work on /opt/airflow/dags/kafka_load.py
[2026-04-27T08:02:51.036+0000] {processor.py:914} INFO - Processing file /opt/airflow/dags/kafka_load.py for tasks to queue
[2026-04-27T08:02:51.042+0000] {logging_mixin.py:190} INFO - [2026-04-27T08:02:51.040+0000] {dagbag.py:588} INFO - Filling up the DagBag from /opt/airflow/dags/kafka_load.py
[2026-04-27T08:02:51.087+0000] {processor.py:925} INFO - DAG(s) 'kafka_producer' retrieved from /opt/airflow/dags/kafka_load.py
[2026-04-27T08:02:51.165+0000] {logging_mixin.py:190} INFO - [2026-04-27T08:02:51.163+0000] {dag.py:3239} INFO - Sync 1 DAGs
[2026-04-27T08:02:51.220+0000] {logging_mixin.py:190} INFO - [2026-04-27T08:02:51.220+0000] {dag.py:4180} INFO - Setting next_dagrun for kafka_producer to 2026-04-26 18:30:00+00:00, run_after=2026-04-27 18:30:00+00:00
[2026-04-27T08:02:51.252+0000] {processor.py:208} INFO - Processing /opt/airflow/dags/kafka_load.py took 0.234 seconds
[2026-04-27T08:03:21.736+0000] {processor.py:186} INFO - Started process (PID=395) to work on /opt/airflow/dags/kafka_load.py
[2026-04-27T08:03:21.740+0000] {processor.py:914} INFO - Processing file /opt/airflow/dags/kafka_load.py for tasks to queue
[2026-04-27T08:03:21.751+0000] {logging_mixin.py:190} INFO - [2026-04-27T08:03:21.750+0000] {dagbag.py:588} INFO - Filling up the DagBag from /opt/airflow/dags/kafka_load.py
[2026-04-27T08:03:21.838+0000] {processor.py:925} INFO - DAG(s) 'kafka_producer' retrieved from /opt/airflow/dags/kafka_load.py
[2026-04-27T08:03:21.885+0000] {logging_mixin.py:190} INFO - [2026-04-27T08:03:21.884+0000] {dag.py:3239} INFO - Sync 1 DAGs
[2026-04-27T08:03:21.916+0000] {logging_mixin.py:190} INFO - [2026-04-27T08:03:21.916+0000] {dag.py:4180} INFO - Setting next_dagrun for kafka_producer to 2026-04-26 18:30:00+00:00, run_after=2026-04-27 18:30:00+00:00
[2026-04-27T08:03:21.957+0000] {processor.py:208} INFO - Processing /opt/airflow/dags/kafka_load.py took 0.239 seconds
[2026-04-27T08:03:52.390+0000] {processor.py:186} INFO - Started process (PID=398) to work on /opt/airflow/dags/kafka_load.py
[2026-04-27T08:03:52.391+0000] {processor.py:914} INFO - Processing file /opt/airflow/dags/kafka_load.py for tasks to queue
[2026-04-27T08:03:52.395+0000] {logging_mixin.py:190} INFO - [2026-04-27T08:03:52.395+0000] {dagbag.py:588} INFO - Filling up the DagBag from /opt/airflow/dags/kafka_load.py
[2026-04-27T08:03:52.434+0000] {processor.py:925} INFO - DAG(s) 'kafka_producer' retrieved from /opt/airflow/dags/kafka_load.py
[2026-04-27T08:03:52.478+0000] {logging_mixin.py:190} INFO - [2026-04-27T08:03:52.477+0000] {dag.py:3239} INFO - Sync 1 DAGs
[2026-04-27T08:03:52.524+0000] {logging_mixin.py:190} INFO - [2026-04-27T08:03:52.524+0000] {dag.py:4180} INFO - Setting next_dagrun for kafka_producer to 2026-04-26 18:30:00+00:00, run_after=2026-04-27 18:30:00+00:00
[2026-04-27T08:03:54.455+0000] {processor.py:208} INFO - Processing /opt/airflow/dags/kafka_load.py took 2.080 seconds
[2026-04-27T08:04:24.849+0000] {processor.py:186} INFO - Started process (PID=401) to work on /opt/airflow/dags/kafka_load.py
[2026-04-27T08:04:24.852+0000] {processor.py:914} INFO - Processing file /opt/airflow/dags/kafka_load.py for tasks to queue
[2026-04-27T08:04:24.856+0000] {logging_mixin.py:190} INFO - [2026-04-27T08:04:24.855+0000] {dagbag.py:588} INFO - Filling up the DagBag from /opt/airflow/dags/kafka_load.py
[2026-04-27T08:04:24.900+0000] {processor.py:925} INFO - DAG(s) 'kafka_producer' retrieved from /opt/airflow/dags/kafka_load.py
[2026-04-27T08:04:24.939+0000] {logging_mixin.py:190} INFO - [2026-04-27T08:04:24.938+0000] {dag.py:3239} INFO - Sync 1 DAGs
[2026-04-27T08:04:24.985+0000] {logging_mixin.py:190} INFO - [2026-04-27T08:04:24.985+0000] {dag.py:4180} INFO - Setting next_dagrun for kafka_producer to 2026-04-26 18:30:00+00:00, run_after=2026-04-27 18:30:00+00:00
[2026-04-27T08:04:25.227+0000] {processor.py:208} INFO - Processing /opt/airflow/dags/kafka_load.py took 0.391 seconds
[2026-04-27T08:04:55.441+0000] {processor.py:186} INFO - Started process (PID=404) to work on /opt/airflow/dags/kafka_load.py
[2026-04-27T08:04:55.444+0000] {processor.py:914} INFO - Processing file /opt/airflow/dags/kafka_load.py for tasks to queue
[2026-04-27T08:04:55.448+0000] {logging_mixin.py:190} INFO - [2026-04-27T08:04:55.447+0000] {dagbag.py:588} INFO - Filling up the DagBag from /opt/airflow/dags/kafka_load.py
[2026-04-27T08:04:55.486+0000] {processor.py:925} INFO - DAG(s) 'kafka_producer' retrieved from /opt/airflow/dags/kafka_load.py
[2026-04-27T08:04:55.525+0000] {logging_mixin.py:190} INFO - [2026-04-27T08:04:55.525+0000] {dag.py:3239} INFO - Sync 1 DAGs
[2026-04-27T08:04:56.110+0000] {logging_mixin.py:190} INFO - [2026-04-27T08:04:56.109+0000] {dag.py:4180} INFO - Setting next_dagrun for kafka_producer to 2026-04-26 18:30:00+00:00, run_after=2026-04-27 18:30:00+00:00
[2026-04-27T08:04:56.165+0000] {processor.py:208} INFO - Processing /opt/airflow/dags/kafka_load.py took 0.734 seconds
[2026-04-27T08:05:26.537+0000] {processor.py:186} INFO - Started process (PID=407) to work on /opt/airflow/dags/kafka_load.py
[2026-04-27T08:05:26.539+0000] {processor.py:914} INFO - Processing file /opt/airflow/dags/kafka_load.py for tasks to queue
[2026-04-27T08:05:26.546+0000] {logging_mixin.py:190} INFO - [2026-04-27T08:05:26.546+0000] {dagbag.py:588} INFO - Filling up the DagBag from /opt/airflow/dags/kafka_load.py
[2026-04-27T08:05:26.596+0000] {processor.py:925} INFO - DAG(s) 'kafka_producer' retrieved from /opt/airflow/dags/kafka_load.py
[2026-04-27T08:05:26.649+0000] {logging_mixin.py:190} INFO - [2026-04-27T08:05:26.649+0000] {dag.py:3239} INFO - Sync 1 DAGs
[2026-04-27T08:05:26.709+0000] {logging_mixin.py:190} INFO - [2026-04-27T08:05:26.709+0000] {dag.py:4180} INFO - Setting next_dagrun for kafka_producer to 2026-04-26 18:30:00+00:00, run_after=2026-04-27 18:30:00+00:00
[2026-04-27T08:05:27.416+0000] {processor.py:208} INFO - Processing /opt/airflow/dags/kafka_load.py took 0.890 seconds
[2026-04-27T08:05:58.092+0000] {processor.py:186} INFO - Started process (PID=410) to work on /opt/airflow/dags/kafka_load.py
[2026-04-27T08:05:58.094+0000] {processor.py:914} INFO - Processing file /opt/airflow/dags/kafka_load.py for tasks to queue
[2026-04-27T08:05:58.099+0000] {logging_mixin.py:190} INFO - [2026-04-27T08:05:58.099+0000] {dagbag.py:588} INFO - Filling up the DagBag from /opt/airflow/dags/kafka_load.py
[2026-04-27T08:05:58.139+0000] {processor.py:925} INFO - DAG(s) 'kafka_producer' retrieved from /opt/airflow/dags/kafka_load.py
[2026-04-27T08:05:58.170+0000] {logging_mixin.py:190} INFO - [2026-04-27T08:05:58.169+0000] {dag.py:3239} INFO - Sync 1 DAGs
[2026-04-27T08:05:58.236+0000] {logging_mixin.py:190} INFO - [2026-04-27T08:05:58.236+0000] {dag.py:4180} INFO - Setting next_dagrun for kafka_producer to 2026-04-26 18:30:00+00:00, run_after=2026-04-27 18:30:00+00:00
[2026-04-27T08:05:58.304+0000] {processor.py:208} INFO - Processing /opt/airflow/dags/kafka_load.py took 0.224 seconds
[2026-04-27T08:06:28.776+0000] {processor.py:186} INFO - Started process (PID=413) to work on /opt/airflow/dags/kafka_load.py
[2026-04-27T08:06:28.779+0000] {processor.py:914} INFO - Processing file /opt/airflow/dags/kafka_load.py for tasks to queue
[2026-04-27T08:06:28.783+0000] {logging_mixin.py:190} INFO - [2026-04-27T08:06:28.783+0000] {dagbag.py:588} INFO - Filling up the DagBag from /opt/airflow/dags/kafka_load.py
[2026-04-27T08:06:28.837+0000] {processor.py:925} INFO - DAG(s) 'kafka_producer' retrieved from /opt/airflow/dags/kafka_load.py
[2026-04-27T08:06:28.937+0000] {logging_mixin.py:190} INFO - [2026-04-27T08:06:28.937+0000] {dag.py:3239} INFO - Sync 1 DAGs
[2026-04-27T08:06:29.000+0000] {logging_mixin.py:190} INFO - [2026-04-27T08:06:29.000+0000] {dag.py:4180} INFO - Setting next_dagrun for kafka_producer to 2026-04-26 18:30:00+00:00, run_after=2026-04-27 18:30:00+00:00
[2026-04-27T08:06:29.038+0000] {processor.py:208} INFO - Processing /opt/airflow/dags/kafka_load.py took 0.273 seconds
[2026-04-27T08:06:59.552+0000] {processor.py:186} INFO - Started process (PID=416) to work on /opt/airflow/dags/kafka_load.py
[2026-04-27T08:06:59.554+0000] {processor.py:914} INFO - Processing file /opt/airflow/dags/kafka_load.py for tasks to queue
[2026-04-27T08:06:59.558+0000] {logging_mixin.py:190} INFO - [2026-04-27T08:06:59.557+0000] {dagbag.py:588} INFO - Filling up the DagBag from /opt/airflow/dags/kafka_load.py
[2026-04-27T08:06:59.597+0000] {processor.py:925} INFO - DAG(s) 'kafka_producer' retrieved from /opt/airflow/dags/kafka_load.py
[2026-04-27T08:06:59.628+0000] {logging_mixin.py:190} INFO - [2026-04-27T08:06:59.627+0000] {dag.py:3239} INFO - Sync 1 DAGs
[2026-04-27T08:06:59.856+0000] {logging_mixin.py:190} INFO - [2026-04-27T08:06:59.855+0000] {dag.py:4180} INFO - Setting next_dagrun for kafka_producer to 2026-04-26 18:30:00+00:00, run_after=2026-04-27 18:30:00+00:00
[2026-04-27T08:06:59.882+0000] {processor.py:208} INFO - Processing /opt/airflow/dags/kafka_load.py took 0.341 seconds
[2026-04-27T08:07:30.131+0000] {processor.py:186} INFO - Started process (PID=419) to work on /opt/airflow/dags/kafka_load.py
[2026-04-27T08:07:30.132+0000] {processor.py:914} INFO - Processing file /opt/airflow/dags/kafka_load.py for tasks to queue
[2026-04-27T08:07:30.136+0000] {logging_mixin.py:190} INFO - [2026-04-27T08:07:30.135+0000] {dagbag.py:588} INFO - Filling up the DagBag from /opt/airflow/dags/kafka_load.py
[2026-04-27T08:07:30.171+0000] {processor.py:925} INFO - DAG(s) 'kafka_producer' retrieved from /opt/airflow/dags/kafka_load.py
[2026-04-27T08:07:30.203+0000] {logging_mixin.py:190} INFO - [2026-04-27T08:07:30.202+0000] {dag.py:3239} INFO - Sync 1 DAGs
[2026-04-27T08:07:30.676+0000] {logging_mixin.py:190} INFO - [2026-04-27T08:07:30.675+0000] {dag.py:4180} INFO - Setting next_dagrun for kafka_producer to 2026-04-26 18:30:00+00:00, run_after=2026-04-27 18:30:00+00:00
[2026-04-27T08:07:30.711+0000] {processor.py:208} INFO - Processing /opt/airflow/dags/kafka_load.py took 0.589 seconds
[2026-04-27T08:08:01.411+0000] {processor.py:186} INFO - Started process (PID=422) to work on /opt/airflow/dags/kafka_load.py
[2026-04-27T08:08:01.414+0000] {processor.py:914} INFO - Processing file /opt/airflow/dags/kafka_load.py for tasks to queue
[2026-04-27T08:08:01.423+0000] {logging_mixin.py:190} INFO - [2026-04-27T08:08:01.422+0000] {dagbag.py:588} INFO - Filling up the DagBag from /opt/airflow/dags/kafka_load.py
[2026-04-27T08:08:01.507+0000] {processor.py:925} INFO - DAG(s) 'kafka_producer' retrieved from /opt/airflow/dags/kafka_load.py
[2026-04-27T08:08:01.558+0000] {logging_mixin.py:190} INFO - [2026-04-27T08:08:01.557+0000] {dag.py:3239} INFO - Sync 1 DAGs
[2026-04-27T08:08:01.598+0000] {logging_mixin.py:190} INFO - [2026-04-27T08:08:01.598+0000] {dag.py:4180} INFO - Setting next_dagrun for kafka_producer to 2026-04-26 18:30:00+00:00, run_after=2026-04-27 18:30:00+00:00
[2026-04-27T08:08:03.714+0000] {processor.py:208} INFO - Processing /opt/airflow/dags/kafka_load.py took 2.324 seconds
[2026-04-27T08:08:34.156+0000] {processor.py:186} INFO - Started process (PID=425) to work on /opt/airflow/dags/kafka_load.py
[2026-04-27T08:08:34.158+0000] {processor.py:914} INFO - Processing file /opt/airflow/dags/kafka_load.py for tasks to queue
[2026-04-27T08:08:34.162+0000] {logging_mixin.py:190} INFO - [2026-04-27T08:08:34.161+0000] {dagbag.py:588} INFO - Filling up the DagBag from /opt/airflow/dags/kafka_load.py
[2026-04-27T08:08:34.208+0000] {processor.py:925} INFO - DAG(s) 'kafka_producer' retrieved from /opt/airflow/dags/kafka_load.py
[2026-04-27T08:08:34.244+0000] {logging_mixin.py:190} INFO - [2026-04-27T08:08:34.244+0000] {dag.py:3239} INFO - Sync 1 DAGs
[2026-04-27T08:08:34.288+0000] {logging_mixin.py:190} INFO - [2026-04-27T08:08:34.287+0000] {dag.py:4180} INFO - Setting next_dagrun for kafka_producer to 2026-04-26 18:30:00+00:00, run_after=2026-04-27 18:30:00+00:00
[2026-04-27T08:08:34.324+0000] {processor.py:208} INFO - Processing /opt/airflow/dags/kafka_load.py took 0.179 seconds
[2026-04-27T08:09:04.799+0000] {processor.py:186} INFO - Started process (PID=428) to work on /opt/airflow/dags/kafka_load.py
[2026-04-27T08:09:04.806+0000] {processor.py:914} INFO - Processing file /opt/airflow/dags/kafka_load.py for tasks to queue
[2026-04-27T08:09:04.812+0000] {logging_mixin.py:190} INFO - [2026-04-27T08:09:04.812+0000] {dagbag.py:588} INFO - Filling up the DagBag from /opt/airflow/dags/kafka_load.py
[2026-04-27T08:09:04.916+0000] {processor.py:925} INFO - DAG(s) 'kafka_producer' retrieved from /opt/airflow/dags/kafka_load.py
[2026-04-27T08:09:04.955+0000] {logging_mixin.py:190} INFO - [2026-04-27T08:09:04.955+0000] {dag.py:3239} INFO - Sync 1 DAGs
[2026-04-27T08:09:05.035+0000] {logging_mixin.py:190} INFO - [2026-04-27T08:09:05.035+0000] {dag.py:4180} INFO - Setting next_dagrun for kafka_producer to 2026-04-26 18:30:00+00:00, run_after=2026-04-27 18:30:00+00:00
[2026-04-27T08:09:05.142+0000] {processor.py:208} INFO - Processing /opt/airflow/dags/kafka_load.py took 0.360 seconds
[2026-04-27T08:09:35.332+0000] {processor.py:186} INFO - Started process (PID=431) to work on /opt/airflow/dags/kafka_load.py
[2026-04-27T08:09:35.335+0000] {processor.py:914} INFO - Processing file /opt/airflow/dags/kafka_load.py for tasks to queue
[2026-04-27T08:09:35.338+0000] {logging_mixin.py:190} INFO - [2026-04-27T08:09:35.338+0000] {dagbag.py:588} INFO - Filling up the DagBag from /opt/airflow/dags/kafka_load.py
[2026-04-27T08:09:35.373+0000] {processor.py:925} INFO - DAG(s) 'kafka_producer' retrieved from /opt/airflow/dags/kafka_load.py
[2026-04-27T08:09:35.412+0000] {logging_mixin.py:190} INFO - [2026-04-27T08:09:35.412+0000] {dag.py:3239} INFO - Sync 1 DAGs
[2026-04-27T08:09:35.714+0000] {logging_mixin.py:190} INFO - [2026-04-27T08:09:35.714+0000] {dag.py:4180} INFO - Setting next_dagrun for kafka_producer to 2026-04-26 18:30:00+00:00, run_after=2026-04-27 18:30:00+00:00
[2026-04-27T08:09:35.745+0000] {processor.py:208} INFO - Processing /opt/airflow/dags/kafka_load.py took 0.422 seconds
[2026-04-27T08:10:05.941+0000] {processor.py:186} INFO - Started process (PID=434) to work on /opt/airflow/dags/kafka_load.py
[2026-04-27T08:10:05.943+0000] {processor.py:914} INFO - Processing file /opt/airflow/dags/kafka_load.py for tasks to queue
[2026-04-27T08:10:05.946+0000] {logging_mixin.py:190} INFO - [2026-04-27T08:10:05.946+0000] {dagbag.py:588} INFO - Filling up the DagBag from /opt/airflow/dags/kafka_load.py
[2026-04-27T08:10:05.985+0000] {processor.py:925} INFO - DAG(s) 'kafka_producer' retrieved from /opt/airflow/dags/kafka_load.py
[2026-04-27T08:10:06.021+0000] {logging_mixin.py:190} INFO - [2026-04-27T08:10:06.020+0000] {dag.py:3239} INFO - Sync 1 DAGs
[2026-04-27T08:10:06.074+0000] {logging_mixin.py:190} INFO - [2026-04-27T08:10:06.073+0000] {dag.py:4180} INFO - Setting next_dagrun for kafka_producer to 2026-04-26 18:30:00+00:00, run_after=2026-04-27 18:30:00+00:00
[2026-04-27T08:10:06.108+0000] {processor.py:208} INFO - Processing /opt/airflow/dags/kafka_load.py took 0.178 seconds
[2026-04-27T08:10:36.881+0000] {processor.py:186} INFO - Started process (PID=437) to work on /opt/airflow/dags/kafka_load.py
[2026-04-27T08:10:36.883+0000] {processor.py:914} INFO - Processing file /opt/airflow/dags/kafka_load.py for tasks to queue
[2026-04-27T08:10:36.895+0000] {logging_mixin.py:190} INFO - [2026-04-27T08:10:36.894+0000] {dagbag.py:588} INFO - Filling up the DagBag from /opt/airflow/dags/kafka_load.py
[2026-04-27T08:10:36.943+0000] {processor.py:925} INFO - DAG(s) 'kafka_producer' retrieved from /opt/airflow/dags/kafka_load.py
[2026-04-27T08:10:36.982+0000] {logging_mixin.py:190} INFO - [2026-04-27T08:10:36.982+0000] {dag.py:3239} INFO - Sync 1 DAGs
[2026-04-27T08:10:37.040+0000] {logging_mixin.py:190} INFO - [2026-04-27T08:10:37.040+0000] {dag.py:4180} INFO - Setting next_dagrun for kafka_producer to 2026-04-26 18:30:00+00:00, run_after=2026-04-27 18:30:00+00:00
[2026-04-27T08:10:37.083+0000] {processor.py:208} INFO - Processing /opt/airflow/dags/kafka_load.py took 0.217 seconds
[2026-04-27T08:11:07.753+0000] {processor.py:186} INFO - Started process (PID=440) to work on /opt/airflow/dags/kafka_load.py
[2026-04-27T08:11:07.755+0000] {processor.py:914} INFO - Processing file /opt/airflow/dags/kafka_load.py for tasks to queue
[2026-04-27T08:11:07.758+0000] {logging_mixin.py:190} INFO - [2026-04-27T08:11:07.758+0000] {dagbag.py:588} INFO - Filling up the DagBag from /opt/airflow/dags/kafka_load.py
[2026-04-27T08:11:07.795+0000] {processor.py:925} INFO - DAG(s) 'kafka_producer' retrieved from /opt/airflow/dags/kafka_load.py
[2026-04-27T08:11:07.826+0000] {logging_mixin.py:190} INFO - [2026-04-27T08:11:07.826+0000] {dag.py:3239} INFO - Sync 1 DAGs
[2026-04-27T08:11:07.866+0000] {logging_mixin.py:190} INFO - [2026-04-27T08:11:07.866+0000] {dag.py:4180} INFO - Setting next_dagrun for kafka_producer to 2026-04-26 18:30:00+00:00, run_after=2026-04-27 18:30:00+00:00
[2026-04-27T08:11:07.898+0000] {processor.py:208} INFO - Processing /opt/airflow/dags/kafka_load.py took 0.159 seconds
[2026-04-27T08:11:38.405+0000] {processor.py:186} INFO - Started process (PID=443) to work on /opt/airflow/dags/kafka_load.py
[2026-04-27T08:11:38.407+0000] {processor.py:914} INFO - Processing file /opt/airflow/dags/kafka_load.py for tasks to queue
[2026-04-27T08:11:38.414+0000] {logging_mixin.py:190} INFO - [2026-04-27T08:11:38.413+0000] {dagbag.py:588} INFO - Filling up the DagBag from /opt/airflow/dags/kafka_load.py
[2026-04-27T08:11:38.482+0000] {processor.py:925} INFO - DAG(s) 'kafka_producer' retrieved from /opt/airflow/dags/kafka_load.py
[2026-04-27T08:11:38.549+0000] {logging_mixin.py:190} INFO - [2026-04-27T08:11:38.548+0000] {dag.py:3239} INFO - Sync 1 DAGs
[2026-04-27T08:11:38.592+0000] {logging_mixin.py:190} INFO - [2026-04-27T08:11:38.592+0000] {dag.py:4180} INFO - Setting next_dagrun for kafka_producer to 2026-04-26 18:30:00+00:00, run_after=2026-04-27 18:30:00+00:00
[2026-04-27T08:11:40.552+0000] {processor.py:208} INFO - Processing /opt/airflow/dags/kafka_load.py took 2.168 seconds
[2026-04-27T08:12:11.602+0000] {processor.py:186} INFO - Started process (PID=447) to work on /opt/airflow/dags/kafka_load.py
[2026-04-27T08:12:11.603+0000] {processor.py:914} INFO - Processing file /opt/airflow/dags/kafka_load.py for tasks to queue
[2026-04-27T08:12:11.607+0000] {logging_mixin.py:190} INFO - [2026-04-27T08:12:11.607+0000] {dagbag.py:588} INFO - Filling up the DagBag from /opt/airflow/dags/kafka_load.py
[2026-04-27T08:12:11.653+0000] {processor.py:925} INFO - DAG(s) 'kafka_producer' retrieved from /opt/airflow/dags/kafka_load.py
[2026-04-27T08:12:11.699+0000] {logging_mixin.py:190} INFO - [2026-04-27T08:12:11.698+0000] {dag.py:3239} INFO - Sync 1 DAGs
[2026-04-27T08:12:12.090+0000] {logging_mixin.py:190} INFO - [2026-04-27T08:12:12.090+0000] {dag.py:4180} INFO - Setting next_dagrun for kafka_producer to 2026-04-26 18:30:00+00:00, run_after=2026-04-27 18:30:00+00:00
[2026-04-27T08:12:12.140+0000] {processor.py:208} INFO - Processing /opt/airflow/dags/kafka_load.py took 0.547 seconds
[2026-04-27T08:12:42.677+0000] {processor.py:186} INFO - Started process (PID=450) to work on /opt/airflow/dags/kafka_load.py
[2026-04-27T08:12:42.678+0000] {processor.py:914} INFO - Processing file /opt/airflow/dags/kafka_load.py for tasks to queue
[2026-04-27T08:12:42.683+0000] {logging_mixin.py:190} INFO - [2026-04-27T08:12:42.682+0000] {dagbag.py:588} INFO - Filling up the DagBag from /opt/airflow/dags/kafka_load.py
[2026-04-27T08:12:42.768+0000] {processor.py:925} INFO - DAG(s) 'kafka_producer' retrieved from /opt/airflow/dags/kafka_load.py
[2026-04-27T08:12:42.809+0000] {logging_mixin.py:190} INFO - [2026-04-27T08:12:42.808+0000] {dag.py:3239} INFO - Sync 1 DAGs
[2026-04-27T08:12:43.314+0000] {logging_mixin.py:190} INFO - [2026-04-27T08:12:43.313+0000] {dag.py:4180} INFO - Setting next_dagrun for kafka_producer to 2026-04-26 18:30:00+00:00, run_after=2026-04-27 18:30:00+00:00
[2026-04-27T08:12:44.687+0000] {processor.py:208} INFO - Processing /opt/airflow/dags/kafka_load.py took 2.027 seconds
[2026-04-27T08:13:15.361+0000] {processor.py:186} INFO - Started process (PID=453) to work on /opt/airflow/dags/kafka_load.py
[2026-04-27T08:13:15.362+0000] {processor.py:914} INFO - Processing file /opt/airflow/dags/kafka_load.py for tasks to queue
[2026-04-27T08:13:15.366+0000] {logging_mixin.py:190} INFO - [2026-04-27T08:13:15.365+0000] {dagbag.py:588} INFO - Filling up the DagBag from /opt/airflow/dags/kafka_load.py
[2026-04-27T08:13:15.399+0000] {processor.py:925} INFO - DAG(s) 'kafka_producer' retrieved from /opt/airflow/dags/kafka_load.py
[2026-04-27T08:13:15.443+0000] {logging_mixin.py:190} INFO - [2026-04-27T08:13:15.442+0000] {dag.py:3239} INFO - Sync 1 DAGs
[2026-04-27T08:13:15.483+0000] {logging_mixin.py:190} INFO - [2026-04-27T08:13:15.483+0000] {dag.py:4180} INFO - Setting next_dagrun for kafka_producer to 2026-04-26 18:30:00+00:00, run_after=2026-04-27 18:30:00+00:00
[2026-04-27T08:13:15.512+0000] {processor.py:208} INFO - Processing /opt/airflow/dags/kafka_load.py took 0.161 seconds
[2026-04-27T08:13:46.486+0000] {processor.py:186} INFO - Started process (PID=456) to work on /opt/airflow/dags/kafka_load.py
[2026-04-27T08:13:46.488+0000] {processor.py:914} INFO - Processing file /opt/airflow/dags/kafka_load.py for tasks to queue
[2026-04-27T08:13:46.502+0000] {logging_mixin.py:190} INFO - [2026-04-27T08:13:46.501+0000] {dagbag.py:588} INFO - Filling up the DagBag from /opt/airflow/dags/kafka_load.py
[2026-04-27T08:13:46.581+0000] {processor.py:925} INFO - DAG(s) 'kafka_producer' retrieved from /opt/airflow/dags/kafka_load.py
[2026-04-27T08:13:46.687+0000] {logging_mixin.py:190} INFO - [2026-04-27T08:13:46.687+0000] {dag.py:3239} INFO - Sync 1 DAGs
[2026-04-27T08:13:46.783+0000] {logging_mixin.py:190} INFO - [2026-04-27T08:13:46.783+0000] {dag.py:4180} INFO - Setting next_dagrun for kafka_producer to 2026-04-26 18:30:00+00:00, run_after=2026-04-27 18:30:00+00:00
[2026-04-27T08:13:46.866+0000] {processor.py:208} INFO - Processing /opt/airflow/dags/kafka_load.py took 0.402 seconds
[2026-04-27T08:14:17.401+0000] {processor.py:186} INFO - Started process (PID=459) to work on /opt/airflow/dags/kafka_load.py
[2026-04-27T08:14:17.408+0000] {processor.py:914} INFO - Processing file /opt/airflow/dags/kafka_load.py for tasks to queue
[2026-04-27T08:14:17.443+0000] {logging_mixin.py:190} INFO - [2026-04-27T08:14:17.443+0000] {dagbag.py:588} INFO - Filling up the DagBag from /opt/airflow/dags/kafka_load.py
[2026-04-27T08:14:17.653+0000] {processor.py:925} INFO - DAG(s) 'kafka_producer' retrieved from /opt/airflow/dags/kafka_load.py
[2026-04-27T08:14:17.831+0000] {logging_mixin.py:190} INFO - [2026-04-27T08:14:17.831+0000] {dag.py:3239} INFO - Sync 1 DAGs
[2026-04-27T08:14:17.977+0000] {logging_mixin.py:190} INFO - [2026-04-27T08:14:17.976+0000] {dag.py:4180} INFO - Setting next_dagrun for kafka_producer to 2026-04-26 18:30:00+00:00, run_after=2026-04-27 18:30:00+00:00
[2026-04-27T08:14:18.062+0000] {processor.py:208} INFO - Processing /opt/airflow/dags/kafka_load.py took 0.713 seconds
[2026-04-27T08:14:48.798+0000] {processor.py:186} INFO - Started process (PID=462) to work on /opt/airflow/dags/kafka_load.py
[2026-04-27T08:14:48.801+0000] {processor.py:914} INFO - Processing file /opt/airflow/dags/kafka_load.py for tasks to queue
[2026-04-27T08:14:48.812+0000] {logging_mixin.py:190} INFO - [2026-04-27T08:14:48.810+0000] {dagbag.py:588} INFO - Filling up the DagBag from /opt/airflow/dags/kafka_load.py
[2026-04-27T08:14:48.884+0000] {processor.py:925} INFO - DAG(s) 'kafka_producer' retrieved from /opt/airflow/dags/kafka_load.py
[2026-04-27T08:14:48.929+0000] {logging_mixin.py:190} INFO - [2026-04-27T08:14:48.928+0000] {dag.py:3239} INFO - Sync 1 DAGs
[2026-04-27T08:14:49.225+0000] {logging_mixin.py:190} INFO - [2026-04-27T08:14:49.225+0000] {dag.py:4180} INFO - Setting next_dagrun for kafka_producer to 2026-04-26 18:30:00+00:00, run_after=2026-04-27 18:30:00+00:00
[2026-04-27T08:14:49.263+0000] {processor.py:208} INFO - Processing /opt/airflow/dags/kafka_load.py took 0.483 seconds
[2026-04-27T08:15:19.553+0000] {processor.py:186} INFO - Started process (PID=465) to work on /opt/airflow/dags/kafka_load.py
[2026-04-27T08:15:19.556+0000] {processor.py:914} INFO - Processing file /opt/airflow/dags/kafka_load.py for tasks to queue
[2026-04-27T08:15:19.560+0000] {logging_mixin.py:190} INFO - [2026-04-27T08:15:19.560+0000] {dagbag.py:588} INFO - Filling up the DagBag from /opt/airflow/dags/kafka_load.py
[2026-04-27T08:15:19.597+0000] {processor.py:925} INFO - DAG(s) 'kafka_producer' retrieved from /opt/airflow/dags/kafka_load.py
[2026-04-27T08:15:19.636+0000] {logging_mixin.py:190} INFO - [2026-04-27T08:15:19.636+0000] {dag.py:3239} INFO - Sync 1 DAGs
[2026-04-27T08:15:19.887+0000] {logging_mixin.py:190} INFO - [2026-04-27T08:15:19.887+0000] {dag.py:4180} INFO - Setting next_dagrun for kafka_producer to 2026-04-26 18:30:00+00:00, run_after=2026-04-27 18:30:00+00:00
[2026-04-27T08:15:19.915+0000] {processor.py:208} INFO - Processing /opt/airflow/dags/kafka_load.py took 0.375 seconds
[2026-04-27T08:15:50.716+0000] {processor.py:186} INFO - Started process (PID=468) to work on /opt/airflow/dags/kafka_load.py
[2026-04-27T08:15:50.717+0000] {processor.py:914} INFO - Processing file /opt/airflow/dags/kafka_load.py for tasks to queue
[2026-04-27T08:15:50.721+0000] {logging_mixin.py:190} INFO - [2026-04-27T08:15:50.720+0000] {dagbag.py:588} INFO - Filling up the DagBag from /opt/airflow/dags/kafka_load.py
[2026-04-27T08:15:50.760+0000] {processor.py:925} INFO - DAG(s) 'kafka_producer' retrieved from /opt/airflow/dags/kafka_load.py
[2026-04-27T08:15:50.794+0000] {logging_mixin.py:190} INFO - [2026-04-27T08:15:50.794+0000] {dag.py:3239} INFO - Sync 1 DAGs
[2026-04-27T08:15:50.836+0000] {logging_mixin.py:190} INFO - [2026-04-27T08:15:50.835+0000] {dag.py:4180} INFO - Setting next_dagrun for kafka_producer to 2026-04-26 18:30:00+00:00, run_after=2026-04-27 18:30:00+00:00
[2026-04-27T08:15:50.870+0000] {processor.py:208} INFO - Processing /opt/airflow/dags/kafka_load.py took 0.179 seconds
[2026-04-27T08:16:21.438+0000] {processor.py:186} INFO - Started process (PID=471) to work on /opt/airflow/dags/kafka_load.py
[2026-04-27T08:16:21.450+0000] {processor.py:914} INFO - Processing file /opt/airflow/dags/kafka_load.py for tasks to queue
[2026-04-27T08:16:21.474+0000] {logging_mixin.py:190} INFO - [2026-04-27T08:16:21.473+0000] {dagbag.py:588} INFO - Filling up the DagBag from /opt/airflow/dags/kafka_load.py
[2026-04-27T08:16:21.681+0000] {processor.py:925} INFO - DAG(s) 'kafka_producer' retrieved from /opt/airflow/dags/kafka_load.py
[2026-04-27T08:16:21.831+0000] {logging_mixin.py:190} INFO - [2026-04-27T08:16:21.825+0000] {dag.py:3239} INFO - Sync 1 DAGs
[2026-04-27T08:16:21.958+0000] {logging_mixin.py:190} INFO - [2026-04-27T08:16:21.958+0000] {dag.py:4180} INFO - Setting next_dagrun for kafka_producer to 2026-04-26 18:30:00+00:00, run_after=2026-04-27 18:30:00+00:00
[2026-04-27T08:16:22.019+0000] {processor.py:208} INFO - Processing /opt/airflow/dags/kafka_load.py took 0.593 seconds
[2026-04-27T08:16:52.485+0000] {processor.py:186} INFO - Started process (PID=474) to work on /opt/airflow/dags/kafka_load.py
[2026-04-27T08:16:52.487+0000] {processor.py:914} INFO - Processing file /opt/airflow/dags/kafka_load.py for tasks to queue
[2026-04-27T08:16:52.501+0000] {logging_mixin.py:190} INFO - [2026-04-27T08:16:52.500+0000] {dagbag.py:588} INFO - Filling up the DagBag from /opt/airflow/dags/kafka_load.py
[2026-04-27T08:16:52.544+0000] {processor.py:925} INFO - DAG(s) 'kafka_producer' retrieved from /opt/airflow/dags/kafka_load.py
[2026-04-27T08:16:52.613+0000] {logging_mixin.py:190} INFO - [2026-04-27T08:16:52.613+0000] {dag.py:3239} INFO - Sync 1 DAGs
[2026-04-27T08:16:52.674+0000] {logging_mixin.py:190} INFO - [2026-04-27T08:16:52.674+0000] {dag.py:4180} INFO - Setting next_dagrun for kafka_producer to 2026-04-26 18:30:00+00:00, run_after=2026-04-27 18:30:00+00:00
[2026-04-27T08:16:52.997+0000] {processor.py:208} INFO - Processing /opt/airflow/dags/kafka_load.py took 0.528 seconds
[2026-04-27T08:17:23.311+0000] {processor.py:186} INFO - Started process (PID=478) to work on /opt/airflow/dags/kafka_load.py
[2026-04-27T08:17:23.319+0000] {processor.py:914} INFO - Processing file /opt/airflow/dags/kafka_load.py for tasks to queue
[2026-04-27T08:17:23.324+0000] {logging_mixin.py:190} INFO - [2026-04-27T08:17:23.323+0000] {dagbag.py:588} INFO - Filling up the DagBag from /opt/airflow/dags/kafka_load.py
[2026-04-27T08:17:23.396+0000] {processor.py:925} INFO - DAG(s) 'kafka_producer' retrieved from /opt/airflow/dags/kafka_load.py
[2026-04-27T08:17:23.429+0000] {logging_mixin.py:190} INFO - [2026-04-27T08:17:23.429+0000] {dag.py:3239} INFO - Sync 1 DAGs
[2026-04-27T08:17:23.703+0000] {logging_mixin.py:190} INFO - [2026-04-27T08:17:23.703+0000] {dag.py:4180} INFO - Setting next_dagrun for kafka_producer to 2026-04-26 18:30:00+00:00, run_after=2026-04-27 18:30:00+00:00
[2026-04-27T08:17:23.740+0000] {processor.py:208} INFO - Processing /opt/airflow/dags/kafka_load.py took 0.448 seconds
[2026-04-27T08:17:54.302+0000] {processor.py:186} INFO - Started process (PID=481) to work on /opt/airflow/dags/kafka_load.py
[2026-04-27T08:17:54.317+0000] {processor.py:914} INFO - Processing file /opt/airflow/dags/kafka_load.py for tasks to queue
[2026-04-27T08:17:54.335+0000] {logging_mixin.py:190} INFO - [2026-04-27T08:17:54.335+0000] {dagbag.py:588} INFO - Filling up the DagBag from /opt/airflow/dags/kafka_load.py
[2026-04-27T08:17:54.404+0000] {processor.py:925} INFO - DAG(s) 'kafka_producer' retrieved from /opt/airflow/dags/kafka_load.py
[2026-04-27T08:17:54.439+0000] {logging_mixin.py:190} INFO - [2026-04-27T08:17:54.438+0000] {dag.py:3239} INFO - Sync 1 DAGs
[2026-04-27T08:17:54.737+0000] {logging_mixin.py:190} INFO - [2026-04-27T08:17:54.736+0000] {dag.py:4180} INFO - Setting next_dagrun for kafka_producer to 2026-04-26 18:30:00+00:00, run_after=2026-04-27 18:30:00+00:00
[2026-04-27T08:17:54.805+0000] {processor.py:208} INFO - Processing /opt/airflow/dags/kafka_load.py took 0.524 seconds
[2026-04-27T08:18:25.453+0000] {processor.py:186} INFO - Started process (PID=484) to work on /opt/airflow/dags/kafka_load.py
[2026-04-27T08:18:25.517+0000] {processor.py:914} INFO - Processing file /opt/airflow/dags/kafka_load.py for tasks to queue
[2026-04-27T08:18:25.530+0000] {logging_mixin.py:190} INFO - [2026-04-27T08:18:25.528+0000] {dagbag.py:588} INFO - Filling up the DagBag from /opt/airflow/dags/kafka_load.py
[2026-04-27T08:18:25.616+0000] {processor.py:925} INFO - DAG(s) 'kafka_producer' retrieved from /opt/airflow/dags/kafka_load.py
[2026-04-27T08:18:25.682+0000] {logging_mixin.py:190} INFO - [2026-04-27T08:18:25.682+0000] {dag.py:3239} INFO - Sync 1 DAGs
[2026-04-27T08:18:25.741+0000] {logging_mixin.py:190} INFO - [2026-04-27T08:18:25.740+0000] {dag.py:4180} INFO - Setting next_dagrun for kafka_producer to 2026-04-26 18:30:00+00:00, run_after=2026-04-27 18:30:00+00:00
[2026-04-27T08:18:25.773+0000] {processor.py:208} INFO - Processing /opt/airflow/dags/kafka_load.py took 0.342 seconds
[2026-04-27T08:18:56.167+0000] {processor.py:186} INFO - Started process (PID=487) to work on /opt/airflow/dags/kafka_load.py
[2026-04-27T08:18:56.170+0000] {processor.py:914} INFO - Processing file /opt/airflow/dags/kafka_load.py for tasks to queue
[2026-04-27T08:18:56.182+0000] {logging_mixin.py:190} INFO - [2026-04-27T08:18:56.181+0000] {dagbag.py:588} INFO - Filling up the DagBag from /opt/airflow/dags/kafka_load.py
[2026-04-27T08:18:56.239+0000] {processor.py:925} INFO - DAG(s) 'kafka_producer' retrieved from /opt/airflow/dags/kafka_load.py
[2026-04-27T08:18:56.286+0000] {logging_mixin.py:190} INFO - [2026-04-27T08:18:56.286+0000] {dag.py:3239} INFO - Sync 1 DAGs
[2026-04-27T08:18:56.330+0000] {logging_mixin.py:190} INFO - [2026-04-27T08:18:56.329+0000] {dag.py:4180} INFO - Setting next_dagrun for kafka_producer to 2026-04-26 18:30:00+00:00, run_after=2026-04-27 18:30:00+00:00
[2026-04-27T08:18:56.356+0000] {processor.py:208} INFO - Processing /opt/airflow/dags/kafka_load.py took 0.198 seconds
[2026-04-27T08:19:26.970+0000] {processor.py:186} INFO - Started process (PID=490) to work on /opt/airflow/dags/kafka_load.py
[2026-04-27T08:19:26.972+0000] {processor.py:914} INFO - Processing file /opt/airflow/dags/kafka_load.py for tasks to queue
[2026-04-27T08:19:26.975+0000] {logging_mixin.py:190} INFO - [2026-04-27T08:19:26.975+0000] {dagbag.py:588} INFO - Filling up the DagBag from /opt/airflow/dags/kafka_load.py
[2026-04-27T08:19:27.014+0000] {processor.py:925} INFO - DAG(s) 'kafka_producer' retrieved from /opt/airflow/dags/kafka_load.py
[2026-04-27T08:19:27.046+0000] {logging_mixin.py:190} INFO - [2026-04-27T08:19:27.046+0000] {dag.py:3239} INFO - Sync 1 DAGs
[2026-04-27T08:19:27.080+0000] {logging_mixin.py:190} INFO - [2026-04-27T08:19:27.080+0000] {dag.py:4180} INFO - Setting next_dagrun for kafka_producer to 2026-04-26 18:30:00+00:00, run_after=2026-04-27 18:30:00+00:00
[2026-04-27T08:19:27.331+0000] {processor.py:208} INFO - Processing /opt/airflow/dags/kafka_load.py took 0.374 seconds
[2026-04-27T08:20:00.055+0000] {processor.py:186} INFO - Started process (PID=493) to work on /opt/airflow/dags/kafka_load.py
[2026-04-27T08:20:00.057+0000] {processor.py:914} INFO - Processing file /opt/airflow/dags/kafka_load.py for tasks to queue
[2026-04-27T08:20:00.061+0000] {logging_mixin.py:190} INFO - [2026-04-27T08:20:00.060+0000] {dagbag.py:588} INFO - Filling up the DagBag from /opt/airflow/dags/kafka_load.py
[2026-04-27T08:20:00.097+0000] {processor.py:925} INFO - DAG(s) 'kafka_producer' retrieved from /opt/airflow/dags/kafka_load.py
[2026-04-27T08:20:00.132+0000] {logging_mixin.py:190} INFO - [2026-04-27T08:20:00.132+0000] {dag.py:3239} INFO - Sync 1 DAGs
[2026-04-27T08:20:00.390+0000] {logging_mixin.py:190} INFO - [2026-04-27T08:20:00.389+0000] {dag.py:4180} INFO - Setting next_dagrun for kafka_producer to 2026-04-26 18:30:00+00:00, run_after=2026-04-27 18:30:00+00:00
[2026-04-27T08:20:01.114+0000] {processor.py:208} INFO - Processing /opt/airflow/dags/kafka_load.py took 1.073 seconds
[2026-04-27T08:20:31.990+0000] {processor.py:186} INFO - Started process (PID=496) to work on /opt/airflow/dags/kafka_load.py
[2026-04-27T08:20:31.992+0000] {processor.py:914} INFO - Processing file /opt/airflow/dags/kafka_load.py for tasks to queue
[2026-04-27T08:20:31.998+0000] {logging_mixin.py:190} INFO - [2026-04-27T08:20:31.997+0000] {dagbag.py:588} INFO - Filling up the DagBag from /opt/airflow/dags/kafka_load.py
[2026-04-27T08:20:32.050+0000] {processor.py:925} INFO - DAG(s) 'kafka_producer' retrieved from /opt/airflow/dags/kafka_load.py
[2026-04-27T08:20:32.352+0000] {logging_mixin.py:190} INFO - [2026-04-27T08:20:32.352+0000] {dag.py:3239} INFO - Sync 1 DAGs
[2026-04-27T08:20:32.384+0000] {logging_mixin.py:190} INFO - [2026-04-27T08:20:32.384+0000] {dag.py:4180} INFO - Setting next_dagrun for kafka_producer to 2026-04-26 18:30:00+00:00, run_after=2026-04-27 18:30:00+00:00
[2026-04-27T08:20:32.410+0000] {processor.py:208} INFO - Processing /opt/airflow/dags/kafka_load.py took 0.431 seconds
[2026-04-27T08:21:02.499+0000] {processor.py:186} INFO - Started process (PID=499) to work on /opt/airflow/dags/kafka_load.py
[2026-04-27T08:21:02.503+0000] {processor.py:914} INFO - Processing file /opt/airflow/dags/kafka_load.py for tasks to queue
[2026-04-27T08:21:02.507+0000] {logging_mixin.py:190} INFO - [2026-04-27T08:21:02.507+0000] {dagbag.py:588} INFO - Filling up the DagBag from /opt/airflow/dags/kafka_load.py
[2026-04-27T08:21:02.543+0000] {processor.py:925} INFO - DAG(s) 'kafka_producer' retrieved from /opt/airflow/dags/kafka_load.py
[2026-04-27T08:21:02.575+0000] {logging_mixin.py:190} INFO - [2026-04-27T08:21:02.575+0000] {dag.py:3239} INFO - Sync 1 DAGs
[2026-04-27T08:21:02.606+0000] {logging_mixin.py:190} INFO - [2026-04-27T08:21:02.606+0000] {dag.py:4180} INFO - Setting next_dagrun for kafka_producer to 2026-04-26 18:30:00+00:00, run_after=2026-04-27 18:30:00+00:00
[2026-04-27T08:21:02.640+0000] {processor.py:208} INFO - Processing /opt/airflow/dags/kafka_load.py took 0.153 seconds
[2026-04-27T08:21:33.168+0000] {processor.py:186} INFO - Started process (PID=502) to work on /opt/airflow/dags/kafka_load.py
[2026-04-27T08:21:33.171+0000] {processor.py:914} INFO - Processing file /opt/airflow/dags/kafka_load.py for tasks to queue
[2026-04-27T08:21:33.175+0000] {logging_mixin.py:190} INFO - [2026-04-27T08:21:33.175+0000] {dagbag.py:588} INFO - Filling up the DagBag from /opt/airflow/dags/kafka_load.py
[2026-04-27T08:21:33.210+0000] {processor.py:925} INFO - DAG(s) 'kafka_producer' retrieved from /opt/airflow/dags/kafka_load.py
[2026-04-27T08:21:33.243+0000] {logging_mixin.py:190} INFO - [2026-04-27T08:21:33.243+0000] {dag.py:3239} INFO - Sync 1 DAGs
[2026-04-27T08:21:33.277+0000] {logging_mixin.py:190} INFO - [2026-04-27T08:21:33.277+0000] {dag.py:4180} INFO - Setting next_dagrun for kafka_producer to 2026-04-26 18:30:00+00:00, run_after=2026-04-27 18:30:00+00:00
[2026-04-27T08:21:33.301+0000] {processor.py:208} INFO - Processing /opt/airflow/dags/kafka_load.py took 0.145 seconds
[2026-04-27T08:22:03.746+0000] {processor.py:186} INFO - Started process (PID=505) to work on /opt/airflow/dags/kafka_load.py
[2026-04-27T08:22:03.748+0000] {processor.py:914} INFO - Processing file /opt/airflow/dags/kafka_load.py for tasks to queue
[2026-04-27T08:22:03.752+0000] {logging_mixin.py:190} INFO - [2026-04-27T08:22:03.751+0000] {dagbag.py:588} INFO - Filling up the DagBag from /opt/airflow/dags/kafka_load.py
[2026-04-27T08:22:03.792+0000] {processor.py:925} INFO - DAG(s) 'kafka_producer' retrieved from /opt/airflow/dags/kafka_load.py
[2026-04-27T08:22:03.833+0000] {logging_mixin.py:190} INFO - [2026-04-27T08:22:03.832+0000] {dag.py:3239} INFO - Sync 1 DAGs
[2026-04-27T08:22:04.129+0000] {logging_mixin.py:190} INFO - [2026-04-27T08:22:04.129+0000] {dag.py:4180} INFO - Setting next_dagrun for kafka_producer to 2026-04-26 18:30:00+00:00, run_after=2026-04-27 18:30:00+00:00
[2026-04-27T08:22:04.154+0000] {processor.py:208} INFO - Processing /opt/airflow/dags/kafka_load.py took 0.418 seconds
[2026-04-27T08:22:34.791+0000] {processor.py:186} INFO - Started process (PID=508) to work on /opt/airflow/dags/kafka_load.py
[2026-04-27T08:22:34.792+0000] {processor.py:914} INFO - Processing file /opt/airflow/dags/kafka_load.py for tasks to queue
[2026-04-27T08:22:34.795+0000] {logging_mixin.py:190} INFO - [2026-04-27T08:22:34.795+0000] {dagbag.py:588} INFO - Filling up the DagBag from /opt/airflow/dags/kafka_load.py
[2026-04-27T08:22:34.842+0000] {processor.py:925} INFO - DAG(s) 'kafka_producer' retrieved from /opt/airflow/dags/kafka_load.py
[2026-04-27T08:22:34.872+0000] {logging_mixin.py:190} INFO - [2026-04-27T08:22:34.871+0000] {dag.py:3239} INFO - Sync 1 DAGs
[2026-04-27T08:22:35.156+0000] {logging_mixin.py:190} INFO - [2026-04-27T08:22:35.156+0000] {dag.py:4180} INFO - Setting next_dagrun for kafka_producer to 2026-04-26 18:30:00+00:00, run_after=2026-04-27 18:30:00+00:00
[2026-04-27T08:22:35.184+0000] {processor.py:208} INFO - Processing /opt/airflow/dags/kafka_load.py took 0.401 seconds
[2026-04-27T08:23:05.678+0000] {processor.py:186} INFO - Started process (PID=511) to work on /opt/airflow/dags/kafka_load.py
[2026-04-27T08:23:05.680+0000] {processor.py:914} INFO - Processing file /opt/airflow/dags/kafka_load.py for tasks to queue
[2026-04-27T08:23:05.686+0000] {logging_mixin.py:190} INFO - [2026-04-27T08:23:05.686+0000] {dagbag.py:588} INFO - Filling up the DagBag from /opt/airflow/dags/kafka_load.py
[2026-04-27T08:23:05.988+0000] {processor.py:925} INFO - DAG(s) 'kafka_producer' retrieved from /opt/airflow/dags/kafka_load.py
[2026-04-27T08:23:06.274+0000] {logging_mixin.py:190} INFO - [2026-04-27T08:23:06.274+0000] {dag.py:3239} INFO - Sync 1 DAGs
[2026-04-27T08:23:06.304+0000] {logging_mixin.py:190} INFO - [2026-04-27T08:23:06.304+0000] {dag.py:4180} INFO - Setting next_dagrun for kafka_producer to 2026-04-26 18:30:00+00:00, run_after=2026-04-27 18:30:00+00:00
[2026-04-27T08:23:06.337+0000] {processor.py:208} INFO - Processing /opt/airflow/dags/kafka_load.py took 0.677 seconds
[2026-04-27T08:23:36.536+0000] {processor.py:186} INFO - Started process (PID=514) to work on /opt/airflow/dags/kafka_load.py
[2026-04-27T08:23:36.538+0000] {processor.py:914} INFO - Processing file /opt/airflow/dags/kafka_load.py for tasks to queue
[2026-04-27T08:23:36.541+0000] {logging_mixin.py:190} INFO - [2026-04-27T08:23:36.541+0000] {dagbag.py:588} INFO - Filling up the DagBag from /opt/airflow/dags/kafka_load.py
[2026-04-27T08:23:36.576+0000] {processor.py:925} INFO - DAG(s) 'kafka_producer' retrieved from /opt/airflow/dags/kafka_load.py
[2026-04-27T08:23:36.607+0000] {logging_mixin.py:190} INFO - [2026-04-27T08:23:36.607+0000] {dag.py:3239} INFO - Sync 1 DAGs
[2026-04-27T08:23:36.649+0000] {logging_mixin.py:190} INFO - [2026-04-27T08:23:36.649+0000] {dag.py:4180} INFO - Setting next_dagrun for kafka_producer to 2026-04-26 18:30:00+00:00, run_after=2026-04-27 18:30:00+00:00
[2026-04-27T08:23:36.677+0000] {processor.py:208} INFO - Processing /opt/airflow/dags/kafka_load.py took 0.153 seconds
[2026-04-27T08:24:07.119+0000] {processor.py:186} INFO - Started process (PID=517) to work on /opt/airflow/dags/kafka_load.py
[2026-04-27T08:24:07.121+0000] {processor.py:914} INFO - Processing file /opt/airflow/dags/kafka_load.py for tasks to queue
[2026-04-27T08:24:07.125+0000] {logging_mixin.py:190} INFO - [2026-04-27T08:24:07.124+0000] {dagbag.py:588} INFO - Filling up the DagBag from /opt/airflow/dags/kafka_load.py
[2026-04-27T08:24:07.170+0000] {processor.py:925} INFO - DAG(s) 'kafka_producer' retrieved from /opt/airflow/dags/kafka_load.py
[2026-04-27T08:24:07.207+0000] {logging_mixin.py:190} INFO - [2026-04-27T08:24:07.207+0000] {dag.py:3239} INFO - Sync 1 DAGs
[2026-04-27T08:24:07.251+0000] {logging_mixin.py:190} INFO - [2026-04-27T08:24:07.250+0000] {dag.py:4180} INFO - Setting next_dagrun for kafka_producer to 2026-04-26 18:30:00+00:00, run_after=2026-04-27 18:30:00+00:00
[2026-04-27T08:24:07.801+0000] {processor.py:208} INFO - Processing /opt/airflow/dags/kafka_load.py took 0.690 seconds
[2026-04-27T08:24:38.305+0000] {processor.py:186} INFO - Started process (PID=520) to work on /opt/airflow/dags/kafka_load.py
[2026-04-27T08:24:38.306+0000] {processor.py:914} INFO - Processing file /opt/airflow/dags/kafka_load.py for tasks to queue
[2026-04-27T08:24:38.312+0000] {logging_mixin.py:190} INFO - [2026-04-27T08:24:38.311+0000] {dagbag.py:588} INFO - Filling up the DagBag from /opt/airflow/dags/kafka_load.py
[2026-04-27T08:24:38.368+0000] {processor.py:925} INFO - DAG(s) 'kafka_producer' retrieved from /opt/airflow/dags/kafka_load.py
[2026-04-27T08:24:38.419+0000] {logging_mixin.py:190} INFO - [2026-04-27T08:24:38.419+0000] {dag.py:3239} INFO - Sync 1 DAGs
[2026-04-27T08:24:38.469+0000] {logging_mixin.py:190} INFO - [2026-04-27T08:24:38.468+0000] {dag.py:4180} INFO - Setting next_dagrun for kafka_producer to 2026-04-26 18:30:00+00:00, run_after=2026-04-27 18:30:00+00:00
[2026-04-27T08:24:38.514+0000] {processor.py:208} INFO - Processing /opt/airflow/dags/kafka_load.py took 0.222 seconds
[2026-04-27T08:25:08.962+0000] {processor.py:186} INFO - Started process (PID=523) to work on /opt/airflow/dags/kafka_load.py
[2026-04-27T08:25:08.964+0000] {processor.py:914} INFO - Processing file /opt/airflow/dags/kafka_load.py for tasks to queue
[2026-04-27T08:25:08.969+0000] {logging_mixin.py:190} INFO - [2026-04-27T08:25:08.969+0000] {dagbag.py:588} INFO - Filling up the DagBag from /opt/airflow/dags/kafka_load.py
[2026-04-27T08:25:09.011+0000] {processor.py:925} INFO - DAG(s) 'kafka_producer' retrieved from /opt/airflow/dags/kafka_load.py
[2026-04-27T08:25:09.042+0000] {logging_mixin.py:190} INFO - [2026-04-27T08:25:09.042+0000] {dag.py:3239} INFO - Sync 1 DAGs
[2026-04-27T08:25:09.081+0000] {logging_mixin.py:190} INFO - [2026-04-27T08:25:09.081+0000] {dag.py:4180} INFO - Setting next_dagrun for kafka_producer to 2026-04-26 18:30:00+00:00, run_after=2026-04-27 18:30:00+00:00
[2026-04-27T08:25:09.108+0000] {processor.py:208} INFO - Processing /opt/airflow/dags/kafka_load.py took 0.153 seconds
[2026-04-27T08:25:39.472+0000] {processor.py:186} INFO - Started process (PID=526) to work on /opt/airflow/dags/kafka_load.py
[2026-04-27T08:25:39.473+0000] {processor.py:914} INFO - Processing file /opt/airflow/dags/kafka_load.py for tasks to queue
[2026-04-27T08:25:39.476+0000] {logging_mixin.py:190} INFO - [2026-04-27T08:25:39.476+0000] {dagbag.py:588} INFO - Filling up the DagBag from /opt/airflow/dags/kafka_load.py
[2026-04-27T08:25:39.508+0000] {processor.py:925} INFO - DAG(s) 'kafka_producer' retrieved from /opt/airflow/dags/kafka_load.py
[2026-04-27T08:25:39.539+0000] {logging_mixin.py:190} INFO - [2026-04-27T08:25:39.539+0000] {dag.py:3239} INFO - Sync 1 DAGs
[2026-04-27T08:25:39.573+0000] {logging_mixin.py:190} INFO - [2026-04-27T08:25:39.572+0000] {dag.py:4180} INFO - Setting next_dagrun for kafka_producer to 2026-04-26 18:30:00+00:00, run_after=2026-04-27 18:30:00+00:00
[2026-04-27T08:25:39.979+0000] {processor.py:208} INFO - Processing /opt/airflow/dags/kafka_load.py took 0.518 seconds
[2026-04-27T08:26:10.044+0000] {processor.py:186} INFO - Started process (PID=529) to work on /opt/airflow/dags/kafka_load.py
[2026-04-27T08:26:10.045+0000] {processor.py:914} INFO - Processing file /opt/airflow/dags/kafka_load.py for tasks to queue
[2026-04-27T08:26:10.049+0000] {logging_mixin.py:190} INFO - [2026-04-27T08:26:10.048+0000] {dagbag.py:588} INFO - Filling up the DagBag from /opt/airflow/dags/kafka_load.py
[2026-04-27T08:26:10.087+0000] {processor.py:925} INFO - DAG(s) 'kafka_producer' retrieved from /opt/airflow/dags/kafka_load.py
[2026-04-27T08:26:10.124+0000] {logging_mixin.py:190} INFO - [2026-04-27T08:26:10.123+0000] {dag.py:3239} INFO - Sync 1 DAGs
[2026-04-27T08:26:10.158+0000] {logging_mixin.py:190} INFO - [2026-04-27T08:26:10.158+0000] {dag.py:4180} INFO - Setting next_dagrun for kafka_producer to 2026-04-26 18:30:00+00:00, run_after=2026-04-27 18:30:00+00:00
[2026-04-27T08:26:10.187+0000] {processor.py:208} INFO - Processing /opt/airflow/dags/kafka_load.py took 0.157 seconds
[2026-04-27T08:26:40.552+0000] {processor.py:186} INFO - Started process (PID=532) to work on /opt/airflow/dags/kafka_load.py
[2026-04-27T08:26:40.554+0000] {processor.py:914} INFO - Processing file /opt/airflow/dags/kafka_load.py for tasks to queue
[2026-04-27T08:26:40.557+0000] {logging_mixin.py:190} INFO - [2026-04-27T08:26:40.557+0000] {dagbag.py:588} INFO - Filling up the DagBag from /opt/airflow/dags/kafka_load.py
[2026-04-27T08:26:40.595+0000] {processor.py:925} INFO - DAG(s) 'kafka_producer' retrieved from /opt/airflow/dags/kafka_load.py
[2026-04-27T08:26:40.628+0000] {logging_mixin.py:190} INFO - [2026-04-27T08:26:40.627+0000] {dag.py:3239} INFO - Sync 1 DAGs
[2026-04-27T08:26:40.662+0000] {logging_mixin.py:190} INFO - [2026-04-27T08:26:40.661+0000] {dag.py:4180} INFO - Setting next_dagrun for kafka_producer to 2026-04-26 18:30:00+00:00, run_after=2026-04-27 18:30:00+00:00
[2026-04-27T08:26:41.381+0000] {processor.py:208} INFO - Processing /opt/airflow/dags/kafka_load.py took 0.838 seconds
[2026-04-27T08:27:11.506+0000] {processor.py:186} INFO - Started process (PID=535) to work on /opt/airflow/dags/kafka_load.py
[2026-04-27T08:27:11.507+0000] {processor.py:914} INFO - Processing file /opt/airflow/dags/kafka_load.py for tasks to queue
[2026-04-27T08:27:11.511+0000] {logging_mixin.py:190} INFO - [2026-04-27T08:27:11.510+0000] {dagbag.py:588} INFO - Filling up the DagBag from /opt/airflow/dags/kafka_load.py
[2026-04-27T08:27:11.563+0000] {processor.py:925} INFO - DAG(s) 'kafka_producer' retrieved from /opt/airflow/dags/kafka_load.py
[2026-04-27T08:27:11.595+0000] {logging_mixin.py:190} INFO - [2026-04-27T08:27:11.595+0000] {dag.py:3239} INFO - Sync 1 DAGs
[2026-04-27T08:27:11.634+0000] {logging_mixin.py:190} INFO - [2026-04-27T08:27:11.634+0000] {dag.py:4180} INFO - Setting next_dagrun for kafka_producer to 2026-04-26 18:30:00+00:00, run_after=2026-04-27 18:30:00+00:00
[2026-04-27T08:27:11.663+0000] {processor.py:208} INFO - Processing /opt/airflow/dags/kafka_load.py took 0.167 seconds
[2026-04-27T08:27:42.134+0000] {processor.py:186} INFO - Started process (PID=538) to work on /opt/airflow/dags/kafka_load.py
[2026-04-27T08:27:42.137+0000] {processor.py:914} INFO - Processing file /opt/airflow/dags/kafka_load.py for tasks to queue
[2026-04-27T08:27:42.154+0000] {logging_mixin.py:190} INFO - [2026-04-27T08:27:42.153+0000] {dagbag.py:588} INFO - Filling up the DagBag from /opt/airflow/dags/kafka_load.py
[2026-04-27T08:27:42.264+0000] {processor.py:925} INFO - DAG(s) 'kafka_producer' retrieved from /opt/airflow/dags/kafka_load.py
[2026-04-27T08:27:42.313+0000] {logging_mixin.py:190} INFO - [2026-04-27T08:27:42.313+0000] {dag.py:3239} INFO - Sync 1 DAGs
[2026-04-27T08:27:42.364+0000] {logging_mixin.py:190} INFO - [2026-04-27T08:27:42.364+0000] {dag.py:4180} INFO - Setting next_dagrun for kafka_producer to 2026-04-26 18:30:00+00:00, run_after=2026-04-27 18:30:00+00:00
[2026-04-27T08:27:42.399+0000] {processor.py:208} INFO - Processing /opt/airflow/dags/kafka_load.py took 0.282 seconds
[2026-04-27T08:28:12.704+0000] {processor.py:186} INFO - Started process (PID=541) to work on /opt/airflow/dags/kafka_load.py
[2026-04-27T08:28:12.706+0000] {processor.py:914} INFO - Processing file /opt/airflow/dags/kafka_load.py for tasks to queue
[2026-04-27T08:28:12.709+0000] {logging_mixin.py:190} INFO - [2026-04-27T08:28:12.709+0000] {dagbag.py:588} INFO - Filling up the DagBag from /opt/airflow/dags/kafka_load.py
[2026-04-27T08:28:12.746+0000] {processor.py:925} INFO - DAG(s) 'kafka_producer' retrieved from /opt/airflow/dags/kafka_load.py
[2026-04-27T08:28:12.774+0000] {logging_mixin.py:190} INFO - [2026-04-27T08:28:12.774+0000] {dag.py:3239} INFO - Sync 1 DAGs
[2026-04-27T08:28:12.806+0000] {logging_mixin.py:190} INFO - [2026-04-27T08:28:12.806+0000] {dag.py:4180} INFO - Setting next_dagrun for kafka_producer to 2026-04-26 18:30:00+00:00, run_after=2026-04-27 18:30:00+00:00
[2026-04-27T08:28:12.837+0000] {processor.py:208} INFO - Processing /opt/airflow/dags/kafka_load.py took 0.144 seconds
[2026-04-27T08:28:43.732+0000] {processor.py:186} INFO - Started process (PID=544) to work on /opt/airflow/dags/kafka_load.py
[2026-04-27T08:28:43.734+0000] {processor.py:914} INFO - Processing file /opt/airflow/dags/kafka_load.py for tasks to queue
[2026-04-27T08:28:43.745+0000] {logging_mixin.py:190} INFO - [2026-04-27T08:28:43.744+0000] {dagbag.py:588} INFO - Filling up the DagBag from /opt/airflow/dags/kafka_load.py
[2026-04-27T08:28:43.785+0000] {processor.py:925} INFO - DAG(s) 'kafka_producer' retrieved from /opt/airflow/dags/kafka_load.py
[2026-04-27T08:28:43.817+0000] {logging_mixin.py:190} INFO - [2026-04-27T08:28:43.817+0000] {dag.py:3239} INFO - Sync 1 DAGs
[2026-04-27T08:28:43.858+0000] {logging_mixin.py:190} INFO - [2026-04-27T08:28:43.858+0000] {dag.py:4180} INFO - Setting next_dagrun for kafka_producer to 2026-04-26 18:30:00+00:00, run_after=2026-04-27 18:30:00+00:00
[2026-04-27T08:28:43.911+0000] {processor.py:208} INFO - Processing /opt/airflow/dags/kafka_load.py took 0.188 seconds
[2026-04-27T08:29:14.377+0000] {processor.py:186} INFO - Started process (PID=547) to work on /opt/airflow/dags/kafka_load.py
[2026-04-27T08:29:14.379+0000] {processor.py:914} INFO - Processing file /opt/airflow/dags/kafka_load.py for tasks to queue
[2026-04-27T08:29:14.384+0000] {logging_mixin.py:190} INFO - [2026-04-27T08:29:14.383+0000] {dagbag.py:588} INFO - Filling up the DagBag from /opt/airflow/dags/kafka_load.py
[2026-04-27T08:29:14.424+0000] {processor.py:925} INFO - DAG(s) 'kafka_producer' retrieved from /opt/airflow/dags/kafka_load.py
[2026-04-27T08:29:14.454+0000] {logging_mixin.py:190} INFO - [2026-04-27T08:29:14.454+0000] {dag.py:3239} INFO - Sync 1 DAGs
[2026-04-27T08:29:14.493+0000] {logging_mixin.py:190} INFO - [2026-04-27T08:29:14.492+0000] {dag.py:4180} INFO - Setting next_dagrun for kafka_producer to 2026-04-26 18:30:00+00:00, run_after=2026-04-27 18:30:00+00:00
[2026-04-27T08:29:14.527+0000] {processor.py:208} INFO - Processing /opt/airflow/dags/kafka_load.py took 0.164 seconds
[2026-04-27T08:29:45.032+0000] {processor.py:186} INFO - Started process (PID=550) to work on /opt/airflow/dags/kafka_load.py
[2026-04-27T08:29:45.033+0000] {processor.py:914} INFO - Processing file /opt/airflow/dags/kafka_load.py for tasks to queue
[2026-04-27T08:29:45.043+0000] {logging_mixin.py:190} INFO - [2026-04-27T08:29:45.042+0000] {dagbag.py:588} INFO - Filling up the DagBag from /opt/airflow/dags/kafka_load.py
[2026-04-27T08:29:45.083+0000] {processor.py:925} INFO - DAG(s) 'kafka_producer' retrieved from /opt/airflow/dags/kafka_load.py
[2026-04-27T08:29:45.124+0000] {logging_mixin.py:190} INFO - [2026-04-27T08:29:45.122+0000] {dag.py:3239} INFO - Sync 1 DAGs
[2026-04-27T08:29:45.168+0000] {logging_mixin.py:190} INFO - [2026-04-27T08:29:45.168+0000] {dag.py:4180} INFO - Setting next_dagrun for kafka_producer to 2026-04-26 18:30:00+00:00, run_after=2026-04-27 18:30:00+00:00
[2026-04-27T08:29:45.200+0000] {processor.py:208} INFO - Processing /opt/airflow/dags/kafka_load.py took 0.179 seconds
[2026-04-27T08:30:15.585+0000] {processor.py:186} INFO - Started process (PID=553) to work on /opt/airflow/dags/kafka_load.py
[2026-04-27T08:30:15.586+0000] {processor.py:914} INFO - Processing file /opt/airflow/dags/kafka_load.py for tasks to queue
[2026-04-27T08:30:15.590+0000] {logging_mixin.py:190} INFO - [2026-04-27T08:30:15.590+0000] {dagbag.py:588} INFO - Filling up the DagBag from /opt/airflow/dags/kafka_load.py
[2026-04-27T08:30:15.628+0000] {processor.py:925} INFO - DAG(s) 'kafka_producer' retrieved from /opt/airflow/dags/kafka_load.py
[2026-04-27T08:30:15.662+0000] {logging_mixin.py:190} INFO - [2026-04-27T08:30:15.662+0000] {dag.py:3239} INFO - Sync 1 DAGs
[2026-04-27T08:30:15.703+0000] {logging_mixin.py:190} INFO - [2026-04-27T08:30:15.703+0000] {dag.py:4180} INFO - Setting next_dagrun for kafka_producer to 2026-04-26 18:30:00+00:00, run_after=2026-04-27 18:30:00+00:00
[2026-04-27T08:30:15.734+0000] {processor.py:208} INFO - Processing /opt/airflow/dags/kafka_load.py took 0.162 seconds
[2026-04-27T08:30:46.333+0000] {processor.py:186} INFO - Started process (PID=556) to work on /opt/airflow/dags/kafka_load.py
[2026-04-27T08:30:46.335+0000] {processor.py:914} INFO - Processing file /opt/airflow/dags/kafka_load.py for tasks to queue
[2026-04-27T08:30:46.340+0000] {logging_mixin.py:190} INFO - [2026-04-27T08:30:46.339+0000] {dagbag.py:588} INFO - Filling up the DagBag from /opt/airflow/dags/kafka_load.py
[2026-04-27T08:30:46.380+0000] {processor.py:925} INFO - DAG(s) 'kafka_producer' retrieved from /opt/airflow/dags/kafka_load.py
[2026-04-27T08:30:46.415+0000] {logging_mixin.py:190} INFO - [2026-04-27T08:30:46.415+0000] {dag.py:3239} INFO - Sync 1 DAGs
[2026-04-27T08:30:46.454+0000] {logging_mixin.py:190} INFO - [2026-04-27T08:30:46.454+0000] {dag.py:4180} INFO - Setting next_dagrun for kafka_producer to 2026-04-26 18:30:00+00:00, run_after=2026-04-27 18:30:00+00:00
[2026-04-27T08:30:46.484+0000] {processor.py:208} INFO - Processing /opt/airflow/dags/kafka_load.py took 0.164 seconds
[2026-04-27T08:31:16.843+0000] {processor.py:186} INFO - Started process (PID=559) to work on /opt/airflow/dags/kafka_load.py
[2026-04-27T08:31:16.844+0000] {processor.py:914} INFO - Processing file /opt/airflow/dags/kafka_load.py for tasks to queue
[2026-04-27T08:31:16.848+0000] {logging_mixin.py:190} INFO - [2026-04-27T08:31:16.848+0000] {dagbag.py:588} INFO - Filling up the DagBag from /opt/airflow/dags/kafka_load.py
[2026-04-27T08:31:16.886+0000] {processor.py:925} INFO - DAG(s) 'kafka_producer' retrieved from /opt/airflow/dags/kafka_load.py
[2026-04-27T08:31:16.918+0000] {logging_mixin.py:190} INFO - [2026-04-27T08:31:16.918+0000] {dag.py:3239} INFO - Sync 1 DAGs
[2026-04-27T08:31:16.950+0000] {logging_mixin.py:190} INFO - [2026-04-27T08:31:16.950+0000] {dag.py:4180} INFO - Setting next_dagrun for kafka_producer to 2026-04-26 18:30:00+00:00, run_after=2026-04-27 18:30:00+00:00
[2026-04-27T08:31:16.980+0000] {processor.py:208} INFO - Processing /opt/airflow/dags/kafka_load.py took 0.146 seconds
[2026-04-27T08:31:47.396+0000] {processor.py:186} INFO - Started process (PID=562) to work on /opt/airflow/dags/kafka_load.py
[2026-04-27T08:31:47.397+0000] {processor.py:914} INFO - Processing file /opt/airflow/dags/kafka_load.py for tasks to queue
[2026-04-27T08:31:47.401+0000] {logging_mixin.py:190} INFO - [2026-04-27T08:31:47.400+0000] {dagbag.py:588} INFO - Filling up the DagBag from /opt/airflow/dags/kafka_load.py
[2026-04-27T08:31:47.448+0000] {processor.py:925} INFO - DAG(s) 'kafka_producer' retrieved from /opt/airflow/dags/kafka_load.py
[2026-04-27T08:31:47.477+0000] {logging_mixin.py:190} INFO - [2026-04-27T08:31:47.477+0000] {dag.py:3239} INFO - Sync 1 DAGs
[2026-04-27T08:31:47.513+0000] {logging_mixin.py:190} INFO - [2026-04-27T08:31:47.513+0000] {dag.py:4180} INFO - Setting next_dagrun for kafka_producer to 2026-04-26 18:30:00+00:00, run_after=2026-04-27 18:30:00+00:00
[2026-04-27T08:31:47.542+0000] {processor.py:208} INFO - Processing /opt/airflow/dags/kafka_load.py took 0.155 seconds
[2026-04-27T08:32:17.923+0000] {processor.py:186} INFO - Started process (PID=565) to work on /opt/airflow/dags/kafka_load.py
[2026-04-27T08:32:17.925+0000] {processor.py:914} INFO - Processing file /opt/airflow/dags/kafka_load.py for tasks to queue
[2026-04-27T08:32:17.929+0000] {logging_mixin.py:190} INFO - [2026-04-27T08:32:17.929+0000] {dagbag.py:588} INFO - Filling up the DagBag from /opt/airflow/dags/kafka_load.py
[2026-04-27T08:32:17.971+0000] {processor.py:925} INFO - DAG(s) 'kafka_producer' retrieved from /opt/airflow/dags/kafka_load.py
[2026-04-27T08:32:17.998+0000] {logging_mixin.py:190} INFO - [2026-04-27T08:32:17.997+0000] {dag.py:3239} INFO - Sync 1 DAGs
[2026-04-27T08:32:18.033+0000] {logging_mixin.py:190} INFO - [2026-04-27T08:32:18.032+0000] {dag.py:4180} INFO - Setting next_dagrun for kafka_producer to 2026-04-26 18:30:00+00:00, run_after=2026-04-27 18:30:00+00:00
[2026-04-27T08:32:18.057+0000] {processor.py:208} INFO - Processing /opt/airflow/dags/kafka_load.py took 0.141 seconds
[2026-04-27T08:32:48.583+0000] {processor.py:186} INFO - Started process (PID=568) to work on /opt/airflow/dags/kafka_load.py
[2026-04-27T08:32:48.585+0000] {processor.py:914} INFO - Processing file /opt/airflow/dags/kafka_load.py for tasks to queue
[2026-04-27T08:32:48.589+0000] {logging_mixin.py:190} INFO - [2026-04-27T08:32:48.589+0000] {dagbag.py:588} INFO - Filling up the DagBag from /opt/airflow/dags/kafka_load.py
[2026-04-27T08:32:48.628+0000] {processor.py:925} INFO - DAG(s) 'kafka_producer' retrieved from /opt/airflow/dags/kafka_load.py
[2026-04-27T08:32:48.688+0000] {logging_mixin.py:190} INFO - [2026-04-27T08:32:48.687+0000] {dag.py:3239} INFO - Sync 1 DAGs
[2026-04-27T08:32:48.762+0000] {logging_mixin.py:190} INFO - [2026-04-27T08:32:48.760+0000] {dag.py:4180} INFO - Setting next_dagrun for kafka_producer to 2026-04-26 18:30:00+00:00, run_after=2026-04-27 18:30:00+00:00
[2026-04-27T08:32:48.818+0000] {processor.py:208} INFO - Processing /opt/airflow/dags/kafka_load.py took 0.244 seconds
[2026-04-27T08:33:19.342+0000] {processor.py:186} INFO - Started process (PID=571) to work on /opt/airflow/dags/kafka_load.py
[2026-04-27T08:33:19.345+0000] {processor.py:914} INFO - Processing file /opt/airflow/dags/kafka_load.py for tasks to queue
[2026-04-27T08:33:19.349+0000] {logging_mixin.py:190} INFO - [2026-04-27T08:33:19.348+0000] {dagbag.py:588} INFO - Filling up the DagBag from /opt/airflow/dags/kafka_load.py
[2026-04-27T08:33:19.386+0000] {processor.py:925} INFO - DAG(s) 'kafka_producer' retrieved from /opt/airflow/dags/kafka_load.py
[2026-04-27T08:33:19.417+0000] {logging_mixin.py:190} INFO - [2026-04-27T08:33:19.417+0000] {dag.py:3239} INFO - Sync 1 DAGs
[2026-04-27T08:33:19.450+0000] {logging_mixin.py:190} INFO - [2026-04-27T08:33:19.449+0000] {dag.py:4180} INFO - Setting next_dagrun for kafka_producer to 2026-04-26 18:30:00+00:00, run_after=2026-04-27 18:30:00+00:00
[2026-04-27T08:33:20.103+0000] {processor.py:208} INFO - Processing /opt/airflow/dags/kafka_load.py took 0.773 seconds
[2026-04-27T08:33:50.696+0000] {processor.py:186} INFO - Started process (PID=574) to work on /opt/airflow/dags/kafka_load.py
[2026-04-27T08:33:50.701+0000] {processor.py:914} INFO - Processing file /opt/airflow/dags/kafka_load.py for tasks to queue
[2026-04-27T08:33:50.705+0000] {logging_mixin.py:190} INFO - [2026-04-27T08:33:50.704+0000] {dagbag.py:588} INFO - Filling up the DagBag from /opt/airflow/dags/kafka_load.py
[2026-04-27T08:33:50.742+0000] {processor.py:925} INFO - DAG(s) 'kafka_producer' retrieved from /opt/airflow/dags/kafka_load.py
[2026-04-27T08:33:50.768+0000] {logging_mixin.py:190} INFO - [2026-04-27T08:33:50.768+0000] {dag.py:3239} INFO - Sync 1 DAGs
[2026-04-27T08:33:50.805+0000] {logging_mixin.py:190} INFO - [2026-04-27T08:33:50.804+0000] {dag.py:4180} INFO - Setting next_dagrun for kafka_producer to 2026-04-26 18:30:00+00:00, run_after=2026-04-27 18:30:00+00:00
[2026-04-27T08:33:50.834+0000] {processor.py:208} INFO - Processing /opt/airflow/dags/kafka_load.py took 0.148 seconds
[2026-04-27T08:34:21.462+0000] {processor.py:186} INFO - Started process (PID=577) to work on /opt/airflow/dags/kafka_load.py
[2026-04-27T08:34:21.474+0000] {processor.py:914} INFO - Processing file /opt/airflow/dags/kafka_load.py for tasks to queue
[2026-04-27T08:34:21.480+0000] {logging_mixin.py:190} INFO - [2026-04-27T08:34:21.479+0000] {dagbag.py:588} INFO - Filling up the DagBag from /opt/airflow/dags/kafka_load.py
[2026-04-27T08:34:21.532+0000] {processor.py:925} INFO - DAG(s) 'kafka_producer' retrieved from /opt/airflow/dags/kafka_load.py
[2026-04-27T08:34:21.573+0000] {logging_mixin.py:190} INFO - [2026-04-27T08:34:21.573+0000] {dag.py:3239} INFO - Sync 1 DAGs
[2026-04-27T08:34:21.611+0000] {logging_mixin.py:190} INFO - [2026-04-27T08:34:21.611+0000] {dag.py:4180} INFO - Setting next_dagrun for kafka_producer to 2026-04-26 18:30:00+00:00, run_after=2026-04-27 18:30:00+00:00
[2026-04-27T08:34:21.640+0000] {processor.py:208} INFO - Processing /opt/airflow/dags/kafka_load.py took 0.199 seconds
[2026-04-27T08:34:51.867+0000] {processor.py:186} INFO - Started process (PID=580) to work on /opt/airflow/dags/kafka_load.py
[2026-04-27T08:34:51.868+0000] {processor.py:914} INFO - Processing file /opt/airflow/dags/kafka_load.py for tasks to queue
[2026-04-27T08:34:51.872+0000] {logging_mixin.py:190} INFO - [2026-04-27T08:34:51.871+0000] {dagbag.py:588} INFO - Filling up the DagBag from /opt/airflow/dags/kafka_load.py
[2026-04-27T08:34:51.908+0000] {processor.py:925} INFO - DAG(s) 'kafka_producer' retrieved from /opt/airflow/dags/kafka_load.py
[2026-04-27T08:34:51.936+0000] {logging_mixin.py:190} INFO - [2026-04-27T08:34:51.936+0000] {dag.py:3239} INFO - Sync 1 DAGs
[2026-04-27T08:34:51.972+0000] {logging_mixin.py:190} INFO - [2026-04-27T08:34:51.972+0000] {dag.py:4180} INFO - Setting next_dagrun for kafka_producer to 2026-04-26 18:30:00+00:00, run_after=2026-04-27 18:30:00+00:00
[2026-04-27T08:34:52.000+0000] {processor.py:208} INFO - Processing /opt/airflow/dags/kafka_load.py took 0.143 seconds
[2026-04-27T08:35:22.685+0000] {processor.py:186} INFO - Started process (PID=583) to work on /opt/airflow/dags/kafka_load.py
[2026-04-27T08:35:22.687+0000] {processor.py:914} INFO - Processing file /opt/airflow/dags/kafka_load.py for tasks to queue
[2026-04-27T08:35:22.699+0000] {logging_mixin.py:190} INFO - [2026-04-27T08:35:22.698+0000] {dagbag.py:588} INFO - Filling up the DagBag from /opt/airflow/dags/kafka_load.py
[2026-04-27T08:35:22.735+0000] {processor.py:925} INFO - DAG(s) 'kafka_producer' retrieved from /opt/airflow/dags/kafka_load.py
[2026-04-27T08:35:22.764+0000] {logging_mixin.py:190} INFO - [2026-04-27T08:35:22.764+0000] {dag.py:3239} INFO - Sync 1 DAGs
[2026-04-27T08:35:22.796+0000] {logging_mixin.py:190} INFO - [2026-04-27T08:35:22.796+0000] {dag.py:4180} INFO - Setting next_dagrun for kafka_producer to 2026-04-26 18:30:00+00:00, run_after=2026-04-27 18:30:00+00:00
[2026-04-27T08:35:22.824+0000] {processor.py:208} INFO - Processing /opt/airflow/dags/kafka_load.py took 0.155 seconds
[2026-04-27T08:35:53.785+0000] {processor.py:186} INFO - Started process (PID=586) to work on /opt/airflow/dags/kafka_load.py
[2026-04-27T08:35:53.786+0000] {processor.py:914} INFO - Processing file /opt/airflow/dags/kafka_load.py for tasks to queue
[2026-04-27T08:35:53.790+0000] {logging_mixin.py:190} INFO - [2026-04-27T08:35:53.789+0000] {dagbag.py:588} INFO - Filling up the DagBag from /opt/airflow/dags/kafka_load.py
[2026-04-27T08:35:53.831+0000] {processor.py:925} INFO - DAG(s) 'kafka_producer' retrieved from /opt/airflow/dags/kafka_load.py
[2026-04-27T08:35:53.863+0000] {logging_mixin.py:190} INFO - [2026-04-27T08:35:53.863+0000] {dag.py:3239} INFO - Sync 1 DAGs
[2026-04-27T08:35:53.900+0000] {logging_mixin.py:190} INFO - [2026-04-27T08:35:53.900+0000] {dag.py:4180} INFO - Setting next_dagrun for kafka_producer to 2026-04-26 18:30:00+00:00, run_after=2026-04-27 18:30:00+00:00
[2026-04-27T08:35:53.930+0000] {processor.py:208} INFO - Processing /opt/airflow/dags/kafka_load.py took 0.154 seconds
[2026-04-27T08:36:24.346+0000] {processor.py:186} INFO - Started process (PID=589) to work on /opt/airflow/dags/kafka_load.py
[2026-04-27T08:36:24.349+0000] {processor.py:914} INFO - Processing file /opt/airflow/dags/kafka_load.py for tasks to queue
[2026-04-27T08:36:24.354+0000] {logging_mixin.py:190} INFO - [2026-04-27T08:36:24.353+0000] {dagbag.py:588} INFO - Filling up the DagBag from /opt/airflow/dags/kafka_load.py
[2026-04-27T08:36:24.407+0000] {processor.py:925} INFO - DAG(s) 'kafka_producer' retrieved from /opt/airflow/dags/kafka_load.py
[2026-04-27T08:36:24.442+0000] {logging_mixin.py:190} INFO - [2026-04-27T08:36:24.442+0000] {dag.py:3239} INFO - Sync 1 DAGs
[2026-04-27T08:36:24.488+0000] {logging_mixin.py:190} INFO - [2026-04-27T08:36:24.487+0000] {dag.py:4180} INFO - Setting next_dagrun for kafka_producer to 2026-04-26 18:30:00+00:00, run_after=2026-04-27 18:30:00+00:00
[2026-04-27T08:36:24.524+0000] {processor.py:208} INFO - Processing /opt/airflow/dags/kafka_load.py took 0.193 seconds
[2026-04-27T08:36:54.988+0000] {processor.py:186} INFO - Started process (PID=592) to work on /opt/airflow/dags/kafka_load.py
[2026-04-27T08:36:54.989+0000] {processor.py:914} INFO - Processing file /opt/airflow/dags/kafka_load.py for tasks to queue
[2026-04-27T08:36:54.992+0000] {logging_mixin.py:190} INFO - [2026-04-27T08:36:54.992+0000] {dagbag.py:588} INFO - Filling up the DagBag from /opt/airflow/dags/kafka_load.py
[2026-04-27T08:36:55.033+0000] {processor.py:925} INFO - DAG(s) 'kafka_producer' retrieved from /opt/airflow/dags/kafka_load.py
[2026-04-27T08:36:55.064+0000] {logging_mixin.py:190} INFO - [2026-04-27T08:36:55.064+0000] {dag.py:3239} INFO - Sync 1 DAGs
[2026-04-27T08:36:55.100+0000] {logging_mixin.py:190} INFO - [2026-04-27T08:36:55.100+0000] {dag.py:4180} INFO - Setting next_dagrun for kafka_producer to 2026-04-26 18:30:00+00:00, run_after=2026-04-27 18:30:00+00:00
[2026-04-27T08:36:55.127+0000] {processor.py:208} INFO - Processing /opt/airflow/dags/kafka_load.py took 0.148 seconds
[2026-04-27T08:37:25.580+0000] {processor.py:186} INFO - Started process (PID=595) to work on /opt/airflow/dags/kafka_load.py
[2026-04-27T08:37:25.581+0000] {processor.py:914} INFO - Processing file /opt/airflow/dags/kafka_load.py for tasks to queue
[2026-04-27T08:37:25.585+0000] {logging_mixin.py:190} INFO - [2026-04-27T08:37:25.585+0000] {dagbag.py:588} INFO - Filling up the DagBag from /opt/airflow/dags/kafka_load.py
[2026-04-27T08:37:25.619+0000] {processor.py:925} INFO - DAG(s) 'kafka_producer' retrieved from /opt/airflow/dags/kafka_load.py
[2026-04-27T08:37:25.650+0000] {logging_mixin.py:190} INFO - [2026-04-27T08:37:25.650+0000] {dag.py:3239} INFO - Sync 1 DAGs
[2026-04-27T08:37:25.693+0000] {logging_mixin.py:190} INFO - [2026-04-27T08:37:25.692+0000] {dag.py:4180} INFO - Setting next_dagrun for kafka_producer to 2026-04-26 18:30:00+00:00, run_after=2026-04-27 18:30:00+00:00
[2026-04-27T08:37:25.733+0000] {processor.py:208} INFO - Processing /opt/airflow/dags/kafka_load.py took 0.163 seconds
[2026-04-27T08:37:56.127+0000] {processor.py:186} INFO - Started process (PID=598) to work on /opt/airflow/dags/kafka_load.py
[2026-04-27T08:37:56.128+0000] {processor.py:914} INFO - Processing file /opt/airflow/dags/kafka_load.py for tasks to queue
[2026-04-27T08:37:56.132+0000] {logging_mixin.py:190} INFO - [2026-04-27T08:37:56.131+0000] {dagbag.py:588} INFO - Filling up the DagBag from /opt/airflow/dags/kafka_load.py
[2026-04-27T08:37:56.166+0000] {processor.py:925} INFO - DAG(s) 'kafka_producer' retrieved from /opt/airflow/dags/kafka_load.py
[2026-04-27T08:37:56.197+0000] {logging_mixin.py:190} INFO - [2026-04-27T08:37:56.197+0000] {dag.py:3239} INFO - Sync 1 DAGs
[2026-04-27T08:37:56.249+0000] {logging_mixin.py:190} INFO - [2026-04-27T08:37:56.249+0000] {dag.py:4180} INFO - Setting next_dagrun for kafka_producer to 2026-04-26 18:30:00+00:00, run_after=2026-04-27 18:30:00+00:00
[2026-04-27T08:37:56.305+0000] {processor.py:208} INFO - Processing /opt/airflow/dags/kafka_load.py took 0.187 seconds
[2026-04-27T08:38:26.533+0000] {processor.py:186} INFO - Started process (PID=601) to work on /opt/airflow/dags/kafka_load.py
[2026-04-27T08:38:26.534+0000] {processor.py:914} INFO - Processing file /opt/airflow/dags/kafka_load.py for tasks to queue
[2026-04-27T08:38:26.538+0000] {logging_mixin.py:190} INFO - [2026-04-27T08:38:26.537+0000] {dagbag.py:588} INFO - Filling up the DagBag from /opt/airflow/dags/kafka_load.py
[2026-04-27T08:38:26.566+0000] {processor.py:925} INFO - DAG(s) 'kafka_producer' retrieved from /opt/airflow/dags/kafka_load.py
[2026-04-27T08:38:26.595+0000] {logging_mixin.py:190} INFO - [2026-04-27T08:38:26.594+0000] {dag.py:3239} INFO - Sync 1 DAGs
[2026-04-27T08:38:26.625+0000] {logging_mixin.py:190} INFO - [2026-04-27T08:38:26.625+0000] {dag.py:4180} INFO - Setting next_dagrun for kafka_producer to 2026-04-26 18:30:00+00:00, run_after=2026-04-27 18:30:00+00:00
[2026-04-27T08:38:26.648+0000] {processor.py:208} INFO - Processing /opt/airflow/dags/kafka_load.py took 0.124 seconds
[2026-04-27T08:38:57.055+0000] {processor.py:186} INFO - Started process (PID=604) to work on /opt/airflow/dags/kafka_load.py
[2026-04-27T08:38:57.057+0000] {processor.py:914} INFO - Processing file /opt/airflow/dags/kafka_load.py for tasks to queue
[2026-04-27T08:38:57.061+0000] {logging_mixin.py:190} INFO - [2026-04-27T08:38:57.060+0000] {dagbag.py:588} INFO - Filling up the DagBag from /opt/airflow/dags/kafka_load.py
[2026-04-27T08:38:57.094+0000] {processor.py:925} INFO - DAG(s) 'kafka_producer' retrieved from /opt/airflow/dags/kafka_load.py
[2026-04-27T08:38:57.121+0000] {logging_mixin.py:190} INFO - [2026-04-27T08:38:57.120+0000] {dag.py:3239} INFO - Sync 1 DAGs
[2026-04-27T08:38:57.152+0000] {logging_mixin.py:190} INFO - [2026-04-27T08:38:57.151+0000] {dag.py:4180} INFO - Setting next_dagrun for kafka_producer to 2026-04-26 18:30:00+00:00, run_after=2026-04-27 18:30:00+00:00
[2026-04-27T08:38:57.180+0000] {processor.py:208} INFO - Processing /opt/airflow/dags/kafka_load.py took 0.140 seconds
[2026-04-27T08:39:27.709+0000] {processor.py:186} INFO - Started process (PID=607) to work on /opt/airflow/dags/kafka_load.py
[2026-04-27T08:39:27.711+0000] {processor.py:914} INFO - Processing file /opt/airflow/dags/kafka_load.py for tasks to queue
[2026-04-27T08:39:27.715+0000] {logging_mixin.py:190} INFO - [2026-04-27T08:39:27.715+0000] {dagbag.py:588} INFO - Filling up the DagBag from /opt/airflow/dags/kafka_load.py
[2026-04-27T08:39:27.755+0000] {processor.py:925} INFO - DAG(s) 'kafka_producer' retrieved from /opt/airflow/dags/kafka_load.py
[2026-04-27T08:39:27.781+0000] {logging_mixin.py:190} INFO - [2026-04-27T08:39:27.780+0000] {dag.py:3239} INFO - Sync 1 DAGs
[2026-04-27T08:39:27.813+0000] {logging_mixin.py:190} INFO - [2026-04-27T08:39:27.813+0000] {dag.py:4180} INFO - Setting next_dagrun for kafka_producer to 2026-04-26 18:30:00+00:00, run_after=2026-04-27 18:30:00+00:00
[2026-04-27T08:39:27.841+0000] {processor.py:208} INFO - Processing /opt/airflow/dags/kafka_load.py took 0.144 seconds
[2026-04-27T08:39:58.234+0000] {processor.py:186} INFO - Started process (PID=610) to work on /opt/airflow/dags/kafka_load.py
[2026-04-27T08:39:58.236+0000] {processor.py:914} INFO - Processing file /opt/airflow/dags/kafka_load.py for tasks to queue
[2026-04-27T08:39:58.239+0000] {logging_mixin.py:190} INFO - [2026-04-27T08:39:58.239+0000] {dagbag.py:588} INFO - Filling up the DagBag from /opt/airflow/dags/kafka_load.py
[2026-04-27T08:39:58.287+0000] {processor.py:925} INFO - DAG(s) 'kafka_producer' retrieved from /opt/airflow/dags/kafka_load.py
[2026-04-27T08:39:58.318+0000] {logging_mixin.py:190} INFO - [2026-04-27T08:39:58.318+0000] {dag.py:3239} INFO - Sync 1 DAGs
[2026-04-27T08:39:58.354+0000] {logging_mixin.py:190} INFO - [2026-04-27T08:39:58.353+0000] {dag.py:4180} INFO - Setting next_dagrun for kafka_producer to 2026-04-26 18:30:00+00:00, run_after=2026-04-27 18:30:00+00:00
[2026-04-27T08:39:58.381+0000] {processor.py:208} INFO - Processing /opt/airflow/dags/kafka_load.py took 0.155 seconds
[2026-04-27T08:40:28.779+0000] {processor.py:186} INFO - Started process (PID=613) to work on /opt/airflow/dags/kafka_load.py
[2026-04-27T08:40:28.780+0000] {processor.py:914} INFO - Processing file /opt/airflow/dags/kafka_load.py for tasks to queue
[2026-04-27T08:40:28.786+0000] {logging_mixin.py:190} INFO - [2026-04-27T08:40:28.785+0000] {dagbag.py:588} INFO - Filling up the DagBag from /opt/airflow/dags/kafka_load.py
[2026-04-27T08:40:28.856+0000] {processor.py:925} INFO - DAG(s) 'kafka_producer' retrieved from /opt/airflow/dags/kafka_load.py
[2026-04-27T08:40:28.892+0000] {logging_mixin.py:190} INFO - [2026-04-27T08:40:28.892+0000] {dag.py:3239} INFO - Sync 1 DAGs
[2026-04-27T08:40:28.930+0000] {logging_mixin.py:190} INFO - [2026-04-27T08:40:28.930+0000] {dag.py:4180} INFO - Setting next_dagrun for kafka_producer to 2026-04-26 18:30:00+00:00, run_after=2026-04-27 18:30:00+00:00
[2026-04-27T08:40:28.958+0000] {processor.py:208} INFO - Processing /opt/airflow/dags/kafka_load.py took 0.190 seconds
[2026-04-27T08:40:59.311+0000] {processor.py:186} INFO - Started process (PID=616) to work on /opt/airflow/dags/kafka_load.py
[2026-04-27T08:40:59.312+0000] {processor.py:914} INFO - Processing file /opt/airflow/dags/kafka_load.py for tasks to queue
[2026-04-27T08:40:59.316+0000] {logging_mixin.py:190} INFO - [2026-04-27T08:40:59.316+0000] {dagbag.py:588} INFO - Filling up the DagBag from /opt/airflow/dags/kafka_load.py
[2026-04-27T08:40:59.361+0000] {processor.py:925} INFO - DAG(s) 'kafka_producer' retrieved from /opt/airflow/dags/kafka_load.py
[2026-04-27T08:40:59.394+0000] {logging_mixin.py:190} INFO - [2026-04-27T08:40:59.394+0000] {dag.py:3239} INFO - Sync 1 DAGs
[2026-04-27T08:40:59.426+0000] {logging_mixin.py:190} INFO - [2026-04-27T08:40:59.426+0000] {dag.py:4180} INFO - Setting next_dagrun for kafka_producer to 2026-04-26 18:30:00+00:00, run_after=2026-04-27 18:30:00+00:00
[2026-04-27T08:40:59.891+0000] {processor.py:208} INFO - Processing /opt/airflow/dags/kafka_load.py took 0.600 seconds
[2026-04-27T08:41:30.820+0000] {processor.py:186} INFO - Started process (PID=619) to work on /opt/airflow/dags/kafka_load.py
[2026-04-27T08:41:30.823+0000] {processor.py:914} INFO - Processing file /opt/airflow/dags/kafka_load.py for tasks to queue
[2026-04-27T08:41:30.827+0000] {logging_mixin.py:190} INFO - [2026-04-27T08:41:30.826+0000] {dagbag.py:588} INFO - Filling up the DagBag from /opt/airflow/dags/kafka_load.py
[2026-04-27T08:41:30.869+0000] {processor.py:925} INFO - DAG(s) 'kafka_producer' retrieved from /opt/airflow/dags/kafka_load.py
[2026-04-27T08:41:30.904+0000] {logging_mixin.py:190} INFO - [2026-04-27T08:41:30.901+0000] {dag.py:3239} INFO - Sync 1 DAGs
[2026-04-27T08:41:30.945+0000] {logging_mixin.py:190} INFO - [2026-04-27T08:41:30.945+0000] {dag.py:4180} INFO - Setting next_dagrun for kafka_producer to 2026-04-26 18:30:00+00:00, run_after=2026-04-27 18:30:00+00:00
[2026-04-27T08:41:30.973+0000] {processor.py:208} INFO - Processing /opt/airflow/dags/kafka_load.py took 0.161 seconds
[2026-04-27T08:42:01.404+0000] {processor.py:186} INFO - Started process (PID=622) to work on /opt/airflow/dags/kafka_load.py
[2026-04-27T08:42:01.405+0000] {processor.py:914} INFO - Processing file /opt/airflow/dags/kafka_load.py for tasks to queue
[2026-04-27T08:42:01.408+0000] {logging_mixin.py:190} INFO - [2026-04-27T08:42:01.408+0000] {dagbag.py:588} INFO - Filling up the DagBag from /opt/airflow/dags/kafka_load.py
[2026-04-27T08:42:01.449+0000] {processor.py:925} INFO - DAG(s) 'kafka_producer' retrieved from /opt/airflow/dags/kafka_load.py
[2026-04-27T08:42:01.476+0000] {logging_mixin.py:190} INFO - [2026-04-27T08:42:01.476+0000] {dag.py:3239} INFO - Sync 1 DAGs
[2026-04-27T08:42:01.510+0000] {logging_mixin.py:190} INFO - [2026-04-27T08:42:01.509+0000] {dag.py:4180} INFO - Setting next_dagrun for kafka_producer to 2026-04-26 18:30:00+00:00, run_after=2026-04-27 18:30:00+00:00
[2026-04-27T08:42:01.540+0000] {processor.py:208} INFO - Processing /opt/airflow/dags/kafka_load.py took 0.147 seconds
[2026-04-27T08:42:31.972+0000] {processor.py:186} INFO - Started process (PID=625) to work on /opt/airflow/dags/kafka_load.py
[2026-04-27T08:42:31.974+0000] {processor.py:914} INFO - Processing file /opt/airflow/dags/kafka_load.py for tasks to queue
[2026-04-27T08:42:31.978+0000] {logging_mixin.py:190} INFO - [2026-04-27T08:42:31.978+0000] {dagbag.py:588} INFO - Filling up the DagBag from /opt/airflow/dags/kafka_load.py
[2026-04-27T08:42:32.023+0000] {processor.py:925} INFO - DAG(s) 'kafka_producer' retrieved from /opt/airflow/dags/kafka_load.py
[2026-04-27T08:42:32.076+0000] {logging_mixin.py:190} INFO - [2026-04-27T08:42:32.076+0000] {dag.py:3239} INFO - Sync 1 DAGs
[2026-04-27T08:42:32.119+0000] {logging_mixin.py:190} INFO - [2026-04-27T08:42:32.119+0000] {dag.py:4180} INFO - Setting next_dagrun for kafka_producer to 2026-04-26 18:30:00+00:00, run_after=2026-04-27 18:30:00+00:00
[2026-04-27T08:42:32.472+0000] {processor.py:208} INFO - Processing /opt/airflow/dags/kafka_load.py took 0.515 seconds
[2026-04-27T08:43:02.716+0000] {processor.py:186} INFO - Started process (PID=628) to work on /opt/airflow/dags/kafka_load.py
[2026-04-27T08:43:02.718+0000] {processor.py:914} INFO - Processing file /opt/airflow/dags/kafka_load.py for tasks to queue
[2026-04-27T08:43:02.721+0000] {logging_mixin.py:190} INFO - [2026-04-27T08:43:02.721+0000] {dagbag.py:588} INFO - Filling up the DagBag from /opt/airflow/dags/kafka_load.py
[2026-04-27T08:43:02.759+0000] {processor.py:925} INFO - DAG(s) 'kafka_producer' retrieved from /opt/airflow/dags/kafka_load.py
[2026-04-27T08:43:02.798+0000] {logging_mixin.py:190} INFO - [2026-04-27T08:43:02.797+0000] {dag.py:3239} INFO - Sync 1 DAGs
[2026-04-27T08:43:02.860+0000] {logging_mixin.py:190} INFO - [2026-04-27T08:43:02.859+0000] {dag.py:4180} INFO - Setting next_dagrun for kafka_producer to 2026-04-26 18:30:00+00:00, run_after=2026-04-27 18:30:00+00:00
[2026-04-27T08:43:02.897+0000] {processor.py:208} INFO - Processing /opt/airflow/dags/kafka_load.py took 0.188 seconds
[2026-04-27T08:43:33.271+0000] {processor.py:186} INFO - Started process (PID=631) to work on /opt/airflow/dags/kafka_load.py
[2026-04-27T08:43:33.273+0000] {processor.py:914} INFO - Processing file /opt/airflow/dags/kafka_load.py for tasks to queue
[2026-04-27T08:43:33.277+0000] {logging_mixin.py:190} INFO - [2026-04-27T08:43:33.277+0000] {dagbag.py:588} INFO - Filling up the DagBag from /opt/airflow/dags/kafka_load.py
[2026-04-27T08:43:33.317+0000] {processor.py:925} INFO - DAG(s) 'kafka_producer' retrieved from /opt/airflow/dags/kafka_load.py
[2026-04-27T08:43:33.354+0000] {logging_mixin.py:190} INFO - [2026-04-27T08:43:33.354+0000] {dag.py:3239} INFO - Sync 1 DAGs
[2026-04-27T08:43:33.389+0000] {logging_mixin.py:190} INFO - [2026-04-27T08:43:33.389+0000] {dag.py:4180} INFO - Setting next_dagrun for kafka_producer to 2026-04-26 18:30:00+00:00, run_after=2026-04-27 18:30:00+00:00
[2026-04-27T08:43:33.428+0000] {processor.py:208} INFO - Processing /opt/airflow/dags/kafka_load.py took 0.166 seconds
[2026-04-27T08:44:04.005+0000] {processor.py:186} INFO - Started process (PID=634) to work on /opt/airflow/dags/kafka_load.py
[2026-04-27T08:44:04.010+0000] {processor.py:914} INFO - Processing file /opt/airflow/dags/kafka_load.py for tasks to queue
[2026-04-27T08:44:04.014+0000] {logging_mixin.py:190} INFO - [2026-04-27T08:44:04.014+0000] {dagbag.py:588} INFO - Filling up the DagBag from /opt/airflow/dags/kafka_load.py
[2026-04-27T08:44:04.048+0000] {processor.py:925} INFO - DAG(s) 'kafka_producer' retrieved from /opt/airflow/dags/kafka_load.py
[2026-04-27T08:44:04.074+0000] {logging_mixin.py:190} INFO - [2026-04-27T08:44:04.074+0000] {dag.py:3239} INFO - Sync 1 DAGs
[2026-04-27T08:44:04.107+0000] {logging_mixin.py:190} INFO - [2026-04-27T08:44:04.107+0000] {dag.py:4180} INFO - Setting next_dagrun for kafka_producer to 2026-04-26 18:30:00+00:00, run_after=2026-04-27 18:30:00+00:00
[2026-04-27T08:44:04.132+0000] {processor.py:208} INFO - Processing /opt/airflow/dags/kafka_load.py took 0.141 seconds
[2026-04-27T08:44:34.630+0000] {processor.py:186} INFO - Started process (PID=637) to work on /opt/airflow/dags/kafka_load.py
[2026-04-27T08:44:34.631+0000] {processor.py:914} INFO - Processing file /opt/airflow/dags/kafka_load.py for tasks to queue
[2026-04-27T08:44:34.635+0000] {logging_mixin.py:190} INFO - [2026-04-27T08:44:34.634+0000] {dagbag.py:588} INFO - Filling up the DagBag from /opt/airflow/dags/kafka_load.py
[2026-04-27T08:44:34.697+0000] {processor.py:925} INFO - DAG(s) 'kafka_producer' retrieved from /opt/airflow/dags/kafka_load.py
[2026-04-27T08:44:34.730+0000] {logging_mixin.py:190} INFO - [2026-04-27T08:44:34.730+0000] {dag.py:3239} INFO - Sync 1 DAGs
[2026-04-27T08:44:34.767+0000] {logging_mixin.py:190} INFO - [2026-04-27T08:44:34.767+0000] {dag.py:4180} INFO - Setting next_dagrun for kafka_producer to 2026-04-26 18:30:00+00:00, run_after=2026-04-27 18:30:00+00:00
[2026-04-27T08:44:34.795+0000] {processor.py:208} INFO - Processing /opt/airflow/dags/kafka_load.py took 0.182 seconds
[2026-04-27T08:45:05.182+0000] {processor.py:186} INFO - Started process (PID=640) to work on /opt/airflow/dags/kafka_load.py
[2026-04-27T08:45:05.185+0000] {processor.py:914} INFO - Processing file /opt/airflow/dags/kafka_load.py for tasks to queue
[2026-04-27T08:45:05.194+0000] {logging_mixin.py:190} INFO - [2026-04-27T08:45:05.193+0000] {dagbag.py:588} INFO - Filling up the DagBag from /opt/airflow/dags/kafka_load.py
[2026-04-27T08:45:05.242+0000] {processor.py:925} INFO - DAG(s) 'kafka_producer' retrieved from /opt/airflow/dags/kafka_load.py
[2026-04-27T08:45:05.272+0000] {logging_mixin.py:190} INFO - [2026-04-27T08:45:05.272+0000] {dag.py:3239} INFO - Sync 1 DAGs
[2026-04-27T08:45:05.303+0000] {logging_mixin.py:190} INFO - [2026-04-27T08:45:05.302+0000] {dag.py:4180} INFO - Setting next_dagrun for kafka_producer to 2026-04-26 18:30:00+00:00, run_after=2026-04-27 18:30:00+00:00
[2026-04-27T08:45:05.327+0000] {processor.py:208} INFO - Processing /opt/airflow/dags/kafka_load.py took 0.154 seconds
[2026-04-27T08:45:35.764+0000] {processor.py:186} INFO - Started process (PID=643) to work on /opt/airflow/dags/kafka_load.py
[2026-04-27T08:45:35.766+0000] {processor.py:914} INFO - Processing file /opt/airflow/dags/kafka_load.py for tasks to queue
[2026-04-27T08:45:35.769+0000] {logging_mixin.py:190} INFO - [2026-04-27T08:45:35.769+0000] {dagbag.py:588} INFO - Filling up the DagBag from /opt/airflow/dags/kafka_load.py
[2026-04-27T08:45:35.809+0000] {processor.py:925} INFO - DAG(s) 'kafka_producer' retrieved from /opt/airflow/dags/kafka_load.py
[2026-04-27T08:45:35.852+0000] {logging_mixin.py:190} INFO - [2026-04-27T08:45:35.851+0000] {dag.py:3239} INFO - Sync 1 DAGs
[2026-04-27T08:45:35.887+0000] {logging_mixin.py:190} INFO - [2026-04-27T08:45:35.886+0000] {dag.py:4180} INFO - Setting next_dagrun for kafka_producer to 2026-04-26 18:30:00+00:00, run_after=2026-04-27 18:30:00+00:00
[2026-04-27T08:45:35.914+0000] {processor.py:208} INFO - Processing /opt/airflow/dags/kafka_load.py took 0.160 seconds
[2026-04-27T08:46:06.334+0000] {processor.py:186} INFO - Started process (PID=646) to work on /opt/airflow/dags/kafka_load.py
[2026-04-27T08:46:06.336+0000] {processor.py:914} INFO - Processing file /opt/airflow/dags/kafka_load.py for tasks to queue
[2026-04-27T08:46:06.339+0000] {logging_mixin.py:190} INFO - [2026-04-27T08:46:06.339+0000] {dagbag.py:588} INFO - Filling up the DagBag from /opt/airflow/dags/kafka_load.py
[2026-04-27T08:46:06.372+0000] {processor.py:925} INFO - DAG(s) 'kafka_producer' retrieved from /opt/airflow/dags/kafka_load.py
[2026-04-27T08:46:06.402+0000] {logging_mixin.py:190} INFO - [2026-04-27T08:46:06.402+0000] {dag.py:3239} INFO - Sync 1 DAGs
[2026-04-27T08:46:06.437+0000] {logging_mixin.py:190} INFO - [2026-04-27T08:46:06.436+0000] {dag.py:4180} INFO - Setting next_dagrun for kafka_producer to 2026-04-26 18:30:00+00:00, run_after=2026-04-27 18:30:00+00:00
[2026-04-27T08:46:07.450+0000] {processor.py:208} INFO - Processing /opt/airflow/dags/kafka_load.py took 1.127 seconds
[2026-04-27T08:46:37.984+0000] {processor.py:186} INFO - Started process (PID=649) to work on /opt/airflow/dags/kafka_load.py
[2026-04-27T08:46:37.986+0000] {processor.py:914} INFO - Processing file /opt/airflow/dags/kafka_load.py for tasks to queue
[2026-04-27T08:46:37.998+0000] {logging_mixin.py:190} INFO - [2026-04-27T08:46:37.998+0000] {dagbag.py:588} INFO - Filling up the DagBag from /opt/airflow/dags/kafka_load.py
[2026-04-27T08:46:38.133+0000] {processor.py:925} INFO - DAG(s) 'kafka_producer' retrieved from /opt/airflow/dags/kafka_load.py
[2026-04-27T08:46:38.189+0000] {logging_mixin.py:190} INFO - [2026-04-27T08:46:38.189+0000] {dag.py:3239} INFO - Sync 1 DAGs
[2026-04-27T08:46:38.303+0000] {logging_mixin.py:190} INFO - [2026-04-27T08:46:38.303+0000] {dag.py:4180} INFO - Setting next_dagrun for kafka_producer to 2026-04-26 18:30:00+00:00, run_after=2026-04-27 18:30:00+00:00
[2026-04-27T08:46:38.382+0000] {processor.py:208} INFO - Processing /opt/airflow/dags/kafka_load.py took 0.419 seconds
[2026-04-27T08:47:08.564+0000] {processor.py:186} INFO - Started process (PID=651) to work on /opt/airflow/dags/kafka_load.py
[2026-04-27T08:47:08.566+0000] {processor.py:914} INFO - Processing file /opt/airflow/dags/kafka_load.py for tasks to queue
[2026-04-27T08:47:08.570+0000] {logging_mixin.py:190} INFO - [2026-04-27T08:47:08.570+0000] {dagbag.py:588} INFO - Filling up the DagBag from /opt/airflow/dags/kafka_load.py
[2026-04-27T08:47:08.608+0000] {processor.py:925} INFO - DAG(s) 'kafka_producer' retrieved from /opt/airflow/dags/kafka_load.py
[2026-04-27T08:47:08.643+0000] {logging_mixin.py:190} INFO - [2026-04-27T08:47:08.643+0000] {dag.py:3239} INFO - Sync 1 DAGs
[2026-04-27T08:47:08.679+0000] {logging_mixin.py:190} INFO - [2026-04-27T08:47:08.679+0000] {dag.py:4180} INFO - Setting next_dagrun for kafka_producer to 2026-04-26 18:30:00+00:00, run_after=2026-04-27 18:30:00+00:00
[2026-04-27T08:47:08.704+0000] {processor.py:208} INFO - Processing /opt/airflow/dags/kafka_load.py took 0.149 seconds
[2026-04-27T08:47:39.117+0000] {processor.py:186} INFO - Started process (PID=654) to work on /opt/airflow/dags/kafka_load.py
[2026-04-27T08:47:39.119+0000] {processor.py:914} INFO - Processing file /opt/airflow/dags/kafka_load.py for tasks to queue
[2026-04-27T08:47:39.122+0000] {logging_mixin.py:190} INFO - [2026-04-27T08:47:39.122+0000] {dagbag.py:588} INFO - Filling up the DagBag from /opt/airflow/dags/kafka_load.py
[2026-04-27T08:47:39.173+0000] {processor.py:925} INFO - DAG(s) 'kafka_producer' retrieved from /opt/airflow/dags/kafka_load.py
[2026-04-27T08:47:39.239+0000] {logging_mixin.py:190} INFO - [2026-04-27T08:47:39.238+0000] {dag.py:3239} INFO - Sync 1 DAGs
[2026-04-27T08:47:39.301+0000] {logging_mixin.py:190} INFO - [2026-04-27T08:47:39.300+0000] {dag.py:4180} INFO - Setting next_dagrun for kafka_producer to 2026-04-26 18:30:00+00:00, run_after=2026-04-27 18:30:00+00:00
[2026-04-27T08:47:39.328+0000] {processor.py:208} INFO - Processing /opt/airflow/dags/kafka_load.py took 0.220 seconds
[2026-04-27T08:48:09.828+0000] {processor.py:186} INFO - Started process (PID=657) to work on /opt/airflow/dags/kafka_load.py
[2026-04-27T08:48:09.830+0000] {processor.py:914} INFO - Processing file /opt/airflow/dags/kafka_load.py for tasks to queue
[2026-04-27T08:48:09.834+0000] {logging_mixin.py:190} INFO - [2026-04-27T08:48:09.834+0000] {dagbag.py:588} INFO - Filling up the DagBag from /opt/airflow/dags/kafka_load.py
[2026-04-27T08:48:09.872+0000] {processor.py:925} INFO - DAG(s) 'kafka_producer' retrieved from /opt/airflow/dags/kafka_load.py
[2026-04-27T08:48:09.906+0000] {logging_mixin.py:190} INFO - [2026-04-27T08:48:09.906+0000] {dag.py:3239} INFO - Sync 1 DAGs
[2026-04-27T08:48:09.940+0000] {logging_mixin.py:190} INFO - [2026-04-27T08:48:09.939+0000] {dag.py:4180} INFO - Setting next_dagrun for kafka_producer to 2026-04-26 18:30:00+00:00, run_after=2026-04-27 18:30:00+00:00
[2026-04-27T08:48:09.970+0000] {processor.py:208} INFO - Processing /opt/airflow/dags/kafka_load.py took 0.154 seconds
[2026-04-27T08:48:40.584+0000] {processor.py:186} INFO - Started process (PID=660) to work on /opt/airflow/dags/kafka_load.py
[2026-04-27T08:48:40.586+0000] {processor.py:914} INFO - Processing file /opt/airflow/dags/kafka_load.py for tasks to queue
[2026-04-27T08:48:40.589+0000] {logging_mixin.py:190} INFO - [2026-04-27T08:48:40.588+0000] {dagbag.py:588} INFO - Filling up the DagBag from /opt/airflow/dags/kafka_load.py
[2026-04-27T08:48:40.628+0000] {processor.py:925} INFO - DAG(s) 'kafka_producer' retrieved from /opt/airflow/dags/kafka_load.py
[2026-04-27T08:48:40.662+0000] {logging_mixin.py:190} INFO - [2026-04-27T08:48:40.661+0000] {dag.py:3239} INFO - Sync 1 DAGs
[2026-04-27T08:48:40.696+0000] {logging_mixin.py:190} INFO - [2026-04-27T08:48:40.696+0000] {dag.py:4180} INFO - Setting next_dagrun for kafka_producer to 2026-04-26 18:30:00+00:00, run_after=2026-04-27 18:30:00+00:00
[2026-04-27T08:48:40.724+0000] {processor.py:208} INFO - Processing /opt/airflow/dags/kafka_load.py took 0.150 seconds
[2026-04-27T08:49:11.210+0000] {processor.py:186} INFO - Started process (PID=663) to work on /opt/airflow/dags/kafka_load.py
[2026-04-27T08:49:11.212+0000] {processor.py:914} INFO - Processing file /opt/airflow/dags/kafka_load.py for tasks to queue
[2026-04-27T08:49:11.217+0000] {logging_mixin.py:190} INFO - [2026-04-27T08:49:11.216+0000] {dagbag.py:588} INFO - Filling up the DagBag from /opt/airflow/dags/kafka_load.py
[2026-04-27T08:49:11.260+0000] {processor.py:925} INFO - DAG(s) 'kafka_producer' retrieved from /opt/airflow/dags/kafka_load.py
[2026-04-27T08:49:11.290+0000] {logging_mixin.py:190} INFO - [2026-04-27T08:49:11.290+0000] {dag.py:3239} INFO - Sync 1 DAGs
[2026-04-27T08:49:11.327+0000] {logging_mixin.py:190} INFO - [2026-04-27T08:49:11.326+0000] {dag.py:4180} INFO - Setting next_dagrun for kafka_producer to 2026-04-26 18:30:00+00:00, run_after=2026-04-27 18:30:00+00:00
[2026-04-27T08:49:11.352+0000] {processor.py:208} INFO - Processing /opt/airflow/dags/kafka_load.py took 0.152 seconds
[2026-04-27T08:49:41.887+0000] {processor.py:186} INFO - Started process (PID=666) to work on /opt/airflow/dags/kafka_load.py
[2026-04-27T08:49:41.889+0000] {processor.py:914} INFO - Processing file /opt/airflow/dags/kafka_load.py for tasks to queue
[2026-04-27T08:49:41.894+0000] {logging_mixin.py:190} INFO - [2026-04-27T08:49:41.894+0000] {dagbag.py:588} INFO - Filling up the DagBag from /opt/airflow/dags/kafka_load.py
[2026-04-27T08:49:41.929+0000] {processor.py:925} INFO - DAG(s) 'kafka_producer' retrieved from /opt/airflow/dags/kafka_load.py
[2026-04-27T08:49:41.969+0000] {logging_mixin.py:190} INFO - [2026-04-27T08:49:41.969+0000] {dag.py:3239} INFO - Sync 1 DAGs
[2026-04-27T08:49:42.017+0000] {logging_mixin.py:190} INFO - [2026-04-27T08:49:42.017+0000] {dag.py:4180} INFO - Setting next_dagrun for kafka_producer to 2026-04-26 18:30:00+00:00, run_after=2026-04-27 18:30:00+00:00
[2026-04-27T08:49:42.058+0000] {processor.py:208} INFO - Processing /opt/airflow/dags/kafka_load.py took 0.180 seconds
[2026-04-27T08:50:12.535+0000] {processor.py:186} INFO - Started process (PID=669) to work on /opt/airflow/dags/kafka_load.py
[2026-04-27T08:50:12.536+0000] {processor.py:914} INFO - Processing file /opt/airflow/dags/kafka_load.py for tasks to queue
[2026-04-27T08:50:12.540+0000] {logging_mixin.py:190} INFO - [2026-04-27T08:50:12.539+0000] {dagbag.py:588} INFO - Filling up the DagBag from /opt/airflow/dags/kafka_load.py
[2026-04-27T08:50:12.580+0000] {processor.py:925} INFO - DAG(s) 'kafka_producer' retrieved from /opt/airflow/dags/kafka_load.py
[2026-04-27T08:50:12.611+0000] {logging_mixin.py:190} INFO - [2026-04-27T08:50:12.610+0000] {dag.py:3239} INFO - Sync 1 DAGs
[2026-04-27T08:50:12.645+0000] {logging_mixin.py:190} INFO - [2026-04-27T08:50:12.645+0000] {dag.py:4180} INFO - Setting next_dagrun for kafka_producer to 2026-04-26 18:30:00+00:00, run_after=2026-04-27 18:30:00+00:00
[2026-04-27T08:50:12.670+0000] {processor.py:208} INFO - Processing /opt/airflow/dags/kafka_load.py took 0.145 seconds
[2026-04-27T08:50:43.177+0000] {processor.py:186} INFO - Started process (PID=672) to work on /opt/airflow/dags/kafka_load.py
[2026-04-27T08:50:43.200+0000] {processor.py:914} INFO - Processing file /opt/airflow/dags/kafka_load.py for tasks to queue
[2026-04-27T08:50:43.221+0000] {logging_mixin.py:190} INFO - [2026-04-27T08:50:43.220+0000] {dagbag.py:588} INFO - Filling up the DagBag from /opt/airflow/dags/kafka_load.py
[2026-04-27T08:50:43.405+0000] {processor.py:925} INFO - DAG(s) 'kafka_producer' retrieved from /opt/airflow/dags/kafka_load.py
[2026-04-27T08:50:43.511+0000] {logging_mixin.py:190} INFO - [2026-04-27T08:50:43.510+0000] {dag.py:3239} INFO - Sync 1 DAGs
[2026-04-27T08:50:43.577+0000] {logging_mixin.py:190} INFO - [2026-04-27T08:50:43.577+0000] {dag.py:4180} INFO - Setting next_dagrun for kafka_producer to 2026-04-26 18:30:00+00:00, run_after=2026-04-27 18:30:00+00:00
[2026-04-27T08:50:43.610+0000] {processor.py:208} INFO - Processing /opt/airflow/dags/kafka_load.py took 0.453 seconds
[2026-04-27T08:51:14.026+0000] {processor.py:186} INFO - Started process (PID=675) to work on /opt/airflow/dags/kafka_load.py
[2026-04-27T08:51:14.028+0000] {processor.py:914} INFO - Processing file /opt/airflow/dags/kafka_load.py for tasks to queue
[2026-04-27T08:51:14.031+0000] {logging_mixin.py:190} INFO - [2026-04-27T08:51:14.031+0000] {dagbag.py:588} INFO - Filling up the DagBag from /opt/airflow/dags/kafka_load.py
[2026-04-27T08:51:14.070+0000] {processor.py:925} INFO - DAG(s) 'kafka_producer' retrieved from /opt/airflow/dags/kafka_load.py
[2026-04-27T08:51:14.105+0000] {logging_mixin.py:190} INFO - [2026-04-27T08:51:14.105+0000] {dag.py:3239} INFO - Sync 1 DAGs
[2026-04-27T08:51:14.142+0000] {logging_mixin.py:190} INFO - [2026-04-27T08:51:14.142+0000] {dag.py:4180} INFO - Setting next_dagrun for kafka_producer to 2026-04-26 18:30:00+00:00, run_after=2026-04-27 18:30:00+00:00
[2026-04-27T08:51:14.171+0000] {processor.py:208} INFO - Processing /opt/airflow/dags/kafka_load.py took 0.156 seconds
[2026-04-27T08:51:44.381+0000] {processor.py:186} INFO - Started process (PID=679) to work on /opt/airflow/dags/kafka_load.py
[2026-04-27T08:51:44.385+0000] {processor.py:914} INFO - Processing file /opt/airflow/dags/kafka_load.py for tasks to queue
[2026-04-27T08:51:44.402+0000] {logging_mixin.py:190} INFO - [2026-04-27T08:51:44.401+0000] {dagbag.py:588} INFO - Filling up the DagBag from /opt/airflow/dags/kafka_load.py
[2026-04-27T08:51:44.448+0000] {processor.py:925} INFO - DAG(s) 'kafka_producer' retrieved from /opt/airflow/dags/kafka_load.py
[2026-04-27T08:51:44.484+0000] {logging_mixin.py:190} INFO - [2026-04-27T08:51:44.484+0000] {dag.py:3239} INFO - Sync 1 DAGs
[2026-04-27T08:51:44.523+0000] {logging_mixin.py:190} INFO - [2026-04-27T08:51:44.523+0000] {dag.py:4180} INFO - Setting next_dagrun for kafka_producer to 2026-04-26 18:30:00+00:00, run_after=2026-04-27 18:30:00+00:00
[2026-04-27T08:51:44.562+0000] {processor.py:208} INFO - Processing /opt/airflow/dags/kafka_load.py took 0.200 seconds
[2026-04-27T08:52:14.705+0000] {processor.py:186} INFO - Started process (PID=682) to work on /opt/airflow/dags/kafka_load.py
[2026-04-27T08:52:14.706+0000] {processor.py:914} INFO - Processing file /opt/airflow/dags/kafka_load.py for tasks to queue
[2026-04-27T08:52:14.709+0000] {logging_mixin.py:190} INFO - [2026-04-27T08:52:14.709+0000] {dagbag.py:588} INFO - Filling up the DagBag from /opt/airflow/dags/kafka_load.py
[2026-04-27T08:52:14.751+0000] {processor.py:925} INFO - DAG(s) 'kafka_producer' retrieved from /opt/airflow/dags/kafka_load.py
[2026-04-27T08:52:14.785+0000] {logging_mixin.py:190} INFO - [2026-04-27T08:52:14.784+0000] {dag.py:3239} INFO - Sync 1 DAGs
[2026-04-27T08:52:14.825+0000] {logging_mixin.py:190} INFO - [2026-04-27T08:52:14.825+0000] {dag.py:4180} INFO - Setting next_dagrun for kafka_producer to 2026-04-26 18:30:00+00:00, run_after=2026-04-27 18:30:00+00:00
[2026-04-27T08:52:14.851+0000] {processor.py:208} INFO - Processing /opt/airflow/dags/kafka_load.py took 0.155 seconds
[2026-04-27T08:52:45.087+0000] {processor.py:186} INFO - Started process (PID=683) to work on /opt/airflow/dags/kafka_load.py
[2026-04-27T08:52:45.089+0000] {processor.py:914} INFO - Processing file /opt/airflow/dags/kafka_load.py for tasks to queue
[2026-04-27T08:52:45.092+0000] {logging_mixin.py:190} INFO - [2026-04-27T08:52:45.092+0000] {dagbag.py:588} INFO - Filling up the DagBag from /opt/airflow/dags/kafka_load.py
[2026-04-27T08:52:45.132+0000] {processor.py:925} INFO - DAG(s) 'kafka_producer' retrieved from /opt/airflow/dags/kafka_load.py
[2026-04-27T08:52:45.170+0000] {logging_mixin.py:190} INFO - [2026-04-27T08:52:45.170+0000] {dag.py:3239} INFO - Sync 1 DAGs
[2026-04-27T08:52:45.213+0000] {logging_mixin.py:190} INFO - [2026-04-27T08:52:45.213+0000] {dag.py:4180} INFO - Setting next_dagrun for kafka_producer to 2026-04-26 18:30:00+00:00, run_after=2026-04-27 18:30:00+00:00
[2026-04-27T08:52:45.246+0000] {processor.py:208} INFO - Processing /opt/airflow/dags/kafka_load.py took 0.172 seconds
[2026-04-27T08:53:15.837+0000] {processor.py:186} INFO - Started process (PID=686) to work on /opt/airflow/dags/kafka_load.py
[2026-04-27T08:53:15.838+0000] {processor.py:914} INFO - Processing file /opt/airflow/dags/kafka_load.py for tasks to queue
[2026-04-27T08:53:15.845+0000] {logging_mixin.py:190} INFO - [2026-04-27T08:53:15.844+0000] {dagbag.py:588} INFO - Filling up the DagBag from /opt/airflow/dags/kafka_load.py
[2026-04-27T08:53:15.901+0000] {processor.py:925} INFO - DAG(s) 'kafka_producer' retrieved from /opt/airflow/dags/kafka_load.py
[2026-04-27T08:53:15.942+0000] {logging_mixin.py:190} INFO - [2026-04-27T08:53:15.941+0000] {dag.py:3239} INFO - Sync 1 DAGs
[2026-04-27T08:53:15.977+0000] {logging_mixin.py:190} INFO - [2026-04-27T08:53:15.976+0000] {dag.py:4180} INFO - Setting next_dagrun for kafka_producer to 2026-04-26 18:30:00+00:00, run_after=2026-04-27 18:30:00+00:00
[2026-04-27T08:53:16.020+0000] {processor.py:208} INFO - Processing /opt/airflow/dags/kafka_load.py took 0.196 seconds
[2026-04-27T08:53:46.475+0000] {processor.py:186} INFO - Started process (PID=689) to work on /opt/airflow/dags/kafka_load.py
[2026-04-27T08:53:46.477+0000] {processor.py:914} INFO - Processing file /opt/airflow/dags/kafka_load.py for tasks to queue
[2026-04-27T08:53:46.483+0000] {logging_mixin.py:190} INFO - [2026-04-27T08:53:46.483+0000] {dagbag.py:588} INFO - Filling up the DagBag from /opt/airflow/dags/kafka_load.py
[2026-04-27T08:53:46.524+0000] {processor.py:925} INFO - DAG(s) 'kafka_producer' retrieved from /opt/airflow/dags/kafka_load.py
[2026-04-27T08:53:46.555+0000] {logging_mixin.py:190} INFO - [2026-04-27T08:53:46.555+0000] {dag.py:3239} INFO - Sync 1 DAGs
[2026-04-27T08:53:46.594+0000] {logging_mixin.py:190} INFO - [2026-04-27T08:53:46.594+0000] {dag.py:4180} INFO - Setting next_dagrun for kafka_producer to 2026-04-26 18:30:00+00:00, run_after=2026-04-27 18:30:00+00:00
[2026-04-27T08:53:46.623+0000] {processor.py:208} INFO - Processing /opt/airflow/dags/kafka_load.py took 0.156 seconds
[2026-04-27T08:54:17.044+0000] {processor.py:186} INFO - Started process (PID=692) to work on /opt/airflow/dags/kafka_load.py
[2026-04-27T08:54:17.048+0000] {processor.py:914} INFO - Processing file /opt/airflow/dags/kafka_load.py for tasks to queue
[2026-04-27T08:54:17.054+0000] {logging_mixin.py:190} INFO - [2026-04-27T08:54:17.053+0000] {dagbag.py:588} INFO - Filling up the DagBag from /opt/airflow/dags/kafka_load.py
[2026-04-27T08:54:17.095+0000] {processor.py:925} INFO - DAG(s) 'kafka_producer' retrieved from /opt/airflow/dags/kafka_load.py
[2026-04-27T08:54:17.157+0000] {logging_mixin.py:190} INFO - [2026-04-27T08:54:17.156+0000] {dag.py:3239} INFO - Sync 1 DAGs
[2026-04-27T08:54:17.252+0000] {logging_mixin.py:190} INFO - [2026-04-27T08:54:17.251+0000] {dag.py:4180} INFO - Setting next_dagrun for kafka_producer to 2026-04-26 18:30:00+00:00, run_after=2026-04-27 18:30:00+00:00
[2026-04-27T08:54:17.404+0000] {processor.py:208} INFO - Processing /opt/airflow/dags/kafka_load.py took 0.370 seconds
[2026-04-27T08:54:47.937+0000] {processor.py:186} INFO - Started process (PID=695) to work on /opt/airflow/dags/kafka_load.py
[2026-04-27T08:54:47.939+0000] {processor.py:914} INFO - Processing file /opt/airflow/dags/kafka_load.py for tasks to queue
[2026-04-27T08:54:47.945+0000] {logging_mixin.py:190} INFO - [2026-04-27T08:54:47.944+0000] {dagbag.py:588} INFO - Filling up the DagBag from /opt/airflow/dags/kafka_load.py
[2026-04-27T08:54:47.983+0000] {processor.py:925} INFO - DAG(s) 'kafka_producer' retrieved from /opt/airflow/dags/kafka_load.py
[2026-04-27T08:54:48.016+0000] {logging_mixin.py:190} INFO - [2026-04-27T08:54:48.016+0000] {dag.py:3239} INFO - Sync 1 DAGs
[2026-04-27T08:54:48.057+0000] {logging_mixin.py:190} INFO - [2026-04-27T08:54:48.056+0000] {dag.py:4180} INFO - Setting next_dagrun for kafka_producer to 2026-04-26 18:30:00+00:00, run_after=2026-04-27 18:30:00+00:00
[2026-04-27T08:54:48.102+0000] {processor.py:208} INFO - Processing /opt/airflow/dags/kafka_load.py took 0.175 seconds
[2026-04-27T08:55:18.559+0000] {processor.py:186} INFO - Started process (PID=698) to work on /opt/airflow/dags/kafka_load.py
[2026-04-27T08:55:18.560+0000] {processor.py:914} INFO - Processing file /opt/airflow/dags/kafka_load.py for tasks to queue
[2026-04-27T08:55:18.565+0000] {logging_mixin.py:190} INFO - [2026-04-27T08:55:18.564+0000] {dagbag.py:588} INFO - Filling up the DagBag from /opt/airflow/dags/kafka_load.py
[2026-04-27T08:55:18.612+0000] {processor.py:925} INFO - DAG(s) 'kafka_producer' retrieved from /opt/airflow/dags/kafka_load.py
[2026-04-27T08:55:18.658+0000] {logging_mixin.py:190} INFO - [2026-04-27T08:55:18.658+0000] {dag.py:3239} INFO - Sync 1 DAGs
[2026-04-27T08:55:18.705+0000] {logging_mixin.py:190} INFO - [2026-04-27T08:55:18.704+0000] {dag.py:4180} INFO - Setting next_dagrun for kafka_producer to 2026-04-26 18:30:00+00:00, run_after=2026-04-27 18:30:00+00:00
[2026-04-27T08:55:18.735+0000] {processor.py:208} INFO - Processing /opt/airflow/dags/kafka_load.py took 0.191 seconds
[2026-04-27T08:55:49.189+0000] {processor.py:186} INFO - Started process (PID=701) to work on /opt/airflow/dags/kafka_load.py
[2026-04-27T08:55:49.190+0000] {processor.py:914} INFO - Processing file /opt/airflow/dags/kafka_load.py for tasks to queue
[2026-04-27T08:55:49.195+0000] {logging_mixin.py:190} INFO - [2026-04-27T08:55:49.195+0000] {dagbag.py:588} INFO - Filling up the DagBag from /opt/airflow/dags/kafka_load.py
[2026-04-27T08:55:49.235+0000] {processor.py:925} INFO - DAG(s) 'kafka_producer' retrieved from /opt/airflow/dags/kafka_load.py
[2026-04-27T08:55:49.274+0000] {logging_mixin.py:190} INFO - [2026-04-27T08:55:49.274+0000] {dag.py:3239} INFO - Sync 1 DAGs
[2026-04-27T08:55:49.322+0000] {logging_mixin.py:190} INFO - [2026-04-27T08:55:49.321+0000] {dag.py:4180} INFO - Setting next_dagrun for kafka_producer to 2026-04-26 18:30:00+00:00, run_after=2026-04-27 18:30:00+00:00
[2026-04-27T08:55:49.401+0000] {processor.py:208} INFO - Processing /opt/airflow/dags/kafka_load.py took 0.232 seconds
[2026-04-27T08:56:19.865+0000] {processor.py:186} INFO - Started process (PID=704) to work on /opt/airflow/dags/kafka_load.py
[2026-04-27T08:56:19.867+0000] {processor.py:914} INFO - Processing file /opt/airflow/dags/kafka_load.py for tasks to queue
[2026-04-27T08:56:19.873+0000] {logging_mixin.py:190} INFO - [2026-04-27T08:56:19.872+0000] {dagbag.py:588} INFO - Filling up the DagBag from /opt/airflow/dags/kafka_load.py
[2026-04-27T08:56:19.926+0000] {processor.py:925} INFO - DAG(s) 'kafka_producer' retrieved from /opt/airflow/dags/kafka_load.py
[2026-04-27T08:56:19.984+0000] {logging_mixin.py:190} INFO - [2026-04-27T08:56:19.983+0000] {dag.py:3239} INFO - Sync 1 DAGs
[2026-04-27T08:56:20.044+0000] {logging_mixin.py:190} INFO - [2026-04-27T08:56:20.038+0000] {dag.py:4180} INFO - Setting next_dagrun for kafka_producer to 2026-04-26 18:30:00+00:00, run_after=2026-04-27 18:30:00+00:00
[2026-04-27T08:56:20.083+0000] {processor.py:208} INFO - Processing /opt/airflow/dags/kafka_load.py took 0.232 seconds
[2026-04-27T08:56:50.493+0000] {processor.py:186} INFO - Started process (PID=707) to work on /opt/airflow/dags/kafka_load.py
[2026-04-27T08:56:50.494+0000] {processor.py:914} INFO - Processing file /opt/airflow/dags/kafka_load.py for tasks to queue
[2026-04-27T08:56:50.500+0000] {logging_mixin.py:190} INFO - [2026-04-27T08:56:50.498+0000] {dagbag.py:588} INFO - Filling up the DagBag from /opt/airflow/dags/kafka_load.py
[2026-04-27T08:56:50.543+0000] {processor.py:925} INFO - DAG(s) 'kafka_producer' retrieved from /opt/airflow/dags/kafka_load.py
[2026-04-27T08:56:50.572+0000] {logging_mixin.py:190} INFO - [2026-04-27T08:56:50.571+0000] {dag.py:3239} INFO - Sync 1 DAGs
[2026-04-27T08:56:50.605+0000] {logging_mixin.py:190} INFO - [2026-04-27T08:56:50.604+0000] {dag.py:4180} INFO - Setting next_dagrun for kafka_producer to 2026-04-26 18:30:00+00:00, run_after=2026-04-27 18:30:00+00:00
[2026-04-27T08:56:50.647+0000] {processor.py:208} INFO - Processing /opt/airflow/dags/kafka_load.py took 0.164 seconds
[2026-04-27T08:57:21.065+0000] {processor.py:186} INFO - Started process (PID=710) to work on /opt/airflow/dags/kafka_load.py
[2026-04-27T08:57:21.068+0000] {processor.py:914} INFO - Processing file /opt/airflow/dags/kafka_load.py for tasks to queue
[2026-04-27T08:57:21.072+0000] {logging_mixin.py:190} INFO - [2026-04-27T08:57:21.072+0000] {dagbag.py:588} INFO - Filling up the DagBag from /opt/airflow/dags/kafka_load.py
[2026-04-27T08:57:21.117+0000] {processor.py:925} INFO - DAG(s) 'kafka_producer' retrieved from /opt/airflow/dags/kafka_load.py
[2026-04-27T08:57:21.153+0000] {logging_mixin.py:190} INFO - [2026-04-27T08:57:21.153+0000] {dag.py:3239} INFO - Sync 1 DAGs
[2026-04-27T08:57:21.188+0000] {logging_mixin.py:190} INFO - [2026-04-27T08:57:21.187+0000] {dag.py:4180} INFO - Setting next_dagrun for kafka_producer to 2026-04-26 18:30:00+00:00, run_after=2026-04-27 18:30:00+00:00
[2026-04-27T08:57:21.219+0000] {processor.py:208} INFO - Processing /opt/airflow/dags/kafka_load.py took 0.167 seconds
[2026-04-27T08:57:51.634+0000] {processor.py:186} INFO - Started process (PID=713) to work on /opt/airflow/dags/kafka_load.py
[2026-04-27T08:57:51.635+0000] {processor.py:914} INFO - Processing file /opt/airflow/dags/kafka_load.py for tasks to queue
[2026-04-27T08:57:51.638+0000] {logging_mixin.py:190} INFO - [2026-04-27T08:57:51.638+0000] {dagbag.py:588} INFO - Filling up the DagBag from /opt/airflow/dags/kafka_load.py
[2026-04-27T08:57:51.672+0000] {processor.py:925} INFO - DAG(s) 'kafka_producer' retrieved from /opt/airflow/dags/kafka_load.py
[2026-04-27T08:57:51.700+0000] {logging_mixin.py:190} INFO - [2026-04-27T08:57:51.700+0000] {dag.py:3239} INFO - Sync 1 DAGs
[2026-04-27T08:57:51.730+0000] {logging_mixin.py:190} INFO - [2026-04-27T08:57:51.730+0000] {dag.py:4180} INFO - Setting next_dagrun for kafka_producer to 2026-04-26 18:30:00+00:00, run_after=2026-04-27 18:30:00+00:00
[2026-04-27T08:57:52.405+0000] {processor.py:208} INFO - Processing /opt/airflow/dags/kafka_load.py took 0.783 seconds
[2026-04-27T08:58:22.935+0000] {processor.py:186} INFO - Started process (PID=716) to work on /opt/airflow/dags/kafka_load.py
[2026-04-27T08:58:22.937+0000] {processor.py:914} INFO - Processing file /opt/airflow/dags/kafka_load.py for tasks to queue
[2026-04-27T08:58:22.942+0000] {logging_mixin.py:190} INFO - [2026-04-27T08:58:22.941+0000] {dagbag.py:588} INFO - Filling up the DagBag from /opt/airflow/dags/kafka_load.py
[2026-04-27T08:58:22.983+0000] {processor.py:925} INFO - DAG(s) 'kafka_producer' retrieved from /opt/airflow/dags/kafka_load.py
[2026-04-27T08:58:23.026+0000] {logging_mixin.py:190} INFO - [2026-04-27T08:58:23.025+0000] {dag.py:3239} INFO - Sync 1 DAGs
[2026-04-27T08:58:23.072+0000] {logging_mixin.py:190} INFO - [2026-04-27T08:58:23.072+0000] {dag.py:4180} INFO - Setting next_dagrun for kafka_producer to 2026-04-26 18:30:00+00:00, run_after=2026-04-27 18:30:00+00:00
[2026-04-27T08:58:23.099+0000] {processor.py:208} INFO - Processing /opt/airflow/dags/kafka_load.py took 0.179 seconds
[2026-04-27T08:58:53.792+0000] {processor.py:186} INFO - Started process (PID=719) to work on /opt/airflow/dags/kafka_load.py
[2026-04-27T08:58:53.794+0000] {processor.py:914} INFO - Processing file /opt/airflow/dags/kafka_load.py for tasks to queue
[2026-04-27T08:58:53.798+0000] {logging_mixin.py:190} INFO - [2026-04-27T08:58:53.797+0000] {dagbag.py:588} INFO - Filling up the DagBag from /opt/airflow/dags/kafka_load.py
[2026-04-27T08:58:53.853+0000] {processor.py:925} INFO - DAG(s) 'kafka_producer' retrieved from /opt/airflow/dags/kafka_load.py
[2026-04-27T08:58:53.891+0000] {logging_mixin.py:190} INFO - [2026-04-27T08:58:53.891+0000] {dag.py:3239} INFO - Sync 1 DAGs
[2026-04-27T08:58:53.942+0000] {logging_mixin.py:190} INFO - [2026-04-27T08:58:53.941+0000] {dag.py:4180} INFO - Setting next_dagrun for kafka_producer to 2026-04-26 18:30:00+00:00, run_after=2026-04-27 18:30:00+00:00
[2026-04-27T08:58:53.986+0000] {processor.py:208} INFO - Processing /opt/airflow/dags/kafka_load.py took 0.208 seconds
[2026-04-27T08:59:24.347+0000] {processor.py:186} INFO - Started process (PID=722) to work on /opt/airflow/dags/kafka_load.py
[2026-04-27T08:59:24.349+0000] {processor.py:914} INFO - Processing file /opt/airflow/dags/kafka_load.py for tasks to queue
[2026-04-27T08:59:24.354+0000] {logging_mixin.py:190} INFO - [2026-04-27T08:59:24.354+0000] {dagbag.py:588} INFO - Filling up the DagBag from /opt/airflow/dags/kafka_load.py
[2026-04-27T08:59:24.400+0000] {processor.py:925} INFO - DAG(s) 'kafka_producer' retrieved from /opt/airflow/dags/kafka_load.py
[2026-04-27T08:59:24.435+0000] {logging_mixin.py:190} INFO - [2026-04-27T08:59:24.434+0000] {dag.py:3239} INFO - Sync 1 DAGs
[2026-04-27T08:59:24.465+0000] {logging_mixin.py:190} INFO - [2026-04-27T08:59:24.465+0000] {dag.py:4180} INFO - Setting next_dagrun for kafka_producer to 2026-04-26 18:30:00+00:00, run_after=2026-04-27 18:30:00+00:00
[2026-04-27T08:59:24.489+0000] {processor.py:208} INFO - Processing /opt/airflow/dags/kafka_load.py took 0.152 seconds
[2026-04-27T08:59:54.916+0000] {processor.py:186} INFO - Started process (PID=725) to work on /opt/airflow/dags/kafka_load.py
[2026-04-27T08:59:54.918+0000] {processor.py:914} INFO - Processing file /opt/airflow/dags/kafka_load.py for tasks to queue
[2026-04-27T08:59:54.925+0000] {logging_mixin.py:190} INFO - [2026-04-27T08:59:54.925+0000] {dagbag.py:588} INFO - Filling up the DagBag from /opt/airflow/dags/kafka_load.py
[2026-04-27T08:59:54.974+0000] {processor.py:925} INFO - DAG(s) 'kafka_producer' retrieved from /opt/airflow/dags/kafka_load.py
[2026-04-27T08:59:55.007+0000] {logging_mixin.py:190} INFO - [2026-04-27T08:59:55.007+0000] {dag.py:3239} INFO - Sync 1 DAGs
[2026-04-27T08:59:55.039+0000] {logging_mixin.py:190} INFO - [2026-04-27T08:59:55.039+0000] {dag.py:4180} INFO - Setting next_dagrun for kafka_producer to 2026-04-26 18:30:00+00:00, run_after=2026-04-27 18:30:00+00:00
[2026-04-27T08:59:55.065+0000] {processor.py:208} INFO - Processing /opt/airflow/dags/kafka_load.py took 0.159 seconds
