[2026-04-27T07:00:44.546+0000] {processor.py:186} INFO - Started process (PID=31) to work on /opt/airflow/dags/layers_update.py
[2026-04-27T07:00:44.548+0000] {processor.py:914} INFO - Processing file /opt/airflow/dags/layers_update.py for tasks to queue
[2026-04-27T07:00:44.557+0000] {logging_mixin.py:190} INFO - [2026-04-27T07:00:44.556+0000] {dagbag.py:588} INFO - Filling up the DagBag from /opt/airflow/dags/layers_update.py
[2026-04-27T07:00:44.575+0000] {processor.py:925} INFO - DAG(s) 'layers_update' retrieved from /opt/airflow/dags/layers_update.py
[2026-04-27T07:00:44.737+0000] {logging_mixin.py:190} INFO - [2026-04-27T07:00:44.737+0000] {override.py:1912} INFO - Created Permission View: can read on DAG:layers_update
[2026-04-27T07:00:44.752+0000] {logging_mixin.py:190} INFO - [2026-04-27T07:00:44.752+0000] {override.py:1912} INFO - Created Permission View: can delete on DAG:layers_update
[2026-04-27T07:00:44.762+0000] {logging_mixin.py:190} INFO - [2026-04-27T07:00:44.762+0000] {override.py:1912} INFO - Created Permission View: can edit on DAG:layers_update
[2026-04-27T07:00:44.775+0000] {logging_mixin.py:190} INFO - [2026-04-27T07:00:44.774+0000] {override.py:1912} INFO - Created Permission View: can create on DAG Run:layers_update
[2026-04-27T07:00:44.789+0000] {logging_mixin.py:190} INFO - [2026-04-27T07:00:44.789+0000] {override.py:1912} INFO - Created Permission View: can read on DAG Run:layers_update
[2026-04-27T07:00:44.800+0000] {logging_mixin.py:190} INFO - [2026-04-27T07:00:44.800+0000] {override.py:1912} INFO - Created Permission View: can delete on DAG Run:layers_update
[2026-04-27T07:00:44.813+0000] {logging_mixin.py:190} INFO - [2026-04-27T07:00:44.813+0000] {override.py:1912} INFO - Created Permission View: menu access on DAG Run:layers_update
[2026-04-27T07:00:44.814+0000] {logging_mixin.py:190} INFO - [2026-04-27T07:00:44.814+0000] {dag.py:3239} INFO - Sync 1 DAGs
[2026-04-27T07:00:44.830+0000] {logging_mixin.py:190} INFO - [2026-04-27T07:00:44.829+0000] {dag.py:3262} INFO - Creating ORM DAG for layers_update
[2026-04-27T07:00:44.831+0000] {logging_mixin.py:190} INFO - [2026-04-27T07:00:44.831+0000] {dag.py:4180} INFO - Setting next_dagrun for layers_update to None, run_after=None
[2026-04-27T07:00:44.855+0000] {processor.py:208} INFO - Processing /opt/airflow/dags/layers_update.py took 0.317 seconds
[2026-04-27T07:01:15.843+0000] {processor.py:186} INFO - Started process (PID=34) to work on /opt/airflow/dags/layers_update.py
[2026-04-27T07:01:15.845+0000] {processor.py:914} INFO - Processing file /opt/airflow/dags/layers_update.py for tasks to queue
[2026-04-27T07:01:15.857+0000] {logging_mixin.py:190} INFO - [2026-04-27T07:01:15.856+0000] {dagbag.py:588} INFO - Filling up the DagBag from /opt/airflow/dags/layers_update.py
[2026-04-27T07:01:15.884+0000] {processor.py:925} INFO - DAG(s) 'layers_update' retrieved from /opt/airflow/dags/layers_update.py
[2026-04-27T07:01:15.931+0000] {logging_mixin.py:190} INFO - [2026-04-27T07:01:15.930+0000] {dag.py:3239} INFO - Sync 1 DAGs
[2026-04-27T07:01:15.957+0000] {logging_mixin.py:190} INFO - [2026-04-27T07:01:15.957+0000] {dag.py:4180} INFO - Setting next_dagrun for layers_update to None, run_after=None
[2026-04-27T07:01:17.123+0000] {processor.py:208} INFO - Processing /opt/airflow/dags/layers_update.py took 1.301 seconds
[2026-04-27T07:01:47.246+0000] {processor.py:186} INFO - Started process (PID=37) to work on /opt/airflow/dags/layers_update.py
[2026-04-27T07:01:47.251+0000] {processor.py:914} INFO - Processing file /opt/airflow/dags/layers_update.py for tasks to queue
[2026-04-27T07:01:47.254+0000] {logging_mixin.py:190} INFO - [2026-04-27T07:01:47.254+0000] {dagbag.py:588} INFO - Filling up the DagBag from /opt/airflow/dags/layers_update.py
[2026-04-27T07:01:47.276+0000] {processor.py:925} INFO - DAG(s) 'layers_update' retrieved from /opt/airflow/dags/layers_update.py
[2026-04-27T07:01:47.318+0000] {logging_mixin.py:190} INFO - [2026-04-27T07:01:47.318+0000] {dag.py:3239} INFO - Sync 1 DAGs
[2026-04-27T07:01:47.346+0000] {logging_mixin.py:190} INFO - [2026-04-27T07:01:47.346+0000] {dag.py:4180} INFO - Setting next_dagrun for layers_update to None, run_after=None
[2026-04-27T07:01:47.381+0000] {processor.py:208} INFO - Processing /opt/airflow/dags/layers_update.py took 0.144 seconds
[2026-04-27T07:02:17.855+0000] {processor.py:186} INFO - Started process (PID=40) to work on /opt/airflow/dags/layers_update.py
[2026-04-27T07:02:17.857+0000] {processor.py:914} INFO - Processing file /opt/airflow/dags/layers_update.py for tasks to queue
[2026-04-27T07:02:17.862+0000] {logging_mixin.py:190} INFO - [2026-04-27T07:02:17.862+0000] {dagbag.py:588} INFO - Filling up the DagBag from /opt/airflow/dags/layers_update.py
[2026-04-27T07:02:17.891+0000] {processor.py:925} INFO - DAG(s) 'layers_update' retrieved from /opt/airflow/dags/layers_update.py
[2026-04-27T07:02:17.957+0000] {logging_mixin.py:190} INFO - [2026-04-27T07:02:17.956+0000] {dag.py:3239} INFO - Sync 1 DAGs
[2026-04-27T07:02:17.981+0000] {logging_mixin.py:190} INFO - [2026-04-27T07:02:17.980+0000] {dag.py:4180} INFO - Setting next_dagrun for layers_update to None, run_after=None
[2026-04-27T07:02:18.017+0000] {processor.py:208} INFO - Processing /opt/airflow/dags/layers_update.py took 0.171 seconds
[2026-04-27T07:02:48.513+0000] {processor.py:186} INFO - Started process (PID=43) to work on /opt/airflow/dags/layers_update.py
[2026-04-27T07:02:48.515+0000] {processor.py:914} INFO - Processing file /opt/airflow/dags/layers_update.py for tasks to queue
[2026-04-27T07:02:48.518+0000] {logging_mixin.py:190} INFO - [2026-04-27T07:02:48.518+0000] {dagbag.py:588} INFO - Filling up the DagBag from /opt/airflow/dags/layers_update.py
[2026-04-27T07:02:48.542+0000] {processor.py:925} INFO - DAG(s) 'layers_update' retrieved from /opt/airflow/dags/layers_update.py
[2026-04-27T07:02:48.575+0000] {logging_mixin.py:190} INFO - [2026-04-27T07:02:48.574+0000] {dag.py:3239} INFO - Sync 1 DAGs
[2026-04-27T07:02:48.596+0000] {logging_mixin.py:190} INFO - [2026-04-27T07:02:48.596+0000] {dag.py:4180} INFO - Setting next_dagrun for layers_update to None, run_after=None
[2026-04-27T07:02:48.624+0000] {processor.py:208} INFO - Processing /opt/airflow/dags/layers_update.py took 0.119 seconds
[2026-04-27T07:03:19.149+0000] {processor.py:186} INFO - Started process (PID=46) to work on /opt/airflow/dags/layers_update.py
[2026-04-27T07:03:19.151+0000] {processor.py:914} INFO - Processing file /opt/airflow/dags/layers_update.py for tasks to queue
[2026-04-27T07:03:19.164+0000] {logging_mixin.py:190} INFO - [2026-04-27T07:03:19.163+0000] {dagbag.py:588} INFO - Filling up the DagBag from /opt/airflow/dags/layers_update.py
[2026-04-27T07:03:19.198+0000] {processor.py:925} INFO - DAG(s) 'layers_update' retrieved from /opt/airflow/dags/layers_update.py
[2026-04-27T07:03:19.278+0000] {logging_mixin.py:190} INFO - [2026-04-27T07:03:19.278+0000] {dag.py:3239} INFO - Sync 1 DAGs
[2026-04-27T07:03:19.310+0000] {logging_mixin.py:190} INFO - [2026-04-27T07:03:19.310+0000] {dag.py:4180} INFO - Setting next_dagrun for layers_update to None, run_after=None
[2026-04-27T07:03:19.354+0000] {processor.py:208} INFO - Processing /opt/airflow/dags/layers_update.py took 0.223 seconds
[2026-04-27T07:03:49.809+0000] {processor.py:186} INFO - Started process (PID=49) to work on /opt/airflow/dags/layers_update.py
[2026-04-27T07:03:49.811+0000] {processor.py:914} INFO - Processing file /opt/airflow/dags/layers_update.py for tasks to queue
[2026-04-27T07:03:49.815+0000] {logging_mixin.py:190} INFO - [2026-04-27T07:03:49.814+0000] {dagbag.py:588} INFO - Filling up the DagBag from /opt/airflow/dags/layers_update.py
[2026-04-27T07:03:49.837+0000] {processor.py:925} INFO - DAG(s) 'layers_update' retrieved from /opt/airflow/dags/layers_update.py
[2026-04-27T07:03:49.870+0000] {logging_mixin.py:190} INFO - [2026-04-27T07:03:49.869+0000] {dag.py:3239} INFO - Sync 1 DAGs
[2026-04-27T07:03:49.890+0000] {logging_mixin.py:190} INFO - [2026-04-27T07:03:49.889+0000] {dag.py:4180} INFO - Setting next_dagrun for layers_update to None, run_after=None
[2026-04-27T07:03:49.918+0000] {processor.py:208} INFO - Processing /opt/airflow/dags/layers_update.py took 0.119 seconds
[2026-04-27T07:04:20.334+0000] {processor.py:186} INFO - Started process (PID=52) to work on /opt/airflow/dags/layers_update.py
[2026-04-27T07:04:20.335+0000] {processor.py:914} INFO - Processing file /opt/airflow/dags/layers_update.py for tasks to queue
[2026-04-27T07:04:20.340+0000] {logging_mixin.py:190} INFO - [2026-04-27T07:04:20.339+0000] {dagbag.py:588} INFO - Filling up the DagBag from /opt/airflow/dags/layers_update.py
[2026-04-27T07:04:20.359+0000] {processor.py:925} INFO - DAG(s) 'layers_update' retrieved from /opt/airflow/dags/layers_update.py
[2026-04-27T07:04:20.400+0000] {logging_mixin.py:190} INFO - [2026-04-27T07:04:20.399+0000] {dag.py:3239} INFO - Sync 1 DAGs
[2026-04-27T07:04:20.425+0000] {logging_mixin.py:190} INFO - [2026-04-27T07:04:20.424+0000] {dag.py:4180} INFO - Setting next_dagrun for layers_update to None, run_after=None
[2026-04-27T07:04:20.462+0000] {processor.py:208} INFO - Processing /opt/airflow/dags/layers_update.py took 0.137 seconds
[2026-04-27T07:04:50.915+0000] {processor.py:186} INFO - Started process (PID=55) to work on /opt/airflow/dags/layers_update.py
[2026-04-27T07:04:50.917+0000] {processor.py:914} INFO - Processing file /opt/airflow/dags/layers_update.py for tasks to queue
[2026-04-27T07:04:50.921+0000] {logging_mixin.py:190} INFO - [2026-04-27T07:04:50.921+0000] {dagbag.py:588} INFO - Filling up the DagBag from /opt/airflow/dags/layers_update.py
[2026-04-27T07:04:50.942+0000] {processor.py:925} INFO - DAG(s) 'layers_update' retrieved from /opt/airflow/dags/layers_update.py
[2026-04-27T07:04:50.974+0000] {logging_mixin.py:190} INFO - [2026-04-27T07:04:50.973+0000] {dag.py:3239} INFO - Sync 1 DAGs
[2026-04-27T07:04:50.995+0000] {logging_mixin.py:190} INFO - [2026-04-27T07:04:50.995+0000] {dag.py:4180} INFO - Setting next_dagrun for layers_update to None, run_after=None
[2026-04-27T07:04:51.025+0000] {processor.py:208} INFO - Processing /opt/airflow/dags/layers_update.py took 0.122 seconds
[2026-04-27T07:05:21.497+0000] {processor.py:186} INFO - Started process (PID=58) to work on /opt/airflow/dags/layers_update.py
[2026-04-27T07:05:21.498+0000] {processor.py:914} INFO - Processing file /opt/airflow/dags/layers_update.py for tasks to queue
[2026-04-27T07:05:21.502+0000] {logging_mixin.py:190} INFO - [2026-04-27T07:05:21.502+0000] {dagbag.py:588} INFO - Filling up the DagBag from /opt/airflow/dags/layers_update.py
[2026-04-27T07:05:21.522+0000] {processor.py:925} INFO - DAG(s) 'layers_update' retrieved from /opt/airflow/dags/layers_update.py
[2026-04-27T07:05:21.551+0000] {logging_mixin.py:190} INFO - [2026-04-27T07:05:21.551+0000] {dag.py:3239} INFO - Sync 1 DAGs
[2026-04-27T07:05:21.569+0000] {logging_mixin.py:190} INFO - [2026-04-27T07:05:21.569+0000] {dag.py:4180} INFO - Setting next_dagrun for layers_update to None, run_after=None
[2026-04-27T07:05:21.597+0000] {processor.py:208} INFO - Processing /opt/airflow/dags/layers_update.py took 0.113 seconds
[2026-04-27T07:05:52.155+0000] {processor.py:186} INFO - Started process (PID=61) to work on /opt/airflow/dags/layers_update.py
[2026-04-27T07:05:52.157+0000] {processor.py:914} INFO - Processing file /opt/airflow/dags/layers_update.py for tasks to queue
[2026-04-27T07:05:52.160+0000] {logging_mixin.py:190} INFO - [2026-04-27T07:05:52.159+0000] {dagbag.py:588} INFO - Filling up the DagBag from /opt/airflow/dags/layers_update.py
[2026-04-27T07:05:52.180+0000] {processor.py:925} INFO - DAG(s) 'layers_update' retrieved from /opt/airflow/dags/layers_update.py
[2026-04-27T07:05:52.213+0000] {logging_mixin.py:190} INFO - [2026-04-27T07:05:52.212+0000] {dag.py:3239} INFO - Sync 1 DAGs
[2026-04-27T07:05:52.235+0000] {logging_mixin.py:190} INFO - [2026-04-27T07:05:52.235+0000] {dag.py:4180} INFO - Setting next_dagrun for layers_update to None, run_after=None
[2026-04-27T07:05:52.266+0000] {processor.py:208} INFO - Processing /opt/airflow/dags/layers_update.py took 0.120 seconds
[2026-04-27T07:06:29.310+0000] {processor.py:186} INFO - Started process (PID=64) to work on /opt/airflow/dags/layers_update.py
[2026-04-27T07:06:29.314+0000] {processor.py:914} INFO - Processing file /opt/airflow/dags/layers_update.py for tasks to queue
[2026-04-27T07:06:29.332+0000] {logging_mixin.py:190} INFO - [2026-04-27T07:06:29.331+0000] {dagbag.py:588} INFO - Filling up the DagBag from /opt/airflow/dags/layers_update.py
[2026-04-27T07:06:29.419+0000] {processor.py:925} INFO - DAG(s) 'layers_update' retrieved from /opt/airflow/dags/layers_update.py
[2026-04-27T07:06:29.482+0000] {logging_mixin.py:190} INFO - [2026-04-27T07:06:29.482+0000] {dag.py:3239} INFO - Sync 1 DAGs
[2026-04-27T07:06:29.531+0000] {logging_mixin.py:190} INFO - [2026-04-27T07:06:29.530+0000] {dag.py:4180} INFO - Setting next_dagrun for layers_update to None, run_after=None
[2026-04-27T07:06:29.626+0000] {processor.py:208} INFO - Processing /opt/airflow/dags/layers_update.py took 0.331 seconds
[2026-04-27T07:07:00.552+0000] {processor.py:186} INFO - Started process (PID=67) to work on /opt/airflow/dags/layers_update.py
[2026-04-27T07:07:00.570+0000] {processor.py:914} INFO - Processing file /opt/airflow/dags/layers_update.py for tasks to queue
[2026-04-27T07:07:00.588+0000] {logging_mixin.py:190} INFO - [2026-04-27T07:07:00.587+0000] {dagbag.py:588} INFO - Filling up the DagBag from /opt/airflow/dags/layers_update.py
[2026-04-27T07:07:00.799+0000] {processor.py:925} INFO - DAG(s) 'layers_update' retrieved from /opt/airflow/dags/layers_update.py
[2026-04-27T07:07:00.858+0000] {logging_mixin.py:190} INFO - [2026-04-27T07:07:00.848+0000] {dag.py:3239} INFO - Sync 1 DAGs
[2026-04-27T07:07:00.898+0000] {logging_mixin.py:190} INFO - [2026-04-27T07:07:00.897+0000] {dag.py:4180} INFO - Setting next_dagrun for layers_update to None, run_after=None
[2026-04-27T07:07:01.036+0000] {processor.py:208} INFO - Processing /opt/airflow/dags/layers_update.py took 0.565 seconds
[2026-04-27T07:07:31.316+0000] {processor.py:186} INFO - Started process (PID=70) to work on /opt/airflow/dags/layers_update.py
[2026-04-27T07:07:31.320+0000] {processor.py:914} INFO - Processing file /opt/airflow/dags/layers_update.py for tasks to queue
[2026-04-27T07:07:31.323+0000] {logging_mixin.py:190} INFO - [2026-04-27T07:07:31.323+0000] {dagbag.py:588} INFO - Filling up the DagBag from /opt/airflow/dags/layers_update.py
[2026-04-27T07:07:31.350+0000] {processor.py:925} INFO - DAG(s) 'layers_update' retrieved from /opt/airflow/dags/layers_update.py
[2026-04-27T07:07:31.386+0000] {logging_mixin.py:190} INFO - [2026-04-27T07:07:31.385+0000] {dag.py:3239} INFO - Sync 1 DAGs
[2026-04-27T07:07:31.406+0000] {logging_mixin.py:190} INFO - [2026-04-27T07:07:31.406+0000] {dag.py:4180} INFO - Setting next_dagrun for layers_update to None, run_after=None
[2026-04-27T07:07:31.434+0000] {processor.py:208} INFO - Processing /opt/airflow/dags/layers_update.py took 0.127 seconds
[2026-04-27T07:08:01.873+0000] {processor.py:186} INFO - Started process (PID=73) to work on /opt/airflow/dags/layers_update.py
[2026-04-27T07:08:01.875+0000] {processor.py:914} INFO - Processing file /opt/airflow/dags/layers_update.py for tasks to queue
[2026-04-27T07:08:01.878+0000] {logging_mixin.py:190} INFO - [2026-04-27T07:08:01.877+0000] {dagbag.py:588} INFO - Filling up the DagBag from /opt/airflow/dags/layers_update.py
[2026-04-27T07:08:01.895+0000] {processor.py:925} INFO - DAG(s) 'layers_update' retrieved from /opt/airflow/dags/layers_update.py
[2026-04-27T07:08:01.921+0000] {logging_mixin.py:190} INFO - [2026-04-27T07:08:01.920+0000] {dag.py:3239} INFO - Sync 1 DAGs
[2026-04-27T07:08:01.939+0000] {logging_mixin.py:190} INFO - [2026-04-27T07:08:01.938+0000] {dag.py:4180} INFO - Setting next_dagrun for layers_update to None, run_after=None
[2026-04-27T07:08:01.962+0000] {processor.py:208} INFO - Processing /opt/airflow/dags/layers_update.py took 0.097 seconds
[2026-04-27T07:08:32.742+0000] {processor.py:186} INFO - Started process (PID=76) to work on /opt/airflow/dags/layers_update.py
[2026-04-27T07:08:32.750+0000] {processor.py:914} INFO - Processing file /opt/airflow/dags/layers_update.py for tasks to queue
[2026-04-27T07:08:32.754+0000] {logging_mixin.py:190} INFO - [2026-04-27T07:08:32.753+0000] {dagbag.py:588} INFO - Filling up the DagBag from /opt/airflow/dags/layers_update.py
[2026-04-27T07:08:32.800+0000] {processor.py:925} INFO - DAG(s) 'layers_update' retrieved from /opt/airflow/dags/layers_update.py
[2026-04-27T07:08:32.832+0000] {logging_mixin.py:190} INFO - [2026-04-27T07:08:32.832+0000] {dag.py:3239} INFO - Sync 1 DAGs
[2026-04-27T07:08:32.850+0000] {logging_mixin.py:190} INFO - [2026-04-27T07:08:32.849+0000] {dag.py:4180} INFO - Setting next_dagrun for layers_update to None, run_after=None
[2026-04-27T07:08:32.877+0000] {processor.py:208} INFO - Processing /opt/airflow/dags/layers_update.py took 0.146 seconds
[2026-04-27T07:09:03.451+0000] {processor.py:186} INFO - Started process (PID=79) to work on /opt/airflow/dags/layers_update.py
[2026-04-27T07:09:03.454+0000] {processor.py:914} INFO - Processing file /opt/airflow/dags/layers_update.py for tasks to queue
[2026-04-27T07:09:03.458+0000] {logging_mixin.py:190} INFO - [2026-04-27T07:09:03.457+0000] {dagbag.py:588} INFO - Filling up the DagBag from /opt/airflow/dags/layers_update.py
[2026-04-27T07:09:03.487+0000] {processor.py:925} INFO - DAG(s) 'layers_update' retrieved from /opt/airflow/dags/layers_update.py
[2026-04-27T07:09:03.529+0000] {logging_mixin.py:190} INFO - [2026-04-27T07:09:03.523+0000] {dag.py:3239} INFO - Sync 1 DAGs
[2026-04-27T07:09:03.551+0000] {logging_mixin.py:190} INFO - [2026-04-27T07:09:03.550+0000] {dag.py:4180} INFO - Setting next_dagrun for layers_update to None, run_after=None
[2026-04-27T07:09:03.604+0000] {processor.py:208} INFO - Processing /opt/airflow/dags/layers_update.py took 0.169 seconds
[2026-04-27T07:09:33.935+0000] {processor.py:186} INFO - Started process (PID=82) to work on /opt/airflow/dags/layers_update.py
[2026-04-27T07:09:33.936+0000] {processor.py:914} INFO - Processing file /opt/airflow/dags/layers_update.py for tasks to queue
[2026-04-27T07:09:33.940+0000] {logging_mixin.py:190} INFO - [2026-04-27T07:09:33.939+0000] {dagbag.py:588} INFO - Filling up the DagBag from /opt/airflow/dags/layers_update.py
[2026-04-27T07:09:33.957+0000] {processor.py:925} INFO - DAG(s) 'layers_update' retrieved from /opt/airflow/dags/layers_update.py
[2026-04-27T07:09:33.983+0000] {logging_mixin.py:190} INFO - [2026-04-27T07:09:33.982+0000] {dag.py:3239} INFO - Sync 1 DAGs
[2026-04-27T07:09:34.001+0000] {logging_mixin.py:190} INFO - [2026-04-27T07:09:34.001+0000] {dag.py:4180} INFO - Setting next_dagrun for layers_update to None, run_after=None
[2026-04-27T07:09:34.025+0000] {processor.py:208} INFO - Processing /opt/airflow/dags/layers_update.py took 0.099 seconds
[2026-04-27T07:10:04.571+0000] {processor.py:186} INFO - Started process (PID=85) to work on /opt/airflow/dags/layers_update.py
[2026-04-27T07:10:04.573+0000] {processor.py:914} INFO - Processing file /opt/airflow/dags/layers_update.py for tasks to queue
[2026-04-27T07:10:04.575+0000] {logging_mixin.py:190} INFO - [2026-04-27T07:10:04.575+0000] {dagbag.py:588} INFO - Filling up the DagBag from /opt/airflow/dags/layers_update.py
[2026-04-27T07:10:04.592+0000] {processor.py:925} INFO - DAG(s) 'layers_update' retrieved from /opt/airflow/dags/layers_update.py
[2026-04-27T07:10:04.618+0000] {logging_mixin.py:190} INFO - [2026-04-27T07:10:04.618+0000] {dag.py:3239} INFO - Sync 1 DAGs
[2026-04-27T07:10:04.636+0000] {logging_mixin.py:190} INFO - [2026-04-27T07:10:04.635+0000] {dag.py:4180} INFO - Setting next_dagrun for layers_update to None, run_after=None
[2026-04-27T07:10:04.661+0000] {processor.py:208} INFO - Processing /opt/airflow/dags/layers_update.py took 0.098 seconds
[2026-04-27T07:10:34.996+0000] {processor.py:186} INFO - Started process (PID=88) to work on /opt/airflow/dags/layers_update.py
[2026-04-27T07:10:34.998+0000] {processor.py:914} INFO - Processing file /opt/airflow/dags/layers_update.py for tasks to queue
[2026-04-27T07:10:35.001+0000] {logging_mixin.py:190} INFO - [2026-04-27T07:10:35.001+0000] {dagbag.py:588} INFO - Filling up the DagBag from /opt/airflow/dags/layers_update.py
[2026-04-27T07:10:35.022+0000] {processor.py:925} INFO - DAG(s) 'layers_update' retrieved from /opt/airflow/dags/layers_update.py
[2026-04-27T07:10:35.051+0000] {logging_mixin.py:190} INFO - [2026-04-27T07:10:35.050+0000] {dag.py:3239} INFO - Sync 1 DAGs
[2026-04-27T07:10:35.071+0000] {logging_mixin.py:190} INFO - [2026-04-27T07:10:35.070+0000] {dag.py:4180} INFO - Setting next_dagrun for layers_update to None, run_after=None
[2026-04-27T07:10:35.097+0000] {processor.py:208} INFO - Processing /opt/airflow/dags/layers_update.py took 0.110 seconds
[2026-04-27T07:11:05.578+0000] {processor.py:186} INFO - Started process (PID=91) to work on /opt/airflow/dags/layers_update.py
[2026-04-27T07:11:05.580+0000] {processor.py:914} INFO - Processing file /opt/airflow/dags/layers_update.py for tasks to queue
[2026-04-27T07:11:05.584+0000] {logging_mixin.py:190} INFO - [2026-04-27T07:11:05.583+0000] {dagbag.py:588} INFO - Filling up the DagBag from /opt/airflow/dags/layers_update.py
[2026-04-27T07:11:05.600+0000] {processor.py:925} INFO - DAG(s) 'layers_update' retrieved from /opt/airflow/dags/layers_update.py
[2026-04-27T07:11:05.627+0000] {logging_mixin.py:190} INFO - [2026-04-27T07:11:05.627+0000] {dag.py:3239} INFO - Sync 1 DAGs
[2026-04-27T07:11:05.647+0000] {logging_mixin.py:190} INFO - [2026-04-27T07:11:05.647+0000] {dag.py:4180} INFO - Setting next_dagrun for layers_update to None, run_after=None
[2026-04-27T07:11:05.672+0000] {processor.py:208} INFO - Processing /opt/airflow/dags/layers_update.py took 0.103 seconds
[2026-04-27T07:11:36.180+0000] {processor.py:186} INFO - Started process (PID=94) to work on /opt/airflow/dags/layers_update.py
[2026-04-27T07:11:36.182+0000] {processor.py:914} INFO - Processing file /opt/airflow/dags/layers_update.py for tasks to queue
[2026-04-27T07:11:36.185+0000] {logging_mixin.py:190} INFO - [2026-04-27T07:11:36.184+0000] {dagbag.py:588} INFO - Filling up the DagBag from /opt/airflow/dags/layers_update.py
[2026-04-27T07:11:36.209+0000] {processor.py:925} INFO - DAG(s) 'layers_update' retrieved from /opt/airflow/dags/layers_update.py
[2026-04-27T07:11:36.245+0000] {logging_mixin.py:190} INFO - [2026-04-27T07:11:36.245+0000] {dag.py:3239} INFO - Sync 1 DAGs
[2026-04-27T07:11:36.263+0000] {logging_mixin.py:190} INFO - [2026-04-27T07:11:36.263+0000] {dag.py:4180} INFO - Setting next_dagrun for layers_update to None, run_after=None
[2026-04-27T07:11:36.288+0000] {processor.py:208} INFO - Processing /opt/airflow/dags/layers_update.py took 0.118 seconds
[2026-04-27T07:12:07.506+0000] {processor.py:186} INFO - Started process (PID=97) to work on /opt/airflow/dags/layers_update.py
[2026-04-27T07:12:07.508+0000] {processor.py:914} INFO - Processing file /opt/airflow/dags/layers_update.py for tasks to queue
[2026-04-27T07:12:07.511+0000] {logging_mixin.py:190} INFO - [2026-04-27T07:12:07.511+0000] {dagbag.py:588} INFO - Filling up the DagBag from /opt/airflow/dags/layers_update.py
[2026-04-27T07:12:07.531+0000] {processor.py:925} INFO - DAG(s) 'layers_update' retrieved from /opt/airflow/dags/layers_update.py
[2026-04-27T07:12:07.560+0000] {logging_mixin.py:190} INFO - [2026-04-27T07:12:07.559+0000] {dag.py:3239} INFO - Sync 1 DAGs
[2026-04-27T07:12:07.581+0000] {logging_mixin.py:190} INFO - [2026-04-27T07:12:07.581+0000] {dag.py:4180} INFO - Setting next_dagrun for layers_update to None, run_after=None
[2026-04-27T07:12:07.627+0000] {processor.py:208} INFO - Processing /opt/airflow/dags/layers_update.py took 0.133 seconds
[2026-04-27T07:12:38.269+0000] {processor.py:186} INFO - Started process (PID=100) to work on /opt/airflow/dags/layers_update.py
[2026-04-27T07:12:38.270+0000] {processor.py:914} INFO - Processing file /opt/airflow/dags/layers_update.py for tasks to queue
[2026-04-27T07:12:38.275+0000] {logging_mixin.py:190} INFO - [2026-04-27T07:12:38.274+0000] {dagbag.py:588} INFO - Filling up the DagBag from /opt/airflow/dags/layers_update.py
[2026-04-27T07:12:38.294+0000] {processor.py:925} INFO - DAG(s) 'layers_update' retrieved from /opt/airflow/dags/layers_update.py
[2026-04-27T07:12:38.322+0000] {logging_mixin.py:190} INFO - [2026-04-27T07:12:38.322+0000] {dag.py:3239} INFO - Sync 1 DAGs
[2026-04-27T07:12:38.343+0000] {logging_mixin.py:190} INFO - [2026-04-27T07:12:38.343+0000] {dag.py:4180} INFO - Setting next_dagrun for layers_update to None, run_after=None
[2026-04-27T07:12:38.388+0000] {processor.py:208} INFO - Processing /opt/airflow/dags/layers_update.py took 0.129 seconds
[2026-04-27T07:13:08.778+0000] {processor.py:186} INFO - Started process (PID=103) to work on /opt/airflow/dags/layers_update.py
[2026-04-27T07:13:08.779+0000] {processor.py:914} INFO - Processing file /opt/airflow/dags/layers_update.py for tasks to queue
[2026-04-27T07:13:08.782+0000] {logging_mixin.py:190} INFO - [2026-04-27T07:13:08.782+0000] {dagbag.py:588} INFO - Filling up the DagBag from /opt/airflow/dags/layers_update.py
[2026-04-27T07:13:08.799+0000] {processor.py:925} INFO - DAG(s) 'layers_update' retrieved from /opt/airflow/dags/layers_update.py
[2026-04-27T07:13:08.825+0000] {logging_mixin.py:190} INFO - [2026-04-27T07:13:08.825+0000] {dag.py:3239} INFO - Sync 1 DAGs
[2026-04-27T07:13:08.843+0000] {logging_mixin.py:190} INFO - [2026-04-27T07:13:08.843+0000] {dag.py:4180} INFO - Setting next_dagrun for layers_update to None, run_after=None
[2026-04-27T07:13:08.868+0000] {processor.py:208} INFO - Processing /opt/airflow/dags/layers_update.py took 0.101 seconds
[2026-04-27T07:13:39.769+0000] {processor.py:186} INFO - Started process (PID=106) to work on /opt/airflow/dags/layers_update.py
[2026-04-27T07:13:39.770+0000] {processor.py:914} INFO - Processing file /opt/airflow/dags/layers_update.py for tasks to queue
[2026-04-27T07:13:39.774+0000] {logging_mixin.py:190} INFO - [2026-04-27T07:13:39.773+0000] {dagbag.py:588} INFO - Filling up the DagBag from /opt/airflow/dags/layers_update.py
[2026-04-27T07:13:39.795+0000] {processor.py:925} INFO - DAG(s) 'layers_update' retrieved from /opt/airflow/dags/layers_update.py
[2026-04-27T07:13:39.841+0000] {logging_mixin.py:190} INFO - [2026-04-27T07:13:39.841+0000] {dag.py:3239} INFO - Sync 1 DAGs
[2026-04-27T07:13:39.867+0000] {logging_mixin.py:190} INFO - [2026-04-27T07:13:39.867+0000] {dag.py:4180} INFO - Setting next_dagrun for layers_update to None, run_after=None
[2026-04-27T07:13:39.896+0000] {processor.py:208} INFO - Processing /opt/airflow/dags/layers_update.py took 0.136 seconds
[2026-04-27T07:14:10.288+0000] {processor.py:186} INFO - Started process (PID=109) to work on /opt/airflow/dags/layers_update.py
[2026-04-27T07:14:10.289+0000] {processor.py:914} INFO - Processing file /opt/airflow/dags/layers_update.py for tasks to queue
[2026-04-27T07:14:10.292+0000] {logging_mixin.py:190} INFO - [2026-04-27T07:14:10.292+0000] {dagbag.py:588} INFO - Filling up the DagBag from /opt/airflow/dags/layers_update.py
[2026-04-27T07:14:10.310+0000] {processor.py:925} INFO - DAG(s) 'layers_update' retrieved from /opt/airflow/dags/layers_update.py
[2026-04-27T07:14:10.341+0000] {logging_mixin.py:190} INFO - [2026-04-27T07:14:10.340+0000] {dag.py:3239} INFO - Sync 1 DAGs
[2026-04-27T07:14:10.358+0000] {logging_mixin.py:190} INFO - [2026-04-27T07:14:10.358+0000] {dag.py:4180} INFO - Setting next_dagrun for layers_update to None, run_after=None
[2026-04-27T07:14:10.382+0000] {processor.py:208} INFO - Processing /opt/airflow/dags/layers_update.py took 0.103 seconds
[2026-04-27T07:14:40.873+0000] {processor.py:186} INFO - Started process (PID=112) to work on /opt/airflow/dags/layers_update.py
[2026-04-27T07:14:40.874+0000] {processor.py:914} INFO - Processing file /opt/airflow/dags/layers_update.py for tasks to queue
[2026-04-27T07:14:40.878+0000] {logging_mixin.py:190} INFO - [2026-04-27T07:14:40.878+0000] {dagbag.py:588} INFO - Filling up the DagBag from /opt/airflow/dags/layers_update.py
[2026-04-27T07:14:40.898+0000] {processor.py:925} INFO - DAG(s) 'layers_update' retrieved from /opt/airflow/dags/layers_update.py
[2026-04-27T07:14:40.924+0000] {logging_mixin.py:190} INFO - [2026-04-27T07:14:40.924+0000] {dag.py:3239} INFO - Sync 1 DAGs
[2026-04-27T07:14:40.942+0000] {logging_mixin.py:190} INFO - [2026-04-27T07:14:40.941+0000] {dag.py:4180} INFO - Setting next_dagrun for layers_update to None, run_after=None
[2026-04-27T07:14:40.967+0000] {processor.py:208} INFO - Processing /opt/airflow/dags/layers_update.py took 0.111 seconds
[2026-04-27T07:15:11.299+0000] {processor.py:186} INFO - Started process (PID=115) to work on /opt/airflow/dags/layers_update.py
[2026-04-27T07:15:11.301+0000] {processor.py:914} INFO - Processing file /opt/airflow/dags/layers_update.py for tasks to queue
[2026-04-27T07:15:11.304+0000] {logging_mixin.py:190} INFO - [2026-04-27T07:15:11.304+0000] {dagbag.py:588} INFO - Filling up the DagBag from /opt/airflow/dags/layers_update.py
[2026-04-27T07:15:11.321+0000] {processor.py:925} INFO - DAG(s) 'layers_update' retrieved from /opt/airflow/dags/layers_update.py
[2026-04-27T07:15:11.346+0000] {logging_mixin.py:190} INFO - [2026-04-27T07:15:11.346+0000] {dag.py:3239} INFO - Sync 1 DAGs
[2026-04-27T07:15:11.366+0000] {logging_mixin.py:190} INFO - [2026-04-27T07:15:11.366+0000] {dag.py:4180} INFO - Setting next_dagrun for layers_update to None, run_after=None
[2026-04-27T07:15:11.392+0000] {processor.py:208} INFO - Processing /opt/airflow/dags/layers_update.py took 0.101 seconds
[2026-04-27T07:15:42.315+0000] {processor.py:186} INFO - Started process (PID=118) to work on /opt/airflow/dags/layers_update.py
[2026-04-27T07:15:42.317+0000] {processor.py:914} INFO - Processing file /opt/airflow/dags/layers_update.py for tasks to queue
[2026-04-27T07:15:42.322+0000] {logging_mixin.py:190} INFO - [2026-04-27T07:15:42.321+0000] {dagbag.py:588} INFO - Filling up the DagBag from /opt/airflow/dags/layers_update.py
[2026-04-27T07:15:42.352+0000] {processor.py:925} INFO - DAG(s) 'layers_update' retrieved from /opt/airflow/dags/layers_update.py
[2026-04-27T07:15:42.391+0000] {logging_mixin.py:190} INFO - [2026-04-27T07:15:42.391+0000] {dag.py:3239} INFO - Sync 1 DAGs
[2026-04-27T07:15:42.409+0000] {logging_mixin.py:190} INFO - [2026-04-27T07:15:42.408+0000] {dag.py:4180} INFO - Setting next_dagrun for layers_update to None, run_after=None
[2026-04-27T07:15:42.437+0000] {processor.py:208} INFO - Processing /opt/airflow/dags/layers_update.py took 0.131 seconds
[2026-04-27T07:16:12.956+0000] {processor.py:186} INFO - Started process (PID=121) to work on /opt/airflow/dags/layers_update.py
[2026-04-27T07:16:12.958+0000] {processor.py:914} INFO - Processing file /opt/airflow/dags/layers_update.py for tasks to queue
[2026-04-27T07:16:12.961+0000] {logging_mixin.py:190} INFO - [2026-04-27T07:16:12.960+0000] {dagbag.py:588} INFO - Filling up the DagBag from /opt/airflow/dags/layers_update.py
[2026-04-27T07:16:13.018+0000] {processor.py:925} INFO - DAG(s) 'layers_update' retrieved from /opt/airflow/dags/layers_update.py
[2026-04-27T07:16:13.079+0000] {logging_mixin.py:190} INFO - [2026-04-27T07:16:13.079+0000] {dag.py:3239} INFO - Sync 1 DAGs
[2026-04-27T07:16:13.100+0000] {logging_mixin.py:190} INFO - [2026-04-27T07:16:13.099+0000] {dag.py:4180} INFO - Setting next_dagrun for layers_update to None, run_after=None
[2026-04-27T07:16:13.125+0000] {processor.py:208} INFO - Processing /opt/airflow/dags/layers_update.py took 0.184 seconds
[2026-04-27T07:16:43.581+0000] {processor.py:186} INFO - Started process (PID=124) to work on /opt/airflow/dags/layers_update.py
[2026-04-27T07:16:43.583+0000] {processor.py:914} INFO - Processing file /opt/airflow/dags/layers_update.py for tasks to queue
[2026-04-27T07:16:43.586+0000] {logging_mixin.py:190} INFO - [2026-04-27T07:16:43.586+0000] {dagbag.py:588} INFO - Filling up the DagBag from /opt/airflow/dags/layers_update.py
[2026-04-27T07:16:43.606+0000] {processor.py:925} INFO - DAG(s) 'layers_update' retrieved from /opt/airflow/dags/layers_update.py
[2026-04-27T07:16:43.656+0000] {logging_mixin.py:190} INFO - [2026-04-27T07:16:43.656+0000] {dag.py:3239} INFO - Sync 1 DAGs
[2026-04-27T07:16:43.682+0000] {logging_mixin.py:190} INFO - [2026-04-27T07:16:43.681+0000] {dag.py:4180} INFO - Setting next_dagrun for layers_update to None, run_after=None
[2026-04-27T07:16:43.714+0000] {processor.py:208} INFO - Processing /opt/airflow/dags/layers_update.py took 0.141 seconds
[2026-04-27T07:17:14.449+0000] {processor.py:186} INFO - Started process (PID=127) to work on /opt/airflow/dags/layers_update.py
[2026-04-27T07:17:14.452+0000] {processor.py:914} INFO - Processing file /opt/airflow/dags/layers_update.py for tasks to queue
[2026-04-27T07:17:14.464+0000] {logging_mixin.py:190} INFO - [2026-04-27T07:17:14.455+0000] {dagbag.py:588} INFO - Filling up the DagBag from /opt/airflow/dags/layers_update.py
[2026-04-27T07:17:14.542+0000] {processor.py:925} INFO - DAG(s) 'layers_update' retrieved from /opt/airflow/dags/layers_update.py
[2026-04-27T07:17:14.582+0000] {logging_mixin.py:190} INFO - [2026-04-27T07:17:14.582+0000] {dag.py:3239} INFO - Sync 1 DAGs
[2026-04-27T07:17:14.613+0000] {logging_mixin.py:190} INFO - [2026-04-27T07:17:14.613+0000] {dag.py:4180} INFO - Setting next_dagrun for layers_update to None, run_after=None
[2026-04-27T07:17:14.704+0000] {processor.py:208} INFO - Processing /opt/airflow/dags/layers_update.py took 0.275 seconds
[2026-04-27T07:17:45.171+0000] {processor.py:186} INFO - Started process (PID=130) to work on /opt/airflow/dags/layers_update.py
[2026-04-27T07:17:45.173+0000] {processor.py:914} INFO - Processing file /opt/airflow/dags/layers_update.py for tasks to queue
[2026-04-27T07:17:45.182+0000] {logging_mixin.py:190} INFO - [2026-04-27T07:17:45.182+0000] {dagbag.py:588} INFO - Filling up the DagBag from /opt/airflow/dags/layers_update.py
[2026-04-27T07:17:45.214+0000] {processor.py:925} INFO - DAG(s) 'layers_update' retrieved from /opt/airflow/dags/layers_update.py
[2026-04-27T07:17:45.242+0000] {logging_mixin.py:190} INFO - [2026-04-27T07:17:45.242+0000] {dag.py:3239} INFO - Sync 1 DAGs
[2026-04-27T07:17:45.260+0000] {logging_mixin.py:190} INFO - [2026-04-27T07:17:45.260+0000] {dag.py:4180} INFO - Setting next_dagrun for layers_update to None, run_after=None
[2026-04-27T07:17:45.287+0000] {processor.py:208} INFO - Processing /opt/airflow/dags/layers_update.py took 0.125 seconds
[2026-04-27T07:18:15.814+0000] {processor.py:186} INFO - Started process (PID=133) to work on /opt/airflow/dags/layers_update.py
[2026-04-27T07:18:15.816+0000] {processor.py:914} INFO - Processing file /opt/airflow/dags/layers_update.py for tasks to queue
[2026-04-27T07:18:15.820+0000] {logging_mixin.py:190} INFO - [2026-04-27T07:18:15.819+0000] {dagbag.py:588} INFO - Filling up the DagBag from /opt/airflow/dags/layers_update.py
[2026-04-27T07:18:15.839+0000] {processor.py:925} INFO - DAG(s) 'layers_update' retrieved from /opt/airflow/dags/layers_update.py
[2026-04-27T07:18:15.868+0000] {logging_mixin.py:190} INFO - [2026-04-27T07:18:15.868+0000] {dag.py:3239} INFO - Sync 1 DAGs
[2026-04-27T07:18:15.886+0000] {logging_mixin.py:190} INFO - [2026-04-27T07:18:15.886+0000] {dag.py:4180} INFO - Setting next_dagrun for layers_update to None, run_after=None
[2026-04-27T07:18:15.910+0000] {processor.py:208} INFO - Processing /opt/airflow/dags/layers_update.py took 0.107 seconds
[2026-04-27T07:18:46.358+0000] {processor.py:186} INFO - Started process (PID=136) to work on /opt/airflow/dags/layers_update.py
[2026-04-27T07:18:46.360+0000] {processor.py:914} INFO - Processing file /opt/airflow/dags/layers_update.py for tasks to queue
[2026-04-27T07:18:46.363+0000] {logging_mixin.py:190} INFO - [2026-04-27T07:18:46.362+0000] {dagbag.py:588} INFO - Filling up the DagBag from /opt/airflow/dags/layers_update.py
[2026-04-27T07:18:46.380+0000] {processor.py:925} INFO - DAG(s) 'layers_update' retrieved from /opt/airflow/dags/layers_update.py
[2026-04-27T07:18:46.406+0000] {logging_mixin.py:190} INFO - [2026-04-27T07:18:46.406+0000] {dag.py:3239} INFO - Sync 1 DAGs
[2026-04-27T07:18:46.424+0000] {logging_mixin.py:190} INFO - [2026-04-27T07:18:46.424+0000] {dag.py:4180} INFO - Setting next_dagrun for layers_update to None, run_after=None
[2026-04-27T07:18:46.447+0000] {processor.py:208} INFO - Processing /opt/airflow/dags/layers_update.py took 0.100 seconds
[2026-04-27T07:19:17.883+0000] {processor.py:186} INFO - Started process (PID=139) to work on /opt/airflow/dags/layers_update.py
[2026-04-27T07:19:17.890+0000] {processor.py:914} INFO - Processing file /opt/airflow/dags/layers_update.py for tasks to queue
[2026-04-27T07:19:17.898+0000] {logging_mixin.py:190} INFO - [2026-04-27T07:19:17.897+0000] {dagbag.py:588} INFO - Filling up the DagBag from /opt/airflow/dags/layers_update.py
[2026-04-27T07:19:18.013+0000] {processor.py:925} INFO - DAG(s) 'layers_update' retrieved from /opt/airflow/dags/layers_update.py
[2026-04-27T07:19:18.197+0000] {logging_mixin.py:190} INFO - [2026-04-27T07:19:18.197+0000] {dag.py:3239} INFO - Sync 1 DAGs
[2026-04-27T07:19:18.280+0000] {logging_mixin.py:190} INFO - [2026-04-27T07:19:18.280+0000] {dag.py:4180} INFO - Setting next_dagrun for layers_update to None, run_after=None
[2026-04-27T07:19:18.415+0000] {processor.py:208} INFO - Processing /opt/airflow/dags/layers_update.py took 0.565 seconds
[2026-04-27T07:19:49.131+0000] {processor.py:186} INFO - Started process (PID=142) to work on /opt/airflow/dags/layers_update.py
[2026-04-27T07:19:49.133+0000] {processor.py:914} INFO - Processing file /opt/airflow/dags/layers_update.py for tasks to queue
[2026-04-27T07:19:49.138+0000] {logging_mixin.py:190} INFO - [2026-04-27T07:19:49.137+0000] {dagbag.py:588} INFO - Filling up the DagBag from /opt/airflow/dags/layers_update.py
[2026-04-27T07:19:49.165+0000] {processor.py:925} INFO - DAG(s) 'layers_update' retrieved from /opt/airflow/dags/layers_update.py
[2026-04-27T07:19:49.194+0000] {logging_mixin.py:190} INFO - [2026-04-27T07:19:49.193+0000] {dag.py:3239} INFO - Sync 1 DAGs
[2026-04-27T07:19:49.212+0000] {logging_mixin.py:190} INFO - [2026-04-27T07:19:49.212+0000] {dag.py:4180} INFO - Setting next_dagrun for layers_update to None, run_after=None
[2026-04-27T07:19:49.240+0000] {processor.py:208} INFO - Processing /opt/airflow/dags/layers_update.py took 0.118 seconds
[2026-04-27T07:20:19.805+0000] {processor.py:186} INFO - Started process (PID=145) to work on /opt/airflow/dags/layers_update.py
[2026-04-27T07:20:19.807+0000] {processor.py:914} INFO - Processing file /opt/airflow/dags/layers_update.py for tasks to queue
[2026-04-27T07:20:19.810+0000] {logging_mixin.py:190} INFO - [2026-04-27T07:20:19.810+0000] {dagbag.py:588} INFO - Filling up the DagBag from /opt/airflow/dags/layers_update.py
[2026-04-27T07:20:19.831+0000] {processor.py:925} INFO - DAG(s) 'layers_update' retrieved from /opt/airflow/dags/layers_update.py
[2026-04-27T07:20:19.867+0000] {logging_mixin.py:190} INFO - [2026-04-27T07:20:19.867+0000] {dag.py:3239} INFO - Sync 1 DAGs
[2026-04-27T07:20:19.887+0000] {logging_mixin.py:190} INFO - [2026-04-27T07:20:19.887+0000] {dag.py:4180} INFO - Setting next_dagrun for layers_update to None, run_after=None
[2026-04-27T07:20:19.914+0000] {processor.py:208} INFO - Processing /opt/airflow/dags/layers_update.py took 0.118 seconds
[2026-04-27T07:20:50.529+0000] {processor.py:186} INFO - Started process (PID=148) to work on /opt/airflow/dags/layers_update.py
[2026-04-27T07:20:50.535+0000] {processor.py:914} INFO - Processing file /opt/airflow/dags/layers_update.py for tasks to queue
[2026-04-27T07:20:50.549+0000] {logging_mixin.py:190} INFO - [2026-04-27T07:20:50.549+0000] {dagbag.py:588} INFO - Filling up the DagBag from /opt/airflow/dags/layers_update.py
[2026-04-27T07:20:50.598+0000] {processor.py:925} INFO - DAG(s) 'layers_update' retrieved from /opt/airflow/dags/layers_update.py
[2026-04-27T07:20:50.640+0000] {logging_mixin.py:190} INFO - [2026-04-27T07:20:50.640+0000] {dag.py:3239} INFO - Sync 1 DAGs
[2026-04-27T07:20:50.684+0000] {logging_mixin.py:190} INFO - [2026-04-27T07:20:50.684+0000] {dag.py:4180} INFO - Setting next_dagrun for layers_update to None, run_after=None
[2026-04-27T07:20:50.775+0000] {processor.py:208} INFO - Processing /opt/airflow/dags/layers_update.py took 0.260 seconds
[2026-04-27T07:21:20.923+0000] {processor.py:186} INFO - Started process (PID=151) to work on /opt/airflow/dags/layers_update.py
[2026-04-27T07:21:20.924+0000] {processor.py:914} INFO - Processing file /opt/airflow/dags/layers_update.py for tasks to queue
[2026-04-27T07:21:20.928+0000] {logging_mixin.py:190} INFO - [2026-04-27T07:21:20.927+0000] {dagbag.py:588} INFO - Filling up the DagBag from /opt/airflow/dags/layers_update.py
[2026-04-27T07:21:20.953+0000] {processor.py:925} INFO - DAG(s) 'layers_update' retrieved from /opt/airflow/dags/layers_update.py
[2026-04-27T07:21:20.982+0000] {logging_mixin.py:190} INFO - [2026-04-27T07:21:20.982+0000] {dag.py:3239} INFO - Sync 1 DAGs
[2026-04-27T07:21:21.001+0000] {logging_mixin.py:190} INFO - [2026-04-27T07:21:21.000+0000] {dag.py:4180} INFO - Setting next_dagrun for layers_update to None, run_after=None
[2026-04-27T07:21:21.029+0000] {processor.py:208} INFO - Processing /opt/airflow/dags/layers_update.py took 0.114 seconds
[2026-04-27T07:21:51.253+0000] {processor.py:186} INFO - Started process (PID=154) to work on /opt/airflow/dags/layers_update.py
[2026-04-27T07:21:51.255+0000] {processor.py:914} INFO - Processing file /opt/airflow/dags/layers_update.py for tasks to queue
[2026-04-27T07:21:51.260+0000] {logging_mixin.py:190} INFO - [2026-04-27T07:21:51.259+0000] {dagbag.py:588} INFO - Filling up the DagBag from /opt/airflow/dags/layers_update.py
[2026-04-27T07:21:51.287+0000] {processor.py:925} INFO - DAG(s) 'layers_update' retrieved from /opt/airflow/dags/layers_update.py
[2026-04-27T07:21:51.316+0000] {logging_mixin.py:190} INFO - [2026-04-27T07:21:51.316+0000] {dag.py:3239} INFO - Sync 1 DAGs
[2026-04-27T07:21:51.336+0000] {logging_mixin.py:190} INFO - [2026-04-27T07:21:51.336+0000] {dag.py:4180} INFO - Setting next_dagrun for layers_update to None, run_after=None
[2026-04-27T07:21:51.362+0000] {processor.py:208} INFO - Processing /opt/airflow/dags/layers_update.py took 0.125 seconds
[2026-04-27T07:22:21.445+0000] {processor.py:186} INFO - Started process (PID=157) to work on /opt/airflow/dags/layers_update.py
[2026-04-27T07:22:21.448+0000] {processor.py:914} INFO - Processing file /opt/airflow/dags/layers_update.py for tasks to queue
[2026-04-27T07:22:21.455+0000] {logging_mixin.py:190} INFO - [2026-04-27T07:22:21.454+0000] {dagbag.py:588} INFO - Filling up the DagBag from /opt/airflow/dags/layers_update.py
[2026-04-27T07:22:21.479+0000] {processor.py:925} INFO - DAG(s) 'layers_update' retrieved from /opt/airflow/dags/layers_update.py
[2026-04-27T07:22:21.509+0000] {logging_mixin.py:190} INFO - [2026-04-27T07:22:21.509+0000] {dag.py:3239} INFO - Sync 1 DAGs
[2026-04-27T07:22:21.533+0000] {logging_mixin.py:190} INFO - [2026-04-27T07:22:21.533+0000] {dag.py:4180} INFO - Setting next_dagrun for layers_update to None, run_after=None
[2026-04-27T07:22:21.565+0000] {processor.py:208} INFO - Processing /opt/airflow/dags/layers_update.py took 0.130 seconds
[2026-04-27T07:22:52.560+0000] {processor.py:186} INFO - Started process (PID=160) to work on /opt/airflow/dags/layers_update.py
[2026-04-27T07:22:52.561+0000] {processor.py:914} INFO - Processing file /opt/airflow/dags/layers_update.py for tasks to queue
[2026-04-27T07:22:52.565+0000] {logging_mixin.py:190} INFO - [2026-04-27T07:22:52.564+0000] {dagbag.py:588} INFO - Filling up the DagBag from /opt/airflow/dags/layers_update.py
[2026-04-27T07:22:52.583+0000] {processor.py:925} INFO - DAG(s) 'layers_update' retrieved from /opt/airflow/dags/layers_update.py
[2026-04-27T07:22:52.611+0000] {logging_mixin.py:190} INFO - [2026-04-27T07:22:52.611+0000] {dag.py:3239} INFO - Sync 1 DAGs
[2026-04-27T07:22:52.629+0000] {logging_mixin.py:190} INFO - [2026-04-27T07:22:52.628+0000] {dag.py:4180} INFO - Setting next_dagrun for layers_update to None, run_after=None
[2026-04-27T07:22:52.652+0000] {processor.py:208} INFO - Processing /opt/airflow/dags/layers_update.py took 0.101 seconds
[2026-04-27T07:23:23.154+0000] {processor.py:186} INFO - Started process (PID=163) to work on /opt/airflow/dags/layers_update.py
[2026-04-27T07:23:23.160+0000] {processor.py:914} INFO - Processing file /opt/airflow/dags/layers_update.py for tasks to queue
[2026-04-27T07:23:23.164+0000] {logging_mixin.py:190} INFO - [2026-04-27T07:23:23.163+0000] {dagbag.py:588} INFO - Filling up the DagBag from /opt/airflow/dags/layers_update.py
[2026-04-27T07:23:23.195+0000] {processor.py:925} INFO - DAG(s) 'layers_update' retrieved from /opt/airflow/dags/layers_update.py
[2026-04-27T07:23:23.254+0000] {logging_mixin.py:190} INFO - [2026-04-27T07:23:23.254+0000] {dag.py:3239} INFO - Sync 1 DAGs
[2026-04-27T07:23:23.274+0000] {logging_mixin.py:190} INFO - [2026-04-27T07:23:23.274+0000] {dag.py:4180} INFO - Setting next_dagrun for layers_update to None, run_after=None
[2026-04-27T07:23:23.305+0000] {processor.py:208} INFO - Processing /opt/airflow/dags/layers_update.py took 0.167 seconds
[2026-04-27T07:23:54.387+0000] {processor.py:186} INFO - Started process (PID=166) to work on /opt/airflow/dags/layers_update.py
[2026-04-27T07:23:54.388+0000] {processor.py:914} INFO - Processing file /opt/airflow/dags/layers_update.py for tasks to queue
[2026-04-27T07:23:54.391+0000] {logging_mixin.py:190} INFO - [2026-04-27T07:23:54.391+0000] {dagbag.py:588} INFO - Filling up the DagBag from /opt/airflow/dags/layers_update.py
[2026-04-27T07:23:54.413+0000] {processor.py:925} INFO - DAG(s) 'layers_update' retrieved from /opt/airflow/dags/layers_update.py
[2026-04-27T07:23:54.442+0000] {logging_mixin.py:190} INFO - [2026-04-27T07:23:54.441+0000] {dag.py:3239} INFO - Sync 1 DAGs
[2026-04-27T07:23:54.459+0000] {logging_mixin.py:190} INFO - [2026-04-27T07:23:54.459+0000] {dag.py:4180} INFO - Setting next_dagrun for layers_update to None, run_after=None
[2026-04-27T07:23:54.500+0000] {processor.py:208} INFO - Processing /opt/airflow/dags/layers_update.py took 0.124 seconds
[2026-04-27T07:24:24.977+0000] {processor.py:186} INFO - Started process (PID=169) to work on /opt/airflow/dags/layers_update.py
[2026-04-27T07:24:24.979+0000] {processor.py:914} INFO - Processing file /opt/airflow/dags/layers_update.py for tasks to queue
[2026-04-27T07:24:24.982+0000] {logging_mixin.py:190} INFO - [2026-04-27T07:24:24.981+0000] {dagbag.py:588} INFO - Filling up the DagBag from /opt/airflow/dags/layers_update.py
[2026-04-27T07:24:24.999+0000] {processor.py:925} INFO - DAG(s) 'layers_update' retrieved from /opt/airflow/dags/layers_update.py
[2026-04-27T07:24:25.026+0000] {logging_mixin.py:190} INFO - [2026-04-27T07:24:25.026+0000] {dag.py:3239} INFO - Sync 1 DAGs
[2026-04-27T07:24:25.044+0000] {logging_mixin.py:190} INFO - [2026-04-27T07:24:25.043+0000] {dag.py:4180} INFO - Setting next_dagrun for layers_update to None, run_after=None
[2026-04-27T07:24:25.068+0000] {processor.py:208} INFO - Processing /opt/airflow/dags/layers_update.py took 0.101 seconds
[2026-04-27T07:24:55.640+0000] {processor.py:186} INFO - Started process (PID=172) to work on /opt/airflow/dags/layers_update.py
[2026-04-27T07:24:55.641+0000] {processor.py:914} INFO - Processing file /opt/airflow/dags/layers_update.py for tasks to queue
[2026-04-27T07:24:55.645+0000] {logging_mixin.py:190} INFO - [2026-04-27T07:24:55.644+0000] {dagbag.py:588} INFO - Filling up the DagBag from /opt/airflow/dags/layers_update.py
[2026-04-27T07:24:55.662+0000] {processor.py:925} INFO - DAG(s) 'layers_update' retrieved from /opt/airflow/dags/layers_update.py
[2026-04-27T07:24:55.693+0000] {logging_mixin.py:190} INFO - [2026-04-27T07:24:55.693+0000] {dag.py:3239} INFO - Sync 1 DAGs
[2026-04-27T07:24:55.716+0000] {logging_mixin.py:190} INFO - [2026-04-27T07:24:55.715+0000] {dag.py:4180} INFO - Setting next_dagrun for layers_update to None, run_after=None
[2026-04-27T07:24:55.746+0000] {processor.py:208} INFO - Processing /opt/airflow/dags/layers_update.py took 0.114 seconds
[2026-04-27T07:25:26.599+0000] {processor.py:186} INFO - Started process (PID=175) to work on /opt/airflow/dags/layers_update.py
[2026-04-27T07:25:26.600+0000] {processor.py:914} INFO - Processing file /opt/airflow/dags/layers_update.py for tasks to queue
[2026-04-27T07:25:26.603+0000] {logging_mixin.py:190} INFO - [2026-04-27T07:25:26.602+0000] {dagbag.py:588} INFO - Filling up the DagBag from /opt/airflow/dags/layers_update.py
[2026-04-27T07:25:26.621+0000] {processor.py:925} INFO - DAG(s) 'layers_update' retrieved from /opt/airflow/dags/layers_update.py
[2026-04-27T07:25:26.647+0000] {logging_mixin.py:190} INFO - [2026-04-27T07:25:26.646+0000] {dag.py:3239} INFO - Sync 1 DAGs
[2026-04-27T07:25:26.666+0000] {logging_mixin.py:190} INFO - [2026-04-27T07:25:26.666+0000] {dag.py:4180} INFO - Setting next_dagrun for layers_update to None, run_after=None
[2026-04-27T07:25:26.689+0000] {processor.py:208} INFO - Processing /opt/airflow/dags/layers_update.py took 0.098 seconds
[2026-04-27T07:25:57.256+0000] {processor.py:186} INFO - Started process (PID=178) to work on /opt/airflow/dags/layers_update.py
[2026-04-27T07:25:57.258+0000] {processor.py:914} INFO - Processing file /opt/airflow/dags/layers_update.py for tasks to queue
[2026-04-27T07:25:57.261+0000] {logging_mixin.py:190} INFO - [2026-04-27T07:25:57.260+0000] {dagbag.py:588} INFO - Filling up the DagBag from /opt/airflow/dags/layers_update.py
[2026-04-27T07:25:57.280+0000] {processor.py:925} INFO - DAG(s) 'layers_update' retrieved from /opt/airflow/dags/layers_update.py
[2026-04-27T07:25:57.307+0000] {logging_mixin.py:190} INFO - [2026-04-27T07:25:57.307+0000] {dag.py:3239} INFO - Sync 1 DAGs
[2026-04-27T07:25:57.326+0000] {logging_mixin.py:190} INFO - [2026-04-27T07:25:57.326+0000] {dag.py:4180} INFO - Setting next_dagrun for layers_update to None, run_after=None
[2026-04-27T07:25:57.351+0000] {processor.py:208} INFO - Processing /opt/airflow/dags/layers_update.py took 0.103 seconds
[2026-04-27T07:26:28.058+0000] {processor.py:186} INFO - Started process (PID=181) to work on /opt/airflow/dags/layers_update.py
[2026-04-27T07:26:28.069+0000] {processor.py:914} INFO - Processing file /opt/airflow/dags/layers_update.py for tasks to queue
[2026-04-27T07:26:28.073+0000] {logging_mixin.py:190} INFO - [2026-04-27T07:26:28.072+0000] {dagbag.py:588} INFO - Filling up the DagBag from /opt/airflow/dags/layers_update.py
[2026-04-27T07:26:28.107+0000] {processor.py:925} INFO - DAG(s) 'layers_update' retrieved from /opt/airflow/dags/layers_update.py
[2026-04-27T07:26:28.142+0000] {logging_mixin.py:190} INFO - [2026-04-27T07:26:28.142+0000] {dag.py:3239} INFO - Sync 1 DAGs
[2026-04-27T07:26:28.164+0000] {logging_mixin.py:190} INFO - [2026-04-27T07:26:28.164+0000] {dag.py:4180} INFO - Setting next_dagrun for layers_update to None, run_after=None
[2026-04-27T07:26:28.202+0000] {processor.py:208} INFO - Processing /opt/airflow/dags/layers_update.py took 0.161 seconds
[2026-04-27T07:26:59.125+0000] {processor.py:186} INFO - Started process (PID=184) to work on /opt/airflow/dags/layers_update.py
[2026-04-27T07:26:59.127+0000] {processor.py:914} INFO - Processing file /opt/airflow/dags/layers_update.py for tasks to queue
[2026-04-27T07:26:59.132+0000] {logging_mixin.py:190} INFO - [2026-04-27T07:26:59.131+0000] {dagbag.py:588} INFO - Filling up the DagBag from /opt/airflow/dags/layers_update.py
[2026-04-27T07:26:59.242+0000] {processor.py:925} INFO - DAG(s) 'layers_update' retrieved from /opt/airflow/dags/layers_update.py
[2026-04-27T07:26:59.287+0000] {logging_mixin.py:190} INFO - [2026-04-27T07:26:59.287+0000] {dag.py:3239} INFO - Sync 1 DAGs
[2026-04-27T07:26:59.316+0000] {logging_mixin.py:190} INFO - [2026-04-27T07:26:59.315+0000] {dag.py:4180} INFO - Setting next_dagrun for layers_update to None, run_after=None
[2026-04-27T07:26:59.351+0000] {processor.py:208} INFO - Processing /opt/airflow/dags/layers_update.py took 0.248 seconds
[2026-04-27T07:27:30.101+0000] {processor.py:186} INFO - Started process (PID=187) to work on /opt/airflow/dags/layers_update.py
[2026-04-27T07:27:30.112+0000] {processor.py:914} INFO - Processing file /opt/airflow/dags/layers_update.py for tasks to queue
[2026-04-27T07:27:30.117+0000] {logging_mixin.py:190} INFO - [2026-04-27T07:27:30.116+0000] {dagbag.py:588} INFO - Filling up the DagBag from /opt/airflow/dags/layers_update.py
[2026-04-27T07:27:30.155+0000] {processor.py:925} INFO - DAG(s) 'layers_update' retrieved from /opt/airflow/dags/layers_update.py
[2026-04-27T07:27:30.227+0000] {logging_mixin.py:190} INFO - [2026-04-27T07:27:30.227+0000] {dag.py:3239} INFO - Sync 1 DAGs
[2026-04-27T07:27:30.258+0000] {logging_mixin.py:190} INFO - [2026-04-27T07:27:30.258+0000] {dag.py:4180} INFO - Setting next_dagrun for layers_update to None, run_after=None
[2026-04-27T07:27:30.342+0000] {processor.py:208} INFO - Processing /opt/airflow/dags/layers_update.py took 0.250 seconds
[2026-04-27T07:28:00.632+0000] {processor.py:186} INFO - Started process (PID=190) to work on /opt/airflow/dags/layers_update.py
[2026-04-27T07:28:00.633+0000] {processor.py:914} INFO - Processing file /opt/airflow/dags/layers_update.py for tasks to queue
[2026-04-27T07:28:00.636+0000] {logging_mixin.py:190} INFO - [2026-04-27T07:28:00.636+0000] {dagbag.py:588} INFO - Filling up the DagBag from /opt/airflow/dags/layers_update.py
[2026-04-27T07:28:00.654+0000] {processor.py:925} INFO - DAG(s) 'layers_update' retrieved from /opt/airflow/dags/layers_update.py
[2026-04-27T07:28:00.684+0000] {logging_mixin.py:190} INFO - [2026-04-27T07:28:00.684+0000] {dag.py:3239} INFO - Sync 1 DAGs
[2026-04-27T07:28:00.704+0000] {logging_mixin.py:190} INFO - [2026-04-27T07:28:00.704+0000] {dag.py:4180} INFO - Setting next_dagrun for layers_update to None, run_after=None
[2026-04-27T07:28:00.729+0000] {processor.py:208} INFO - Processing /opt/airflow/dags/layers_update.py took 0.107 seconds
[2026-04-27T07:28:31.908+0000] {processor.py:186} INFO - Started process (PID=193) to work on /opt/airflow/dags/layers_update.py
[2026-04-27T07:28:31.909+0000] {processor.py:914} INFO - Processing file /opt/airflow/dags/layers_update.py for tasks to queue
[2026-04-27T07:28:31.915+0000] {logging_mixin.py:190} INFO - [2026-04-27T07:28:31.915+0000] {dagbag.py:588} INFO - Filling up the DagBag from /opt/airflow/dags/layers_update.py
[2026-04-27T07:28:31.938+0000] {processor.py:925} INFO - DAG(s) 'layers_update' retrieved from /opt/airflow/dags/layers_update.py
[2026-04-27T07:28:31.969+0000] {logging_mixin.py:190} INFO - [2026-04-27T07:28:31.968+0000] {dag.py:3239} INFO - Sync 1 DAGs
[2026-04-27T07:28:31.988+0000] {logging_mixin.py:190} INFO - [2026-04-27T07:28:31.987+0000] {dag.py:4180} INFO - Setting next_dagrun for layers_update to None, run_after=None
[2026-04-27T07:28:34.625+0000] {processor.py:208} INFO - Processing /opt/airflow/dags/layers_update.py took 2.726 seconds
[2026-04-27T07:29:05.201+0000] {processor.py:186} INFO - Started process (PID=196) to work on /opt/airflow/dags/layers_update.py
[2026-04-27T07:29:05.203+0000] {processor.py:914} INFO - Processing file /opt/airflow/dags/layers_update.py for tasks to queue
[2026-04-27T07:29:05.207+0000] {logging_mixin.py:190} INFO - [2026-04-27T07:29:05.206+0000] {dagbag.py:588} INFO - Filling up the DagBag from /opt/airflow/dags/layers_update.py
[2026-04-27T07:29:05.235+0000] {processor.py:925} INFO - DAG(s) 'layers_update' retrieved from /opt/airflow/dags/layers_update.py
[2026-04-27T07:29:05.265+0000] {logging_mixin.py:190} INFO - [2026-04-27T07:29:05.265+0000] {dag.py:3239} INFO - Sync 1 DAGs
[2026-04-27T07:29:05.286+0000] {logging_mixin.py:190} INFO - [2026-04-27T07:29:05.285+0000] {dag.py:4180} INFO - Setting next_dagrun for layers_update to None, run_after=None
[2026-04-27T07:29:05.316+0000] {processor.py:208} INFO - Processing /opt/airflow/dags/layers_update.py took 0.123 seconds
[2026-04-27T07:29:35.669+0000] {processor.py:186} INFO - Started process (PID=199) to work on /opt/airflow/dags/layers_update.py
[2026-04-27T07:29:35.671+0000] {processor.py:914} INFO - Processing file /opt/airflow/dags/layers_update.py for tasks to queue
[2026-04-27T07:29:35.674+0000] {logging_mixin.py:190} INFO - [2026-04-27T07:29:35.674+0000] {dagbag.py:588} INFO - Filling up the DagBag from /opt/airflow/dags/layers_update.py
[2026-04-27T07:29:35.706+0000] {processor.py:925} INFO - DAG(s) 'layers_update' retrieved from /opt/airflow/dags/layers_update.py
[2026-04-27T07:29:35.748+0000] {logging_mixin.py:190} INFO - [2026-04-27T07:29:35.748+0000] {dag.py:3239} INFO - Sync 1 DAGs
[2026-04-27T07:29:35.769+0000] {logging_mixin.py:190} INFO - [2026-04-27T07:29:35.769+0000] {dag.py:4180} INFO - Setting next_dagrun for layers_update to None, run_after=None
[2026-04-27T07:29:35.802+0000] {processor.py:208} INFO - Processing /opt/airflow/dags/layers_update.py took 0.142 seconds
[2026-04-27T07:30:06.291+0000] {processor.py:186} INFO - Started process (PID=202) to work on /opt/airflow/dags/layers_update.py
[2026-04-27T07:30:06.292+0000] {processor.py:914} INFO - Processing file /opt/airflow/dags/layers_update.py for tasks to queue
[2026-04-27T07:30:06.297+0000] {logging_mixin.py:190} INFO - [2026-04-27T07:30:06.296+0000] {dagbag.py:588} INFO - Filling up the DagBag from /opt/airflow/dags/layers_update.py
[2026-04-27T07:30:06.324+0000] {processor.py:925} INFO - DAG(s) 'layers_update' retrieved from /opt/airflow/dags/layers_update.py
[2026-04-27T07:30:06.356+0000] {logging_mixin.py:190} INFO - [2026-04-27T07:30:06.356+0000] {dag.py:3239} INFO - Sync 1 DAGs
[2026-04-27T07:30:06.376+0000] {logging_mixin.py:190} INFO - [2026-04-27T07:30:06.376+0000] {dag.py:4180} INFO - Setting next_dagrun for layers_update to None, run_after=None
[2026-04-27T07:30:06.405+0000] {processor.py:208} INFO - Processing /opt/airflow/dags/layers_update.py took 0.123 seconds
[2026-04-27T07:30:36.833+0000] {processor.py:186} INFO - Started process (PID=205) to work on /opt/airflow/dags/layers_update.py
[2026-04-27T07:30:36.835+0000] {processor.py:914} INFO - Processing file /opt/airflow/dags/layers_update.py for tasks to queue
[2026-04-27T07:30:36.838+0000] {logging_mixin.py:190} INFO - [2026-04-27T07:30:36.838+0000] {dagbag.py:588} INFO - Filling up the DagBag from /opt/airflow/dags/layers_update.py
[2026-04-27T07:30:36.868+0000] {processor.py:925} INFO - DAG(s) 'layers_update' retrieved from /opt/airflow/dags/layers_update.py
[2026-04-27T07:30:36.899+0000] {logging_mixin.py:190} INFO - [2026-04-27T07:30:36.899+0000] {dag.py:3239} INFO - Sync 1 DAGs
[2026-04-27T07:30:36.917+0000] {logging_mixin.py:190} INFO - [2026-04-27T07:30:36.917+0000] {dag.py:4180} INFO - Setting next_dagrun for layers_update to None, run_after=None
[2026-04-27T07:30:36.942+0000] {processor.py:208} INFO - Processing /opt/airflow/dags/layers_update.py took 0.118 seconds
[2026-04-27T07:31:07.468+0000] {processor.py:186} INFO - Started process (PID=208) to work on /opt/airflow/dags/layers_update.py
[2026-04-27T07:31:07.469+0000] {processor.py:914} INFO - Processing file /opt/airflow/dags/layers_update.py for tasks to queue
[2026-04-27T07:31:07.473+0000] {logging_mixin.py:190} INFO - [2026-04-27T07:31:07.472+0000] {dagbag.py:588} INFO - Filling up the DagBag from /opt/airflow/dags/layers_update.py
[2026-04-27T07:31:07.502+0000] {processor.py:925} INFO - DAG(s) 'layers_update' retrieved from /opt/airflow/dags/layers_update.py
[2026-04-27T07:31:07.532+0000] {logging_mixin.py:190} INFO - [2026-04-27T07:31:07.532+0000] {dag.py:3239} INFO - Sync 1 DAGs
[2026-04-27T07:31:07.551+0000] {logging_mixin.py:190} INFO - [2026-04-27T07:31:07.551+0000] {dag.py:4180} INFO - Setting next_dagrun for layers_update to None, run_after=None
[2026-04-27T07:31:07.580+0000] {processor.py:208} INFO - Processing /opt/airflow/dags/layers_update.py took 0.122 seconds
[2026-04-27T07:31:38.112+0000] {processor.py:186} INFO - Started process (PID=211) to work on /opt/airflow/dags/layers_update.py
[2026-04-27T07:31:38.122+0000] {processor.py:914} INFO - Processing file /opt/airflow/dags/layers_update.py for tasks to queue
[2026-04-27T07:31:38.126+0000] {logging_mixin.py:190} INFO - [2026-04-27T07:31:38.126+0000] {dagbag.py:588} INFO - Filling up the DagBag from /opt/airflow/dags/layers_update.py
[2026-04-27T07:31:38.158+0000] {processor.py:925} INFO - DAG(s) 'layers_update' retrieved from /opt/airflow/dags/layers_update.py
[2026-04-27T07:31:38.189+0000] {logging_mixin.py:190} INFO - [2026-04-27T07:31:38.189+0000] {dag.py:3239} INFO - Sync 1 DAGs
[2026-04-27T07:31:38.212+0000] {logging_mixin.py:190} INFO - [2026-04-27T07:31:38.212+0000] {dag.py:4180} INFO - Setting next_dagrun for layers_update to None, run_after=None
[2026-04-27T07:31:38.239+0000] {processor.py:208} INFO - Processing /opt/airflow/dags/layers_update.py took 0.139 seconds
[2026-04-27T07:32:08.663+0000] {processor.py:186} INFO - Started process (PID=214) to work on /opt/airflow/dags/layers_update.py
[2026-04-27T07:32:08.665+0000] {processor.py:914} INFO - Processing file /opt/airflow/dags/layers_update.py for tasks to queue
[2026-04-27T07:32:08.669+0000] {logging_mixin.py:190} INFO - [2026-04-27T07:32:08.669+0000] {dagbag.py:588} INFO - Filling up the DagBag from /opt/airflow/dags/layers_update.py
[2026-04-27T07:32:08.698+0000] {processor.py:925} INFO - DAG(s) 'layers_update' retrieved from /opt/airflow/dags/layers_update.py
[2026-04-27T07:32:08.733+0000] {logging_mixin.py:190} INFO - [2026-04-27T07:32:08.733+0000] {dag.py:3239} INFO - Sync 1 DAGs
[2026-04-27T07:32:08.756+0000] {logging_mixin.py:190} INFO - [2026-04-27T07:32:08.756+0000] {dag.py:4180} INFO - Setting next_dagrun for layers_update to None, run_after=None
[2026-04-27T07:32:08.786+0000] {processor.py:208} INFO - Processing /opt/airflow/dags/layers_update.py took 0.132 seconds
[2026-04-27T07:32:39.215+0000] {processor.py:186} INFO - Started process (PID=217) to work on /opt/airflow/dags/layers_update.py
[2026-04-27T07:32:39.218+0000] {processor.py:914} INFO - Processing file /opt/airflow/dags/layers_update.py for tasks to queue
[2026-04-27T07:32:39.224+0000] {logging_mixin.py:190} INFO - [2026-04-27T07:32:39.223+0000] {dagbag.py:588} INFO - Filling up the DagBag from /opt/airflow/dags/layers_update.py
[2026-04-27T07:32:39.253+0000] {processor.py:925} INFO - DAG(s) 'layers_update' retrieved from /opt/airflow/dags/layers_update.py
[2026-04-27T07:32:39.287+0000] {logging_mixin.py:190} INFO - [2026-04-27T07:32:39.287+0000] {dag.py:3239} INFO - Sync 1 DAGs
[2026-04-27T07:32:39.315+0000] {logging_mixin.py:190} INFO - [2026-04-27T07:32:39.314+0000] {dag.py:4180} INFO - Setting next_dagrun for layers_update to None, run_after=None
[2026-04-27T07:32:39.355+0000] {processor.py:208} INFO - Processing /opt/airflow/dags/layers_update.py took 0.149 seconds
[2026-04-27T07:33:09.763+0000] {processor.py:186} INFO - Started process (PID=220) to work on /opt/airflow/dags/layers_update.py
[2026-04-27T07:33:09.764+0000] {processor.py:914} INFO - Processing file /opt/airflow/dags/layers_update.py for tasks to queue
[2026-04-27T07:33:09.768+0000] {logging_mixin.py:190} INFO - [2026-04-27T07:33:09.768+0000] {dagbag.py:588} INFO - Filling up the DagBag from /opt/airflow/dags/layers_update.py
[2026-04-27T07:33:09.794+0000] {processor.py:925} INFO - DAG(s) 'layers_update' retrieved from /opt/airflow/dags/layers_update.py
[2026-04-27T07:33:09.824+0000] {logging_mixin.py:190} INFO - [2026-04-27T07:33:09.823+0000] {dag.py:3239} INFO - Sync 1 DAGs
[2026-04-27T07:33:09.845+0000] {logging_mixin.py:190} INFO - [2026-04-27T07:33:09.845+0000] {dag.py:4180} INFO - Setting next_dagrun for layers_update to None, run_after=None
[2026-04-27T07:33:09.874+0000] {processor.py:208} INFO - Processing /opt/airflow/dags/layers_update.py took 0.121 seconds
[2026-04-27T07:33:40.267+0000] {processor.py:186} INFO - Started process (PID=223) to work on /opt/airflow/dags/layers_update.py
[2026-04-27T07:33:40.268+0000] {processor.py:914} INFO - Processing file /opt/airflow/dags/layers_update.py for tasks to queue
[2026-04-27T07:33:40.272+0000] {logging_mixin.py:190} INFO - [2026-04-27T07:33:40.271+0000] {dagbag.py:588} INFO - Filling up the DagBag from /opt/airflow/dags/layers_update.py
[2026-04-27T07:33:40.293+0000] {processor.py:925} INFO - DAG(s) 'layers_update' retrieved from /opt/airflow/dags/layers_update.py
[2026-04-27T07:33:40.326+0000] {logging_mixin.py:190} INFO - [2026-04-27T07:33:40.326+0000] {dag.py:3239} INFO - Sync 1 DAGs
[2026-04-27T07:33:40.348+0000] {logging_mixin.py:190} INFO - [2026-04-27T07:33:40.348+0000] {dag.py:4180} INFO - Setting next_dagrun for layers_update to None, run_after=None
[2026-04-27T07:33:40.379+0000] {processor.py:208} INFO - Processing /opt/airflow/dags/layers_update.py took 0.121 seconds
[2026-04-27T07:34:10.812+0000] {processor.py:186} INFO - Started process (PID=226) to work on /opt/airflow/dags/layers_update.py
[2026-04-27T07:34:10.813+0000] {processor.py:914} INFO - Processing file /opt/airflow/dags/layers_update.py for tasks to queue
[2026-04-27T07:34:10.818+0000] {logging_mixin.py:190} INFO - [2026-04-27T07:34:10.817+0000] {dagbag.py:588} INFO - Filling up the DagBag from /opt/airflow/dags/layers_update.py
[2026-04-27T07:34:10.844+0000] {processor.py:925} INFO - DAG(s) 'layers_update' retrieved from /opt/airflow/dags/layers_update.py
[2026-04-27T07:34:10.874+0000] {logging_mixin.py:190} INFO - [2026-04-27T07:34:10.874+0000] {dag.py:3239} INFO - Sync 1 DAGs
[2026-04-27T07:34:10.893+0000] {logging_mixin.py:190} INFO - [2026-04-27T07:34:10.892+0000] {dag.py:4180} INFO - Setting next_dagrun for layers_update to None, run_after=None
[2026-04-27T07:34:12.158+0000] {processor.py:208} INFO - Processing /opt/airflow/dags/layers_update.py took 1.354 seconds
[2026-04-27T07:34:42.220+0000] {processor.py:186} INFO - Started process (PID=229) to work on /opt/airflow/dags/layers_update.py
[2026-04-27T07:34:42.221+0000] {processor.py:914} INFO - Processing file /opt/airflow/dags/layers_update.py for tasks to queue
[2026-04-27T07:34:42.225+0000] {logging_mixin.py:190} INFO - [2026-04-27T07:34:42.225+0000] {dagbag.py:588} INFO - Filling up the DagBag from /opt/airflow/dags/layers_update.py
[2026-04-27T07:34:42.247+0000] {processor.py:925} INFO - DAG(s) 'layers_update' retrieved from /opt/airflow/dags/layers_update.py
[2026-04-27T07:34:42.280+0000] {logging_mixin.py:190} INFO - [2026-04-27T07:34:42.280+0000] {dag.py:3239} INFO - Sync 1 DAGs
[2026-04-27T07:34:42.301+0000] {logging_mixin.py:190} INFO - [2026-04-27T07:34:42.300+0000] {dag.py:4180} INFO - Setting next_dagrun for layers_update to None, run_after=None
[2026-04-27T07:34:42.364+0000] {processor.py:208} INFO - Processing /opt/airflow/dags/layers_update.py took 0.154 seconds
[2026-04-27T07:35:12.713+0000] {processor.py:186} INFO - Started process (PID=232) to work on /opt/airflow/dags/layers_update.py
[2026-04-27T07:35:12.715+0000] {processor.py:914} INFO - Processing file /opt/airflow/dags/layers_update.py for tasks to queue
[2026-04-27T07:35:12.720+0000] {logging_mixin.py:190} INFO - [2026-04-27T07:35:12.720+0000] {dagbag.py:588} INFO - Filling up the DagBag from /opt/airflow/dags/layers_update.py
[2026-04-27T07:35:12.750+0000] {processor.py:925} INFO - DAG(s) 'layers_update' retrieved from /opt/airflow/dags/layers_update.py
[2026-04-27T07:35:12.782+0000] {logging_mixin.py:190} INFO - [2026-04-27T07:35:12.781+0000] {dag.py:3239} INFO - Sync 1 DAGs
[2026-04-27T07:35:12.804+0000] {logging_mixin.py:190} INFO - [2026-04-27T07:35:12.803+0000] {dag.py:4180} INFO - Setting next_dagrun for layers_update to None, run_after=None
[2026-04-27T07:35:12.838+0000] {processor.py:208} INFO - Processing /opt/airflow/dags/layers_update.py took 0.132 seconds
[2026-04-27T07:35:43.232+0000] {processor.py:186} INFO - Started process (PID=235) to work on /opt/airflow/dags/layers_update.py
[2026-04-27T07:35:43.234+0000] {processor.py:914} INFO - Processing file /opt/airflow/dags/layers_update.py for tasks to queue
[2026-04-27T07:35:43.239+0000] {logging_mixin.py:190} INFO - [2026-04-27T07:35:43.238+0000] {dagbag.py:588} INFO - Filling up the DagBag from /opt/airflow/dags/layers_update.py
[2026-04-27T07:35:43.270+0000] {processor.py:925} INFO - DAG(s) 'layers_update' retrieved from /opt/airflow/dags/layers_update.py
[2026-04-27T07:35:43.304+0000] {logging_mixin.py:190} INFO - [2026-04-27T07:35:43.304+0000] {dag.py:3239} INFO - Sync 1 DAGs
[2026-04-27T07:35:43.322+0000] {logging_mixin.py:190} INFO - [2026-04-27T07:35:43.322+0000] {dag.py:4180} INFO - Setting next_dagrun for layers_update to None, run_after=None
[2026-04-27T07:35:43.352+0000] {processor.py:208} INFO - Processing /opt/airflow/dags/layers_update.py took 0.131 seconds
[2026-04-27T07:36:13.733+0000] {processor.py:186} INFO - Started process (PID=238) to work on /opt/airflow/dags/layers_update.py
[2026-04-27T07:36:13.735+0000] {processor.py:914} INFO - Processing file /opt/airflow/dags/layers_update.py for tasks to queue
[2026-04-27T07:36:13.738+0000] {logging_mixin.py:190} INFO - [2026-04-27T07:36:13.738+0000] {dagbag.py:588} INFO - Filling up the DagBag from /opt/airflow/dags/layers_update.py
[2026-04-27T07:36:13.768+0000] {processor.py:925} INFO - DAG(s) 'layers_update' retrieved from /opt/airflow/dags/layers_update.py
[2026-04-27T07:36:13.803+0000] {logging_mixin.py:190} INFO - [2026-04-27T07:36:13.802+0000] {dag.py:3239} INFO - Sync 1 DAGs
[2026-04-27T07:36:13.826+0000] {logging_mixin.py:190} INFO - [2026-04-27T07:36:13.825+0000] {dag.py:4180} INFO - Setting next_dagrun for layers_update to None, run_after=None
[2026-04-27T07:36:13.855+0000] {processor.py:208} INFO - Processing /opt/airflow/dags/layers_update.py took 0.132 seconds
[2026-04-27T07:36:44.861+0000] {processor.py:186} INFO - Started process (PID=241) to work on /opt/airflow/dags/layers_update.py
[2026-04-27T07:36:44.863+0000] {processor.py:914} INFO - Processing file /opt/airflow/dags/layers_update.py for tasks to queue
[2026-04-27T07:36:44.867+0000] {logging_mixin.py:190} INFO - [2026-04-27T07:36:44.867+0000] {dagbag.py:588} INFO - Filling up the DagBag from /opt/airflow/dags/layers_update.py
[2026-04-27T07:36:44.891+0000] {processor.py:925} INFO - DAG(s) 'layers_update' retrieved from /opt/airflow/dags/layers_update.py
[2026-04-27T07:36:44.919+0000] {logging_mixin.py:190} INFO - [2026-04-27T07:36:44.919+0000] {dag.py:3239} INFO - Sync 1 DAGs
[2026-04-27T07:36:44.938+0000] {logging_mixin.py:190} INFO - [2026-04-27T07:36:44.938+0000] {dag.py:4180} INFO - Setting next_dagrun for layers_update to None, run_after=None
[2026-04-27T07:36:45.005+0000] {processor.py:208} INFO - Processing /opt/airflow/dags/layers_update.py took 0.153 seconds
[2026-04-27T07:37:15.436+0000] {processor.py:186} INFO - Started process (PID=244) to work on /opt/airflow/dags/layers_update.py
[2026-04-27T07:37:15.438+0000] {processor.py:914} INFO - Processing file /opt/airflow/dags/layers_update.py for tasks to queue
[2026-04-27T07:37:15.442+0000] {logging_mixin.py:190} INFO - [2026-04-27T07:37:15.442+0000] {dagbag.py:588} INFO - Filling up the DagBag from /opt/airflow/dags/layers_update.py
[2026-04-27T07:37:15.470+0000] {processor.py:925} INFO - DAG(s) 'layers_update' retrieved from /opt/airflow/dags/layers_update.py
[2026-04-27T07:37:15.500+0000] {logging_mixin.py:190} INFO - [2026-04-27T07:37:15.499+0000] {dag.py:3239} INFO - Sync 1 DAGs
[2026-04-27T07:37:15.519+0000] {logging_mixin.py:190} INFO - [2026-04-27T07:37:15.518+0000] {dag.py:4180} INFO - Setting next_dagrun for layers_update to None, run_after=None
[2026-04-27T07:37:15.550+0000] {processor.py:208} INFO - Processing /opt/airflow/dags/layers_update.py took 0.122 seconds
[2026-04-27T07:37:45.982+0000] {processor.py:186} INFO - Started process (PID=247) to work on /opt/airflow/dags/layers_update.py
[2026-04-27T07:37:45.983+0000] {processor.py:914} INFO - Processing file /opt/airflow/dags/layers_update.py for tasks to queue
[2026-04-27T07:37:45.987+0000] {logging_mixin.py:190} INFO - [2026-04-27T07:37:45.986+0000] {dagbag.py:588} INFO - Filling up the DagBag from /opt/airflow/dags/layers_update.py
[2026-04-27T07:37:46.013+0000] {processor.py:925} INFO - DAG(s) 'layers_update' retrieved from /opt/airflow/dags/layers_update.py
[2026-04-27T07:37:46.047+0000] {logging_mixin.py:190} INFO - [2026-04-27T07:37:46.046+0000] {dag.py:3239} INFO - Sync 1 DAGs
[2026-04-27T07:37:46.068+0000] {logging_mixin.py:190} INFO - [2026-04-27T07:37:46.068+0000] {dag.py:4180} INFO - Setting next_dagrun for layers_update to None, run_after=None
[2026-04-27T07:37:46.093+0000] {processor.py:208} INFO - Processing /opt/airflow/dags/layers_update.py took 0.121 seconds
[2026-04-27T07:38:16.555+0000] {processor.py:186} INFO - Started process (PID=250) to work on /opt/airflow/dags/layers_update.py
[2026-04-27T07:38:16.557+0000] {processor.py:914} INFO - Processing file /opt/airflow/dags/layers_update.py for tasks to queue
[2026-04-27T07:38:16.562+0000] {logging_mixin.py:190} INFO - [2026-04-27T07:38:16.561+0000] {dagbag.py:588} INFO - Filling up the DagBag from /opt/airflow/dags/layers_update.py
[2026-04-27T07:38:16.582+0000] {processor.py:925} INFO - DAG(s) 'layers_update' retrieved from /opt/airflow/dags/layers_update.py
[2026-04-27T07:38:16.613+0000] {logging_mixin.py:190} INFO - [2026-04-27T07:38:16.613+0000] {dag.py:3239} INFO - Sync 1 DAGs
[2026-04-27T07:38:16.632+0000] {logging_mixin.py:190} INFO - [2026-04-27T07:38:16.631+0000] {dag.py:4180} INFO - Setting next_dagrun for layers_update to None, run_after=None
[2026-04-27T07:38:16.658+0000] {processor.py:208} INFO - Processing /opt/airflow/dags/layers_update.py took 0.114 seconds
[2026-04-27T07:38:46.843+0000] {processor.py:186} INFO - Started process (PID=253) to work on /opt/airflow/dags/layers_update.py
[2026-04-27T07:38:46.844+0000] {processor.py:914} INFO - Processing file /opt/airflow/dags/layers_update.py for tasks to queue
[2026-04-27T07:38:46.849+0000] {logging_mixin.py:190} INFO - [2026-04-27T07:38:46.848+0000] {dagbag.py:588} INFO - Filling up the DagBag from /opt/airflow/dags/layers_update.py
[2026-04-27T07:38:46.876+0000] {processor.py:925} INFO - DAG(s) 'layers_update' retrieved from /opt/airflow/dags/layers_update.py
[2026-04-27T07:38:46.909+0000] {logging_mixin.py:190} INFO - [2026-04-27T07:38:46.908+0000] {dag.py:3239} INFO - Sync 1 DAGs
[2026-04-27T07:38:46.929+0000] {logging_mixin.py:190} INFO - [2026-04-27T07:38:46.928+0000] {dag.py:4180} INFO - Setting next_dagrun for layers_update to None, run_after=None
[2026-04-27T07:38:51.198+0000] {processor.py:208} INFO - Processing /opt/airflow/dags/layers_update.py took 4.367 seconds
[2026-04-27T07:39:21.605+0000] {processor.py:186} INFO - Started process (PID=256) to work on /opt/airflow/dags/layers_update.py
[2026-04-27T07:39:21.609+0000] {processor.py:914} INFO - Processing file /opt/airflow/dags/layers_update.py for tasks to queue
[2026-04-27T07:39:21.614+0000] {logging_mixin.py:190} INFO - [2026-04-27T07:39:21.613+0000] {dagbag.py:588} INFO - Filling up the DagBag from /opt/airflow/dags/layers_update.py
[2026-04-27T07:39:21.635+0000] {processor.py:925} INFO - DAG(s) 'layers_update' retrieved from /opt/airflow/dags/layers_update.py
[2026-04-27T07:39:21.701+0000] {logging_mixin.py:190} INFO - [2026-04-27T07:39:21.700+0000] {dag.py:3239} INFO - Sync 1 DAGs
[2026-04-27T07:39:21.731+0000] {logging_mixin.py:190} INFO - [2026-04-27T07:39:21.731+0000] {dag.py:4180} INFO - Setting next_dagrun for layers_update to None, run_after=None
[2026-04-27T07:39:21.769+0000] {processor.py:208} INFO - Processing /opt/airflow/dags/layers_update.py took 0.176 seconds
[2026-04-27T07:39:52.300+0000] {processor.py:186} INFO - Started process (PID=259) to work on /opt/airflow/dags/layers_update.py
[2026-04-27T07:39:52.302+0000] {processor.py:914} INFO - Processing file /opt/airflow/dags/layers_update.py for tasks to queue
[2026-04-27T07:39:52.308+0000] {logging_mixin.py:190} INFO - [2026-04-27T07:39:52.307+0000] {dagbag.py:588} INFO - Filling up the DagBag from /opt/airflow/dags/layers_update.py
[2026-04-27T07:39:52.327+0000] {processor.py:925} INFO - DAG(s) 'layers_update' retrieved from /opt/airflow/dags/layers_update.py
[2026-04-27T07:39:52.367+0000] {logging_mixin.py:190} INFO - [2026-04-27T07:39:52.367+0000] {dag.py:3239} INFO - Sync 1 DAGs
[2026-04-27T07:39:52.390+0000] {logging_mixin.py:190} INFO - [2026-04-27T07:39:52.390+0000] {dag.py:4180} INFO - Setting next_dagrun for layers_update to None, run_after=None
[2026-04-27T07:39:52.440+0000] {processor.py:208} INFO - Processing /opt/airflow/dags/layers_update.py took 0.151 seconds
[2026-04-27T07:40:23.048+0000] {processor.py:186} INFO - Started process (PID=262) to work on /opt/airflow/dags/layers_update.py
[2026-04-27T07:40:23.049+0000] {processor.py:914} INFO - Processing file /opt/airflow/dags/layers_update.py for tasks to queue
[2026-04-27T07:40:23.055+0000] {logging_mixin.py:190} INFO - [2026-04-27T07:40:23.054+0000] {dagbag.py:588} INFO - Filling up the DagBag from /opt/airflow/dags/layers_update.py
[2026-04-27T07:40:23.078+0000] {processor.py:925} INFO - DAG(s) 'layers_update' retrieved from /opt/airflow/dags/layers_update.py
[2026-04-27T07:40:23.112+0000] {logging_mixin.py:190} INFO - [2026-04-27T07:40:23.112+0000] {dag.py:3239} INFO - Sync 1 DAGs
[2026-04-27T07:40:23.134+0000] {logging_mixin.py:190} INFO - [2026-04-27T07:40:23.133+0000] {dag.py:4180} INFO - Setting next_dagrun for layers_update to None, run_after=None
[2026-04-27T07:40:23.161+0000] {processor.py:208} INFO - Processing /opt/airflow/dags/layers_update.py took 0.126 seconds
[2026-04-27T07:40:53.844+0000] {processor.py:186} INFO - Started process (PID=265) to work on /opt/airflow/dags/layers_update.py
[2026-04-27T07:40:53.846+0000] {processor.py:914} INFO - Processing file /opt/airflow/dags/layers_update.py for tasks to queue
[2026-04-27T07:40:53.849+0000] {logging_mixin.py:190} INFO - [2026-04-27T07:40:53.848+0000] {dagbag.py:588} INFO - Filling up the DagBag from /opt/airflow/dags/layers_update.py
[2026-04-27T07:40:53.867+0000] {processor.py:925} INFO - DAG(s) 'layers_update' retrieved from /opt/airflow/dags/layers_update.py
[2026-04-27T07:40:53.897+0000] {logging_mixin.py:190} INFO - [2026-04-27T07:40:53.896+0000] {dag.py:3239} INFO - Sync 1 DAGs
[2026-04-27T07:40:53.920+0000] {logging_mixin.py:190} INFO - [2026-04-27T07:40:53.920+0000] {dag.py:4180} INFO - Setting next_dagrun for layers_update to None, run_after=None
[2026-04-27T07:40:53.979+0000] {processor.py:208} INFO - Processing /opt/airflow/dags/layers_update.py took 0.145 seconds
[2026-04-27T07:41:24.580+0000] {processor.py:186} INFO - Started process (PID=268) to work on /opt/airflow/dags/layers_update.py
[2026-04-27T07:41:24.582+0000] {processor.py:914} INFO - Processing file /opt/airflow/dags/layers_update.py for tasks to queue
[2026-04-27T07:41:24.586+0000] {logging_mixin.py:190} INFO - [2026-04-27T07:41:24.586+0000] {dagbag.py:588} INFO - Filling up the DagBag from /opt/airflow/dags/layers_update.py
[2026-04-27T07:41:24.613+0000] {processor.py:925} INFO - DAG(s) 'layers_update' retrieved from /opt/airflow/dags/layers_update.py
[2026-04-27T07:41:24.641+0000] {logging_mixin.py:190} INFO - [2026-04-27T07:41:24.641+0000] {dag.py:3239} INFO - Sync 1 DAGs
[2026-04-27T07:41:24.661+0000] {logging_mixin.py:190} INFO - [2026-04-27T07:41:24.661+0000] {dag.py:4180} INFO - Setting next_dagrun for layers_update to None, run_after=None
[2026-04-27T07:41:24.693+0000] {processor.py:208} INFO - Processing /opt/airflow/dags/layers_update.py took 0.124 seconds
[2026-04-27T07:41:54.763+0000] {processor.py:186} INFO - Started process (PID=271) to work on /opt/airflow/dags/layers_update.py
[2026-04-27T07:41:54.766+0000] {processor.py:914} INFO - Processing file /opt/airflow/dags/layers_update.py for tasks to queue
[2026-04-27T07:41:54.770+0000] {logging_mixin.py:190} INFO - [2026-04-27T07:41:54.770+0000] {dagbag.py:588} INFO - Filling up the DagBag from /opt/airflow/dags/layers_update.py
[2026-04-27T07:41:54.798+0000] {processor.py:925} INFO - DAG(s) 'layers_update' retrieved from /opt/airflow/dags/layers_update.py
[2026-04-27T07:41:54.835+0000] {logging_mixin.py:190} INFO - [2026-04-27T07:41:54.835+0000] {dag.py:3239} INFO - Sync 1 DAGs
[2026-04-27T07:41:54.857+0000] {logging_mixin.py:190} INFO - [2026-04-27T07:41:54.857+0000] {dag.py:4180} INFO - Setting next_dagrun for layers_update to None, run_after=None
[2026-04-27T07:41:54.884+0000] {processor.py:208} INFO - Processing /opt/airflow/dags/layers_update.py took 0.131 seconds
[2026-04-27T07:42:25.220+0000] {processor.py:186} INFO - Started process (PID=274) to work on /opt/airflow/dags/layers_update.py
[2026-04-27T07:42:25.227+0000] {processor.py:914} INFO - Processing file /opt/airflow/dags/layers_update.py for tasks to queue
[2026-04-27T07:42:25.232+0000] {logging_mixin.py:190} INFO - [2026-04-27T07:42:25.231+0000] {dagbag.py:588} INFO - Filling up the DagBag from /opt/airflow/dags/layers_update.py
[2026-04-27T07:42:25.258+0000] {processor.py:925} INFO - DAG(s) 'layers_update' retrieved from /opt/airflow/dags/layers_update.py
[2026-04-27T07:42:25.286+0000] {logging_mixin.py:190} INFO - [2026-04-27T07:42:25.286+0000] {dag.py:3239} INFO - Sync 1 DAGs
[2026-04-27T07:42:25.310+0000] {logging_mixin.py:190} INFO - [2026-04-27T07:42:25.310+0000] {dag.py:4180} INFO - Setting next_dagrun for layers_update to None, run_after=None
[2026-04-27T07:42:25.350+0000] {processor.py:208} INFO - Processing /opt/airflow/dags/layers_update.py took 0.139 seconds
[2026-04-27T07:42:55.797+0000] {processor.py:186} INFO - Started process (PID=277) to work on /opt/airflow/dags/layers_update.py
[2026-04-27T07:42:55.799+0000] {processor.py:914} INFO - Processing file /opt/airflow/dags/layers_update.py for tasks to queue
[2026-04-27T07:42:55.805+0000] {logging_mixin.py:190} INFO - [2026-04-27T07:42:55.804+0000] {dagbag.py:588} INFO - Filling up the DagBag from /opt/airflow/dags/layers_update.py
[2026-04-27T07:42:55.835+0000] {processor.py:925} INFO - DAG(s) 'layers_update' retrieved from /opt/airflow/dags/layers_update.py
[2026-04-27T07:42:55.870+0000] {logging_mixin.py:190} INFO - [2026-04-27T07:42:55.870+0000] {dag.py:3239} INFO - Sync 1 DAGs
[2026-04-27T07:42:55.888+0000] {logging_mixin.py:190} INFO - [2026-04-27T07:42:55.888+0000] {dag.py:4180} INFO - Setting next_dagrun for layers_update to None, run_after=None
[2026-04-27T07:42:55.915+0000] {processor.py:208} INFO - Processing /opt/airflow/dags/layers_update.py took 0.127 seconds
[2026-04-27T07:43:26.494+0000] {processor.py:186} INFO - Started process (PID=280) to work on /opt/airflow/dags/layers_update.py
[2026-04-27T07:43:26.496+0000] {processor.py:914} INFO - Processing file /opt/airflow/dags/layers_update.py for tasks to queue
[2026-04-27T07:43:26.503+0000] {logging_mixin.py:190} INFO - [2026-04-27T07:43:26.502+0000] {dagbag.py:588} INFO - Filling up the DagBag from /opt/airflow/dags/layers_update.py
[2026-04-27T07:43:26.531+0000] {processor.py:925} INFO - DAG(s) 'layers_update' retrieved from /opt/airflow/dags/layers_update.py
[2026-04-27T07:43:26.563+0000] {logging_mixin.py:190} INFO - [2026-04-27T07:43:26.563+0000] {dag.py:3239} INFO - Sync 1 DAGs
[2026-04-27T07:43:26.587+0000] {logging_mixin.py:190} INFO - [2026-04-27T07:43:26.587+0000] {dag.py:4180} INFO - Setting next_dagrun for layers_update to None, run_after=None
[2026-04-27T07:43:26.611+0000] {processor.py:208} INFO - Processing /opt/airflow/dags/layers_update.py took 0.126 seconds
[2026-04-27T07:43:57.338+0000] {processor.py:186} INFO - Started process (PID=283) to work on /opt/airflow/dags/layers_update.py
[2026-04-27T07:43:57.340+0000] {processor.py:914} INFO - Processing file /opt/airflow/dags/layers_update.py for tasks to queue
[2026-04-27T07:43:57.346+0000] {logging_mixin.py:190} INFO - [2026-04-27T07:43:57.346+0000] {dagbag.py:588} INFO - Filling up the DagBag from /opt/airflow/dags/layers_update.py
[2026-04-27T07:43:57.365+0000] {processor.py:925} INFO - DAG(s) 'layers_update' retrieved from /opt/airflow/dags/layers_update.py
[2026-04-27T07:43:57.397+0000] {logging_mixin.py:190} INFO - [2026-04-27T07:43:57.397+0000] {dag.py:3239} INFO - Sync 1 DAGs
[2026-04-27T07:43:57.418+0000] {logging_mixin.py:190} INFO - [2026-04-27T07:43:57.418+0000] {dag.py:4180} INFO - Setting next_dagrun for layers_update to None, run_after=None
[2026-04-27T07:43:57.444+0000] {processor.py:208} INFO - Processing /opt/airflow/dags/layers_update.py took 0.120 seconds
[2026-04-27T07:44:27.983+0000] {processor.py:186} INFO - Started process (PID=286) to work on /opt/airflow/dags/layers_update.py
[2026-04-27T07:44:27.985+0000] {processor.py:914} INFO - Processing file /opt/airflow/dags/layers_update.py for tasks to queue
[2026-04-27T07:44:27.989+0000] {logging_mixin.py:190} INFO - [2026-04-27T07:44:27.989+0000] {dagbag.py:588} INFO - Filling up the DagBag from /opt/airflow/dags/layers_update.py
[2026-04-27T07:44:28.013+0000] {processor.py:925} INFO - DAG(s) 'layers_update' retrieved from /opt/airflow/dags/layers_update.py
[2026-04-27T07:44:28.053+0000] {logging_mixin.py:190} INFO - [2026-04-27T07:44:28.052+0000] {dag.py:3239} INFO - Sync 1 DAGs
[2026-04-27T07:44:28.085+0000] {logging_mixin.py:190} INFO - [2026-04-27T07:44:28.085+0000] {dag.py:4180} INFO - Setting next_dagrun for layers_update to None, run_after=None
[2026-04-27T07:44:28.121+0000] {processor.py:208} INFO - Processing /opt/airflow/dags/layers_update.py took 0.149 seconds
[2026-04-27T07:44:58.550+0000] {processor.py:186} INFO - Started process (PID=289) to work on /opt/airflow/dags/layers_update.py
[2026-04-27T07:44:58.552+0000] {processor.py:914} INFO - Processing file /opt/airflow/dags/layers_update.py for tasks to queue
[2026-04-27T07:44:58.556+0000] {logging_mixin.py:190} INFO - [2026-04-27T07:44:58.556+0000] {dagbag.py:588} INFO - Filling up the DagBag from /opt/airflow/dags/layers_update.py
[2026-04-27T07:44:58.584+0000] {processor.py:925} INFO - DAG(s) 'layers_update' retrieved from /opt/airflow/dags/layers_update.py
[2026-04-27T07:44:58.616+0000] {logging_mixin.py:190} INFO - [2026-04-27T07:44:58.616+0000] {dag.py:3239} INFO - Sync 1 DAGs
[2026-04-27T07:44:58.637+0000] {logging_mixin.py:190} INFO - [2026-04-27T07:44:58.636+0000] {dag.py:4180} INFO - Setting next_dagrun for layers_update to None, run_after=None
[2026-04-27T07:44:58.680+0000] {processor.py:208} INFO - Processing /opt/airflow/dags/layers_update.py took 0.140 seconds
[2026-04-27T07:45:29.057+0000] {processor.py:186} INFO - Started process (PID=292) to work on /opt/airflow/dags/layers_update.py
[2026-04-27T07:45:29.058+0000] {processor.py:914} INFO - Processing file /opt/airflow/dags/layers_update.py for tasks to queue
[2026-04-27T07:45:29.062+0000] {logging_mixin.py:190} INFO - [2026-04-27T07:45:29.062+0000] {dagbag.py:588} INFO - Filling up the DagBag from /opt/airflow/dags/layers_update.py
[2026-04-27T07:45:29.081+0000] {processor.py:925} INFO - DAG(s) 'layers_update' retrieved from /opt/airflow/dags/layers_update.py
[2026-04-27T07:45:29.115+0000] {logging_mixin.py:190} INFO - [2026-04-27T07:45:29.115+0000] {dag.py:3239} INFO - Sync 1 DAGs
[2026-04-27T07:45:29.136+0000] {logging_mixin.py:190} INFO - [2026-04-27T07:45:29.136+0000] {dag.py:4180} INFO - Setting next_dagrun for layers_update to None, run_after=None
[2026-04-27T07:45:29.165+0000] {processor.py:208} INFO - Processing /opt/airflow/dags/layers_update.py took 0.118 seconds
[2026-04-27T07:45:59.780+0000] {processor.py:186} INFO - Started process (PID=295) to work on /opt/airflow/dags/layers_update.py
[2026-04-27T07:45:59.783+0000] {processor.py:914} INFO - Processing file /opt/airflow/dags/layers_update.py for tasks to queue
[2026-04-27T07:45:59.787+0000] {logging_mixin.py:190} INFO - [2026-04-27T07:45:59.787+0000] {dagbag.py:588} INFO - Filling up the DagBag from /opt/airflow/dags/layers_update.py
[2026-04-27T07:45:59.816+0000] {processor.py:925} INFO - DAG(s) 'layers_update' retrieved from /opt/airflow/dags/layers_update.py
[2026-04-27T07:45:59.865+0000] {logging_mixin.py:190} INFO - [2026-04-27T07:45:59.864+0000] {dag.py:3239} INFO - Sync 1 DAGs
[2026-04-27T07:45:59.886+0000] {logging_mixin.py:190} INFO - [2026-04-27T07:45:59.886+0000] {dag.py:4180} INFO - Setting next_dagrun for layers_update to None, run_after=None
[2026-04-27T07:45:59.945+0000] {processor.py:208} INFO - Processing /opt/airflow/dags/layers_update.py took 0.176 seconds
[2026-04-27T07:46:30.484+0000] {processor.py:186} INFO - Started process (PID=298) to work on /opt/airflow/dags/layers_update.py
[2026-04-27T07:46:30.486+0000] {processor.py:914} INFO - Processing file /opt/airflow/dags/layers_update.py for tasks to queue
[2026-04-27T07:46:30.490+0000] {logging_mixin.py:190} INFO - [2026-04-27T07:46:30.489+0000] {dagbag.py:588} INFO - Filling up the DagBag from /opt/airflow/dags/layers_update.py
[2026-04-27T07:46:30.515+0000] {processor.py:925} INFO - DAG(s) 'layers_update' retrieved from /opt/airflow/dags/layers_update.py
[2026-04-27T07:46:30.545+0000] {logging_mixin.py:190} INFO - [2026-04-27T07:46:30.545+0000] {dag.py:3239} INFO - Sync 1 DAGs
[2026-04-27T07:46:30.573+0000] {logging_mixin.py:190} INFO - [2026-04-27T07:46:30.573+0000] {dag.py:4180} INFO - Setting next_dagrun for layers_update to None, run_after=None
[2026-04-27T07:46:30.607+0000] {processor.py:208} INFO - Processing /opt/airflow/dags/layers_update.py took 0.135 seconds
[2026-04-27T07:47:01.153+0000] {processor.py:186} INFO - Started process (PID=301) to work on /opt/airflow/dags/layers_update.py
[2026-04-27T07:47:01.157+0000] {processor.py:914} INFO - Processing file /opt/airflow/dags/layers_update.py for tasks to queue
[2026-04-27T07:47:01.162+0000] {logging_mixin.py:190} INFO - [2026-04-27T07:47:01.161+0000] {dagbag.py:588} INFO - Filling up the DagBag from /opt/airflow/dags/layers_update.py
[2026-04-27T07:47:01.196+0000] {processor.py:925} INFO - DAG(s) 'layers_update' retrieved from /opt/airflow/dags/layers_update.py
[2026-04-27T07:47:01.236+0000] {logging_mixin.py:190} INFO - [2026-04-27T07:47:01.235+0000] {dag.py:3239} INFO - Sync 1 DAGs
[2026-04-27T07:47:01.260+0000] {logging_mixin.py:190} INFO - [2026-04-27T07:47:01.260+0000] {dag.py:4180} INFO - Setting next_dagrun for layers_update to None, run_after=None
[2026-04-27T07:47:01.336+0000] {processor.py:208} INFO - Processing /opt/airflow/dags/layers_update.py took 0.194 seconds
[2026-04-27T07:47:31.570+0000] {processor.py:186} INFO - Started process (PID=304) to work on /opt/airflow/dags/layers_update.py
[2026-04-27T07:47:31.572+0000] {processor.py:914} INFO - Processing file /opt/airflow/dags/layers_update.py for tasks to queue
[2026-04-27T07:47:31.588+0000] {logging_mixin.py:190} INFO - [2026-04-27T07:47:31.588+0000] {dagbag.py:588} INFO - Filling up the DagBag from /opt/airflow/dags/layers_update.py
[2026-04-27T07:47:31.640+0000] {processor.py:925} INFO - DAG(s) 'layers_update' retrieved from /opt/airflow/dags/layers_update.py
[2026-04-27T07:47:31.721+0000] {logging_mixin.py:190} INFO - [2026-04-27T07:47:31.721+0000] {dag.py:3239} INFO - Sync 1 DAGs
[2026-04-27T07:47:31.859+0000] {logging_mixin.py:190} INFO - [2026-04-27T07:47:31.859+0000] {dag.py:4180} INFO - Setting next_dagrun for layers_update to None, run_after=None
[2026-04-27T07:47:31.937+0000] {processor.py:208} INFO - Processing /opt/airflow/dags/layers_update.py took 0.401 seconds
[2026-04-27T07:48:02.743+0000] {processor.py:186} INFO - Started process (PID=307) to work on /opt/airflow/dags/layers_update.py
[2026-04-27T07:48:02.744+0000] {processor.py:914} INFO - Processing file /opt/airflow/dags/layers_update.py for tasks to queue
[2026-04-27T07:48:02.750+0000] {logging_mixin.py:190} INFO - [2026-04-27T07:48:02.749+0000] {dagbag.py:588} INFO - Filling up the DagBag from /opt/airflow/dags/layers_update.py
[2026-04-27T07:48:02.773+0000] {processor.py:925} INFO - DAG(s) 'layers_update' retrieved from /opt/airflow/dags/layers_update.py
[2026-04-27T07:48:02.808+0000] {logging_mixin.py:190} INFO - [2026-04-27T07:48:02.807+0000] {dag.py:3239} INFO - Sync 1 DAGs
[2026-04-27T07:48:02.841+0000] {logging_mixin.py:190} INFO - [2026-04-27T07:48:02.840+0000] {dag.py:4180} INFO - Setting next_dagrun for layers_update to None, run_after=None
[2026-04-27T07:48:02.883+0000] {processor.py:208} INFO - Processing /opt/airflow/dags/layers_update.py took 0.149 seconds
[2026-04-27T07:48:33.447+0000] {processor.py:186} INFO - Started process (PID=310) to work on /opt/airflow/dags/layers_update.py
[2026-04-27T07:48:33.451+0000] {processor.py:914} INFO - Processing file /opt/airflow/dags/layers_update.py for tasks to queue
[2026-04-27T07:48:33.457+0000] {logging_mixin.py:190} INFO - [2026-04-27T07:48:33.456+0000] {dagbag.py:588} INFO - Filling up the DagBag from /opt/airflow/dags/layers_update.py
[2026-04-27T07:48:33.480+0000] {processor.py:925} INFO - DAG(s) 'layers_update' retrieved from /opt/airflow/dags/layers_update.py
[2026-04-27T07:48:33.509+0000] {logging_mixin.py:190} INFO - [2026-04-27T07:48:33.509+0000] {dag.py:3239} INFO - Sync 1 DAGs
[2026-04-27T07:48:33.528+0000] {logging_mixin.py:190} INFO - [2026-04-27T07:48:33.528+0000] {dag.py:4180} INFO - Setting next_dagrun for layers_update to None, run_after=None
[2026-04-27T07:48:33.553+0000] {processor.py:208} INFO - Processing /opt/airflow/dags/layers_update.py took 0.119 seconds
[2026-04-27T07:49:04.047+0000] {processor.py:186} INFO - Started process (PID=313) to work on /opt/airflow/dags/layers_update.py
[2026-04-27T07:49:04.049+0000] {processor.py:914} INFO - Processing file /opt/airflow/dags/layers_update.py for tasks to queue
[2026-04-27T07:49:04.054+0000] {logging_mixin.py:190} INFO - [2026-04-27T07:49:04.053+0000] {dagbag.py:588} INFO - Filling up the DagBag from /opt/airflow/dags/layers_update.py
[2026-04-27T07:49:04.081+0000] {processor.py:925} INFO - DAG(s) 'layers_update' retrieved from /opt/airflow/dags/layers_update.py
[2026-04-27T07:49:04.111+0000] {logging_mixin.py:190} INFO - [2026-04-27T07:49:04.110+0000] {dag.py:3239} INFO - Sync 1 DAGs
[2026-04-27T07:49:04.133+0000] {logging_mixin.py:190} INFO - [2026-04-27T07:49:04.132+0000] {dag.py:4180} INFO - Setting next_dagrun for layers_update to None, run_after=None
[2026-04-27T07:49:04.165+0000] {processor.py:208} INFO - Processing /opt/airflow/dags/layers_update.py took 0.127 seconds
[2026-04-27T07:49:34.240+0000] {processor.py:186} INFO - Started process (PID=316) to work on /opt/airflow/dags/layers_update.py
[2026-04-27T07:49:34.241+0000] {processor.py:914} INFO - Processing file /opt/airflow/dags/layers_update.py for tasks to queue
[2026-04-27T07:49:34.247+0000] {logging_mixin.py:190} INFO - [2026-04-27T07:49:34.247+0000] {dagbag.py:588} INFO - Filling up the DagBag from /opt/airflow/dags/layers_update.py
[2026-04-27T07:49:34.283+0000] {processor.py:925} INFO - DAG(s) 'layers_update' retrieved from /opt/airflow/dags/layers_update.py
[2026-04-27T07:49:34.318+0000] {logging_mixin.py:190} INFO - [2026-04-27T07:49:34.317+0000] {dag.py:3239} INFO - Sync 1 DAGs
[2026-04-27T07:49:34.340+0000] {logging_mixin.py:190} INFO - [2026-04-27T07:49:34.340+0000] {dag.py:4180} INFO - Setting next_dagrun for layers_update to None, run_after=None
[2026-04-27T07:49:34.377+0000] {processor.py:208} INFO - Processing /opt/airflow/dags/layers_update.py took 0.146 seconds
[2026-04-27T07:50:04.859+0000] {processor.py:186} INFO - Started process (PID=319) to work on /opt/airflow/dags/layers_update.py
[2026-04-27T07:50:04.860+0000] {processor.py:914} INFO - Processing file /opt/airflow/dags/layers_update.py for tasks to queue
[2026-04-27T07:50:04.865+0000] {logging_mixin.py:190} INFO - [2026-04-27T07:50:04.863+0000] {dagbag.py:588} INFO - Filling up the DagBag from /opt/airflow/dags/layers_update.py
[2026-04-27T07:50:04.886+0000] {processor.py:925} INFO - DAG(s) 'layers_update' retrieved from /opt/airflow/dags/layers_update.py
[2026-04-27T07:50:04.918+0000] {logging_mixin.py:190} INFO - [2026-04-27T07:50:04.917+0000] {dag.py:3239} INFO - Sync 1 DAGs
[2026-04-27T07:50:04.939+0000] {logging_mixin.py:190} INFO - [2026-04-27T07:50:04.938+0000] {dag.py:4180} INFO - Setting next_dagrun for layers_update to None, run_after=None
[2026-04-27T07:50:04.973+0000] {processor.py:208} INFO - Processing /opt/airflow/dags/layers_update.py took 0.123 seconds
[2026-04-27T07:50:35.597+0000] {processor.py:186} INFO - Started process (PID=322) to work on /opt/airflow/dags/layers_update.py
[2026-04-27T07:50:35.599+0000] {processor.py:914} INFO - Processing file /opt/airflow/dags/layers_update.py for tasks to queue
[2026-04-27T07:50:35.605+0000] {logging_mixin.py:190} INFO - [2026-04-27T07:50:35.603+0000] {dagbag.py:588} INFO - Filling up the DagBag from /opt/airflow/dags/layers_update.py
[2026-04-27T07:50:35.636+0000] {processor.py:925} INFO - DAG(s) 'layers_update' retrieved from /opt/airflow/dags/layers_update.py
[2026-04-27T07:50:35.670+0000] {logging_mixin.py:190} INFO - [2026-04-27T07:50:35.669+0000] {dag.py:3239} INFO - Sync 1 DAGs
[2026-04-27T07:50:35.690+0000] {logging_mixin.py:190} INFO - [2026-04-27T07:50:35.689+0000] {dag.py:4180} INFO - Setting next_dagrun for layers_update to None, run_after=None
[2026-04-27T07:50:36.396+0000] {processor.py:208} INFO - Processing /opt/airflow/dags/layers_update.py took 0.809 seconds
[2026-04-27T07:51:07.132+0000] {processor.py:186} INFO - Started process (PID=325) to work on /opt/airflow/dags/layers_update.py
[2026-04-27T07:51:07.134+0000] {processor.py:914} INFO - Processing file /opt/airflow/dags/layers_update.py for tasks to queue
[2026-04-27T07:51:07.137+0000] {logging_mixin.py:190} INFO - [2026-04-27T07:51:07.136+0000] {dagbag.py:588} INFO - Filling up the DagBag from /opt/airflow/dags/layers_update.py
[2026-04-27T07:51:07.172+0000] {processor.py:925} INFO - DAG(s) 'layers_update' retrieved from /opt/airflow/dags/layers_update.py
[2026-04-27T07:51:07.214+0000] {logging_mixin.py:190} INFO - [2026-04-27T07:51:07.213+0000] {dag.py:3239} INFO - Sync 1 DAGs
[2026-04-27T07:51:07.250+0000] {logging_mixin.py:190} INFO - [2026-04-27T07:51:07.249+0000] {dag.py:4180} INFO - Setting next_dagrun for layers_update to None, run_after=None
[2026-04-27T07:51:07.291+0000] {processor.py:208} INFO - Processing /opt/airflow/dags/layers_update.py took 0.168 seconds
[2026-04-27T07:51:37.935+0000] {processor.py:186} INFO - Started process (PID=328) to work on /opt/airflow/dags/layers_update.py
[2026-04-27T07:51:37.964+0000] {processor.py:914} INFO - Processing file /opt/airflow/dags/layers_update.py for tasks to queue
[2026-04-27T07:51:37.977+0000] {logging_mixin.py:190} INFO - [2026-04-27T07:51:37.977+0000] {dagbag.py:588} INFO - Filling up the DagBag from /opt/airflow/dags/layers_update.py
[2026-04-27T07:51:38.066+0000] {processor.py:925} INFO - DAG(s) 'layers_update' retrieved from /opt/airflow/dags/layers_update.py
[2026-04-27T07:51:38.135+0000] {logging_mixin.py:190} INFO - [2026-04-27T07:51:38.134+0000] {dag.py:3239} INFO - Sync 1 DAGs
[2026-04-27T07:51:38.187+0000] {logging_mixin.py:190} INFO - [2026-04-27T07:51:38.186+0000] {dag.py:4180} INFO - Setting next_dagrun for layers_update to None, run_after=None
[2026-04-27T07:51:38.239+0000] {processor.py:208} INFO - Processing /opt/airflow/dags/layers_update.py took 0.318 seconds
[2026-04-27T07:52:08.491+0000] {processor.py:186} INFO - Started process (PID=331) to work on /opt/airflow/dags/layers_update.py
[2026-04-27T07:52:08.492+0000] {processor.py:914} INFO - Processing file /opt/airflow/dags/layers_update.py for tasks to queue
[2026-04-27T07:52:08.495+0000] {logging_mixin.py:190} INFO - [2026-04-27T07:52:08.495+0000] {dagbag.py:588} INFO - Filling up the DagBag from /opt/airflow/dags/layers_update.py
[2026-04-27T07:52:08.514+0000] {processor.py:925} INFO - DAG(s) 'layers_update' retrieved from /opt/airflow/dags/layers_update.py
[2026-04-27T07:52:08.543+0000] {logging_mixin.py:190} INFO - [2026-04-27T07:52:08.543+0000] {dag.py:3239} INFO - Sync 1 DAGs
[2026-04-27T07:52:08.563+0000] {logging_mixin.py:190} INFO - [2026-04-27T07:52:08.563+0000] {dag.py:4180} INFO - Setting next_dagrun for layers_update to None, run_after=None
[2026-04-27T07:52:08.598+0000] {processor.py:208} INFO - Processing /opt/airflow/dags/layers_update.py took 0.116 seconds
[2026-04-27T07:52:39.043+0000] {processor.py:186} INFO - Started process (PID=334) to work on /opt/airflow/dags/layers_update.py
[2026-04-27T07:52:39.055+0000] {processor.py:914} INFO - Processing file /opt/airflow/dags/layers_update.py for tasks to queue
[2026-04-27T07:52:39.059+0000] {logging_mixin.py:190} INFO - [2026-04-27T07:52:39.059+0000] {dagbag.py:588} INFO - Filling up the DagBag from /opt/airflow/dags/layers_update.py
[2026-04-27T07:52:39.121+0000] {processor.py:925} INFO - DAG(s) 'layers_update' retrieved from /opt/airflow/dags/layers_update.py
[2026-04-27T07:52:39.222+0000] {logging_mixin.py:190} INFO - [2026-04-27T07:52:39.222+0000] {dag.py:3239} INFO - Sync 1 DAGs
[2026-04-27T07:52:39.266+0000] {logging_mixin.py:190} INFO - [2026-04-27T07:52:39.265+0000] {dag.py:4180} INFO - Setting next_dagrun for layers_update to None, run_after=None
[2026-04-27T07:52:39.306+0000] {processor.py:208} INFO - Processing /opt/airflow/dags/layers_update.py took 0.273 seconds
[2026-04-27T07:53:09.723+0000] {processor.py:186} INFO - Started process (PID=337) to work on /opt/airflow/dags/layers_update.py
[2026-04-27T07:53:09.724+0000] {processor.py:914} INFO - Processing file /opt/airflow/dags/layers_update.py for tasks to queue
[2026-04-27T07:53:09.729+0000] {logging_mixin.py:190} INFO - [2026-04-27T07:53:09.729+0000] {dagbag.py:588} INFO - Filling up the DagBag from /opt/airflow/dags/layers_update.py
[2026-04-27T07:53:09.751+0000] {processor.py:925} INFO - DAG(s) 'layers_update' retrieved from /opt/airflow/dags/layers_update.py
[2026-04-27T07:53:09.782+0000] {logging_mixin.py:190} INFO - [2026-04-27T07:53:09.781+0000] {dag.py:3239} INFO - Sync 1 DAGs
[2026-04-27T07:53:09.802+0000] {logging_mixin.py:190} INFO - [2026-04-27T07:53:09.802+0000] {dag.py:4180} INFO - Setting next_dagrun for layers_update to None, run_after=None
[2026-04-27T07:53:09.827+0000] {processor.py:208} INFO - Processing /opt/airflow/dags/layers_update.py took 0.114 seconds
[2026-04-27T07:53:40.517+0000] {processor.py:186} INFO - Started process (PID=340) to work on /opt/airflow/dags/layers_update.py
[2026-04-27T07:53:40.519+0000] {processor.py:914} INFO - Processing file /opt/airflow/dags/layers_update.py for tasks to queue
[2026-04-27T07:53:40.522+0000] {logging_mixin.py:190} INFO - [2026-04-27T07:53:40.521+0000] {dagbag.py:588} INFO - Filling up the DagBag from /opt/airflow/dags/layers_update.py
[2026-04-27T07:53:40.550+0000] {processor.py:925} INFO - DAG(s) 'layers_update' retrieved from /opt/airflow/dags/layers_update.py
[2026-04-27T07:53:40.578+0000] {logging_mixin.py:190} INFO - [2026-04-27T07:53:40.577+0000] {dag.py:3239} INFO - Sync 1 DAGs
[2026-04-27T07:53:40.596+0000] {logging_mixin.py:190} INFO - [2026-04-27T07:53:40.596+0000] {dag.py:4180} INFO - Setting next_dagrun for layers_update to None, run_after=None
[2026-04-27T07:53:40.631+0000] {processor.py:208} INFO - Processing /opt/airflow/dags/layers_update.py took 0.122 seconds
[2026-04-27T07:54:11.045+0000] {processor.py:186} INFO - Started process (PID=343) to work on /opt/airflow/dags/layers_update.py
[2026-04-27T07:54:11.048+0000] {processor.py:914} INFO - Processing file /opt/airflow/dags/layers_update.py for tasks to queue
[2026-04-27T07:54:11.052+0000] {logging_mixin.py:190} INFO - [2026-04-27T07:54:11.052+0000] {dagbag.py:588} INFO - Filling up the DagBag from /opt/airflow/dags/layers_update.py
[2026-04-27T07:54:11.079+0000] {processor.py:925} INFO - DAG(s) 'layers_update' retrieved from /opt/airflow/dags/layers_update.py
[2026-04-27T07:54:11.107+0000] {logging_mixin.py:190} INFO - [2026-04-27T07:54:11.107+0000] {dag.py:3239} INFO - Sync 1 DAGs
[2026-04-27T07:54:11.128+0000] {logging_mixin.py:190} INFO - [2026-04-27T07:54:11.128+0000] {dag.py:4180} INFO - Setting next_dagrun for layers_update to None, run_after=None
[2026-04-27T07:54:11.154+0000] {processor.py:208} INFO - Processing /opt/airflow/dags/layers_update.py took 0.117 seconds
[2026-04-27T07:54:41.726+0000] {processor.py:186} INFO - Started process (PID=346) to work on /opt/airflow/dags/layers_update.py
[2026-04-27T07:54:41.728+0000] {processor.py:914} INFO - Processing file /opt/airflow/dags/layers_update.py for tasks to queue
[2026-04-27T07:54:41.732+0000] {logging_mixin.py:190} INFO - [2026-04-27T07:54:41.731+0000] {dagbag.py:588} INFO - Filling up the DagBag from /opt/airflow/dags/layers_update.py
[2026-04-27T07:54:41.757+0000] {processor.py:925} INFO - DAG(s) 'layers_update' retrieved from /opt/airflow/dags/layers_update.py
[2026-04-27T07:54:41.805+0000] {logging_mixin.py:190} INFO - [2026-04-27T07:54:41.805+0000] {dag.py:3239} INFO - Sync 1 DAGs
[2026-04-27T07:54:41.844+0000] {logging_mixin.py:190} INFO - [2026-04-27T07:54:41.844+0000] {dag.py:4180} INFO - Setting next_dagrun for layers_update to None, run_after=None
[2026-04-27T07:54:41.900+0000] {processor.py:208} INFO - Processing /opt/airflow/dags/layers_update.py took 0.183 seconds
[2026-04-27T07:55:12.815+0000] {processor.py:186} INFO - Started process (PID=349) to work on /opt/airflow/dags/layers_update.py
[2026-04-27T07:55:12.843+0000] {processor.py:914} INFO - Processing file /opt/airflow/dags/layers_update.py for tasks to queue
[2026-04-27T07:55:12.859+0000] {logging_mixin.py:190} INFO - [2026-04-27T07:55:12.859+0000] {dagbag.py:588} INFO - Filling up the DagBag from /opt/airflow/dags/layers_update.py
[2026-04-27T07:55:13.306+0000] {processor.py:925} INFO - DAG(s) 'layers_update' retrieved from /opt/airflow/dags/layers_update.py
[2026-04-27T07:55:13.568+0000] {logging_mixin.py:190} INFO - [2026-04-27T07:55:13.568+0000] {dag.py:3239} INFO - Sync 1 DAGs
[2026-04-27T07:55:13.715+0000] {logging_mixin.py:190} INFO - [2026-04-27T07:55:13.715+0000] {dag.py:4180} INFO - Setting next_dagrun for layers_update to None, run_after=None
[2026-04-27T07:55:13.892+0000] {processor.py:208} INFO - Processing /opt/airflow/dags/layers_update.py took 1.208 seconds
[2026-04-27T07:55:44.694+0000] {processor.py:186} INFO - Started process (PID=352) to work on /opt/airflow/dags/layers_update.py
[2026-04-27T07:55:44.695+0000] {processor.py:914} INFO - Processing file /opt/airflow/dags/layers_update.py for tasks to queue
[2026-04-27T07:55:44.711+0000] {logging_mixin.py:190} INFO - [2026-04-27T07:55:44.710+0000] {dagbag.py:588} INFO - Filling up the DagBag from /opt/airflow/dags/layers_update.py
[2026-04-27T07:55:44.739+0000] {processor.py:925} INFO - DAG(s) 'layers_update' retrieved from /opt/airflow/dags/layers_update.py
[2026-04-27T07:55:44.764+0000] {logging_mixin.py:190} INFO - [2026-04-27T07:55:44.763+0000] {dag.py:3239} INFO - Sync 1 DAGs
[2026-04-27T07:55:44.782+0000] {logging_mixin.py:190} INFO - [2026-04-27T07:55:44.782+0000] {dag.py:4180} INFO - Setting next_dagrun for layers_update to None, run_after=None
[2026-04-27T07:55:44.807+0000] {processor.py:208} INFO - Processing /opt/airflow/dags/layers_update.py took 0.128 seconds
[2026-04-27T07:56:14.896+0000] {processor.py:186} INFO - Started process (PID=355) to work on /opt/airflow/dags/layers_update.py
[2026-04-27T07:56:14.898+0000] {processor.py:914} INFO - Processing file /opt/airflow/dags/layers_update.py for tasks to queue
[2026-04-27T07:56:14.903+0000] {logging_mixin.py:190} INFO - [2026-04-27T07:56:14.902+0000] {dagbag.py:588} INFO - Filling up the DagBag from /opt/airflow/dags/layers_update.py
[2026-04-27T07:56:14.931+0000] {processor.py:925} INFO - DAG(s) 'layers_update' retrieved from /opt/airflow/dags/layers_update.py
[2026-04-27T07:56:14.970+0000] {logging_mixin.py:190} INFO - [2026-04-27T07:56:14.970+0000] {dag.py:3239} INFO - Sync 1 DAGs
[2026-04-27T07:56:14.994+0000] {logging_mixin.py:190} INFO - [2026-04-27T07:56:14.994+0000] {dag.py:4180} INFO - Setting next_dagrun for layers_update to None, run_after=None
[2026-04-27T07:56:15.031+0000] {processor.py:208} INFO - Processing /opt/airflow/dags/layers_update.py took 0.145 seconds
[2026-04-27T07:56:45.725+0000] {processor.py:186} INFO - Started process (PID=358) to work on /opt/airflow/dags/layers_update.py
[2026-04-27T07:56:45.726+0000] {processor.py:914} INFO - Processing file /opt/airflow/dags/layers_update.py for tasks to queue
[2026-04-27T07:56:45.732+0000] {logging_mixin.py:190} INFO - [2026-04-27T07:56:45.731+0000] {dagbag.py:588} INFO - Filling up the DagBag from /opt/airflow/dags/layers_update.py
[2026-04-27T07:56:45.759+0000] {processor.py:925} INFO - DAG(s) 'layers_update' retrieved from /opt/airflow/dags/layers_update.py
[2026-04-27T07:56:45.799+0000] {logging_mixin.py:190} INFO - [2026-04-27T07:56:45.798+0000] {dag.py:3239} INFO - Sync 1 DAGs
[2026-04-27T07:56:45.837+0000] {logging_mixin.py:190} INFO - [2026-04-27T07:56:45.836+0000] {dag.py:4180} INFO - Setting next_dagrun for layers_update to None, run_after=None
[2026-04-27T07:56:45.868+0000] {processor.py:208} INFO - Processing /opt/airflow/dags/layers_update.py took 0.153 seconds
[2026-04-27T07:57:16.290+0000] {processor.py:186} INFO - Started process (PID=361) to work on /opt/airflow/dags/layers_update.py
[2026-04-27T07:57:16.293+0000] {processor.py:914} INFO - Processing file /opt/airflow/dags/layers_update.py for tasks to queue
[2026-04-27T07:57:16.297+0000] {logging_mixin.py:190} INFO - [2026-04-27T07:57:16.297+0000] {dagbag.py:588} INFO - Filling up the DagBag from /opt/airflow/dags/layers_update.py
[2026-04-27T07:57:16.321+0000] {processor.py:925} INFO - DAG(s) 'layers_update' retrieved from /opt/airflow/dags/layers_update.py
[2026-04-27T07:57:16.351+0000] {logging_mixin.py:190} INFO - [2026-04-27T07:57:16.351+0000] {dag.py:3239} INFO - Sync 1 DAGs
[2026-04-27T07:57:16.372+0000] {logging_mixin.py:190} INFO - [2026-04-27T07:57:16.372+0000] {dag.py:4180} INFO - Setting next_dagrun for layers_update to None, run_after=None
[2026-04-27T07:57:16.401+0000] {processor.py:208} INFO - Processing /opt/airflow/dags/layers_update.py took 0.120 seconds
[2026-04-27T07:57:46.819+0000] {processor.py:186} INFO - Started process (PID=364) to work on /opt/airflow/dags/layers_update.py
[2026-04-27T07:57:46.821+0000] {processor.py:914} INFO - Processing file /opt/airflow/dags/layers_update.py for tasks to queue
[2026-04-27T07:57:46.825+0000] {logging_mixin.py:190} INFO - [2026-04-27T07:57:46.824+0000] {dagbag.py:588} INFO - Filling up the DagBag from /opt/airflow/dags/layers_update.py
[2026-04-27T07:57:46.854+0000] {processor.py:925} INFO - DAG(s) 'layers_update' retrieved from /opt/airflow/dags/layers_update.py
[2026-04-27T07:57:46.885+0000] {logging_mixin.py:190} INFO - [2026-04-27T07:57:46.884+0000] {dag.py:3239} INFO - Sync 1 DAGs
[2026-04-27T07:57:46.902+0000] {logging_mixin.py:190} INFO - [2026-04-27T07:57:46.902+0000] {dag.py:4180} INFO - Setting next_dagrun for layers_update to None, run_after=None
[2026-04-27T07:57:46.938+0000] {processor.py:208} INFO - Processing /opt/airflow/dags/layers_update.py took 0.127 seconds
[2026-04-27T07:58:17.531+0000] {processor.py:186} INFO - Started process (PID=367) to work on /opt/airflow/dags/layers_update.py
[2026-04-27T07:58:17.648+0000] {processor.py:914} INFO - Processing file /opt/airflow/dags/layers_update.py for tasks to queue
[2026-04-27T07:58:17.652+0000] {logging_mixin.py:190} INFO - [2026-04-27T07:58:17.651+0000] {dagbag.py:588} INFO - Filling up the DagBag from /opt/airflow/dags/layers_update.py
[2026-04-27T07:58:17.679+0000] {processor.py:925} INFO - DAG(s) 'layers_update' retrieved from /opt/airflow/dags/layers_update.py
[2026-04-27T07:58:17.718+0000] {logging_mixin.py:190} INFO - [2026-04-27T07:58:17.718+0000] {dag.py:3239} INFO - Sync 1 DAGs
[2026-04-27T07:58:17.736+0000] {logging_mixin.py:190} INFO - [2026-04-27T07:58:17.736+0000] {dag.py:4180} INFO - Setting next_dagrun for layers_update to None, run_after=None
[2026-04-27T07:58:19.110+0000] {processor.py:208} INFO - Processing /opt/airflow/dags/layers_update.py took 1.595 seconds
[2026-04-27T07:58:49.302+0000] {processor.py:186} INFO - Started process (PID=370) to work on /opt/airflow/dags/layers_update.py
[2026-04-27T07:58:49.304+0000] {processor.py:914} INFO - Processing file /opt/airflow/dags/layers_update.py for tasks to queue
[2026-04-27T07:58:49.312+0000] {logging_mixin.py:190} INFO - [2026-04-27T07:58:49.311+0000] {dagbag.py:588} INFO - Filling up the DagBag from /opt/airflow/dags/layers_update.py
[2026-04-27T07:58:49.351+0000] {processor.py:925} INFO - DAG(s) 'layers_update' retrieved from /opt/airflow/dags/layers_update.py
[2026-04-27T07:58:49.384+0000] {logging_mixin.py:190} INFO - [2026-04-27T07:58:49.384+0000] {dag.py:3239} INFO - Sync 1 DAGs
[2026-04-27T07:58:49.406+0000] {logging_mixin.py:190} INFO - [2026-04-27T07:58:49.406+0000] {dag.py:4180} INFO - Setting next_dagrun for layers_update to None, run_after=None
[2026-04-27T07:58:49.449+0000] {processor.py:208} INFO - Processing /opt/airflow/dags/layers_update.py took 0.157 seconds
[2026-04-27T07:59:19.869+0000] {processor.py:186} INFO - Started process (PID=373) to work on /opt/airflow/dags/layers_update.py
[2026-04-27T07:59:19.871+0000] {processor.py:914} INFO - Processing file /opt/airflow/dags/layers_update.py for tasks to queue
[2026-04-27T07:59:19.877+0000] {logging_mixin.py:190} INFO - [2026-04-27T07:59:19.877+0000] {dagbag.py:588} INFO - Filling up the DagBag from /opt/airflow/dags/layers_update.py
[2026-04-27T07:59:19.904+0000] {processor.py:925} INFO - DAG(s) 'layers_update' retrieved from /opt/airflow/dags/layers_update.py
[2026-04-27T07:59:19.934+0000] {logging_mixin.py:190} INFO - [2026-04-27T07:59:19.933+0000] {dag.py:3239} INFO - Sync 1 DAGs
[2026-04-27T07:59:19.952+0000] {logging_mixin.py:190} INFO - [2026-04-27T07:59:19.951+0000] {dag.py:4180} INFO - Setting next_dagrun for layers_update to None, run_after=None
[2026-04-27T07:59:20.929+0000] {processor.py:208} INFO - Processing /opt/airflow/dags/layers_update.py took 1.075 seconds
[2026-04-27T07:59:51.931+0000] {processor.py:186} INFO - Started process (PID=376) to work on /opt/airflow/dags/layers_update.py
[2026-04-27T07:59:51.932+0000] {processor.py:914} INFO - Processing file /opt/airflow/dags/layers_update.py for tasks to queue
[2026-04-27T07:59:51.936+0000] {logging_mixin.py:190} INFO - [2026-04-27T07:59:51.936+0000] {dagbag.py:588} INFO - Filling up the DagBag from /opt/airflow/dags/layers_update.py
[2026-04-27T07:59:51.963+0000] {processor.py:925} INFO - DAG(s) 'layers_update' retrieved from /opt/airflow/dags/layers_update.py
[2026-04-27T07:59:51.990+0000] {logging_mixin.py:190} INFO - [2026-04-27T07:59:51.990+0000] {dag.py:3239} INFO - Sync 1 DAGs
[2026-04-27T07:59:52.008+0000] {logging_mixin.py:190} INFO - [2026-04-27T07:59:52.008+0000] {dag.py:4180} INFO - Setting next_dagrun for layers_update to None, run_after=None
[2026-04-27T07:59:52.230+0000] {processor.py:208} INFO - Processing /opt/airflow/dags/layers_update.py took 0.306 seconds
[2026-04-27T08:00:22.515+0000] {processor.py:186} INFO - Started process (PID=379) to work on /opt/airflow/dags/layers_update.py
[2026-04-27T08:00:22.516+0000] {processor.py:914} INFO - Processing file /opt/airflow/dags/layers_update.py for tasks to queue
[2026-04-27T08:00:22.521+0000] {logging_mixin.py:190} INFO - [2026-04-27T08:00:22.520+0000] {dagbag.py:588} INFO - Filling up the DagBag from /opt/airflow/dags/layers_update.py
[2026-04-27T08:00:22.550+0000] {processor.py:925} INFO - DAG(s) 'layers_update' retrieved from /opt/airflow/dags/layers_update.py
[2026-04-27T08:00:22.612+0000] {logging_mixin.py:190} INFO - [2026-04-27T08:00:22.612+0000] {dag.py:3239} INFO - Sync 1 DAGs
[2026-04-27T08:00:22.631+0000] {logging_mixin.py:190} INFO - [2026-04-27T08:00:22.631+0000] {dag.py:4180} INFO - Setting next_dagrun for layers_update to None, run_after=None
[2026-04-27T08:00:22.661+0000] {processor.py:208} INFO - Processing /opt/airflow/dags/layers_update.py took 0.159 seconds
[2026-04-27T08:00:53.169+0000] {processor.py:186} INFO - Started process (PID=382) to work on /opt/airflow/dags/layers_update.py
[2026-04-27T08:00:53.171+0000] {processor.py:914} INFO - Processing file /opt/airflow/dags/layers_update.py for tasks to queue
[2026-04-27T08:00:53.176+0000] {logging_mixin.py:190} INFO - [2026-04-27T08:00:53.176+0000] {dagbag.py:588} INFO - Filling up the DagBag from /opt/airflow/dags/layers_update.py
[2026-04-27T08:00:53.204+0000] {processor.py:925} INFO - DAG(s) 'layers_update' retrieved from /opt/airflow/dags/layers_update.py
[2026-04-27T08:00:53.231+0000] {logging_mixin.py:190} INFO - [2026-04-27T08:00:53.231+0000] {dag.py:3239} INFO - Sync 1 DAGs
[2026-04-27T08:00:53.248+0000] {logging_mixin.py:190} INFO - [2026-04-27T08:00:53.248+0000] {dag.py:4180} INFO - Setting next_dagrun for layers_update to None, run_after=None
[2026-04-27T08:00:53.714+0000] {processor.py:208} INFO - Processing /opt/airflow/dags/layers_update.py took 0.552 seconds
[2026-04-27T08:01:23.771+0000] {processor.py:186} INFO - Started process (PID=385) to work on /opt/airflow/dags/layers_update.py
[2026-04-27T08:01:23.773+0000] {processor.py:914} INFO - Processing file /opt/airflow/dags/layers_update.py for tasks to queue
[2026-04-27T08:01:23.776+0000] {logging_mixin.py:190} INFO - [2026-04-27T08:01:23.775+0000] {dagbag.py:588} INFO - Filling up the DagBag from /opt/airflow/dags/layers_update.py
[2026-04-27T08:01:23.803+0000] {processor.py:925} INFO - DAG(s) 'layers_update' retrieved from /opt/airflow/dags/layers_update.py
[2026-04-27T08:01:23.832+0000] {logging_mixin.py:190} INFO - [2026-04-27T08:01:23.832+0000] {dag.py:3239} INFO - Sync 1 DAGs
[2026-04-27T08:01:23.852+0000] {logging_mixin.py:190} INFO - [2026-04-27T08:01:23.852+0000] {dag.py:4180} INFO - Setting next_dagrun for layers_update to None, run_after=None
[2026-04-27T08:01:23.883+0000] {processor.py:208} INFO - Processing /opt/airflow/dags/layers_update.py took 0.122 seconds
[2026-04-27T08:01:54.924+0000] {processor.py:186} INFO - Started process (PID=388) to work on /opt/airflow/dags/layers_update.py
[2026-04-27T08:01:54.925+0000] {processor.py:914} INFO - Processing file /opt/airflow/dags/layers_update.py for tasks to queue
[2026-04-27T08:01:54.931+0000] {logging_mixin.py:190} INFO - [2026-04-27T08:01:54.930+0000] {dagbag.py:588} INFO - Filling up the DagBag from /opt/airflow/dags/layers_update.py
[2026-04-27T08:01:54.949+0000] {processor.py:925} INFO - DAG(s) 'layers_update' retrieved from /opt/airflow/dags/layers_update.py
[2026-04-27T08:01:54.977+0000] {logging_mixin.py:190} INFO - [2026-04-27T08:01:54.976+0000] {dag.py:3239} INFO - Sync 1 DAGs
[2026-04-27T08:01:54.995+0000] {logging_mixin.py:190} INFO - [2026-04-27T08:01:54.995+0000] {dag.py:4180} INFO - Setting next_dagrun for layers_update to None, run_after=None
[2026-04-27T08:01:55.063+0000] {processor.py:208} INFO - Processing /opt/airflow/dags/layers_update.py took 0.150 seconds
[2026-04-27T08:02:25.964+0000] {processor.py:186} INFO - Started process (PID=391) to work on /opt/airflow/dags/layers_update.py
[2026-04-27T08:02:25.967+0000] {processor.py:914} INFO - Processing file /opt/airflow/dags/layers_update.py for tasks to queue
[2026-04-27T08:02:25.972+0000] {logging_mixin.py:190} INFO - [2026-04-27T08:02:25.971+0000] {dagbag.py:588} INFO - Filling up the DagBag from /opt/airflow/dags/layers_update.py
[2026-04-27T08:02:25.994+0000] {processor.py:925} INFO - DAG(s) 'layers_update' retrieved from /opt/airflow/dags/layers_update.py
[2026-04-27T08:02:26.025+0000] {logging_mixin.py:190} INFO - [2026-04-27T08:02:26.025+0000] {dag.py:3239} INFO - Sync 1 DAGs
[2026-04-27T08:02:26.043+0000] {logging_mixin.py:190} INFO - [2026-04-27T08:02:26.043+0000] {dag.py:4180} INFO - Setting next_dagrun for layers_update to None, run_after=None
[2026-04-27T08:02:26.255+0000] {processor.py:208} INFO - Processing /opt/airflow/dags/layers_update.py took 0.302 seconds
[2026-04-27T08:02:56.375+0000] {processor.py:186} INFO - Started process (PID=394) to work on /opt/airflow/dags/layers_update.py
[2026-04-27T08:02:56.377+0000] {processor.py:914} INFO - Processing file /opt/airflow/dags/layers_update.py for tasks to queue
[2026-04-27T08:02:56.380+0000] {logging_mixin.py:190} INFO - [2026-04-27T08:02:56.380+0000] {dagbag.py:588} INFO - Filling up the DagBag from /opt/airflow/dags/layers_update.py
[2026-04-27T08:02:56.402+0000] {processor.py:925} INFO - DAG(s) 'layers_update' retrieved from /opt/airflow/dags/layers_update.py
[2026-04-27T08:02:56.429+0000] {logging_mixin.py:190} INFO - [2026-04-27T08:02:56.429+0000] {dag.py:3239} INFO - Sync 1 DAGs
[2026-04-27T08:02:56.447+0000] {logging_mixin.py:190} INFO - [2026-04-27T08:02:56.447+0000] {dag.py:4180} INFO - Setting next_dagrun for layers_update to None, run_after=None
[2026-04-27T08:02:56.480+0000] {processor.py:208} INFO - Processing /opt/airflow/dags/layers_update.py took 0.116 seconds
[2026-04-27T08:03:27.016+0000] {processor.py:186} INFO - Started process (PID=397) to work on /opt/airflow/dags/layers_update.py
[2026-04-27T08:03:27.028+0000] {processor.py:914} INFO - Processing file /opt/airflow/dags/layers_update.py for tasks to queue
[2026-04-27T08:03:27.032+0000] {logging_mixin.py:190} INFO - [2026-04-27T08:03:27.032+0000] {dagbag.py:588} INFO - Filling up the DagBag from /opt/airflow/dags/layers_update.py
[2026-04-27T08:03:27.069+0000] {processor.py:925} INFO - DAG(s) 'layers_update' retrieved from /opt/airflow/dags/layers_update.py
[2026-04-27T08:03:27.117+0000] {logging_mixin.py:190} INFO - [2026-04-27T08:03:27.117+0000] {dag.py:3239} INFO - Sync 1 DAGs
[2026-04-27T08:03:27.146+0000] {logging_mixin.py:190} INFO - [2026-04-27T08:03:27.146+0000] {dag.py:4180} INFO - Setting next_dagrun for layers_update to None, run_after=None
[2026-04-27T08:03:27.185+0000] {processor.py:208} INFO - Processing /opt/airflow/dags/layers_update.py took 0.185 seconds
[2026-04-27T08:03:57.455+0000] {processor.py:186} INFO - Started process (PID=400) to work on /opt/airflow/dags/layers_update.py
[2026-04-27T08:03:57.456+0000] {processor.py:914} INFO - Processing file /opt/airflow/dags/layers_update.py for tasks to queue
[2026-04-27T08:03:57.461+0000] {logging_mixin.py:190} INFO - [2026-04-27T08:03:57.460+0000] {dagbag.py:588} INFO - Filling up the DagBag from /opt/airflow/dags/layers_update.py
[2026-04-27T08:03:57.483+0000] {processor.py:925} INFO - DAG(s) 'layers_update' retrieved from /opt/airflow/dags/layers_update.py
[2026-04-27T08:03:57.517+0000] {logging_mixin.py:190} INFO - [2026-04-27T08:03:57.517+0000] {dag.py:3239} INFO - Sync 1 DAGs
[2026-04-27T08:03:57.539+0000] {logging_mixin.py:190} INFO - [2026-04-27T08:03:57.538+0000] {dag.py:4180} INFO - Setting next_dagrun for layers_update to None, run_after=None
[2026-04-27T08:03:57.565+0000] {processor.py:208} INFO - Processing /opt/airflow/dags/layers_update.py took 0.120 seconds
[2026-04-27T08:04:28.101+0000] {processor.py:186} INFO - Started process (PID=403) to work on /opt/airflow/dags/layers_update.py
[2026-04-27T08:04:28.103+0000] {processor.py:914} INFO - Processing file /opt/airflow/dags/layers_update.py for tasks to queue
[2026-04-27T08:04:28.107+0000] {logging_mixin.py:190} INFO - [2026-04-27T08:04:28.106+0000] {dagbag.py:588} INFO - Filling up the DagBag from /opt/airflow/dags/layers_update.py
[2026-04-27T08:04:28.142+0000] {processor.py:925} INFO - DAG(s) 'layers_update' retrieved from /opt/airflow/dags/layers_update.py
[2026-04-27T08:04:28.176+0000] {logging_mixin.py:190} INFO - [2026-04-27T08:04:28.175+0000] {dag.py:3239} INFO - Sync 1 DAGs
[2026-04-27T08:04:28.203+0000] {logging_mixin.py:190} INFO - [2026-04-27T08:04:28.202+0000] {dag.py:4180} INFO - Setting next_dagrun for layers_update to None, run_after=None
[2026-04-27T08:04:28.258+0000] {processor.py:208} INFO - Processing /opt/airflow/dags/layers_update.py took 0.166 seconds
[2026-04-27T08:04:59.225+0000] {processor.py:186} INFO - Started process (PID=406) to work on /opt/airflow/dags/layers_update.py
[2026-04-27T08:04:59.227+0000] {processor.py:914} INFO - Processing file /opt/airflow/dags/layers_update.py for tasks to queue
[2026-04-27T08:04:59.230+0000] {logging_mixin.py:190} INFO - [2026-04-27T08:04:59.230+0000] {dagbag.py:588} INFO - Filling up the DagBag from /opt/airflow/dags/layers_update.py
[2026-04-27T08:04:59.249+0000] {processor.py:925} INFO - DAG(s) 'layers_update' retrieved from /opt/airflow/dags/layers_update.py
[2026-04-27T08:04:59.276+0000] {logging_mixin.py:190} INFO - [2026-04-27T08:04:59.276+0000] {dag.py:3239} INFO - Sync 1 DAGs
[2026-04-27T08:04:59.483+0000] {logging_mixin.py:190} INFO - [2026-04-27T08:04:59.483+0000] {dag.py:4180} INFO - Setting next_dagrun for layers_update to None, run_after=None
[2026-04-27T08:04:59.511+0000] {processor.py:208} INFO - Processing /opt/airflow/dags/layers_update.py took 0.294 seconds
[2026-04-27T08:05:30.567+0000] {processor.py:186} INFO - Started process (PID=409) to work on /opt/airflow/dags/layers_update.py
[2026-04-27T08:05:30.577+0000] {processor.py:914} INFO - Processing file /opt/airflow/dags/layers_update.py for tasks to queue
[2026-04-27T08:05:30.592+0000] {logging_mixin.py:190} INFO - [2026-04-27T08:05:30.590+0000] {dagbag.py:588} INFO - Filling up the DagBag from /opt/airflow/dags/layers_update.py
[2026-04-27T08:05:30.621+0000] {processor.py:925} INFO - DAG(s) 'layers_update' retrieved from /opt/airflow/dags/layers_update.py
[2026-04-27T08:05:30.665+0000] {logging_mixin.py:190} INFO - [2026-04-27T08:05:30.665+0000] {dag.py:3239} INFO - Sync 1 DAGs
[2026-04-27T08:05:30.723+0000] {logging_mixin.py:190} INFO - [2026-04-27T08:05:30.722+0000] {dag.py:4180} INFO - Setting next_dagrun for layers_update to None, run_after=None
[2026-04-27T08:05:30.788+0000] {processor.py:208} INFO - Processing /opt/airflow/dags/layers_update.py took 0.233 seconds
[2026-04-27T08:06:01.376+0000] {processor.py:186} INFO - Started process (PID=412) to work on /opt/airflow/dags/layers_update.py
[2026-04-27T08:06:01.377+0000] {processor.py:914} INFO - Processing file /opt/airflow/dags/layers_update.py for tasks to queue
[2026-04-27T08:06:01.381+0000] {logging_mixin.py:190} INFO - [2026-04-27T08:06:01.380+0000] {dagbag.py:588} INFO - Filling up the DagBag from /opt/airflow/dags/layers_update.py
[2026-04-27T08:06:01.404+0000] {processor.py:925} INFO - DAG(s) 'layers_update' retrieved from /opt/airflow/dags/layers_update.py
[2026-04-27T08:06:01.430+0000] {logging_mixin.py:190} INFO - [2026-04-27T08:06:01.429+0000] {dag.py:3239} INFO - Sync 1 DAGs
[2026-04-27T08:06:01.449+0000] {logging_mixin.py:190} INFO - [2026-04-27T08:06:01.449+0000] {dag.py:4180} INFO - Setting next_dagrun for layers_update to None, run_after=None
[2026-04-27T08:06:01.472+0000] {processor.py:208} INFO - Processing /opt/airflow/dags/layers_update.py took 0.105 seconds
[2026-04-27T08:06:32.170+0000] {processor.py:186} INFO - Started process (PID=415) to work on /opt/airflow/dags/layers_update.py
[2026-04-27T08:06:32.173+0000] {processor.py:914} INFO - Processing file /opt/airflow/dags/layers_update.py for tasks to queue
[2026-04-27T08:06:32.177+0000] {logging_mixin.py:190} INFO - [2026-04-27T08:06:32.176+0000] {dagbag.py:588} INFO - Filling up the DagBag from /opt/airflow/dags/layers_update.py
[2026-04-27T08:06:32.210+0000] {processor.py:925} INFO - DAG(s) 'layers_update' retrieved from /opt/airflow/dags/layers_update.py
[2026-04-27T08:06:32.256+0000] {logging_mixin.py:190} INFO - [2026-04-27T08:06:32.255+0000] {dag.py:3239} INFO - Sync 1 DAGs
[2026-04-27T08:06:32.281+0000] {logging_mixin.py:190} INFO - [2026-04-27T08:06:32.281+0000] {dag.py:4180} INFO - Setting next_dagrun for layers_update to None, run_after=None
[2026-04-27T08:06:32.310+0000] {processor.py:208} INFO - Processing /opt/airflow/dags/layers_update.py took 0.150 seconds
[2026-04-27T08:07:02.764+0000] {processor.py:186} INFO - Started process (PID=418) to work on /opt/airflow/dags/layers_update.py
[2026-04-27T08:07:02.766+0000] {processor.py:914} INFO - Processing file /opt/airflow/dags/layers_update.py for tasks to queue
[2026-04-27T08:07:02.771+0000] {logging_mixin.py:190} INFO - [2026-04-27T08:07:02.770+0000] {dagbag.py:588} INFO - Filling up the DagBag from /opt/airflow/dags/layers_update.py
[2026-04-27T08:07:02.794+0000] {processor.py:925} INFO - DAG(s) 'layers_update' retrieved from /opt/airflow/dags/layers_update.py
[2026-04-27T08:07:02.824+0000] {logging_mixin.py:190} INFO - [2026-04-27T08:07:02.824+0000] {dag.py:3239} INFO - Sync 1 DAGs
[2026-04-27T08:07:02.844+0000] {logging_mixin.py:190} INFO - [2026-04-27T08:07:02.844+0000] {dag.py:4180} INFO - Setting next_dagrun for layers_update to None, run_after=None
[2026-04-27T08:07:02.874+0000] {processor.py:208} INFO - Processing /opt/airflow/dags/layers_update.py took 0.118 seconds
[2026-04-27T08:07:33.888+0000] {processor.py:186} INFO - Started process (PID=421) to work on /opt/airflow/dags/layers_update.py
[2026-04-27T08:07:33.889+0000] {processor.py:914} INFO - Processing file /opt/airflow/dags/layers_update.py for tasks to queue
[2026-04-27T08:07:33.892+0000] {logging_mixin.py:190} INFO - [2026-04-27T08:07:33.892+0000] {dagbag.py:588} INFO - Filling up the DagBag from /opt/airflow/dags/layers_update.py
[2026-04-27T08:07:33.928+0000] {processor.py:925} INFO - DAG(s) 'layers_update' retrieved from /opt/airflow/dags/layers_update.py
[2026-04-27T08:07:33.968+0000] {logging_mixin.py:190} INFO - [2026-04-27T08:07:33.968+0000] {dag.py:3239} INFO - Sync 1 DAGs
[2026-04-27T08:07:34.263+0000] {logging_mixin.py:190} INFO - [2026-04-27T08:07:34.263+0000] {dag.py:4180} INFO - Setting next_dagrun for layers_update to None, run_after=None
[2026-04-27T08:07:34.297+0000] {processor.py:208} INFO - Processing /opt/airflow/dags/layers_update.py took 0.419 seconds
[2026-04-27T08:08:04.848+0000] {processor.py:186} INFO - Started process (PID=424) to work on /opt/airflow/dags/layers_update.py
[2026-04-27T08:08:04.855+0000] {processor.py:914} INFO - Processing file /opt/airflow/dags/layers_update.py for tasks to queue
[2026-04-27T08:08:04.868+0000] {logging_mixin.py:190} INFO - [2026-04-27T08:08:04.867+0000] {dagbag.py:588} INFO - Filling up the DagBag from /opt/airflow/dags/layers_update.py
[2026-04-27T08:08:04.919+0000] {processor.py:925} INFO - DAG(s) 'layers_update' retrieved from /opt/airflow/dags/layers_update.py
[2026-04-27T08:08:04.974+0000] {logging_mixin.py:190} INFO - [2026-04-27T08:08:04.973+0000] {dag.py:3239} INFO - Sync 1 DAGs
[2026-04-27T08:08:05.060+0000] {logging_mixin.py:190} INFO - [2026-04-27T08:08:05.059+0000] {dag.py:4180} INFO - Setting next_dagrun for layers_update to None, run_after=None
[2026-04-27T08:08:07.386+0000] {processor.py:208} INFO - Processing /opt/airflow/dags/layers_update.py took 2.556 seconds
[2026-04-27T08:08:38.420+0000] {processor.py:186} INFO - Started process (PID=427) to work on /opt/airflow/dags/layers_update.py
[2026-04-27T08:08:38.422+0000] {processor.py:914} INFO - Processing file /opt/airflow/dags/layers_update.py for tasks to queue
[2026-04-27T08:08:38.426+0000] {logging_mixin.py:190} INFO - [2026-04-27T08:08:38.426+0000] {dagbag.py:588} INFO - Filling up the DagBag from /opt/airflow/dags/layers_update.py
[2026-04-27T08:08:38.451+0000] {processor.py:925} INFO - DAG(s) 'layers_update' retrieved from /opt/airflow/dags/layers_update.py
[2026-04-27T08:08:38.482+0000] {logging_mixin.py:190} INFO - [2026-04-27T08:08:38.482+0000] {dag.py:3239} INFO - Sync 1 DAGs
[2026-04-27T08:08:38.503+0000] {logging_mixin.py:190} INFO - [2026-04-27T08:08:38.503+0000] {dag.py:4180} INFO - Setting next_dagrun for layers_update to None, run_after=None
[2026-04-27T08:08:38.532+0000] {processor.py:208} INFO - Processing /opt/airflow/dags/layers_update.py took 0.121 seconds
[2026-04-27T08:09:09.010+0000] {processor.py:186} INFO - Started process (PID=430) to work on /opt/airflow/dags/layers_update.py
[2026-04-27T08:09:09.012+0000] {processor.py:914} INFO - Processing file /opt/airflow/dags/layers_update.py for tasks to queue
[2026-04-27T08:09:09.015+0000] {logging_mixin.py:190} INFO - [2026-04-27T08:09:09.014+0000] {dagbag.py:588} INFO - Filling up the DagBag from /opt/airflow/dags/layers_update.py
[2026-04-27T08:09:09.034+0000] {processor.py:925} INFO - DAG(s) 'layers_update' retrieved from /opt/airflow/dags/layers_update.py
[2026-04-27T08:09:09.062+0000] {logging_mixin.py:190} INFO - [2026-04-27T08:09:09.061+0000] {dag.py:3239} INFO - Sync 1 DAGs
[2026-04-27T08:09:09.081+0000] {logging_mixin.py:190} INFO - [2026-04-27T08:09:09.081+0000] {dag.py:4180} INFO - Setting next_dagrun for layers_update to None, run_after=None
[2026-04-27T08:09:09.107+0000] {processor.py:208} INFO - Processing /opt/airflow/dags/layers_update.py took 0.106 seconds
[2026-04-27T08:09:39.610+0000] {processor.py:186} INFO - Started process (PID=433) to work on /opt/airflow/dags/layers_update.py
[2026-04-27T08:09:39.613+0000] {processor.py:914} INFO - Processing file /opt/airflow/dags/layers_update.py for tasks to queue
[2026-04-27T08:09:39.618+0000] {logging_mixin.py:190} INFO - [2026-04-27T08:09:39.617+0000] {dagbag.py:588} INFO - Filling up the DagBag from /opt/airflow/dags/layers_update.py
[2026-04-27T08:09:39.645+0000] {processor.py:925} INFO - DAG(s) 'layers_update' retrieved from /opt/airflow/dags/layers_update.py
[2026-04-27T08:09:39.680+0000] {logging_mixin.py:190} INFO - [2026-04-27T08:09:39.679+0000] {dag.py:3239} INFO - Sync 1 DAGs
[2026-04-27T08:09:39.700+0000] {logging_mixin.py:190} INFO - [2026-04-27T08:09:39.700+0000] {dag.py:4180} INFO - Setting next_dagrun for layers_update to None, run_after=None
[2026-04-27T08:09:39.729+0000] {processor.py:208} INFO - Processing /opt/airflow/dags/layers_update.py took 0.137 seconds
[2026-04-27T08:10:10.363+0000] {processor.py:186} INFO - Started process (PID=436) to work on /opt/airflow/dags/layers_update.py
[2026-04-27T08:10:10.365+0000] {processor.py:914} INFO - Processing file /opt/airflow/dags/layers_update.py for tasks to queue
[2026-04-27T08:10:10.371+0000] {logging_mixin.py:190} INFO - [2026-04-27T08:10:10.371+0000] {dagbag.py:588} INFO - Filling up the DagBag from /opt/airflow/dags/layers_update.py
[2026-04-27T08:10:10.413+0000] {processor.py:925} INFO - DAG(s) 'layers_update' retrieved from /opt/airflow/dags/layers_update.py
[2026-04-27T08:10:10.442+0000] {logging_mixin.py:190} INFO - [2026-04-27T08:10:10.441+0000] {dag.py:3239} INFO - Sync 1 DAGs
[2026-04-27T08:10:10.460+0000] {logging_mixin.py:190} INFO - [2026-04-27T08:10:10.460+0000] {dag.py:4180} INFO - Setting next_dagrun for layers_update to None, run_after=None
[2026-04-27T08:10:10.484+0000] {processor.py:208} INFO - Processing /opt/airflow/dags/layers_update.py took 0.133 seconds
[2026-04-27T08:10:40.998+0000] {processor.py:186} INFO - Started process (PID=439) to work on /opt/airflow/dags/layers_update.py
[2026-04-27T08:10:41.000+0000] {processor.py:914} INFO - Processing file /opt/airflow/dags/layers_update.py for tasks to queue
[2026-04-27T08:10:41.006+0000] {logging_mixin.py:190} INFO - [2026-04-27T08:10:41.005+0000] {dagbag.py:588} INFO - Filling up the DagBag from /opt/airflow/dags/layers_update.py
[2026-04-27T08:10:41.059+0000] {processor.py:925} INFO - DAG(s) 'layers_update' retrieved from /opt/airflow/dags/layers_update.py
[2026-04-27T08:10:41.106+0000] {logging_mixin.py:190} INFO - [2026-04-27T08:10:41.106+0000] {dag.py:3239} INFO - Sync 1 DAGs
[2026-04-27T08:10:41.133+0000] {logging_mixin.py:190} INFO - [2026-04-27T08:10:41.133+0000] {dag.py:4180} INFO - Setting next_dagrun for layers_update to None, run_after=None
[2026-04-27T08:10:41.168+0000] {processor.py:208} INFO - Processing /opt/airflow/dags/layers_update.py took 0.184 seconds
[2026-04-27T08:11:11.846+0000] {processor.py:186} INFO - Started process (PID=442) to work on /opt/airflow/dags/layers_update.py
[2026-04-27T08:11:11.847+0000] {processor.py:914} INFO - Processing file /opt/airflow/dags/layers_update.py for tasks to queue
[2026-04-27T08:11:11.851+0000] {logging_mixin.py:190} INFO - [2026-04-27T08:11:11.850+0000] {dagbag.py:588} INFO - Filling up the DagBag from /opt/airflow/dags/layers_update.py
[2026-04-27T08:11:11.876+0000] {processor.py:925} INFO - DAG(s) 'layers_update' retrieved from /opt/airflow/dags/layers_update.py
[2026-04-27T08:11:11.913+0000] {logging_mixin.py:190} INFO - [2026-04-27T08:11:11.912+0000] {dag.py:3239} INFO - Sync 1 DAGs
[2026-04-27T08:11:11.932+0000] {logging_mixin.py:190} INFO - [2026-04-27T08:11:11.931+0000] {dag.py:4180} INFO - Setting next_dagrun for layers_update to None, run_after=None
[2026-04-27T08:11:11.973+0000] {processor.py:208} INFO - Processing /opt/airflow/dags/layers_update.py took 0.140 seconds
[2026-04-27T08:11:42.676+0000] {processor.py:186} INFO - Started process (PID=445) to work on /opt/airflow/dags/layers_update.py
[2026-04-27T08:11:42.678+0000] {processor.py:914} INFO - Processing file /opt/airflow/dags/layers_update.py for tasks to queue
[2026-04-27T08:11:42.681+0000] {logging_mixin.py:190} INFO - [2026-04-27T08:11:42.680+0000] {dagbag.py:588} INFO - Filling up the DagBag from /opt/airflow/dags/layers_update.py
[2026-04-27T08:11:42.715+0000] {processor.py:925} INFO - DAG(s) 'layers_update' retrieved from /opt/airflow/dags/layers_update.py
[2026-04-27T08:11:42.750+0000] {logging_mixin.py:190} INFO - [2026-04-27T08:11:42.750+0000] {dag.py:3239} INFO - Sync 1 DAGs
[2026-04-27T08:11:42.770+0000] {logging_mixin.py:190} INFO - [2026-04-27T08:11:42.770+0000] {dag.py:4180} INFO - Setting next_dagrun for layers_update to None, run_after=None
[2026-04-27T08:11:42.794+0000] {processor.py:208} INFO - Processing /opt/airflow/dags/layers_update.py took 0.128 seconds
[2026-04-27T08:12:13.251+0000] {processor.py:186} INFO - Started process (PID=448) to work on /opt/airflow/dags/layers_update.py
[2026-04-27T08:12:13.252+0000] {processor.py:914} INFO - Processing file /opt/airflow/dags/layers_update.py for tasks to queue
[2026-04-27T08:12:13.256+0000] {logging_mixin.py:190} INFO - [2026-04-27T08:12:13.256+0000] {dagbag.py:588} INFO - Filling up the DagBag from /opt/airflow/dags/layers_update.py
[2026-04-27T08:12:13.290+0000] {processor.py:925} INFO - DAG(s) 'layers_update' retrieved from /opt/airflow/dags/layers_update.py
[2026-04-27T08:12:13.358+0000] {logging_mixin.py:190} INFO - [2026-04-27T08:12:13.357+0000] {dag.py:3239} INFO - Sync 1 DAGs
[2026-04-27T08:12:13.389+0000] {logging_mixin.py:190} INFO - [2026-04-27T08:12:13.388+0000] {dag.py:4180} INFO - Setting next_dagrun for layers_update to None, run_after=None
[2026-04-27T08:12:13.668+0000] {processor.py:208} INFO - Processing /opt/airflow/dags/layers_update.py took 0.427 seconds
[2026-04-27T08:12:44.047+0000] {processor.py:186} INFO - Started process (PID=451) to work on /opt/airflow/dags/layers_update.py
[2026-04-27T08:12:44.052+0000] {processor.py:914} INFO - Processing file /opt/airflow/dags/layers_update.py for tasks to queue
[2026-04-27T08:12:44.061+0000] {logging_mixin.py:190} INFO - [2026-04-27T08:12:44.060+0000] {dagbag.py:588} INFO - Filling up the DagBag from /opt/airflow/dags/layers_update.py
[2026-04-27T08:12:44.099+0000] {processor.py:925} INFO - DAG(s) 'layers_update' retrieved from /opt/airflow/dags/layers_update.py
[2026-04-27T08:12:44.161+0000] {logging_mixin.py:190} INFO - [2026-04-27T08:12:44.160+0000] {dag.py:3239} INFO - Sync 1 DAGs
[2026-04-27T08:12:44.237+0000] {logging_mixin.py:190} INFO - [2026-04-27T08:12:44.236+0000] {dag.py:4180} INFO - Setting next_dagrun for layers_update to None, run_after=None
[2026-04-27T08:12:46.833+0000] {processor.py:208} INFO - Processing /opt/airflow/dags/layers_update.py took 2.800 seconds
[2026-04-27T08:13:17.413+0000] {processor.py:186} INFO - Started process (PID=454) to work on /opt/airflow/dags/layers_update.py
[2026-04-27T08:13:17.423+0000] {processor.py:914} INFO - Processing file /opt/airflow/dags/layers_update.py for tasks to queue
[2026-04-27T08:13:17.429+0000] {logging_mixin.py:190} INFO - [2026-04-27T08:13:17.428+0000] {dagbag.py:588} INFO - Filling up the DagBag from /opt/airflow/dags/layers_update.py
[2026-04-27T08:13:17.452+0000] {processor.py:925} INFO - DAG(s) 'layers_update' retrieved from /opt/airflow/dags/layers_update.py
[2026-04-27T08:13:17.495+0000] {logging_mixin.py:190} INFO - [2026-04-27T08:13:17.494+0000] {dag.py:3239} INFO - Sync 1 DAGs
[2026-04-27T08:13:17.520+0000] {logging_mixin.py:190} INFO - [2026-04-27T08:13:17.520+0000] {dag.py:4180} INFO - Setting next_dagrun for layers_update to None, run_after=None
[2026-04-27T08:13:17.625+0000] {processor.py:208} INFO - Processing /opt/airflow/dags/layers_update.py took 0.222 seconds
[2026-04-27T08:13:48.028+0000] {processor.py:186} INFO - Started process (PID=457) to work on /opt/airflow/dags/layers_update.py
[2026-04-27T08:13:48.030+0000] {processor.py:914} INFO - Processing file /opt/airflow/dags/layers_update.py for tasks to queue
[2026-04-27T08:13:48.034+0000] {logging_mixin.py:190} INFO - [2026-04-27T08:13:48.033+0000] {dagbag.py:588} INFO - Filling up the DagBag from /opt/airflow/dags/layers_update.py
[2026-04-27T08:13:48.066+0000] {processor.py:925} INFO - DAG(s) 'layers_update' retrieved from /opt/airflow/dags/layers_update.py
[2026-04-27T08:13:48.109+0000] {logging_mixin.py:190} INFO - [2026-04-27T08:13:48.109+0000] {dag.py:3239} INFO - Sync 1 DAGs
[2026-04-27T08:13:48.138+0000] {logging_mixin.py:190} INFO - [2026-04-27T08:13:48.138+0000] {dag.py:4180} INFO - Setting next_dagrun for layers_update to None, run_after=None
[2026-04-27T08:13:48.178+0000] {processor.py:208} INFO - Processing /opt/airflow/dags/layers_update.py took 0.167 seconds
[2026-04-27T08:14:18.819+0000] {processor.py:186} INFO - Started process (PID=460) to work on /opt/airflow/dags/layers_update.py
[2026-04-27T08:14:18.821+0000] {processor.py:914} INFO - Processing file /opt/airflow/dags/layers_update.py for tasks to queue
[2026-04-27T08:14:18.826+0000] {logging_mixin.py:190} INFO - [2026-04-27T08:14:18.825+0000] {dagbag.py:588} INFO - Filling up the DagBag from /opt/airflow/dags/layers_update.py
[2026-04-27T08:14:18.851+0000] {processor.py:925} INFO - DAG(s) 'layers_update' retrieved from /opt/airflow/dags/layers_update.py
[2026-04-27T08:14:18.888+0000] {logging_mixin.py:190} INFO - [2026-04-27T08:14:18.887+0000] {dag.py:3239} INFO - Sync 1 DAGs
[2026-04-27T08:14:18.911+0000] {logging_mixin.py:190} INFO - [2026-04-27T08:14:18.910+0000] {dag.py:4180} INFO - Setting next_dagrun for layers_update to None, run_after=None
[2026-04-27T08:14:18.944+0000] {processor.py:208} INFO - Processing /opt/airflow/dags/layers_update.py took 0.141 seconds
[2026-04-27T08:14:49.343+0000] {processor.py:186} INFO - Started process (PID=463) to work on /opt/airflow/dags/layers_update.py
[2026-04-27T08:14:49.346+0000] {processor.py:914} INFO - Processing file /opt/airflow/dags/layers_update.py for tasks to queue
[2026-04-27T08:14:49.364+0000] {logging_mixin.py:190} INFO - [2026-04-27T08:14:49.364+0000] {dagbag.py:588} INFO - Filling up the DagBag from /opt/airflow/dags/layers_update.py
[2026-04-27T08:14:49.420+0000] {processor.py:925} INFO - DAG(s) 'layers_update' retrieved from /opt/airflow/dags/layers_update.py
[2026-04-27T08:14:49.453+0000] {logging_mixin.py:190} INFO - [2026-04-27T08:14:49.453+0000] {dag.py:3239} INFO - Sync 1 DAGs
[2026-04-27T08:14:49.473+0000] {logging_mixin.py:190} INFO - [2026-04-27T08:14:49.473+0000] {dag.py:4180} INFO - Setting next_dagrun for layers_update to None, run_after=None
[2026-04-27T08:14:49.848+0000] {processor.py:208} INFO - Processing /opt/airflow/dags/layers_update.py took 0.518 seconds
[2026-04-27T08:15:19.986+0000] {processor.py:186} INFO - Started process (PID=466) to work on /opt/airflow/dags/layers_update.py
[2026-04-27T08:15:19.988+0000] {processor.py:914} INFO - Processing file /opt/airflow/dags/layers_update.py for tasks to queue
[2026-04-27T08:15:19.993+0000] {logging_mixin.py:190} INFO - [2026-04-27T08:15:19.992+0000] {dagbag.py:588} INFO - Filling up the DagBag from /opt/airflow/dags/layers_update.py
[2026-04-27T08:15:20.019+0000] {processor.py:925} INFO - DAG(s) 'layers_update' retrieved from /opt/airflow/dags/layers_update.py
[2026-04-27T08:15:20.056+0000] {logging_mixin.py:190} INFO - [2026-04-27T08:15:20.056+0000] {dag.py:3239} INFO - Sync 1 DAGs
[2026-04-27T08:15:20.280+0000] {logging_mixin.py:190} INFO - [2026-04-27T08:15:20.279+0000] {dag.py:4180} INFO - Setting next_dagrun for layers_update to None, run_after=None
[2026-04-27T08:15:20.303+0000] {processor.py:208} INFO - Processing /opt/airflow/dags/layers_update.py took 0.328 seconds
[2026-04-27T08:15:50.728+0000] {processor.py:186} INFO - Started process (PID=469) to work on /opt/airflow/dags/layers_update.py
[2026-04-27T08:15:50.730+0000] {processor.py:914} INFO - Processing file /opt/airflow/dags/layers_update.py for tasks to queue
[2026-04-27T08:15:50.734+0000] {logging_mixin.py:190} INFO - [2026-04-27T08:15:50.733+0000] {dagbag.py:588} INFO - Filling up the DagBag from /opt/airflow/dags/layers_update.py
[2026-04-27T08:15:50.759+0000] {processor.py:925} INFO - DAG(s) 'layers_update' retrieved from /opt/airflow/dags/layers_update.py
[2026-04-27T08:15:50.794+0000] {logging_mixin.py:190} INFO - [2026-04-27T08:15:50.794+0000] {dag.py:3239} INFO - Sync 1 DAGs
[2026-04-27T08:15:50.816+0000] {logging_mixin.py:190} INFO - [2026-04-27T08:15:50.816+0000] {dag.py:4180} INFO - Setting next_dagrun for layers_update to None, run_after=None
[2026-04-27T08:15:50.850+0000] {processor.py:208} INFO - Processing /opt/airflow/dags/layers_update.py took 0.133 seconds
[2026-04-27T08:16:21.454+0000] {processor.py:186} INFO - Started process (PID=472) to work on /opt/airflow/dags/layers_update.py
[2026-04-27T08:16:21.473+0000] {processor.py:914} INFO - Processing file /opt/airflow/dags/layers_update.py for tasks to queue
[2026-04-27T08:16:21.505+0000] {logging_mixin.py:190} INFO - [2026-04-27T08:16:21.505+0000] {dagbag.py:588} INFO - Filling up the DagBag from /opt/airflow/dags/layers_update.py
[2026-04-27T08:16:21.662+0000] {processor.py:925} INFO - DAG(s) 'layers_update' retrieved from /opt/airflow/dags/layers_update.py
[2026-04-27T08:16:21.821+0000] {logging_mixin.py:190} INFO - [2026-04-27T08:16:21.821+0000] {dag.py:3239} INFO - Sync 1 DAGs
[2026-04-27T08:16:21.871+0000] {logging_mixin.py:190} INFO - [2026-04-27T08:16:21.871+0000] {dag.py:4180} INFO - Setting next_dagrun for layers_update to None, run_after=None
[2026-04-27T08:16:21.973+0000] {processor.py:208} INFO - Processing /opt/airflow/dags/layers_update.py took 0.539 seconds
[2026-04-27T08:16:52.486+0000] {processor.py:186} INFO - Started process (PID=475) to work on /opt/airflow/dags/layers_update.py
[2026-04-27T08:16:52.497+0000] {processor.py:914} INFO - Processing file /opt/airflow/dags/layers_update.py for tasks to queue
[2026-04-27T08:16:52.501+0000] {logging_mixin.py:190} INFO - [2026-04-27T08:16:52.500+0000] {dagbag.py:588} INFO - Filling up the DagBag from /opt/airflow/dags/layers_update.py
[2026-04-27T08:16:52.531+0000] {processor.py:925} INFO - DAG(s) 'layers_update' retrieved from /opt/airflow/dags/layers_update.py
[2026-04-27T08:16:52.569+0000] {logging_mixin.py:190} INFO - [2026-04-27T08:16:52.569+0000] {dag.py:3239} INFO - Sync 1 DAGs
[2026-04-27T08:16:52.623+0000] {logging_mixin.py:190} INFO - [2026-04-27T08:16:52.622+0000] {dag.py:4180} INFO - Setting next_dagrun for layers_update to None, run_after=None
[2026-04-27T08:16:52.673+0000] {processor.py:208} INFO - Processing /opt/airflow/dags/layers_update.py took 0.200 seconds
[2026-04-27T08:17:22.815+0000] {processor.py:186} INFO - Started process (PID=477) to work on /opt/airflow/dags/layers_update.py
[2026-04-27T08:17:22.817+0000] {processor.py:914} INFO - Processing file /opt/airflow/dags/layers_update.py for tasks to queue
[2026-04-27T08:17:22.820+0000] {logging_mixin.py:190} INFO - [2026-04-27T08:17:22.820+0000] {dagbag.py:588} INFO - Filling up the DagBag from /opt/airflow/dags/layers_update.py
[2026-04-27T08:17:22.850+0000] {processor.py:925} INFO - DAG(s) 'layers_update' retrieved from /opt/airflow/dags/layers_update.py
[2026-04-27T08:17:22.884+0000] {logging_mixin.py:190} INFO - [2026-04-27T08:17:22.883+0000] {dag.py:3239} INFO - Sync 1 DAGs
[2026-04-27T08:17:22.911+0000] {logging_mixin.py:190} INFO - [2026-04-27T08:17:22.911+0000] {dag.py:4180} INFO - Setting next_dagrun for layers_update to None, run_after=None
[2026-04-27T08:17:23.230+0000] {processor.py:208} INFO - Processing /opt/airflow/dags/layers_update.py took 0.424 seconds
[2026-04-27T08:17:53.486+0000] {processor.py:186} INFO - Started process (PID=480) to work on /opt/airflow/dags/layers_update.py
[2026-04-27T08:17:53.490+0000] {processor.py:914} INFO - Processing file /opt/airflow/dags/layers_update.py for tasks to queue
[2026-04-27T08:17:53.500+0000] {logging_mixin.py:190} INFO - [2026-04-27T08:17:53.500+0000] {dagbag.py:588} INFO - Filling up the DagBag from /opt/airflow/dags/layers_update.py
[2026-04-27T08:17:53.533+0000] {processor.py:925} INFO - DAG(s) 'layers_update' retrieved from /opt/airflow/dags/layers_update.py
[2026-04-27T08:17:53.568+0000] {logging_mixin.py:190} INFO - [2026-04-27T08:17:53.568+0000] {dag.py:3239} INFO - Sync 1 DAGs
[2026-04-27T08:17:54.038+0000] {logging_mixin.py:190} INFO - [2026-04-27T08:17:54.037+0000] {dag.py:4180} INFO - Setting next_dagrun for layers_update to None, run_after=None
[2026-04-27T08:17:54.157+0000] {processor.py:208} INFO - Processing /opt/airflow/dags/layers_update.py took 0.688 seconds
[2026-04-27T08:18:24.311+0000] {processor.py:186} INFO - Started process (PID=483) to work on /opt/airflow/dags/layers_update.py
[2026-04-27T08:18:24.313+0000] {processor.py:914} INFO - Processing file /opt/airflow/dags/layers_update.py for tasks to queue
[2026-04-27T08:18:24.316+0000] {logging_mixin.py:190} INFO - [2026-04-27T08:18:24.316+0000] {dagbag.py:588} INFO - Filling up the DagBag from /opt/airflow/dags/layers_update.py
[2026-04-27T08:18:24.365+0000] {processor.py:925} INFO - DAG(s) 'layers_update' retrieved from /opt/airflow/dags/layers_update.py
[2026-04-27T08:18:24.414+0000] {logging_mixin.py:190} INFO - [2026-04-27T08:18:24.413+0000] {dag.py:3239} INFO - Sync 1 DAGs
[2026-04-27T08:18:24.447+0000] {logging_mixin.py:190} INFO - [2026-04-27T08:18:24.447+0000] {dag.py:4180} INFO - Setting next_dagrun for layers_update to None, run_after=None
[2026-04-27T08:18:24.483+0000] {processor.py:208} INFO - Processing /opt/airflow/dags/layers_update.py took 0.181 seconds
[2026-04-27T08:18:55.060+0000] {processor.py:186} INFO - Started process (PID=486) to work on /opt/airflow/dags/layers_update.py
[2026-04-27T08:18:55.064+0000] {processor.py:914} INFO - Processing file /opt/airflow/dags/layers_update.py for tasks to queue
[2026-04-27T08:18:55.067+0000] {logging_mixin.py:190} INFO - [2026-04-27T08:18:55.067+0000] {dagbag.py:588} INFO - Filling up the DagBag from /opt/airflow/dags/layers_update.py
[2026-04-27T08:18:55.093+0000] {processor.py:925} INFO - DAG(s) 'layers_update' retrieved from /opt/airflow/dags/layers_update.py
[2026-04-27T08:18:55.128+0000] {logging_mixin.py:190} INFO - [2026-04-27T08:18:55.127+0000] {dag.py:3239} INFO - Sync 1 DAGs
[2026-04-27T08:18:55.153+0000] {logging_mixin.py:190} INFO - [2026-04-27T08:18:55.152+0000] {dag.py:4180} INFO - Setting next_dagrun for layers_update to None, run_after=None
[2026-04-27T08:18:55.188+0000] {processor.py:208} INFO - Processing /opt/airflow/dags/layers_update.py took 0.137 seconds
[2026-04-27T08:19:25.930+0000] {processor.py:186} INFO - Started process (PID=489) to work on /opt/airflow/dags/layers_update.py
[2026-04-27T08:19:25.935+0000] {processor.py:914} INFO - Processing file /opt/airflow/dags/layers_update.py for tasks to queue
[2026-04-27T08:19:25.939+0000] {logging_mixin.py:190} INFO - [2026-04-27T08:19:25.939+0000] {dagbag.py:588} INFO - Filling up the DagBag from /opt/airflow/dags/layers_update.py
[2026-04-27T08:19:25.967+0000] {processor.py:925} INFO - DAG(s) 'layers_update' retrieved from /opt/airflow/dags/layers_update.py
[2026-04-27T08:19:26.021+0000] {logging_mixin.py:190} INFO - [2026-04-27T08:19:26.020+0000] {dag.py:3239} INFO - Sync 1 DAGs
[2026-04-27T08:19:26.078+0000] {logging_mixin.py:190} INFO - [2026-04-27T08:19:26.077+0000] {dag.py:4180} INFO - Setting next_dagrun for layers_update to None, run_after=None
[2026-04-27T08:19:26.125+0000] {processor.py:208} INFO - Processing /opt/airflow/dags/layers_update.py took 0.208 seconds
[2026-04-27T08:19:56.401+0000] {processor.py:186} INFO - Started process (PID=492) to work on /opt/airflow/dags/layers_update.py
[2026-04-27T08:19:56.403+0000] {processor.py:914} INFO - Processing file /opt/airflow/dags/layers_update.py for tasks to queue
[2026-04-27T08:19:56.409+0000] {logging_mixin.py:190} INFO - [2026-04-27T08:19:56.409+0000] {dagbag.py:588} INFO - Filling up the DagBag from /opt/airflow/dags/layers_update.py
[2026-04-27T08:19:56.452+0000] {processor.py:925} INFO - DAG(s) 'layers_update' retrieved from /opt/airflow/dags/layers_update.py
[2026-04-27T08:19:56.488+0000] {logging_mixin.py:190} INFO - [2026-04-27T08:19:56.487+0000] {dag.py:3239} INFO - Sync 1 DAGs
[2026-04-27T08:19:56.515+0000] {logging_mixin.py:190} INFO - [2026-04-27T08:19:56.515+0000] {dag.py:4180} INFO - Setting next_dagrun for layers_update to None, run_after=None
[2026-04-27T08:19:58.964+0000] {processor.py:208} INFO - Processing /opt/airflow/dags/layers_update.py took 2.573 seconds
[2026-04-27T08:20:29.451+0000] {processor.py:186} INFO - Started process (PID=495) to work on /opt/airflow/dags/layers_update.py
[2026-04-27T08:20:29.453+0000] {processor.py:914} INFO - Processing file /opt/airflow/dags/layers_update.py for tasks to queue
[2026-04-27T08:20:29.457+0000] {logging_mixin.py:190} INFO - [2026-04-27T08:20:29.456+0000] {dagbag.py:588} INFO - Filling up the DagBag from /opt/airflow/dags/layers_update.py
[2026-04-27T08:20:29.485+0000] {processor.py:925} INFO - DAG(s) 'layers_update' retrieved from /opt/airflow/dags/layers_update.py
[2026-04-27T08:20:29.530+0000] {logging_mixin.py:190} INFO - [2026-04-27T08:20:29.530+0000] {dag.py:3239} INFO - Sync 1 DAGs
[2026-04-27T08:20:29.873+0000] {logging_mixin.py:190} INFO - [2026-04-27T08:20:29.873+0000] {dag.py:4180} INFO - Setting next_dagrun for layers_update to None, run_after=None
[2026-04-27T08:20:29.909+0000] {processor.py:208} INFO - Processing /opt/airflow/dags/layers_update.py took 0.469 seconds
[2026-04-27T08:21:00.291+0000] {processor.py:186} INFO - Started process (PID=498) to work on /opt/airflow/dags/layers_update.py
[2026-04-27T08:21:00.292+0000] {processor.py:914} INFO - Processing file /opt/airflow/dags/layers_update.py for tasks to queue
[2026-04-27T08:21:00.296+0000] {logging_mixin.py:190} INFO - [2026-04-27T08:21:00.296+0000] {dagbag.py:588} INFO - Filling up the DagBag from /opt/airflow/dags/layers_update.py
[2026-04-27T08:21:00.324+0000] {processor.py:925} INFO - DAG(s) 'layers_update' retrieved from /opt/airflow/dags/layers_update.py
[2026-04-27T08:21:00.365+0000] {logging_mixin.py:190} INFO - [2026-04-27T08:21:00.364+0000] {dag.py:3239} INFO - Sync 1 DAGs
[2026-04-27T08:21:00.387+0000] {logging_mixin.py:190} INFO - [2026-04-27T08:21:00.387+0000] {dag.py:4180} INFO - Setting next_dagrun for layers_update to None, run_after=None
[2026-04-27T08:21:00.420+0000] {processor.py:208} INFO - Processing /opt/airflow/dags/layers_update.py took 0.137 seconds
[2026-04-27T08:21:30.919+0000] {processor.py:186} INFO - Started process (PID=501) to work on /opt/airflow/dags/layers_update.py
[2026-04-27T08:21:30.932+0000] {processor.py:914} INFO - Processing file /opt/airflow/dags/layers_update.py for tasks to queue
[2026-04-27T08:21:30.936+0000] {logging_mixin.py:190} INFO - [2026-04-27T08:21:30.935+0000] {dagbag.py:588} INFO - Filling up the DagBag from /opt/airflow/dags/layers_update.py
[2026-04-27T08:21:30.967+0000] {processor.py:925} INFO - DAG(s) 'layers_update' retrieved from /opt/airflow/dags/layers_update.py
[2026-04-27T08:21:31.030+0000] {logging_mixin.py:190} INFO - [2026-04-27T08:21:31.025+0000] {dag.py:3239} INFO - Sync 1 DAGs
[2026-04-27T08:21:31.051+0000] {logging_mixin.py:190} INFO - [2026-04-27T08:21:31.051+0000] {dag.py:4180} INFO - Setting next_dagrun for layers_update to None, run_after=None
[2026-04-27T08:21:31.104+0000] {processor.py:208} INFO - Processing /opt/airflow/dags/layers_update.py took 0.196 seconds
[2026-04-27T08:22:01.494+0000] {processor.py:186} INFO - Started process (PID=504) to work on /opt/airflow/dags/layers_update.py
[2026-04-27T08:22:01.496+0000] {processor.py:914} INFO - Processing file /opt/airflow/dags/layers_update.py for tasks to queue
[2026-04-27T08:22:01.505+0000] {logging_mixin.py:190} INFO - [2026-04-27T08:22:01.504+0000] {dagbag.py:588} INFO - Filling up the DagBag from /opt/airflow/dags/layers_update.py
[2026-04-27T08:22:01.534+0000] {processor.py:925} INFO - DAG(s) 'layers_update' retrieved from /opt/airflow/dags/layers_update.py
[2026-04-27T08:22:01.585+0000] {logging_mixin.py:190} INFO - [2026-04-27T08:22:01.585+0000] {dag.py:3239} INFO - Sync 1 DAGs
[2026-04-27T08:22:01.616+0000] {logging_mixin.py:190} INFO - [2026-04-27T08:22:01.616+0000] {dag.py:4180} INFO - Setting next_dagrun for layers_update to None, run_after=None
[2026-04-27T08:22:01.667+0000] {processor.py:208} INFO - Processing /opt/airflow/dags/layers_update.py took 0.186 seconds
[2026-04-27T08:22:32.231+0000] {processor.py:186} INFO - Started process (PID=507) to work on /opt/airflow/dags/layers_update.py
[2026-04-27T08:22:32.232+0000] {processor.py:914} INFO - Processing file /opt/airflow/dags/layers_update.py for tasks to queue
[2026-04-27T08:22:32.244+0000] {logging_mixin.py:190} INFO - [2026-04-27T08:22:32.236+0000] {dagbag.py:588} INFO - Filling up the DagBag from /opt/airflow/dags/layers_update.py
[2026-04-27T08:22:32.275+0000] {processor.py:925} INFO - DAG(s) 'layers_update' retrieved from /opt/airflow/dags/layers_update.py
[2026-04-27T08:22:32.306+0000] {logging_mixin.py:190} INFO - [2026-04-27T08:22:32.305+0000] {dag.py:3239} INFO - Sync 1 DAGs
[2026-04-27T08:22:32.634+0000] {logging_mixin.py:190} INFO - [2026-04-27T08:22:32.634+0000] {dag.py:4180} INFO - Setting next_dagrun for layers_update to None, run_after=None
[2026-04-27T08:22:32.674+0000] {processor.py:208} INFO - Processing /opt/airflow/dags/layers_update.py took 0.454 seconds
[2026-04-27T08:23:03.151+0000] {processor.py:186} INFO - Started process (PID=510) to work on /opt/airflow/dags/layers_update.py
[2026-04-27T08:23:03.153+0000] {processor.py:914} INFO - Processing file /opt/airflow/dags/layers_update.py for tasks to queue
[2026-04-27T08:23:03.156+0000] {logging_mixin.py:190} INFO - [2026-04-27T08:23:03.155+0000] {dagbag.py:588} INFO - Filling up the DagBag from /opt/airflow/dags/layers_update.py
[2026-04-27T08:23:03.185+0000] {processor.py:925} INFO - DAG(s) 'layers_update' retrieved from /opt/airflow/dags/layers_update.py
[2026-04-27T08:23:03.218+0000] {logging_mixin.py:190} INFO - [2026-04-27T08:23:03.217+0000] {dag.py:3239} INFO - Sync 1 DAGs
[2026-04-27T08:23:03.536+0000] {logging_mixin.py:190} INFO - [2026-04-27T08:23:03.535+0000] {dag.py:4180} INFO - Setting next_dagrun for layers_update to None, run_after=None
[2026-04-27T08:23:03.569+0000] {processor.py:208} INFO - Processing /opt/airflow/dags/layers_update.py took 0.431 seconds
[2026-04-27T08:23:34.014+0000] {processor.py:186} INFO - Started process (PID=513) to work on /opt/airflow/dags/layers_update.py
[2026-04-27T08:23:34.018+0000] {processor.py:914} INFO - Processing file /opt/airflow/dags/layers_update.py for tasks to queue
[2026-04-27T08:23:34.020+0000] {logging_mixin.py:190} INFO - [2026-04-27T08:23:34.020+0000] {dagbag.py:588} INFO - Filling up the DagBag from /opt/airflow/dags/layers_update.py
[2026-04-27T08:23:34.046+0000] {processor.py:925} INFO - DAG(s) 'layers_update' retrieved from /opt/airflow/dags/layers_update.py
[2026-04-27T08:23:34.070+0000] {logging_mixin.py:190} INFO - [2026-04-27T08:23:34.070+0000] {dag.py:3239} INFO - Sync 1 DAGs
[2026-04-27T08:23:34.096+0000] {logging_mixin.py:190} INFO - [2026-04-27T08:23:34.095+0000] {dag.py:4180} INFO - Setting next_dagrun for layers_update to None, run_after=None
[2026-04-27T08:23:34.130+0000] {processor.py:208} INFO - Processing /opt/airflow/dags/layers_update.py took 0.435 seconds
[2026-04-27T08:24:05.036+0000] {processor.py:186} INFO - Started process (PID=516) to work on /opt/airflow/dags/layers_update.py
[2026-04-27T08:24:05.037+0000] {processor.py:914} INFO - Processing file /opt/airflow/dags/layers_update.py for tasks to queue
[2026-04-27T08:24:05.043+0000] {logging_mixin.py:190} INFO - [2026-04-27T08:24:05.042+0000] {dagbag.py:588} INFO - Filling up the DagBag from /opt/airflow/dags/layers_update.py
[2026-04-27T08:24:05.073+0000] {processor.py:925} INFO - DAG(s) 'layers_update' retrieved from /opt/airflow/dags/layers_update.py
[2026-04-27T08:24:05.119+0000] {logging_mixin.py:190} INFO - [2026-04-27T08:24:05.119+0000] {dag.py:3239} INFO - Sync 1 DAGs
[2026-04-27T08:24:05.150+0000] {logging_mixin.py:190} INFO - [2026-04-27T08:24:05.150+0000] {dag.py:4180} INFO - Setting next_dagrun for layers_update to None, run_after=None
[2026-04-27T08:24:05.194+0000] {processor.py:208} INFO - Processing /opt/airflow/dags/layers_update.py took 0.177 seconds
[2026-04-27T08:24:35.885+0000] {processor.py:186} INFO - Started process (PID=519) to work on /opt/airflow/dags/layers_update.py
[2026-04-27T08:24:35.903+0000] {processor.py:914} INFO - Processing file /opt/airflow/dags/layers_update.py for tasks to queue
[2026-04-27T08:24:35.921+0000] {logging_mixin.py:190} INFO - [2026-04-27T08:24:35.920+0000] {dagbag.py:588} INFO - Filling up the DagBag from /opt/airflow/dags/layers_update.py
[2026-04-27T08:24:36.057+0000] {processor.py:925} INFO - DAG(s) 'layers_update' retrieved from /opt/airflow/dags/layers_update.py
[2026-04-27T08:24:36.152+0000] {logging_mixin.py:190} INFO - [2026-04-27T08:24:36.152+0000] {dag.py:3239} INFO - Sync 1 DAGs
[2026-04-27T08:24:36.227+0000] {logging_mixin.py:190} INFO - [2026-04-27T08:24:36.227+0000] {dag.py:4180} INFO - Setting next_dagrun for layers_update to None, run_after=None
[2026-04-27T08:24:36.288+0000] {processor.py:208} INFO - Processing /opt/airflow/dags/layers_update.py took 0.433 seconds
[2026-04-27T08:25:06.719+0000] {processor.py:186} INFO - Started process (PID=522) to work on /opt/airflow/dags/layers_update.py
[2026-04-27T08:25:06.721+0000] {processor.py:914} INFO - Processing file /opt/airflow/dags/layers_update.py for tasks to queue
[2026-04-27T08:25:06.725+0000] {logging_mixin.py:190} INFO - [2026-04-27T08:25:06.724+0000] {dagbag.py:588} INFO - Filling up the DagBag from /opt/airflow/dags/layers_update.py
[2026-04-27T08:25:06.746+0000] {processor.py:925} INFO - DAG(s) 'layers_update' retrieved from /opt/airflow/dags/layers_update.py
[2026-04-27T08:25:06.797+0000] {logging_mixin.py:190} INFO - [2026-04-27T08:25:06.797+0000] {dag.py:3239} INFO - Sync 1 DAGs
[2026-04-27T08:25:06.845+0000] {logging_mixin.py:190} INFO - [2026-04-27T08:25:06.844+0000] {dag.py:4180} INFO - Setting next_dagrun for layers_update to None, run_after=None
[2026-04-27T08:25:06.887+0000] {processor.py:208} INFO - Processing /opt/airflow/dags/layers_update.py took 0.184 seconds
[2026-04-27T08:25:37.415+0000] {processor.py:186} INFO - Started process (PID=525) to work on /opt/airflow/dags/layers_update.py
[2026-04-27T08:25:37.416+0000] {processor.py:914} INFO - Processing file /opt/airflow/dags/layers_update.py for tasks to queue
[2026-04-27T08:25:37.421+0000] {logging_mixin.py:190} INFO - [2026-04-27T08:25:37.421+0000] {dagbag.py:588} INFO - Filling up the DagBag from /opt/airflow/dags/layers_update.py
[2026-04-27T08:25:37.451+0000] {processor.py:925} INFO - DAG(s) 'layers_update' retrieved from /opt/airflow/dags/layers_update.py
[2026-04-27T08:25:37.483+0000] {logging_mixin.py:190} INFO - [2026-04-27T08:25:37.483+0000] {dag.py:3239} INFO - Sync 1 DAGs
[2026-04-27T08:25:37.763+0000] {logging_mixin.py:190} INFO - [2026-04-27T08:25:37.763+0000] {dag.py:4180} INFO - Setting next_dagrun for layers_update to None, run_after=None
[2026-04-27T08:25:38.432+0000] {processor.py:208} INFO - Processing /opt/airflow/dags/layers_update.py took 1.030 seconds
[2026-04-27T08:26:08.851+0000] {processor.py:186} INFO - Started process (PID=528) to work on /opt/airflow/dags/layers_update.py
[2026-04-27T08:26:08.854+0000] {processor.py:914} INFO - Processing file /opt/airflow/dags/layers_update.py for tasks to queue
[2026-04-27T08:26:08.858+0000] {logging_mixin.py:190} INFO - [2026-04-27T08:26:08.858+0000] {dagbag.py:588} INFO - Filling up the DagBag from /opt/airflow/dags/layers_update.py
[2026-04-27T08:26:08.882+0000] {processor.py:925} INFO - DAG(s) 'layers_update' retrieved from /opt/airflow/dags/layers_update.py
[2026-04-27T08:26:08.919+0000] {logging_mixin.py:190} INFO - [2026-04-27T08:26:08.918+0000] {dag.py:3239} INFO - Sync 1 DAGs
[2026-04-27T08:26:08.942+0000] {logging_mixin.py:190} INFO - [2026-04-27T08:26:08.942+0000] {dag.py:4180} INFO - Setting next_dagrun for layers_update to None, run_after=None
[2026-04-27T08:26:08.970+0000] {processor.py:208} INFO - Processing /opt/airflow/dags/layers_update.py took 0.130 seconds
[2026-04-27T08:26:39.395+0000] {processor.py:186} INFO - Started process (PID=531) to work on /opt/airflow/dags/layers_update.py
[2026-04-27T08:26:39.397+0000] {processor.py:914} INFO - Processing file /opt/airflow/dags/layers_update.py for tasks to queue
[2026-04-27T08:26:39.403+0000] {logging_mixin.py:190} INFO - [2026-04-27T08:26:39.401+0000] {dagbag.py:588} INFO - Filling up the DagBag from /opt/airflow/dags/layers_update.py
[2026-04-27T08:26:39.424+0000] {processor.py:925} INFO - DAG(s) 'layers_update' retrieved from /opt/airflow/dags/layers_update.py
[2026-04-27T08:26:39.460+0000] {logging_mixin.py:190} INFO - [2026-04-27T08:26:39.459+0000] {dag.py:3239} INFO - Sync 1 DAGs
[2026-04-27T08:26:39.484+0000] {logging_mixin.py:190} INFO - [2026-04-27T08:26:39.484+0000] {dag.py:4180} INFO - Setting next_dagrun for layers_update to None, run_after=None
[2026-04-27T08:26:39.881+0000] {processor.py:208} INFO - Processing /opt/airflow/dags/layers_update.py took 0.490 seconds
[2026-04-27T08:27:10.310+0000] {processor.py:186} INFO - Started process (PID=534) to work on /opt/airflow/dags/layers_update.py
[2026-04-27T08:27:10.311+0000] {processor.py:914} INFO - Processing file /opt/airflow/dags/layers_update.py for tasks to queue
[2026-04-27T08:27:10.314+0000] {logging_mixin.py:190} INFO - [2026-04-27T08:27:10.314+0000] {dagbag.py:588} INFO - Filling up the DagBag from /opt/airflow/dags/layers_update.py
[2026-04-27T08:27:10.343+0000] {processor.py:925} INFO - DAG(s) 'layers_update' retrieved from /opt/airflow/dags/layers_update.py
[2026-04-27T08:27:10.381+0000] {logging_mixin.py:190} INFO - [2026-04-27T08:27:10.381+0000] {dag.py:3239} INFO - Sync 1 DAGs
[2026-04-27T08:27:10.403+0000] {logging_mixin.py:190} INFO - [2026-04-27T08:27:10.403+0000] {dag.py:4180} INFO - Setting next_dagrun for layers_update to None, run_after=None
[2026-04-27T08:27:10.440+0000] {processor.py:208} INFO - Processing /opt/airflow/dags/layers_update.py took 0.145 seconds
[2026-04-27T08:27:40.897+0000] {processor.py:186} INFO - Started process (PID=537) to work on /opt/airflow/dags/layers_update.py
[2026-04-27T08:27:40.899+0000] {processor.py:914} INFO - Processing file /opt/airflow/dags/layers_update.py for tasks to queue
[2026-04-27T08:27:40.911+0000] {logging_mixin.py:190} INFO - [2026-04-27T08:27:40.906+0000] {dagbag.py:588} INFO - Filling up the DagBag from /opt/airflow/dags/layers_update.py
[2026-04-27T08:27:40.933+0000] {processor.py:925} INFO - DAG(s) 'layers_update' retrieved from /opt/airflow/dags/layers_update.py
[2026-04-27T08:27:40.983+0000] {logging_mixin.py:190} INFO - [2026-04-27T08:27:40.983+0000] {dag.py:3239} INFO - Sync 1 DAGs
[2026-04-27T08:27:41.013+0000] {logging_mixin.py:190} INFO - [2026-04-27T08:27:41.013+0000] {dag.py:4180} INFO - Setting next_dagrun for layers_update to None, run_after=None
[2026-04-27T08:27:41.051+0000] {processor.py:208} INFO - Processing /opt/airflow/dags/layers_update.py took 0.162 seconds
[2026-04-27T08:28:11.479+0000] {processor.py:186} INFO - Started process (PID=540) to work on /opt/airflow/dags/layers_update.py
[2026-04-27T08:28:11.480+0000] {processor.py:914} INFO - Processing file /opt/airflow/dags/layers_update.py for tasks to queue
[2026-04-27T08:28:11.485+0000] {logging_mixin.py:190} INFO - [2026-04-27T08:28:11.485+0000] {dagbag.py:588} INFO - Filling up the DagBag from /opt/airflow/dags/layers_update.py
[2026-04-27T08:28:11.517+0000] {processor.py:925} INFO - DAG(s) 'layers_update' retrieved from /opt/airflow/dags/layers_update.py
[2026-04-27T08:28:11.582+0000] {logging_mixin.py:190} INFO - [2026-04-27T08:28:11.581+0000] {dag.py:3239} INFO - Sync 1 DAGs
[2026-04-27T08:28:11.608+0000] {logging_mixin.py:190} INFO - [2026-04-27T08:28:11.608+0000] {dag.py:4180} INFO - Setting next_dagrun for layers_update to None, run_after=None
[2026-04-27T08:28:11.649+0000] {processor.py:208} INFO - Processing /opt/airflow/dags/layers_update.py took 0.186 seconds
[2026-04-27T08:28:42.504+0000] {processor.py:186} INFO - Started process (PID=543) to work on /opt/airflow/dags/layers_update.py
[2026-04-27T08:28:42.506+0000] {processor.py:914} INFO - Processing file /opt/airflow/dags/layers_update.py for tasks to queue
[2026-04-27T08:28:42.510+0000] {logging_mixin.py:190} INFO - [2026-04-27T08:28:42.509+0000] {dagbag.py:588} INFO - Filling up the DagBag from /opt/airflow/dags/layers_update.py
[2026-04-27T08:28:42.536+0000] {processor.py:925} INFO - DAG(s) 'layers_update' retrieved from /opt/airflow/dags/layers_update.py
[2026-04-27T08:28:42.575+0000] {logging_mixin.py:190} INFO - [2026-04-27T08:28:42.574+0000] {dag.py:3239} INFO - Sync 1 DAGs
[2026-04-27T08:28:42.610+0000] {logging_mixin.py:190} INFO - [2026-04-27T08:28:42.609+0000] {dag.py:4180} INFO - Setting next_dagrun for layers_update to None, run_after=None
[2026-04-27T08:28:42.639+0000] {processor.py:208} INFO - Processing /opt/airflow/dags/layers_update.py took 0.145 seconds
[2026-04-27T08:29:13.173+0000] {processor.py:186} INFO - Started process (PID=546) to work on /opt/airflow/dags/layers_update.py
[2026-04-27T08:29:13.176+0000] {processor.py:914} INFO - Processing file /opt/airflow/dags/layers_update.py for tasks to queue
[2026-04-27T08:29:13.183+0000] {logging_mixin.py:190} INFO - [2026-04-27T08:29:13.183+0000] {dagbag.py:588} INFO - Filling up the DagBag from /opt/airflow/dags/layers_update.py
[2026-04-27T08:29:13.212+0000] {processor.py:925} INFO - DAG(s) 'layers_update' retrieved from /opt/airflow/dags/layers_update.py
[2026-04-27T08:29:13.242+0000] {logging_mixin.py:190} INFO - [2026-04-27T08:29:13.242+0000] {dag.py:3239} INFO - Sync 1 DAGs
[2026-04-27T08:29:13.274+0000] {logging_mixin.py:190} INFO - [2026-04-27T08:29:13.273+0000] {dag.py:4180} INFO - Setting next_dagrun for layers_update to None, run_after=None
[2026-04-27T08:29:13.312+0000] {processor.py:208} INFO - Processing /opt/airflow/dags/layers_update.py took 0.148 seconds
[2026-04-27T08:29:43.810+0000] {processor.py:186} INFO - Started process (PID=549) to work on /opt/airflow/dags/layers_update.py
[2026-04-27T08:29:43.812+0000] {processor.py:914} INFO - Processing file /opt/airflow/dags/layers_update.py for tasks to queue
[2026-04-27T08:29:43.817+0000] {logging_mixin.py:190} INFO - [2026-04-27T08:29:43.816+0000] {dagbag.py:588} INFO - Filling up the DagBag from /opt/airflow/dags/layers_update.py
[2026-04-27T08:29:43.873+0000] {processor.py:925} INFO - DAG(s) 'layers_update' retrieved from /opt/airflow/dags/layers_update.py
[2026-04-27T08:29:43.913+0000] {logging_mixin.py:190} INFO - [2026-04-27T08:29:43.913+0000] {dag.py:3239} INFO - Sync 1 DAGs
[2026-04-27T08:29:43.935+0000] {logging_mixin.py:190} INFO - [2026-04-27T08:29:43.935+0000] {dag.py:4180} INFO - Setting next_dagrun for layers_update to None, run_after=None
[2026-04-27T08:29:43.968+0000] {processor.py:208} INFO - Processing /opt/airflow/dags/layers_update.py took 0.169 seconds
[2026-04-27T08:30:14.500+0000] {processor.py:186} INFO - Started process (PID=552) to work on /opt/airflow/dags/layers_update.py
[2026-04-27T08:30:14.505+0000] {processor.py:914} INFO - Processing file /opt/airflow/dags/layers_update.py for tasks to queue
[2026-04-27T08:30:14.512+0000] {logging_mixin.py:190} INFO - [2026-04-27T08:30:14.511+0000] {dagbag.py:588} INFO - Filling up the DagBag from /opt/airflow/dags/layers_update.py
[2026-04-27T08:30:14.538+0000] {processor.py:925} INFO - DAG(s) 'layers_update' retrieved from /opt/airflow/dags/layers_update.py
[2026-04-27T08:30:14.585+0000] {logging_mixin.py:190} INFO - [2026-04-27T08:30:14.585+0000] {dag.py:3239} INFO - Sync 1 DAGs
[2026-04-27T08:30:14.612+0000] {logging_mixin.py:190} INFO - [2026-04-27T08:30:14.612+0000] {dag.py:4180} INFO - Setting next_dagrun for layers_update to None, run_after=None
[2026-04-27T08:30:14.658+0000] {processor.py:208} INFO - Processing /opt/airflow/dags/layers_update.py took 0.175 seconds
[2026-04-27T08:30:45.101+0000] {processor.py:186} INFO - Started process (PID=555) to work on /opt/airflow/dags/layers_update.py
[2026-04-27T08:30:45.103+0000] {processor.py:914} INFO - Processing file /opt/airflow/dags/layers_update.py for tasks to queue
[2026-04-27T08:30:45.108+0000] {logging_mixin.py:190} INFO - [2026-04-27T08:30:45.107+0000] {dagbag.py:588} INFO - Filling up the DagBag from /opt/airflow/dags/layers_update.py
[2026-04-27T08:30:45.133+0000] {processor.py:925} INFO - DAG(s) 'layers_update' retrieved from /opt/airflow/dags/layers_update.py
[2026-04-27T08:30:45.167+0000] {logging_mixin.py:190} INFO - [2026-04-27T08:30:45.167+0000] {dag.py:3239} INFO - Sync 1 DAGs
[2026-04-27T08:30:45.187+0000] {logging_mixin.py:190} INFO - [2026-04-27T08:30:45.187+0000] {dag.py:4180} INFO - Setting next_dagrun for layers_update to None, run_after=None
[2026-04-27T08:30:45.220+0000] {processor.py:208} INFO - Processing /opt/airflow/dags/layers_update.py took 0.130 seconds
[2026-04-27T08:31:15.758+0000] {processor.py:186} INFO - Started process (PID=558) to work on /opt/airflow/dags/layers_update.py
[2026-04-27T08:31:15.760+0000] {processor.py:914} INFO - Processing file /opt/airflow/dags/layers_update.py for tasks to queue
[2026-04-27T08:31:15.765+0000] {logging_mixin.py:190} INFO - [2026-04-27T08:31:15.764+0000] {dagbag.py:588} INFO - Filling up the DagBag from /opt/airflow/dags/layers_update.py
[2026-04-27T08:31:15.794+0000] {processor.py:925} INFO - DAG(s) 'layers_update' retrieved from /opt/airflow/dags/layers_update.py
[2026-04-27T08:31:15.823+0000] {logging_mixin.py:190} INFO - [2026-04-27T08:31:15.822+0000] {dag.py:3239} INFO - Sync 1 DAGs
[2026-04-27T08:31:15.844+0000] {logging_mixin.py:190} INFO - [2026-04-27T08:31:15.844+0000] {dag.py:4180} INFO - Setting next_dagrun for layers_update to None, run_after=None
[2026-04-27T08:31:15.892+0000] {processor.py:208} INFO - Processing /opt/airflow/dags/layers_update.py took 0.143 seconds
[2026-04-27T08:31:46.210+0000] {processor.py:186} INFO - Started process (PID=561) to work on /opt/airflow/dags/layers_update.py
[2026-04-27T08:31:46.211+0000] {processor.py:914} INFO - Processing file /opt/airflow/dags/layers_update.py for tasks to queue
[2026-04-27T08:31:46.220+0000] {logging_mixin.py:190} INFO - [2026-04-27T08:31:46.217+0000] {dagbag.py:588} INFO - Filling up the DagBag from /opt/airflow/dags/layers_update.py
[2026-04-27T08:31:46.244+0000] {processor.py:925} INFO - DAG(s) 'layers_update' retrieved from /opt/airflow/dags/layers_update.py
[2026-04-27T08:31:46.280+0000] {logging_mixin.py:190} INFO - [2026-04-27T08:31:46.280+0000] {dag.py:3239} INFO - Sync 1 DAGs
[2026-04-27T08:31:46.300+0000] {logging_mixin.py:190} INFO - [2026-04-27T08:31:46.299+0000] {dag.py:4180} INFO - Setting next_dagrun for layers_update to None, run_after=None
[2026-04-27T08:31:46.332+0000] {processor.py:208} INFO - Processing /opt/airflow/dags/layers_update.py took 0.135 seconds
[2026-04-27T08:32:16.755+0000] {processor.py:186} INFO - Started process (PID=564) to work on /opt/airflow/dags/layers_update.py
[2026-04-27T08:32:16.757+0000] {processor.py:914} INFO - Processing file /opt/airflow/dags/layers_update.py for tasks to queue
[2026-04-27T08:32:16.763+0000] {logging_mixin.py:190} INFO - [2026-04-27T08:32:16.762+0000] {dagbag.py:588} INFO - Filling up the DagBag from /opt/airflow/dags/layers_update.py
[2026-04-27T08:32:16.785+0000] {processor.py:925} INFO - DAG(s) 'layers_update' retrieved from /opt/airflow/dags/layers_update.py
[2026-04-27T08:32:16.814+0000] {logging_mixin.py:190} INFO - [2026-04-27T08:32:16.814+0000] {dag.py:3239} INFO - Sync 1 DAGs
[2026-04-27T08:32:16.834+0000] {logging_mixin.py:190} INFO - [2026-04-27T08:32:16.834+0000] {dag.py:4180} INFO - Setting next_dagrun for layers_update to None, run_after=None
[2026-04-27T08:32:16.867+0000] {processor.py:208} INFO - Processing /opt/airflow/dags/layers_update.py took 0.123 seconds
[2026-04-27T08:32:47.527+0000] {processor.py:186} INFO - Started process (PID=567) to work on /opt/airflow/dags/layers_update.py
[2026-04-27T08:32:47.528+0000] {processor.py:914} INFO - Processing file /opt/airflow/dags/layers_update.py for tasks to queue
[2026-04-27T08:32:47.534+0000] {logging_mixin.py:190} INFO - [2026-04-27T08:32:47.533+0000] {dagbag.py:588} INFO - Filling up the DagBag from /opt/airflow/dags/layers_update.py
[2026-04-27T08:32:47.556+0000] {processor.py:925} INFO - DAG(s) 'layers_update' retrieved from /opt/airflow/dags/layers_update.py
[2026-04-27T08:32:47.595+0000] {logging_mixin.py:190} INFO - [2026-04-27T08:32:47.595+0000] {dag.py:3239} INFO - Sync 1 DAGs
[2026-04-27T08:32:47.619+0000] {logging_mixin.py:190} INFO - [2026-04-27T08:32:47.619+0000] {dag.py:4180} INFO - Setting next_dagrun for layers_update to None, run_after=None
[2026-04-27T08:32:47.648+0000] {processor.py:208} INFO - Processing /opt/airflow/dags/layers_update.py took 0.135 seconds
[2026-04-27T08:33:18.115+0000] {processor.py:186} INFO - Started process (PID=570) to work on /opt/airflow/dags/layers_update.py
[2026-04-27T08:33:18.118+0000] {processor.py:914} INFO - Processing file /opt/airflow/dags/layers_update.py for tasks to queue
[2026-04-27T08:33:18.121+0000] {logging_mixin.py:190} INFO - [2026-04-27T08:33:18.121+0000] {dagbag.py:588} INFO - Filling up the DagBag from /opt/airflow/dags/layers_update.py
[2026-04-27T08:33:18.142+0000] {processor.py:925} INFO - DAG(s) 'layers_update' retrieved from /opt/airflow/dags/layers_update.py
[2026-04-27T08:33:18.172+0000] {logging_mixin.py:190} INFO - [2026-04-27T08:33:18.172+0000] {dag.py:3239} INFO - Sync 1 DAGs
[2026-04-27T08:33:18.213+0000] {logging_mixin.py:190} INFO - [2026-04-27T08:33:18.213+0000] {dag.py:4180} INFO - Setting next_dagrun for layers_update to None, run_after=None
[2026-04-27T08:33:18.258+0000] {processor.py:208} INFO - Processing /opt/airflow/dags/layers_update.py took 0.152 seconds
[2026-04-27T08:33:48.499+0000] {processor.py:186} INFO - Started process (PID=573) to work on /opt/airflow/dags/layers_update.py
[2026-04-27T08:33:48.500+0000] {processor.py:914} INFO - Processing file /opt/airflow/dags/layers_update.py for tasks to queue
[2026-04-27T08:33:48.512+0000] {logging_mixin.py:190} INFO - [2026-04-27T08:33:48.512+0000] {dagbag.py:588} INFO - Filling up the DagBag from /opt/airflow/dags/layers_update.py
[2026-04-27T08:33:48.550+0000] {processor.py:925} INFO - DAG(s) 'layers_update' retrieved from /opt/airflow/dags/layers_update.py
[2026-04-27T08:33:48.598+0000] {logging_mixin.py:190} INFO - [2026-04-27T08:33:48.597+0000] {dag.py:3239} INFO - Sync 1 DAGs
[2026-04-27T08:33:48.622+0000] {logging_mixin.py:190} INFO - [2026-04-27T08:33:48.621+0000] {dag.py:4180} INFO - Setting next_dagrun for layers_update to None, run_after=None
[2026-04-27T08:33:48.671+0000] {processor.py:208} INFO - Processing /opt/airflow/dags/layers_update.py took 0.181 seconds
[2026-04-27T08:34:19.255+0000] {processor.py:186} INFO - Started process (PID=576) to work on /opt/airflow/dags/layers_update.py
[2026-04-27T08:34:19.257+0000] {processor.py:914} INFO - Processing file /opt/airflow/dags/layers_update.py for tasks to queue
[2026-04-27T08:34:19.265+0000] {logging_mixin.py:190} INFO - [2026-04-27T08:34:19.265+0000] {dagbag.py:588} INFO - Filling up the DagBag from /opt/airflow/dags/layers_update.py
[2026-04-27T08:34:19.359+0000] {processor.py:925} INFO - DAG(s) 'layers_update' retrieved from /opt/airflow/dags/layers_update.py
[2026-04-27T08:34:19.471+0000] {logging_mixin.py:190} INFO - [2026-04-27T08:34:19.471+0000] {dag.py:3239} INFO - Sync 1 DAGs
[2026-04-27T08:34:19.504+0000] {logging_mixin.py:190} INFO - [2026-04-27T08:34:19.504+0000] {dag.py:4180} INFO - Setting next_dagrun for layers_update to None, run_after=None
[2026-04-27T08:34:19.561+0000] {processor.py:208} INFO - Processing /opt/airflow/dags/layers_update.py took 0.316 seconds
[2026-04-27T08:34:49.821+0000] {processor.py:186} INFO - Started process (PID=579) to work on /opt/airflow/dags/layers_update.py
[2026-04-27T08:34:49.822+0000] {processor.py:914} INFO - Processing file /opt/airflow/dags/layers_update.py for tasks to queue
[2026-04-27T08:34:49.826+0000] {logging_mixin.py:190} INFO - [2026-04-27T08:34:49.825+0000] {dagbag.py:588} INFO - Filling up the DagBag from /opt/airflow/dags/layers_update.py
[2026-04-27T08:34:49.865+0000] {processor.py:925} INFO - DAG(s) 'layers_update' retrieved from /opt/airflow/dags/layers_update.py
[2026-04-27T08:34:49.906+0000] {logging_mixin.py:190} INFO - [2026-04-27T08:34:49.905+0000] {dag.py:3239} INFO - Sync 1 DAGs
[2026-04-27T08:34:49.940+0000] {logging_mixin.py:190} INFO - [2026-04-27T08:34:49.939+0000] {dag.py:4180} INFO - Setting next_dagrun for layers_update to None, run_after=None
[2026-04-27T08:34:49.987+0000] {processor.py:208} INFO - Processing /opt/airflow/dags/layers_update.py took 0.177 seconds
[2026-04-27T08:35:20.632+0000] {processor.py:186} INFO - Started process (PID=582) to work on /opt/airflow/dags/layers_update.py
[2026-04-27T08:35:20.634+0000] {processor.py:914} INFO - Processing file /opt/airflow/dags/layers_update.py for tasks to queue
[2026-04-27T08:35:20.640+0000] {logging_mixin.py:190} INFO - [2026-04-27T08:35:20.639+0000] {dagbag.py:588} INFO - Filling up the DagBag from /opt/airflow/dags/layers_update.py
[2026-04-27T08:35:20.675+0000] {processor.py:925} INFO - DAG(s) 'layers_update' retrieved from /opt/airflow/dags/layers_update.py
[2026-04-27T08:35:20.731+0000] {logging_mixin.py:190} INFO - [2026-04-27T08:35:20.731+0000] {dag.py:3239} INFO - Sync 1 DAGs
[2026-04-27T08:35:20.781+0000] {logging_mixin.py:190} INFO - [2026-04-27T08:35:20.780+0000] {dag.py:4180} INFO - Setting next_dagrun for layers_update to None, run_after=None
[2026-04-27T08:35:20.824+0000] {processor.py:208} INFO - Processing /opt/airflow/dags/layers_update.py took 0.207 seconds
[2026-04-27T08:35:51.568+0000] {processor.py:186} INFO - Started process (PID=585) to work on /opt/airflow/dags/layers_update.py
[2026-04-27T08:35:51.570+0000] {processor.py:914} INFO - Processing file /opt/airflow/dags/layers_update.py for tasks to queue
[2026-04-27T08:35:51.576+0000] {logging_mixin.py:190} INFO - [2026-04-27T08:35:51.575+0000] {dagbag.py:588} INFO - Filling up the DagBag from /opt/airflow/dags/layers_update.py
[2026-04-27T08:35:51.599+0000] {processor.py:925} INFO - DAG(s) 'layers_update' retrieved from /opt/airflow/dags/layers_update.py
[2026-04-27T08:35:51.635+0000] {logging_mixin.py:190} INFO - [2026-04-27T08:35:51.635+0000] {dag.py:3239} INFO - Sync 1 DAGs
[2026-04-27T08:35:51.671+0000] {logging_mixin.py:190} INFO - [2026-04-27T08:35:51.671+0000] {dag.py:4180} INFO - Setting next_dagrun for layers_update to None, run_after=None
[2026-04-27T08:35:51.705+0000] {processor.py:208} INFO - Processing /opt/airflow/dags/layers_update.py took 0.148 seconds
[2026-04-27T08:36:22.190+0000] {processor.py:186} INFO - Started process (PID=588) to work on /opt/airflow/dags/layers_update.py
[2026-04-27T08:36:22.191+0000] {processor.py:914} INFO - Processing file /opt/airflow/dags/layers_update.py for tasks to queue
[2026-04-27T08:36:22.197+0000] {logging_mixin.py:190} INFO - [2026-04-27T08:36:22.195+0000] {dagbag.py:588} INFO - Filling up the DagBag from /opt/airflow/dags/layers_update.py
[2026-04-27T08:36:22.218+0000] {processor.py:925} INFO - DAG(s) 'layers_update' retrieved from /opt/airflow/dags/layers_update.py
[2026-04-27T08:36:22.249+0000] {logging_mixin.py:190} INFO - [2026-04-27T08:36:22.249+0000] {dag.py:3239} INFO - Sync 1 DAGs
[2026-04-27T08:36:22.268+0000] {logging_mixin.py:190} INFO - [2026-04-27T08:36:22.267+0000] {dag.py:4180} INFO - Setting next_dagrun for layers_update to None, run_after=None
[2026-04-27T08:36:22.296+0000] {processor.py:208} INFO - Processing /opt/airflow/dags/layers_update.py took 0.120 seconds
[2026-04-27T08:36:52.790+0000] {processor.py:186} INFO - Started process (PID=591) to work on /opt/airflow/dags/layers_update.py
[2026-04-27T08:36:52.791+0000] {processor.py:914} INFO - Processing file /opt/airflow/dags/layers_update.py for tasks to queue
[2026-04-27T08:36:52.794+0000] {logging_mixin.py:190} INFO - [2026-04-27T08:36:52.794+0000] {dagbag.py:588} INFO - Filling up the DagBag from /opt/airflow/dags/layers_update.py
[2026-04-27T08:36:52.813+0000] {processor.py:925} INFO - DAG(s) 'layers_update' retrieved from /opt/airflow/dags/layers_update.py
[2026-04-27T08:36:52.843+0000] {logging_mixin.py:190} INFO - [2026-04-27T08:36:52.842+0000] {dag.py:3239} INFO - Sync 1 DAGs
[2026-04-27T08:36:52.864+0000] {logging_mixin.py:190} INFO - [2026-04-27T08:36:52.864+0000] {dag.py:4180} INFO - Setting next_dagrun for layers_update to None, run_after=None
[2026-04-27T08:36:52.905+0000] {processor.py:208} INFO - Processing /opt/airflow/dags/layers_update.py took 0.128 seconds
[2026-04-27T08:37:23.421+0000] {processor.py:186} INFO - Started process (PID=594) to work on /opt/airflow/dags/layers_update.py
[2026-04-27T08:37:23.422+0000] {processor.py:914} INFO - Processing file /opt/airflow/dags/layers_update.py for tasks to queue
[2026-04-27T08:37:23.426+0000] {logging_mixin.py:190} INFO - [2026-04-27T08:37:23.425+0000] {dagbag.py:588} INFO - Filling up the DagBag from /opt/airflow/dags/layers_update.py
[2026-04-27T08:37:23.446+0000] {processor.py:925} INFO - DAG(s) 'layers_update' retrieved from /opt/airflow/dags/layers_update.py
[2026-04-27T08:37:23.480+0000] {logging_mixin.py:190} INFO - [2026-04-27T08:37:23.480+0000] {dag.py:3239} INFO - Sync 1 DAGs
[2026-04-27T08:37:23.503+0000] {logging_mixin.py:190} INFO - [2026-04-27T08:37:23.502+0000] {dag.py:4180} INFO - Setting next_dagrun for layers_update to None, run_after=None
[2026-04-27T08:37:23.534+0000] {processor.py:208} INFO - Processing /opt/airflow/dags/layers_update.py took 0.130 seconds
[2026-04-27T08:37:53.933+0000] {processor.py:186} INFO - Started process (PID=597) to work on /opt/airflow/dags/layers_update.py
[2026-04-27T08:37:53.935+0000] {processor.py:914} INFO - Processing file /opt/airflow/dags/layers_update.py for tasks to queue
[2026-04-27T08:37:53.939+0000] {logging_mixin.py:190} INFO - [2026-04-27T08:37:53.938+0000] {dagbag.py:588} INFO - Filling up the DagBag from /opt/airflow/dags/layers_update.py
[2026-04-27T08:37:53.970+0000] {processor.py:925} INFO - DAG(s) 'layers_update' retrieved from /opt/airflow/dags/layers_update.py
[2026-04-27T08:37:54.006+0000] {logging_mixin.py:190} INFO - [2026-04-27T08:37:54.006+0000] {dag.py:3239} INFO - Sync 1 DAGs
[2026-04-27T08:37:54.029+0000] {logging_mixin.py:190} INFO - [2026-04-27T08:37:54.029+0000] {dag.py:4180} INFO - Setting next_dagrun for layers_update to None, run_after=None
[2026-04-27T08:37:54.085+0000] {processor.py:208} INFO - Processing /opt/airflow/dags/layers_update.py took 0.162 seconds
[2026-04-27T08:38:24.483+0000] {processor.py:186} INFO - Started process (PID=600) to work on /opt/airflow/dags/layers_update.py
[2026-04-27T08:38:24.485+0000] {processor.py:914} INFO - Processing file /opt/airflow/dags/layers_update.py for tasks to queue
[2026-04-27T08:38:24.489+0000] {logging_mixin.py:190} INFO - [2026-04-27T08:38:24.489+0000] {dagbag.py:588} INFO - Filling up the DagBag from /opt/airflow/dags/layers_update.py
[2026-04-27T08:38:24.512+0000] {processor.py:925} INFO - DAG(s) 'layers_update' retrieved from /opt/airflow/dags/layers_update.py
[2026-04-27T08:38:24.543+0000] {logging_mixin.py:190} INFO - [2026-04-27T08:38:24.543+0000] {dag.py:3239} INFO - Sync 1 DAGs
[2026-04-27T08:38:24.563+0000] {logging_mixin.py:190} INFO - [2026-04-27T08:38:24.562+0000] {dag.py:4180} INFO - Setting next_dagrun for layers_update to None, run_after=None
[2026-04-27T08:38:24.591+0000] {processor.py:208} INFO - Processing /opt/airflow/dags/layers_update.py took 0.119 seconds
[2026-04-27T08:38:54.974+0000] {processor.py:186} INFO - Started process (PID=603) to work on /opt/airflow/dags/layers_update.py
[2026-04-27T08:38:54.979+0000] {processor.py:914} INFO - Processing file /opt/airflow/dags/layers_update.py for tasks to queue
[2026-04-27T08:38:54.983+0000] {logging_mixin.py:190} INFO - [2026-04-27T08:38:54.982+0000] {dagbag.py:588} INFO - Filling up the DagBag from /opt/airflow/dags/layers_update.py
[2026-04-27T08:38:55.013+0000] {processor.py:925} INFO - DAG(s) 'layers_update' retrieved from /opt/airflow/dags/layers_update.py
[2026-04-27T08:38:55.040+0000] {logging_mixin.py:190} INFO - [2026-04-27T08:38:55.040+0000] {dag.py:3239} INFO - Sync 1 DAGs
[2026-04-27T08:38:55.060+0000] {logging_mixin.py:190} INFO - [2026-04-27T08:38:55.060+0000] {dag.py:4180} INFO - Setting next_dagrun for layers_update to None, run_after=None
[2026-04-27T08:38:55.093+0000] {processor.py:208} INFO - Processing /opt/airflow/dags/layers_update.py took 0.128 seconds
[2026-04-27T08:39:25.520+0000] {processor.py:186} INFO - Started process (PID=606) to work on /opt/airflow/dags/layers_update.py
[2026-04-27T08:39:25.521+0000] {processor.py:914} INFO - Processing file /opt/airflow/dags/layers_update.py for tasks to queue
[2026-04-27T08:39:25.525+0000] {logging_mixin.py:190} INFO - [2026-04-27T08:39:25.525+0000] {dagbag.py:588} INFO - Filling up the DagBag from /opt/airflow/dags/layers_update.py
[2026-04-27T08:39:25.551+0000] {processor.py:925} INFO - DAG(s) 'layers_update' retrieved from /opt/airflow/dags/layers_update.py
[2026-04-27T08:39:25.579+0000] {logging_mixin.py:190} INFO - [2026-04-27T08:39:25.579+0000] {dag.py:3239} INFO - Sync 1 DAGs
[2026-04-27T08:39:25.599+0000] {logging_mixin.py:190} INFO - [2026-04-27T08:39:25.599+0000] {dag.py:4180} INFO - Setting next_dagrun for layers_update to None, run_after=None
[2026-04-27T08:39:25.624+0000] {processor.py:208} INFO - Processing /opt/airflow/dags/layers_update.py took 0.115 seconds
[2026-04-27T08:39:56.048+0000] {processor.py:186} INFO - Started process (PID=609) to work on /opt/airflow/dags/layers_update.py
[2026-04-27T08:39:56.051+0000] {processor.py:914} INFO - Processing file /opt/airflow/dags/layers_update.py for tasks to queue
[2026-04-27T08:39:56.054+0000] {logging_mixin.py:190} INFO - [2026-04-27T08:39:56.054+0000] {dagbag.py:588} INFO - Filling up the DagBag from /opt/airflow/dags/layers_update.py
[2026-04-27T08:39:56.077+0000] {processor.py:925} INFO - DAG(s) 'layers_update' retrieved from /opt/airflow/dags/layers_update.py
[2026-04-27T08:39:56.110+0000] {logging_mixin.py:190} INFO - [2026-04-27T08:39:56.109+0000] {dag.py:3239} INFO - Sync 1 DAGs
[2026-04-27T08:39:56.132+0000] {logging_mixin.py:190} INFO - [2026-04-27T08:39:56.132+0000] {dag.py:4180} INFO - Setting next_dagrun for layers_update to None, run_after=None
[2026-04-27T08:39:56.159+0000] {processor.py:208} INFO - Processing /opt/airflow/dags/layers_update.py took 0.123 seconds
[2026-04-27T08:40:26.628+0000] {processor.py:186} INFO - Started process (PID=612) to work on /opt/airflow/dags/layers_update.py
[2026-04-27T08:40:26.629+0000] {processor.py:914} INFO - Processing file /opt/airflow/dags/layers_update.py for tasks to queue
[2026-04-27T08:40:26.633+0000] {logging_mixin.py:190} INFO - [2026-04-27T08:40:26.633+0000] {dagbag.py:588} INFO - Filling up the DagBag from /opt/airflow/dags/layers_update.py
[2026-04-27T08:40:26.651+0000] {processor.py:925} INFO - DAG(s) 'layers_update' retrieved from /opt/airflow/dags/layers_update.py
[2026-04-27T08:40:26.684+0000] {logging_mixin.py:190} INFO - [2026-04-27T08:40:26.684+0000] {dag.py:3239} INFO - Sync 1 DAGs
[2026-04-27T08:40:26.706+0000] {logging_mixin.py:190} INFO - [2026-04-27T08:40:26.705+0000] {dag.py:4180} INFO - Setting next_dagrun for layers_update to None, run_after=None
[2026-04-27T08:40:26.736+0000] {processor.py:208} INFO - Processing /opt/airflow/dags/layers_update.py took 0.118 seconds
[2026-04-27T08:40:57.174+0000] {processor.py:186} INFO - Started process (PID=615) to work on /opt/airflow/dags/layers_update.py
[2026-04-27T08:40:57.176+0000] {processor.py:914} INFO - Processing file /opt/airflow/dags/layers_update.py for tasks to queue
[2026-04-27T08:40:57.179+0000] {logging_mixin.py:190} INFO - [2026-04-27T08:40:57.179+0000] {dagbag.py:588} INFO - Filling up the DagBag from /opt/airflow/dags/layers_update.py
[2026-04-27T08:40:57.202+0000] {processor.py:925} INFO - DAG(s) 'layers_update' retrieved from /opt/airflow/dags/layers_update.py
[2026-04-27T08:40:57.240+0000] {logging_mixin.py:190} INFO - [2026-04-27T08:40:57.240+0000] {dag.py:3239} INFO - Sync 1 DAGs
[2026-04-27T08:40:57.267+0000] {logging_mixin.py:190} INFO - [2026-04-27T08:40:57.266+0000] {dag.py:4180} INFO - Setting next_dagrun for layers_update to None, run_after=None
[2026-04-27T08:40:58.418+0000] {processor.py:208} INFO - Processing /opt/airflow/dags/layers_update.py took 1.257 seconds
[2026-04-27T08:41:28.524+0000] {processor.py:186} INFO - Started process (PID=618) to work on /opt/airflow/dags/layers_update.py
[2026-04-27T08:41:28.526+0000] {processor.py:914} INFO - Processing file /opt/airflow/dags/layers_update.py for tasks to queue
[2026-04-27T08:41:28.530+0000] {logging_mixin.py:190} INFO - [2026-04-27T08:41:28.529+0000] {dagbag.py:588} INFO - Filling up the DagBag from /opt/airflow/dags/layers_update.py
[2026-04-27T08:41:28.556+0000] {processor.py:925} INFO - DAG(s) 'layers_update' retrieved from /opt/airflow/dags/layers_update.py
[2026-04-27T08:41:28.616+0000] {logging_mixin.py:190} INFO - [2026-04-27T08:41:28.616+0000] {dag.py:3239} INFO - Sync 1 DAGs
[2026-04-27T08:41:28.653+0000] {logging_mixin.py:190} INFO - [2026-04-27T08:41:28.652+0000] {dag.py:4180} INFO - Setting next_dagrun for layers_update to None, run_after=None
[2026-04-27T08:41:28.697+0000] {processor.py:208} INFO - Processing /opt/airflow/dags/layers_update.py took 0.183 seconds
[2026-04-27T08:41:59.216+0000] {processor.py:186} INFO - Started process (PID=621) to work on /opt/airflow/dags/layers_update.py
[2026-04-27T08:41:59.218+0000] {processor.py:914} INFO - Processing file /opt/airflow/dags/layers_update.py for tasks to queue
[2026-04-27T08:41:59.223+0000] {logging_mixin.py:190} INFO - [2026-04-27T08:41:59.222+0000] {dagbag.py:588} INFO - Filling up the DagBag from /opt/airflow/dags/layers_update.py
[2026-04-27T08:41:59.247+0000] {processor.py:925} INFO - DAG(s) 'layers_update' retrieved from /opt/airflow/dags/layers_update.py
[2026-04-27T08:41:59.279+0000] {logging_mixin.py:190} INFO - [2026-04-27T08:41:59.279+0000] {dag.py:3239} INFO - Sync 1 DAGs
[2026-04-27T08:41:59.298+0000] {logging_mixin.py:190} INFO - [2026-04-27T08:41:59.298+0000] {dag.py:4180} INFO - Setting next_dagrun for layers_update to None, run_after=None
[2026-04-27T08:41:59.329+0000] {processor.py:208} INFO - Processing /opt/airflow/dags/layers_update.py took 0.123 seconds
[2026-04-27T08:42:29.751+0000] {processor.py:186} INFO - Started process (PID=624) to work on /opt/airflow/dags/layers_update.py
[2026-04-27T08:42:29.753+0000] {processor.py:914} INFO - Processing file /opt/airflow/dags/layers_update.py for tasks to queue
[2026-04-27T08:42:29.758+0000] {logging_mixin.py:190} INFO - [2026-04-27T08:42:29.757+0000] {dagbag.py:588} INFO - Filling up the DagBag from /opt/airflow/dags/layers_update.py
[2026-04-27T08:42:29.780+0000] {processor.py:925} INFO - DAG(s) 'layers_update' retrieved from /opt/airflow/dags/layers_update.py
[2026-04-27T08:42:29.813+0000] {logging_mixin.py:190} INFO - [2026-04-27T08:42:29.813+0000] {dag.py:3239} INFO - Sync 1 DAGs
[2026-04-27T08:42:29.835+0000] {logging_mixin.py:190} INFO - [2026-04-27T08:42:29.835+0000] {dag.py:4180} INFO - Setting next_dagrun for layers_update to None, run_after=None
[2026-04-27T08:42:30.003+0000] {processor.py:208} INFO - Processing /opt/airflow/dags/layers_update.py took 0.264 seconds
[2026-04-27T08:43:00.531+0000] {processor.py:186} INFO - Started process (PID=627) to work on /opt/airflow/dags/layers_update.py
[2026-04-27T08:43:00.533+0000] {processor.py:914} INFO - Processing file /opt/airflow/dags/layers_update.py for tasks to queue
[2026-04-27T08:43:00.540+0000] {logging_mixin.py:190} INFO - [2026-04-27T08:43:00.539+0000] {dagbag.py:588} INFO - Filling up the DagBag from /opt/airflow/dags/layers_update.py
[2026-04-27T08:43:00.561+0000] {processor.py:925} INFO - DAG(s) 'layers_update' retrieved from /opt/airflow/dags/layers_update.py
[2026-04-27T08:43:00.597+0000] {logging_mixin.py:190} INFO - [2026-04-27T08:43:00.596+0000] {dag.py:3239} INFO - Sync 1 DAGs
[2026-04-27T08:43:00.616+0000] {logging_mixin.py:190} INFO - [2026-04-27T08:43:00.616+0000] {dag.py:4180} INFO - Setting next_dagrun for layers_update to None, run_after=None
[2026-04-27T08:43:00.652+0000] {processor.py:208} INFO - Processing /opt/airflow/dags/layers_update.py took 0.131 seconds
[2026-04-27T08:43:31.079+0000] {processor.py:186} INFO - Started process (PID=630) to work on /opt/airflow/dags/layers_update.py
[2026-04-27T08:43:31.080+0000] {processor.py:914} INFO - Processing file /opt/airflow/dags/layers_update.py for tasks to queue
[2026-04-27T08:43:31.084+0000] {logging_mixin.py:190} INFO - [2026-04-27T08:43:31.083+0000] {dagbag.py:588} INFO - Filling up the DagBag from /opt/airflow/dags/layers_update.py
[2026-04-27T08:43:31.107+0000] {processor.py:925} INFO - DAG(s) 'layers_update' retrieved from /opt/airflow/dags/layers_update.py
[2026-04-27T08:43:31.138+0000] {logging_mixin.py:190} INFO - [2026-04-27T08:43:31.138+0000] {dag.py:3239} INFO - Sync 1 DAGs
[2026-04-27T08:43:31.161+0000] {logging_mixin.py:190} INFO - [2026-04-27T08:43:31.160+0000] {dag.py:4180} INFO - Setting next_dagrun for layers_update to None, run_after=None
[2026-04-27T08:43:31.190+0000] {processor.py:208} INFO - Processing /opt/airflow/dags/layers_update.py took 0.121 seconds
[2026-04-27T08:44:01.732+0000] {processor.py:186} INFO - Started process (PID=633) to work on /opt/airflow/dags/layers_update.py
[2026-04-27T08:44:01.734+0000] {processor.py:914} INFO - Processing file /opt/airflow/dags/layers_update.py for tasks to queue
[2026-04-27T08:44:01.742+0000] {logging_mixin.py:190} INFO - [2026-04-27T08:44:01.741+0000] {dagbag.py:588} INFO - Filling up the DagBag from /opt/airflow/dags/layers_update.py
[2026-04-27T08:44:01.778+0000] {processor.py:925} INFO - DAG(s) 'layers_update' retrieved from /opt/airflow/dags/layers_update.py
[2026-04-27T08:44:01.842+0000] {logging_mixin.py:190} INFO - [2026-04-27T08:44:01.841+0000] {dag.py:3239} INFO - Sync 1 DAGs
[2026-04-27T08:44:01.879+0000] {logging_mixin.py:190} INFO - [2026-04-27T08:44:01.879+0000] {dag.py:4180} INFO - Setting next_dagrun for layers_update to None, run_after=None
[2026-04-27T08:44:01.921+0000] {processor.py:208} INFO - Processing /opt/airflow/dags/layers_update.py took 0.204 seconds
[2026-04-27T08:44:32.437+0000] {processor.py:186} INFO - Started process (PID=636) to work on /opt/airflow/dags/layers_update.py
[2026-04-27T08:44:32.439+0000] {processor.py:914} INFO - Processing file /opt/airflow/dags/layers_update.py for tasks to queue
[2026-04-27T08:44:32.442+0000] {logging_mixin.py:190} INFO - [2026-04-27T08:44:32.442+0000] {dagbag.py:588} INFO - Filling up the DagBag from /opt/airflow/dags/layers_update.py
[2026-04-27T08:44:32.467+0000] {processor.py:925} INFO - DAG(s) 'layers_update' retrieved from /opt/airflow/dags/layers_update.py
[2026-04-27T08:44:32.498+0000] {logging_mixin.py:190} INFO - [2026-04-27T08:44:32.497+0000] {dag.py:3239} INFO - Sync 1 DAGs
[2026-04-27T08:44:32.519+0000] {logging_mixin.py:190} INFO - [2026-04-27T08:44:32.518+0000] {dag.py:4180} INFO - Setting next_dagrun for layers_update to None, run_after=None
[2026-04-27T08:44:32.544+0000] {processor.py:208} INFO - Processing /opt/airflow/dags/layers_update.py took 0.120 seconds
[2026-04-27T08:45:03.003+0000] {processor.py:186} INFO - Started process (PID=639) to work on /opt/airflow/dags/layers_update.py
[2026-04-27T08:45:03.005+0000] {processor.py:914} INFO - Processing file /opt/airflow/dags/layers_update.py for tasks to queue
[2026-04-27T08:45:03.011+0000] {logging_mixin.py:190} INFO - [2026-04-27T08:45:03.011+0000] {dagbag.py:588} INFO - Filling up the DagBag from /opt/airflow/dags/layers_update.py
[2026-04-27T08:45:03.030+0000] {processor.py:925} INFO - DAG(s) 'layers_update' retrieved from /opt/airflow/dags/layers_update.py
[2026-04-27T08:45:03.059+0000] {logging_mixin.py:190} INFO - [2026-04-27T08:45:03.057+0000] {dag.py:3239} INFO - Sync 1 DAGs
[2026-04-27T08:45:03.083+0000] {logging_mixin.py:190} INFO - [2026-04-27T08:45:03.083+0000] {dag.py:4180} INFO - Setting next_dagrun for layers_update to None, run_after=None
[2026-04-27T08:45:03.113+0000] {processor.py:208} INFO - Processing /opt/airflow/dags/layers_update.py took 0.120 seconds
[2026-04-27T08:45:33.585+0000] {processor.py:186} INFO - Started process (PID=642) to work on /opt/airflow/dags/layers_update.py
[2026-04-27T08:45:33.586+0000] {processor.py:914} INFO - Processing file /opt/airflow/dags/layers_update.py for tasks to queue
[2026-04-27T08:45:33.590+0000] {logging_mixin.py:190} INFO - [2026-04-27T08:45:33.589+0000] {dagbag.py:588} INFO - Filling up the DagBag from /opt/airflow/dags/layers_update.py
[2026-04-27T08:45:33.609+0000] {processor.py:925} INFO - DAG(s) 'layers_update' retrieved from /opt/airflow/dags/layers_update.py
[2026-04-27T08:45:33.641+0000] {logging_mixin.py:190} INFO - [2026-04-27T08:45:33.641+0000] {dag.py:3239} INFO - Sync 1 DAGs
[2026-04-27T08:45:33.662+0000] {logging_mixin.py:190} INFO - [2026-04-27T08:45:33.662+0000] {dag.py:4180} INFO - Setting next_dagrun for layers_update to None, run_after=None
[2026-04-27T08:45:33.693+0000] {processor.py:208} INFO - Processing /opt/airflow/dags/layers_update.py took 0.119 seconds
[2026-04-27T08:46:04.142+0000] {processor.py:186} INFO - Started process (PID=645) to work on /opt/airflow/dags/layers_update.py
[2026-04-27T08:46:04.144+0000] {processor.py:914} INFO - Processing file /opt/airflow/dags/layers_update.py for tasks to queue
[2026-04-27T08:46:04.148+0000] {logging_mixin.py:190} INFO - [2026-04-27T08:46:04.148+0000] {dagbag.py:588} INFO - Filling up the DagBag from /opt/airflow/dags/layers_update.py
[2026-04-27T08:46:04.169+0000] {processor.py:925} INFO - DAG(s) 'layers_update' retrieved from /opt/airflow/dags/layers_update.py
[2026-04-27T08:46:04.208+0000] {logging_mixin.py:190} INFO - [2026-04-27T08:46:04.207+0000] {dag.py:3239} INFO - Sync 1 DAGs
[2026-04-27T08:46:04.232+0000] {logging_mixin.py:190} INFO - [2026-04-27T08:46:04.231+0000] {dag.py:4180} INFO - Setting next_dagrun for layers_update to None, run_after=None
[2026-04-27T08:46:04.266+0000] {processor.py:208} INFO - Processing /opt/airflow/dags/layers_update.py took 0.136 seconds
[2026-04-27T08:46:34.859+0000] {processor.py:186} INFO - Started process (PID=648) to work on /opt/airflow/dags/layers_update.py
[2026-04-27T08:46:34.862+0000] {processor.py:914} INFO - Processing file /opt/airflow/dags/layers_update.py for tasks to queue
[2026-04-27T08:46:34.867+0000] {logging_mixin.py:190} INFO - [2026-04-27T08:46:34.866+0000] {dagbag.py:588} INFO - Filling up the DagBag from /opt/airflow/dags/layers_update.py
[2026-04-27T08:46:34.891+0000] {processor.py:925} INFO - DAG(s) 'layers_update' retrieved from /opt/airflow/dags/layers_update.py
[2026-04-27T08:46:34.927+0000] {logging_mixin.py:190} INFO - [2026-04-27T08:46:34.926+0000] {dag.py:3239} INFO - Sync 1 DAGs
[2026-04-27T08:46:34.948+0000] {logging_mixin.py:190} INFO - [2026-04-27T08:46:34.948+0000] {dag.py:4180} INFO - Setting next_dagrun for layers_update to None, run_after=None
[2026-04-27T08:46:37.599+0000] {processor.py:208} INFO - Processing /opt/airflow/dags/layers_update.py took 2.758 seconds
[2026-04-27T08:47:08.582+0000] {processor.py:186} INFO - Started process (PID=652) to work on /opt/airflow/dags/layers_update.py
[2026-04-27T08:47:08.583+0000] {processor.py:914} INFO - Processing file /opt/airflow/dags/layers_update.py for tasks to queue
[2026-04-27T08:47:08.588+0000] {logging_mixin.py:190} INFO - [2026-04-27T08:47:08.587+0000] {dagbag.py:588} INFO - Filling up the DagBag from /opt/airflow/dags/layers_update.py
[2026-04-27T08:47:08.610+0000] {processor.py:925} INFO - DAG(s) 'layers_update' retrieved from /opt/airflow/dags/layers_update.py
[2026-04-27T08:47:08.646+0000] {logging_mixin.py:190} INFO - [2026-04-27T08:47:08.645+0000] {dag.py:3239} INFO - Sync 1 DAGs
[2026-04-27T08:47:08.667+0000] {logging_mixin.py:190} INFO - [2026-04-27T08:47:08.667+0000] {dag.py:4180} INFO - Setting next_dagrun for layers_update to None, run_after=None
[2026-04-27T08:47:08.699+0000] {processor.py:208} INFO - Processing /opt/airflow/dags/layers_update.py took 0.129 seconds
[2026-04-27T08:47:39.125+0000] {processor.py:186} INFO - Started process (PID=655) to work on /opt/airflow/dags/layers_update.py
[2026-04-27T08:47:39.127+0000] {processor.py:914} INFO - Processing file /opt/airflow/dags/layers_update.py for tasks to queue
[2026-04-27T08:47:39.130+0000] {logging_mixin.py:190} INFO - [2026-04-27T08:47:39.130+0000] {dagbag.py:588} INFO - Filling up the DagBag from /opt/airflow/dags/layers_update.py
[2026-04-27T08:47:39.157+0000] {processor.py:925} INFO - DAG(s) 'layers_update' retrieved from /opt/airflow/dags/layers_update.py
[2026-04-27T08:47:39.250+0000] {logging_mixin.py:190} INFO - [2026-04-27T08:47:39.250+0000] {dag.py:3239} INFO - Sync 1 DAGs
[2026-04-27T08:47:39.280+0000] {logging_mixin.py:190} INFO - [2026-04-27T08:47:39.280+0000] {dag.py:4180} INFO - Setting next_dagrun for layers_update to None, run_after=None
[2026-04-27T08:47:39.314+0000] {processor.py:208} INFO - Processing /opt/airflow/dags/layers_update.py took 0.200 seconds
[2026-04-27T08:48:09.839+0000] {processor.py:186} INFO - Started process (PID=658) to work on /opt/airflow/dags/layers_update.py
[2026-04-27T08:48:09.842+0000] {processor.py:914} INFO - Processing file /opt/airflow/dags/layers_update.py for tasks to queue
[2026-04-27T08:48:09.847+0000] {logging_mixin.py:190} INFO - [2026-04-27T08:48:09.846+0000] {dagbag.py:588} INFO - Filling up the DagBag from /opt/airflow/dags/layers_update.py
[2026-04-27T08:48:09.868+0000] {processor.py:925} INFO - DAG(s) 'layers_update' retrieved from /opt/airflow/dags/layers_update.py
[2026-04-27T08:48:09.902+0000] {logging_mixin.py:190} INFO - [2026-04-27T08:48:09.901+0000] {dag.py:3239} INFO - Sync 1 DAGs
[2026-04-27T08:48:09.921+0000] {logging_mixin.py:190} INFO - [2026-04-27T08:48:09.921+0000] {dag.py:4180} INFO - Setting next_dagrun for layers_update to None, run_after=None
[2026-04-27T08:48:09.951+0000] {processor.py:208} INFO - Processing /opt/airflow/dags/layers_update.py took 0.125 seconds
[2026-04-27T08:48:40.592+0000] {processor.py:186} INFO - Started process (PID=661) to work on /opt/airflow/dags/layers_update.py
[2026-04-27T08:48:40.594+0000] {processor.py:914} INFO - Processing file /opt/airflow/dags/layers_update.py for tasks to queue
[2026-04-27T08:48:40.598+0000] {logging_mixin.py:190} INFO - [2026-04-27T08:48:40.598+0000] {dagbag.py:588} INFO - Filling up the DagBag from /opt/airflow/dags/layers_update.py
[2026-04-27T08:48:40.622+0000] {processor.py:925} INFO - DAG(s) 'layers_update' retrieved from /opt/airflow/dags/layers_update.py
[2026-04-27T08:48:40.658+0000] {logging_mixin.py:190} INFO - [2026-04-27T08:48:40.658+0000] {dag.py:3239} INFO - Sync 1 DAGs
[2026-04-27T08:48:40.677+0000] {logging_mixin.py:190} INFO - [2026-04-27T08:48:40.677+0000] {dag.py:4180} INFO - Setting next_dagrun for layers_update to None, run_after=None
[2026-04-27T08:48:40.704+0000] {processor.py:208} INFO - Processing /opt/airflow/dags/layers_update.py took 0.120 seconds
[2026-04-27T08:49:11.219+0000] {processor.py:186} INFO - Started process (PID=664) to work on /opt/airflow/dags/layers_update.py
[2026-04-27T08:49:11.221+0000] {processor.py:914} INFO - Processing file /opt/airflow/dags/layers_update.py for tasks to queue
[2026-04-27T08:49:11.228+0000] {logging_mixin.py:190} INFO - [2026-04-27T08:49:11.228+0000] {dagbag.py:588} INFO - Filling up the DagBag from /opt/airflow/dags/layers_update.py
[2026-04-27T08:49:11.252+0000] {processor.py:925} INFO - DAG(s) 'layers_update' retrieved from /opt/airflow/dags/layers_update.py
[2026-04-27T08:49:11.286+0000] {logging_mixin.py:190} INFO - [2026-04-27T08:49:11.286+0000] {dag.py:3239} INFO - Sync 1 DAGs
[2026-04-27T08:49:11.308+0000] {logging_mixin.py:190} INFO - [2026-04-27T08:49:11.307+0000] {dag.py:4180} INFO - Setting next_dagrun for layers_update to None, run_after=None
[2026-04-27T08:49:11.334+0000] {processor.py:208} INFO - Processing /opt/airflow/dags/layers_update.py took 0.126 seconds
[2026-04-27T08:49:41.901+0000] {processor.py:186} INFO - Started process (PID=667) to work on /opt/airflow/dags/layers_update.py
[2026-04-27T08:49:41.903+0000] {processor.py:914} INFO - Processing file /opt/airflow/dags/layers_update.py for tasks to queue
[2026-04-27T08:49:41.906+0000] {logging_mixin.py:190} INFO - [2026-04-27T08:49:41.905+0000] {dagbag.py:588} INFO - Filling up the DagBag from /opt/airflow/dags/layers_update.py
[2026-04-27T08:49:41.926+0000] {processor.py:925} INFO - DAG(s) 'layers_update' retrieved from /opt/airflow/dags/layers_update.py
[2026-04-27T08:49:41.963+0000] {logging_mixin.py:190} INFO - [2026-04-27T08:49:41.963+0000] {dag.py:3239} INFO - Sync 1 DAGs
[2026-04-27T08:49:41.985+0000] {logging_mixin.py:190} INFO - [2026-04-27T08:49:41.985+0000] {dag.py:4180} INFO - Setting next_dagrun for layers_update to None, run_after=None
[2026-04-27T08:49:42.021+0000] {processor.py:208} INFO - Processing /opt/airflow/dags/layers_update.py took 0.128 seconds
[2026-04-27T08:50:12.545+0000] {processor.py:186} INFO - Started process (PID=670) to work on /opt/airflow/dags/layers_update.py
[2026-04-27T08:50:12.547+0000] {processor.py:914} INFO - Processing file /opt/airflow/dags/layers_update.py for tasks to queue
[2026-04-27T08:50:12.550+0000] {logging_mixin.py:190} INFO - [2026-04-27T08:50:12.550+0000] {dagbag.py:588} INFO - Filling up the DagBag from /opt/airflow/dags/layers_update.py
[2026-04-27T08:50:12.572+0000] {processor.py:925} INFO - DAG(s) 'layers_update' retrieved from /opt/airflow/dags/layers_update.py
[2026-04-27T08:50:12.604+0000] {logging_mixin.py:190} INFO - [2026-04-27T08:50:12.604+0000] {dag.py:3239} INFO - Sync 1 DAGs
[2026-04-27T08:50:12.623+0000] {logging_mixin.py:190} INFO - [2026-04-27T08:50:12.623+0000] {dag.py:4180} INFO - Setting next_dagrun for layers_update to None, run_after=None
[2026-04-27T08:50:12.651+0000] {processor.py:208} INFO - Processing /opt/airflow/dags/layers_update.py took 0.117 seconds
[2026-04-27T08:50:43.175+0000] {processor.py:186} INFO - Started process (PID=673) to work on /opt/airflow/dags/layers_update.py
[2026-04-27T08:50:43.183+0000] {processor.py:914} INFO - Processing file /opt/airflow/dags/layers_update.py for tasks to queue
[2026-04-27T08:50:43.191+0000] {logging_mixin.py:190} INFO - [2026-04-27T08:50:43.190+0000] {dagbag.py:588} INFO - Filling up the DagBag from /opt/airflow/dags/layers_update.py
[2026-04-27T08:50:43.261+0000] {processor.py:925} INFO - DAG(s) 'layers_update' retrieved from /opt/airflow/dags/layers_update.py
[2026-04-27T08:50:43.356+0000] {logging_mixin.py:190} INFO - [2026-04-27T08:50:43.355+0000] {dag.py:3239} INFO - Sync 1 DAGs
[2026-04-27T08:50:43.409+0000] {logging_mixin.py:190} INFO - [2026-04-27T08:50:43.409+0000] {dag.py:4180} INFO - Setting next_dagrun for layers_update to None, run_after=None
[2026-04-27T08:50:43.478+0000] {processor.py:208} INFO - Processing /opt/airflow/dags/layers_update.py took 0.316 seconds
[2026-04-27T08:51:14.035+0000] {processor.py:186} INFO - Started process (PID=676) to work on /opt/airflow/dags/layers_update.py
[2026-04-27T08:51:14.036+0000] {processor.py:914} INFO - Processing file /opt/airflow/dags/layers_update.py for tasks to queue
[2026-04-27T08:51:14.041+0000] {logging_mixin.py:190} INFO - [2026-04-27T08:51:14.040+0000] {dagbag.py:588} INFO - Filling up the DagBag from /opt/airflow/dags/layers_update.py
[2026-04-27T08:51:14.064+0000] {processor.py:925} INFO - DAG(s) 'layers_update' retrieved from /opt/airflow/dags/layers_update.py
[2026-04-27T08:51:14.097+0000] {logging_mixin.py:190} INFO - [2026-04-27T08:51:14.097+0000] {dag.py:3239} INFO - Sync 1 DAGs
[2026-04-27T08:51:14.120+0000] {logging_mixin.py:190} INFO - [2026-04-27T08:51:14.120+0000] {dag.py:4180} INFO - Setting next_dagrun for layers_update to None, run_after=None
[2026-04-27T08:51:14.151+0000] {processor.py:208} INFO - Processing /opt/airflow/dags/layers_update.py took 0.126 seconds
[2026-04-27T08:51:44.202+0000] {processor.py:186} INFO - Started process (PID=678) to work on /opt/airflow/dags/layers_update.py
[2026-04-27T08:51:44.203+0000] {processor.py:914} INFO - Processing file /opt/airflow/dags/layers_update.py for tasks to queue
[2026-04-27T08:51:44.207+0000] {logging_mixin.py:190} INFO - [2026-04-27T08:51:44.206+0000] {dagbag.py:588} INFO - Filling up the DagBag from /opt/airflow/dags/layers_update.py
[2026-04-27T08:51:44.226+0000] {processor.py:925} INFO - DAG(s) 'layers_update' retrieved from /opt/airflow/dags/layers_update.py
[2026-04-27T08:51:44.258+0000] {logging_mixin.py:190} INFO - [2026-04-27T08:51:44.258+0000] {dag.py:3239} INFO - Sync 1 DAGs
[2026-04-27T08:51:44.287+0000] {logging_mixin.py:190} INFO - [2026-04-27T08:51:44.287+0000] {dag.py:4180} INFO - Setting next_dagrun for layers_update to None, run_after=None
[2026-04-27T08:51:44.319+0000] {processor.py:208} INFO - Processing /opt/airflow/dags/layers_update.py took 0.126 seconds
[2026-04-27T08:52:14.537+0000] {processor.py:186} INFO - Started process (PID=681) to work on /opt/airflow/dags/layers_update.py
[2026-04-27T08:52:14.539+0000] {processor.py:914} INFO - Processing file /opt/airflow/dags/layers_update.py for tasks to queue
[2026-04-27T08:52:14.542+0000] {logging_mixin.py:190} INFO - [2026-04-27T08:52:14.542+0000] {dagbag.py:588} INFO - Filling up the DagBag from /opt/airflow/dags/layers_update.py
[2026-04-27T08:52:14.566+0000] {processor.py:925} INFO - DAG(s) 'layers_update' retrieved from /opt/airflow/dags/layers_update.py
[2026-04-27T08:52:14.597+0000] {logging_mixin.py:190} INFO - [2026-04-27T08:52:14.597+0000] {dag.py:3239} INFO - Sync 1 DAGs
[2026-04-27T08:52:14.617+0000] {logging_mixin.py:190} INFO - [2026-04-27T08:52:14.616+0000] {dag.py:4180} INFO - Setting next_dagrun for layers_update to None, run_after=None
[2026-04-27T08:52:14.643+0000] {processor.py:208} INFO - Processing /opt/airflow/dags/layers_update.py took 0.115 seconds
[2026-04-27T08:52:45.286+0000] {processor.py:186} INFO - Started process (PID=685) to work on /opt/airflow/dags/layers_update.py
[2026-04-27T08:52:45.288+0000] {processor.py:914} INFO - Processing file /opt/airflow/dags/layers_update.py for tasks to queue
[2026-04-27T08:52:45.292+0000] {logging_mixin.py:190} INFO - [2026-04-27T08:52:45.291+0000] {dagbag.py:588} INFO - Filling up the DagBag from /opt/airflow/dags/layers_update.py
[2026-04-27T08:52:45.313+0000] {processor.py:925} INFO - DAG(s) 'layers_update' retrieved from /opt/airflow/dags/layers_update.py
[2026-04-27T08:52:45.349+0000] {logging_mixin.py:190} INFO - [2026-04-27T08:52:45.349+0000] {dag.py:3239} INFO - Sync 1 DAGs
[2026-04-27T08:52:45.397+0000] {logging_mixin.py:190} INFO - [2026-04-27T08:52:45.396+0000] {dag.py:4180} INFO - Setting next_dagrun for layers_update to None, run_after=None
[2026-04-27T08:52:45.459+0000] {processor.py:208} INFO - Processing /opt/airflow/dags/layers_update.py took 0.184 seconds
[2026-04-27T08:53:16.059+0000] {processor.py:186} INFO - Started process (PID=688) to work on /opt/airflow/dags/layers_update.py
[2026-04-27T08:53:16.060+0000] {processor.py:914} INFO - Processing file /opt/airflow/dags/layers_update.py for tasks to queue
[2026-04-27T08:53:16.066+0000] {logging_mixin.py:190} INFO - [2026-04-27T08:53:16.066+0000] {dagbag.py:588} INFO - Filling up the DagBag from /opt/airflow/dags/layers_update.py
[2026-04-27T08:53:16.091+0000] {processor.py:925} INFO - DAG(s) 'layers_update' retrieved from /opt/airflow/dags/layers_update.py
[2026-04-27T08:53:16.120+0000] {logging_mixin.py:190} INFO - [2026-04-27T08:53:16.120+0000] {dag.py:3239} INFO - Sync 1 DAGs
[2026-04-27T08:53:16.140+0000] {logging_mixin.py:190} INFO - [2026-04-27T08:53:16.140+0000] {dag.py:4180} INFO - Setting next_dagrun for layers_update to None, run_after=None
[2026-04-27T08:53:16.168+0000] {processor.py:208} INFO - Processing /opt/airflow/dags/layers_update.py took 0.118 seconds
[2026-04-27T08:53:46.643+0000] {processor.py:186} INFO - Started process (PID=691) to work on /opt/airflow/dags/layers_update.py
[2026-04-27T08:53:46.644+0000] {processor.py:914} INFO - Processing file /opt/airflow/dags/layers_update.py for tasks to queue
[2026-04-27T08:53:46.647+0000] {logging_mixin.py:190} INFO - [2026-04-27T08:53:46.647+0000] {dagbag.py:588} INFO - Filling up the DagBag from /opt/airflow/dags/layers_update.py
[2026-04-27T08:53:46.665+0000] {processor.py:925} INFO - DAG(s) 'layers_update' retrieved from /opt/airflow/dags/layers_update.py
[2026-04-27T08:53:46.690+0000] {logging_mixin.py:190} INFO - [2026-04-27T08:53:46.690+0000] {dag.py:3239} INFO - Sync 1 DAGs
[2026-04-27T08:53:46.707+0000] {logging_mixin.py:190} INFO - [2026-04-27T08:53:46.707+0000] {dag.py:4180} INFO - Setting next_dagrun for layers_update to None, run_after=None
[2026-04-27T08:53:46.731+0000] {processor.py:208} INFO - Processing /opt/airflow/dags/layers_update.py took 0.097 seconds
[2026-04-27T08:54:17.527+0000] {processor.py:186} INFO - Started process (PID=694) to work on /opt/airflow/dags/layers_update.py
[2026-04-27T08:54:17.531+0000] {processor.py:914} INFO - Processing file /opt/airflow/dags/layers_update.py for tasks to queue
[2026-04-27T08:54:17.535+0000] {logging_mixin.py:190} INFO - [2026-04-27T08:54:17.535+0000] {dagbag.py:588} INFO - Filling up the DagBag from /opt/airflow/dags/layers_update.py
[2026-04-27T08:54:17.569+0000] {processor.py:925} INFO - DAG(s) 'layers_update' retrieved from /opt/airflow/dags/layers_update.py
[2026-04-27T08:54:17.637+0000] {logging_mixin.py:190} INFO - [2026-04-27T08:54:17.635+0000] {dag.py:3239} INFO - Sync 1 DAGs
[2026-04-27T08:54:17.674+0000] {logging_mixin.py:190} INFO - [2026-04-27T08:54:17.672+0000] {dag.py:4180} INFO - Setting next_dagrun for layers_update to None, run_after=None
[2026-04-27T08:54:17.721+0000] {processor.py:208} INFO - Processing /opt/airflow/dags/layers_update.py took 0.204 seconds
[2026-04-27T08:54:48.147+0000] {processor.py:186} INFO - Started process (PID=697) to work on /opt/airflow/dags/layers_update.py
[2026-04-27T08:54:48.149+0000] {processor.py:914} INFO - Processing file /opt/airflow/dags/layers_update.py for tasks to queue
[2026-04-27T08:54:48.153+0000] {logging_mixin.py:190} INFO - [2026-04-27T08:54:48.152+0000] {dagbag.py:588} INFO - Filling up the DagBag from /opt/airflow/dags/layers_update.py
[2026-04-27T08:54:48.171+0000] {processor.py:925} INFO - DAG(s) 'layers_update' retrieved from /opt/airflow/dags/layers_update.py
[2026-04-27T08:54:48.201+0000] {logging_mixin.py:190} INFO - [2026-04-27T08:54:48.201+0000] {dag.py:3239} INFO - Sync 1 DAGs
[2026-04-27T08:54:48.219+0000] {logging_mixin.py:190} INFO - [2026-04-27T08:54:48.219+0000] {dag.py:4180} INFO - Setting next_dagrun for layers_update to None, run_after=None
[2026-04-27T08:54:48.242+0000] {processor.py:208} INFO - Processing /opt/airflow/dags/layers_update.py took 0.104 seconds
[2026-04-27T08:55:18.770+0000] {processor.py:186} INFO - Started process (PID=700) to work on /opt/airflow/dags/layers_update.py
[2026-04-27T08:55:18.772+0000] {processor.py:914} INFO - Processing file /opt/airflow/dags/layers_update.py for tasks to queue
[2026-04-27T08:55:18.775+0000] {logging_mixin.py:190} INFO - [2026-04-27T08:55:18.774+0000] {dagbag.py:588} INFO - Filling up the DagBag from /opt/airflow/dags/layers_update.py
[2026-04-27T08:55:18.793+0000] {processor.py:925} INFO - DAG(s) 'layers_update' retrieved from /opt/airflow/dags/layers_update.py
[2026-04-27T08:55:18.824+0000] {logging_mixin.py:190} INFO - [2026-04-27T08:55:18.823+0000] {dag.py:3239} INFO - Sync 1 DAGs
[2026-04-27T08:55:18.843+0000] {logging_mixin.py:190} INFO - [2026-04-27T08:55:18.843+0000] {dag.py:4180} INFO - Setting next_dagrun for layers_update to None, run_after=None
[2026-04-27T08:55:18.888+0000] {processor.py:208} INFO - Processing /opt/airflow/dags/layers_update.py took 0.127 seconds
[2026-04-27T08:55:49.473+0000] {processor.py:186} INFO - Started process (PID=703) to work on /opt/airflow/dags/layers_update.py
[2026-04-27T08:55:49.476+0000] {processor.py:914} INFO - Processing file /opt/airflow/dags/layers_update.py for tasks to queue
[2026-04-27T08:55:49.482+0000] {logging_mixin.py:190} INFO - [2026-04-27T08:55:49.481+0000] {dagbag.py:588} INFO - Filling up the DagBag from /opt/airflow/dags/layers_update.py
[2026-04-27T08:55:49.521+0000] {processor.py:925} INFO - DAG(s) 'layers_update' retrieved from /opt/airflow/dags/layers_update.py
[2026-04-27T08:55:49.575+0000] {logging_mixin.py:190} INFO - [2026-04-27T08:55:49.575+0000] {dag.py:3239} INFO - Sync 1 DAGs
[2026-04-27T08:55:49.609+0000] {logging_mixin.py:190} INFO - [2026-04-27T08:55:49.608+0000] {dag.py:4180} INFO - Setting next_dagrun for layers_update to None, run_after=None
[2026-04-27T08:55:49.660+0000] {processor.py:208} INFO - Processing /opt/airflow/dags/layers_update.py took 0.206 seconds
[2026-04-27T08:56:20.123+0000] {processor.py:186} INFO - Started process (PID=706) to work on /opt/airflow/dags/layers_update.py
[2026-04-27T08:56:20.126+0000] {processor.py:914} INFO - Processing file /opt/airflow/dags/layers_update.py for tasks to queue
[2026-04-27T08:56:20.130+0000] {logging_mixin.py:190} INFO - [2026-04-27T08:56:20.129+0000] {dagbag.py:588} INFO - Filling up the DagBag from /opt/airflow/dags/layers_update.py
[2026-04-27T08:56:20.160+0000] {processor.py:925} INFO - DAG(s) 'layers_update' retrieved from /opt/airflow/dags/layers_update.py
[2026-04-27T08:56:20.197+0000] {logging_mixin.py:190} INFO - [2026-04-27T08:56:20.196+0000] {dag.py:3239} INFO - Sync 1 DAGs
[2026-04-27T08:56:20.220+0000] {logging_mixin.py:190} INFO - [2026-04-27T08:56:20.219+0000] {dag.py:4180} INFO - Setting next_dagrun for layers_update to None, run_after=None
[2026-04-27T08:56:20.253+0000] {processor.py:208} INFO - Processing /opt/airflow/dags/layers_update.py took 0.141 seconds
[2026-04-27T08:56:50.671+0000] {processor.py:186} INFO - Started process (PID=709) to work on /opt/airflow/dags/layers_update.py
[2026-04-27T08:56:50.673+0000] {processor.py:914} INFO - Processing file /opt/airflow/dags/layers_update.py for tasks to queue
[2026-04-27T08:56:50.676+0000] {logging_mixin.py:190} INFO - [2026-04-27T08:56:50.675+0000] {dagbag.py:588} INFO - Filling up the DagBag from /opt/airflow/dags/layers_update.py
[2026-04-27T08:56:50.694+0000] {processor.py:925} INFO - DAG(s) 'layers_update' retrieved from /opt/airflow/dags/layers_update.py
[2026-04-27T08:56:50.720+0000] {logging_mixin.py:190} INFO - [2026-04-27T08:56:50.719+0000] {dag.py:3239} INFO - Sync 1 DAGs
[2026-04-27T08:56:50.738+0000] {logging_mixin.py:190} INFO - [2026-04-27T08:56:50.737+0000] {dag.py:4180} INFO - Setting next_dagrun for layers_update to None, run_after=None
[2026-04-27T08:56:50.762+0000] {processor.py:208} INFO - Processing /opt/airflow/dags/layers_update.py took 0.099 seconds
[2026-04-27T08:57:21.256+0000] {processor.py:186} INFO - Started process (PID=712) to work on /opt/airflow/dags/layers_update.py
[2026-04-27T08:57:21.257+0000] {processor.py:914} INFO - Processing file /opt/airflow/dags/layers_update.py for tasks to queue
[2026-04-27T08:57:21.261+0000] {logging_mixin.py:190} INFO - [2026-04-27T08:57:21.260+0000] {dagbag.py:588} INFO - Filling up the DagBag from /opt/airflow/dags/layers_update.py
[2026-04-27T08:57:21.279+0000] {processor.py:925} INFO - DAG(s) 'layers_update' retrieved from /opt/airflow/dags/layers_update.py
[2026-04-27T08:57:21.307+0000] {logging_mixin.py:190} INFO - [2026-04-27T08:57:21.307+0000] {dag.py:3239} INFO - Sync 1 DAGs
[2026-04-27T08:57:21.325+0000] {logging_mixin.py:190} INFO - [2026-04-27T08:57:21.325+0000] {dag.py:4180} INFO - Setting next_dagrun for layers_update to None, run_after=None
[2026-04-27T08:57:21.353+0000] {processor.py:208} INFO - Processing /opt/airflow/dags/layers_update.py took 0.106 seconds
[2026-04-27T08:57:52.456+0000] {processor.py:186} INFO - Started process (PID=715) to work on /opt/airflow/dags/layers_update.py
[2026-04-27T08:57:52.458+0000] {processor.py:914} INFO - Processing file /opt/airflow/dags/layers_update.py for tasks to queue
[2026-04-27T08:57:52.461+0000] {logging_mixin.py:190} INFO - [2026-04-27T08:57:52.461+0000] {dagbag.py:588} INFO - Filling up the DagBag from /opt/airflow/dags/layers_update.py
[2026-04-27T08:57:52.483+0000] {processor.py:925} INFO - DAG(s) 'layers_update' retrieved from /opt/airflow/dags/layers_update.py
[2026-04-27T08:57:52.516+0000] {logging_mixin.py:190} INFO - [2026-04-27T08:57:52.516+0000] {dag.py:3239} INFO - Sync 1 DAGs
[2026-04-27T08:57:52.559+0000] {logging_mixin.py:190} INFO - [2026-04-27T08:57:52.559+0000] {dag.py:4180} INFO - Setting next_dagrun for layers_update to None, run_after=None
[2026-04-27T08:57:52.636+0000] {processor.py:208} INFO - Processing /opt/airflow/dags/layers_update.py took 0.190 seconds
[2026-04-27T08:58:23.116+0000] {processor.py:186} INFO - Started process (PID=718) to work on /opt/airflow/dags/layers_update.py
[2026-04-27T08:58:23.118+0000] {processor.py:914} INFO - Processing file /opt/airflow/dags/layers_update.py for tasks to queue
[2026-04-27T08:58:23.122+0000] {logging_mixin.py:190} INFO - [2026-04-27T08:58:23.121+0000] {dagbag.py:588} INFO - Filling up the DagBag from /opt/airflow/dags/layers_update.py
[2026-04-27T08:58:23.141+0000] {processor.py:925} INFO - DAG(s) 'layers_update' retrieved from /opt/airflow/dags/layers_update.py
[2026-04-27T08:58:23.165+0000] {logging_mixin.py:190} INFO - [2026-04-27T08:58:23.165+0000] {dag.py:3239} INFO - Sync 1 DAGs
[2026-04-27T08:58:23.182+0000] {logging_mixin.py:190} INFO - [2026-04-27T08:58:23.182+0000] {dag.py:4180} INFO - Setting next_dagrun for layers_update to None, run_after=None
[2026-04-27T08:58:23.209+0000] {processor.py:208} INFO - Processing /opt/airflow/dags/layers_update.py took 0.104 seconds
[2026-04-27T08:58:54.012+0000] {processor.py:186} INFO - Started process (PID=721) to work on /opt/airflow/dags/layers_update.py
[2026-04-27T08:58:54.013+0000] {processor.py:914} INFO - Processing file /opt/airflow/dags/layers_update.py for tasks to queue
[2026-04-27T08:58:54.017+0000] {logging_mixin.py:190} INFO - [2026-04-27T08:58:54.016+0000] {dagbag.py:588} INFO - Filling up the DagBag from /opt/airflow/dags/layers_update.py
[2026-04-27T08:58:54.037+0000] {processor.py:925} INFO - DAG(s) 'layers_update' retrieved from /opt/airflow/dags/layers_update.py
[2026-04-27T08:58:54.069+0000] {logging_mixin.py:190} INFO - [2026-04-27T08:58:54.068+0000] {dag.py:3239} INFO - Sync 1 DAGs
[2026-04-27T08:58:54.088+0000] {logging_mixin.py:190} INFO - [2026-04-27T08:58:54.088+0000] {dag.py:4180} INFO - Setting next_dagrun for layers_update to None, run_after=None
[2026-04-27T08:58:54.116+0000] {processor.py:208} INFO - Processing /opt/airflow/dags/layers_update.py took 0.123 seconds
[2026-04-27T08:59:24.507+0000] {processor.py:186} INFO - Started process (PID=724) to work on /opt/airflow/dags/layers_update.py
[2026-04-27T08:59:24.508+0000] {processor.py:914} INFO - Processing file /opt/airflow/dags/layers_update.py for tasks to queue
[2026-04-27T08:59:24.511+0000] {logging_mixin.py:190} INFO - [2026-04-27T08:59:24.510+0000] {dagbag.py:588} INFO - Filling up the DagBag from /opt/airflow/dags/layers_update.py
[2026-04-27T08:59:24.530+0000] {processor.py:925} INFO - DAG(s) 'layers_update' retrieved from /opt/airflow/dags/layers_update.py
[2026-04-27T08:59:24.556+0000] {logging_mixin.py:190} INFO - [2026-04-27T08:59:24.556+0000] {dag.py:3239} INFO - Sync 1 DAGs
[2026-04-27T08:59:24.575+0000] {logging_mixin.py:190} INFO - [2026-04-27T08:59:24.574+0000] {dag.py:4180} INFO - Setting next_dagrun for layers_update to None, run_after=None
[2026-04-27T08:59:24.599+0000] {processor.py:208} INFO - Processing /opt/airflow/dags/layers_update.py took 0.101 seconds
[2026-04-27T08:59:55.081+0000] {processor.py:186} INFO - Started process (PID=727) to work on /opt/airflow/dags/layers_update.py
[2026-04-27T08:59:55.083+0000] {processor.py:914} INFO - Processing file /opt/airflow/dags/layers_update.py for tasks to queue
[2026-04-27T08:59:55.086+0000] {logging_mixin.py:190} INFO - [2026-04-27T08:59:55.086+0000] {dagbag.py:588} INFO - Filling up the DagBag from /opt/airflow/dags/layers_update.py
[2026-04-27T08:59:55.131+0000] {processor.py:925} INFO - DAG(s) 'layers_update' retrieved from /opt/airflow/dags/layers_update.py
[2026-04-27T08:59:55.158+0000] {logging_mixin.py:190} INFO - [2026-04-27T08:59:55.158+0000] {dag.py:3239} INFO - Sync 1 DAGs
[2026-04-27T08:59:55.179+0000] {logging_mixin.py:190} INFO - [2026-04-27T08:59:55.179+0000] {dag.py:4180} INFO - Setting next_dagrun for layers_update to None, run_after=None
[2026-04-27T08:59:55.208+0000] {processor.py:208} INFO - Processing /opt/airflow/dags/layers_update.py took 0.136 seconds
