[2026-04-15T08:07:48.096+0000] {local_task_job_runner.py:123} INFO - ::group::Pre task execution logs
[2026-04-15T08:07:48.130+0000] {taskinstance.py:2614} INFO - Dependencies all met for dep_context=non-requeueable deps ti=<TaskInstance: kafka_producer.execute_update_layers scheduled__2026-04-13T18:30:00+00:00 [queued]>
[2026-04-15T08:07:48.156+0000] {taskinstance.py:2614} INFO - Dependencies all met for dep_context=requeueable deps ti=<TaskInstance: kafka_producer.execute_update_layers scheduled__2026-04-13T18:30:00+00:00 [queued]>
[2026-04-15T08:07:48.157+0000] {taskinstance.py:2867} INFO - Starting attempt 1 of 1
[2026-04-15T08:07:48.177+0000] {taskinstance.py:2890} INFO - Executing <Task(TriggerDagRunOperator): execute_update_layers> on 2026-04-13 18:30:00+00:00
[2026-04-15T08:07:48.188+0000] {warnings.py:112} WARNING - /home/***/.local/lib/python3.12/site-packages/***/task/task_runner/standard_task_runner.py:70: DeprecationWarning: This process (pid=56) is multi-threaded, use of fork() may lead to deadlocks in the child.
  pid = os.fork()

[2026-04-15T08:07:48.194+0000] {standard_task_runner.py:72} INFO - Started process 57 to run task
[2026-04-15T08:07:48.199+0000] {standard_task_runner.py:104} INFO - Running: ['***', 'tasks', 'run', 'kafka_producer', 'execute_update_layers', 'scheduled__2026-04-13T18:30:00+00:00', '--job-id', '3', '--raw', '--subdir', 'DAGS_FOLDER/kafka_load.py', '--cfg-path', '/tmp/tmpe6zo05d_']
[2026-04-15T08:07:48.200+0000] {standard_task_runner.py:105} INFO - Job 3: Subtask execute_update_layers
[2026-04-15T08:07:48.420+0000] {task_command.py:467} INFO - Running <TaskInstance: kafka_producer.execute_update_layers scheduled__2026-04-13T18:30:00+00:00 [running]> on host 60f516562606
[2026-04-15T08:07:48.908+0000] {taskinstance.py:3134} INFO - Exporting env vars: AIRFLOW_CTX_DAG_OWNER='***' AIRFLOW_CTX_DAG_ID='kafka_producer' AIRFLOW_CTX_TASK_ID='execute_update_layers' AIRFLOW_CTX_EXECUTION_DATE='2026-04-13T18:30:00+00:00' AIRFLOW_CTX_TRY_NUMBER='1' AIRFLOW_CTX_DAG_RUN_ID='scheduled__2026-04-13T18:30:00+00:00'
[2026-04-15T08:07:48.909+0000] {taskinstance.py:732} INFO - ::endgroup::
[2026-04-15T08:07:53.125+0000] {warnings.py:112} WARNING - /home/***/.local/lib/python3.12/site-packages/azure/synapse/artifacts/models/_models_py3.py:175: SyntaxWarning: invalid escape sequence '\d'
  """Execution policy for an activity.

[2026-04-15T08:07:53.126+0000] {warnings.py:112} WARNING - /home/***/.local/lib/python3.12/site-packages/azure/synapse/artifacts/models/_models_py3.py:222: SyntaxWarning: invalid escape sequence '\d'
  """

[2026-04-15T08:07:53.128+0000] {warnings.py:112} WARNING - /home/***/.local/lib/python3.12/site-packages/azure/synapse/artifacts/models/_models_py3.py:1151: SyntaxWarning: invalid escape sequence '\d'
  """A copy activity source.

[2026-04-15T08:07:53.129+0000] {warnings.py:112} WARNING - /home/***/.local/lib/python3.12/site-packages/azure/synapse/artifacts/models/_models_py3.py:1248: SyntaxWarning: invalid escape sequence '\d'
  """

[2026-04-15T08:07:53.130+0000] {warnings.py:112} WARNING - /home/***/.local/lib/python3.12/site-packages/azure/synapse/artifacts/models/_models_py3.py:1271: SyntaxWarning: invalid escape sequence '\d'
  """Copy activity sources of tabular type.

[2026-04-15T08:07:53.131+0000] {warnings.py:112} WARNING - /home/***/.local/lib/python3.12/site-packages/azure/synapse/artifacts/models/_models_py3.py:1406: SyntaxWarning: invalid escape sequence '\d'
  """

[2026-04-15T08:07:53.131+0000] {warnings.py:112} WARNING - /home/***/.local/lib/python3.12/site-packages/azure/synapse/artifacts/models/_models_py3.py:1439: SyntaxWarning: invalid escape sequence '\d'
  """A copy activity Amazon Marketplace Web Service source.

[2026-04-15T08:07:53.132+0000] {warnings.py:112} WARNING - /home/***/.local/lib/python3.12/site-packages/azure/synapse/artifacts/models/_models_py3.py:1495: SyntaxWarning: invalid escape sequence '\d'
  """

[2026-04-15T08:07:53.133+0000] {warnings.py:112} WARNING - /home/***/.local/lib/python3.12/site-packages/azure/synapse/artifacts/models/_models_py3.py:1683: SyntaxWarning: invalid escape sequence '\d'
  """A copy activity AmazonRdsForOracle source.

[2026-04-15T08:07:53.134+0000] {warnings.py:112} WARNING - /home/***/.local/lib/python3.12/site-packages/azure/synapse/artifacts/models/_models_py3.py:1750: SyntaxWarning: invalid escape sequence '\d'
  """

[2026-04-15T08:07:53.135+0000] {warnings.py:112} WARNING - /home/***/.local/lib/python3.12/site-packages/azure/synapse/artifacts/models/_models_py3.py:2025: SyntaxWarning: invalid escape sequence '\d'
  """A copy activity Amazon RDS for SQL Server source.

[2026-04-15T08:07:53.135+0000] {warnings.py:112} WARNING - /home/***/.local/lib/python3.12/site-packages/azure/synapse/artifacts/models/_models_py3.py:2110: SyntaxWarning: invalid escape sequence '\d'
  """

[2026-04-15T08:07:53.137+0000] {warnings.py:112} WARNING - /home/***/.local/lib/python3.12/site-packages/azure/synapse/artifacts/models/_models_py3.py:2407: SyntaxWarning: invalid escape sequence '\d'
  """A copy activity source for Amazon Redshift Source.

[2026-04-15T08:07:53.137+0000] {warnings.py:112} WARNING - /home/***/.local/lib/python3.12/site-packages/azure/synapse/artifacts/models/_models_py3.py:2468: SyntaxWarning: invalid escape sequence '\d'
  """

[2026-04-15T08:07:53.143+0000] {warnings.py:112} WARNING - /home/***/.local/lib/python3.12/site-packages/azure/synapse/artifacts/models/_models_py3.py:3987: SyntaxWarning: invalid escape sequence '\d'
  """A copy activity sink.

[2026-04-15T08:07:53.144+0000] {warnings.py:112} WARNING - /home/***/.local/lib/python3.12/site-packages/azure/synapse/artifacts/models/_models_py3.py:4096: SyntaxWarning: invalid escape sequence '\d'
  """

[2026-04-15T08:07:53.144+0000] {warnings.py:112} WARNING - /home/***/.local/lib/python3.12/site-packages/azure/synapse/artifacts/models/_models_py3.py:4127: SyntaxWarning: invalid escape sequence '\d'
  """A copy activity Avro sink.

[2026-04-15T08:07:53.145+0000] {warnings.py:112} WARNING - /home/***/.local/lib/python3.12/site-packages/azure/synapse/artifacts/models/_models_py3.py:4186: SyntaxWarning: invalid escape sequence '\d'
  """

[2026-04-15T08:07:53.146+0000] {warnings.py:112} WARNING - /home/***/.local/lib/python3.12/site-packages/azure/synapse/artifacts/models/_models_py3.py:4225: SyntaxWarning: invalid escape sequence '\d'
  """A copy activity Avro source.

[2026-04-15T08:07:53.147+0000] {warnings.py:112} WARNING - /home/***/.local/lib/python3.12/site-packages/azure/synapse/artifacts/models/_models_py3.py:4275: SyntaxWarning: invalid escape sequence '\d'
  """

[2026-04-15T08:07:53.149+0000] {warnings.py:112} WARNING - /home/***/.local/lib/python3.12/site-packages/azure/synapse/artifacts/models/_models_py3.py:5209: SyntaxWarning: invalid escape sequence '\d'
  """A copy activity Azure Data Lake Storage Gen2 sink.

[2026-04-15T08:07:53.151+0000] {warnings.py:112} WARNING - /home/***/.local/lib/python3.12/site-packages/azure/synapse/artifacts/models/_models_py3.py:5265: SyntaxWarning: invalid escape sequence '\d'
  """

[2026-04-15T08:07:53.151+0000] {warnings.py:112} WARNING - /home/***/.local/lib/python3.12/site-packages/azure/synapse/artifacts/models/_models_py3.py:5302: SyntaxWarning: invalid escape sequence '\d'
  """A copy activity Azure BlobFS source.

[2026-04-15T08:07:53.152+0000] {warnings.py:112} WARNING - /home/***/.local/lib/python3.12/site-packages/azure/synapse/artifacts/models/_models_py3.py:5358: SyntaxWarning: invalid escape sequence '\d'
  """

[2026-04-15T08:07:53.155+0000] {warnings.py:112} WARNING - /home/***/.local/lib/python3.12/site-packages/azure/synapse/artifacts/models/_models_py3.py:6437: SyntaxWarning: invalid escape sequence '\d'
  """A copy activity Azure Databricks Delta Lake sink.

[2026-04-15T08:07:53.156+0000] {warnings.py:112} WARNING - /home/***/.local/lib/python3.12/site-packages/azure/synapse/artifacts/models/_models_py3.py:6497: SyntaxWarning: invalid escape sequence '\d'
  """

[2026-04-15T08:07:53.157+0000] {warnings.py:112} WARNING - /home/***/.local/lib/python3.12/site-packages/azure/synapse/artifacts/models/_models_py3.py:6538: SyntaxWarning: invalid escape sequence '\d'
  """A copy activity Azure Databricks Delta Lake source.

[2026-04-15T08:07:53.157+0000] {warnings.py:112} WARNING - /home/***/.local/lib/python3.12/site-packages/azure/synapse/artifacts/models/_models_py3.py:6588: SyntaxWarning: invalid escape sequence '\d'
  """

[2026-04-15T08:07:53.159+0000] {warnings.py:112} WARNING - /home/***/.local/lib/python3.12/site-packages/azure/synapse/artifacts/models/_models_py3.py:7023: SyntaxWarning: invalid escape sequence '\d'
  """Azure Data Explorer command activity.

[2026-04-15T08:07:53.159+0000] {warnings.py:112} WARNING - /home/***/.local/lib/python3.12/site-packages/azure/synapse/artifacts/models/_models_py3.py:7096: SyntaxWarning: invalid escape sequence '\d'
  """

[2026-04-15T08:07:53.160+0000] {warnings.py:112} WARNING - /home/***/.local/lib/python3.12/site-packages/azure/synapse/artifacts/models/_models_py3.py:7267: SyntaxWarning: invalid escape sequence '\d'
  """A copy activity Azure Data Explorer sink.

[2026-04-15T08:07:53.162+0000] {warnings.py:112} WARNING - /home/***/.local/lib/python3.12/site-packages/azure/synapse/artifacts/models/_models_py3.py:7333: SyntaxWarning: invalid escape sequence '\d'
  """

[2026-04-15T08:07:53.162+0000] {warnings.py:112} WARNING - /home/***/.local/lib/python3.12/site-packages/azure/synapse/artifacts/models/_models_py3.py:7378: SyntaxWarning: invalid escape sequence '\d'
  """A copy activity Azure Data Explorer (Kusto) source.

[2026-04-15T08:07:53.163+0000] {warnings.py:112} WARNING - /home/***/.local/lib/python3.12/site-packages/azure/synapse/artifacts/models/_models_py3.py:7440: SyntaxWarning: invalid escape sequence '\d'
  """

[2026-04-15T08:07:53.165+0000] {warnings.py:112} WARNING - /home/***/.local/lib/python3.12/site-packages/azure/synapse/artifacts/models/_models_py3.py:8222: SyntaxWarning: invalid escape sequence '\d'
  """A copy activity Azure Data Lake Store sink.

[2026-04-15T08:07:53.166+0000] {warnings.py:112} WARNING - /home/***/.local/lib/python3.12/site-packages/azure/synapse/artifacts/models/_models_py3.py:8282: SyntaxWarning: invalid escape sequence '\d'
  """

[2026-04-15T08:07:53.167+0000] {warnings.py:112} WARNING - /home/***/.local/lib/python3.12/site-packages/azure/synapse/artifacts/models/_models_py3.py:8322: SyntaxWarning: invalid escape sequence '\d'
  """A copy activity Azure Data Lake source.

[2026-04-15T08:07:53.168+0000] {warnings.py:112} WARNING - /home/***/.local/lib/python3.12/site-packages/azure/synapse/artifacts/models/_models_py3.py:8368: SyntaxWarning: invalid escape sequence '\d'
  """

[2026-04-15T08:07:53.170+0000] {warnings.py:112} WARNING - /home/***/.local/lib/python3.12/site-packages/azure/synapse/artifacts/models/_models_py3.py:9475: SyntaxWarning: invalid escape sequence '\d'
  """A copy activity Azure MariaDB source.

[2026-04-15T08:07:53.171+0000] {warnings.py:112} WARNING - /home/***/.local/lib/python3.12/site-packages/azure/synapse/artifacts/models/_models_py3.py:9531: SyntaxWarning: invalid escape sequence '\d'
  """

[2026-04-15T08:07:53.174+0000] {warnings.py:112} WARNING - /home/***/.local/lib/python3.12/site-packages/azure/synapse/artifacts/models/_models_py3.py:10532: SyntaxWarning: invalid escape sequence '\d'
  """A copy activity Azure MySql sink.

[2026-04-15T08:07:53.175+0000] {warnings.py:112} WARNING - /home/***/.local/lib/python3.12/site-packages/azure/synapse/artifacts/models/_models_py3.py:10588: SyntaxWarning: invalid escape sequence '\d'
  """

[2026-04-15T08:07:53.175+0000] {warnings.py:112} WARNING - /home/***/.local/lib/python3.12/site-packages/azure/synapse/artifacts/models/_models_py3.py:10625: SyntaxWarning: invalid escape sequence '\d'
  """A copy activity Azure MySQL source.

[2026-04-15T08:07:53.176+0000] {warnings.py:112} WARNING - /home/***/.local/lib/python3.12/site-packages/azure/synapse/artifacts/models/_models_py3.py:10680: SyntaxWarning: invalid escape sequence '\d'
  """

[2026-04-15T08:07:53.180+0000] {warnings.py:112} WARNING - /home/***/.local/lib/python3.12/site-packages/azure/synapse/artifacts/models/_models_py3.py:10923: SyntaxWarning: invalid escape sequence '\d'
  """A copy activity Azure PostgreSQL sink.

[2026-04-15T08:07:53.181+0000] {warnings.py:112} WARNING - /home/***/.local/lib/python3.12/site-packages/azure/synapse/artifacts/models/_models_py3.py:10979: SyntaxWarning: invalid escape sequence '\d'
  """

[2026-04-15T08:07:53.182+0000] {warnings.py:112} WARNING - /home/***/.local/lib/python3.12/site-packages/azure/synapse/artifacts/models/_models_py3.py:11016: SyntaxWarning: invalid escape sequence '\d'
  """A copy activity Azure PostgreSQL source.

[2026-04-15T08:07:53.182+0000] {warnings.py:112} WARNING - /home/***/.local/lib/python3.12/site-packages/azure/synapse/artifacts/models/_models_py3.py:11072: SyntaxWarning: invalid escape sequence '\d'
  """

[2026-04-15T08:07:53.183+0000] {warnings.py:112} WARNING - /home/***/.local/lib/python3.12/site-packages/azure/synapse/artifacts/models/_models_py3.py:11231: SyntaxWarning: invalid escape sequence '\d'
  """A copy activity Azure Queue sink.

[2026-04-15T08:07:53.184+0000] {warnings.py:112} WARNING - /home/***/.local/lib/python3.12/site-packages/azure/synapse/artifacts/models/_models_py3.py:11282: SyntaxWarning: invalid escape sequence '\d'
  """

[2026-04-15T08:07:53.184+0000] {warnings.py:112} WARNING - /home/***/.local/lib/python3.12/site-packages/azure/synapse/artifacts/models/_models_py3.py:11420: SyntaxWarning: invalid escape sequence '\d'
  """A copy activity Azure Search Index sink.

[2026-04-15T08:07:53.185+0000] {warnings.py:112} WARNING - /home/***/.local/lib/python3.12/site-packages/azure/synapse/artifacts/models/_models_py3.py:11477: SyntaxWarning: invalid escape sequence '\d'
  """

[2026-04-15T08:07:53.188+0000] {warnings.py:112} WARNING - /home/***/.local/lib/python3.12/site-packages/azure/synapse/artifacts/models/_models_py3.py:12300: SyntaxWarning: invalid escape sequence '\d'
  """A copy activity Azure SQL sink.

[2026-04-15T08:07:53.189+0000] {warnings.py:112} WARNING - /home/***/.local/lib/python3.12/site-packages/azure/synapse/artifacts/models/_models_py3.py:12383: SyntaxWarning: invalid escape sequence '\d'
  """

[2026-04-15T08:07:53.190+0000] {warnings.py:112} WARNING - /home/***/.local/lib/python3.12/site-packages/azure/synapse/artifacts/models/_models_py3.py:12439: SyntaxWarning: invalid escape sequence '\d'
  """A copy activity Azure SQL source.

[2026-04-15T08:07:53.191+0000] {warnings.py:112} WARNING - /home/***/.local/lib/python3.12/site-packages/azure/synapse/artifacts/models/_models_py3.py:12524: SyntaxWarning: invalid escape sequence '\d'
  """

[2026-04-15T08:07:53.192+0000] {warnings.py:112} WARNING - /home/***/.local/lib/python3.12/site-packages/azure/synapse/artifacts/models/_models_py3.py:13019: SyntaxWarning: invalid escape sequence '\d'
  """A copy activity Azure Table sink.

[2026-04-15T08:07:53.193+0000] {warnings.py:112} WARNING - /home/***/.local/lib/python3.12/site-packages/azure/synapse/artifacts/models/_models_py3.py:13090: SyntaxWarning: invalid escape sequence '\d'
  """

[2026-04-15T08:07:53.194+0000] {warnings.py:112} WARNING - /home/***/.local/lib/python3.12/site-packages/azure/synapse/artifacts/models/_models_py3.py:13139: SyntaxWarning: invalid escape sequence '\d'
  """A copy activity Azure Table source.

[2026-04-15T08:07:53.194+0000] {warnings.py:112} WARNING - /home/***/.local/lib/python3.12/site-packages/azure/synapse/artifacts/models/_models_py3.py:13200: SyntaxWarning: invalid escape sequence '\d'
  """

[2026-04-15T08:07:53.196+0000] {warnings.py:112} WARNING - /home/***/.local/lib/python3.12/site-packages/azure/synapse/artifacts/models/_models_py3.py:13886: SyntaxWarning: invalid escape sequence '\d'
  """A copy activity Binary sink.

[2026-04-15T08:07:53.197+0000] {warnings.py:112} WARNING - /home/***/.local/lib/python3.12/site-packages/azure/synapse/artifacts/models/_models_py3.py:13941: SyntaxWarning: invalid escape sequence '\d'
  """

[2026-04-15T08:07:53.198+0000] {warnings.py:112} WARNING - /home/***/.local/lib/python3.12/site-packages/azure/synapse/artifacts/models/_models_py3.py:13977: SyntaxWarning: invalid escape sequence '\d'
  """A copy activity Binary source.

[2026-04-15T08:07:53.198+0000] {warnings.py:112} WARNING - /home/***/.local/lib/python3.12/site-packages/azure/synapse/artifacts/models/_models_py3.py:14026: SyntaxWarning: invalid escape sequence '\d'
  """

[2026-04-15T08:07:53.199+0000] {warnings.py:112} WARNING - /home/***/.local/lib/python3.12/site-packages/azure/synapse/artifacts/models/_models_py3.py:14318: SyntaxWarning: invalid escape sequence '\d'
  """A copy activity Azure Blob sink.

[2026-04-15T08:07:53.200+0000] {warnings.py:112} WARNING - /home/***/.local/lib/python3.12/site-packages/azure/synapse/artifacts/models/_models_py3.py:14388: SyntaxWarning: invalid escape sequence '\d'
  """

[2026-04-15T08:07:53.201+0000] {warnings.py:112} WARNING - /home/***/.local/lib/python3.12/site-packages/azure/synapse/artifacts/models/_models_py3.py:14436: SyntaxWarning: invalid escape sequence '\d'
  """A copy activity Azure Blob source.

[2026-04-15T08:07:53.201+0000] {warnings.py:112} WARNING - /home/***/.local/lib/python3.12/site-packages/azure/synapse/artifacts/models/_models_py3.py:14492: SyntaxWarning: invalid escape sequence '\d'
  """

[2026-04-15T08:07:53.203+0000] {warnings.py:112} WARNING - /home/***/.local/lib/python3.12/site-packages/azure/synapse/artifacts/models/_models_py3.py:14744: SyntaxWarning: invalid escape sequence '\d'
  """A copy activity source for a Cassandra database.

[2026-04-15T08:07:53.203+0000] {warnings.py:112} WARNING - /home/***/.local/lib/python3.12/site-packages/azure/synapse/artifacts/models/_models_py3.py:14810: SyntaxWarning: invalid escape sequence '\d'
  """

[2026-04-15T08:07:53.205+0000] {warnings.py:112} WARNING - /home/***/.local/lib/python3.12/site-packages/azure/synapse/artifacts/models/_models_py3.py:15415: SyntaxWarning: invalid escape sequence '\d'
  """A copy activity Common Data Service for Apps sink.

[2026-04-15T08:07:53.206+0000] {warnings.py:112} WARNING - /home/***/.local/lib/python3.12/site-packages/azure/synapse/artifacts/models/_models_py3.py:15482: SyntaxWarning: invalid escape sequence '\d'
  """

[2026-04-15T08:07:53.206+0000] {warnings.py:112} WARNING - /home/***/.local/lib/python3.12/site-packages/azure/synapse/artifacts/models/_models_py3.py:15527: SyntaxWarning: invalid escape sequence '\d'
  """A copy activity Common Data Service for Apps source.

[2026-04-15T08:07:53.207+0000] {warnings.py:112} WARNING - /home/***/.local/lib/python3.12/site-packages/azure/synapse/artifacts/models/_models_py3.py:15578: SyntaxWarning: invalid escape sequence '\d'
  """

[2026-04-15T08:07:53.208+0000] {warnings.py:112} WARNING - /home/***/.local/lib/python3.12/site-packages/azure/synapse/artifacts/models/_models_py3.py:15897: SyntaxWarning: invalid escape sequence '\d'
  """A copy activity Concur Service source.

[2026-04-15T08:07:53.208+0000] {warnings.py:112} WARNING - /home/***/.local/lib/python3.12/site-packages/azure/synapse/artifacts/models/_models_py3.py:15953: SyntaxWarning: invalid escape sequence '\d'
  """

[2026-04-15T08:07:53.210+0000] {warnings.py:112} WARNING - /home/***/.local/lib/python3.12/site-packages/azure/synapse/artifacts/models/_models_py3.py:16617: SyntaxWarning: invalid escape sequence '\d'
  """A copy activity sink for a CosmosDB (MongoDB API) database.

[2026-04-15T08:07:53.211+0000] {warnings.py:112} WARNING - /home/***/.local/lib/python3.12/site-packages/azure/synapse/artifacts/models/_models_py3.py:16674: SyntaxWarning: invalid escape sequence '\d'
  """

[2026-04-15T08:07:53.211+0000] {warnings.py:112} WARNING - /home/***/.local/lib/python3.12/site-packages/azure/synapse/artifacts/models/_models_py3.py:16712: SyntaxWarning: invalid escape sequence '\d'
  """A copy activity source for a CosmosDB (MongoDB API) database.

[2026-04-15T08:07:53.212+0000] {warnings.py:112} WARNING - /home/***/.local/lib/python3.12/site-packages/azure/synapse/artifacts/models/_models_py3.py:16780: SyntaxWarning: invalid escape sequence '\d'
  """

[2026-04-15T08:07:53.213+0000] {warnings.py:112} WARNING - /home/***/.local/lib/python3.12/site-packages/azure/synapse/artifacts/models/_models_py3.py:16932: SyntaxWarning: invalid escape sequence '\d'
  """A copy activity Azure CosmosDB (SQL API) Collection sink.

[2026-04-15T08:07:53.213+0000] {warnings.py:112} WARNING - /home/***/.local/lib/python3.12/site-packages/azure/synapse/artifacts/models/_models_py3.py:16988: SyntaxWarning: invalid escape sequence '\d'
  """

[2026-04-15T08:07:53.214+0000] {warnings.py:112} WARNING - /home/***/.local/lib/python3.12/site-packages/azure/synapse/artifacts/models/_models_py3.py:17025: SyntaxWarning: invalid escape sequence '\d'
  """A copy activity Azure CosmosDB (SQL API) Collection source.

[2026-04-15T08:07:53.215+0000] {warnings.py:112} WARNING - /home/***/.local/lib/python3.12/site-packages/azure/synapse/artifacts/models/_models_py3.py:17090: SyntaxWarning: invalid escape sequence '\d'
  """

[2026-04-15T08:07:53.215+0000] {warnings.py:112} WARNING - /home/***/.local/lib/python3.12/site-packages/azure/synapse/artifacts/models/_models_py3.py:17228: SyntaxWarning: invalid escape sequence '\d'
  """A copy activity Couchbase server source.

[2026-04-15T08:07:53.216+0000] {warnings.py:112} WARNING - /home/***/.local/lib/python3.12/site-packages/azure/synapse/artifacts/models/_models_py3.py:17284: SyntaxWarning: invalid escape sequence '\d'
  """

[2026-04-15T08:07:53.222+0000] {warnings.py:112} WARNING - /home/***/.local/lib/python3.12/site-packages/azure/synapse/artifacts/models/_models_py3.py:20234: SyntaxWarning: invalid escape sequence '\d'
  """A copy activity source for Db2 databases.

[2026-04-15T08:07:53.223+0000] {warnings.py:112} WARNING - /home/***/.local/lib/python3.12/site-packages/azure/synapse/artifacts/models/_models_py3.py:20289: SyntaxWarning: invalid escape sequence '\d'
  """

[2026-04-15T08:07:53.225+0000] {warnings.py:112} WARNING - /home/***/.local/lib/python3.12/site-packages/azure/synapse/artifacts/models/_models_py3.py:20862: SyntaxWarning: invalid escape sequence '\d'
  """A copy activity DelimitedText sink.

[2026-04-15T08:07:53.226+0000] {warnings.py:112} WARNING - /home/***/.local/lib/python3.12/site-packages/azure/synapse/artifacts/models/_models_py3.py:20921: SyntaxWarning: invalid escape sequence '\d'
  """

[2026-04-15T08:07:53.227+0000] {warnings.py:112} WARNING - /home/***/.local/lib/python3.12/site-packages/azure/synapse/artifacts/models/_models_py3.py:20960: SyntaxWarning: invalid escape sequence '\d'
  """A copy activity DelimitedText source.

[2026-04-15T08:07:53.228+0000] {warnings.py:112} WARNING - /home/***/.local/lib/python3.12/site-packages/azure/synapse/artifacts/models/_models_py3.py:21014: SyntaxWarning: invalid escape sequence '\d'
  """

[2026-04-15T08:07:53.239+0000] {warnings.py:112} WARNING - /home/***/.local/lib/python3.12/site-packages/azure/synapse/artifacts/models/_models_py3.py:21316: SyntaxWarning: invalid escape sequence '\d'
  """A copy activity Document Database Collection sink.

[2026-04-15T08:07:53.239+0000] {warnings.py:112} WARNING - /home/***/.local/lib/python3.12/site-packages/azure/synapse/artifacts/models/_models_py3.py:21377: SyntaxWarning: invalid escape sequence '\d'
  """

[2026-04-15T08:07:53.240+0000] {warnings.py:112} WARNING - /home/***/.local/lib/python3.12/site-packages/azure/synapse/artifacts/models/_models_py3.py:21418: SyntaxWarning: invalid escape sequence '\d'
  """A copy activity Document Database Collection source.

[2026-04-15T08:07:53.243+0000] {warnings.py:112} WARNING - /home/***/.local/lib/python3.12/site-packages/azure/synapse/artifacts/models/_models_py3.py:21478: SyntaxWarning: invalid escape sequence '\d'
  """

[2026-04-15T08:07:53.244+0000] {warnings.py:112} WARNING - /home/***/.local/lib/python3.12/site-packages/azure/synapse/artifacts/models/_models_py3.py:21612: SyntaxWarning: invalid escape sequence '\d'
  """A copy activity Drill server source.

[2026-04-15T08:07:53.244+0000] {warnings.py:112} WARNING - /home/***/.local/lib/python3.12/site-packages/azure/synapse/artifacts/models/_models_py3.py:21668: SyntaxWarning: invalid escape sequence '\d'
  """

[2026-04-15T08:07:53.247+0000] {warnings.py:112} WARNING - /home/***/.local/lib/python3.12/site-packages/azure/synapse/artifacts/models/_models_py3.py:22155: SyntaxWarning: invalid escape sequence '\d'
  """A copy activity Dynamics AX source.

[2026-04-15T08:07:53.248+0000] {warnings.py:112} WARNING - /home/***/.local/lib/python3.12/site-packages/azure/synapse/artifacts/models/_models_py3.py:22218: SyntaxWarning: invalid escape sequence '\d'
  """

[2026-04-15T08:07:53.249+0000] {warnings.py:112} WARNING - /home/***/.local/lib/python3.12/site-packages/azure/synapse/artifacts/models/_models_py3.py:22559: SyntaxWarning: invalid escape sequence '\d'
  """A copy activity Dynamics CRM sink.

[2026-04-15T08:07:53.250+0000] {warnings.py:112} WARNING - /home/***/.local/lib/python3.12/site-packages/azure/synapse/artifacts/models/_models_py3.py:22626: SyntaxWarning: invalid escape sequence '\d'
  """

[2026-04-15T08:07:53.251+0000] {warnings.py:112} WARNING - /home/***/.local/lib/python3.12/site-packages/azure/synapse/artifacts/models/_models_py3.py:22671: SyntaxWarning: invalid escape sequence '\d'
  """A copy activity Dynamics CRM source.

[2026-04-15T08:07:53.252+0000] {warnings.py:112} WARNING - /home/***/.local/lib/python3.12/site-packages/azure/synapse/artifacts/models/_models_py3.py:22722: SyntaxWarning: invalid escape sequence '\d'
  """

[2026-04-15T08:07:53.253+0000] {warnings.py:112} WARNING - /home/***/.local/lib/python3.12/site-packages/azure/synapse/artifacts/models/_models_py3.py:23061: SyntaxWarning: invalid escape sequence '\d'
  """A copy activity Dynamics sink.

[2026-04-15T08:07:53.254+0000] {warnings.py:112} WARNING - /home/***/.local/lib/python3.12/site-packages/azure/synapse/artifacts/models/_models_py3.py:23128: SyntaxWarning: invalid escape sequence '\d'
  """

[2026-04-15T08:07:53.255+0000] {warnings.py:112} WARNING - /home/***/.local/lib/python3.12/site-packages/azure/synapse/artifacts/models/_models_py3.py:23173: SyntaxWarning: invalid escape sequence '\d'
  """A copy activity Dynamics source.

[2026-04-15T08:07:53.255+0000] {warnings.py:112} WARNING - /home/***/.local/lib/python3.12/site-packages/azure/synapse/artifacts/models/_models_py3.py:23224: SyntaxWarning: invalid escape sequence '\d'
  """

[2026-04-15T08:07:53.256+0000] {warnings.py:112} WARNING - /home/***/.local/lib/python3.12/site-packages/azure/synapse/artifacts/models/_models_py3.py:23511: SyntaxWarning: invalid escape sequence '\d'
  """A copy activity Eloqua server source.

[2026-04-15T08:07:53.257+0000] {warnings.py:112} WARNING - /home/***/.local/lib/python3.12/site-packages/azure/synapse/artifacts/models/_models_py3.py:23567: SyntaxWarning: invalid escape sequence '\d'
  """

[2026-04-15T08:07:53.259+0000] {warnings.py:112} WARNING - /home/***/.local/lib/python3.12/site-packages/azure/synapse/artifacts/models/_models_py3.py:23968: SyntaxWarning: invalid escape sequence '\d'
  """A copy activity excel source.

[2026-04-15T08:07:53.260+0000] {warnings.py:112} WARNING - /home/***/.local/lib/python3.12/site-packages/azure/synapse/artifacts/models/_models_py3.py:24018: SyntaxWarning: invalid escape sequence '\d'
  """

[2026-04-15T08:07:53.263+0000] {warnings.py:112} WARNING - /home/***/.local/lib/python3.12/site-packages/azure/synapse/artifacts/models/_models_py3.py:25343: SyntaxWarning: invalid escape sequence '\d'
  """A copy activity file system sink.

[2026-04-15T08:07:53.265+0000] {warnings.py:112} WARNING - /home/***/.local/lib/python3.12/site-packages/azure/synapse/artifacts/models/_models_py3.py:25398: SyntaxWarning: invalid escape sequence '\d'
  """

[2026-04-15T08:07:53.266+0000] {warnings.py:112} WARNING - /home/***/.local/lib/python3.12/site-packages/azure/synapse/artifacts/models/_models_py3.py:25434: SyntaxWarning: invalid escape sequence '\d'
  """A copy activity file system source.

[2026-04-15T08:07:53.267+0000] {warnings.py:112} WARNING - /home/***/.local/lib/python3.12/site-packages/azure/synapse/artifacts/models/_models_py3.py:25485: SyntaxWarning: invalid escape sequence '\d'
  """

[2026-04-15T08:07:53.270+0000] {warnings.py:112} WARNING - /home/***/.local/lib/python3.12/site-packages/azure/synapse/artifacts/models/_models_py3.py:26723: SyntaxWarning: invalid escape sequence '\d'
  """A copy activity Google AdWords service source.

[2026-04-15T08:07:53.271+0000] {warnings.py:112} WARNING - /home/***/.local/lib/python3.12/site-packages/azure/synapse/artifacts/models/_models_py3.py:26779: SyntaxWarning: invalid escape sequence '\d'
  """

[2026-04-15T08:07:53.272+0000] {warnings.py:112} WARNING - /home/***/.local/lib/python3.12/site-packages/azure/synapse/artifacts/models/_models_py3.py:27121: SyntaxWarning: invalid escape sequence '\d'
  """A copy activity Google BigQuery service source.

[2026-04-15T08:07:53.273+0000] {warnings.py:112} WARNING - /home/***/.local/lib/python3.12/site-packages/azure/synapse/artifacts/models/_models_py3.py:27177: SyntaxWarning: invalid escape sequence '\d'
  """

[2026-04-15T08:07:53.274+0000] {warnings.py:112} WARNING - /home/***/.local/lib/python3.12/site-packages/azure/synapse/artifacts/models/_models_py3.py:27461: SyntaxWarning: invalid escape sequence '\d'
  """A copy activity Google BigQuery service source.

[2026-04-15T08:07:53.277+0000] {warnings.py:112} WARNING - /home/***/.local/lib/python3.12/site-packages/azure/synapse/artifacts/models/_models_py3.py:27517: SyntaxWarning: invalid escape sequence '\d'
  """

[2026-04-15T08:07:53.279+0000] {warnings.py:112} WARNING - /home/***/.local/lib/python3.12/site-packages/azure/synapse/artifacts/models/_models_py3.py:28053: SyntaxWarning: invalid escape sequence '\d'
  """A copy activity Greenplum Database source.

[2026-04-15T08:07:53.280+0000] {warnings.py:112} WARNING - /home/***/.local/lib/python3.12/site-packages/azure/synapse/artifacts/models/_models_py3.py:28109: SyntaxWarning: invalid escape sequence '\d'
  """

[2026-04-15T08:07:53.281+0000] {warnings.py:112} WARNING - /home/***/.local/lib/python3.12/site-packages/azure/synapse/artifacts/models/_models_py3.py:28536: SyntaxWarning: invalid escape sequence '\d'
  """A copy activity HBase server source.

[2026-04-15T08:07:53.282+0000] {warnings.py:112} WARNING - /home/***/.local/lib/python3.12/site-packages/azure/synapse/artifacts/models/_models_py3.py:28592: SyntaxWarning: invalid escape sequence '\d'
  """

[2026-04-15T08:07:53.283+0000] {warnings.py:112} WARNING - /home/***/.local/lib/python3.12/site-packages/azure/synapse/artifacts/models/_models_py3.py:28932: SyntaxWarning: invalid escape sequence '\d'
  """A copy activity HDFS source.

[2026-04-15T08:07:53.284+0000] {warnings.py:112} WARNING - /home/***/.local/lib/python3.12/site-packages/azure/synapse/artifacts/models/_models_py3.py:28982: SyntaxWarning: invalid escape sequence '\d'
  """

[2026-04-15T08:07:53.288+0000] {warnings.py:112} WARNING - /home/***/.local/lib/python3.12/site-packages/azure/synapse/artifacts/models/_models_py3.py:30727: SyntaxWarning: invalid escape sequence '\d'
  """A copy activity Hive Server source.

[2026-04-15T08:07:53.289+0000] {warnings.py:112} WARNING - /home/***/.local/lib/python3.12/site-packages/azure/synapse/artifacts/models/_models_py3.py:30783: SyntaxWarning: invalid escape sequence '\d'
  """

[2026-04-15T08:07:53.290+0000] {warnings.py:112} WARNING - /home/***/.local/lib/python3.12/site-packages/azure/synapse/artifacts/models/_models_py3.py:31296: SyntaxWarning: invalid escape sequence '\d'
  """A copy activity source for an HTTP file.

[2026-04-15T08:07:53.291+0000] {warnings.py:112} WARNING - /home/***/.local/lib/python3.12/site-packages/azure/synapse/artifacts/models/_models_py3.py:31344: SyntaxWarning: invalid escape sequence '\d'
  """

[2026-04-15T08:07:53.292+0000] {warnings.py:112} WARNING - /home/***/.local/lib/python3.12/site-packages/azure/synapse/artifacts/models/_models_py3.py:31617: SyntaxWarning: invalid escape sequence '\d'
  """A copy activity Hubspot Service source.

[2026-04-15T08:07:53.292+0000] {warnings.py:112} WARNING - /home/***/.local/lib/python3.12/site-packages/azure/synapse/artifacts/models/_models_py3.py:31673: SyntaxWarning: invalid escape sequence '\d'
  """

[2026-04-15T08:07:53.294+0000] {warnings.py:112} WARNING - /home/***/.local/lib/python3.12/site-packages/azure/synapse/artifacts/models/_models_py3.py:32120: SyntaxWarning: invalid escape sequence '\d'
  """A copy activity Impala server source.

[2026-04-15T08:07:53.295+0000] {warnings.py:112} WARNING - /home/***/.local/lib/python3.12/site-packages/azure/synapse/artifacts/models/_models_py3.py:32176: SyntaxWarning: invalid escape sequence '\d'
  """

[2026-04-15T08:07:53.296+0000] {warnings.py:112} WARNING - /home/***/.local/lib/python3.12/site-packages/azure/synapse/artifacts/models/_models_py3.py:32339: SyntaxWarning: invalid escape sequence '\d'
  """A copy activity Informix sink.

[2026-04-15T08:07:53.296+0000] {warnings.py:112} WARNING - /home/***/.local/lib/python3.12/site-packages/azure/synapse/artifacts/models/_models_py3.py:32395: SyntaxWarning: invalid escape sequence '\d'
  """

[2026-04-15T08:07:53.297+0000] {warnings.py:112} WARNING - /home/***/.local/lib/python3.12/site-packages/azure/synapse/artifacts/models/_models_py3.py:32432: SyntaxWarning: invalid escape sequence '\d'
  """A copy activity source for Informix.

[2026-04-15T08:07:53.298+0000] {warnings.py:112} WARNING - /home/***/.local/lib/python3.12/site-packages/azure/synapse/artifacts/models/_models_py3.py:32487: SyntaxWarning: invalid escape sequence '\d'
  """

[2026-04-15T08:07:53.300+0000] {warnings.py:112} WARNING - /home/***/.local/lib/python3.12/site-packages/azure/synapse/artifacts/models/_models_py3.py:33502: SyntaxWarning: invalid escape sequence '\d'
  """A copy activity Jira Service source.

[2026-04-15T08:07:53.301+0000] {warnings.py:112} WARNING - /home/***/.local/lib/python3.12/site-packages/azure/synapse/artifacts/models/_models_py3.py:33558: SyntaxWarning: invalid escape sequence '\d'
  """

[2026-04-15T08:07:53.302+0000] {warnings.py:112} WARNING - /home/***/.local/lib/python3.12/site-packages/azure/synapse/artifacts/models/_models_py3.py:33869: SyntaxWarning: invalid escape sequence '\d'
  """A copy activity Json sink.

[2026-04-15T08:07:53.302+0000] {warnings.py:112} WARNING - /home/***/.local/lib/python3.12/site-packages/azure/synapse/artifacts/models/_models_py3.py:33928: SyntaxWarning: invalid escape sequence '\d'
  """

[2026-04-15T08:07:53.303+0000] {warnings.py:112} WARNING - /home/***/.local/lib/python3.12/site-packages/azure/synapse/artifacts/models/_models_py3.py:33967: SyntaxWarning: invalid escape sequence '\d'
  """A copy activity Json source.

[2026-04-15T08:07:53.303+0000] {warnings.py:112} WARNING - /home/***/.local/lib/python3.12/site-packages/azure/synapse/artifacts/models/_models_py3.py:34021: SyntaxWarning: invalid escape sequence '\d'
  """

[2026-04-15T08:07:53.305+0000] {warnings.py:112} WARNING - /home/***/.local/lib/python3.12/site-packages/azure/synapse/artifacts/models/_models_py3.py:34739: SyntaxWarning: invalid escape sequence '\d'
  """A copy activity for Microsoft Fabric LakeHouse Table sink.

[2026-04-15T08:07:53.306+0000] {warnings.py:112} WARNING - /home/***/.local/lib/python3.12/site-packages/azure/synapse/artifacts/models/_models_py3.py:34806: SyntaxWarning: invalid escape sequence '\d'
  """

[2026-04-15T08:07:53.306+0000] {warnings.py:112} WARNING - /home/***/.local/lib/python3.12/site-packages/azure/synapse/artifacts/models/_models_py3.py:34852: SyntaxWarning: invalid escape sequence '\d'
  """A copy activity source for Microsoft Fabric LakeHouse Table.

[2026-04-15T08:07:53.307+0000] {warnings.py:112} WARNING - /home/***/.local/lib/python3.12/site-packages/azure/synapse/artifacts/models/_models_py3.py:34908: SyntaxWarning: invalid escape sequence '\d'
  """

[2026-04-15T08:07:53.312+0000] {warnings.py:112} WARNING - /home/***/.local/lib/python3.12/site-packages/azure/synapse/artifacts/models/_models_py3.py:36915: SyntaxWarning: invalid escape sequence '\d'
  """A copy activity Magento server source.

[2026-04-15T08:07:53.313+0000] {warnings.py:112} WARNING - /home/***/.local/lib/python3.12/site-packages/azure/synapse/artifacts/models/_models_py3.py:36971: SyntaxWarning: invalid escape sequence '\d'
  """

[2026-04-15T08:07:53.315+0000] {warnings.py:112} WARNING - /home/***/.local/lib/python3.12/site-packages/azure/synapse/artifacts/models/_models_py3.py:37417: SyntaxWarning: invalid escape sequence '\d'
  """A copy activity MariaDB server source.

[2026-04-15T08:07:53.316+0000] {warnings.py:112} WARNING - /home/***/.local/lib/python3.12/site-packages/azure/synapse/artifacts/models/_models_py3.py:37473: SyntaxWarning: invalid escape sequence '\d'
  """

[2026-04-15T08:07:53.317+0000] {warnings.py:112} WARNING - /home/***/.local/lib/python3.12/site-packages/azure/synapse/artifacts/models/_models_py3.py:37845: SyntaxWarning: invalid escape sequence '\d'
  """A copy activity Marketo server source.

[2026-04-15T08:07:53.318+0000] {warnings.py:112} WARNING - /home/***/.local/lib/python3.12/site-packages/azure/synapse/artifacts/models/_models_py3.py:37901: SyntaxWarning: invalid escape sequence '\d'
  """

[2026-04-15T08:07:53.319+0000] {warnings.py:112} WARNING - /home/***/.local/lib/python3.12/site-packages/azure/synapse/artifacts/models/_models_py3.py:38208: SyntaxWarning: invalid escape sequence '\d'
  """A copy activity Microsoft Access sink.

[2026-04-15T08:07:53.319+0000] {warnings.py:112} WARNING - /home/***/.local/lib/python3.12/site-packages/azure/synapse/artifacts/models/_models_py3.py:38264: SyntaxWarning: invalid escape sequence '\d'
  """

[2026-04-15T08:07:53.320+0000] {warnings.py:112} WARNING - /home/***/.local/lib/python3.12/site-packages/azure/synapse/artifacts/models/_models_py3.py:38301: SyntaxWarning: invalid escape sequence '\d'
  """A copy activity source for Microsoft Access.

[2026-04-15T08:07:53.321+0000] {warnings.py:112} WARNING - /home/***/.local/lib/python3.12/site-packages/azure/synapse/artifacts/models/_models_py3.py:38351: SyntaxWarning: invalid escape sequence '\d'
  """

[2026-04-15T08:07:53.322+0000] {warnings.py:112} WARNING - /home/***/.local/lib/python3.12/site-packages/azure/synapse/artifacts/models/_models_py3.py:38690: SyntaxWarning: invalid escape sequence '\d'
  """A copy activity source for a MongoDB Atlas database.

[2026-04-15T08:07:53.322+0000] {warnings.py:112} WARNING - /home/***/.local/lib/python3.12/site-packages/azure/synapse/artifacts/models/_models_py3.py:38758: SyntaxWarning: invalid escape sequence '\d'
  """

[2026-04-15T08:07:53.323+0000] {warnings.py:112} WARNING - /home/***/.local/lib/python3.12/site-packages/azure/synapse/artifacts/models/_models_py3.py:39141: SyntaxWarning: invalid escape sequence '\d'
  """A copy activity source for a MongoDB database.

[2026-04-15T08:07:53.324+0000] {warnings.py:112} WARNING - /home/***/.local/lib/python3.12/site-packages/azure/synapse/artifacts/models/_models_py3.py:39192: SyntaxWarning: invalid escape sequence '\d'
  """

[2026-04-15T08:07:53.326+0000] {warnings.py:112} WARNING - /home/***/.local/lib/python3.12/site-packages/azure/synapse/artifacts/models/_models_py3.py:39419: SyntaxWarning: invalid escape sequence '\d'
  """A copy activity source for a MongoDB database.

[2026-04-15T08:07:53.326+0000] {warnings.py:112} WARNING - /home/***/.local/lib/python3.12/site-packages/azure/synapse/artifacts/models/_models_py3.py:39487: SyntaxWarning: invalid escape sequence '\d'
  """

[2026-04-15T08:07:53.327+0000] {warnings.py:112} WARNING - /home/***/.local/lib/python3.12/site-packages/azure/synapse/artifacts/models/_models_py3.py:39683: SyntaxWarning: invalid escape sequence '\d'
  """A copy activity source for MySQL databases.

[2026-04-15T08:07:53.328+0000] {warnings.py:112} WARNING - /home/***/.local/lib/python3.12/site-packages/azure/synapse/artifacts/models/_models_py3.py:39738: SyntaxWarning: invalid escape sequence '\d'
  """

[2026-04-15T08:07:53.329+0000] {warnings.py:112} WARNING - /home/***/.local/lib/python3.12/site-packages/azure/synapse/artifacts/models/_models_py3.py:40019: SyntaxWarning: invalid escape sequence '\d'
  """A copy activity Netezza source.

[2026-04-15T08:07:53.330+0000] {warnings.py:112} WARNING - /home/***/.local/lib/python3.12/site-packages/azure/synapse/artifacts/models/_models_py3.py:40084: SyntaxWarning: invalid escape sequence '\d'
  """

[2026-04-15T08:07:53.332+0000] {warnings.py:112} WARNING - /home/***/.local/lib/python3.12/site-packages/azure/synapse/artifacts/models/_models_py3.py:41138: SyntaxWarning: invalid escape sequence '\d'
  """A copy activity source for OData source.

[2026-04-15T08:07:53.333+0000] {warnings.py:112} WARNING - /home/***/.local/lib/python3.12/site-packages/azure/synapse/artifacts/models/_models_py3.py:41196: SyntaxWarning: invalid escape sequence '\d'
  """

[2026-04-15T08:07:53.334+0000] {warnings.py:112} WARNING - /home/***/.local/lib/python3.12/site-packages/azure/synapse/artifacts/models/_models_py3.py:41359: SyntaxWarning: invalid escape sequence '\d'
  """A copy activity ODBC sink.

[2026-04-15T08:07:53.334+0000] {warnings.py:112} WARNING - /home/***/.local/lib/python3.12/site-packages/azure/synapse/artifacts/models/_models_py3.py:41415: SyntaxWarning: invalid escape sequence '\d'
  """

[2026-04-15T08:07:53.335+0000] {warnings.py:112} WARNING - /home/***/.local/lib/python3.12/site-packages/azure/synapse/artifacts/models/_models_py3.py:41452: SyntaxWarning: invalid escape sequence '\d'
  """A copy activity source for ODBC databases.

[2026-04-15T08:07:53.336+0000] {warnings.py:112} WARNING - /home/***/.local/lib/python3.12/site-packages/azure/synapse/artifacts/models/_models_py3.py:41507: SyntaxWarning: invalid escape sequence '\d'
  """

[2026-04-15T08:07:53.337+0000] {warnings.py:112} WARNING - /home/***/.local/lib/python3.12/site-packages/azure/synapse/artifacts/models/_models_py3.py:41875: SyntaxWarning: invalid escape sequence '\d'
  """A copy activity source for an Office 365 service.

[2026-04-15T08:07:53.338+0000] {warnings.py:112} WARNING - /home/***/.local/lib/python3.12/site-packages/azure/synapse/artifacts/models/_models_py3.py:41947: SyntaxWarning: invalid escape sequence '\d'
  """

[2026-04-15T08:07:53.354+0000] {warnings.py:112} WARNING - /home/***/.local/lib/python3.12/site-packages/azure/synapse/artifacts/models/_models_py3.py:42441: SyntaxWarning: invalid escape sequence '\d'
  """A copy activity Oracle Service Cloud source.

[2026-04-15T08:07:53.356+0000] {warnings.py:112} WARNING - /home/***/.local/lib/python3.12/site-packages/azure/synapse/artifacts/models/_models_py3.py:42497: SyntaxWarning: invalid escape sequence '\d'
  """

[2026-04-15T08:07:53.356+0000] {warnings.py:112} WARNING - /home/***/.local/lib/python3.12/site-packages/azure/synapse/artifacts/models/_models_py3.py:42534: SyntaxWarning: invalid escape sequence '\d'
  """A copy activity Oracle sink.

[2026-04-15T08:07:53.357+0000] {warnings.py:112} WARNING - /home/***/.local/lib/python3.12/site-packages/azure/synapse/artifacts/models/_models_py3.py:42590: SyntaxWarning: invalid escape sequence '\d'
  """

[2026-04-15T08:07:53.358+0000] {warnings.py:112} WARNING - /home/***/.local/lib/python3.12/site-packages/azure/synapse/artifacts/models/_models_py3.py:42627: SyntaxWarning: invalid escape sequence '\d'
  """A copy activity Oracle source.

[2026-04-15T08:07:53.359+0000] {warnings.py:112} WARNING - /home/***/.local/lib/python3.12/site-packages/azure/synapse/artifacts/models/_models_py3.py:42692: SyntaxWarning: invalid escape sequence '\d'
  """

[2026-04-15T08:07:53.360+0000] {warnings.py:112} WARNING - /home/***/.local/lib/python3.12/site-packages/azure/synapse/artifacts/models/_models_py3.py:43020: SyntaxWarning: invalid escape sequence '\d'
  """A copy activity ORC sink.

[2026-04-15T08:07:53.361+0000] {warnings.py:112} WARNING - /home/***/.local/lib/python3.12/site-packages/azure/synapse/artifacts/models/_models_py3.py:43079: SyntaxWarning: invalid escape sequence '\d'
  """

[2026-04-15T08:07:53.361+0000] {warnings.py:112} WARNING - /home/***/.local/lib/python3.12/site-packages/azure/synapse/artifacts/models/_models_py3.py:43118: SyntaxWarning: invalid escape sequence '\d'
  """A copy activity ORC source.

[2026-04-15T08:07:53.362+0000] {warnings.py:112} WARNING - /home/***/.local/lib/python3.12/site-packages/azure/synapse/artifacts/models/_models_py3.py:43168: SyntaxWarning: invalid escape sequence '\d'
  """

[2026-04-15T08:07:53.363+0000] {warnings.py:112} WARNING - /home/***/.local/lib/python3.12/site-packages/azure/synapse/artifacts/models/_models_py3.py:43514: SyntaxWarning: invalid escape sequence '\d'
  """A copy activity Parquet sink.

[2026-04-15T08:07:53.364+0000] {warnings.py:112} WARNING - /home/***/.local/lib/python3.12/site-packages/azure/synapse/artifacts/models/_models_py3.py:43573: SyntaxWarning: invalid escape sequence '\d'
  """

[2026-04-15T08:07:53.365+0000] {warnings.py:112} WARNING - /home/***/.local/lib/python3.12/site-packages/azure/synapse/artifacts/models/_models_py3.py:43612: SyntaxWarning: invalid escape sequence '\d'
  """A copy activity Parquet source.

[2026-04-15T08:07:53.365+0000] {warnings.py:112} WARNING - /home/***/.local/lib/python3.12/site-packages/azure/synapse/artifacts/models/_models_py3.py:43666: SyntaxWarning: invalid escape sequence '\d'
  """

[2026-04-15T08:07:53.367+0000] {warnings.py:112} WARNING - /home/***/.local/lib/python3.12/site-packages/azure/synapse/artifacts/models/_models_py3.py:43989: SyntaxWarning: invalid escape sequence '\d'
  """A copy activity Paypal Service source.

[2026-04-15T08:07:53.368+0000] {warnings.py:112} WARNING - /home/***/.local/lib/python3.12/site-packages/azure/synapse/artifacts/models/_models_py3.py:44045: SyntaxWarning: invalid escape sequence '\d'
  """

[2026-04-15T08:07:53.369+0000] {warnings.py:112} WARNING - /home/***/.local/lib/python3.12/site-packages/azure/synapse/artifacts/models/_models_py3.py:44386: SyntaxWarning: invalid escape sequence '\d'
  """A copy activity Phoenix server source.

[2026-04-15T08:07:53.370+0000] {warnings.py:112} WARNING - /home/***/.local/lib/python3.12/site-packages/azure/synapse/artifacts/models/_models_py3.py:44442: SyntaxWarning: invalid escape sequence '\d'
  """

[2026-04-15T08:07:53.374+0000] {warnings.py:112} WARNING - /home/***/.local/lib/python3.12/site-packages/azure/synapse/artifacts/models/_models_py3.py:45003: SyntaxWarning: invalid escape sequence '\d'
  """A copy activity source for PostgreSQL databases.

[2026-04-15T08:07:53.375+0000] {warnings.py:112} WARNING - /home/***/.local/lib/python3.12/site-packages/azure/synapse/artifacts/models/_models_py3.py:45058: SyntaxWarning: invalid escape sequence '\d'
  """

[2026-04-15T08:07:53.377+0000] {warnings.py:112} WARNING - /home/***/.local/lib/python3.12/site-packages/azure/synapse/artifacts/models/_models_py3.py:45444: SyntaxWarning: invalid escape sequence '\d'
  """A copy activity source for PostgreSQL databases.

[2026-04-15T08:07:53.378+0000] {warnings.py:112} WARNING - /home/***/.local/lib/python3.12/site-packages/azure/synapse/artifacts/models/_models_py3.py:45499: SyntaxWarning: invalid escape sequence '\d'
  """

[2026-04-15T08:07:53.379+0000] {warnings.py:112} WARNING - /home/***/.local/lib/python3.12/site-packages/azure/synapse/artifacts/models/_models_py3.py:46042: SyntaxWarning: invalid escape sequence '\d'
  """A copy activity Presto server source.

[2026-04-15T08:07:53.380+0000] {warnings.py:112} WARNING - /home/***/.local/lib/python3.12/site-packages/azure/synapse/artifacts/models/_models_py3.py:46098: SyntaxWarning: invalid escape sequence '\d'
  """

[2026-04-15T08:07:53.382+0000] {warnings.py:112} WARNING - /home/***/.local/lib/python3.12/site-packages/azure/synapse/artifacts/models/_models_py3.py:46702: SyntaxWarning: invalid escape sequence '\d'
  """A copy activity QuickBooks server source.

[2026-04-15T08:07:53.382+0000] {warnings.py:112} WARNING - /home/***/.local/lib/python3.12/site-packages/azure/synapse/artifacts/models/_models_py3.py:46758: SyntaxWarning: invalid escape sequence '\d'
  """

[2026-04-15T08:07:53.383+0000] {warnings.py:112} WARNING - /home/***/.local/lib/python3.12/site-packages/azure/synapse/artifacts/models/_models_py3.py:47000: SyntaxWarning: invalid escape sequence '\d'
  """A copy activity source for various relational databases.

[2026-04-15T08:07:53.384+0000] {warnings.py:112} WARNING - /home/***/.local/lib/python3.12/site-packages/azure/synapse/artifacts/models/_models_py3.py:47050: SyntaxWarning: invalid escape sequence '\d'
  """

[2026-04-15T08:07:53.386+0000] {warnings.py:112} WARNING - /home/***/.local/lib/python3.12/site-packages/azure/synapse/artifacts/models/_models_py3.py:47648: SyntaxWarning: invalid escape sequence '\d'
  """A copy activity Responsys source.

[2026-04-15T08:07:53.387+0000] {warnings.py:112} WARNING - /home/***/.local/lib/python3.12/site-packages/azure/synapse/artifacts/models/_models_py3.py:47704: SyntaxWarning: invalid escape sequence '\d'
  """

[2026-04-15T08:07:53.389+0000] {warnings.py:112} WARNING - /home/***/.local/lib/python3.12/site-packages/azure/synapse/artifacts/models/_models_py3.py:48113: SyntaxWarning: invalid escape sequence '\d'
  """A copy activity Rest service Sink.

[2026-04-15T08:07:53.390+0000] {warnings.py:112} WARNING - /home/***/.local/lib/python3.12/site-packages/azure/synapse/artifacts/models/_models_py3.py:48190: SyntaxWarning: invalid escape sequence '\d'
  """

[2026-04-15T08:07:53.391+0000] {warnings.py:112} WARNING - /home/***/.local/lib/python3.12/site-packages/azure/synapse/artifacts/models/_models_py3.py:48244: SyntaxWarning: invalid escape sequence '\d'
  """A copy activity Rest service source.

[2026-04-15T08:07:53.391+0000] {warnings.py:112} WARNING - /home/***/.local/lib/python3.12/site-packages/azure/synapse/artifacts/models/_models_py3.py:48321: SyntaxWarning: invalid escape sequence '\d'
  """

[2026-04-15T08:07:53.394+0000] {warnings.py:112} WARNING - /home/***/.local/lib/python3.12/site-packages/azure/synapse/artifacts/models/_models_py3.py:49499: SyntaxWarning: invalid escape sequence '\d'
  """A copy activity Salesforce Marketing Cloud source.

[2026-04-15T08:07:53.395+0000] {warnings.py:112} WARNING - /home/***/.local/lib/python3.12/site-packages/azure/synapse/artifacts/models/_models_py3.py:49555: SyntaxWarning: invalid escape sequence '\d'
  """

[2026-04-15T08:07:53.396+0000] {warnings.py:112} WARNING - /home/***/.local/lib/python3.12/site-packages/azure/synapse/artifacts/models/_models_py3.py:49932: SyntaxWarning: invalid escape sequence '\d'
  """A copy activity Salesforce Service Cloud sink.

[2026-04-15T08:07:53.397+0000] {warnings.py:112} WARNING - /home/***/.local/lib/python3.12/site-packages/azure/synapse/artifacts/models/_models_py3.py:50002: SyntaxWarning: invalid escape sequence '\d'
  """

[2026-04-15T08:07:53.397+0000] {warnings.py:112} WARNING - /home/***/.local/lib/python3.12/site-packages/azure/synapse/artifacts/models/_models_py3.py:50052: SyntaxWarning: invalid escape sequence '\d'
  """A copy activity Salesforce Service Cloud source.

[2026-04-15T08:07:53.398+0000] {warnings.py:112} WARNING - /home/***/.local/lib/python3.12/site-packages/azure/synapse/artifacts/models/_models_py3.py:50107: SyntaxWarning: invalid escape sequence '\d'
  """

[2026-04-15T08:07:53.399+0000] {warnings.py:112} WARNING - /home/***/.local/lib/python3.12/site-packages/azure/synapse/artifacts/models/_models_py3.py:50379: SyntaxWarning: invalid escape sequence '\d'
  """A copy activity Salesforce Service Cloud V2 sink.

[2026-04-15T08:07:53.400+0000] {warnings.py:112} WARNING - /home/***/.local/lib/python3.12/site-packages/azure/synapse/artifacts/models/_models_py3.py:50449: SyntaxWarning: invalid escape sequence '\d'
  """

[2026-04-15T08:07:53.400+0000] {warnings.py:112} WARNING - /home/***/.local/lib/python3.12/site-packages/azure/synapse/artifacts/models/_models_py3.py:50499: SyntaxWarning: invalid escape sequence '\d'
  """A copy activity Salesforce Service Cloud V2 source.

[2026-04-15T08:07:53.401+0000] {warnings.py:112} WARNING - /home/***/.local/lib/python3.12/site-packages/azure/synapse/artifacts/models/_models_py3.py:50554: SyntaxWarning: invalid escape sequence '\d'
  """

[2026-04-15T08:07:53.402+0000] {warnings.py:112} WARNING - /home/***/.local/lib/python3.12/site-packages/azure/synapse/artifacts/models/_models_py3.py:50590: SyntaxWarning: invalid escape sequence '\d'
  """A copy activity Salesforce sink.

[2026-04-15T08:07:53.403+0000] {warnings.py:112} WARNING - /home/***/.local/lib/python3.12/site-packages/azure/synapse/artifacts/models/_models_py3.py:50660: SyntaxWarning: invalid escape sequence '\d'
  """

[2026-04-15T08:07:53.404+0000] {warnings.py:112} WARNING - /home/***/.local/lib/python3.12/site-packages/azure/synapse/artifacts/models/_models_py3.py:50710: SyntaxWarning: invalid escape sequence '\d'
  """A copy activity Salesforce source.

[2026-04-15T08:07:53.404+0000] {warnings.py:112} WARNING - /home/***/.local/lib/python3.12/site-packages/azure/synapse/artifacts/models/_models_py3.py:50770: SyntaxWarning: invalid escape sequence '\d'
  """

[2026-04-15T08:07:53.405+0000] {warnings.py:112} WARNING - /home/***/.local/lib/python3.12/site-packages/azure/synapse/artifacts/models/_models_py3.py:51046: SyntaxWarning: invalid escape sequence '\d'
  """A copy activity Salesforce V2 sink.

[2026-04-15T08:07:53.406+0000] {warnings.py:112} WARNING - /home/***/.local/lib/python3.12/site-packages/azure/synapse/artifacts/models/_models_py3.py:51116: SyntaxWarning: invalid escape sequence '\d'
  """

[2026-04-15T08:07:53.407+0000] {warnings.py:112} WARNING - /home/***/.local/lib/python3.12/site-packages/azure/synapse/artifacts/models/_models_py3.py:51166: SyntaxWarning: invalid escape sequence '\d'
  """A copy activity Salesforce V2 source.

[2026-04-15T08:07:53.408+0000] {warnings.py:112} WARNING - /home/***/.local/lib/python3.12/site-packages/azure/synapse/artifacts/models/_models_py3.py:51226: SyntaxWarning: invalid escape sequence '\d'
  """

[2026-04-15T08:07:53.408+0000] {warnings.py:112} WARNING - /home/***/.local/lib/python3.12/site-packages/azure/synapse/artifacts/models/_models_py3.py:51485: SyntaxWarning: invalid escape sequence '\d'
  """A copy activity source for SapBW server via MDX.

[2026-04-15T08:07:53.409+0000] {warnings.py:112} WARNING - /home/***/.local/lib/python3.12/site-packages/azure/synapse/artifacts/models/_models_py3.py:51540: SyntaxWarning: invalid escape sequence '\d'
  """

[2026-04-15T08:07:53.410+0000] {warnings.py:112} WARNING - /home/***/.local/lib/python3.12/site-packages/azure/synapse/artifacts/models/_models_py3.py:51787: SyntaxWarning: invalid escape sequence '\d'
  """A copy activity SAP Cloud for Customer sink.

[2026-04-15T08:07:53.411+0000] {warnings.py:112} WARNING - /home/***/.local/lib/python3.12/site-packages/azure/synapse/artifacts/models/_models_py3.py:51851: SyntaxWarning: invalid escape sequence '\d'
  """

[2026-04-15T08:07:53.411+0000] {warnings.py:112} WARNING - /home/***/.local/lib/python3.12/site-packages/azure/synapse/artifacts/models/_models_py3.py:51895: SyntaxWarning: invalid escape sequence '\d'
  """A copy activity source for SAP Cloud for Customer source.

[2026-04-15T08:07:53.412+0000] {warnings.py:112} WARNING - /home/***/.local/lib/python3.12/site-packages/azure/synapse/artifacts/models/_models_py3.py:51958: SyntaxWarning: invalid escape sequence '\d'
  """

[2026-04-15T08:07:53.413+0000] {warnings.py:112} WARNING - /home/***/.local/lib/python3.12/site-packages/azure/synapse/artifacts/models/_models_py3.py:52212: SyntaxWarning: invalid escape sequence '\d'
  """A copy activity source for SAP ECC source.

[2026-04-15T08:07:53.414+0000] {warnings.py:112} WARNING - /home/***/.local/lib/python3.12/site-packages/azure/synapse/artifacts/models/_models_py3.py:52275: SyntaxWarning: invalid escape sequence '\d'
  """

[2026-04-15T08:07:53.414+0000] {warnings.py:112} WARNING - /home/***/.local/lib/python3.12/site-packages/azure/synapse/artifacts/models/_models_py3.py:52463: SyntaxWarning: invalid escape sequence '\d'
  """A copy activity source for SAP HANA source.

[2026-04-15T08:07:53.415+0000] {warnings.py:112} WARNING - /home/***/.local/lib/python3.12/site-packages/azure/synapse/artifacts/models/_models_py3.py:52532: SyntaxWarning: invalid escape sequence '\d'
  """

[2026-04-15T08:07:53.417+0000] {warnings.py:112} WARNING - /home/***/.local/lib/python3.12/site-packages/azure/synapse/artifacts/models/_models_py3.py:53040: SyntaxWarning: invalid escape sequence '\d'
  """A copy activity source for SAP ODP source.

[2026-04-15T08:07:53.418+0000] {warnings.py:112} WARNING - /home/***/.local/lib/python3.12/site-packages/azure/synapse/artifacts/models/_models_py3.py:53111: SyntaxWarning: invalid escape sequence '\d'
  """

[2026-04-15T08:07:53.419+0000] {warnings.py:112} WARNING - /home/***/.local/lib/python3.12/site-packages/azure/synapse/artifacts/models/_models_py3.py:53334: SyntaxWarning: invalid escape sequence '\d'
  """A copy activity source for SAP Business Warehouse Open Hub Destination source.

[2026-04-15T08:07:53.420+0000] {warnings.py:112} WARNING - /home/***/.local/lib/python3.12/site-packages/azure/synapse/artifacts/models/_models_py3.py:53407: SyntaxWarning: invalid escape sequence '\d'
  """

[2026-04-15T08:07:53.421+0000] {warnings.py:112} WARNING - /home/***/.local/lib/python3.12/site-packages/azure/synapse/artifacts/models/_models_py3.py:53961: SyntaxWarning: invalid escape sequence '\d'
  """A copy activity source for SAP Table source.

[2026-04-15T08:07:53.422+0000] {warnings.py:112} WARNING - /home/***/.local/lib/python3.12/site-packages/azure/synapse/artifacts/models/_models_py3.py:54059: SyntaxWarning: invalid escape sequence '\d'
  """

[2026-04-15T08:07:53.423+0000] {warnings.py:112} WARNING - /home/***/.local/lib/python3.12/site-packages/azure/synapse/artifacts/models/_models_py3.py:54322: SyntaxWarning: invalid escape sequence '\d'
  """Script activity type.

[2026-04-15T08:07:53.424+0000] {warnings.py:112} WARNING - /home/***/.local/lib/python3.12/site-packages/azure/synapse/artifacts/models/_models_py3.py:54398: SyntaxWarning: invalid escape sequence '\d'
  """

[2026-04-15T08:07:53.426+0000] {warnings.py:112} WARNING - /home/***/.local/lib/python3.12/site-packages/azure/synapse/artifacts/models/_models_py3.py:55022: SyntaxWarning: invalid escape sequence '\d'
  """A copy activity ServiceNow server source.

[2026-04-15T08:07:53.427+0000] {warnings.py:112} WARNING - /home/***/.local/lib/python3.12/site-packages/azure/synapse/artifacts/models/_models_py3.py:55078: SyntaxWarning: invalid escape sequence '\d'
  """

[2026-04-15T08:07:53.428+0000] {warnings.py:112} WARNING - /home/***/.local/lib/python3.12/site-packages/azure/synapse/artifacts/models/_models_py3.py:55310: SyntaxWarning: invalid escape sequence '\d'
  """A copy activity ServiceNowV2 server source.

[2026-04-15T08:07:53.429+0000] {warnings.py:112} WARNING - /home/***/.local/lib/python3.12/site-packages/azure/synapse/artifacts/models/_models_py3.py:55365: SyntaxWarning: invalid escape sequence '\d'
  """

[2026-04-15T08:07:53.431+0000] {warnings.py:112} WARNING - /home/***/.local/lib/python3.12/site-packages/azure/synapse/artifacts/models/_models_py3.py:56196: SyntaxWarning: invalid escape sequence '\d'
  """A copy activity source for sharePoint online list source.

[2026-04-15T08:07:53.432+0000] {warnings.py:112} WARNING - /home/***/.local/lib/python3.12/site-packages/azure/synapse/artifacts/models/_models_py3.py:56248: SyntaxWarning: invalid escape sequence '\d'
  """

[2026-04-15T08:07:53.433+0000] {warnings.py:112} WARNING - /home/***/.local/lib/python3.12/site-packages/azure/synapse/artifacts/models/_models_py3.py:56508: SyntaxWarning: invalid escape sequence '\d'
  """A copy activity Shopify Service source.

[2026-04-15T08:07:53.434+0000] {warnings.py:112} WARNING - /home/***/.local/lib/python3.12/site-packages/azure/synapse/artifacts/models/_models_py3.py:56564: SyntaxWarning: invalid escape sequence '\d'
  """

[2026-04-15T08:07:53.436+0000] {warnings.py:112} WARNING - /home/***/.local/lib/python3.12/site-packages/azure/synapse/artifacts/models/_models_py3.py:57087: SyntaxWarning: invalid escape sequence '\d'
  """A copy activity snowflake sink.

[2026-04-15T08:07:53.437+0000] {warnings.py:112} WARNING - /home/***/.local/lib/python3.12/site-packages/azure/synapse/artifacts/models/_models_py3.py:57147: SyntaxWarning: invalid escape sequence '\d'
  """

[2026-04-15T08:07:53.437+0000] {warnings.py:112} WARNING - /home/***/.local/lib/python3.12/site-packages/azure/synapse/artifacts/models/_models_py3.py:57187: SyntaxWarning: invalid escape sequence '\d'
  """A copy activity snowflake source.

[2026-04-15T08:07:53.438+0000] {warnings.py:112} WARNING - /home/***/.local/lib/python3.12/site-packages/azure/synapse/artifacts/models/_models_py3.py:57237: SyntaxWarning: invalid escape sequence '\d'
  """

[2026-04-15T08:07:53.440+0000] {warnings.py:112} WARNING - /home/***/.local/lib/python3.12/site-packages/azure/synapse/artifacts/models/_models_py3.py:57560: SyntaxWarning: invalid escape sequence '\d'
  """A copy activity snowflake sink.

[2026-04-15T08:07:53.440+0000] {warnings.py:112} WARNING - /home/***/.local/lib/python3.12/site-packages/azure/synapse/artifacts/models/_models_py3.py:57620: SyntaxWarning: invalid escape sequence '\d'
  """

[2026-04-15T08:07:53.441+0000] {warnings.py:112} WARNING - /home/***/.local/lib/python3.12/site-packages/azure/synapse/artifacts/models/_models_py3.py:57660: SyntaxWarning: invalid escape sequence '\d'
  """A copy activity snowflake source.

[2026-04-15T08:07:53.442+0000] {warnings.py:112} WARNING - /home/***/.local/lib/python3.12/site-packages/azure/synapse/artifacts/models/_models_py3.py:57710: SyntaxWarning: invalid escape sequence '\d'
  """

[2026-04-15T08:07:53.445+0000] {warnings.py:112} WARNING - /home/***/.local/lib/python3.12/site-packages/azure/synapse/artifacts/models/_models_py3.py:59106: SyntaxWarning: invalid escape sequence '\d'
  """A copy activity Spark Server source.

[2026-04-15T08:07:53.446+0000] {warnings.py:112} WARNING - /home/***/.local/lib/python3.12/site-packages/azure/synapse/artifacts/models/_models_py3.py:59162: SyntaxWarning: invalid escape sequence '\d'
  """

[2026-04-15T08:07:53.447+0000] {warnings.py:112} WARNING - /home/***/.local/lib/python3.12/site-packages/azure/synapse/artifacts/models/_models_py3.py:59316: SyntaxWarning: invalid escape sequence '\d'
  """A copy activity SQL Data Warehouse sink.

[2026-04-15T08:07:53.448+0000] {warnings.py:112} WARNING - /home/***/.local/lib/python3.12/site-packages/azure/synapse/artifacts/models/_models_py3.py:59396: SyntaxWarning: invalid escape sequence '\d'
  """

[2026-04-15T08:07:53.453+0000] {warnings.py:112} WARNING - /home/***/.local/lib/python3.12/site-packages/azure/synapse/artifacts/models/_models_py3.py:59452: SyntaxWarning: invalid escape sequence '\d'
  """A copy activity SQL Data Warehouse source.

[2026-04-15T08:07:53.454+0000] {warnings.py:112} WARNING - /home/***/.local/lib/python3.12/site-packages/azure/synapse/artifacts/models/_models_py3.py:59535: SyntaxWarning: invalid escape sequence '\d'
  """

[2026-04-15T08:07:53.455+0000] {warnings.py:112} WARNING - /home/***/.local/lib/python3.12/site-packages/azure/synapse/artifacts/models/_models_py3.py:59594: SyntaxWarning: invalid escape sequence '\d'
  """A copy activity Azure SQL Managed Instance sink.

[2026-04-15T08:07:53.456+0000] {warnings.py:112} WARNING - /home/***/.local/lib/python3.12/site-packages/azure/synapse/artifacts/models/_models_py3.py:59677: SyntaxWarning: invalid escape sequence '\d'
  """

[2026-04-15T08:07:53.457+0000] {warnings.py:112} WARNING - /home/***/.local/lib/python3.12/site-packages/azure/synapse/artifacts/models/_models_py3.py:59733: SyntaxWarning: invalid escape sequence '\d'
  """A copy activity Azure SQL Managed Instance source.

[2026-04-15T08:07:53.458+0000] {warnings.py:112} WARNING - /home/***/.local/lib/python3.12/site-packages/azure/synapse/artifacts/models/_models_py3.py:59818: SyntaxWarning: invalid escape sequence '\d'
  """

[2026-04-15T08:07:53.460+0000] {warnings.py:112} WARNING - /home/***/.local/lib/python3.12/site-packages/azure/synapse/artifacts/models/_models_py3.py:60639: SyntaxWarning: invalid escape sequence '\d'
  """A copy activity SQL server sink.

[2026-04-15T08:07:53.461+0000] {warnings.py:112} WARNING - /home/***/.local/lib/python3.12/site-packages/azure/synapse/artifacts/models/_models_py3.py:60722: SyntaxWarning: invalid escape sequence '\d'
  """

[2026-04-15T08:07:53.461+0000] {warnings.py:112} WARNING - /home/***/.local/lib/python3.12/site-packages/azure/synapse/artifacts/models/_models_py3.py:60778: SyntaxWarning: invalid escape sequence '\d'
  """A copy activity SQL server source.

[2026-04-15T08:07:53.462+0000] {warnings.py:112} WARNING - /home/***/.local/lib/python3.12/site-packages/azure/synapse/artifacts/models/_models_py3.py:60863: SyntaxWarning: invalid escape sequence '\d'
  """

[2026-04-15T08:07:53.463+0000] {warnings.py:112} WARNING - /home/***/.local/lib/python3.12/site-packages/azure/synapse/artifacts/models/_models_py3.py:61167: SyntaxWarning: invalid escape sequence '\d'
  """A copy activity SQL sink.

[2026-04-15T08:07:53.465+0000] {warnings.py:112} WARNING - /home/***/.local/lib/python3.12/site-packages/azure/synapse/artifacts/models/_models_py3.py:61250: SyntaxWarning: invalid escape sequence '\d'
  """

[2026-04-15T08:07:53.466+0000] {warnings.py:112} WARNING - /home/***/.local/lib/python3.12/site-packages/azure/synapse/artifacts/models/_models_py3.py:61306: SyntaxWarning: invalid escape sequence '\d'
  """A copy activity SQL source.

[2026-04-15T08:07:53.467+0000] {warnings.py:112} WARNING - /home/***/.local/lib/python3.12/site-packages/azure/synapse/artifacts/models/_models_py3.py:61387: SyntaxWarning: invalid escape sequence '\d'
  """

[2026-04-15T08:07:53.469+0000] {warnings.py:112} WARNING - /home/***/.local/lib/python3.12/site-packages/azure/synapse/artifacts/models/_models_py3.py:61696: SyntaxWarning: invalid escape sequence '\d'
  """A copy activity Square Service source.

[2026-04-15T08:07:53.470+0000] {warnings.py:112} WARNING - /home/***/.local/lib/python3.12/site-packages/azure/synapse/artifacts/models/_models_py3.py:61752: SyntaxWarning: invalid escape sequence '\d'
  """

[2026-04-15T08:07:53.471+0000] {warnings.py:112} WARNING - /home/***/.local/lib/python3.12/site-packages/azure/synapse/artifacts/models/_models_py3.py:61954: SyntaxWarning: invalid escape sequence '\d'
  """SSIS package execution log location.

[2026-04-15T08:07:53.472+0000] {warnings.py:112} WARNING - /home/***/.local/lib/python3.12/site-packages/azure/synapse/artifacts/models/_models_py3.py:61992: SyntaxWarning: invalid escape sequence '\d'
  """

[2026-04-15T08:07:53.474+0000] {warnings.py:112} WARNING - /home/***/.local/lib/python3.12/site-packages/azure/synapse/artifacts/models/_models_py3.py:62660: SyntaxWarning: invalid escape sequence '\d'
  """A copy activity source for Sybase databases.

[2026-04-15T08:07:53.474+0000] {warnings.py:112} WARNING - /home/***/.local/lib/python3.12/site-packages/azure/synapse/artifacts/models/_models_py3.py:62715: SyntaxWarning: invalid escape sequence '\d'
  """

[2026-04-15T08:07:53.477+0000] {warnings.py:112} WARNING - /home/***/.local/lib/python3.12/site-packages/azure/synapse/artifacts/models/_models_py3.py:63882: SyntaxWarning: invalid escape sequence '\d'
  """A copy activity Teradata source.

[2026-04-15T08:07:53.478+0000] {warnings.py:112} WARNING - /home/***/.local/lib/python3.12/site-packages/azure/synapse/artifacts/models/_models_py3.py:63946: SyntaxWarning: invalid escape sequence '\d'
  """

[2026-04-15T08:07:53.481+0000] {warnings.py:112} WARNING - /home/***/.local/lib/python3.12/site-packages/azure/synapse/artifacts/models/_models_py3.py:64582: SyntaxWarning: invalid escape sequence '\d'
  """Trigger that schedules pipeline runs for all fixed time interval windows from a start time

[2026-04-15T08:07:53.482+0000] {warnings.py:112} WARNING - /home/***/.local/lib/python3.12/site-packages/azure/synapse/artifacts/models/_models_py3.py:64674: SyntaxWarning: invalid escape sequence '\d'
  """

[2026-04-15T08:07:53.483+0000] {warnings.py:112} WARNING - /home/***/.local/lib/python3.12/site-packages/azure/synapse/artifacts/models/_models_py3.py:64940: SyntaxWarning: invalid escape sequence '\d'
  """This activity executes inner activities until the specified boolean expression results to true

[2026-04-15T08:07:53.483+0000] {warnings.py:112} WARNING - /home/***/.local/lib/python3.12/site-packages/azure/synapse/artifacts/models/_models_py3.py:65014: SyntaxWarning: invalid escape sequence '\d'
  """

[2026-04-15T08:07:53.484+0000] {warnings.py:112} WARNING - /home/***/.local/lib/python3.12/site-packages/azure/synapse/artifacts/models/_models_py3.py:65117: SyntaxWarning: invalid escape sequence '\d'
  """This activity verifies that an external resource exists.

[2026-04-15T08:07:53.485+0000] {warnings.py:112} WARNING - /home/***/.local/lib/python3.12/site-packages/azure/synapse/artifacts/models/_models_py3.py:65199: SyntaxWarning: invalid escape sequence '\d'
  """

[2026-04-15T08:07:53.486+0000] {warnings.py:112} WARNING - /home/***/.local/lib/python3.12/site-packages/azure/synapse/artifacts/models/_models_py3.py:65385: SyntaxWarning: invalid escape sequence '\d'
  """A copy activity Vertica source.

[2026-04-15T08:07:53.487+0000] {warnings.py:112} WARNING - /home/***/.local/lib/python3.12/site-packages/azure/synapse/artifacts/models/_models_py3.py:65441: SyntaxWarning: invalid escape sequence '\d'
  """

[2026-04-15T08:07:53.489+0000] {warnings.py:112} WARNING - /home/***/.local/lib/python3.12/site-packages/azure/synapse/artifacts/models/_models_py3.py:65874: SyntaxWarning: invalid escape sequence '\d'
  """A copy activity Microsoft Fabric Warehouse sink.

[2026-04-15T08:07:53.489+0000] {warnings.py:112} WARNING - /home/***/.local/lib/python3.12/site-packages/azure/synapse/artifacts/models/_models_py3.py:65950: SyntaxWarning: invalid escape sequence '\d'
  """

[2026-04-15T08:07:53.490+0000] {warnings.py:112} WARNING - /home/***/.local/lib/python3.12/site-packages/azure/synapse/artifacts/models/_models_py3.py:66003: SyntaxWarning: invalid escape sequence '\d'
  """A copy activity Microsoft Fabric Warehouse source.

[2026-04-15T08:07:53.491+0000] {warnings.py:112} WARNING - /home/***/.local/lib/python3.12/site-packages/azure/synapse/artifacts/models/_models_py3.py:66087: SyntaxWarning: invalid escape sequence '\d'
  """

[2026-04-15T08:07:53.493+0000] {warnings.py:112} WARNING - /home/***/.local/lib/python3.12/site-packages/azure/synapse/artifacts/models/_models_py3.py:66686: SyntaxWarning: invalid escape sequence '\d'
  """WebHook activity.

[2026-04-15T08:07:53.494+0000] {warnings.py:112} WARNING - /home/***/.local/lib/python3.12/site-packages/azure/synapse/artifacts/models/_models_py3.py:66779: SyntaxWarning: invalid escape sequence '\d'
  """

[2026-04-15T08:07:53.495+0000] {warnings.py:112} WARNING - /home/***/.local/lib/python3.12/site-packages/azure/synapse/artifacts/models/_models_py3.py:66918: SyntaxWarning: invalid escape sequence '\d'
  """A copy activity source for web page table.

[2026-04-15T08:07:53.496+0000] {warnings.py:112} WARNING - /home/***/.local/lib/python3.12/site-packages/azure/synapse/artifacts/models/_models_py3.py:66964: SyntaxWarning: invalid escape sequence '\d'
  """

[2026-04-15T08:07:53.498+0000] {warnings.py:112} WARNING - /home/***/.local/lib/python3.12/site-packages/azure/synapse/artifacts/models/_models_py3.py:67735: SyntaxWarning: invalid escape sequence '\d'
  """A copy activity Xero Service source.

[2026-04-15T08:07:53.499+0000] {warnings.py:112} WARNING - /home/***/.local/lib/python3.12/site-packages/azure/synapse/artifacts/models/_models_py3.py:67791: SyntaxWarning: invalid escape sequence '\d'
  """

[2026-04-15T08:07:53.500+0000] {warnings.py:112} WARNING - /home/***/.local/lib/python3.12/site-packages/azure/synapse/artifacts/models/_models_py3.py:68043: SyntaxWarning: invalid escape sequence '\d'
  """A copy activity Xml source.

[2026-04-15T08:07:53.501+0000] {warnings.py:112} WARNING - /home/***/.local/lib/python3.12/site-packages/azure/synapse/artifacts/models/_models_py3.py:68097: SyntaxWarning: invalid escape sequence '\d'
  """

[2026-04-15T08:07:53.502+0000] {warnings.py:112} WARNING - /home/***/.local/lib/python3.12/site-packages/azure/synapse/artifacts/models/_models_py3.py:68532: SyntaxWarning: invalid escape sequence '\d'
  """A copy activity Zoho server source.

[2026-04-15T08:07:53.503+0000] {warnings.py:112} WARNING - /home/***/.local/lib/python3.12/site-packages/azure/synapse/artifacts/models/_models_py3.py:68588: SyntaxWarning: invalid escape sequence '\d'
  """

[2026-04-15T08:07:54.787+0000] {taskinstance.py:341} INFO - ::group::Post task execution logs
[2026-04-15T08:07:54.788+0000] {taskinstance.py:353} INFO - Marking task as SUCCESS. dag_id=kafka_producer, task_id=execute_update_layers, run_id=scheduled__2026-04-13T18:30:00+00:00, execution_date=20260413T183000, start_date=20260415T080748, end_date=20260415T080754
[2026-04-15T08:07:54.891+0000] {local_task_job_runner.py:266} INFO - Task exited with return code 0
[2026-04-15T08:07:54.919+0000] {taskinstance.py:3901} INFO - 0 downstream tasks scheduled from follow-on schedule check
[2026-04-15T08:07:54.928+0000] {local_task_job_runner.py:245} INFO - ::endgroup::
[2026-04-15T11:35:42.201+0000] {local_task_job_runner.py:123} INFO - ::group::Pre task execution logs
[2026-04-15T11:35:42.232+0000] {taskinstance.py:2614} INFO - Dependencies all met for dep_context=non-requeueable deps ti=<TaskInstance: kafka_producer.execute_update_layers scheduled__2026-04-13T18:30:00+00:00 [queued]>
[2026-04-15T11:35:42.246+0000] {taskinstance.py:2614} INFO - Dependencies all met for dep_context=requeueable deps ti=<TaskInstance: kafka_producer.execute_update_layers scheduled__2026-04-13T18:30:00+00:00 [queued]>
[2026-04-15T11:35:42.246+0000] {taskinstance.py:2867} INFO - Starting attempt 1 of 1
[2026-04-15T11:35:42.265+0000] {taskinstance.py:2890} INFO - Executing <Task(TriggerDagRunOperator): execute_update_layers> on 2026-04-13 18:30:00+00:00
[2026-04-15T11:35:42.272+0000] {warnings.py:112} WARNING - /home/***/.local/lib/python3.12/site-packages/***/task/task_runner/standard_task_runner.py:70: DeprecationWarning: This process (pid=54) is multi-threaded, use of fork() may lead to deadlocks in the child.
  pid = os.fork()

[2026-04-15T11:35:42.275+0000] {standard_task_runner.py:104} INFO - Running: ['***', 'tasks', 'run', 'kafka_producer', 'execute_update_layers', 'scheduled__2026-04-13T18:30:00+00:00', '--job-id', '3', '--raw', '--subdir', 'DAGS_FOLDER/kafka_load.py', '--cfg-path', '/tmp/tmpgxnehd63']
[2026-04-15T11:35:42.278+0000] {standard_task_runner.py:105} INFO - Job 3: Subtask execute_update_layers
[2026-04-15T11:35:42.274+0000] {standard_task_runner.py:72} INFO - Started process 55 to run task
[2026-04-15T11:35:42.349+0000] {task_command.py:467} INFO - Running <TaskInstance: kafka_producer.execute_update_layers scheduled__2026-04-13T18:30:00+00:00 [running]> on host 06da903a9231
[2026-04-15T11:35:42.479+0000] {taskinstance.py:3134} INFO - Exporting env vars: AIRFLOW_CTX_DAG_OWNER='***' AIRFLOW_CTX_DAG_ID='kafka_producer' AIRFLOW_CTX_TASK_ID='execute_update_layers' AIRFLOW_CTX_EXECUTION_DATE='2026-04-13T18:30:00+00:00' AIRFLOW_CTX_TRY_NUMBER='1' AIRFLOW_CTX_DAG_RUN_ID='scheduled__2026-04-13T18:30:00+00:00'
[2026-04-15T11:35:42.480+0000] {taskinstance.py:732} INFO - ::endgroup::
[2026-04-15T11:35:47.010+0000] {warnings.py:112} WARNING - /home/***/.local/lib/python3.12/site-packages/azure/synapse/artifacts/models/_models_py3.py:175: SyntaxWarning: invalid escape sequence '\d'
  """Execution policy for an activity.

[2026-04-15T11:35:47.013+0000] {warnings.py:112} WARNING - /home/***/.local/lib/python3.12/site-packages/azure/synapse/artifacts/models/_models_py3.py:222: SyntaxWarning: invalid escape sequence '\d'
  """

[2026-04-15T11:35:47.016+0000] {warnings.py:112} WARNING - /home/***/.local/lib/python3.12/site-packages/azure/synapse/artifacts/models/_models_py3.py:1151: SyntaxWarning: invalid escape sequence '\d'
  """A copy activity source.

[2026-04-15T11:35:47.017+0000] {warnings.py:112} WARNING - /home/***/.local/lib/python3.12/site-packages/azure/synapse/artifacts/models/_models_py3.py:1248: SyntaxWarning: invalid escape sequence '\d'
  """

[2026-04-15T11:35:47.017+0000] {warnings.py:112} WARNING - /home/***/.local/lib/python3.12/site-packages/azure/synapse/artifacts/models/_models_py3.py:1271: SyntaxWarning: invalid escape sequence '\d'
  """Copy activity sources of tabular type.

[2026-04-15T11:35:47.018+0000] {warnings.py:112} WARNING - /home/***/.local/lib/python3.12/site-packages/azure/synapse/artifacts/models/_models_py3.py:1406: SyntaxWarning: invalid escape sequence '\d'
  """

[2026-04-15T11:35:47.019+0000] {warnings.py:112} WARNING - /home/***/.local/lib/python3.12/site-packages/azure/synapse/artifacts/models/_models_py3.py:1439: SyntaxWarning: invalid escape sequence '\d'
  """A copy activity Amazon Marketplace Web Service source.

[2026-04-15T11:35:47.019+0000] {warnings.py:112} WARNING - /home/***/.local/lib/python3.12/site-packages/azure/synapse/artifacts/models/_models_py3.py:1495: SyntaxWarning: invalid escape sequence '\d'
  """

[2026-04-15T11:35:47.020+0000] {warnings.py:112} WARNING - /home/***/.local/lib/python3.12/site-packages/azure/synapse/artifacts/models/_models_py3.py:1683: SyntaxWarning: invalid escape sequence '\d'
  """A copy activity AmazonRdsForOracle source.

[2026-04-15T11:35:47.021+0000] {warnings.py:112} WARNING - /home/***/.local/lib/python3.12/site-packages/azure/synapse/artifacts/models/_models_py3.py:1750: SyntaxWarning: invalid escape sequence '\d'
  """

[2026-04-15T11:35:47.022+0000] {warnings.py:112} WARNING - /home/***/.local/lib/python3.12/site-packages/azure/synapse/artifacts/models/_models_py3.py:2025: SyntaxWarning: invalid escape sequence '\d'
  """A copy activity Amazon RDS for SQL Server source.

[2026-04-15T11:35:47.023+0000] {warnings.py:112} WARNING - /home/***/.local/lib/python3.12/site-packages/azure/synapse/artifacts/models/_models_py3.py:2110: SyntaxWarning: invalid escape sequence '\d'
  """

[2026-04-15T11:35:47.024+0000] {warnings.py:112} WARNING - /home/***/.local/lib/python3.12/site-packages/azure/synapse/artifacts/models/_models_py3.py:2407: SyntaxWarning: invalid escape sequence '\d'
  """A copy activity source for Amazon Redshift Source.

[2026-04-15T11:35:47.025+0000] {warnings.py:112} WARNING - /home/***/.local/lib/python3.12/site-packages/azure/synapse/artifacts/models/_models_py3.py:2468: SyntaxWarning: invalid escape sequence '\d'
  """

[2026-04-15T11:35:47.029+0000] {warnings.py:112} WARNING - /home/***/.local/lib/python3.12/site-packages/azure/synapse/artifacts/models/_models_py3.py:3987: SyntaxWarning: invalid escape sequence '\d'
  """A copy activity sink.

[2026-04-15T11:35:47.030+0000] {warnings.py:112} WARNING - /home/***/.local/lib/python3.12/site-packages/azure/synapse/artifacts/models/_models_py3.py:4096: SyntaxWarning: invalid escape sequence '\d'
  """

[2026-04-15T11:35:47.031+0000] {warnings.py:112} WARNING - /home/***/.local/lib/python3.12/site-packages/azure/synapse/artifacts/models/_models_py3.py:4127: SyntaxWarning: invalid escape sequence '\d'
  """A copy activity Avro sink.

[2026-04-15T11:35:47.031+0000] {warnings.py:112} WARNING - /home/***/.local/lib/python3.12/site-packages/azure/synapse/artifacts/models/_models_py3.py:4186: SyntaxWarning: invalid escape sequence '\d'
  """

[2026-04-15T11:35:47.032+0000] {warnings.py:112} WARNING - /home/***/.local/lib/python3.12/site-packages/azure/synapse/artifacts/models/_models_py3.py:4225: SyntaxWarning: invalid escape sequence '\d'
  """A copy activity Avro source.

[2026-04-15T11:35:47.032+0000] {warnings.py:112} WARNING - /home/***/.local/lib/python3.12/site-packages/azure/synapse/artifacts/models/_models_py3.py:4275: SyntaxWarning: invalid escape sequence '\d'
  """

[2026-04-15T11:35:47.035+0000] {warnings.py:112} WARNING - /home/***/.local/lib/python3.12/site-packages/azure/synapse/artifacts/models/_models_py3.py:5209: SyntaxWarning: invalid escape sequence '\d'
  """A copy activity Azure Data Lake Storage Gen2 sink.

[2026-04-15T11:35:47.037+0000] {warnings.py:112} WARNING - /home/***/.local/lib/python3.12/site-packages/azure/synapse/artifacts/models/_models_py3.py:5265: SyntaxWarning: invalid escape sequence '\d'
  """

[2026-04-15T11:35:47.039+0000] {warnings.py:112} WARNING - /home/***/.local/lib/python3.12/site-packages/azure/synapse/artifacts/models/_models_py3.py:5302: SyntaxWarning: invalid escape sequence '\d'
  """A copy activity Azure BlobFS source.

[2026-04-15T11:35:47.040+0000] {warnings.py:112} WARNING - /home/***/.local/lib/python3.12/site-packages/azure/synapse/artifacts/models/_models_py3.py:5358: SyntaxWarning: invalid escape sequence '\d'
  """

[2026-04-15T11:35:47.043+0000] {warnings.py:112} WARNING - /home/***/.local/lib/python3.12/site-packages/azure/synapse/artifacts/models/_models_py3.py:6437: SyntaxWarning: invalid escape sequence '\d'
  """A copy activity Azure Databricks Delta Lake sink.

[2026-04-15T11:35:47.045+0000] {warnings.py:112} WARNING - /home/***/.local/lib/python3.12/site-packages/azure/synapse/artifacts/models/_models_py3.py:6497: SyntaxWarning: invalid escape sequence '\d'
  """

[2026-04-15T11:35:47.046+0000] {warnings.py:112} WARNING - /home/***/.local/lib/python3.12/site-packages/azure/synapse/artifacts/models/_models_py3.py:6538: SyntaxWarning: invalid escape sequence '\d'
  """A copy activity Azure Databricks Delta Lake source.

[2026-04-15T11:35:47.047+0000] {warnings.py:112} WARNING - /home/***/.local/lib/python3.12/site-packages/azure/synapse/artifacts/models/_models_py3.py:6588: SyntaxWarning: invalid escape sequence '\d'
  """

[2026-04-15T11:35:47.049+0000] {warnings.py:112} WARNING - /home/***/.local/lib/python3.12/site-packages/azure/synapse/artifacts/models/_models_py3.py:7023: SyntaxWarning: invalid escape sequence '\d'
  """Azure Data Explorer command activity.

[2026-04-15T11:35:47.049+0000] {warnings.py:112} WARNING - /home/***/.local/lib/python3.12/site-packages/azure/synapse/artifacts/models/_models_py3.py:7096: SyntaxWarning: invalid escape sequence '\d'
  """

[2026-04-15T11:35:47.050+0000] {warnings.py:112} WARNING - /home/***/.local/lib/python3.12/site-packages/azure/synapse/artifacts/models/_models_py3.py:7267: SyntaxWarning: invalid escape sequence '\d'
  """A copy activity Azure Data Explorer sink.

[2026-04-15T11:35:47.051+0000] {warnings.py:112} WARNING - /home/***/.local/lib/python3.12/site-packages/azure/synapse/artifacts/models/_models_py3.py:7333: SyntaxWarning: invalid escape sequence '\d'
  """

[2026-04-15T11:35:47.051+0000] {warnings.py:112} WARNING - /home/***/.local/lib/python3.12/site-packages/azure/synapse/artifacts/models/_models_py3.py:7378: SyntaxWarning: invalid escape sequence '\d'
  """A copy activity Azure Data Explorer (Kusto) source.

[2026-04-15T11:35:47.052+0000] {warnings.py:112} WARNING - /home/***/.local/lib/python3.12/site-packages/azure/synapse/artifacts/models/_models_py3.py:7440: SyntaxWarning: invalid escape sequence '\d'
  """

[2026-04-15T11:35:47.054+0000] {warnings.py:112} WARNING - /home/***/.local/lib/python3.12/site-packages/azure/synapse/artifacts/models/_models_py3.py:8222: SyntaxWarning: invalid escape sequence '\d'
  """A copy activity Azure Data Lake Store sink.

[2026-04-15T11:35:47.054+0000] {warnings.py:112} WARNING - /home/***/.local/lib/python3.12/site-packages/azure/synapse/artifacts/models/_models_py3.py:8282: SyntaxWarning: invalid escape sequence '\d'
  """

[2026-04-15T11:35:47.055+0000] {warnings.py:112} WARNING - /home/***/.local/lib/python3.12/site-packages/azure/synapse/artifacts/models/_models_py3.py:8322: SyntaxWarning: invalid escape sequence '\d'
  """A copy activity Azure Data Lake source.

[2026-04-15T11:35:47.055+0000] {warnings.py:112} WARNING - /home/***/.local/lib/python3.12/site-packages/azure/synapse/artifacts/models/_models_py3.py:8368: SyntaxWarning: invalid escape sequence '\d'
  """

[2026-04-15T11:35:47.058+0000] {warnings.py:112} WARNING - /home/***/.local/lib/python3.12/site-packages/azure/synapse/artifacts/models/_models_py3.py:9475: SyntaxWarning: invalid escape sequence '\d'
  """A copy activity Azure MariaDB source.

[2026-04-15T11:35:47.058+0000] {warnings.py:112} WARNING - /home/***/.local/lib/python3.12/site-packages/azure/synapse/artifacts/models/_models_py3.py:9531: SyntaxWarning: invalid escape sequence '\d'
  """

[2026-04-15T11:35:47.064+0000] {warnings.py:112} WARNING - /home/***/.local/lib/python3.12/site-packages/azure/synapse/artifacts/models/_models_py3.py:10532: SyntaxWarning: invalid escape sequence '\d'
  """A copy activity Azure MySql sink.

[2026-04-15T11:35:47.065+0000] {warnings.py:112} WARNING - /home/***/.local/lib/python3.12/site-packages/azure/synapse/artifacts/models/_models_py3.py:10588: SyntaxWarning: invalid escape sequence '\d'
  """

[2026-04-15T11:35:47.066+0000] {warnings.py:112} WARNING - /home/***/.local/lib/python3.12/site-packages/azure/synapse/artifacts/models/_models_py3.py:10625: SyntaxWarning: invalid escape sequence '\d'
  """A copy activity Azure MySQL source.

[2026-04-15T11:35:47.066+0000] {warnings.py:112} WARNING - /home/***/.local/lib/python3.12/site-packages/azure/synapse/artifacts/models/_models_py3.py:10680: SyntaxWarning: invalid escape sequence '\d'
  """

[2026-04-15T11:35:47.072+0000] {warnings.py:112} WARNING - /home/***/.local/lib/python3.12/site-packages/azure/synapse/artifacts/models/_models_py3.py:10923: SyntaxWarning: invalid escape sequence '\d'
  """A copy activity Azure PostgreSQL sink.

[2026-04-15T11:35:47.073+0000] {warnings.py:112} WARNING - /home/***/.local/lib/python3.12/site-packages/azure/synapse/artifacts/models/_models_py3.py:10979: SyntaxWarning: invalid escape sequence '\d'
  """

[2026-04-15T11:35:47.074+0000] {warnings.py:112} WARNING - /home/***/.local/lib/python3.12/site-packages/azure/synapse/artifacts/models/_models_py3.py:11016: SyntaxWarning: invalid escape sequence '\d'
  """A copy activity Azure PostgreSQL source.

[2026-04-15T11:35:47.074+0000] {warnings.py:112} WARNING - /home/***/.local/lib/python3.12/site-packages/azure/synapse/artifacts/models/_models_py3.py:11072: SyntaxWarning: invalid escape sequence '\d'
  """

[2026-04-15T11:35:47.075+0000] {warnings.py:112} WARNING - /home/***/.local/lib/python3.12/site-packages/azure/synapse/artifacts/models/_models_py3.py:11231: SyntaxWarning: invalid escape sequence '\d'
  """A copy activity Azure Queue sink.

[2026-04-15T11:35:47.076+0000] {warnings.py:112} WARNING - /home/***/.local/lib/python3.12/site-packages/azure/synapse/artifacts/models/_models_py3.py:11282: SyntaxWarning: invalid escape sequence '\d'
  """

[2026-04-15T11:35:47.076+0000] {warnings.py:112} WARNING - /home/***/.local/lib/python3.12/site-packages/azure/synapse/artifacts/models/_models_py3.py:11420: SyntaxWarning: invalid escape sequence '\d'
  """A copy activity Azure Search Index sink.

[2026-04-15T11:35:47.079+0000] {warnings.py:112} WARNING - /home/***/.local/lib/python3.12/site-packages/azure/synapse/artifacts/models/_models_py3.py:11477: SyntaxWarning: invalid escape sequence '\d'
  """

[2026-04-15T11:35:47.081+0000] {warnings.py:112} WARNING - /home/***/.local/lib/python3.12/site-packages/azure/synapse/artifacts/models/_models_py3.py:12300: SyntaxWarning: invalid escape sequence '\d'
  """A copy activity Azure SQL sink.

[2026-04-15T11:35:47.082+0000] {warnings.py:112} WARNING - /home/***/.local/lib/python3.12/site-packages/azure/synapse/artifacts/models/_models_py3.py:12383: SyntaxWarning: invalid escape sequence '\d'
  """

[2026-04-15T11:35:47.082+0000] {warnings.py:112} WARNING - /home/***/.local/lib/python3.12/site-packages/azure/synapse/artifacts/models/_models_py3.py:12439: SyntaxWarning: invalid escape sequence '\d'
  """A copy activity Azure SQL source.

[2026-04-15T11:35:47.083+0000] {warnings.py:112} WARNING - /home/***/.local/lib/python3.12/site-packages/azure/synapse/artifacts/models/_models_py3.py:12524: SyntaxWarning: invalid escape sequence '\d'
  """

[2026-04-15T11:35:47.085+0000] {warnings.py:112} WARNING - /home/***/.local/lib/python3.12/site-packages/azure/synapse/artifacts/models/_models_py3.py:13019: SyntaxWarning: invalid escape sequence '\d'
  """A copy activity Azure Table sink.

[2026-04-15T11:35:47.085+0000] {warnings.py:112} WARNING - /home/***/.local/lib/python3.12/site-packages/azure/synapse/artifacts/models/_models_py3.py:13090: SyntaxWarning: invalid escape sequence '\d'
  """

[2026-04-15T11:35:47.086+0000] {warnings.py:112} WARNING - /home/***/.local/lib/python3.12/site-packages/azure/synapse/artifacts/models/_models_py3.py:13139: SyntaxWarning: invalid escape sequence '\d'
  """A copy activity Azure Table source.

[2026-04-15T11:35:47.087+0000] {warnings.py:112} WARNING - /home/***/.local/lib/python3.12/site-packages/azure/synapse/artifacts/models/_models_py3.py:13200: SyntaxWarning: invalid escape sequence '\d'
  """

[2026-04-15T11:35:47.088+0000] {warnings.py:112} WARNING - /home/***/.local/lib/python3.12/site-packages/azure/synapse/artifacts/models/_models_py3.py:13886: SyntaxWarning: invalid escape sequence '\d'
  """A copy activity Binary sink.

[2026-04-15T11:35:47.089+0000] {warnings.py:112} WARNING - /home/***/.local/lib/python3.12/site-packages/azure/synapse/artifacts/models/_models_py3.py:13941: SyntaxWarning: invalid escape sequence '\d'
  """

[2026-04-15T11:35:47.089+0000] {warnings.py:112} WARNING - /home/***/.local/lib/python3.12/site-packages/azure/synapse/artifacts/models/_models_py3.py:13977: SyntaxWarning: invalid escape sequence '\d'
  """A copy activity Binary source.

[2026-04-15T11:35:47.090+0000] {warnings.py:112} WARNING - /home/***/.local/lib/python3.12/site-packages/azure/synapse/artifacts/models/_models_py3.py:14026: SyntaxWarning: invalid escape sequence '\d'
  """

[2026-04-15T11:35:47.091+0000] {warnings.py:112} WARNING - /home/***/.local/lib/python3.12/site-packages/azure/synapse/artifacts/models/_models_py3.py:14318: SyntaxWarning: invalid escape sequence '\d'
  """A copy activity Azure Blob sink.

[2026-04-15T11:35:47.091+0000] {warnings.py:112} WARNING - /home/***/.local/lib/python3.12/site-packages/azure/synapse/artifacts/models/_models_py3.py:14388: SyntaxWarning: invalid escape sequence '\d'
  """

[2026-04-15T11:35:47.093+0000] {warnings.py:112} WARNING - /home/***/.local/lib/python3.12/site-packages/azure/synapse/artifacts/models/_models_py3.py:14436: SyntaxWarning: invalid escape sequence '\d'
  """A copy activity Azure Blob source.

[2026-04-15T11:35:47.096+0000] {warnings.py:112} WARNING - /home/***/.local/lib/python3.12/site-packages/azure/synapse/artifacts/models/_models_py3.py:14492: SyntaxWarning: invalid escape sequence '\d'
  """

[2026-04-15T11:35:47.098+0000] {warnings.py:112} WARNING - /home/***/.local/lib/python3.12/site-packages/azure/synapse/artifacts/models/_models_py3.py:14744: SyntaxWarning: invalid escape sequence '\d'
  """A copy activity source for a Cassandra database.

[2026-04-15T11:35:47.099+0000] {warnings.py:112} WARNING - /home/***/.local/lib/python3.12/site-packages/azure/synapse/artifacts/models/_models_py3.py:14810: SyntaxWarning: invalid escape sequence '\d'
  """

[2026-04-15T11:35:47.103+0000] {warnings.py:112} WARNING - /home/***/.local/lib/python3.12/site-packages/azure/synapse/artifacts/models/_models_py3.py:15415: SyntaxWarning: invalid escape sequence '\d'
  """A copy activity Common Data Service for Apps sink.

[2026-04-15T11:35:47.104+0000] {warnings.py:112} WARNING - /home/***/.local/lib/python3.12/site-packages/azure/synapse/artifacts/models/_models_py3.py:15482: SyntaxWarning: invalid escape sequence '\d'
  """

[2026-04-15T11:35:47.105+0000] {warnings.py:112} WARNING - /home/***/.local/lib/python3.12/site-packages/azure/synapse/artifacts/models/_models_py3.py:15527: SyntaxWarning: invalid escape sequence '\d'
  """A copy activity Common Data Service for Apps source.

[2026-04-15T11:35:47.105+0000] {warnings.py:112} WARNING - /home/***/.local/lib/python3.12/site-packages/azure/synapse/artifacts/models/_models_py3.py:15578: SyntaxWarning: invalid escape sequence '\d'
  """

[2026-04-15T11:35:47.107+0000] {warnings.py:112} WARNING - /home/***/.local/lib/python3.12/site-packages/azure/synapse/artifacts/models/_models_py3.py:15897: SyntaxWarning: invalid escape sequence '\d'
  """A copy activity Concur Service source.

[2026-04-15T11:35:47.107+0000] {warnings.py:112} WARNING - /home/***/.local/lib/python3.12/site-packages/azure/synapse/artifacts/models/_models_py3.py:15953: SyntaxWarning: invalid escape sequence '\d'
  """

[2026-04-15T11:35:47.110+0000] {warnings.py:112} WARNING - /home/***/.local/lib/python3.12/site-packages/azure/synapse/artifacts/models/_models_py3.py:16617: SyntaxWarning: invalid escape sequence '\d'
  """A copy activity sink for a CosmosDB (MongoDB API) database.

[2026-04-15T11:35:47.114+0000] {warnings.py:112} WARNING - /home/***/.local/lib/python3.12/site-packages/azure/synapse/artifacts/models/_models_py3.py:16674: SyntaxWarning: invalid escape sequence '\d'
  """

[2026-04-15T11:35:47.115+0000] {warnings.py:112} WARNING - /home/***/.local/lib/python3.12/site-packages/azure/synapse/artifacts/models/_models_py3.py:16712: SyntaxWarning: invalid escape sequence '\d'
  """A copy activity source for a CosmosDB (MongoDB API) database.

[2026-04-15T11:35:47.116+0000] {warnings.py:112} WARNING - /home/***/.local/lib/python3.12/site-packages/azure/synapse/artifacts/models/_models_py3.py:16780: SyntaxWarning: invalid escape sequence '\d'
  """

[2026-04-15T11:35:47.117+0000] {warnings.py:112} WARNING - /home/***/.local/lib/python3.12/site-packages/azure/synapse/artifacts/models/_models_py3.py:16932: SyntaxWarning: invalid escape sequence '\d'
  """A copy activity Azure CosmosDB (SQL API) Collection sink.

[2026-04-15T11:35:47.118+0000] {warnings.py:112} WARNING - /home/***/.local/lib/python3.12/site-packages/azure/synapse/artifacts/models/_models_py3.py:16988: SyntaxWarning: invalid escape sequence '\d'
  """

[2026-04-15T11:35:47.119+0000] {warnings.py:112} WARNING - /home/***/.local/lib/python3.12/site-packages/azure/synapse/artifacts/models/_models_py3.py:17025: SyntaxWarning: invalid escape sequence '\d'
  """A copy activity Azure CosmosDB (SQL API) Collection source.

[2026-04-15T11:35:47.120+0000] {warnings.py:112} WARNING - /home/***/.local/lib/python3.12/site-packages/azure/synapse/artifacts/models/_models_py3.py:17090: SyntaxWarning: invalid escape sequence '\d'
  """

[2026-04-15T11:35:47.121+0000] {warnings.py:112} WARNING - /home/***/.local/lib/python3.12/site-packages/azure/synapse/artifacts/models/_models_py3.py:17228: SyntaxWarning: invalid escape sequence '\d'
  """A copy activity Couchbase server source.

[2026-04-15T11:35:47.122+0000] {warnings.py:112} WARNING - /home/***/.local/lib/python3.12/site-packages/azure/synapse/artifacts/models/_models_py3.py:17284: SyntaxWarning: invalid escape sequence '\d'
  """

[2026-04-15T11:35:47.133+0000] {warnings.py:112} WARNING - /home/***/.local/lib/python3.12/site-packages/azure/synapse/artifacts/models/_models_py3.py:20234: SyntaxWarning: invalid escape sequence '\d'
  """A copy activity source for Db2 databases.

[2026-04-15T11:35:47.133+0000] {warnings.py:112} WARNING - /home/***/.local/lib/python3.12/site-packages/azure/synapse/artifacts/models/_models_py3.py:20289: SyntaxWarning: invalid escape sequence '\d'
  """

[2026-04-15T11:35:47.137+0000] {warnings.py:112} WARNING - /home/***/.local/lib/python3.12/site-packages/azure/synapse/artifacts/models/_models_py3.py:20862: SyntaxWarning: invalid escape sequence '\d'
  """A copy activity DelimitedText sink.

[2026-04-15T11:35:47.137+0000] {warnings.py:112} WARNING - /home/***/.local/lib/python3.12/site-packages/azure/synapse/artifacts/models/_models_py3.py:20921: SyntaxWarning: invalid escape sequence '\d'
  """

[2026-04-15T11:35:47.138+0000] {warnings.py:112} WARNING - /home/***/.local/lib/python3.12/site-packages/azure/synapse/artifacts/models/_models_py3.py:20960: SyntaxWarning: invalid escape sequence '\d'
  """A copy activity DelimitedText source.

[2026-04-15T11:35:47.138+0000] {warnings.py:112} WARNING - /home/***/.local/lib/python3.12/site-packages/azure/synapse/artifacts/models/_models_py3.py:21014: SyntaxWarning: invalid escape sequence '\d'
  """

[2026-04-15T11:35:47.154+0000] {warnings.py:112} WARNING - /home/***/.local/lib/python3.12/site-packages/azure/synapse/artifacts/models/_models_py3.py:21316: SyntaxWarning: invalid escape sequence '\d'
  """A copy activity Document Database Collection sink.

[2026-04-15T11:35:47.155+0000] {warnings.py:112} WARNING - /home/***/.local/lib/python3.12/site-packages/azure/synapse/artifacts/models/_models_py3.py:21377: SyntaxWarning: invalid escape sequence '\d'
  """

[2026-04-15T11:35:47.155+0000] {warnings.py:112} WARNING - /home/***/.local/lib/python3.12/site-packages/azure/synapse/artifacts/models/_models_py3.py:21418: SyntaxWarning: invalid escape sequence '\d'
  """A copy activity Document Database Collection source.

[2026-04-15T11:35:47.156+0000] {warnings.py:112} WARNING - /home/***/.local/lib/python3.12/site-packages/azure/synapse/artifacts/models/_models_py3.py:21478: SyntaxWarning: invalid escape sequence '\d'
  """

[2026-04-15T11:35:47.157+0000] {warnings.py:112} WARNING - /home/***/.local/lib/python3.12/site-packages/azure/synapse/artifacts/models/_models_py3.py:21612: SyntaxWarning: invalid escape sequence '\d'
  """A copy activity Drill server source.

[2026-04-15T11:35:47.157+0000] {warnings.py:112} WARNING - /home/***/.local/lib/python3.12/site-packages/azure/synapse/artifacts/models/_models_py3.py:21668: SyntaxWarning: invalid escape sequence '\d'
  """

[2026-04-15T11:35:47.162+0000] {warnings.py:112} WARNING - /home/***/.local/lib/python3.12/site-packages/azure/synapse/artifacts/models/_models_py3.py:22155: SyntaxWarning: invalid escape sequence '\d'
  """A copy activity Dynamics AX source.

[2026-04-15T11:35:47.163+0000] {warnings.py:112} WARNING - /home/***/.local/lib/python3.12/site-packages/azure/synapse/artifacts/models/_models_py3.py:22218: SyntaxWarning: invalid escape sequence '\d'
  """

[2026-04-15T11:35:47.164+0000] {warnings.py:112} WARNING - /home/***/.local/lib/python3.12/site-packages/azure/synapse/artifacts/models/_models_py3.py:22559: SyntaxWarning: invalid escape sequence '\d'
  """A copy activity Dynamics CRM sink.

[2026-04-15T11:35:47.165+0000] {warnings.py:112} WARNING - /home/***/.local/lib/python3.12/site-packages/azure/synapse/artifacts/models/_models_py3.py:22626: SyntaxWarning: invalid escape sequence '\d'
  """

[2026-04-15T11:35:47.166+0000] {warnings.py:112} WARNING - /home/***/.local/lib/python3.12/site-packages/azure/synapse/artifacts/models/_models_py3.py:22671: SyntaxWarning: invalid escape sequence '\d'
  """A copy activity Dynamics CRM source.

[2026-04-15T11:35:47.167+0000] {warnings.py:112} WARNING - /home/***/.local/lib/python3.12/site-packages/azure/synapse/artifacts/models/_models_py3.py:22722: SyntaxWarning: invalid escape sequence '\d'
  """

[2026-04-15T11:35:47.169+0000] {warnings.py:112} WARNING - /home/***/.local/lib/python3.12/site-packages/azure/synapse/artifacts/models/_models_py3.py:23061: SyntaxWarning: invalid escape sequence '\d'
  """A copy activity Dynamics sink.

[2026-04-15T11:35:47.169+0000] {warnings.py:112} WARNING - /home/***/.local/lib/python3.12/site-packages/azure/synapse/artifacts/models/_models_py3.py:23128: SyntaxWarning: invalid escape sequence '\d'
  """

[2026-04-15T11:35:47.170+0000] {warnings.py:112} WARNING - /home/***/.local/lib/python3.12/site-packages/azure/synapse/artifacts/models/_models_py3.py:23173: SyntaxWarning: invalid escape sequence '\d'
  """A copy activity Dynamics source.

[2026-04-15T11:35:47.171+0000] {warnings.py:112} WARNING - /home/***/.local/lib/python3.12/site-packages/azure/synapse/artifacts/models/_models_py3.py:23224: SyntaxWarning: invalid escape sequence '\d'
  """

[2026-04-15T11:35:47.172+0000] {warnings.py:112} WARNING - /home/***/.local/lib/python3.12/site-packages/azure/synapse/artifacts/models/_models_py3.py:23511: SyntaxWarning: invalid escape sequence '\d'
  """A copy activity Eloqua server source.

[2026-04-15T11:35:47.172+0000] {warnings.py:112} WARNING - /home/***/.local/lib/python3.12/site-packages/azure/synapse/artifacts/models/_models_py3.py:23567: SyntaxWarning: invalid escape sequence '\d'
  """

[2026-04-15T11:35:47.174+0000] {warnings.py:112} WARNING - /home/***/.local/lib/python3.12/site-packages/azure/synapse/artifacts/models/_models_py3.py:23968: SyntaxWarning: invalid escape sequence '\d'
  """A copy activity excel source.

[2026-04-15T11:35:47.174+0000] {warnings.py:112} WARNING - /home/***/.local/lib/python3.12/site-packages/azure/synapse/artifacts/models/_models_py3.py:24018: SyntaxWarning: invalid escape sequence '\d'
  """

[2026-04-15T11:35:47.178+0000] {warnings.py:112} WARNING - /home/***/.local/lib/python3.12/site-packages/azure/synapse/artifacts/models/_models_py3.py:25343: SyntaxWarning: invalid escape sequence '\d'
  """A copy activity file system sink.

[2026-04-15T11:35:47.179+0000] {warnings.py:112} WARNING - /home/***/.local/lib/python3.12/site-packages/azure/synapse/artifacts/models/_models_py3.py:25398: SyntaxWarning: invalid escape sequence '\d'
  """

[2026-04-15T11:35:47.179+0000] {warnings.py:112} WARNING - /home/***/.local/lib/python3.12/site-packages/azure/synapse/artifacts/models/_models_py3.py:25434: SyntaxWarning: invalid escape sequence '\d'
  """A copy activity file system source.

[2026-04-15T11:35:47.180+0000] {warnings.py:112} WARNING - /home/***/.local/lib/python3.12/site-packages/azure/synapse/artifacts/models/_models_py3.py:25485: SyntaxWarning: invalid escape sequence '\d'
  """

[2026-04-15T11:35:47.183+0000] {warnings.py:112} WARNING - /home/***/.local/lib/python3.12/site-packages/azure/synapse/artifacts/models/_models_py3.py:26723: SyntaxWarning: invalid escape sequence '\d'
  """A copy activity Google AdWords service source.

[2026-04-15T11:35:47.183+0000] {warnings.py:112} WARNING - /home/***/.local/lib/python3.12/site-packages/azure/synapse/artifacts/models/_models_py3.py:26779: SyntaxWarning: invalid escape sequence '\d'
  """

[2026-04-15T11:35:47.184+0000] {warnings.py:112} WARNING - /home/***/.local/lib/python3.12/site-packages/azure/synapse/artifacts/models/_models_py3.py:27121: SyntaxWarning: invalid escape sequence '\d'
  """A copy activity Google BigQuery service source.

[2026-04-15T11:35:47.185+0000] {warnings.py:112} WARNING - /home/***/.local/lib/python3.12/site-packages/azure/synapse/artifacts/models/_models_py3.py:27177: SyntaxWarning: invalid escape sequence '\d'
  """

[2026-04-15T11:35:47.186+0000] {warnings.py:112} WARNING - /home/***/.local/lib/python3.12/site-packages/azure/synapse/artifacts/models/_models_py3.py:27461: SyntaxWarning: invalid escape sequence '\d'
  """A copy activity Google BigQuery service source.

[2026-04-15T11:35:47.186+0000] {warnings.py:112} WARNING - /home/***/.local/lib/python3.12/site-packages/azure/synapse/artifacts/models/_models_py3.py:27517: SyntaxWarning: invalid escape sequence '\d'
  """

[2026-04-15T11:35:47.188+0000] {warnings.py:112} WARNING - /home/***/.local/lib/python3.12/site-packages/azure/synapse/artifacts/models/_models_py3.py:28053: SyntaxWarning: invalid escape sequence '\d'
  """A copy activity Greenplum Database source.

[2026-04-15T11:35:47.188+0000] {warnings.py:112} WARNING - /home/***/.local/lib/python3.12/site-packages/azure/synapse/artifacts/models/_models_py3.py:28109: SyntaxWarning: invalid escape sequence '\d'
  """

[2026-04-15T11:35:47.189+0000] {warnings.py:112} WARNING - /home/***/.local/lib/python3.12/site-packages/azure/synapse/artifacts/models/_models_py3.py:28536: SyntaxWarning: invalid escape sequence '\d'
  """A copy activity HBase server source.

[2026-04-15T11:35:47.190+0000] {warnings.py:112} WARNING - /home/***/.local/lib/python3.12/site-packages/azure/synapse/artifacts/models/_models_py3.py:28592: SyntaxWarning: invalid escape sequence '\d'
  """

[2026-04-15T11:35:47.191+0000] {warnings.py:112} WARNING - /home/***/.local/lib/python3.12/site-packages/azure/synapse/artifacts/models/_models_py3.py:28932: SyntaxWarning: invalid escape sequence '\d'
  """A copy activity HDFS source.

[2026-04-15T11:35:47.192+0000] {warnings.py:112} WARNING - /home/***/.local/lib/python3.12/site-packages/azure/synapse/artifacts/models/_models_py3.py:28982: SyntaxWarning: invalid escape sequence '\d'
  """

[2026-04-15T11:35:47.197+0000] {warnings.py:112} WARNING - /home/***/.local/lib/python3.12/site-packages/azure/synapse/artifacts/models/_models_py3.py:30727: SyntaxWarning: invalid escape sequence '\d'
  """A copy activity Hive Server source.

[2026-04-15T11:35:47.198+0000] {warnings.py:112} WARNING - /home/***/.local/lib/python3.12/site-packages/azure/synapse/artifacts/models/_models_py3.py:30783: SyntaxWarning: invalid escape sequence '\d'
  """

[2026-04-15T11:35:47.199+0000] {warnings.py:112} WARNING - /home/***/.local/lib/python3.12/site-packages/azure/synapse/artifacts/models/_models_py3.py:31296: SyntaxWarning: invalid escape sequence '\d'
  """A copy activity source for an HTTP file.

[2026-04-15T11:35:47.200+0000] {warnings.py:112} WARNING - /home/***/.local/lib/python3.12/site-packages/azure/synapse/artifacts/models/_models_py3.py:31344: SyntaxWarning: invalid escape sequence '\d'
  """

[2026-04-15T11:35:47.201+0000] {warnings.py:112} WARNING - /home/***/.local/lib/python3.12/site-packages/azure/synapse/artifacts/models/_models_py3.py:31617: SyntaxWarning: invalid escape sequence '\d'
  """A copy activity Hubspot Service source.

[2026-04-15T11:35:47.202+0000] {warnings.py:112} WARNING - /home/***/.local/lib/python3.12/site-packages/azure/synapse/artifacts/models/_models_py3.py:31673: SyntaxWarning: invalid escape sequence '\d'
  """

[2026-04-15T11:35:47.203+0000] {warnings.py:112} WARNING - /home/***/.local/lib/python3.12/site-packages/azure/synapse/artifacts/models/_models_py3.py:32120: SyntaxWarning: invalid escape sequence '\d'
  """A copy activity Impala server source.

[2026-04-15T11:35:47.203+0000] {warnings.py:112} WARNING - /home/***/.local/lib/python3.12/site-packages/azure/synapse/artifacts/models/_models_py3.py:32176: SyntaxWarning: invalid escape sequence '\d'
  """

[2026-04-15T11:35:47.204+0000] {warnings.py:112} WARNING - /home/***/.local/lib/python3.12/site-packages/azure/synapse/artifacts/models/_models_py3.py:32339: SyntaxWarning: invalid escape sequence '\d'
  """A copy activity Informix sink.

[2026-04-15T11:35:47.205+0000] {warnings.py:112} WARNING - /home/***/.local/lib/python3.12/site-packages/azure/synapse/artifacts/models/_models_py3.py:32395: SyntaxWarning: invalid escape sequence '\d'
  """

[2026-04-15T11:35:47.205+0000] {warnings.py:112} WARNING - /home/***/.local/lib/python3.12/site-packages/azure/synapse/artifacts/models/_models_py3.py:32432: SyntaxWarning: invalid escape sequence '\d'
  """A copy activity source for Informix.

[2026-04-15T11:35:47.205+0000] {warnings.py:112} WARNING - /home/***/.local/lib/python3.12/site-packages/azure/synapse/artifacts/models/_models_py3.py:32487: SyntaxWarning: invalid escape sequence '\d'
  """

[2026-04-15T11:35:47.208+0000] {warnings.py:112} WARNING - /home/***/.local/lib/python3.12/site-packages/azure/synapse/artifacts/models/_models_py3.py:33502: SyntaxWarning: invalid escape sequence '\d'
  """A copy activity Jira Service source.

[2026-04-15T11:35:47.209+0000] {warnings.py:112} WARNING - /home/***/.local/lib/python3.12/site-packages/azure/synapse/artifacts/models/_models_py3.py:33558: SyntaxWarning: invalid escape sequence '\d'
  """

[2026-04-15T11:35:47.211+0000] {warnings.py:112} WARNING - /home/***/.local/lib/python3.12/site-packages/azure/synapse/artifacts/models/_models_py3.py:33869: SyntaxWarning: invalid escape sequence '\d'
  """A copy activity Json sink.

[2026-04-15T11:35:47.212+0000] {warnings.py:112} WARNING - /home/***/.local/lib/python3.12/site-packages/azure/synapse/artifacts/models/_models_py3.py:33928: SyntaxWarning: invalid escape sequence '\d'
  """

[2026-04-15T11:35:47.213+0000] {warnings.py:112} WARNING - /home/***/.local/lib/python3.12/site-packages/azure/synapse/artifacts/models/_models_py3.py:33967: SyntaxWarning: invalid escape sequence '\d'
  """A copy activity Json source.

[2026-04-15T11:35:47.213+0000] {warnings.py:112} WARNING - /home/***/.local/lib/python3.12/site-packages/azure/synapse/artifacts/models/_models_py3.py:34021: SyntaxWarning: invalid escape sequence '\d'
  """

[2026-04-15T11:35:47.215+0000] {warnings.py:112} WARNING - /home/***/.local/lib/python3.12/site-packages/azure/synapse/artifacts/models/_models_py3.py:34739: SyntaxWarning: invalid escape sequence '\d'
  """A copy activity for Microsoft Fabric LakeHouse Table sink.

[2026-04-15T11:35:47.216+0000] {warnings.py:112} WARNING - /home/***/.local/lib/python3.12/site-packages/azure/synapse/artifacts/models/_models_py3.py:34806: SyntaxWarning: invalid escape sequence '\d'
  """

[2026-04-15T11:35:47.216+0000] {warnings.py:112} WARNING - /home/***/.local/lib/python3.12/site-packages/azure/synapse/artifacts/models/_models_py3.py:34852: SyntaxWarning: invalid escape sequence '\d'
  """A copy activity source for Microsoft Fabric LakeHouse Table.

[2026-04-15T11:35:47.217+0000] {warnings.py:112} WARNING - /home/***/.local/lib/python3.12/site-packages/azure/synapse/artifacts/models/_models_py3.py:34908: SyntaxWarning: invalid escape sequence '\d'
  """

[2026-04-15T11:35:47.221+0000] {warnings.py:112} WARNING - /home/***/.local/lib/python3.12/site-packages/azure/synapse/artifacts/models/_models_py3.py:36915: SyntaxWarning: invalid escape sequence '\d'
  """A copy activity Magento server source.

[2026-04-15T11:35:47.222+0000] {warnings.py:112} WARNING - /home/***/.local/lib/python3.12/site-packages/azure/synapse/artifacts/models/_models_py3.py:36971: SyntaxWarning: invalid escape sequence '\d'
  """

[2026-04-15T11:35:47.223+0000] {warnings.py:112} WARNING - /home/***/.local/lib/python3.12/site-packages/azure/synapse/artifacts/models/_models_py3.py:37417: SyntaxWarning: invalid escape sequence '\d'
  """A copy activity MariaDB server source.

[2026-04-15T11:35:47.224+0000] {warnings.py:112} WARNING - /home/***/.local/lib/python3.12/site-packages/azure/synapse/artifacts/models/_models_py3.py:37473: SyntaxWarning: invalid escape sequence '\d'
  """

[2026-04-15T11:35:47.225+0000] {warnings.py:112} WARNING - /home/***/.local/lib/python3.12/site-packages/azure/synapse/artifacts/models/_models_py3.py:37845: SyntaxWarning: invalid escape sequence '\d'
  """A copy activity Marketo server source.

[2026-04-15T11:35:47.226+0000] {warnings.py:112} WARNING - /home/***/.local/lib/python3.12/site-packages/azure/synapse/artifacts/models/_models_py3.py:37901: SyntaxWarning: invalid escape sequence '\d'
  """

[2026-04-15T11:35:47.228+0000] {warnings.py:112} WARNING - /home/***/.local/lib/python3.12/site-packages/azure/synapse/artifacts/models/_models_py3.py:38208: SyntaxWarning: invalid escape sequence '\d'
  """A copy activity Microsoft Access sink.

[2026-04-15T11:35:47.229+0000] {warnings.py:112} WARNING - /home/***/.local/lib/python3.12/site-packages/azure/synapse/artifacts/models/_models_py3.py:38264: SyntaxWarning: invalid escape sequence '\d'
  """

[2026-04-15T11:35:47.230+0000] {warnings.py:112} WARNING - /home/***/.local/lib/python3.12/site-packages/azure/synapse/artifacts/models/_models_py3.py:38301: SyntaxWarning: invalid escape sequence '\d'
  """A copy activity source for Microsoft Access.

[2026-04-15T11:35:47.230+0000] {warnings.py:112} WARNING - /home/***/.local/lib/python3.12/site-packages/azure/synapse/artifacts/models/_models_py3.py:38351: SyntaxWarning: invalid escape sequence '\d'
  """

[2026-04-15T11:35:47.231+0000] {warnings.py:112} WARNING - /home/***/.local/lib/python3.12/site-packages/azure/synapse/artifacts/models/_models_py3.py:38690: SyntaxWarning: invalid escape sequence '\d'
  """A copy activity source for a MongoDB Atlas database.

[2026-04-15T11:35:47.232+0000] {warnings.py:112} WARNING - /home/***/.local/lib/python3.12/site-packages/azure/synapse/artifacts/models/_models_py3.py:38758: SyntaxWarning: invalid escape sequence '\d'
  """

[2026-04-15T11:35:47.233+0000] {warnings.py:112} WARNING - /home/***/.local/lib/python3.12/site-packages/azure/synapse/artifacts/models/_models_py3.py:39141: SyntaxWarning: invalid escape sequence '\d'
  """A copy activity source for a MongoDB database.

[2026-04-15T11:35:47.233+0000] {warnings.py:112} WARNING - /home/***/.local/lib/python3.12/site-packages/azure/synapse/artifacts/models/_models_py3.py:39192: SyntaxWarning: invalid escape sequence '\d'
  """

[2026-04-15T11:35:47.234+0000] {warnings.py:112} WARNING - /home/***/.local/lib/python3.12/site-packages/azure/synapse/artifacts/models/_models_py3.py:39419: SyntaxWarning: invalid escape sequence '\d'
  """A copy activity source for a MongoDB database.

[2026-04-15T11:35:47.235+0000] {warnings.py:112} WARNING - /home/***/.local/lib/python3.12/site-packages/azure/synapse/artifacts/models/_models_py3.py:39487: SyntaxWarning: invalid escape sequence '\d'
  """

[2026-04-15T11:35:47.236+0000] {warnings.py:112} WARNING - /home/***/.local/lib/python3.12/site-packages/azure/synapse/artifacts/models/_models_py3.py:39683: SyntaxWarning: invalid escape sequence '\d'
  """A copy activity source for MySQL databases.

[2026-04-15T11:35:47.236+0000] {warnings.py:112} WARNING - /home/***/.local/lib/python3.12/site-packages/azure/synapse/artifacts/models/_models_py3.py:39738: SyntaxWarning: invalid escape sequence '\d'
  """

[2026-04-15T11:35:47.238+0000] {warnings.py:112} WARNING - /home/***/.local/lib/python3.12/site-packages/azure/synapse/artifacts/models/_models_py3.py:40019: SyntaxWarning: invalid escape sequence '\d'
  """A copy activity Netezza source.

[2026-04-15T11:35:47.239+0000] {warnings.py:112} WARNING - /home/***/.local/lib/python3.12/site-packages/azure/synapse/artifacts/models/_models_py3.py:40084: SyntaxWarning: invalid escape sequence '\d'
  """

[2026-04-15T11:35:47.241+0000] {warnings.py:112} WARNING - /home/***/.local/lib/python3.12/site-packages/azure/synapse/artifacts/models/_models_py3.py:41138: SyntaxWarning: invalid escape sequence '\d'
  """A copy activity source for OData source.

[2026-04-15T11:35:47.242+0000] {warnings.py:112} WARNING - /home/***/.local/lib/python3.12/site-packages/azure/synapse/artifacts/models/_models_py3.py:41196: SyntaxWarning: invalid escape sequence '\d'
  """

[2026-04-15T11:35:47.243+0000] {warnings.py:112} WARNING - /home/***/.local/lib/python3.12/site-packages/azure/synapse/artifacts/models/_models_py3.py:41359: SyntaxWarning: invalid escape sequence '\d'
  """A copy activity ODBC sink.

[2026-04-15T11:35:47.244+0000] {warnings.py:112} WARNING - /home/***/.local/lib/python3.12/site-packages/azure/synapse/artifacts/models/_models_py3.py:41415: SyntaxWarning: invalid escape sequence '\d'
  """

[2026-04-15T11:35:47.245+0000] {warnings.py:112} WARNING - /home/***/.local/lib/python3.12/site-packages/azure/synapse/artifacts/models/_models_py3.py:41452: SyntaxWarning: invalid escape sequence '\d'
  """A copy activity source for ODBC databases.

[2026-04-15T11:35:47.246+0000] {warnings.py:112} WARNING - /home/***/.local/lib/python3.12/site-packages/azure/synapse/artifacts/models/_models_py3.py:41507: SyntaxWarning: invalid escape sequence '\d'
  """

[2026-04-15T11:35:47.247+0000] {warnings.py:112} WARNING - /home/***/.local/lib/python3.12/site-packages/azure/synapse/artifacts/models/_models_py3.py:41875: SyntaxWarning: invalid escape sequence '\d'
  """A copy activity source for an Office 365 service.

[2026-04-15T11:35:47.248+0000] {warnings.py:112} WARNING - /home/***/.local/lib/python3.12/site-packages/azure/synapse/artifacts/models/_models_py3.py:41947: SyntaxWarning: invalid escape sequence '\d'
  """

[2026-04-15T11:35:47.264+0000] {warnings.py:112} WARNING - /home/***/.local/lib/python3.12/site-packages/azure/synapse/artifacts/models/_models_py3.py:42441: SyntaxWarning: invalid escape sequence '\d'
  """A copy activity Oracle Service Cloud source.

[2026-04-15T11:35:47.265+0000] {warnings.py:112} WARNING - /home/***/.local/lib/python3.12/site-packages/azure/synapse/artifacts/models/_models_py3.py:42497: SyntaxWarning: invalid escape sequence '\d'
  """

[2026-04-15T11:35:47.265+0000] {warnings.py:112} WARNING - /home/***/.local/lib/python3.12/site-packages/azure/synapse/artifacts/models/_models_py3.py:42534: SyntaxWarning: invalid escape sequence '\d'
  """A copy activity Oracle sink.

[2026-04-15T11:35:47.266+0000] {warnings.py:112} WARNING - /home/***/.local/lib/python3.12/site-packages/azure/synapse/artifacts/models/_models_py3.py:42590: SyntaxWarning: invalid escape sequence '\d'
  """

[2026-04-15T11:35:47.266+0000] {warnings.py:112} WARNING - /home/***/.local/lib/python3.12/site-packages/azure/synapse/artifacts/models/_models_py3.py:42627: SyntaxWarning: invalid escape sequence '\d'
  """A copy activity Oracle source.

[2026-04-15T11:35:47.267+0000] {warnings.py:112} WARNING - /home/***/.local/lib/python3.12/site-packages/azure/synapse/artifacts/models/_models_py3.py:42692: SyntaxWarning: invalid escape sequence '\d'
  """

[2026-04-15T11:35:47.268+0000] {warnings.py:112} WARNING - /home/***/.local/lib/python3.12/site-packages/azure/synapse/artifacts/models/_models_py3.py:43020: SyntaxWarning: invalid escape sequence '\d'
  """A copy activity ORC sink.

[2026-04-15T11:35:47.269+0000] {warnings.py:112} WARNING - /home/***/.local/lib/python3.12/site-packages/azure/synapse/artifacts/models/_models_py3.py:43079: SyntaxWarning: invalid escape sequence '\d'
  """

[2026-04-15T11:35:47.270+0000] {warnings.py:112} WARNING - /home/***/.local/lib/python3.12/site-packages/azure/synapse/artifacts/models/_models_py3.py:43118: SyntaxWarning: invalid escape sequence '\d'
  """A copy activity ORC source.

[2026-04-15T11:35:47.271+0000] {warnings.py:112} WARNING - /home/***/.local/lib/python3.12/site-packages/azure/synapse/artifacts/models/_models_py3.py:43168: SyntaxWarning: invalid escape sequence '\d'
  """

[2026-04-15T11:35:47.272+0000] {warnings.py:112} WARNING - /home/***/.local/lib/python3.12/site-packages/azure/synapse/artifacts/models/_models_py3.py:43514: SyntaxWarning: invalid escape sequence '\d'
  """A copy activity Parquet sink.

[2026-04-15T11:35:47.273+0000] {warnings.py:112} WARNING - /home/***/.local/lib/python3.12/site-packages/azure/synapse/artifacts/models/_models_py3.py:43573: SyntaxWarning: invalid escape sequence '\d'
  """

[2026-04-15T11:35:47.274+0000] {warnings.py:112} WARNING - /home/***/.local/lib/python3.12/site-packages/azure/synapse/artifacts/models/_models_py3.py:43612: SyntaxWarning: invalid escape sequence '\d'
  """A copy activity Parquet source.

[2026-04-15T11:35:47.274+0000] {warnings.py:112} WARNING - /home/***/.local/lib/python3.12/site-packages/azure/synapse/artifacts/models/_models_py3.py:43666: SyntaxWarning: invalid escape sequence '\d'
  """

[2026-04-15T11:35:47.276+0000] {warnings.py:112} WARNING - /home/***/.local/lib/python3.12/site-packages/azure/synapse/artifacts/models/_models_py3.py:43989: SyntaxWarning: invalid escape sequence '\d'
  """A copy activity Paypal Service source.

[2026-04-15T11:35:47.276+0000] {warnings.py:112} WARNING - /home/***/.local/lib/python3.12/site-packages/azure/synapse/artifacts/models/_models_py3.py:44045: SyntaxWarning: invalid escape sequence '\d'
  """

[2026-04-15T11:35:47.278+0000] {warnings.py:112} WARNING - /home/***/.local/lib/python3.12/site-packages/azure/synapse/artifacts/models/_models_py3.py:44386: SyntaxWarning: invalid escape sequence '\d'
  """A copy activity Phoenix server source.

[2026-04-15T11:35:47.279+0000] {warnings.py:112} WARNING - /home/***/.local/lib/python3.12/site-packages/azure/synapse/artifacts/models/_models_py3.py:44442: SyntaxWarning: invalid escape sequence '\d'
  """

[2026-04-15T11:35:47.283+0000] {warnings.py:112} WARNING - /home/***/.local/lib/python3.12/site-packages/azure/synapse/artifacts/models/_models_py3.py:45003: SyntaxWarning: invalid escape sequence '\d'
  """A copy activity source for PostgreSQL databases.

[2026-04-15T11:35:47.285+0000] {warnings.py:112} WARNING - /home/***/.local/lib/python3.12/site-packages/azure/synapse/artifacts/models/_models_py3.py:45058: SyntaxWarning: invalid escape sequence '\d'
  """

[2026-04-15T11:35:47.287+0000] {warnings.py:112} WARNING - /home/***/.local/lib/python3.12/site-packages/azure/synapse/artifacts/models/_models_py3.py:45444: SyntaxWarning: invalid escape sequence '\d'
  """A copy activity source for PostgreSQL databases.

[2026-04-15T11:35:47.287+0000] {warnings.py:112} WARNING - /home/***/.local/lib/python3.12/site-packages/azure/synapse/artifacts/models/_models_py3.py:45499: SyntaxWarning: invalid escape sequence '\d'
  """

[2026-04-15T11:35:47.289+0000] {warnings.py:112} WARNING - /home/***/.local/lib/python3.12/site-packages/azure/synapse/artifacts/models/_models_py3.py:46042: SyntaxWarning: invalid escape sequence '\d'
  """A copy activity Presto server source.

[2026-04-15T11:35:47.290+0000] {warnings.py:112} WARNING - /home/***/.local/lib/python3.12/site-packages/azure/synapse/artifacts/models/_models_py3.py:46098: SyntaxWarning: invalid escape sequence '\d'
  """

[2026-04-15T11:35:47.292+0000] {warnings.py:112} WARNING - /home/***/.local/lib/python3.12/site-packages/azure/synapse/artifacts/models/_models_py3.py:46702: SyntaxWarning: invalid escape sequence '\d'
  """A copy activity QuickBooks server source.

[2026-04-15T11:35:47.293+0000] {warnings.py:112} WARNING - /home/***/.local/lib/python3.12/site-packages/azure/synapse/artifacts/models/_models_py3.py:46758: SyntaxWarning: invalid escape sequence '\d'
  """

[2026-04-15T11:35:47.295+0000] {warnings.py:112} WARNING - /home/***/.local/lib/python3.12/site-packages/azure/synapse/artifacts/models/_models_py3.py:47000: SyntaxWarning: invalid escape sequence '\d'
  """A copy activity source for various relational databases.

[2026-04-15T11:35:47.296+0000] {warnings.py:112} WARNING - /home/***/.local/lib/python3.12/site-packages/azure/synapse/artifacts/models/_models_py3.py:47050: SyntaxWarning: invalid escape sequence '\d'
  """

[2026-04-15T11:35:47.298+0000] {warnings.py:112} WARNING - /home/***/.local/lib/python3.12/site-packages/azure/synapse/artifacts/models/_models_py3.py:47648: SyntaxWarning: invalid escape sequence '\d'
  """A copy activity Responsys source.

[2026-04-15T11:35:47.299+0000] {warnings.py:112} WARNING - /home/***/.local/lib/python3.12/site-packages/azure/synapse/artifacts/models/_models_py3.py:47704: SyntaxWarning: invalid escape sequence '\d'
  """

[2026-04-15T11:35:47.300+0000] {warnings.py:112} WARNING - /home/***/.local/lib/python3.12/site-packages/azure/synapse/artifacts/models/_models_py3.py:48113: SyntaxWarning: invalid escape sequence '\d'
  """A copy activity Rest service Sink.

[2026-04-15T11:35:47.302+0000] {warnings.py:112} WARNING - /home/***/.local/lib/python3.12/site-packages/azure/synapse/artifacts/models/_models_py3.py:48190: SyntaxWarning: invalid escape sequence '\d'
  """

[2026-04-15T11:35:47.302+0000] {warnings.py:112} WARNING - /home/***/.local/lib/python3.12/site-packages/azure/synapse/artifacts/models/_models_py3.py:48244: SyntaxWarning: invalid escape sequence '\d'
  """A copy activity Rest service source.

[2026-04-15T11:35:47.303+0000] {warnings.py:112} WARNING - /home/***/.local/lib/python3.12/site-packages/azure/synapse/artifacts/models/_models_py3.py:48321: SyntaxWarning: invalid escape sequence '\d'
  """

[2026-04-15T11:35:47.306+0000] {warnings.py:112} WARNING - /home/***/.local/lib/python3.12/site-packages/azure/synapse/artifacts/models/_models_py3.py:49499: SyntaxWarning: invalid escape sequence '\d'
  """A copy activity Salesforce Marketing Cloud source.

[2026-04-15T11:35:47.307+0000] {warnings.py:112} WARNING - /home/***/.local/lib/python3.12/site-packages/azure/synapse/artifacts/models/_models_py3.py:49555: SyntaxWarning: invalid escape sequence '\d'
  """

[2026-04-15T11:35:47.309+0000] {warnings.py:112} WARNING - /home/***/.local/lib/python3.12/site-packages/azure/synapse/artifacts/models/_models_py3.py:49932: SyntaxWarning: invalid escape sequence '\d'
  """A copy activity Salesforce Service Cloud sink.

[2026-04-15T11:35:47.312+0000] {warnings.py:112} WARNING - /home/***/.local/lib/python3.12/site-packages/azure/synapse/artifacts/models/_models_py3.py:50002: SyntaxWarning: invalid escape sequence '\d'
  """

[2026-04-15T11:35:47.313+0000] {warnings.py:112} WARNING - /home/***/.local/lib/python3.12/site-packages/azure/synapse/artifacts/models/_models_py3.py:50052: SyntaxWarning: invalid escape sequence '\d'
  """A copy activity Salesforce Service Cloud source.

[2026-04-15T11:35:47.314+0000] {warnings.py:112} WARNING - /home/***/.local/lib/python3.12/site-packages/azure/synapse/artifacts/models/_models_py3.py:50107: SyntaxWarning: invalid escape sequence '\d'
  """

[2026-04-15T11:35:47.315+0000] {warnings.py:112} WARNING - /home/***/.local/lib/python3.12/site-packages/azure/synapse/artifacts/models/_models_py3.py:50379: SyntaxWarning: invalid escape sequence '\d'
  """A copy activity Salesforce Service Cloud V2 sink.

[2026-04-15T11:35:47.317+0000] {warnings.py:112} WARNING - /home/***/.local/lib/python3.12/site-packages/azure/synapse/artifacts/models/_models_py3.py:50449: SyntaxWarning: invalid escape sequence '\d'
  """

[2026-04-15T11:35:47.319+0000] {warnings.py:112} WARNING - /home/***/.local/lib/python3.12/site-packages/azure/synapse/artifacts/models/_models_py3.py:50499: SyntaxWarning: invalid escape sequence '\d'
  """A copy activity Salesforce Service Cloud V2 source.

[2026-04-15T11:35:47.320+0000] {warnings.py:112} WARNING - /home/***/.local/lib/python3.12/site-packages/azure/synapse/artifacts/models/_models_py3.py:50554: SyntaxWarning: invalid escape sequence '\d'
  """

[2026-04-15T11:35:47.321+0000] {warnings.py:112} WARNING - /home/***/.local/lib/python3.12/site-packages/azure/synapse/artifacts/models/_models_py3.py:50590: SyntaxWarning: invalid escape sequence '\d'
  """A copy activity Salesforce sink.

[2026-04-15T11:35:47.322+0000] {warnings.py:112} WARNING - /home/***/.local/lib/python3.12/site-packages/azure/synapse/artifacts/models/_models_py3.py:50660: SyntaxWarning: invalid escape sequence '\d'
  """

[2026-04-15T11:35:47.324+0000] {warnings.py:112} WARNING - /home/***/.local/lib/python3.12/site-packages/azure/synapse/artifacts/models/_models_py3.py:50710: SyntaxWarning: invalid escape sequence '\d'
  """A copy activity Salesforce source.

[2026-04-15T11:35:47.325+0000] {warnings.py:112} WARNING - /home/***/.local/lib/python3.12/site-packages/azure/synapse/artifacts/models/_models_py3.py:50770: SyntaxWarning: invalid escape sequence '\d'
  """

[2026-04-15T11:35:47.326+0000] {warnings.py:112} WARNING - /home/***/.local/lib/python3.12/site-packages/azure/synapse/artifacts/models/_models_py3.py:51046: SyntaxWarning: invalid escape sequence '\d'
  """A copy activity Salesforce V2 sink.

[2026-04-15T11:35:47.328+0000] {warnings.py:112} WARNING - /home/***/.local/lib/python3.12/site-packages/azure/synapse/artifacts/models/_models_py3.py:51116: SyntaxWarning: invalid escape sequence '\d'
  """

[2026-04-15T11:35:47.329+0000] {warnings.py:112} WARNING - /home/***/.local/lib/python3.12/site-packages/azure/synapse/artifacts/models/_models_py3.py:51166: SyntaxWarning: invalid escape sequence '\d'
  """A copy activity Salesforce V2 source.

[2026-04-15T11:35:47.330+0000] {warnings.py:112} WARNING - /home/***/.local/lib/python3.12/site-packages/azure/synapse/artifacts/models/_models_py3.py:51226: SyntaxWarning: invalid escape sequence '\d'
  """

[2026-04-15T11:35:47.334+0000] {warnings.py:112} WARNING - /home/***/.local/lib/python3.12/site-packages/azure/synapse/artifacts/models/_models_py3.py:51485: SyntaxWarning: invalid escape sequence '\d'
  """A copy activity source for SapBW server via MDX.

[2026-04-15T11:35:47.335+0000] {warnings.py:112} WARNING - /home/***/.local/lib/python3.12/site-packages/azure/synapse/artifacts/models/_models_py3.py:51540: SyntaxWarning: invalid escape sequence '\d'
  """

[2026-04-15T11:35:47.336+0000] {warnings.py:112} WARNING - /home/***/.local/lib/python3.12/site-packages/azure/synapse/artifacts/models/_models_py3.py:51787: SyntaxWarning: invalid escape sequence '\d'
  """A copy activity SAP Cloud for Customer sink.

[2026-04-15T11:35:47.336+0000] {warnings.py:112} WARNING - /home/***/.local/lib/python3.12/site-packages/azure/synapse/artifacts/models/_models_py3.py:51851: SyntaxWarning: invalid escape sequence '\d'
  """

[2026-04-15T11:35:47.337+0000] {warnings.py:112} WARNING - /home/***/.local/lib/python3.12/site-packages/azure/synapse/artifacts/models/_models_py3.py:51895: SyntaxWarning: invalid escape sequence '\d'
  """A copy activity source for SAP Cloud for Customer source.

[2026-04-15T11:35:47.338+0000] {warnings.py:112} WARNING - /home/***/.local/lib/python3.12/site-packages/azure/synapse/artifacts/models/_models_py3.py:51958: SyntaxWarning: invalid escape sequence '\d'
  """

[2026-04-15T11:35:47.339+0000] {warnings.py:112} WARNING - /home/***/.local/lib/python3.12/site-packages/azure/synapse/artifacts/models/_models_py3.py:52212: SyntaxWarning: invalid escape sequence '\d'
  """A copy activity source for SAP ECC source.

[2026-04-15T11:35:47.340+0000] {warnings.py:112} WARNING - /home/***/.local/lib/python3.12/site-packages/azure/synapse/artifacts/models/_models_py3.py:52275: SyntaxWarning: invalid escape sequence '\d'
  """

[2026-04-15T11:35:47.341+0000] {warnings.py:112} WARNING - /home/***/.local/lib/python3.12/site-packages/azure/synapse/artifacts/models/_models_py3.py:52463: SyntaxWarning: invalid escape sequence '\d'
  """A copy activity source for SAP HANA source.

[2026-04-15T11:35:47.343+0000] {warnings.py:112} WARNING - /home/***/.local/lib/python3.12/site-packages/azure/synapse/artifacts/models/_models_py3.py:52532: SyntaxWarning: invalid escape sequence '\d'
  """

[2026-04-15T11:35:47.346+0000] {warnings.py:112} WARNING - /home/***/.local/lib/python3.12/site-packages/azure/synapse/artifacts/models/_models_py3.py:53040: SyntaxWarning: invalid escape sequence '\d'
  """A copy activity source for SAP ODP source.

[2026-04-15T11:35:47.349+0000] {warnings.py:112} WARNING - /home/***/.local/lib/python3.12/site-packages/azure/synapse/artifacts/models/_models_py3.py:53111: SyntaxWarning: invalid escape sequence '\d'
  """

[2026-04-15T11:35:47.350+0000] {warnings.py:112} WARNING - /home/***/.local/lib/python3.12/site-packages/azure/synapse/artifacts/models/_models_py3.py:53334: SyntaxWarning: invalid escape sequence '\d'
  """A copy activity source for SAP Business Warehouse Open Hub Destination source.

[2026-04-15T11:35:47.352+0000] {warnings.py:112} WARNING - /home/***/.local/lib/python3.12/site-packages/azure/synapse/artifacts/models/_models_py3.py:53407: SyntaxWarning: invalid escape sequence '\d'
  """

[2026-04-15T11:35:47.355+0000] {warnings.py:112} WARNING - /home/***/.local/lib/python3.12/site-packages/azure/synapse/artifacts/models/_models_py3.py:53961: SyntaxWarning: invalid escape sequence '\d'
  """A copy activity source for SAP Table source.

[2026-04-15T11:35:47.356+0000] {warnings.py:112} WARNING - /home/***/.local/lib/python3.12/site-packages/azure/synapse/artifacts/models/_models_py3.py:54059: SyntaxWarning: invalid escape sequence '\d'
  """

[2026-04-15T11:35:47.358+0000] {warnings.py:112} WARNING - /home/***/.local/lib/python3.12/site-packages/azure/synapse/artifacts/models/_models_py3.py:54322: SyntaxWarning: invalid escape sequence '\d'
  """Script activity type.

[2026-04-15T11:35:47.358+0000] {warnings.py:112} WARNING - /home/***/.local/lib/python3.12/site-packages/azure/synapse/artifacts/models/_models_py3.py:54398: SyntaxWarning: invalid escape sequence '\d'
  """

[2026-04-15T11:35:47.361+0000] {warnings.py:112} WARNING - /home/***/.local/lib/python3.12/site-packages/azure/synapse/artifacts/models/_models_py3.py:55022: SyntaxWarning: invalid escape sequence '\d'
  """A copy activity ServiceNow server source.

[2026-04-15T11:35:47.362+0000] {warnings.py:112} WARNING - /home/***/.local/lib/python3.12/site-packages/azure/synapse/artifacts/models/_models_py3.py:55078: SyntaxWarning: invalid escape sequence '\d'
  """

[2026-04-15T11:35:47.364+0000] {warnings.py:112} WARNING - /home/***/.local/lib/python3.12/site-packages/azure/synapse/artifacts/models/_models_py3.py:55310: SyntaxWarning: invalid escape sequence '\d'
  """A copy activity ServiceNowV2 server source.

[2026-04-15T11:35:47.365+0000] {warnings.py:112} WARNING - /home/***/.local/lib/python3.12/site-packages/azure/synapse/artifacts/models/_models_py3.py:55365: SyntaxWarning: invalid escape sequence '\d'
  """

[2026-04-15T11:35:47.367+0000] {warnings.py:112} WARNING - /home/***/.local/lib/python3.12/site-packages/azure/synapse/artifacts/models/_models_py3.py:56196: SyntaxWarning: invalid escape sequence '\d'
  """A copy activity source for sharePoint online list source.

[2026-04-15T11:35:47.368+0000] {warnings.py:112} WARNING - /home/***/.local/lib/python3.12/site-packages/azure/synapse/artifacts/models/_models_py3.py:56248: SyntaxWarning: invalid escape sequence '\d'
  """

[2026-04-15T11:35:47.369+0000] {warnings.py:112} WARNING - /home/***/.local/lib/python3.12/site-packages/azure/synapse/artifacts/models/_models_py3.py:56508: SyntaxWarning: invalid escape sequence '\d'
  """A copy activity Shopify Service source.

[2026-04-15T11:35:47.370+0000] {warnings.py:112} WARNING - /home/***/.local/lib/python3.12/site-packages/azure/synapse/artifacts/models/_models_py3.py:56564: SyntaxWarning: invalid escape sequence '\d'
  """

[2026-04-15T11:35:47.372+0000] {warnings.py:112} WARNING - /home/***/.local/lib/python3.12/site-packages/azure/synapse/artifacts/models/_models_py3.py:57087: SyntaxWarning: invalid escape sequence '\d'
  """A copy activity snowflake sink.

[2026-04-15T11:35:47.372+0000] {warnings.py:112} WARNING - /home/***/.local/lib/python3.12/site-packages/azure/synapse/artifacts/models/_models_py3.py:57147: SyntaxWarning: invalid escape sequence '\d'
  """

[2026-04-15T11:35:47.373+0000] {warnings.py:112} WARNING - /home/***/.local/lib/python3.12/site-packages/azure/synapse/artifacts/models/_models_py3.py:57187: SyntaxWarning: invalid escape sequence '\d'
  """A copy activity snowflake source.

[2026-04-15T11:35:47.374+0000] {warnings.py:112} WARNING - /home/***/.local/lib/python3.12/site-packages/azure/synapse/artifacts/models/_models_py3.py:57237: SyntaxWarning: invalid escape sequence '\d'
  """

[2026-04-15T11:35:47.375+0000] {warnings.py:112} WARNING - /home/***/.local/lib/python3.12/site-packages/azure/synapse/artifacts/models/_models_py3.py:57560: SyntaxWarning: invalid escape sequence '\d'
  """A copy activity snowflake sink.

[2026-04-15T11:35:47.375+0000] {warnings.py:112} WARNING - /home/***/.local/lib/python3.12/site-packages/azure/synapse/artifacts/models/_models_py3.py:57620: SyntaxWarning: invalid escape sequence '\d'
  """

[2026-04-15T11:35:47.377+0000] {warnings.py:112} WARNING - /home/***/.local/lib/python3.12/site-packages/azure/synapse/artifacts/models/_models_py3.py:57660: SyntaxWarning: invalid escape sequence '\d'
  """A copy activity snowflake source.

[2026-04-15T11:35:47.379+0000] {warnings.py:112} WARNING - /home/***/.local/lib/python3.12/site-packages/azure/synapse/artifacts/models/_models_py3.py:57710: SyntaxWarning: invalid escape sequence '\d'
  """

[2026-04-15T11:35:47.383+0000] {warnings.py:112} WARNING - /home/***/.local/lib/python3.12/site-packages/azure/synapse/artifacts/models/_models_py3.py:59106: SyntaxWarning: invalid escape sequence '\d'
  """A copy activity Spark Server source.

[2026-04-15T11:35:47.384+0000] {warnings.py:112} WARNING - /home/***/.local/lib/python3.12/site-packages/azure/synapse/artifacts/models/_models_py3.py:59162: SyntaxWarning: invalid escape sequence '\d'
  """

[2026-04-15T11:35:47.385+0000] {warnings.py:112} WARNING - /home/***/.local/lib/python3.12/site-packages/azure/synapse/artifacts/models/_models_py3.py:59316: SyntaxWarning: invalid escape sequence '\d'
  """A copy activity SQL Data Warehouse sink.

[2026-04-15T11:35:47.386+0000] {warnings.py:112} WARNING - /home/***/.local/lib/python3.12/site-packages/azure/synapse/artifacts/models/_models_py3.py:59396: SyntaxWarning: invalid escape sequence '\d'
  """

[2026-04-15T11:35:47.386+0000] {warnings.py:112} WARNING - /home/***/.local/lib/python3.12/site-packages/azure/synapse/artifacts/models/_models_py3.py:59452: SyntaxWarning: invalid escape sequence '\d'
  """A copy activity SQL Data Warehouse source.

[2026-04-15T11:35:47.387+0000] {warnings.py:112} WARNING - /home/***/.local/lib/python3.12/site-packages/azure/synapse/artifacts/models/_models_py3.py:59535: SyntaxWarning: invalid escape sequence '\d'
  """

[2026-04-15T11:35:47.387+0000] {warnings.py:112} WARNING - /home/***/.local/lib/python3.12/site-packages/azure/synapse/artifacts/models/_models_py3.py:59594: SyntaxWarning: invalid escape sequence '\d'
  """A copy activity Azure SQL Managed Instance sink.

[2026-04-15T11:35:47.388+0000] {warnings.py:112} WARNING - /home/***/.local/lib/python3.12/site-packages/azure/synapse/artifacts/models/_models_py3.py:59677: SyntaxWarning: invalid escape sequence '\d'
  """

[2026-04-15T11:35:47.389+0000] {warnings.py:112} WARNING - /home/***/.local/lib/python3.12/site-packages/azure/synapse/artifacts/models/_models_py3.py:59733: SyntaxWarning: invalid escape sequence '\d'
  """A copy activity Azure SQL Managed Instance source.

[2026-04-15T11:35:47.389+0000] {warnings.py:112} WARNING - /home/***/.local/lib/python3.12/site-packages/azure/synapse/artifacts/models/_models_py3.py:59818: SyntaxWarning: invalid escape sequence '\d'
  """

[2026-04-15T11:35:47.391+0000] {warnings.py:112} WARNING - /home/***/.local/lib/python3.12/site-packages/azure/synapse/artifacts/models/_models_py3.py:60639: SyntaxWarning: invalid escape sequence '\d'
  """A copy activity SQL server sink.

[2026-04-15T11:35:47.392+0000] {warnings.py:112} WARNING - /home/***/.local/lib/python3.12/site-packages/azure/synapse/artifacts/models/_models_py3.py:60722: SyntaxWarning: invalid escape sequence '\d'
  """

[2026-04-15T11:35:47.393+0000] {warnings.py:112} WARNING - /home/***/.local/lib/python3.12/site-packages/azure/synapse/artifacts/models/_models_py3.py:60778: SyntaxWarning: invalid escape sequence '\d'
  """A copy activity SQL server source.

[2026-04-15T11:35:47.396+0000] {warnings.py:112} WARNING - /home/***/.local/lib/python3.12/site-packages/azure/synapse/artifacts/models/_models_py3.py:60863: SyntaxWarning: invalid escape sequence '\d'
  """

[2026-04-15T11:35:47.397+0000] {warnings.py:112} WARNING - /home/***/.local/lib/python3.12/site-packages/azure/synapse/artifacts/models/_models_py3.py:61167: SyntaxWarning: invalid escape sequence '\d'
  """A copy activity SQL sink.

[2026-04-15T11:35:47.398+0000] {warnings.py:112} WARNING - /home/***/.local/lib/python3.12/site-packages/azure/synapse/artifacts/models/_models_py3.py:61250: SyntaxWarning: invalid escape sequence '\d'
  """

[2026-04-15T11:35:47.398+0000] {warnings.py:112} WARNING - /home/***/.local/lib/python3.12/site-packages/azure/synapse/artifacts/models/_models_py3.py:61306: SyntaxWarning: invalid escape sequence '\d'
  """A copy activity SQL source.

[2026-04-15T11:35:47.399+0000] {warnings.py:112} WARNING - /home/***/.local/lib/python3.12/site-packages/azure/synapse/artifacts/models/_models_py3.py:61387: SyntaxWarning: invalid escape sequence '\d'
  """

[2026-04-15T11:35:47.400+0000] {warnings.py:112} WARNING - /home/***/.local/lib/python3.12/site-packages/azure/synapse/artifacts/models/_models_py3.py:61696: SyntaxWarning: invalid escape sequence '\d'
  """A copy activity Square Service source.

[2026-04-15T11:35:47.401+0000] {warnings.py:112} WARNING - /home/***/.local/lib/python3.12/site-packages/azure/synapse/artifacts/models/_models_py3.py:61752: SyntaxWarning: invalid escape sequence '\d'
  """

[2026-04-15T11:35:47.402+0000] {warnings.py:112} WARNING - /home/***/.local/lib/python3.12/site-packages/azure/synapse/artifacts/models/_models_py3.py:61954: SyntaxWarning: invalid escape sequence '\d'
  """SSIS package execution log location.

[2026-04-15T11:35:47.403+0000] {warnings.py:112} WARNING - /home/***/.local/lib/python3.12/site-packages/azure/synapse/artifacts/models/_models_py3.py:61992: SyntaxWarning: invalid escape sequence '\d'
  """

[2026-04-15T11:35:47.405+0000] {warnings.py:112} WARNING - /home/***/.local/lib/python3.12/site-packages/azure/synapse/artifacts/models/_models_py3.py:62660: SyntaxWarning: invalid escape sequence '\d'
  """A copy activity source for Sybase databases.

[2026-04-15T11:35:47.405+0000] {warnings.py:112} WARNING - /home/***/.local/lib/python3.12/site-packages/azure/synapse/artifacts/models/_models_py3.py:62715: SyntaxWarning: invalid escape sequence '\d'
  """

[2026-04-15T11:35:47.409+0000] {warnings.py:112} WARNING - /home/***/.local/lib/python3.12/site-packages/azure/synapse/artifacts/models/_models_py3.py:63882: SyntaxWarning: invalid escape sequence '\d'
  """A copy activity Teradata source.

[2026-04-15T11:35:47.411+0000] {warnings.py:112} WARNING - /home/***/.local/lib/python3.12/site-packages/azure/synapse/artifacts/models/_models_py3.py:63946: SyntaxWarning: invalid escape sequence '\d'
  """

[2026-04-15T11:35:47.413+0000] {warnings.py:112} WARNING - /home/***/.local/lib/python3.12/site-packages/azure/synapse/artifacts/models/_models_py3.py:64582: SyntaxWarning: invalid escape sequence '\d'
  """Trigger that schedules pipeline runs for all fixed time interval windows from a start time

[2026-04-15T11:35:47.414+0000] {warnings.py:112} WARNING - /home/***/.local/lib/python3.12/site-packages/azure/synapse/artifacts/models/_models_py3.py:64674: SyntaxWarning: invalid escape sequence '\d'
  """

[2026-04-15T11:35:47.415+0000] {warnings.py:112} WARNING - /home/***/.local/lib/python3.12/site-packages/azure/synapse/artifacts/models/_models_py3.py:64940: SyntaxWarning: invalid escape sequence '\d'
  """This activity executes inner activities until the specified boolean expression results to true

[2026-04-15T11:35:47.416+0000] {warnings.py:112} WARNING - /home/***/.local/lib/python3.12/site-packages/azure/synapse/artifacts/models/_models_py3.py:65014: SyntaxWarning: invalid escape sequence '\d'
  """

[2026-04-15T11:35:47.416+0000] {warnings.py:112} WARNING - /home/***/.local/lib/python3.12/site-packages/azure/synapse/artifacts/models/_models_py3.py:65117: SyntaxWarning: invalid escape sequence '\d'
  """This activity verifies that an external resource exists.

[2026-04-15T11:35:47.417+0000] {warnings.py:112} WARNING - /home/***/.local/lib/python3.12/site-packages/azure/synapse/artifacts/models/_models_py3.py:65199: SyntaxWarning: invalid escape sequence '\d'
  """

[2026-04-15T11:35:47.418+0000] {warnings.py:112} WARNING - /home/***/.local/lib/python3.12/site-packages/azure/synapse/artifacts/models/_models_py3.py:65385: SyntaxWarning: invalid escape sequence '\d'
  """A copy activity Vertica source.

[2026-04-15T11:35:47.418+0000] {warnings.py:112} WARNING - /home/***/.local/lib/python3.12/site-packages/azure/synapse/artifacts/models/_models_py3.py:65441: SyntaxWarning: invalid escape sequence '\d'
  """

[2026-04-15T11:35:47.420+0000] {warnings.py:112} WARNING - /home/***/.local/lib/python3.12/site-packages/azure/synapse/artifacts/models/_models_py3.py:65874: SyntaxWarning: invalid escape sequence '\d'
  """A copy activity Microsoft Fabric Warehouse sink.

[2026-04-15T11:35:47.420+0000] {warnings.py:112} WARNING - /home/***/.local/lib/python3.12/site-packages/azure/synapse/artifacts/models/_models_py3.py:65950: SyntaxWarning: invalid escape sequence '\d'
  """

[2026-04-15T11:35:47.421+0000] {warnings.py:112} WARNING - /home/***/.local/lib/python3.12/site-packages/azure/synapse/artifacts/models/_models_py3.py:66003: SyntaxWarning: invalid escape sequence '\d'
  """A copy activity Microsoft Fabric Warehouse source.

[2026-04-15T11:35:47.421+0000] {warnings.py:112} WARNING - /home/***/.local/lib/python3.12/site-packages/azure/synapse/artifacts/models/_models_py3.py:66087: SyntaxWarning: invalid escape sequence '\d'
  """

[2026-04-15T11:35:47.423+0000] {warnings.py:112} WARNING - /home/***/.local/lib/python3.12/site-packages/azure/synapse/artifacts/models/_models_py3.py:66686: SyntaxWarning: invalid escape sequence '\d'
  """WebHook activity.

[2026-04-15T11:35:47.423+0000] {warnings.py:112} WARNING - /home/***/.local/lib/python3.12/site-packages/azure/synapse/artifacts/models/_models_py3.py:66779: SyntaxWarning: invalid escape sequence '\d'
  """

[2026-04-15T11:35:47.424+0000] {warnings.py:112} WARNING - /home/***/.local/lib/python3.12/site-packages/azure/synapse/artifacts/models/_models_py3.py:66918: SyntaxWarning: invalid escape sequence '\d'
  """A copy activity source for web page table.

[2026-04-15T11:35:47.425+0000] {warnings.py:112} WARNING - /home/***/.local/lib/python3.12/site-packages/azure/synapse/artifacts/models/_models_py3.py:66964: SyntaxWarning: invalid escape sequence '\d'
  """

[2026-04-15T11:35:47.431+0000] {warnings.py:112} WARNING - /home/***/.local/lib/python3.12/site-packages/azure/synapse/artifacts/models/_models_py3.py:67735: SyntaxWarning: invalid escape sequence '\d'
  """A copy activity Xero Service source.

[2026-04-15T11:35:47.432+0000] {warnings.py:112} WARNING - /home/***/.local/lib/python3.12/site-packages/azure/synapse/artifacts/models/_models_py3.py:67791: SyntaxWarning: invalid escape sequence '\d'
  """

[2026-04-15T11:35:47.433+0000] {warnings.py:112} WARNING - /home/***/.local/lib/python3.12/site-packages/azure/synapse/artifacts/models/_models_py3.py:68043: SyntaxWarning: invalid escape sequence '\d'
  """A copy activity Xml source.

[2026-04-15T11:35:47.433+0000] {warnings.py:112} WARNING - /home/***/.local/lib/python3.12/site-packages/azure/synapse/artifacts/models/_models_py3.py:68097: SyntaxWarning: invalid escape sequence '\d'
  """

[2026-04-15T11:35:47.434+0000] {warnings.py:112} WARNING - /home/***/.local/lib/python3.12/site-packages/azure/synapse/artifacts/models/_models_py3.py:68532: SyntaxWarning: invalid escape sequence '\d'
  """A copy activity Zoho server source.

[2026-04-15T11:35:47.435+0000] {warnings.py:112} WARNING - /home/***/.local/lib/python3.12/site-packages/azure/synapse/artifacts/models/_models_py3.py:68588: SyntaxWarning: invalid escape sequence '\d'
  """

[2026-04-15T11:35:48.999+0000] {taskinstance.py:341} INFO - ::group::Post task execution logs
[2026-04-15T11:35:48.999+0000] {taskinstance.py:353} INFO - Marking task as SUCCESS. dag_id=kafka_producer, task_id=execute_update_layers, run_id=scheduled__2026-04-13T18:30:00+00:00, execution_date=20260413T183000, start_date=20260415T113542, end_date=20260415T113548
[2026-04-15T11:35:49.081+0000] {local_task_job_runner.py:266} INFO - Task exited with return code 0
[2026-04-15T11:35:49.100+0000] {taskinstance.py:3901} INFO - 0 downstream tasks scheduled from follow-on schedule check
[2026-04-15T11:35:49.104+0000] {local_task_job_runner.py:245} INFO - ::endgroup::
[2026-04-15T15:25:02.765+0000] {local_task_job_runner.py:123} INFO - ::group::Pre task execution logs
[2026-04-15T15:25:02.800+0000] {taskinstance.py:2614} INFO - Dependencies all met for dep_context=non-requeueable deps ti=<TaskInstance: kafka_producer.execute_update_layers scheduled__2026-04-13T18:30:00+00:00 [queued]>
[2026-04-15T15:25:02.813+0000] {taskinstance.py:2614} INFO - Dependencies all met for dep_context=requeueable deps ti=<TaskInstance: kafka_producer.execute_update_layers scheduled__2026-04-13T18:30:00+00:00 [queued]>
[2026-04-15T15:25:02.814+0000] {taskinstance.py:2867} INFO - Starting attempt 1 of 1
[2026-04-15T15:25:02.834+0000] {taskinstance.py:2890} INFO - Executing <Task(TriggerDagRunOperator): execute_update_layers> on 2026-04-13 18:30:00+00:00
[2026-04-15T15:25:02.841+0000] {warnings.py:112} WARNING - /home/***/.local/lib/python3.12/site-packages/***/task/task_runner/standard_task_runner.py:70: DeprecationWarning: This process (pid=54) is multi-threaded, use of fork() may lead to deadlocks in the child.
  pid = os.fork()

[2026-04-15T15:25:02.844+0000] {standard_task_runner.py:72} INFO - Started process 55 to run task
[2026-04-15T15:25:02.845+0000] {standard_task_runner.py:104} INFO - Running: ['***', 'tasks', 'run', 'kafka_producer', 'execute_update_layers', 'scheduled__2026-04-13T18:30:00+00:00', '--job-id', '3', '--raw', '--subdir', 'DAGS_FOLDER/kafka_load.py', '--cfg-path', '/tmp/tmpx8y99aus']
[2026-04-15T15:25:02.846+0000] {standard_task_runner.py:105} INFO - Job 3: Subtask execute_update_layers
[2026-04-15T15:25:02.924+0000] {task_command.py:467} INFO - Running <TaskInstance: kafka_producer.execute_update_layers scheduled__2026-04-13T18:30:00+00:00 [running]> on host c78d555ea858
[2026-04-15T15:25:03.033+0000] {taskinstance.py:3134} INFO - Exporting env vars: AIRFLOW_CTX_DAG_OWNER='***' AIRFLOW_CTX_DAG_ID='kafka_producer' AIRFLOW_CTX_TASK_ID='execute_update_layers' AIRFLOW_CTX_EXECUTION_DATE='2026-04-13T18:30:00+00:00' AIRFLOW_CTX_TRY_NUMBER='1' AIRFLOW_CTX_DAG_RUN_ID='scheduled__2026-04-13T18:30:00+00:00'
[2026-04-15T15:25:03.035+0000] {taskinstance.py:732} INFO - ::endgroup::
[2026-04-15T15:25:07.084+0000] {warnings.py:112} WARNING - /home/***/.local/lib/python3.12/site-packages/azure/synapse/artifacts/models/_models_py3.py:175: SyntaxWarning: invalid escape sequence '\d'
  """Execution policy for an activity.

[2026-04-15T15:25:07.085+0000] {warnings.py:112} WARNING - /home/***/.local/lib/python3.12/site-packages/azure/synapse/artifacts/models/_models_py3.py:222: SyntaxWarning: invalid escape sequence '\d'
  """

[2026-04-15T15:25:07.088+0000] {warnings.py:112} WARNING - /home/***/.local/lib/python3.12/site-packages/azure/synapse/artifacts/models/_models_py3.py:1151: SyntaxWarning: invalid escape sequence '\d'
  """A copy activity source.

[2026-04-15T15:25:07.089+0000] {warnings.py:112} WARNING - /home/***/.local/lib/python3.12/site-packages/azure/synapse/artifacts/models/_models_py3.py:1248: SyntaxWarning: invalid escape sequence '\d'
  """

[2026-04-15T15:25:07.090+0000] {warnings.py:112} WARNING - /home/***/.local/lib/python3.12/site-packages/azure/synapse/artifacts/models/_models_py3.py:1271: SyntaxWarning: invalid escape sequence '\d'
  """Copy activity sources of tabular type.

[2026-04-15T15:25:07.091+0000] {warnings.py:112} WARNING - /home/***/.local/lib/python3.12/site-packages/azure/synapse/artifacts/models/_models_py3.py:1406: SyntaxWarning: invalid escape sequence '\d'
  """

[2026-04-15T15:25:07.091+0000] {warnings.py:112} WARNING - /home/***/.local/lib/python3.12/site-packages/azure/synapse/artifacts/models/_models_py3.py:1439: SyntaxWarning: invalid escape sequence '\d'
  """A copy activity Amazon Marketplace Web Service source.

[2026-04-15T15:25:07.092+0000] {warnings.py:112} WARNING - /home/***/.local/lib/python3.12/site-packages/azure/synapse/artifacts/models/_models_py3.py:1495: SyntaxWarning: invalid escape sequence '\d'
  """

[2026-04-15T15:25:07.093+0000] {warnings.py:112} WARNING - /home/***/.local/lib/python3.12/site-packages/azure/synapse/artifacts/models/_models_py3.py:1683: SyntaxWarning: invalid escape sequence '\d'
  """A copy activity AmazonRdsForOracle source.

[2026-04-15T15:25:07.094+0000] {warnings.py:112} WARNING - /home/***/.local/lib/python3.12/site-packages/azure/synapse/artifacts/models/_models_py3.py:1750: SyntaxWarning: invalid escape sequence '\d'
  """

[2026-04-15T15:25:07.095+0000] {warnings.py:112} WARNING - /home/***/.local/lib/python3.12/site-packages/azure/synapse/artifacts/models/_models_py3.py:2025: SyntaxWarning: invalid escape sequence '\d'
  """A copy activity Amazon RDS for SQL Server source.

[2026-04-15T15:25:07.096+0000] {warnings.py:112} WARNING - /home/***/.local/lib/python3.12/site-packages/azure/synapse/artifacts/models/_models_py3.py:2110: SyntaxWarning: invalid escape sequence '\d'
  """

[2026-04-15T15:25:07.097+0000] {warnings.py:112} WARNING - /home/***/.local/lib/python3.12/site-packages/azure/synapse/artifacts/models/_models_py3.py:2407: SyntaxWarning: invalid escape sequence '\d'
  """A copy activity source for Amazon Redshift Source.

[2026-04-15T15:25:07.099+0000] {warnings.py:112} WARNING - /home/***/.local/lib/python3.12/site-packages/azure/synapse/artifacts/models/_models_py3.py:2468: SyntaxWarning: invalid escape sequence '\d'
  """

[2026-04-15T15:25:07.104+0000] {warnings.py:112} WARNING - /home/***/.local/lib/python3.12/site-packages/azure/synapse/artifacts/models/_models_py3.py:3987: SyntaxWarning: invalid escape sequence '\d'
  """A copy activity sink.

[2026-04-15T15:25:07.105+0000] {warnings.py:112} WARNING - /home/***/.local/lib/python3.12/site-packages/azure/synapse/artifacts/models/_models_py3.py:4096: SyntaxWarning: invalid escape sequence '\d'
  """

[2026-04-15T15:25:07.105+0000] {warnings.py:112} WARNING - /home/***/.local/lib/python3.12/site-packages/azure/synapse/artifacts/models/_models_py3.py:4127: SyntaxWarning: invalid escape sequence '\d'
  """A copy activity Avro sink.

[2026-04-15T15:25:07.106+0000] {warnings.py:112} WARNING - /home/***/.local/lib/python3.12/site-packages/azure/synapse/artifacts/models/_models_py3.py:4186: SyntaxWarning: invalid escape sequence '\d'
  """

[2026-04-15T15:25:07.107+0000] {warnings.py:112} WARNING - /home/***/.local/lib/python3.12/site-packages/azure/synapse/artifacts/models/_models_py3.py:4225: SyntaxWarning: invalid escape sequence '\d'
  """A copy activity Avro source.

[2026-04-15T15:25:07.107+0000] {warnings.py:112} WARNING - /home/***/.local/lib/python3.12/site-packages/azure/synapse/artifacts/models/_models_py3.py:4275: SyntaxWarning: invalid escape sequence '\d'
  """

[2026-04-15T15:25:07.109+0000] {warnings.py:112} WARNING - /home/***/.local/lib/python3.12/site-packages/azure/synapse/artifacts/models/_models_py3.py:5209: SyntaxWarning: invalid escape sequence '\d'
  """A copy activity Azure Data Lake Storage Gen2 sink.

[2026-04-15T15:25:07.112+0000] {warnings.py:112} WARNING - /home/***/.local/lib/python3.12/site-packages/azure/synapse/artifacts/models/_models_py3.py:5265: SyntaxWarning: invalid escape sequence '\d'
  """

[2026-04-15T15:25:07.112+0000] {warnings.py:112} WARNING - /home/***/.local/lib/python3.12/site-packages/azure/synapse/artifacts/models/_models_py3.py:5302: SyntaxWarning: invalid escape sequence '\d'
  """A copy activity Azure BlobFS source.

[2026-04-15T15:25:07.116+0000] {warnings.py:112} WARNING - /home/***/.local/lib/python3.12/site-packages/azure/synapse/artifacts/models/_models_py3.py:5358: SyntaxWarning: invalid escape sequence '\d'
  """

[2026-04-15T15:25:07.119+0000] {warnings.py:112} WARNING - /home/***/.local/lib/python3.12/site-packages/azure/synapse/artifacts/models/_models_py3.py:6437: SyntaxWarning: invalid escape sequence '\d'
  """A copy activity Azure Databricks Delta Lake sink.

[2026-04-15T15:25:07.120+0000] {warnings.py:112} WARNING - /home/***/.local/lib/python3.12/site-packages/azure/synapse/artifacts/models/_models_py3.py:6497: SyntaxWarning: invalid escape sequence '\d'
  """

[2026-04-15T15:25:07.120+0000] {warnings.py:112} WARNING - /home/***/.local/lib/python3.12/site-packages/azure/synapse/artifacts/models/_models_py3.py:6538: SyntaxWarning: invalid escape sequence '\d'
  """A copy activity Azure Databricks Delta Lake source.

[2026-04-15T15:25:07.121+0000] {warnings.py:112} WARNING - /home/***/.local/lib/python3.12/site-packages/azure/synapse/artifacts/models/_models_py3.py:6588: SyntaxWarning: invalid escape sequence '\d'
  """

[2026-04-15T15:25:07.122+0000] {warnings.py:112} WARNING - /home/***/.local/lib/python3.12/site-packages/azure/synapse/artifacts/models/_models_py3.py:7023: SyntaxWarning: invalid escape sequence '\d'
  """Azure Data Explorer command activity.

[2026-04-15T15:25:07.123+0000] {warnings.py:112} WARNING - /home/***/.local/lib/python3.12/site-packages/azure/synapse/artifacts/models/_models_py3.py:7096: SyntaxWarning: invalid escape sequence '\d'
  """

[2026-04-15T15:25:07.124+0000] {warnings.py:112} WARNING - /home/***/.local/lib/python3.12/site-packages/azure/synapse/artifacts/models/_models_py3.py:7267: SyntaxWarning: invalid escape sequence '\d'
  """A copy activity Azure Data Explorer sink.

[2026-04-15T15:25:07.125+0000] {warnings.py:112} WARNING - /home/***/.local/lib/python3.12/site-packages/azure/synapse/artifacts/models/_models_py3.py:7333: SyntaxWarning: invalid escape sequence '\d'
  """

[2026-04-15T15:25:07.125+0000] {warnings.py:112} WARNING - /home/***/.local/lib/python3.12/site-packages/azure/synapse/artifacts/models/_models_py3.py:7378: SyntaxWarning: invalid escape sequence '\d'
  """A copy activity Azure Data Explorer (Kusto) source.

[2026-04-15T15:25:07.126+0000] {warnings.py:112} WARNING - /home/***/.local/lib/python3.12/site-packages/azure/synapse/artifacts/models/_models_py3.py:7440: SyntaxWarning: invalid escape sequence '\d'
  """

[2026-04-15T15:25:07.128+0000] {warnings.py:112} WARNING - /home/***/.local/lib/python3.12/site-packages/azure/synapse/artifacts/models/_models_py3.py:8222: SyntaxWarning: invalid escape sequence '\d'
  """A copy activity Azure Data Lake Store sink.

[2026-04-15T15:25:07.129+0000] {warnings.py:112} WARNING - /home/***/.local/lib/python3.12/site-packages/azure/synapse/artifacts/models/_models_py3.py:8282: SyntaxWarning: invalid escape sequence '\d'
  """

[2026-04-15T15:25:07.129+0000] {warnings.py:112} WARNING - /home/***/.local/lib/python3.12/site-packages/azure/synapse/artifacts/models/_models_py3.py:8322: SyntaxWarning: invalid escape sequence '\d'
  """A copy activity Azure Data Lake source.

[2026-04-15T15:25:07.130+0000] {warnings.py:112} WARNING - /home/***/.local/lib/python3.12/site-packages/azure/synapse/artifacts/models/_models_py3.py:8368: SyntaxWarning: invalid escape sequence '\d'
  """

[2026-04-15T15:25:07.134+0000] {warnings.py:112} WARNING - /home/***/.local/lib/python3.12/site-packages/azure/synapse/artifacts/models/_models_py3.py:9475: SyntaxWarning: invalid escape sequence '\d'
  """A copy activity Azure MariaDB source.

[2026-04-15T15:25:07.135+0000] {warnings.py:112} WARNING - /home/***/.local/lib/python3.12/site-packages/azure/synapse/artifacts/models/_models_py3.py:9531: SyntaxWarning: invalid escape sequence '\d'
  """

[2026-04-15T15:25:07.137+0000] {warnings.py:112} WARNING - /home/***/.local/lib/python3.12/site-packages/azure/synapse/artifacts/models/_models_py3.py:10532: SyntaxWarning: invalid escape sequence '\d'
  """A copy activity Azure MySql sink.

[2026-04-15T15:25:07.138+0000] {warnings.py:112} WARNING - /home/***/.local/lib/python3.12/site-packages/azure/synapse/artifacts/models/_models_py3.py:10588: SyntaxWarning: invalid escape sequence '\d'
  """

[2026-04-15T15:25:07.138+0000] {warnings.py:112} WARNING - /home/***/.local/lib/python3.12/site-packages/azure/synapse/artifacts/models/_models_py3.py:10625: SyntaxWarning: invalid escape sequence '\d'
  """A copy activity Azure MySQL source.

[2026-04-15T15:25:07.139+0000] {warnings.py:112} WARNING - /home/***/.local/lib/python3.12/site-packages/azure/synapse/artifacts/models/_models_py3.py:10680: SyntaxWarning: invalid escape sequence '\d'
  """

[2026-04-15T15:25:07.143+0000] {warnings.py:112} WARNING - /home/***/.local/lib/python3.12/site-packages/azure/synapse/artifacts/models/_models_py3.py:10923: SyntaxWarning: invalid escape sequence '\d'
  """A copy activity Azure PostgreSQL sink.

[2026-04-15T15:25:07.145+0000] {warnings.py:112} WARNING - /home/***/.local/lib/python3.12/site-packages/azure/synapse/artifacts/models/_models_py3.py:10979: SyntaxWarning: invalid escape sequence '\d'
  """

[2026-04-15T15:25:07.146+0000] {warnings.py:112} WARNING - /home/***/.local/lib/python3.12/site-packages/azure/synapse/artifacts/models/_models_py3.py:11016: SyntaxWarning: invalid escape sequence '\d'
  """A copy activity Azure PostgreSQL source.

[2026-04-15T15:25:07.150+0000] {warnings.py:112} WARNING - /home/***/.local/lib/python3.12/site-packages/azure/synapse/artifacts/models/_models_py3.py:11072: SyntaxWarning: invalid escape sequence '\d'
  """

[2026-04-15T15:25:07.151+0000] {warnings.py:112} WARNING - /home/***/.local/lib/python3.12/site-packages/azure/synapse/artifacts/models/_models_py3.py:11231: SyntaxWarning: invalid escape sequence '\d'
  """A copy activity Azure Queue sink.

[2026-04-15T15:25:07.152+0000] {warnings.py:112} WARNING - /home/***/.local/lib/python3.12/site-packages/azure/synapse/artifacts/models/_models_py3.py:11282: SyntaxWarning: invalid escape sequence '\d'
  """

[2026-04-15T15:25:07.153+0000] {warnings.py:112} WARNING - /home/***/.local/lib/python3.12/site-packages/azure/synapse/artifacts/models/_models_py3.py:11420: SyntaxWarning: invalid escape sequence '\d'
  """A copy activity Azure Search Index sink.

[2026-04-15T15:25:07.154+0000] {warnings.py:112} WARNING - /home/***/.local/lib/python3.12/site-packages/azure/synapse/artifacts/models/_models_py3.py:11477: SyntaxWarning: invalid escape sequence '\d'
  """

[2026-04-15T15:25:07.156+0000] {warnings.py:112} WARNING - /home/***/.local/lib/python3.12/site-packages/azure/synapse/artifacts/models/_models_py3.py:12300: SyntaxWarning: invalid escape sequence '\d'
  """A copy activity Azure SQL sink.

[2026-04-15T15:25:07.157+0000] {warnings.py:112} WARNING - /home/***/.local/lib/python3.12/site-packages/azure/synapse/artifacts/models/_models_py3.py:12383: SyntaxWarning: invalid escape sequence '\d'
  """

[2026-04-15T15:25:07.158+0000] {warnings.py:112} WARNING - /home/***/.local/lib/python3.12/site-packages/azure/synapse/artifacts/models/_models_py3.py:12439: SyntaxWarning: invalid escape sequence '\d'
  """A copy activity Azure SQL source.

[2026-04-15T15:25:07.159+0000] {warnings.py:112} WARNING - /home/***/.local/lib/python3.12/site-packages/azure/synapse/artifacts/models/_models_py3.py:12524: SyntaxWarning: invalid escape sequence '\d'
  """

[2026-04-15T15:25:07.161+0000] {warnings.py:112} WARNING - /home/***/.local/lib/python3.12/site-packages/azure/synapse/artifacts/models/_models_py3.py:13019: SyntaxWarning: invalid escape sequence '\d'
  """A copy activity Azure Table sink.

[2026-04-15T15:25:07.162+0000] {warnings.py:112} WARNING - /home/***/.local/lib/python3.12/site-packages/azure/synapse/artifacts/models/_models_py3.py:13090: SyntaxWarning: invalid escape sequence '\d'
  """

[2026-04-15T15:25:07.163+0000] {warnings.py:112} WARNING - /home/***/.local/lib/python3.12/site-packages/azure/synapse/artifacts/models/_models_py3.py:13139: SyntaxWarning: invalid escape sequence '\d'
  """A copy activity Azure Table source.

[2026-04-15T15:25:07.168+0000] {warnings.py:112} WARNING - /home/***/.local/lib/python3.12/site-packages/azure/synapse/artifacts/models/_models_py3.py:13200: SyntaxWarning: invalid escape sequence '\d'
  """

[2026-04-15T15:25:07.172+0000] {warnings.py:112} WARNING - /home/***/.local/lib/python3.12/site-packages/azure/synapse/artifacts/models/_models_py3.py:13886: SyntaxWarning: invalid escape sequence '\d'
  """A copy activity Binary sink.

[2026-04-15T15:25:07.173+0000] {warnings.py:112} WARNING - /home/***/.local/lib/python3.12/site-packages/azure/synapse/artifacts/models/_models_py3.py:13941: SyntaxWarning: invalid escape sequence '\d'
  """

[2026-04-15T15:25:07.175+0000] {warnings.py:112} WARNING - /home/***/.local/lib/python3.12/site-packages/azure/synapse/artifacts/models/_models_py3.py:13977: SyntaxWarning: invalid escape sequence '\d'
  """A copy activity Binary source.

[2026-04-15T15:25:07.177+0000] {warnings.py:112} WARNING - /home/***/.local/lib/python3.12/site-packages/azure/synapse/artifacts/models/_models_py3.py:14026: SyntaxWarning: invalid escape sequence '\d'
  """

[2026-04-15T15:25:07.183+0000] {warnings.py:112} WARNING - /home/***/.local/lib/python3.12/site-packages/azure/synapse/artifacts/models/_models_py3.py:14318: SyntaxWarning: invalid escape sequence '\d'
  """A copy activity Azure Blob sink.

[2026-04-15T15:25:07.185+0000] {warnings.py:112} WARNING - /home/***/.local/lib/python3.12/site-packages/azure/synapse/artifacts/models/_models_py3.py:14388: SyntaxWarning: invalid escape sequence '\d'
  """

[2026-04-15T15:25:07.185+0000] {warnings.py:112} WARNING - /home/***/.local/lib/python3.12/site-packages/azure/synapse/artifacts/models/_models_py3.py:14436: SyntaxWarning: invalid escape sequence '\d'
  """A copy activity Azure Blob source.

[2026-04-15T15:25:07.187+0000] {warnings.py:112} WARNING - /home/***/.local/lib/python3.12/site-packages/azure/synapse/artifacts/models/_models_py3.py:14492: SyntaxWarning: invalid escape sequence '\d'
  """

[2026-04-15T15:25:07.188+0000] {warnings.py:112} WARNING - /home/***/.local/lib/python3.12/site-packages/azure/synapse/artifacts/models/_models_py3.py:14744: SyntaxWarning: invalid escape sequence '\d'
  """A copy activity source for a Cassandra database.

[2026-04-15T15:25:07.188+0000] {warnings.py:112} WARNING - /home/***/.local/lib/python3.12/site-packages/azure/synapse/artifacts/models/_models_py3.py:14810: SyntaxWarning: invalid escape sequence '\d'
  """

[2026-04-15T15:25:07.192+0000] {warnings.py:112} WARNING - /home/***/.local/lib/python3.12/site-packages/azure/synapse/artifacts/models/_models_py3.py:15415: SyntaxWarning: invalid escape sequence '\d'
  """A copy activity Common Data Service for Apps sink.

[2026-04-15T15:25:07.194+0000] {warnings.py:112} WARNING - /home/***/.local/lib/python3.12/site-packages/azure/synapse/artifacts/models/_models_py3.py:15482: SyntaxWarning: invalid escape sequence '\d'
  """

[2026-04-15T15:25:07.195+0000] {warnings.py:112} WARNING - /home/***/.local/lib/python3.12/site-packages/azure/synapse/artifacts/models/_models_py3.py:15527: SyntaxWarning: invalid escape sequence '\d'
  """A copy activity Common Data Service for Apps source.

[2026-04-15T15:25:07.196+0000] {warnings.py:112} WARNING - /home/***/.local/lib/python3.12/site-packages/azure/synapse/artifacts/models/_models_py3.py:15578: SyntaxWarning: invalid escape sequence '\d'
  """

[2026-04-15T15:25:07.200+0000] {warnings.py:112} WARNING - /home/***/.local/lib/python3.12/site-packages/azure/synapse/artifacts/models/_models_py3.py:15897: SyntaxWarning: invalid escape sequence '\d'
  """A copy activity Concur Service source.

[2026-04-15T15:25:07.201+0000] {warnings.py:112} WARNING - /home/***/.local/lib/python3.12/site-packages/azure/synapse/artifacts/models/_models_py3.py:15953: SyntaxWarning: invalid escape sequence '\d'
  """

[2026-04-15T15:25:07.203+0000] {warnings.py:112} WARNING - /home/***/.local/lib/python3.12/site-packages/azure/synapse/artifacts/models/_models_py3.py:16617: SyntaxWarning: invalid escape sequence '\d'
  """A copy activity sink for a CosmosDB (MongoDB API) database.

[2026-04-15T15:25:07.204+0000] {warnings.py:112} WARNING - /home/***/.local/lib/python3.12/site-packages/azure/synapse/artifacts/models/_models_py3.py:16674: SyntaxWarning: invalid escape sequence '\d'
  """

[2026-04-15T15:25:07.204+0000] {warnings.py:112} WARNING - /home/***/.local/lib/python3.12/site-packages/azure/synapse/artifacts/models/_models_py3.py:16712: SyntaxWarning: invalid escape sequence '\d'
  """A copy activity source for a CosmosDB (MongoDB API) database.

[2026-04-15T15:25:07.205+0000] {warnings.py:112} WARNING - /home/***/.local/lib/python3.12/site-packages/azure/synapse/artifacts/models/_models_py3.py:16780: SyntaxWarning: invalid escape sequence '\d'
  """

[2026-04-15T15:25:07.206+0000] {warnings.py:112} WARNING - /home/***/.local/lib/python3.12/site-packages/azure/synapse/artifacts/models/_models_py3.py:16932: SyntaxWarning: invalid escape sequence '\d'
  """A copy activity Azure CosmosDB (SQL API) Collection sink.

[2026-04-15T15:25:07.207+0000] {warnings.py:112} WARNING - /home/***/.local/lib/python3.12/site-packages/azure/synapse/artifacts/models/_models_py3.py:16988: SyntaxWarning: invalid escape sequence '\d'
  """

[2026-04-15T15:25:07.207+0000] {warnings.py:112} WARNING - /home/***/.local/lib/python3.12/site-packages/azure/synapse/artifacts/models/_models_py3.py:17025: SyntaxWarning: invalid escape sequence '\d'
  """A copy activity Azure CosmosDB (SQL API) Collection source.

[2026-04-15T15:25:07.208+0000] {warnings.py:112} WARNING - /home/***/.local/lib/python3.12/site-packages/azure/synapse/artifacts/models/_models_py3.py:17090: SyntaxWarning: invalid escape sequence '\d'
  """

[2026-04-15T15:25:07.209+0000] {warnings.py:112} WARNING - /home/***/.local/lib/python3.12/site-packages/azure/synapse/artifacts/models/_models_py3.py:17228: SyntaxWarning: invalid escape sequence '\d'
  """A copy activity Couchbase server source.

[2026-04-15T15:25:07.210+0000] {warnings.py:112} WARNING - /home/***/.local/lib/python3.12/site-packages/azure/synapse/artifacts/models/_models_py3.py:17284: SyntaxWarning: invalid escape sequence '\d'
  """

[2026-04-15T15:25:07.220+0000] {warnings.py:112} WARNING - /home/***/.local/lib/python3.12/site-packages/azure/synapse/artifacts/models/_models_py3.py:20234: SyntaxWarning: invalid escape sequence '\d'
  """A copy activity source for Db2 databases.

[2026-04-15T15:25:07.221+0000] {warnings.py:112} WARNING - /home/***/.local/lib/python3.12/site-packages/azure/synapse/artifacts/models/_models_py3.py:20289: SyntaxWarning: invalid escape sequence '\d'
  """

[2026-04-15T15:25:07.222+0000] {warnings.py:112} WARNING - /home/***/.local/lib/python3.12/site-packages/azure/synapse/artifacts/models/_models_py3.py:20862: SyntaxWarning: invalid escape sequence '\d'
  """A copy activity DelimitedText sink.

[2026-04-15T15:25:07.223+0000] {warnings.py:112} WARNING - /home/***/.local/lib/python3.12/site-packages/azure/synapse/artifacts/models/_models_py3.py:20921: SyntaxWarning: invalid escape sequence '\d'
  """

[2026-04-15T15:25:07.224+0000] {warnings.py:112} WARNING - /home/***/.local/lib/python3.12/site-packages/azure/synapse/artifacts/models/_models_py3.py:20960: SyntaxWarning: invalid escape sequence '\d'
  """A copy activity DelimitedText source.

[2026-04-15T15:25:07.225+0000] {warnings.py:112} WARNING - /home/***/.local/lib/python3.12/site-packages/azure/synapse/artifacts/models/_models_py3.py:21014: SyntaxWarning: invalid escape sequence '\d'
  """

[2026-04-15T15:25:07.240+0000] {warnings.py:112} WARNING - /home/***/.local/lib/python3.12/site-packages/azure/synapse/artifacts/models/_models_py3.py:21316: SyntaxWarning: invalid escape sequence '\d'
  """A copy activity Document Database Collection sink.

[2026-04-15T15:25:07.242+0000] {warnings.py:112} WARNING - /home/***/.local/lib/python3.12/site-packages/azure/synapse/artifacts/models/_models_py3.py:21377: SyntaxWarning: invalid escape sequence '\d'
  """

[2026-04-15T15:25:07.243+0000] {warnings.py:112} WARNING - /home/***/.local/lib/python3.12/site-packages/azure/synapse/artifacts/models/_models_py3.py:21418: SyntaxWarning: invalid escape sequence '\d'
  """A copy activity Document Database Collection source.

[2026-04-15T15:25:07.245+0000] {warnings.py:112} WARNING - /home/***/.local/lib/python3.12/site-packages/azure/synapse/artifacts/models/_models_py3.py:21478: SyntaxWarning: invalid escape sequence '\d'
  """

[2026-04-15T15:25:07.250+0000] {warnings.py:112} WARNING - /home/***/.local/lib/python3.12/site-packages/azure/synapse/artifacts/models/_models_py3.py:21612: SyntaxWarning: invalid escape sequence '\d'
  """A copy activity Drill server source.

[2026-04-15T15:25:07.251+0000] {warnings.py:112} WARNING - /home/***/.local/lib/python3.12/site-packages/azure/synapse/artifacts/models/_models_py3.py:21668: SyntaxWarning: invalid escape sequence '\d'
  """

[2026-04-15T15:25:07.256+0000] {warnings.py:112} WARNING - /home/***/.local/lib/python3.12/site-packages/azure/synapse/artifacts/models/_models_py3.py:22155: SyntaxWarning: invalid escape sequence '\d'
  """A copy activity Dynamics AX source.

[2026-04-15T15:25:07.257+0000] {warnings.py:112} WARNING - /home/***/.local/lib/python3.12/site-packages/azure/synapse/artifacts/models/_models_py3.py:22218: SyntaxWarning: invalid escape sequence '\d'
  """

[2026-04-15T15:25:07.259+0000] {warnings.py:112} WARNING - /home/***/.local/lib/python3.12/site-packages/azure/synapse/artifacts/models/_models_py3.py:22559: SyntaxWarning: invalid escape sequence '\d'
  """A copy activity Dynamics CRM sink.

[2026-04-15T15:25:07.260+0000] {warnings.py:112} WARNING - /home/***/.local/lib/python3.12/site-packages/azure/synapse/artifacts/models/_models_py3.py:22626: SyntaxWarning: invalid escape sequence '\d'
  """

[2026-04-15T15:25:07.261+0000] {warnings.py:112} WARNING - /home/***/.local/lib/python3.12/site-packages/azure/synapse/artifacts/models/_models_py3.py:22671: SyntaxWarning: invalid escape sequence '\d'
  """A copy activity Dynamics CRM source.

[2026-04-15T15:25:07.262+0000] {warnings.py:112} WARNING - /home/***/.local/lib/python3.12/site-packages/azure/synapse/artifacts/models/_models_py3.py:22722: SyntaxWarning: invalid escape sequence '\d'
  """

[2026-04-15T15:25:07.263+0000] {warnings.py:112} WARNING - /home/***/.local/lib/python3.12/site-packages/azure/synapse/artifacts/models/_models_py3.py:23061: SyntaxWarning: invalid escape sequence '\d'
  """A copy activity Dynamics sink.

[2026-04-15T15:25:07.265+0000] {warnings.py:112} WARNING - /home/***/.local/lib/python3.12/site-packages/azure/synapse/artifacts/models/_models_py3.py:23128: SyntaxWarning: invalid escape sequence '\d'
  """

[2026-04-15T15:25:07.266+0000] {warnings.py:112} WARNING - /home/***/.local/lib/python3.12/site-packages/azure/synapse/artifacts/models/_models_py3.py:23173: SyntaxWarning: invalid escape sequence '\d'
  """A copy activity Dynamics source.

[2026-04-15T15:25:07.267+0000] {warnings.py:112} WARNING - /home/***/.local/lib/python3.12/site-packages/azure/synapse/artifacts/models/_models_py3.py:23224: SyntaxWarning: invalid escape sequence '\d'
  """

[2026-04-15T15:25:07.269+0000] {warnings.py:112} WARNING - /home/***/.local/lib/python3.12/site-packages/azure/synapse/artifacts/models/_models_py3.py:23511: SyntaxWarning: invalid escape sequence '\d'
  """A copy activity Eloqua server source.

[2026-04-15T15:25:07.271+0000] {warnings.py:112} WARNING - /home/***/.local/lib/python3.12/site-packages/azure/synapse/artifacts/models/_models_py3.py:23567: SyntaxWarning: invalid escape sequence '\d'
  """

[2026-04-15T15:25:07.274+0000] {warnings.py:112} WARNING - /home/***/.local/lib/python3.12/site-packages/azure/synapse/artifacts/models/_models_py3.py:23968: SyntaxWarning: invalid escape sequence '\d'
  """A copy activity excel source.

[2026-04-15T15:25:07.275+0000] {warnings.py:112} WARNING - /home/***/.local/lib/python3.12/site-packages/azure/synapse/artifacts/models/_models_py3.py:24018: SyntaxWarning: invalid escape sequence '\d'
  """

[2026-04-15T15:25:07.279+0000] {warnings.py:112} WARNING - /home/***/.local/lib/python3.12/site-packages/azure/synapse/artifacts/models/_models_py3.py:25343: SyntaxWarning: invalid escape sequence '\d'
  """A copy activity file system sink.

[2026-04-15T15:25:07.283+0000] {warnings.py:112} WARNING - /home/***/.local/lib/python3.12/site-packages/azure/synapse/artifacts/models/_models_py3.py:25398: SyntaxWarning: invalid escape sequence '\d'
  """

[2026-04-15T15:25:07.284+0000] {warnings.py:112} WARNING - /home/***/.local/lib/python3.12/site-packages/azure/synapse/artifacts/models/_models_py3.py:25434: SyntaxWarning: invalid escape sequence '\d'
  """A copy activity file system source.

[2026-04-15T15:25:07.285+0000] {warnings.py:112} WARNING - /home/***/.local/lib/python3.12/site-packages/azure/synapse/artifacts/models/_models_py3.py:25485: SyntaxWarning: invalid escape sequence '\d'
  """

[2026-04-15T15:25:07.289+0000] {warnings.py:112} WARNING - /home/***/.local/lib/python3.12/site-packages/azure/synapse/artifacts/models/_models_py3.py:26723: SyntaxWarning: invalid escape sequence '\d'
  """A copy activity Google AdWords service source.

[2026-04-15T15:25:07.290+0000] {warnings.py:112} WARNING - /home/***/.local/lib/python3.12/site-packages/azure/synapse/artifacts/models/_models_py3.py:26779: SyntaxWarning: invalid escape sequence '\d'
  """

[2026-04-15T15:25:07.291+0000] {warnings.py:112} WARNING - /home/***/.local/lib/python3.12/site-packages/azure/synapse/artifacts/models/_models_py3.py:27121: SyntaxWarning: invalid escape sequence '\d'
  """A copy activity Google BigQuery service source.

[2026-04-15T15:25:07.292+0000] {warnings.py:112} WARNING - /home/***/.local/lib/python3.12/site-packages/azure/synapse/artifacts/models/_models_py3.py:27177: SyntaxWarning: invalid escape sequence '\d'
  """

[2026-04-15T15:25:07.293+0000] {warnings.py:112} WARNING - /home/***/.local/lib/python3.12/site-packages/azure/synapse/artifacts/models/_models_py3.py:27461: SyntaxWarning: invalid escape sequence '\d'
  """A copy activity Google BigQuery service source.

[2026-04-15T15:25:07.294+0000] {warnings.py:112} WARNING - /home/***/.local/lib/python3.12/site-packages/azure/synapse/artifacts/models/_models_py3.py:27517: SyntaxWarning: invalid escape sequence '\d'
  """

[2026-04-15T15:25:07.296+0000] {warnings.py:112} WARNING - /home/***/.local/lib/python3.12/site-packages/azure/synapse/artifacts/models/_models_py3.py:28053: SyntaxWarning: invalid escape sequence '\d'
  """A copy activity Greenplum Database source.

[2026-04-15T15:25:07.300+0000] {warnings.py:112} WARNING - /home/***/.local/lib/python3.12/site-packages/azure/synapse/artifacts/models/_models_py3.py:28109: SyntaxWarning: invalid escape sequence '\d'
  """

[2026-04-15T15:25:07.302+0000] {warnings.py:112} WARNING - /home/***/.local/lib/python3.12/site-packages/azure/synapse/artifacts/models/_models_py3.py:28536: SyntaxWarning: invalid escape sequence '\d'
  """A copy activity HBase server source.

[2026-04-15T15:25:07.303+0000] {warnings.py:112} WARNING - /home/***/.local/lib/python3.12/site-packages/azure/synapse/artifacts/models/_models_py3.py:28592: SyntaxWarning: invalid escape sequence '\d'
  """

[2026-04-15T15:25:07.304+0000] {warnings.py:112} WARNING - /home/***/.local/lib/python3.12/site-packages/azure/synapse/artifacts/models/_models_py3.py:28932: SyntaxWarning: invalid escape sequence '\d'
  """A copy activity HDFS source.

[2026-04-15T15:25:07.305+0000] {warnings.py:112} WARNING - /home/***/.local/lib/python3.12/site-packages/azure/synapse/artifacts/models/_models_py3.py:28982: SyntaxWarning: invalid escape sequence '\d'
  """

[2026-04-15T15:25:07.310+0000] {warnings.py:112} WARNING - /home/***/.local/lib/python3.12/site-packages/azure/synapse/artifacts/models/_models_py3.py:30727: SyntaxWarning: invalid escape sequence '\d'
  """A copy activity Hive Server source.

[2026-04-15T15:25:07.311+0000] {warnings.py:112} WARNING - /home/***/.local/lib/python3.12/site-packages/azure/synapse/artifacts/models/_models_py3.py:30783: SyntaxWarning: invalid escape sequence '\d'
  """

[2026-04-15T15:25:07.313+0000] {warnings.py:112} WARNING - /home/***/.local/lib/python3.12/site-packages/azure/synapse/artifacts/models/_models_py3.py:31296: SyntaxWarning: invalid escape sequence '\d'
  """A copy activity source for an HTTP file.

[2026-04-15T15:25:07.317+0000] {warnings.py:112} WARNING - /home/***/.local/lib/python3.12/site-packages/azure/synapse/artifacts/models/_models_py3.py:31344: SyntaxWarning: invalid escape sequence '\d'
  """

[2026-04-15T15:25:07.320+0000] {warnings.py:112} WARNING - /home/***/.local/lib/python3.12/site-packages/azure/synapse/artifacts/models/_models_py3.py:31617: SyntaxWarning: invalid escape sequence '\d'
  """A copy activity Hubspot Service source.

[2026-04-15T15:25:07.325+0000] {warnings.py:112} WARNING - /home/***/.local/lib/python3.12/site-packages/azure/synapse/artifacts/models/_models_py3.py:31673: SyntaxWarning: invalid escape sequence '\d'
  """

[2026-04-15T15:25:07.327+0000] {warnings.py:112} WARNING - /home/***/.local/lib/python3.12/site-packages/azure/synapse/artifacts/models/_models_py3.py:32120: SyntaxWarning: invalid escape sequence '\d'
  """A copy activity Impala server source.

[2026-04-15T15:25:07.328+0000] {warnings.py:112} WARNING - /home/***/.local/lib/python3.12/site-packages/azure/synapse/artifacts/models/_models_py3.py:32176: SyntaxWarning: invalid escape sequence '\d'
  """

[2026-04-15T15:25:07.330+0000] {warnings.py:112} WARNING - /home/***/.local/lib/python3.12/site-packages/azure/synapse/artifacts/models/_models_py3.py:32339: SyntaxWarning: invalid escape sequence '\d'
  """A copy activity Informix sink.

[2026-04-15T15:25:07.335+0000] {warnings.py:112} WARNING - /home/***/.local/lib/python3.12/site-packages/azure/synapse/artifacts/models/_models_py3.py:32395: SyntaxWarning: invalid escape sequence '\d'
  """

[2026-04-15T15:25:07.336+0000] {warnings.py:112} WARNING - /home/***/.local/lib/python3.12/site-packages/azure/synapse/artifacts/models/_models_py3.py:32432: SyntaxWarning: invalid escape sequence '\d'
  """A copy activity source for Informix.

[2026-04-15T15:25:07.337+0000] {warnings.py:112} WARNING - /home/***/.local/lib/python3.12/site-packages/azure/synapse/artifacts/models/_models_py3.py:32487: SyntaxWarning: invalid escape sequence '\d'
  """

[2026-04-15T15:25:07.341+0000] {warnings.py:112} WARNING - /home/***/.local/lib/python3.12/site-packages/azure/synapse/artifacts/models/_models_py3.py:33502: SyntaxWarning: invalid escape sequence '\d'
  """A copy activity Jira Service source.

[2026-04-15T15:25:07.342+0000] {warnings.py:112} WARNING - /home/***/.local/lib/python3.12/site-packages/azure/synapse/artifacts/models/_models_py3.py:33558: SyntaxWarning: invalid escape sequence '\d'
  """

[2026-04-15T15:25:07.344+0000] {warnings.py:112} WARNING - /home/***/.local/lib/python3.12/site-packages/azure/synapse/artifacts/models/_models_py3.py:33869: SyntaxWarning: invalid escape sequence '\d'
  """A copy activity Json sink.

[2026-04-15T15:25:07.344+0000] {warnings.py:112} WARNING - /home/***/.local/lib/python3.12/site-packages/azure/synapse/artifacts/models/_models_py3.py:33928: SyntaxWarning: invalid escape sequence '\d'
  """

[2026-04-15T15:25:07.345+0000] {warnings.py:112} WARNING - /home/***/.local/lib/python3.12/site-packages/azure/synapse/artifacts/models/_models_py3.py:33967: SyntaxWarning: invalid escape sequence '\d'
  """A copy activity Json source.

[2026-04-15T15:25:07.347+0000] {warnings.py:112} WARNING - /home/***/.local/lib/python3.12/site-packages/azure/synapse/artifacts/models/_models_py3.py:34021: SyntaxWarning: invalid escape sequence '\d'
  """

[2026-04-15T15:25:07.354+0000] {warnings.py:112} WARNING - /home/***/.local/lib/python3.12/site-packages/azure/synapse/artifacts/models/_models_py3.py:34739: SyntaxWarning: invalid escape sequence '\d'
  """A copy activity for Microsoft Fabric LakeHouse Table sink.

[2026-04-15T15:25:07.355+0000] {warnings.py:112} WARNING - /home/***/.local/lib/python3.12/site-packages/azure/synapse/artifacts/models/_models_py3.py:34806: SyntaxWarning: invalid escape sequence '\d'
  """

[2026-04-15T15:25:07.356+0000] {warnings.py:112} WARNING - /home/***/.local/lib/python3.12/site-packages/azure/synapse/artifacts/models/_models_py3.py:34852: SyntaxWarning: invalid escape sequence '\d'
  """A copy activity source for Microsoft Fabric LakeHouse Table.

[2026-04-15T15:25:07.357+0000] {warnings.py:112} WARNING - /home/***/.local/lib/python3.12/site-packages/azure/synapse/artifacts/models/_models_py3.py:34908: SyntaxWarning: invalid escape sequence '\d'
  """

[2026-04-15T15:25:07.362+0000] {warnings.py:112} WARNING - /home/***/.local/lib/python3.12/site-packages/azure/synapse/artifacts/models/_models_py3.py:36915: SyntaxWarning: invalid escape sequence '\d'
  """A copy activity Magento server source.

[2026-04-15T15:25:07.367+0000] {warnings.py:112} WARNING - /home/***/.local/lib/python3.12/site-packages/azure/synapse/artifacts/models/_models_py3.py:36971: SyntaxWarning: invalid escape sequence '\d'
  """

[2026-04-15T15:25:07.368+0000] {warnings.py:112} WARNING - /home/***/.local/lib/python3.12/site-packages/azure/synapse/artifacts/models/_models_py3.py:37417: SyntaxWarning: invalid escape sequence '\d'
  """A copy activity MariaDB server source.

[2026-04-15T15:25:07.369+0000] {warnings.py:112} WARNING - /home/***/.local/lib/python3.12/site-packages/azure/synapse/artifacts/models/_models_py3.py:37473: SyntaxWarning: invalid escape sequence '\d'
  """

[2026-04-15T15:25:07.370+0000] {warnings.py:112} WARNING - /home/***/.local/lib/python3.12/site-packages/azure/synapse/artifacts/models/_models_py3.py:37845: SyntaxWarning: invalid escape sequence '\d'
  """A copy activity Marketo server source.

[2026-04-15T15:25:07.371+0000] {warnings.py:112} WARNING - /home/***/.local/lib/python3.12/site-packages/azure/synapse/artifacts/models/_models_py3.py:37901: SyntaxWarning: invalid escape sequence '\d'
  """

[2026-04-15T15:25:07.373+0000] {warnings.py:112} WARNING - /home/***/.local/lib/python3.12/site-packages/azure/synapse/artifacts/models/_models_py3.py:38208: SyntaxWarning: invalid escape sequence '\d'
  """A copy activity Microsoft Access sink.

[2026-04-15T15:25:07.374+0000] {warnings.py:112} WARNING - /home/***/.local/lib/python3.12/site-packages/azure/synapse/artifacts/models/_models_py3.py:38264: SyntaxWarning: invalid escape sequence '\d'
  """

[2026-04-15T15:25:07.375+0000] {warnings.py:112} WARNING - /home/***/.local/lib/python3.12/site-packages/azure/synapse/artifacts/models/_models_py3.py:38301: SyntaxWarning: invalid escape sequence '\d'
  """A copy activity source for Microsoft Access.

[2026-04-15T15:25:07.375+0000] {warnings.py:112} WARNING - /home/***/.local/lib/python3.12/site-packages/azure/synapse/artifacts/models/_models_py3.py:38351: SyntaxWarning: invalid escape sequence '\d'
  """

[2026-04-15T15:25:07.376+0000] {warnings.py:112} WARNING - /home/***/.local/lib/python3.12/site-packages/azure/synapse/artifacts/models/_models_py3.py:38690: SyntaxWarning: invalid escape sequence '\d'
  """A copy activity source for a MongoDB Atlas database.

[2026-04-15T15:25:07.377+0000] {warnings.py:112} WARNING - /home/***/.local/lib/python3.12/site-packages/azure/synapse/artifacts/models/_models_py3.py:38758: SyntaxWarning: invalid escape sequence '\d'
  """

[2026-04-15T15:25:07.382+0000] {warnings.py:112} WARNING - /home/***/.local/lib/python3.12/site-packages/azure/synapse/artifacts/models/_models_py3.py:39141: SyntaxWarning: invalid escape sequence '\d'
  """A copy activity source for a MongoDB database.

[2026-04-15T15:25:07.384+0000] {warnings.py:112} WARNING - /home/***/.local/lib/python3.12/site-packages/azure/synapse/artifacts/models/_models_py3.py:39192: SyntaxWarning: invalid escape sequence '\d'
  """

[2026-04-15T15:25:07.385+0000] {warnings.py:112} WARNING - /home/***/.local/lib/python3.12/site-packages/azure/synapse/artifacts/models/_models_py3.py:39419: SyntaxWarning: invalid escape sequence '\d'
  """A copy activity source for a MongoDB database.

[2026-04-15T15:25:07.386+0000] {warnings.py:112} WARNING - /home/***/.local/lib/python3.12/site-packages/azure/synapse/artifacts/models/_models_py3.py:39487: SyntaxWarning: invalid escape sequence '\d'
  """

[2026-04-15T15:25:07.387+0000] {warnings.py:112} WARNING - /home/***/.local/lib/python3.12/site-packages/azure/synapse/artifacts/models/_models_py3.py:39683: SyntaxWarning: invalid escape sequence '\d'
  """A copy activity source for MySQL databases.

[2026-04-15T15:25:07.388+0000] {warnings.py:112} WARNING - /home/***/.local/lib/python3.12/site-packages/azure/synapse/artifacts/models/_models_py3.py:39738: SyntaxWarning: invalid escape sequence '\d'
  """

[2026-04-15T15:25:07.389+0000] {warnings.py:112} WARNING - /home/***/.local/lib/python3.12/site-packages/azure/synapse/artifacts/models/_models_py3.py:40019: SyntaxWarning: invalid escape sequence '\d'
  """A copy activity Netezza source.

[2026-04-15T15:25:07.389+0000] {warnings.py:112} WARNING - /home/***/.local/lib/python3.12/site-packages/azure/synapse/artifacts/models/_models_py3.py:40084: SyntaxWarning: invalid escape sequence '\d'
  """

[2026-04-15T15:25:07.392+0000] {warnings.py:112} WARNING - /home/***/.local/lib/python3.12/site-packages/azure/synapse/artifacts/models/_models_py3.py:41138: SyntaxWarning: invalid escape sequence '\d'
  """A copy activity source for OData source.

[2026-04-15T15:25:07.392+0000] {warnings.py:112} WARNING - /home/***/.local/lib/python3.12/site-packages/azure/synapse/artifacts/models/_models_py3.py:41196: SyntaxWarning: invalid escape sequence '\d'
  """

[2026-04-15T15:25:07.393+0000] {warnings.py:112} WARNING - /home/***/.local/lib/python3.12/site-packages/azure/synapse/artifacts/models/_models_py3.py:41359: SyntaxWarning: invalid escape sequence '\d'
  """A copy activity ODBC sink.

[2026-04-15T15:25:07.394+0000] {warnings.py:112} WARNING - /home/***/.local/lib/python3.12/site-packages/azure/synapse/artifacts/models/_models_py3.py:41415: SyntaxWarning: invalid escape sequence '\d'
  """

[2026-04-15T15:25:07.395+0000] {warnings.py:112} WARNING - /home/***/.local/lib/python3.12/site-packages/azure/synapse/artifacts/models/_models_py3.py:41452: SyntaxWarning: invalid escape sequence '\d'
  """A copy activity source for ODBC databases.

[2026-04-15T15:25:07.396+0000] {warnings.py:112} WARNING - /home/***/.local/lib/python3.12/site-packages/azure/synapse/artifacts/models/_models_py3.py:41507: SyntaxWarning: invalid escape sequence '\d'
  """

[2026-04-15T15:25:07.400+0000] {warnings.py:112} WARNING - /home/***/.local/lib/python3.12/site-packages/azure/synapse/artifacts/models/_models_py3.py:41875: SyntaxWarning: invalid escape sequence '\d'
  """A copy activity source for an Office 365 service.

[2026-04-15T15:25:07.401+0000] {warnings.py:112} WARNING - /home/***/.local/lib/python3.12/site-packages/azure/synapse/artifacts/models/_models_py3.py:41947: SyntaxWarning: invalid escape sequence '\d'
  """

[2026-04-15T15:25:07.419+0000] {warnings.py:112} WARNING - /home/***/.local/lib/python3.12/site-packages/azure/synapse/artifacts/models/_models_py3.py:42441: SyntaxWarning: invalid escape sequence '\d'
  """A copy activity Oracle Service Cloud source.

[2026-04-15T15:25:07.420+0000] {warnings.py:112} WARNING - /home/***/.local/lib/python3.12/site-packages/azure/synapse/artifacts/models/_models_py3.py:42497: SyntaxWarning: invalid escape sequence '\d'
  """

[2026-04-15T15:25:07.420+0000] {warnings.py:112} WARNING - /home/***/.local/lib/python3.12/site-packages/azure/synapse/artifacts/models/_models_py3.py:42534: SyntaxWarning: invalid escape sequence '\d'
  """A copy activity Oracle sink.

[2026-04-15T15:25:07.421+0000] {warnings.py:112} WARNING - /home/***/.local/lib/python3.12/site-packages/azure/synapse/artifacts/models/_models_py3.py:42590: SyntaxWarning: invalid escape sequence '\d'
  """

[2026-04-15T15:25:07.423+0000] {warnings.py:112} WARNING - /home/***/.local/lib/python3.12/site-packages/azure/synapse/artifacts/models/_models_py3.py:42627: SyntaxWarning: invalid escape sequence '\d'
  """A copy activity Oracle source.

[2026-04-15T15:25:07.423+0000] {warnings.py:112} WARNING - /home/***/.local/lib/python3.12/site-packages/azure/synapse/artifacts/models/_models_py3.py:42692: SyntaxWarning: invalid escape sequence '\d'
  """

[2026-04-15T15:25:07.425+0000] {warnings.py:112} WARNING - /home/***/.local/lib/python3.12/site-packages/azure/synapse/artifacts/models/_models_py3.py:43020: SyntaxWarning: invalid escape sequence '\d'
  """A copy activity ORC sink.

[2026-04-15T15:25:07.426+0000] {warnings.py:112} WARNING - /home/***/.local/lib/python3.12/site-packages/azure/synapse/artifacts/models/_models_py3.py:43079: SyntaxWarning: invalid escape sequence '\d'
  """

[2026-04-15T15:25:07.427+0000] {warnings.py:112} WARNING - /home/***/.local/lib/python3.12/site-packages/azure/synapse/artifacts/models/_models_py3.py:43118: SyntaxWarning: invalid escape sequence '\d'
  """A copy activity ORC source.

[2026-04-15T15:25:07.428+0000] {warnings.py:112} WARNING - /home/***/.local/lib/python3.12/site-packages/azure/synapse/artifacts/models/_models_py3.py:43168: SyntaxWarning: invalid escape sequence '\d'
  """

[2026-04-15T15:25:07.429+0000] {warnings.py:112} WARNING - /home/***/.local/lib/python3.12/site-packages/azure/synapse/artifacts/models/_models_py3.py:43514: SyntaxWarning: invalid escape sequence '\d'
  """A copy activity Parquet sink.

[2026-04-15T15:25:07.431+0000] {warnings.py:112} WARNING - /home/***/.local/lib/python3.12/site-packages/azure/synapse/artifacts/models/_models_py3.py:43573: SyntaxWarning: invalid escape sequence '\d'
  """

[2026-04-15T15:25:07.432+0000] {warnings.py:112} WARNING - /home/***/.local/lib/python3.12/site-packages/azure/synapse/artifacts/models/_models_py3.py:43612: SyntaxWarning: invalid escape sequence '\d'
  """A copy activity Parquet source.

[2026-04-15T15:25:07.434+0000] {warnings.py:112} WARNING - /home/***/.local/lib/python3.12/site-packages/azure/synapse/artifacts/models/_models_py3.py:43666: SyntaxWarning: invalid escape sequence '\d'
  """

[2026-04-15T15:25:07.436+0000] {warnings.py:112} WARNING - /home/***/.local/lib/python3.12/site-packages/azure/synapse/artifacts/models/_models_py3.py:43989: SyntaxWarning: invalid escape sequence '\d'
  """A copy activity Paypal Service source.

[2026-04-15T15:25:07.437+0000] {warnings.py:112} WARNING - /home/***/.local/lib/python3.12/site-packages/azure/synapse/artifacts/models/_models_py3.py:44045: SyntaxWarning: invalid escape sequence '\d'
  """

[2026-04-15T15:25:07.438+0000] {warnings.py:112} WARNING - /home/***/.local/lib/python3.12/site-packages/azure/synapse/artifacts/models/_models_py3.py:44386: SyntaxWarning: invalid escape sequence '\d'
  """A copy activity Phoenix server source.

[2026-04-15T15:25:07.439+0000] {warnings.py:112} WARNING - /home/***/.local/lib/python3.12/site-packages/azure/synapse/artifacts/models/_models_py3.py:44442: SyntaxWarning: invalid escape sequence '\d'
  """

[2026-04-15T15:25:07.443+0000] {warnings.py:112} WARNING - /home/***/.local/lib/python3.12/site-packages/azure/synapse/artifacts/models/_models_py3.py:45003: SyntaxWarning: invalid escape sequence '\d'
  """A copy activity source for PostgreSQL databases.

[2026-04-15T15:25:07.444+0000] {warnings.py:112} WARNING - /home/***/.local/lib/python3.12/site-packages/azure/synapse/artifacts/models/_models_py3.py:45058: SyntaxWarning: invalid escape sequence '\d'
  """

[2026-04-15T15:25:07.445+0000] {warnings.py:112} WARNING - /home/***/.local/lib/python3.12/site-packages/azure/synapse/artifacts/models/_models_py3.py:45444: SyntaxWarning: invalid escape sequence '\d'
  """A copy activity source for PostgreSQL databases.

[2026-04-15T15:25:07.446+0000] {warnings.py:112} WARNING - /home/***/.local/lib/python3.12/site-packages/azure/synapse/artifacts/models/_models_py3.py:45499: SyntaxWarning: invalid escape sequence '\d'
  """

[2026-04-15T15:25:07.451+0000] {warnings.py:112} WARNING - /home/***/.local/lib/python3.12/site-packages/azure/synapse/artifacts/models/_models_py3.py:46042: SyntaxWarning: invalid escape sequence '\d'
  """A copy activity Presto server source.

[2026-04-15T15:25:07.452+0000] {warnings.py:112} WARNING - /home/***/.local/lib/python3.12/site-packages/azure/synapse/artifacts/models/_models_py3.py:46098: SyntaxWarning: invalid escape sequence '\d'
  """

[2026-04-15T15:25:07.454+0000] {warnings.py:112} WARNING - /home/***/.local/lib/python3.12/site-packages/azure/synapse/artifacts/models/_models_py3.py:46702: SyntaxWarning: invalid escape sequence '\d'
  """A copy activity QuickBooks server source.

[2026-04-15T15:25:07.455+0000] {warnings.py:112} WARNING - /home/***/.local/lib/python3.12/site-packages/azure/synapse/artifacts/models/_models_py3.py:46758: SyntaxWarning: invalid escape sequence '\d'
  """

[2026-04-15T15:25:07.457+0000] {warnings.py:112} WARNING - /home/***/.local/lib/python3.12/site-packages/azure/synapse/artifacts/models/_models_py3.py:47000: SyntaxWarning: invalid escape sequence '\d'
  """A copy activity source for various relational databases.

[2026-04-15T15:25:07.458+0000] {warnings.py:112} WARNING - /home/***/.local/lib/python3.12/site-packages/azure/synapse/artifacts/models/_models_py3.py:47050: SyntaxWarning: invalid escape sequence '\d'
  """

[2026-04-15T15:25:07.461+0000] {warnings.py:112} WARNING - /home/***/.local/lib/python3.12/site-packages/azure/synapse/artifacts/models/_models_py3.py:47648: SyntaxWarning: invalid escape sequence '\d'
  """A copy activity Responsys source.

[2026-04-15T15:25:07.467+0000] {warnings.py:112} WARNING - /home/***/.local/lib/python3.12/site-packages/azure/synapse/artifacts/models/_models_py3.py:47704: SyntaxWarning: invalid escape sequence '\d'
  """

[2026-04-15T15:25:07.475+0000] {warnings.py:112} WARNING - /home/***/.local/lib/python3.12/site-packages/azure/synapse/artifacts/models/_models_py3.py:48113: SyntaxWarning: invalid escape sequence '\d'
  """A copy activity Rest service Sink.

[2026-04-15T15:25:07.477+0000] {warnings.py:112} WARNING - /home/***/.local/lib/python3.12/site-packages/azure/synapse/artifacts/models/_models_py3.py:48190: SyntaxWarning: invalid escape sequence '\d'
  """

[2026-04-15T15:25:07.477+0000] {warnings.py:112} WARNING - /home/***/.local/lib/python3.12/site-packages/azure/synapse/artifacts/models/_models_py3.py:48244: SyntaxWarning: invalid escape sequence '\d'
  """A copy activity Rest service source.

[2026-04-15T15:25:07.480+0000] {warnings.py:112} WARNING - /home/***/.local/lib/python3.12/site-packages/azure/synapse/artifacts/models/_models_py3.py:48321: SyntaxWarning: invalid escape sequence '\d'
  """

[2026-04-15T15:25:07.502+0000] {warnings.py:112} WARNING - /home/***/.local/lib/python3.12/site-packages/azure/synapse/artifacts/models/_models_py3.py:49499: SyntaxWarning: invalid escape sequence '\d'
  """A copy activity Salesforce Marketing Cloud source.

[2026-04-15T15:25:07.504+0000] {warnings.py:112} WARNING - /home/***/.local/lib/python3.12/site-packages/azure/synapse/artifacts/models/_models_py3.py:49555: SyntaxWarning: invalid escape sequence '\d'
  """

[2026-04-15T15:25:07.508+0000] {warnings.py:112} WARNING - /home/***/.local/lib/python3.12/site-packages/azure/synapse/artifacts/models/_models_py3.py:49932: SyntaxWarning: invalid escape sequence '\d'
  """A copy activity Salesforce Service Cloud sink.

[2026-04-15T15:25:07.509+0000] {warnings.py:112} WARNING - /home/***/.local/lib/python3.12/site-packages/azure/synapse/artifacts/models/_models_py3.py:50002: SyntaxWarning: invalid escape sequence '\d'
  """

[2026-04-15T15:25:07.511+0000] {warnings.py:112} WARNING - /home/***/.local/lib/python3.12/site-packages/azure/synapse/artifacts/models/_models_py3.py:50052: SyntaxWarning: invalid escape sequence '\d'
  """A copy activity Salesforce Service Cloud source.

[2026-04-15T15:25:07.518+0000] {warnings.py:112} WARNING - /home/***/.local/lib/python3.12/site-packages/azure/synapse/artifacts/models/_models_py3.py:50107: SyntaxWarning: invalid escape sequence '\d'
  """

[2026-04-15T15:25:07.521+0000] {warnings.py:112} WARNING - /home/***/.local/lib/python3.12/site-packages/azure/synapse/artifacts/models/_models_py3.py:50379: SyntaxWarning: invalid escape sequence '\d'
  """A copy activity Salesforce Service Cloud V2 sink.

[2026-04-15T15:25:07.523+0000] {warnings.py:112} WARNING - /home/***/.local/lib/python3.12/site-packages/azure/synapse/artifacts/models/_models_py3.py:50449: SyntaxWarning: invalid escape sequence '\d'
  """

[2026-04-15T15:25:07.524+0000] {warnings.py:112} WARNING - /home/***/.local/lib/python3.12/site-packages/azure/synapse/artifacts/models/_models_py3.py:50499: SyntaxWarning: invalid escape sequence '\d'
  """A copy activity Salesforce Service Cloud V2 source.

[2026-04-15T15:25:07.527+0000] {warnings.py:112} WARNING - /home/***/.local/lib/python3.12/site-packages/azure/synapse/artifacts/models/_models_py3.py:50554: SyntaxWarning: invalid escape sequence '\d'
  """

[2026-04-15T15:25:07.528+0000] {warnings.py:112} WARNING - /home/***/.local/lib/python3.12/site-packages/azure/synapse/artifacts/models/_models_py3.py:50590: SyntaxWarning: invalid escape sequence '\d'
  """A copy activity Salesforce sink.

[2026-04-15T15:25:07.536+0000] {warnings.py:112} WARNING - /home/***/.local/lib/python3.12/site-packages/azure/synapse/artifacts/models/_models_py3.py:50660: SyntaxWarning: invalid escape sequence '\d'
  """

[2026-04-15T15:25:07.537+0000] {warnings.py:112} WARNING - /home/***/.local/lib/python3.12/site-packages/azure/synapse/artifacts/models/_models_py3.py:50710: SyntaxWarning: invalid escape sequence '\d'
  """A copy activity Salesforce source.

[2026-04-15T15:25:07.538+0000] {warnings.py:112} WARNING - /home/***/.local/lib/python3.12/site-packages/azure/synapse/artifacts/models/_models_py3.py:50770: SyntaxWarning: invalid escape sequence '\d'
  """

[2026-04-15T15:25:07.540+0000] {warnings.py:112} WARNING - /home/***/.local/lib/python3.12/site-packages/azure/synapse/artifacts/models/_models_py3.py:51046: SyntaxWarning: invalid escape sequence '\d'
  """A copy activity Salesforce V2 sink.

[2026-04-15T15:25:07.541+0000] {warnings.py:112} WARNING - /home/***/.local/lib/python3.12/site-packages/azure/synapse/artifacts/models/_models_py3.py:51116: SyntaxWarning: invalid escape sequence '\d'
  """

[2026-04-15T15:25:07.541+0000] {warnings.py:112} WARNING - /home/***/.local/lib/python3.12/site-packages/azure/synapse/artifacts/models/_models_py3.py:51166: SyntaxWarning: invalid escape sequence '\d'
  """A copy activity Salesforce V2 source.

[2026-04-15T15:25:07.542+0000] {warnings.py:112} WARNING - /home/***/.local/lib/python3.12/site-packages/azure/synapse/artifacts/models/_models_py3.py:51226: SyntaxWarning: invalid escape sequence '\d'
  """

[2026-04-15T15:25:07.544+0000] {warnings.py:112} WARNING - /home/***/.local/lib/python3.12/site-packages/azure/synapse/artifacts/models/_models_py3.py:51485: SyntaxWarning: invalid escape sequence '\d'
  """A copy activity source for SapBW server via MDX.

[2026-04-15T15:25:07.545+0000] {warnings.py:112} WARNING - /home/***/.local/lib/python3.12/site-packages/azure/synapse/artifacts/models/_models_py3.py:51540: SyntaxWarning: invalid escape sequence '\d'
  """

[2026-04-15T15:25:07.546+0000] {warnings.py:112} WARNING - /home/***/.local/lib/python3.12/site-packages/azure/synapse/artifacts/models/_models_py3.py:51787: SyntaxWarning: invalid escape sequence '\d'
  """A copy activity SAP Cloud for Customer sink.

[2026-04-15T15:25:07.546+0000] {warnings.py:112} WARNING - /home/***/.local/lib/python3.12/site-packages/azure/synapse/artifacts/models/_models_py3.py:51851: SyntaxWarning: invalid escape sequence '\d'
  """

[2026-04-15T15:25:07.549+0000] {warnings.py:112} WARNING - /home/***/.local/lib/python3.12/site-packages/azure/synapse/artifacts/models/_models_py3.py:51895: SyntaxWarning: invalid escape sequence '\d'
  """A copy activity source for SAP Cloud for Customer source.

[2026-04-15T15:25:07.554+0000] {warnings.py:112} WARNING - /home/***/.local/lib/python3.12/site-packages/azure/synapse/artifacts/models/_models_py3.py:51958: SyntaxWarning: invalid escape sequence '\d'
  """

[2026-04-15T15:25:07.556+0000] {warnings.py:112} WARNING - /home/***/.local/lib/python3.12/site-packages/azure/synapse/artifacts/models/_models_py3.py:52212: SyntaxWarning: invalid escape sequence '\d'
  """A copy activity source for SAP ECC source.

[2026-04-15T15:25:07.557+0000] {warnings.py:112} WARNING - /home/***/.local/lib/python3.12/site-packages/azure/synapse/artifacts/models/_models_py3.py:52275: SyntaxWarning: invalid escape sequence '\d'
  """

[2026-04-15T15:25:07.558+0000] {warnings.py:112} WARNING - /home/***/.local/lib/python3.12/site-packages/azure/synapse/artifacts/models/_models_py3.py:52463: SyntaxWarning: invalid escape sequence '\d'
  """A copy activity source for SAP HANA source.

[2026-04-15T15:25:07.559+0000] {warnings.py:112} WARNING - /home/***/.local/lib/python3.12/site-packages/azure/synapse/artifacts/models/_models_py3.py:52532: SyntaxWarning: invalid escape sequence '\d'
  """

[2026-04-15T15:25:07.561+0000] {warnings.py:112} WARNING - /home/***/.local/lib/python3.12/site-packages/azure/synapse/artifacts/models/_models_py3.py:53040: SyntaxWarning: invalid escape sequence '\d'
  """A copy activity source for SAP ODP source.

[2026-04-15T15:25:07.562+0000] {warnings.py:112} WARNING - /home/***/.local/lib/python3.12/site-packages/azure/synapse/artifacts/models/_models_py3.py:53111: SyntaxWarning: invalid escape sequence '\d'
  """

[2026-04-15T15:25:07.562+0000] {warnings.py:112} WARNING - /home/***/.local/lib/python3.12/site-packages/azure/synapse/artifacts/models/_models_py3.py:53334: SyntaxWarning: invalid escape sequence '\d'
  """A copy activity source for SAP Business Warehouse Open Hub Destination source.

[2026-04-15T15:25:07.564+0000] {warnings.py:112} WARNING - /home/***/.local/lib/python3.12/site-packages/azure/synapse/artifacts/models/_models_py3.py:53407: SyntaxWarning: invalid escape sequence '\d'
  """

[2026-04-15T15:25:07.568+0000] {warnings.py:112} WARNING - /home/***/.local/lib/python3.12/site-packages/azure/synapse/artifacts/models/_models_py3.py:53961: SyntaxWarning: invalid escape sequence '\d'
  """A copy activity source for SAP Table source.

[2026-04-15T15:25:07.569+0000] {warnings.py:112} WARNING - /home/***/.local/lib/python3.12/site-packages/azure/synapse/artifacts/models/_models_py3.py:54059: SyntaxWarning: invalid escape sequence '\d'
  """

[2026-04-15T15:25:07.569+0000] {warnings.py:112} WARNING - /home/***/.local/lib/python3.12/site-packages/azure/synapse/artifacts/models/_models_py3.py:54322: SyntaxWarning: invalid escape sequence '\d'
  """Script activity type.

[2026-04-15T15:25:07.570+0000] {warnings.py:112} WARNING - /home/***/.local/lib/python3.12/site-packages/azure/synapse/artifacts/models/_models_py3.py:54398: SyntaxWarning: invalid escape sequence '\d'
  """

[2026-04-15T15:25:07.572+0000] {warnings.py:112} WARNING - /home/***/.local/lib/python3.12/site-packages/azure/synapse/artifacts/models/_models_py3.py:55022: SyntaxWarning: invalid escape sequence '\d'
  """A copy activity ServiceNow server source.

[2026-04-15T15:25:07.572+0000] {warnings.py:112} WARNING - /home/***/.local/lib/python3.12/site-packages/azure/synapse/artifacts/models/_models_py3.py:55078: SyntaxWarning: invalid escape sequence '\d'
  """

[2026-04-15T15:25:07.573+0000] {warnings.py:112} WARNING - /home/***/.local/lib/python3.12/site-packages/azure/synapse/artifacts/models/_models_py3.py:55310: SyntaxWarning: invalid escape sequence '\d'
  """A copy activity ServiceNowV2 server source.

[2026-04-15T15:25:07.574+0000] {warnings.py:112} WARNING - /home/***/.local/lib/python3.12/site-packages/azure/synapse/artifacts/models/_models_py3.py:55365: SyntaxWarning: invalid escape sequence '\d'
  """

[2026-04-15T15:25:07.576+0000] {warnings.py:112} WARNING - /home/***/.local/lib/python3.12/site-packages/azure/synapse/artifacts/models/_models_py3.py:56196: SyntaxWarning: invalid escape sequence '\d'
  """A copy activity source for sharePoint online list source.

[2026-04-15T15:25:07.576+0000] {warnings.py:112} WARNING - /home/***/.local/lib/python3.12/site-packages/azure/synapse/artifacts/models/_models_py3.py:56248: SyntaxWarning: invalid escape sequence '\d'
  """

[2026-04-15T15:25:07.577+0000] {warnings.py:112} WARNING - /home/***/.local/lib/python3.12/site-packages/azure/synapse/artifacts/models/_models_py3.py:56508: SyntaxWarning: invalid escape sequence '\d'
  """A copy activity Shopify Service source.

[2026-04-15T15:25:07.578+0000] {warnings.py:112} WARNING - /home/***/.local/lib/python3.12/site-packages/azure/synapse/artifacts/models/_models_py3.py:56564: SyntaxWarning: invalid escape sequence '\d'
  """

[2026-04-15T15:25:07.579+0000] {warnings.py:112} WARNING - /home/***/.local/lib/python3.12/site-packages/azure/synapse/artifacts/models/_models_py3.py:57087: SyntaxWarning: invalid escape sequence '\d'
  """A copy activity snowflake sink.

[2026-04-15T15:25:07.584+0000] {warnings.py:112} WARNING - /home/***/.local/lib/python3.12/site-packages/azure/synapse/artifacts/models/_models_py3.py:57147: SyntaxWarning: invalid escape sequence '\d'
  """

[2026-04-15T15:25:07.585+0000] {warnings.py:112} WARNING - /home/***/.local/lib/python3.12/site-packages/azure/synapse/artifacts/models/_models_py3.py:57187: SyntaxWarning: invalid escape sequence '\d'
  """A copy activity snowflake source.

[2026-04-15T15:25:07.586+0000] {warnings.py:112} WARNING - /home/***/.local/lib/python3.12/site-packages/azure/synapse/artifacts/models/_models_py3.py:57237: SyntaxWarning: invalid escape sequence '\d'
  """

[2026-04-15T15:25:07.587+0000] {warnings.py:112} WARNING - /home/***/.local/lib/python3.12/site-packages/azure/synapse/artifacts/models/_models_py3.py:57560: SyntaxWarning: invalid escape sequence '\d'
  """A copy activity snowflake sink.

[2026-04-15T15:25:07.588+0000] {warnings.py:112} WARNING - /home/***/.local/lib/python3.12/site-packages/azure/synapse/artifacts/models/_models_py3.py:57620: SyntaxWarning: invalid escape sequence '\d'
  """

[2026-04-15T15:25:07.588+0000] {warnings.py:112} WARNING - /home/***/.local/lib/python3.12/site-packages/azure/synapse/artifacts/models/_models_py3.py:57660: SyntaxWarning: invalid escape sequence '\d'
  """A copy activity snowflake source.

[2026-04-15T15:25:07.589+0000] {warnings.py:112} WARNING - /home/***/.local/lib/python3.12/site-packages/azure/synapse/artifacts/models/_models_py3.py:57710: SyntaxWarning: invalid escape sequence '\d'
  """

[2026-04-15T15:25:07.592+0000] {warnings.py:112} WARNING - /home/***/.local/lib/python3.12/site-packages/azure/synapse/artifacts/models/_models_py3.py:59106: SyntaxWarning: invalid escape sequence '\d'
  """A copy activity Spark Server source.

[2026-04-15T15:25:07.593+0000] {warnings.py:112} WARNING - /home/***/.local/lib/python3.12/site-packages/azure/synapse/artifacts/models/_models_py3.py:59162: SyntaxWarning: invalid escape sequence '\d'
  """

[2026-04-15T15:25:07.594+0000] {warnings.py:112} WARNING - /home/***/.local/lib/python3.12/site-packages/azure/synapse/artifacts/models/_models_py3.py:59316: SyntaxWarning: invalid escape sequence '\d'
  """A copy activity SQL Data Warehouse sink.

[2026-04-15T15:25:07.594+0000] {warnings.py:112} WARNING - /home/***/.local/lib/python3.12/site-packages/azure/synapse/artifacts/models/_models_py3.py:59396: SyntaxWarning: invalid escape sequence '\d'
  """

[2026-04-15T15:25:07.595+0000] {warnings.py:112} WARNING - /home/***/.local/lib/python3.12/site-packages/azure/synapse/artifacts/models/_models_py3.py:59452: SyntaxWarning: invalid escape sequence '\d'
  """A copy activity SQL Data Warehouse source.

[2026-04-15T15:25:07.595+0000] {warnings.py:112} WARNING - /home/***/.local/lib/python3.12/site-packages/azure/synapse/artifacts/models/_models_py3.py:59535: SyntaxWarning: invalid escape sequence '\d'
  """

[2026-04-15T15:25:07.596+0000] {warnings.py:112} WARNING - /home/***/.local/lib/python3.12/site-packages/azure/synapse/artifacts/models/_models_py3.py:59594: SyntaxWarning: invalid escape sequence '\d'
  """A copy activity Azure SQL Managed Instance sink.

[2026-04-15T15:25:07.599+0000] {warnings.py:112} WARNING - /home/***/.local/lib/python3.12/site-packages/azure/synapse/artifacts/models/_models_py3.py:59677: SyntaxWarning: invalid escape sequence '\d'
  """

[2026-04-15T15:25:07.600+0000] {warnings.py:112} WARNING - /home/***/.local/lib/python3.12/site-packages/azure/synapse/artifacts/models/_models_py3.py:59733: SyntaxWarning: invalid escape sequence '\d'
  """A copy activity Azure SQL Managed Instance source.

[2026-04-15T15:25:07.600+0000] {warnings.py:112} WARNING - /home/***/.local/lib/python3.12/site-packages/azure/synapse/artifacts/models/_models_py3.py:59818: SyntaxWarning: invalid escape sequence '\d'
  """

[2026-04-15T15:25:07.602+0000] {warnings.py:112} WARNING - /home/***/.local/lib/python3.12/site-packages/azure/synapse/artifacts/models/_models_py3.py:60639: SyntaxWarning: invalid escape sequence '\d'
  """A copy activity SQL server sink.

[2026-04-15T15:25:07.603+0000] {warnings.py:112} WARNING - /home/***/.local/lib/python3.12/site-packages/azure/synapse/artifacts/models/_models_py3.py:60722: SyntaxWarning: invalid escape sequence '\d'
  """

[2026-04-15T15:25:07.604+0000] {warnings.py:112} WARNING - /home/***/.local/lib/python3.12/site-packages/azure/synapse/artifacts/models/_models_py3.py:60778: SyntaxWarning: invalid escape sequence '\d'
  """A copy activity SQL server source.

[2026-04-15T15:25:07.604+0000] {warnings.py:112} WARNING - /home/***/.local/lib/python3.12/site-packages/azure/synapse/artifacts/models/_models_py3.py:60863: SyntaxWarning: invalid escape sequence '\d'
  """

[2026-04-15T15:25:07.605+0000] {warnings.py:112} WARNING - /home/***/.local/lib/python3.12/site-packages/azure/synapse/artifacts/models/_models_py3.py:61167: SyntaxWarning: invalid escape sequence '\d'
  """A copy activity SQL sink.

[2026-04-15T15:25:07.606+0000] {warnings.py:112} WARNING - /home/***/.local/lib/python3.12/site-packages/azure/synapse/artifacts/models/_models_py3.py:61250: SyntaxWarning: invalid escape sequence '\d'
  """

[2026-04-15T15:25:07.606+0000] {warnings.py:112} WARNING - /home/***/.local/lib/python3.12/site-packages/azure/synapse/artifacts/models/_models_py3.py:61306: SyntaxWarning: invalid escape sequence '\d'
  """A copy activity SQL source.

[2026-04-15T15:25:07.607+0000] {warnings.py:112} WARNING - /home/***/.local/lib/python3.12/site-packages/azure/synapse/artifacts/models/_models_py3.py:61387: SyntaxWarning: invalid escape sequence '\d'
  """

[2026-04-15T15:25:07.608+0000] {warnings.py:112} WARNING - /home/***/.local/lib/python3.12/site-packages/azure/synapse/artifacts/models/_models_py3.py:61696: SyntaxWarning: invalid escape sequence '\d'
  """A copy activity Square Service source.

[2026-04-15T15:25:07.608+0000] {warnings.py:112} WARNING - /home/***/.local/lib/python3.12/site-packages/azure/synapse/artifacts/models/_models_py3.py:61752: SyntaxWarning: invalid escape sequence '\d'
  """

[2026-04-15T15:25:07.609+0000] {warnings.py:112} WARNING - /home/***/.local/lib/python3.12/site-packages/azure/synapse/artifacts/models/_models_py3.py:61954: SyntaxWarning: invalid escape sequence '\d'
  """SSIS package execution log location.

[2026-04-15T15:25:07.609+0000] {warnings.py:112} WARNING - /home/***/.local/lib/python3.12/site-packages/azure/synapse/artifacts/models/_models_py3.py:61992: SyntaxWarning: invalid escape sequence '\d'
  """

[2026-04-15T15:25:07.611+0000] {warnings.py:112} WARNING - /home/***/.local/lib/python3.12/site-packages/azure/synapse/artifacts/models/_models_py3.py:62660: SyntaxWarning: invalid escape sequence '\d'
  """A copy activity source for Sybase databases.

[2026-04-15T15:25:07.612+0000] {warnings.py:112} WARNING - /home/***/.local/lib/python3.12/site-packages/azure/synapse/artifacts/models/_models_py3.py:62715: SyntaxWarning: invalid escape sequence '\d'
  """

[2026-04-15T15:25:07.617+0000] {warnings.py:112} WARNING - /home/***/.local/lib/python3.12/site-packages/azure/synapse/artifacts/models/_models_py3.py:63882: SyntaxWarning: invalid escape sequence '\d'
  """A copy activity Teradata source.

[2026-04-15T15:25:07.618+0000] {warnings.py:112} WARNING - /home/***/.local/lib/python3.12/site-packages/azure/synapse/artifacts/models/_models_py3.py:63946: SyntaxWarning: invalid escape sequence '\d'
  """

[2026-04-15T15:25:07.620+0000] {warnings.py:112} WARNING - /home/***/.local/lib/python3.12/site-packages/azure/synapse/artifacts/models/_models_py3.py:64582: SyntaxWarning: invalid escape sequence '\d'
  """Trigger that schedules pipeline runs for all fixed time interval windows from a start time

[2026-04-15T15:25:07.620+0000] {warnings.py:112} WARNING - /home/***/.local/lib/python3.12/site-packages/azure/synapse/artifacts/models/_models_py3.py:64674: SyntaxWarning: invalid escape sequence '\d'
  """

[2026-04-15T15:25:07.621+0000] {warnings.py:112} WARNING - /home/***/.local/lib/python3.12/site-packages/azure/synapse/artifacts/models/_models_py3.py:64940: SyntaxWarning: invalid escape sequence '\d'
  """This activity executes inner activities until the specified boolean expression results to true

[2026-04-15T15:25:07.622+0000] {warnings.py:112} WARNING - /home/***/.local/lib/python3.12/site-packages/azure/synapse/artifacts/models/_models_py3.py:65014: SyntaxWarning: invalid escape sequence '\d'
  """

[2026-04-15T15:25:07.622+0000] {warnings.py:112} WARNING - /home/***/.local/lib/python3.12/site-packages/azure/synapse/artifacts/models/_models_py3.py:65117: SyntaxWarning: invalid escape sequence '\d'
  """This activity verifies that an external resource exists.

[2026-04-15T15:25:07.623+0000] {warnings.py:112} WARNING - /home/***/.local/lib/python3.12/site-packages/azure/synapse/artifacts/models/_models_py3.py:65199: SyntaxWarning: invalid escape sequence '\d'
  """

[2026-04-15T15:25:07.624+0000] {warnings.py:112} WARNING - /home/***/.local/lib/python3.12/site-packages/azure/synapse/artifacts/models/_models_py3.py:65385: SyntaxWarning: invalid escape sequence '\d'
  """A copy activity Vertica source.

[2026-04-15T15:25:07.624+0000] {warnings.py:112} WARNING - /home/***/.local/lib/python3.12/site-packages/azure/synapse/artifacts/models/_models_py3.py:65441: SyntaxWarning: invalid escape sequence '\d'
  """

[2026-04-15T15:25:07.625+0000] {warnings.py:112} WARNING - /home/***/.local/lib/python3.12/site-packages/azure/synapse/artifacts/models/_models_py3.py:65874: SyntaxWarning: invalid escape sequence '\d'
  """A copy activity Microsoft Fabric Warehouse sink.

[2026-04-15T15:25:07.626+0000] {warnings.py:112} WARNING - /home/***/.local/lib/python3.12/site-packages/azure/synapse/artifacts/models/_models_py3.py:65950: SyntaxWarning: invalid escape sequence '\d'
  """

[2026-04-15T15:25:07.627+0000] {warnings.py:112} WARNING - /home/***/.local/lib/python3.12/site-packages/azure/synapse/artifacts/models/_models_py3.py:66003: SyntaxWarning: invalid escape sequence '\d'
  """A copy activity Microsoft Fabric Warehouse source.

[2026-04-15T15:25:07.628+0000] {warnings.py:112} WARNING - /home/***/.local/lib/python3.12/site-packages/azure/synapse/artifacts/models/_models_py3.py:66087: SyntaxWarning: invalid escape sequence '\d'
  """

[2026-04-15T15:25:07.630+0000] {warnings.py:112} WARNING - /home/***/.local/lib/python3.12/site-packages/azure/synapse/artifacts/models/_models_py3.py:66686: SyntaxWarning: invalid escape sequence '\d'
  """WebHook activity.

[2026-04-15T15:25:07.632+0000] {warnings.py:112} WARNING - /home/***/.local/lib/python3.12/site-packages/azure/synapse/artifacts/models/_models_py3.py:66779: SyntaxWarning: invalid escape sequence '\d'
  """

[2026-04-15T15:25:07.633+0000] {warnings.py:112} WARNING - /home/***/.local/lib/python3.12/site-packages/azure/synapse/artifacts/models/_models_py3.py:66918: SyntaxWarning: invalid escape sequence '\d'
  """A copy activity source for web page table.

[2026-04-15T15:25:07.633+0000] {warnings.py:112} WARNING - /home/***/.local/lib/python3.12/site-packages/azure/synapse/artifacts/models/_models_py3.py:66964: SyntaxWarning: invalid escape sequence '\d'
  """

[2026-04-15T15:25:07.636+0000] {warnings.py:112} WARNING - /home/***/.local/lib/python3.12/site-packages/azure/synapse/artifacts/models/_models_py3.py:67735: SyntaxWarning: invalid escape sequence '\d'
  """A copy activity Xero Service source.

[2026-04-15T15:25:07.636+0000] {warnings.py:112} WARNING - /home/***/.local/lib/python3.12/site-packages/azure/synapse/artifacts/models/_models_py3.py:67791: SyntaxWarning: invalid escape sequence '\d'
  """

[2026-04-15T15:25:07.637+0000] {warnings.py:112} WARNING - /home/***/.local/lib/python3.12/site-packages/azure/synapse/artifacts/models/_models_py3.py:68043: SyntaxWarning: invalid escape sequence '\d'
  """A copy activity Xml source.

[2026-04-15T15:25:07.638+0000] {warnings.py:112} WARNING - /home/***/.local/lib/python3.12/site-packages/azure/synapse/artifacts/models/_models_py3.py:68097: SyntaxWarning: invalid escape sequence '\d'
  """

[2026-04-15T15:25:07.639+0000] {warnings.py:112} WARNING - /home/***/.local/lib/python3.12/site-packages/azure/synapse/artifacts/models/_models_py3.py:68532: SyntaxWarning: invalid escape sequence '\d'
  """A copy activity Zoho server source.

[2026-04-15T15:25:07.640+0000] {warnings.py:112} WARNING - /home/***/.local/lib/python3.12/site-packages/azure/synapse/artifacts/models/_models_py3.py:68588: SyntaxWarning: invalid escape sequence '\d'
  """

[2026-04-15T15:25:09.306+0000] {taskinstance.py:341} INFO - ::group::Post task execution logs
[2026-04-15T15:25:09.307+0000] {taskinstance.py:353} INFO - Marking task as SUCCESS. dag_id=kafka_producer, task_id=execute_update_layers, run_id=scheduled__2026-04-13T18:30:00+00:00, execution_date=20260413T183000, start_date=20260415T152502, end_date=20260415T152509
[2026-04-15T15:25:09.372+0000] {local_task_job_runner.py:266} INFO - Task exited with return code 0
[2026-04-15T15:25:09.392+0000] {taskinstance.py:3901} INFO - 0 downstream tasks scheduled from follow-on schedule check
[2026-04-15T15:25:09.397+0000] {local_task_job_runner.py:245} INFO - ::endgroup::
[2026-04-15T15:29:30.009+0000] {local_task_job_runner.py:123} INFO - ::group::Pre task execution logs
[2026-04-15T15:29:30.037+0000] {taskinstance.py:2614} INFO - Dependencies all met for dep_context=non-requeueable deps ti=<TaskInstance: kafka_producer.execute_update_layers scheduled__2026-04-13T18:30:00+00:00 [queued]>
[2026-04-15T15:29:30.050+0000] {taskinstance.py:2614} INFO - Dependencies all met for dep_context=requeueable deps ti=<TaskInstance: kafka_producer.execute_update_layers scheduled__2026-04-13T18:30:00+00:00 [queued]>
[2026-04-15T15:29:30.051+0000] {taskinstance.py:2867} INFO - Starting attempt 1 of 1
[2026-04-15T15:29:30.074+0000] {taskinstance.py:2890} INFO - Executing <Task(TriggerDagRunOperator): execute_update_layers> on 2026-04-13 18:30:00+00:00
[2026-04-15T15:29:30.082+0000] {warnings.py:112} WARNING - /home/***/.local/lib/python3.12/site-packages/***/task/task_runner/standard_task_runner.py:70: DeprecationWarning: This process (pid=55) is multi-threaded, use of fork() may lead to deadlocks in the child.
  pid = os.fork()

[2026-04-15T15:29:30.089+0000] {standard_task_runner.py:72} INFO - Started process 56 to run task
[2026-04-15T15:29:30.089+0000] {standard_task_runner.py:104} INFO - Running: ['***', 'tasks', 'run', 'kafka_producer', 'execute_update_layers', 'scheduled__2026-04-13T18:30:00+00:00', '--job-id', '3', '--raw', '--subdir', 'DAGS_FOLDER/kafka_load.py', '--cfg-path', '/tmp/tmplywzmwyy']
[2026-04-15T15:29:30.091+0000] {standard_task_runner.py:105} INFO - Job 3: Subtask execute_update_layers
[2026-04-15T15:29:30.163+0000] {task_command.py:467} INFO - Running <TaskInstance: kafka_producer.execute_update_layers scheduled__2026-04-13T18:30:00+00:00 [running]> on host 601f81cefde9
[2026-04-15T15:29:30.275+0000] {taskinstance.py:3134} INFO - Exporting env vars: AIRFLOW_CTX_DAG_OWNER='***' AIRFLOW_CTX_DAG_ID='kafka_producer' AIRFLOW_CTX_TASK_ID='execute_update_layers' AIRFLOW_CTX_EXECUTION_DATE='2026-04-13T18:30:00+00:00' AIRFLOW_CTX_TRY_NUMBER='1' AIRFLOW_CTX_DAG_RUN_ID='scheduled__2026-04-13T18:30:00+00:00'
[2026-04-15T15:29:30.277+0000] {taskinstance.py:732} INFO - ::endgroup::
[2026-04-15T15:29:33.587+0000] {warnings.py:112} WARNING - /home/***/.local/lib/python3.12/site-packages/azure/synapse/artifacts/models/_models_py3.py:175: SyntaxWarning: invalid escape sequence '\d'
  """Execution policy for an activity.

[2026-04-15T15:29:33.588+0000] {warnings.py:112} WARNING - /home/***/.local/lib/python3.12/site-packages/azure/synapse/artifacts/models/_models_py3.py:222: SyntaxWarning: invalid escape sequence '\d'
  """

[2026-04-15T15:29:33.590+0000] {warnings.py:112} WARNING - /home/***/.local/lib/python3.12/site-packages/azure/synapse/artifacts/models/_models_py3.py:1151: SyntaxWarning: invalid escape sequence '\d'
  """A copy activity source.

[2026-04-15T15:29:33.591+0000] {warnings.py:112} WARNING - /home/***/.local/lib/python3.12/site-packages/azure/synapse/artifacts/models/_models_py3.py:1248: SyntaxWarning: invalid escape sequence '\d'
  """

[2026-04-15T15:29:33.592+0000] {warnings.py:112} WARNING - /home/***/.local/lib/python3.12/site-packages/azure/synapse/artifacts/models/_models_py3.py:1271: SyntaxWarning: invalid escape sequence '\d'
  """Copy activity sources of tabular type.

[2026-04-15T15:29:33.593+0000] {warnings.py:112} WARNING - /home/***/.local/lib/python3.12/site-packages/azure/synapse/artifacts/models/_models_py3.py:1406: SyntaxWarning: invalid escape sequence '\d'
  """

[2026-04-15T15:29:33.593+0000] {warnings.py:112} WARNING - /home/***/.local/lib/python3.12/site-packages/azure/synapse/artifacts/models/_models_py3.py:1439: SyntaxWarning: invalid escape sequence '\d'
  """A copy activity Amazon Marketplace Web Service source.

[2026-04-15T15:29:33.594+0000] {warnings.py:112} WARNING - /home/***/.local/lib/python3.12/site-packages/azure/synapse/artifacts/models/_models_py3.py:1495: SyntaxWarning: invalid escape sequence '\d'
  """

[2026-04-15T15:29:33.596+0000] {warnings.py:112} WARNING - /home/***/.local/lib/python3.12/site-packages/azure/synapse/artifacts/models/_models_py3.py:1683: SyntaxWarning: invalid escape sequence '\d'
  """A copy activity AmazonRdsForOracle source.

[2026-04-15T15:29:33.597+0000] {warnings.py:112} WARNING - /home/***/.local/lib/python3.12/site-packages/azure/synapse/artifacts/models/_models_py3.py:1750: SyntaxWarning: invalid escape sequence '\d'
  """

[2026-04-15T15:29:33.598+0000] {warnings.py:112} WARNING - /home/***/.local/lib/python3.12/site-packages/azure/synapse/artifacts/models/_models_py3.py:2025: SyntaxWarning: invalid escape sequence '\d'
  """A copy activity Amazon RDS for SQL Server source.

[2026-04-15T15:29:33.599+0000] {warnings.py:112} WARNING - /home/***/.local/lib/python3.12/site-packages/azure/synapse/artifacts/models/_models_py3.py:2110: SyntaxWarning: invalid escape sequence '\d'
  """

[2026-04-15T15:29:33.600+0000] {warnings.py:112} WARNING - /home/***/.local/lib/python3.12/site-packages/azure/synapse/artifacts/models/_models_py3.py:2407: SyntaxWarning: invalid escape sequence '\d'
  """A copy activity source for Amazon Redshift Source.

[2026-04-15T15:29:33.600+0000] {warnings.py:112} WARNING - /home/***/.local/lib/python3.12/site-packages/azure/synapse/artifacts/models/_models_py3.py:2468: SyntaxWarning: invalid escape sequence '\d'
  """

[2026-04-15T15:29:33.604+0000] {warnings.py:112} WARNING - /home/***/.local/lib/python3.12/site-packages/azure/synapse/artifacts/models/_models_py3.py:3987: SyntaxWarning: invalid escape sequence '\d'
  """A copy activity sink.

[2026-04-15T15:29:33.605+0000] {warnings.py:112} WARNING - /home/***/.local/lib/python3.12/site-packages/azure/synapse/artifacts/models/_models_py3.py:4096: SyntaxWarning: invalid escape sequence '\d'
  """

[2026-04-15T15:29:33.606+0000] {warnings.py:112} WARNING - /home/***/.local/lib/python3.12/site-packages/azure/synapse/artifacts/models/_models_py3.py:4127: SyntaxWarning: invalid escape sequence '\d'
  """A copy activity Avro sink.

[2026-04-15T15:29:33.606+0000] {warnings.py:112} WARNING - /home/***/.local/lib/python3.12/site-packages/azure/synapse/artifacts/models/_models_py3.py:4186: SyntaxWarning: invalid escape sequence '\d'
  """

[2026-04-15T15:29:33.607+0000] {warnings.py:112} WARNING - /home/***/.local/lib/python3.12/site-packages/azure/synapse/artifacts/models/_models_py3.py:4225: SyntaxWarning: invalid escape sequence '\d'
  """A copy activity Avro source.

[2026-04-15T15:29:33.607+0000] {warnings.py:112} WARNING - /home/***/.local/lib/python3.12/site-packages/azure/synapse/artifacts/models/_models_py3.py:4275: SyntaxWarning: invalid escape sequence '\d'
  """

[2026-04-15T15:29:33.609+0000] {warnings.py:112} WARNING - /home/***/.local/lib/python3.12/site-packages/azure/synapse/artifacts/models/_models_py3.py:5209: SyntaxWarning: invalid escape sequence '\d'
  """A copy activity Azure Data Lake Storage Gen2 sink.

[2026-04-15T15:29:33.614+0000] {warnings.py:112} WARNING - /home/***/.local/lib/python3.12/site-packages/azure/synapse/artifacts/models/_models_py3.py:5265: SyntaxWarning: invalid escape sequence '\d'
  """

[2026-04-15T15:29:33.616+0000] {warnings.py:112} WARNING - /home/***/.local/lib/python3.12/site-packages/azure/synapse/artifacts/models/_models_py3.py:5302: SyntaxWarning: invalid escape sequence '\d'
  """A copy activity Azure BlobFS source.

[2026-04-15T15:29:33.617+0000] {warnings.py:112} WARNING - /home/***/.local/lib/python3.12/site-packages/azure/synapse/artifacts/models/_models_py3.py:5358: SyntaxWarning: invalid escape sequence '\d'
  """

[2026-04-15T15:29:33.623+0000] {warnings.py:112} WARNING - /home/***/.local/lib/python3.12/site-packages/azure/synapse/artifacts/models/_models_py3.py:6437: SyntaxWarning: invalid escape sequence '\d'
  """A copy activity Azure Databricks Delta Lake sink.

[2026-04-15T15:29:33.624+0000] {warnings.py:112} WARNING - /home/***/.local/lib/python3.12/site-packages/azure/synapse/artifacts/models/_models_py3.py:6497: SyntaxWarning: invalid escape sequence '\d'
  """

[2026-04-15T15:29:33.625+0000] {warnings.py:112} WARNING - /home/***/.local/lib/python3.12/site-packages/azure/synapse/artifacts/models/_models_py3.py:6538: SyntaxWarning: invalid escape sequence '\d'
  """A copy activity Azure Databricks Delta Lake source.

[2026-04-15T15:29:33.625+0000] {warnings.py:112} WARNING - /home/***/.local/lib/python3.12/site-packages/azure/synapse/artifacts/models/_models_py3.py:6588: SyntaxWarning: invalid escape sequence '\d'
  """

[2026-04-15T15:29:33.627+0000] {warnings.py:112} WARNING - /home/***/.local/lib/python3.12/site-packages/azure/synapse/artifacts/models/_models_py3.py:7023: SyntaxWarning: invalid escape sequence '\d'
  """Azure Data Explorer command activity.

[2026-04-15T15:29:33.628+0000] {warnings.py:112} WARNING - /home/***/.local/lib/python3.12/site-packages/azure/synapse/artifacts/models/_models_py3.py:7096: SyntaxWarning: invalid escape sequence '\d'
  """

[2026-04-15T15:29:33.629+0000] {warnings.py:112} WARNING - /home/***/.local/lib/python3.12/site-packages/azure/synapse/artifacts/models/_models_py3.py:7267: SyntaxWarning: invalid escape sequence '\d'
  """A copy activity Azure Data Explorer sink.

[2026-04-15T15:29:33.629+0000] {warnings.py:112} WARNING - /home/***/.local/lib/python3.12/site-packages/azure/synapse/artifacts/models/_models_py3.py:7333: SyntaxWarning: invalid escape sequence '\d'
  """

[2026-04-15T15:29:33.630+0000] {warnings.py:112} WARNING - /home/***/.local/lib/python3.12/site-packages/azure/synapse/artifacts/models/_models_py3.py:7378: SyntaxWarning: invalid escape sequence '\d'
  """A copy activity Azure Data Explorer (Kusto) source.

[2026-04-15T15:29:33.631+0000] {warnings.py:112} WARNING - /home/***/.local/lib/python3.12/site-packages/azure/synapse/artifacts/models/_models_py3.py:7440: SyntaxWarning: invalid escape sequence '\d'
  """

[2026-04-15T15:29:33.633+0000] {warnings.py:112} WARNING - /home/***/.local/lib/python3.12/site-packages/azure/synapse/artifacts/models/_models_py3.py:8222: SyntaxWarning: invalid escape sequence '\d'
  """A copy activity Azure Data Lake Store sink.

[2026-04-15T15:29:33.634+0000] {warnings.py:112} WARNING - /home/***/.local/lib/python3.12/site-packages/azure/synapse/artifacts/models/_models_py3.py:8282: SyntaxWarning: invalid escape sequence '\d'
  """

[2026-04-15T15:29:33.635+0000] {warnings.py:112} WARNING - /home/***/.local/lib/python3.12/site-packages/azure/synapse/artifacts/models/_models_py3.py:8322: SyntaxWarning: invalid escape sequence '\d'
  """A copy activity Azure Data Lake source.

[2026-04-15T15:29:33.636+0000] {warnings.py:112} WARNING - /home/***/.local/lib/python3.12/site-packages/azure/synapse/artifacts/models/_models_py3.py:8368: SyntaxWarning: invalid escape sequence '\d'
  """

[2026-04-15T15:29:33.638+0000] {warnings.py:112} WARNING - /home/***/.local/lib/python3.12/site-packages/azure/synapse/artifacts/models/_models_py3.py:9475: SyntaxWarning: invalid escape sequence '\d'
  """A copy activity Azure MariaDB source.

[2026-04-15T15:29:33.639+0000] {warnings.py:112} WARNING - /home/***/.local/lib/python3.12/site-packages/azure/synapse/artifacts/models/_models_py3.py:9531: SyntaxWarning: invalid escape sequence '\d'
  """

[2026-04-15T15:29:33.642+0000] {warnings.py:112} WARNING - /home/***/.local/lib/python3.12/site-packages/azure/synapse/artifacts/models/_models_py3.py:10532: SyntaxWarning: invalid escape sequence '\d'
  """A copy activity Azure MySql sink.

[2026-04-15T15:29:33.643+0000] {warnings.py:112} WARNING - /home/***/.local/lib/python3.12/site-packages/azure/synapse/artifacts/models/_models_py3.py:10588: SyntaxWarning: invalid escape sequence '\d'
  """

[2026-04-15T15:29:33.643+0000] {warnings.py:112} WARNING - /home/***/.local/lib/python3.12/site-packages/azure/synapse/artifacts/models/_models_py3.py:10625: SyntaxWarning: invalid escape sequence '\d'
  """A copy activity Azure MySQL source.

[2026-04-15T15:29:33.644+0000] {warnings.py:112} WARNING - /home/***/.local/lib/python3.12/site-packages/azure/synapse/artifacts/models/_models_py3.py:10680: SyntaxWarning: invalid escape sequence '\d'
  """

[2026-04-15T15:29:33.649+0000] {warnings.py:112} WARNING - /home/***/.local/lib/python3.12/site-packages/azure/synapse/artifacts/models/_models_py3.py:10923: SyntaxWarning: invalid escape sequence '\d'
  """A copy activity Azure PostgreSQL sink.

[2026-04-15T15:29:33.650+0000] {warnings.py:112} WARNING - /home/***/.local/lib/python3.12/site-packages/azure/synapse/artifacts/models/_models_py3.py:10979: SyntaxWarning: invalid escape sequence '\d'
  """

[2026-04-15T15:29:33.651+0000] {warnings.py:112} WARNING - /home/***/.local/lib/python3.12/site-packages/azure/synapse/artifacts/models/_models_py3.py:11016: SyntaxWarning: invalid escape sequence '\d'
  """A copy activity Azure PostgreSQL source.

[2026-04-15T15:29:33.652+0000] {warnings.py:112} WARNING - /home/***/.local/lib/python3.12/site-packages/azure/synapse/artifacts/models/_models_py3.py:11072: SyntaxWarning: invalid escape sequence '\d'
  """

[2026-04-15T15:29:33.652+0000] {warnings.py:112} WARNING - /home/***/.local/lib/python3.12/site-packages/azure/synapse/artifacts/models/_models_py3.py:11231: SyntaxWarning: invalid escape sequence '\d'
  """A copy activity Azure Queue sink.

[2026-04-15T15:29:33.653+0000] {warnings.py:112} WARNING - /home/***/.local/lib/python3.12/site-packages/azure/synapse/artifacts/models/_models_py3.py:11282: SyntaxWarning: invalid escape sequence '\d'
  """

[2026-04-15T15:29:33.654+0000] {warnings.py:112} WARNING - /home/***/.local/lib/python3.12/site-packages/azure/synapse/artifacts/models/_models_py3.py:11420: SyntaxWarning: invalid escape sequence '\d'
  """A copy activity Azure Search Index sink.

[2026-04-15T15:29:33.655+0000] {warnings.py:112} WARNING - /home/***/.local/lib/python3.12/site-packages/azure/synapse/artifacts/models/_models_py3.py:11477: SyntaxWarning: invalid escape sequence '\d'
  """

[2026-04-15T15:29:33.657+0000] {warnings.py:112} WARNING - /home/***/.local/lib/python3.12/site-packages/azure/synapse/artifacts/models/_models_py3.py:12300: SyntaxWarning: invalid escape sequence '\d'
  """A copy activity Azure SQL sink.

[2026-04-15T15:29:33.657+0000] {warnings.py:112} WARNING - /home/***/.local/lib/python3.12/site-packages/azure/synapse/artifacts/models/_models_py3.py:12383: SyntaxWarning: invalid escape sequence '\d'
  """

[2026-04-15T15:29:33.658+0000] {warnings.py:112} WARNING - /home/***/.local/lib/python3.12/site-packages/azure/synapse/artifacts/models/_models_py3.py:12439: SyntaxWarning: invalid escape sequence '\d'
  """A copy activity Azure SQL source.

[2026-04-15T15:29:33.658+0000] {warnings.py:112} WARNING - /home/***/.local/lib/python3.12/site-packages/azure/synapse/artifacts/models/_models_py3.py:12524: SyntaxWarning: invalid escape sequence '\d'
  """

[2026-04-15T15:29:33.660+0000] {warnings.py:112} WARNING - /home/***/.local/lib/python3.12/site-packages/azure/synapse/artifacts/models/_models_py3.py:13019: SyntaxWarning: invalid escape sequence '\d'
  """A copy activity Azure Table sink.

[2026-04-15T15:29:33.661+0000] {warnings.py:112} WARNING - /home/***/.local/lib/python3.12/site-packages/azure/synapse/artifacts/models/_models_py3.py:13090: SyntaxWarning: invalid escape sequence '\d'
  """

[2026-04-15T15:29:33.661+0000] {warnings.py:112} WARNING - /home/***/.local/lib/python3.12/site-packages/azure/synapse/artifacts/models/_models_py3.py:13139: SyntaxWarning: invalid escape sequence '\d'
  """A copy activity Azure Table source.

[2026-04-15T15:29:33.662+0000] {warnings.py:112} WARNING - /home/***/.local/lib/python3.12/site-packages/azure/synapse/artifacts/models/_models_py3.py:13200: SyntaxWarning: invalid escape sequence '\d'
  """

[2026-04-15T15:29:33.664+0000] {warnings.py:112} WARNING - /home/***/.local/lib/python3.12/site-packages/azure/synapse/artifacts/models/_models_py3.py:13886: SyntaxWarning: invalid escape sequence '\d'
  """A copy activity Binary sink.

[2026-04-15T15:29:33.665+0000] {warnings.py:112} WARNING - /home/***/.local/lib/python3.12/site-packages/azure/synapse/artifacts/models/_models_py3.py:13941: SyntaxWarning: invalid escape sequence '\d'
  """

[2026-04-15T15:29:33.666+0000] {warnings.py:112} WARNING - /home/***/.local/lib/python3.12/site-packages/azure/synapse/artifacts/models/_models_py3.py:13977: SyntaxWarning: invalid escape sequence '\d'
  """A copy activity Binary source.

[2026-04-15T15:29:33.667+0000] {warnings.py:112} WARNING - /home/***/.local/lib/python3.12/site-packages/azure/synapse/artifacts/models/_models_py3.py:14026: SyntaxWarning: invalid escape sequence '\d'
  """

[2026-04-15T15:29:33.668+0000] {warnings.py:112} WARNING - /home/***/.local/lib/python3.12/site-packages/azure/synapse/artifacts/models/_models_py3.py:14318: SyntaxWarning: invalid escape sequence '\d'
  """A copy activity Azure Blob sink.

[2026-04-15T15:29:33.669+0000] {warnings.py:112} WARNING - /home/***/.local/lib/python3.12/site-packages/azure/synapse/artifacts/models/_models_py3.py:14388: SyntaxWarning: invalid escape sequence '\d'
  """

[2026-04-15T15:29:33.669+0000] {warnings.py:112} WARNING - /home/***/.local/lib/python3.12/site-packages/azure/synapse/artifacts/models/_models_py3.py:14436: SyntaxWarning: invalid escape sequence '\d'
  """A copy activity Azure Blob source.

[2026-04-15T15:29:33.670+0000] {warnings.py:112} WARNING - /home/***/.local/lib/python3.12/site-packages/azure/synapse/artifacts/models/_models_py3.py:14492: SyntaxWarning: invalid escape sequence '\d'
  """

[2026-04-15T15:29:33.671+0000] {warnings.py:112} WARNING - /home/***/.local/lib/python3.12/site-packages/azure/synapse/artifacts/models/_models_py3.py:14744: SyntaxWarning: invalid escape sequence '\d'
  """A copy activity source for a Cassandra database.

[2026-04-15T15:29:33.672+0000] {warnings.py:112} WARNING - /home/***/.local/lib/python3.12/site-packages/azure/synapse/artifacts/models/_models_py3.py:14810: SyntaxWarning: invalid escape sequence '\d'
  """

[2026-04-15T15:29:33.676+0000] {warnings.py:112} WARNING - /home/***/.local/lib/python3.12/site-packages/azure/synapse/artifacts/models/_models_py3.py:15415: SyntaxWarning: invalid escape sequence '\d'
  """A copy activity Common Data Service for Apps sink.

[2026-04-15T15:29:33.676+0000] {warnings.py:112} WARNING - /home/***/.local/lib/python3.12/site-packages/azure/synapse/artifacts/models/_models_py3.py:15482: SyntaxWarning: invalid escape sequence '\d'
  """

[2026-04-15T15:29:33.677+0000] {warnings.py:112} WARNING - /home/***/.local/lib/python3.12/site-packages/azure/synapse/artifacts/models/_models_py3.py:15527: SyntaxWarning: invalid escape sequence '\d'
  """A copy activity Common Data Service for Apps source.

[2026-04-15T15:29:33.678+0000] {warnings.py:112} WARNING - /home/***/.local/lib/python3.12/site-packages/azure/synapse/artifacts/models/_models_py3.py:15578: SyntaxWarning: invalid escape sequence '\d'
  """

[2026-04-15T15:29:33.679+0000] {warnings.py:112} WARNING - /home/***/.local/lib/python3.12/site-packages/azure/synapse/artifacts/models/_models_py3.py:15897: SyntaxWarning: invalid escape sequence '\d'
  """A copy activity Concur Service source.

[2026-04-15T15:29:33.680+0000] {warnings.py:112} WARNING - /home/***/.local/lib/python3.12/site-packages/azure/synapse/artifacts/models/_models_py3.py:15953: SyntaxWarning: invalid escape sequence '\d'
  """

[2026-04-15T15:29:33.682+0000] {warnings.py:112} WARNING - /home/***/.local/lib/python3.12/site-packages/azure/synapse/artifacts/models/_models_py3.py:16617: SyntaxWarning: invalid escape sequence '\d'
  """A copy activity sink for a CosmosDB (MongoDB API) database.

[2026-04-15T15:29:33.683+0000] {warnings.py:112} WARNING - /home/***/.local/lib/python3.12/site-packages/azure/synapse/artifacts/models/_models_py3.py:16674: SyntaxWarning: invalid escape sequence '\d'
  """

[2026-04-15T15:29:33.683+0000] {warnings.py:112} WARNING - /home/***/.local/lib/python3.12/site-packages/azure/synapse/artifacts/models/_models_py3.py:16712: SyntaxWarning: invalid escape sequence '\d'
  """A copy activity source for a CosmosDB (MongoDB API) database.

[2026-04-15T15:29:33.684+0000] {warnings.py:112} WARNING - /home/***/.local/lib/python3.12/site-packages/azure/synapse/artifacts/models/_models_py3.py:16780: SyntaxWarning: invalid escape sequence '\d'
  """

[2026-04-15T15:29:33.685+0000] {warnings.py:112} WARNING - /home/***/.local/lib/python3.12/site-packages/azure/synapse/artifacts/models/_models_py3.py:16932: SyntaxWarning: invalid escape sequence '\d'
  """A copy activity Azure CosmosDB (SQL API) Collection sink.

[2026-04-15T15:29:33.686+0000] {warnings.py:112} WARNING - /home/***/.local/lib/python3.12/site-packages/azure/synapse/artifacts/models/_models_py3.py:16988: SyntaxWarning: invalid escape sequence '\d'
  """

[2026-04-15T15:29:33.686+0000] {warnings.py:112} WARNING - /home/***/.local/lib/python3.12/site-packages/azure/synapse/artifacts/models/_models_py3.py:17025: SyntaxWarning: invalid escape sequence '\d'
  """A copy activity Azure CosmosDB (SQL API) Collection source.

[2026-04-15T15:29:33.687+0000] {warnings.py:112} WARNING - /home/***/.local/lib/python3.12/site-packages/azure/synapse/artifacts/models/_models_py3.py:17090: SyntaxWarning: invalid escape sequence '\d'
  """

[2026-04-15T15:29:33.687+0000] {warnings.py:112} WARNING - /home/***/.local/lib/python3.12/site-packages/azure/synapse/artifacts/models/_models_py3.py:17228: SyntaxWarning: invalid escape sequence '\d'
  """A copy activity Couchbase server source.

[2026-04-15T15:29:33.688+0000] {warnings.py:112} WARNING - /home/***/.local/lib/python3.12/site-packages/azure/synapse/artifacts/models/_models_py3.py:17284: SyntaxWarning: invalid escape sequence '\d'
  """

[2026-04-15T15:29:33.694+0000] {warnings.py:112} WARNING - /home/***/.local/lib/python3.12/site-packages/azure/synapse/artifacts/models/_models_py3.py:20234: SyntaxWarning: invalid escape sequence '\d'
  """A copy activity source for Db2 databases.

[2026-04-15T15:29:33.695+0000] {warnings.py:112} WARNING - /home/***/.local/lib/python3.12/site-packages/azure/synapse/artifacts/models/_models_py3.py:20289: SyntaxWarning: invalid escape sequence '\d'
  """

[2026-04-15T15:29:33.697+0000] {warnings.py:112} WARNING - /home/***/.local/lib/python3.12/site-packages/azure/synapse/artifacts/models/_models_py3.py:20862: SyntaxWarning: invalid escape sequence '\d'
  """A copy activity DelimitedText sink.

[2026-04-15T15:29:33.698+0000] {warnings.py:112} WARNING - /home/***/.local/lib/python3.12/site-packages/azure/synapse/artifacts/models/_models_py3.py:20921: SyntaxWarning: invalid escape sequence '\d'
  """

[2026-04-15T15:29:33.698+0000] {warnings.py:112} WARNING - /home/***/.local/lib/python3.12/site-packages/azure/synapse/artifacts/models/_models_py3.py:20960: SyntaxWarning: invalid escape sequence '\d'
  """A copy activity DelimitedText source.

[2026-04-15T15:29:33.699+0000] {warnings.py:112} WARNING - /home/***/.local/lib/python3.12/site-packages/azure/synapse/artifacts/models/_models_py3.py:21014: SyntaxWarning: invalid escape sequence '\d'
  """

[2026-04-15T15:29:33.707+0000] {warnings.py:112} WARNING - /home/***/.local/lib/python3.12/site-packages/azure/synapse/artifacts/models/_models_py3.py:21316: SyntaxWarning: invalid escape sequence '\d'
  """A copy activity Document Database Collection sink.

[2026-04-15T15:29:33.708+0000] {warnings.py:112} WARNING - /home/***/.local/lib/python3.12/site-packages/azure/synapse/artifacts/models/_models_py3.py:21377: SyntaxWarning: invalid escape sequence '\d'
  """

[2026-04-15T15:29:33.709+0000] {warnings.py:112} WARNING - /home/***/.local/lib/python3.12/site-packages/azure/synapse/artifacts/models/_models_py3.py:21418: SyntaxWarning: invalid escape sequence '\d'
  """A copy activity Document Database Collection source.

[2026-04-15T15:29:33.709+0000] {warnings.py:112} WARNING - /home/***/.local/lib/python3.12/site-packages/azure/synapse/artifacts/models/_models_py3.py:21478: SyntaxWarning: invalid escape sequence '\d'
  """

[2026-04-15T15:29:33.710+0000] {warnings.py:112} WARNING - /home/***/.local/lib/python3.12/site-packages/azure/synapse/artifacts/models/_models_py3.py:21612: SyntaxWarning: invalid escape sequence '\d'
  """A copy activity Drill server source.

[2026-04-15T15:29:33.712+0000] {warnings.py:112} WARNING - /home/***/.local/lib/python3.12/site-packages/azure/synapse/artifacts/models/_models_py3.py:21668: SyntaxWarning: invalid escape sequence '\d'
  """

[2026-04-15T15:29:33.715+0000] {warnings.py:112} WARNING - /home/***/.local/lib/python3.12/site-packages/azure/synapse/artifacts/models/_models_py3.py:22155: SyntaxWarning: invalid escape sequence '\d'
  """A copy activity Dynamics AX source.

[2026-04-15T15:29:33.716+0000] {warnings.py:112} WARNING - /home/***/.local/lib/python3.12/site-packages/azure/synapse/artifacts/models/_models_py3.py:22218: SyntaxWarning: invalid escape sequence '\d'
  """

[2026-04-15T15:29:33.717+0000] {warnings.py:112} WARNING - /home/***/.local/lib/python3.12/site-packages/azure/synapse/artifacts/models/_models_py3.py:22559: SyntaxWarning: invalid escape sequence '\d'
  """A copy activity Dynamics CRM sink.

[2026-04-15T15:29:33.717+0000] {warnings.py:112} WARNING - /home/***/.local/lib/python3.12/site-packages/azure/synapse/artifacts/models/_models_py3.py:22626: SyntaxWarning: invalid escape sequence '\d'
  """

[2026-04-15T15:29:33.718+0000] {warnings.py:112} WARNING - /home/***/.local/lib/python3.12/site-packages/azure/synapse/artifacts/models/_models_py3.py:22671: SyntaxWarning: invalid escape sequence '\d'
  """A copy activity Dynamics CRM source.

[2026-04-15T15:29:33.719+0000] {warnings.py:112} WARNING - /home/***/.local/lib/python3.12/site-packages/azure/synapse/artifacts/models/_models_py3.py:22722: SyntaxWarning: invalid escape sequence '\d'
  """

[2026-04-15T15:29:33.720+0000] {warnings.py:112} WARNING - /home/***/.local/lib/python3.12/site-packages/azure/synapse/artifacts/models/_models_py3.py:23061: SyntaxWarning: invalid escape sequence '\d'
  """A copy activity Dynamics sink.

[2026-04-15T15:29:33.720+0000] {warnings.py:112} WARNING - /home/***/.local/lib/python3.12/site-packages/azure/synapse/artifacts/models/_models_py3.py:23128: SyntaxWarning: invalid escape sequence '\d'
  """

[2026-04-15T15:29:33.721+0000] {warnings.py:112} WARNING - /home/***/.local/lib/python3.12/site-packages/azure/synapse/artifacts/models/_models_py3.py:23173: SyntaxWarning: invalid escape sequence '\d'
  """A copy activity Dynamics source.

[2026-04-15T15:29:33.721+0000] {warnings.py:112} WARNING - /home/***/.local/lib/python3.12/site-packages/azure/synapse/artifacts/models/_models_py3.py:23224: SyntaxWarning: invalid escape sequence '\d'
  """

[2026-04-15T15:29:33.723+0000] {warnings.py:112} WARNING - /home/***/.local/lib/python3.12/site-packages/azure/synapse/artifacts/models/_models_py3.py:23511: SyntaxWarning: invalid escape sequence '\d'
  """A copy activity Eloqua server source.

[2026-04-15T15:29:33.723+0000] {warnings.py:112} WARNING - /home/***/.local/lib/python3.12/site-packages/azure/synapse/artifacts/models/_models_py3.py:23567: SyntaxWarning: invalid escape sequence '\d'
  """

[2026-04-15T15:29:33.725+0000] {warnings.py:112} WARNING - /home/***/.local/lib/python3.12/site-packages/azure/synapse/artifacts/models/_models_py3.py:23968: SyntaxWarning: invalid escape sequence '\d'
  """A copy activity excel source.

[2026-04-15T15:29:33.726+0000] {warnings.py:112} WARNING - /home/***/.local/lib/python3.12/site-packages/azure/synapse/artifacts/models/_models_py3.py:24018: SyntaxWarning: invalid escape sequence '\d'
  """

[2026-04-15T15:29:33.729+0000] {warnings.py:112} WARNING - /home/***/.local/lib/python3.12/site-packages/azure/synapse/artifacts/models/_models_py3.py:25343: SyntaxWarning: invalid escape sequence '\d'
  """A copy activity file system sink.

[2026-04-15T15:29:33.730+0000] {warnings.py:112} WARNING - /home/***/.local/lib/python3.12/site-packages/azure/synapse/artifacts/models/_models_py3.py:25398: SyntaxWarning: invalid escape sequence '\d'
  """

[2026-04-15T15:29:33.730+0000] {warnings.py:112} WARNING - /home/***/.local/lib/python3.12/site-packages/azure/synapse/artifacts/models/_models_py3.py:25434: SyntaxWarning: invalid escape sequence '\d'
  """A copy activity file system source.

[2026-04-15T15:29:33.731+0000] {warnings.py:112} WARNING - /home/***/.local/lib/python3.12/site-packages/azure/synapse/artifacts/models/_models_py3.py:25485: SyntaxWarning: invalid escape sequence '\d'
  """

[2026-04-15T15:29:33.734+0000] {warnings.py:112} WARNING - /home/***/.local/lib/python3.12/site-packages/azure/synapse/artifacts/models/_models_py3.py:26723: SyntaxWarning: invalid escape sequence '\d'
  """A copy activity Google AdWords service source.

[2026-04-15T15:29:33.734+0000] {warnings.py:112} WARNING - /home/***/.local/lib/python3.12/site-packages/azure/synapse/artifacts/models/_models_py3.py:26779: SyntaxWarning: invalid escape sequence '\d'
  """

[2026-04-15T15:29:33.735+0000] {warnings.py:112} WARNING - /home/***/.local/lib/python3.12/site-packages/azure/synapse/artifacts/models/_models_py3.py:27121: SyntaxWarning: invalid escape sequence '\d'
  """A copy activity Google BigQuery service source.

[2026-04-15T15:29:33.736+0000] {warnings.py:112} WARNING - /home/***/.local/lib/python3.12/site-packages/azure/synapse/artifacts/models/_models_py3.py:27177: SyntaxWarning: invalid escape sequence '\d'
  """

[2026-04-15T15:29:33.737+0000] {warnings.py:112} WARNING - /home/***/.local/lib/python3.12/site-packages/azure/synapse/artifacts/models/_models_py3.py:27461: SyntaxWarning: invalid escape sequence '\d'
  """A copy activity Google BigQuery service source.

[2026-04-15T15:29:33.737+0000] {warnings.py:112} WARNING - /home/***/.local/lib/python3.12/site-packages/azure/synapse/artifacts/models/_models_py3.py:27517: SyntaxWarning: invalid escape sequence '\d'
  """

[2026-04-15T15:29:33.739+0000] {warnings.py:112} WARNING - /home/***/.local/lib/python3.12/site-packages/azure/synapse/artifacts/models/_models_py3.py:28053: SyntaxWarning: invalid escape sequence '\d'
  """A copy activity Greenplum Database source.

[2026-04-15T15:29:33.739+0000] {warnings.py:112} WARNING - /home/***/.local/lib/python3.12/site-packages/azure/synapse/artifacts/models/_models_py3.py:28109: SyntaxWarning: invalid escape sequence '\d'
  """

[2026-04-15T15:29:33.741+0000] {warnings.py:112} WARNING - /home/***/.local/lib/python3.12/site-packages/azure/synapse/artifacts/models/_models_py3.py:28536: SyntaxWarning: invalid escape sequence '\d'
  """A copy activity HBase server source.

[2026-04-15T15:29:33.741+0000] {warnings.py:112} WARNING - /home/***/.local/lib/python3.12/site-packages/azure/synapse/artifacts/models/_models_py3.py:28592: SyntaxWarning: invalid escape sequence '\d'
  """

[2026-04-15T15:29:33.743+0000] {warnings.py:112} WARNING - /home/***/.local/lib/python3.12/site-packages/azure/synapse/artifacts/models/_models_py3.py:28932: SyntaxWarning: invalid escape sequence '\d'
  """A copy activity HDFS source.

[2026-04-15T15:29:33.744+0000] {warnings.py:112} WARNING - /home/***/.local/lib/python3.12/site-packages/azure/synapse/artifacts/models/_models_py3.py:28982: SyntaxWarning: invalid escape sequence '\d'
  """

[2026-04-15T15:29:33.747+0000] {warnings.py:112} WARNING - /home/***/.local/lib/python3.12/site-packages/azure/synapse/artifacts/models/_models_py3.py:30727: SyntaxWarning: invalid escape sequence '\d'
  """A copy activity Hive Server source.

[2026-04-15T15:29:33.748+0000] {warnings.py:112} WARNING - /home/***/.local/lib/python3.12/site-packages/azure/synapse/artifacts/models/_models_py3.py:30783: SyntaxWarning: invalid escape sequence '\d'
  """

[2026-04-15T15:29:33.749+0000] {warnings.py:112} WARNING - /home/***/.local/lib/python3.12/site-packages/azure/synapse/artifacts/models/_models_py3.py:31296: SyntaxWarning: invalid escape sequence '\d'
  """A copy activity source for an HTTP file.

[2026-04-15T15:29:33.750+0000] {warnings.py:112} WARNING - /home/***/.local/lib/python3.12/site-packages/azure/synapse/artifacts/models/_models_py3.py:31344: SyntaxWarning: invalid escape sequence '\d'
  """

[2026-04-15T15:29:33.752+0000] {warnings.py:112} WARNING - /home/***/.local/lib/python3.12/site-packages/azure/synapse/artifacts/models/_models_py3.py:31617: SyntaxWarning: invalid escape sequence '\d'
  """A copy activity Hubspot Service source.

[2026-04-15T15:29:33.753+0000] {warnings.py:112} WARNING - /home/***/.local/lib/python3.12/site-packages/azure/synapse/artifacts/models/_models_py3.py:31673: SyntaxWarning: invalid escape sequence '\d'
  """

[2026-04-15T15:29:33.755+0000] {warnings.py:112} WARNING - /home/***/.local/lib/python3.12/site-packages/azure/synapse/artifacts/models/_models_py3.py:32120: SyntaxWarning: invalid escape sequence '\d'
  """A copy activity Impala server source.

[2026-04-15T15:29:33.756+0000] {warnings.py:112} WARNING - /home/***/.local/lib/python3.12/site-packages/azure/synapse/artifacts/models/_models_py3.py:32176: SyntaxWarning: invalid escape sequence '\d'
  """

[2026-04-15T15:29:33.756+0000] {warnings.py:112} WARNING - /home/***/.local/lib/python3.12/site-packages/azure/synapse/artifacts/models/_models_py3.py:32339: SyntaxWarning: invalid escape sequence '\d'
  """A copy activity Informix sink.

[2026-04-15T15:29:33.757+0000] {warnings.py:112} WARNING - /home/***/.local/lib/python3.12/site-packages/azure/synapse/artifacts/models/_models_py3.py:32395: SyntaxWarning: invalid escape sequence '\d'
  """

[2026-04-15T15:29:33.758+0000] {warnings.py:112} WARNING - /home/***/.local/lib/python3.12/site-packages/azure/synapse/artifacts/models/_models_py3.py:32432: SyntaxWarning: invalid escape sequence '\d'
  """A copy activity source for Informix.

[2026-04-15T15:29:33.759+0000] {warnings.py:112} WARNING - /home/***/.local/lib/python3.12/site-packages/azure/synapse/artifacts/models/_models_py3.py:32487: SyntaxWarning: invalid escape sequence '\d'
  """

[2026-04-15T15:29:33.761+0000] {warnings.py:112} WARNING - /home/***/.local/lib/python3.12/site-packages/azure/synapse/artifacts/models/_models_py3.py:33502: SyntaxWarning: invalid escape sequence '\d'
  """A copy activity Jira Service source.

[2026-04-15T15:29:33.762+0000] {warnings.py:112} WARNING - /home/***/.local/lib/python3.12/site-packages/azure/synapse/artifacts/models/_models_py3.py:33558: SyntaxWarning: invalid escape sequence '\d'
  """

[2026-04-15T15:29:33.763+0000] {warnings.py:112} WARNING - /home/***/.local/lib/python3.12/site-packages/azure/synapse/artifacts/models/_models_py3.py:33869: SyntaxWarning: invalid escape sequence '\d'
  """A copy activity Json sink.

[2026-04-15T15:29:33.764+0000] {warnings.py:112} WARNING - /home/***/.local/lib/python3.12/site-packages/azure/synapse/artifacts/models/_models_py3.py:33928: SyntaxWarning: invalid escape sequence '\d'
  """

[2026-04-15T15:29:33.764+0000] {warnings.py:112} WARNING - /home/***/.local/lib/python3.12/site-packages/azure/synapse/artifacts/models/_models_py3.py:33967: SyntaxWarning: invalid escape sequence '\d'
  """A copy activity Json source.

[2026-04-15T15:29:33.765+0000] {warnings.py:112} WARNING - /home/***/.local/lib/python3.12/site-packages/azure/synapse/artifacts/models/_models_py3.py:34021: SyntaxWarning: invalid escape sequence '\d'
  """

[2026-04-15T15:29:33.767+0000] {warnings.py:112} WARNING - /home/***/.local/lib/python3.12/site-packages/azure/synapse/artifacts/models/_models_py3.py:34739: SyntaxWarning: invalid escape sequence '\d'
  """A copy activity for Microsoft Fabric LakeHouse Table sink.

[2026-04-15T15:29:33.768+0000] {warnings.py:112} WARNING - /home/***/.local/lib/python3.12/site-packages/azure/synapse/artifacts/models/_models_py3.py:34806: SyntaxWarning: invalid escape sequence '\d'
  """

[2026-04-15T15:29:33.768+0000] {warnings.py:112} WARNING - /home/***/.local/lib/python3.12/site-packages/azure/synapse/artifacts/models/_models_py3.py:34852: SyntaxWarning: invalid escape sequence '\d'
  """A copy activity source for Microsoft Fabric LakeHouse Table.

[2026-04-15T15:29:33.769+0000] {warnings.py:112} WARNING - /home/***/.local/lib/python3.12/site-packages/azure/synapse/artifacts/models/_models_py3.py:34908: SyntaxWarning: invalid escape sequence '\d'
  """

[2026-04-15T15:29:33.774+0000] {warnings.py:112} WARNING - /home/***/.local/lib/python3.12/site-packages/azure/synapse/artifacts/models/_models_py3.py:36915: SyntaxWarning: invalid escape sequence '\d'
  """A copy activity Magento server source.

[2026-04-15T15:29:33.774+0000] {warnings.py:112} WARNING - /home/***/.local/lib/python3.12/site-packages/azure/synapse/artifacts/models/_models_py3.py:36971: SyntaxWarning: invalid escape sequence '\d'
  """

[2026-04-15T15:29:33.776+0000] {warnings.py:112} WARNING - /home/***/.local/lib/python3.12/site-packages/azure/synapse/artifacts/models/_models_py3.py:37417: SyntaxWarning: invalid escape sequence '\d'
  """A copy activity MariaDB server source.

[2026-04-15T15:29:33.777+0000] {warnings.py:112} WARNING - /home/***/.local/lib/python3.12/site-packages/azure/synapse/artifacts/models/_models_py3.py:37473: SyntaxWarning: invalid escape sequence '\d'
  """

[2026-04-15T15:29:33.778+0000] {warnings.py:112} WARNING - /home/***/.local/lib/python3.12/site-packages/azure/synapse/artifacts/models/_models_py3.py:37845: SyntaxWarning: invalid escape sequence '\d'
  """A copy activity Marketo server source.

[2026-04-15T15:29:33.778+0000] {warnings.py:112} WARNING - /home/***/.local/lib/python3.12/site-packages/azure/synapse/artifacts/models/_models_py3.py:37901: SyntaxWarning: invalid escape sequence '\d'
  """

[2026-04-15T15:29:33.779+0000] {warnings.py:112} WARNING - /home/***/.local/lib/python3.12/site-packages/azure/synapse/artifacts/models/_models_py3.py:38208: SyntaxWarning: invalid escape sequence '\d'
  """A copy activity Microsoft Access sink.

[2026-04-15T15:29:33.780+0000] {warnings.py:112} WARNING - /home/***/.local/lib/python3.12/site-packages/azure/synapse/artifacts/models/_models_py3.py:38264: SyntaxWarning: invalid escape sequence '\d'
  """

[2026-04-15T15:29:33.781+0000] {warnings.py:112} WARNING - /home/***/.local/lib/python3.12/site-packages/azure/synapse/artifacts/models/_models_py3.py:38301: SyntaxWarning: invalid escape sequence '\d'
  """A copy activity source for Microsoft Access.

[2026-04-15T15:29:33.781+0000] {warnings.py:112} WARNING - /home/***/.local/lib/python3.12/site-packages/azure/synapse/artifacts/models/_models_py3.py:38351: SyntaxWarning: invalid escape sequence '\d'
  """

[2026-04-15T15:29:33.782+0000] {warnings.py:112} WARNING - /home/***/.local/lib/python3.12/site-packages/azure/synapse/artifacts/models/_models_py3.py:38690: SyntaxWarning: invalid escape sequence '\d'
  """A copy activity source for a MongoDB Atlas database.

[2026-04-15T15:29:33.783+0000] {warnings.py:112} WARNING - /home/***/.local/lib/python3.12/site-packages/azure/synapse/artifacts/models/_models_py3.py:38758: SyntaxWarning: invalid escape sequence '\d'
  """

[2026-04-15T15:29:33.784+0000] {warnings.py:112} WARNING - /home/***/.local/lib/python3.12/site-packages/azure/synapse/artifacts/models/_models_py3.py:39141: SyntaxWarning: invalid escape sequence '\d'
  """A copy activity source for a MongoDB database.

[2026-04-15T15:29:33.785+0000] {warnings.py:112} WARNING - /home/***/.local/lib/python3.12/site-packages/azure/synapse/artifacts/models/_models_py3.py:39192: SyntaxWarning: invalid escape sequence '\d'
  """

[2026-04-15T15:29:33.786+0000] {warnings.py:112} WARNING - /home/***/.local/lib/python3.12/site-packages/azure/synapse/artifacts/models/_models_py3.py:39419: SyntaxWarning: invalid escape sequence '\d'
  """A copy activity source for a MongoDB database.

[2026-04-15T15:29:33.787+0000] {warnings.py:112} WARNING - /home/***/.local/lib/python3.12/site-packages/azure/synapse/artifacts/models/_models_py3.py:39487: SyntaxWarning: invalid escape sequence '\d'
  """

[2026-04-15T15:29:33.788+0000] {warnings.py:112} WARNING - /home/***/.local/lib/python3.12/site-packages/azure/synapse/artifacts/models/_models_py3.py:39683: SyntaxWarning: invalid escape sequence '\d'
  """A copy activity source for MySQL databases.

[2026-04-15T15:29:33.788+0000] {warnings.py:112} WARNING - /home/***/.local/lib/python3.12/site-packages/azure/synapse/artifacts/models/_models_py3.py:39738: SyntaxWarning: invalid escape sequence '\d'
  """

[2026-04-15T15:29:33.790+0000] {warnings.py:112} WARNING - /home/***/.local/lib/python3.12/site-packages/azure/synapse/artifacts/models/_models_py3.py:40019: SyntaxWarning: invalid escape sequence '\d'
  """A copy activity Netezza source.

[2026-04-15T15:29:33.791+0000] {warnings.py:112} WARNING - /home/***/.local/lib/python3.12/site-packages/azure/synapse/artifacts/models/_models_py3.py:40084: SyntaxWarning: invalid escape sequence '\d'
  """

[2026-04-15T15:29:33.793+0000] {warnings.py:112} WARNING - /home/***/.local/lib/python3.12/site-packages/azure/synapse/artifacts/models/_models_py3.py:41138: SyntaxWarning: invalid escape sequence '\d'
  """A copy activity source for OData source.

[2026-04-15T15:29:33.794+0000] {warnings.py:112} WARNING - /home/***/.local/lib/python3.12/site-packages/azure/synapse/artifacts/models/_models_py3.py:41196: SyntaxWarning: invalid escape sequence '\d'
  """

[2026-04-15T15:29:33.795+0000] {warnings.py:112} WARNING - /home/***/.local/lib/python3.12/site-packages/azure/synapse/artifacts/models/_models_py3.py:41359: SyntaxWarning: invalid escape sequence '\d'
  """A copy activity ODBC sink.

[2026-04-15T15:29:33.795+0000] {warnings.py:112} WARNING - /home/***/.local/lib/python3.12/site-packages/azure/synapse/artifacts/models/_models_py3.py:41415: SyntaxWarning: invalid escape sequence '\d'
  """

[2026-04-15T15:29:33.796+0000] {warnings.py:112} WARNING - /home/***/.local/lib/python3.12/site-packages/azure/synapse/artifacts/models/_models_py3.py:41452: SyntaxWarning: invalid escape sequence '\d'
  """A copy activity source for ODBC databases.

[2026-04-15T15:29:33.797+0000] {warnings.py:112} WARNING - /home/***/.local/lib/python3.12/site-packages/azure/synapse/artifacts/models/_models_py3.py:41507: SyntaxWarning: invalid escape sequence '\d'
  """

[2026-04-15T15:29:33.798+0000] {warnings.py:112} WARNING - /home/***/.local/lib/python3.12/site-packages/azure/synapse/artifacts/models/_models_py3.py:41875: SyntaxWarning: invalid escape sequence '\d'
  """A copy activity source for an Office 365 service.

[2026-04-15T15:29:33.799+0000] {warnings.py:112} WARNING - /home/***/.local/lib/python3.12/site-packages/azure/synapse/artifacts/models/_models_py3.py:41947: SyntaxWarning: invalid escape sequence '\d'
  """

[2026-04-15T15:29:33.813+0000] {warnings.py:112} WARNING - /home/***/.local/lib/python3.12/site-packages/azure/synapse/artifacts/models/_models_py3.py:42441: SyntaxWarning: invalid escape sequence '\d'
  """A copy activity Oracle Service Cloud source.

[2026-04-15T15:29:33.814+0000] {warnings.py:112} WARNING - /home/***/.local/lib/python3.12/site-packages/azure/synapse/artifacts/models/_models_py3.py:42497: SyntaxWarning: invalid escape sequence '\d'
  """

[2026-04-15T15:29:33.815+0000] {warnings.py:112} WARNING - /home/***/.local/lib/python3.12/site-packages/azure/synapse/artifacts/models/_models_py3.py:42534: SyntaxWarning: invalid escape sequence '\d'
  """A copy activity Oracle sink.

[2026-04-15T15:29:33.815+0000] {warnings.py:112} WARNING - /home/***/.local/lib/python3.12/site-packages/azure/synapse/artifacts/models/_models_py3.py:42590: SyntaxWarning: invalid escape sequence '\d'
  """

[2026-04-15T15:29:33.816+0000] {warnings.py:112} WARNING - /home/***/.local/lib/python3.12/site-packages/azure/synapse/artifacts/models/_models_py3.py:42627: SyntaxWarning: invalid escape sequence '\d'
  """A copy activity Oracle source.

[2026-04-15T15:29:33.817+0000] {warnings.py:112} WARNING - /home/***/.local/lib/python3.12/site-packages/azure/synapse/artifacts/models/_models_py3.py:42692: SyntaxWarning: invalid escape sequence '\d'
  """

[2026-04-15T15:29:33.818+0000] {warnings.py:112} WARNING - /home/***/.local/lib/python3.12/site-packages/azure/synapse/artifacts/models/_models_py3.py:43020: SyntaxWarning: invalid escape sequence '\d'
  """A copy activity ORC sink.

[2026-04-15T15:29:33.818+0000] {warnings.py:112} WARNING - /home/***/.local/lib/python3.12/site-packages/azure/synapse/artifacts/models/_models_py3.py:43079: SyntaxWarning: invalid escape sequence '\d'
  """

[2026-04-15T15:29:33.819+0000] {warnings.py:112} WARNING - /home/***/.local/lib/python3.12/site-packages/azure/synapse/artifacts/models/_models_py3.py:43118: SyntaxWarning: invalid escape sequence '\d'
  """A copy activity ORC source.

[2026-04-15T15:29:33.820+0000] {warnings.py:112} WARNING - /home/***/.local/lib/python3.12/site-packages/azure/synapse/artifacts/models/_models_py3.py:43168: SyntaxWarning: invalid escape sequence '\d'
  """

[2026-04-15T15:29:33.822+0000] {warnings.py:112} WARNING - /home/***/.local/lib/python3.12/site-packages/azure/synapse/artifacts/models/_models_py3.py:43514: SyntaxWarning: invalid escape sequence '\d'
  """A copy activity Parquet sink.

[2026-04-15T15:29:33.823+0000] {warnings.py:112} WARNING - /home/***/.local/lib/python3.12/site-packages/azure/synapse/artifacts/models/_models_py3.py:43573: SyntaxWarning: invalid escape sequence '\d'
  """

[2026-04-15T15:29:33.823+0000] {warnings.py:112} WARNING - /home/***/.local/lib/python3.12/site-packages/azure/synapse/artifacts/models/_models_py3.py:43612: SyntaxWarning: invalid escape sequence '\d'
  """A copy activity Parquet source.

[2026-04-15T15:29:33.824+0000] {warnings.py:112} WARNING - /home/***/.local/lib/python3.12/site-packages/azure/synapse/artifacts/models/_models_py3.py:43666: SyntaxWarning: invalid escape sequence '\d'
  """

[2026-04-15T15:29:33.826+0000] {warnings.py:112} WARNING - /home/***/.local/lib/python3.12/site-packages/azure/synapse/artifacts/models/_models_py3.py:43989: SyntaxWarning: invalid escape sequence '\d'
  """A copy activity Paypal Service source.

[2026-04-15T15:29:33.826+0000] {warnings.py:112} WARNING - /home/***/.local/lib/python3.12/site-packages/azure/synapse/artifacts/models/_models_py3.py:44045: SyntaxWarning: invalid escape sequence '\d'
  """

[2026-04-15T15:29:33.827+0000] {warnings.py:112} WARNING - /home/***/.local/lib/python3.12/site-packages/azure/synapse/artifacts/models/_models_py3.py:44386: SyntaxWarning: invalid escape sequence '\d'
  """A copy activity Phoenix server source.

[2026-04-15T15:29:33.828+0000] {warnings.py:112} WARNING - /home/***/.local/lib/python3.12/site-packages/azure/synapse/artifacts/models/_models_py3.py:44442: SyntaxWarning: invalid escape sequence '\d'
  """

[2026-04-15T15:29:33.832+0000] {warnings.py:112} WARNING - /home/***/.local/lib/python3.12/site-packages/azure/synapse/artifacts/models/_models_py3.py:45003: SyntaxWarning: invalid escape sequence '\d'
  """A copy activity source for PostgreSQL databases.

[2026-04-15T15:29:33.833+0000] {warnings.py:112} WARNING - /home/***/.local/lib/python3.12/site-packages/azure/synapse/artifacts/models/_models_py3.py:45058: SyntaxWarning: invalid escape sequence '\d'
  """

[2026-04-15T15:29:33.834+0000] {warnings.py:112} WARNING - /home/***/.local/lib/python3.12/site-packages/azure/synapse/artifacts/models/_models_py3.py:45444: SyntaxWarning: invalid escape sequence '\d'
  """A copy activity source for PostgreSQL databases.

[2026-04-15T15:29:33.836+0000] {warnings.py:112} WARNING - /home/***/.local/lib/python3.12/site-packages/azure/synapse/artifacts/models/_models_py3.py:45499: SyntaxWarning: invalid escape sequence '\d'
  """

[2026-04-15T15:29:33.838+0000] {warnings.py:112} WARNING - /home/***/.local/lib/python3.12/site-packages/azure/synapse/artifacts/models/_models_py3.py:46042: SyntaxWarning: invalid escape sequence '\d'
  """A copy activity Presto server source.

[2026-04-15T15:29:33.838+0000] {warnings.py:112} WARNING - /home/***/.local/lib/python3.12/site-packages/azure/synapse/artifacts/models/_models_py3.py:46098: SyntaxWarning: invalid escape sequence '\d'
  """

[2026-04-15T15:29:33.840+0000] {warnings.py:112} WARNING - /home/***/.local/lib/python3.12/site-packages/azure/synapse/artifacts/models/_models_py3.py:46702: SyntaxWarning: invalid escape sequence '\d'
  """A copy activity QuickBooks server source.

[2026-04-15T15:29:33.841+0000] {warnings.py:112} WARNING - /home/***/.local/lib/python3.12/site-packages/azure/synapse/artifacts/models/_models_py3.py:46758: SyntaxWarning: invalid escape sequence '\d'
  """

[2026-04-15T15:29:33.842+0000] {warnings.py:112} WARNING - /home/***/.local/lib/python3.12/site-packages/azure/synapse/artifacts/models/_models_py3.py:47000: SyntaxWarning: invalid escape sequence '\d'
  """A copy activity source for various relational databases.

[2026-04-15T15:29:33.842+0000] {warnings.py:112} WARNING - /home/***/.local/lib/python3.12/site-packages/azure/synapse/artifacts/models/_models_py3.py:47050: SyntaxWarning: invalid escape sequence '\d'
  """

[2026-04-15T15:29:33.844+0000] {warnings.py:112} WARNING - /home/***/.local/lib/python3.12/site-packages/azure/synapse/artifacts/models/_models_py3.py:47648: SyntaxWarning: invalid escape sequence '\d'
  """A copy activity Responsys source.

[2026-04-15T15:29:33.845+0000] {warnings.py:112} WARNING - /home/***/.local/lib/python3.12/site-packages/azure/synapse/artifacts/models/_models_py3.py:47704: SyntaxWarning: invalid escape sequence '\d'
  """

[2026-04-15T15:29:33.847+0000] {warnings.py:112} WARNING - /home/***/.local/lib/python3.12/site-packages/azure/synapse/artifacts/models/_models_py3.py:48113: SyntaxWarning: invalid escape sequence '\d'
  """A copy activity Rest service Sink.

[2026-04-15T15:29:33.847+0000] {warnings.py:112} WARNING - /home/***/.local/lib/python3.12/site-packages/azure/synapse/artifacts/models/_models_py3.py:48190: SyntaxWarning: invalid escape sequence '\d'
  """

[2026-04-15T15:29:33.848+0000] {warnings.py:112} WARNING - /home/***/.local/lib/python3.12/site-packages/azure/synapse/artifacts/models/_models_py3.py:48244: SyntaxWarning: invalid escape sequence '\d'
  """A copy activity Rest service source.

[2026-04-15T15:29:33.849+0000] {warnings.py:112} WARNING - /home/***/.local/lib/python3.12/site-packages/azure/synapse/artifacts/models/_models_py3.py:48321: SyntaxWarning: invalid escape sequence '\d'
  """

[2026-04-15T15:29:33.852+0000] {warnings.py:112} WARNING - /home/***/.local/lib/python3.12/site-packages/azure/synapse/artifacts/models/_models_py3.py:49499: SyntaxWarning: invalid escape sequence '\d'
  """A copy activity Salesforce Marketing Cloud source.

[2026-04-15T15:29:33.853+0000] {warnings.py:112} WARNING - /home/***/.local/lib/python3.12/site-packages/azure/synapse/artifacts/models/_models_py3.py:49555: SyntaxWarning: invalid escape sequence '\d'
  """

[2026-04-15T15:29:33.854+0000] {warnings.py:112} WARNING - /home/***/.local/lib/python3.12/site-packages/azure/synapse/artifacts/models/_models_py3.py:49932: SyntaxWarning: invalid escape sequence '\d'
  """A copy activity Salesforce Service Cloud sink.

[2026-04-15T15:29:33.855+0000] {warnings.py:112} WARNING - /home/***/.local/lib/python3.12/site-packages/azure/synapse/artifacts/models/_models_py3.py:50002: SyntaxWarning: invalid escape sequence '\d'
  """

[2026-04-15T15:29:33.856+0000] {warnings.py:112} WARNING - /home/***/.local/lib/python3.12/site-packages/azure/synapse/artifacts/models/_models_py3.py:50052: SyntaxWarning: invalid escape sequence '\d'
  """A copy activity Salesforce Service Cloud source.

[2026-04-15T15:29:33.856+0000] {warnings.py:112} WARNING - /home/***/.local/lib/python3.12/site-packages/azure/synapse/artifacts/models/_models_py3.py:50107: SyntaxWarning: invalid escape sequence '\d'
  """

[2026-04-15T15:29:33.858+0000] {warnings.py:112} WARNING - /home/***/.local/lib/python3.12/site-packages/azure/synapse/artifacts/models/_models_py3.py:50379: SyntaxWarning: invalid escape sequence '\d'
  """A copy activity Salesforce Service Cloud V2 sink.

[2026-04-15T15:29:33.858+0000] {warnings.py:112} WARNING - /home/***/.local/lib/python3.12/site-packages/azure/synapse/artifacts/models/_models_py3.py:50449: SyntaxWarning: invalid escape sequence '\d'
  """

[2026-04-15T15:29:33.859+0000] {warnings.py:112} WARNING - /home/***/.local/lib/python3.12/site-packages/azure/synapse/artifacts/models/_models_py3.py:50499: SyntaxWarning: invalid escape sequence '\d'
  """A copy activity Salesforce Service Cloud V2 source.

[2026-04-15T15:29:33.859+0000] {warnings.py:112} WARNING - /home/***/.local/lib/python3.12/site-packages/azure/synapse/artifacts/models/_models_py3.py:50554: SyntaxWarning: invalid escape sequence '\d'
  """

[2026-04-15T15:29:33.860+0000] {warnings.py:112} WARNING - /home/***/.local/lib/python3.12/site-packages/azure/synapse/artifacts/models/_models_py3.py:50590: SyntaxWarning: invalid escape sequence '\d'
  """A copy activity Salesforce sink.

[2026-04-15T15:29:33.861+0000] {warnings.py:112} WARNING - /home/***/.local/lib/python3.12/site-packages/azure/synapse/artifacts/models/_models_py3.py:50660: SyntaxWarning: invalid escape sequence '\d'
  """

[2026-04-15T15:29:33.861+0000] {warnings.py:112} WARNING - /home/***/.local/lib/python3.12/site-packages/azure/synapse/artifacts/models/_models_py3.py:50710: SyntaxWarning: invalid escape sequence '\d'
  """A copy activity Salesforce source.

[2026-04-15T15:29:33.862+0000] {warnings.py:112} WARNING - /home/***/.local/lib/python3.12/site-packages/azure/synapse/artifacts/models/_models_py3.py:50770: SyntaxWarning: invalid escape sequence '\d'
  """

[2026-04-15T15:29:33.863+0000] {warnings.py:112} WARNING - /home/***/.local/lib/python3.12/site-packages/azure/synapse/artifacts/models/_models_py3.py:51046: SyntaxWarning: invalid escape sequence '\d'
  """A copy activity Salesforce V2 sink.

[2026-04-15T15:29:33.864+0000] {warnings.py:112} WARNING - /home/***/.local/lib/python3.12/site-packages/azure/synapse/artifacts/models/_models_py3.py:51116: SyntaxWarning: invalid escape sequence '\d'
  """

[2026-04-15T15:29:33.865+0000] {warnings.py:112} WARNING - /home/***/.local/lib/python3.12/site-packages/azure/synapse/artifacts/models/_models_py3.py:51166: SyntaxWarning: invalid escape sequence '\d'
  """A copy activity Salesforce V2 source.

[2026-04-15T15:29:33.865+0000] {warnings.py:112} WARNING - /home/***/.local/lib/python3.12/site-packages/azure/synapse/artifacts/models/_models_py3.py:51226: SyntaxWarning: invalid escape sequence '\d'
  """

[2026-04-15T15:29:33.867+0000] {warnings.py:112} WARNING - /home/***/.local/lib/python3.12/site-packages/azure/synapse/artifacts/models/_models_py3.py:51485: SyntaxWarning: invalid escape sequence '\d'
  """A copy activity source for SapBW server via MDX.

[2026-04-15T15:29:33.868+0000] {warnings.py:112} WARNING - /home/***/.local/lib/python3.12/site-packages/azure/synapse/artifacts/models/_models_py3.py:51540: SyntaxWarning: invalid escape sequence '\d'
  """

[2026-04-15T15:29:33.869+0000] {warnings.py:112} WARNING - /home/***/.local/lib/python3.12/site-packages/azure/synapse/artifacts/models/_models_py3.py:51787: SyntaxWarning: invalid escape sequence '\d'
  """A copy activity SAP Cloud for Customer sink.

[2026-04-15T15:29:33.870+0000] {warnings.py:112} WARNING - /home/***/.local/lib/python3.12/site-packages/azure/synapse/artifacts/models/_models_py3.py:51851: SyntaxWarning: invalid escape sequence '\d'
  """

[2026-04-15T15:29:33.871+0000] {warnings.py:112} WARNING - /home/***/.local/lib/python3.12/site-packages/azure/synapse/artifacts/models/_models_py3.py:51895: SyntaxWarning: invalid escape sequence '\d'
  """A copy activity source for SAP Cloud for Customer source.

[2026-04-15T15:29:33.871+0000] {warnings.py:112} WARNING - /home/***/.local/lib/python3.12/site-packages/azure/synapse/artifacts/models/_models_py3.py:51958: SyntaxWarning: invalid escape sequence '\d'
  """

[2026-04-15T15:29:33.872+0000] {warnings.py:112} WARNING - /home/***/.local/lib/python3.12/site-packages/azure/synapse/artifacts/models/_models_py3.py:52212: SyntaxWarning: invalid escape sequence '\d'
  """A copy activity source for SAP ECC source.

[2026-04-15T15:29:33.873+0000] {warnings.py:112} WARNING - /home/***/.local/lib/python3.12/site-packages/azure/synapse/artifacts/models/_models_py3.py:52275: SyntaxWarning: invalid escape sequence '\d'
  """

[2026-04-15T15:29:33.874+0000] {warnings.py:112} WARNING - /home/***/.local/lib/python3.12/site-packages/azure/synapse/artifacts/models/_models_py3.py:52463: SyntaxWarning: invalid escape sequence '\d'
  """A copy activity source for SAP HANA source.

[2026-04-15T15:29:33.874+0000] {warnings.py:112} WARNING - /home/***/.local/lib/python3.12/site-packages/azure/synapse/artifacts/models/_models_py3.py:52532: SyntaxWarning: invalid escape sequence '\d'
  """

[2026-04-15T15:29:33.876+0000] {warnings.py:112} WARNING - /home/***/.local/lib/python3.12/site-packages/azure/synapse/artifacts/models/_models_py3.py:53040: SyntaxWarning: invalid escape sequence '\d'
  """A copy activity source for SAP ODP source.

[2026-04-15T15:29:33.877+0000] {warnings.py:112} WARNING - /home/***/.local/lib/python3.12/site-packages/azure/synapse/artifacts/models/_models_py3.py:53111: SyntaxWarning: invalid escape sequence '\d'
  """

[2026-04-15T15:29:33.878+0000] {warnings.py:112} WARNING - /home/***/.local/lib/python3.12/site-packages/azure/synapse/artifacts/models/_models_py3.py:53334: SyntaxWarning: invalid escape sequence '\d'
  """A copy activity source for SAP Business Warehouse Open Hub Destination source.

[2026-04-15T15:29:33.878+0000] {warnings.py:112} WARNING - /home/***/.local/lib/python3.12/site-packages/azure/synapse/artifacts/models/_models_py3.py:53407: SyntaxWarning: invalid escape sequence '\d'
  """

[2026-04-15T15:29:33.880+0000] {warnings.py:112} WARNING - /home/***/.local/lib/python3.12/site-packages/azure/synapse/artifacts/models/_models_py3.py:53961: SyntaxWarning: invalid escape sequence '\d'
  """A copy activity source for SAP Table source.

[2026-04-15T15:29:33.881+0000] {warnings.py:112} WARNING - /home/***/.local/lib/python3.12/site-packages/azure/synapse/artifacts/models/_models_py3.py:54059: SyntaxWarning: invalid escape sequence '\d'
  """

[2026-04-15T15:29:33.882+0000] {warnings.py:112} WARNING - /home/***/.local/lib/python3.12/site-packages/azure/synapse/artifacts/models/_models_py3.py:54322: SyntaxWarning: invalid escape sequence '\d'
  """Script activity type.

[2026-04-15T15:29:33.883+0000] {warnings.py:112} WARNING - /home/***/.local/lib/python3.12/site-packages/azure/synapse/artifacts/models/_models_py3.py:54398: SyntaxWarning: invalid escape sequence '\d'
  """

[2026-04-15T15:29:33.885+0000] {warnings.py:112} WARNING - /home/***/.local/lib/python3.12/site-packages/azure/synapse/artifacts/models/_models_py3.py:55022: SyntaxWarning: invalid escape sequence '\d'
  """A copy activity ServiceNow server source.

[2026-04-15T15:29:33.886+0000] {warnings.py:112} WARNING - /home/***/.local/lib/python3.12/site-packages/azure/synapse/artifacts/models/_models_py3.py:55078: SyntaxWarning: invalid escape sequence '\d'
  """

[2026-04-15T15:29:33.887+0000] {warnings.py:112} WARNING - /home/***/.local/lib/python3.12/site-packages/azure/synapse/artifacts/models/_models_py3.py:55310: SyntaxWarning: invalid escape sequence '\d'
  """A copy activity ServiceNowV2 server source.

[2026-04-15T15:29:33.888+0000] {warnings.py:112} WARNING - /home/***/.local/lib/python3.12/site-packages/azure/synapse/artifacts/models/_models_py3.py:55365: SyntaxWarning: invalid escape sequence '\d'
  """

[2026-04-15T15:29:33.890+0000] {warnings.py:112} WARNING - /home/***/.local/lib/python3.12/site-packages/azure/synapse/artifacts/models/_models_py3.py:56196: SyntaxWarning: invalid escape sequence '\d'
  """A copy activity source for sharePoint online list source.

[2026-04-15T15:29:33.890+0000] {warnings.py:112} WARNING - /home/***/.local/lib/python3.12/site-packages/azure/synapse/artifacts/models/_models_py3.py:56248: SyntaxWarning: invalid escape sequence '\d'
  """

[2026-04-15T15:29:33.892+0000] {warnings.py:112} WARNING - /home/***/.local/lib/python3.12/site-packages/azure/synapse/artifacts/models/_models_py3.py:56508: SyntaxWarning: invalid escape sequence '\d'
  """A copy activity Shopify Service source.

[2026-04-15T15:29:33.893+0000] {warnings.py:112} WARNING - /home/***/.local/lib/python3.12/site-packages/azure/synapse/artifacts/models/_models_py3.py:56564: SyntaxWarning: invalid escape sequence '\d'
  """

[2026-04-15T15:29:33.894+0000] {warnings.py:112} WARNING - /home/***/.local/lib/python3.12/site-packages/azure/synapse/artifacts/models/_models_py3.py:57087: SyntaxWarning: invalid escape sequence '\d'
  """A copy activity snowflake sink.

[2026-04-15T15:29:33.895+0000] {warnings.py:112} WARNING - /home/***/.local/lib/python3.12/site-packages/azure/synapse/artifacts/models/_models_py3.py:57147: SyntaxWarning: invalid escape sequence '\d'
  """

[2026-04-15T15:29:33.896+0000] {warnings.py:112} WARNING - /home/***/.local/lib/python3.12/site-packages/azure/synapse/artifacts/models/_models_py3.py:57187: SyntaxWarning: invalid escape sequence '\d'
  """A copy activity snowflake source.

[2026-04-15T15:29:33.896+0000] {warnings.py:112} WARNING - /home/***/.local/lib/python3.12/site-packages/azure/synapse/artifacts/models/_models_py3.py:57237: SyntaxWarning: invalid escape sequence '\d'
  """

[2026-04-15T15:29:33.898+0000] {warnings.py:112} WARNING - /home/***/.local/lib/python3.12/site-packages/azure/synapse/artifacts/models/_models_py3.py:57560: SyntaxWarning: invalid escape sequence '\d'
  """A copy activity snowflake sink.

[2026-04-15T15:29:33.899+0000] {warnings.py:112} WARNING - /home/***/.local/lib/python3.12/site-packages/azure/synapse/artifacts/models/_models_py3.py:57620: SyntaxWarning: invalid escape sequence '\d'
  """

[2026-04-15T15:29:33.900+0000] {warnings.py:112} WARNING - /home/***/.local/lib/python3.12/site-packages/azure/synapse/artifacts/models/_models_py3.py:57660: SyntaxWarning: invalid escape sequence '\d'
  """A copy activity snowflake source.

[2026-04-15T15:29:33.901+0000] {warnings.py:112} WARNING - /home/***/.local/lib/python3.12/site-packages/azure/synapse/artifacts/models/_models_py3.py:57710: SyntaxWarning: invalid escape sequence '\d'
  """

[2026-04-15T15:29:33.904+0000] {warnings.py:112} WARNING - /home/***/.local/lib/python3.12/site-packages/azure/synapse/artifacts/models/_models_py3.py:59106: SyntaxWarning: invalid escape sequence '\d'
  """A copy activity Spark Server source.

[2026-04-15T15:29:33.905+0000] {warnings.py:112} WARNING - /home/***/.local/lib/python3.12/site-packages/azure/synapse/artifacts/models/_models_py3.py:59162: SyntaxWarning: invalid escape sequence '\d'
  """

[2026-04-15T15:29:33.906+0000] {warnings.py:112} WARNING - /home/***/.local/lib/python3.12/site-packages/azure/synapse/artifacts/models/_models_py3.py:59316: SyntaxWarning: invalid escape sequence '\d'
  """A copy activity SQL Data Warehouse sink.

[2026-04-15T15:29:33.907+0000] {warnings.py:112} WARNING - /home/***/.local/lib/python3.12/site-packages/azure/synapse/artifacts/models/_models_py3.py:59396: SyntaxWarning: invalid escape sequence '\d'
  """

[2026-04-15T15:29:33.908+0000] {warnings.py:112} WARNING - /home/***/.local/lib/python3.12/site-packages/azure/synapse/artifacts/models/_models_py3.py:59452: SyntaxWarning: invalid escape sequence '\d'
  """A copy activity SQL Data Warehouse source.

[2026-04-15T15:29:33.908+0000] {warnings.py:112} WARNING - /home/***/.local/lib/python3.12/site-packages/azure/synapse/artifacts/models/_models_py3.py:59535: SyntaxWarning: invalid escape sequence '\d'
  """

[2026-04-15T15:29:33.909+0000] {warnings.py:112} WARNING - /home/***/.local/lib/python3.12/site-packages/azure/synapse/artifacts/models/_models_py3.py:59594: SyntaxWarning: invalid escape sequence '\d'
  """A copy activity Azure SQL Managed Instance sink.

[2026-04-15T15:29:33.909+0000] {warnings.py:112} WARNING - /home/***/.local/lib/python3.12/site-packages/azure/synapse/artifacts/models/_models_py3.py:59677: SyntaxWarning: invalid escape sequence '\d'
  """

[2026-04-15T15:29:33.910+0000] {warnings.py:112} WARNING - /home/***/.local/lib/python3.12/site-packages/azure/synapse/artifacts/models/_models_py3.py:59733: SyntaxWarning: invalid escape sequence '\d'
  """A copy activity Azure SQL Managed Instance source.

[2026-04-15T15:29:33.911+0000] {warnings.py:112} WARNING - /home/***/.local/lib/python3.12/site-packages/azure/synapse/artifacts/models/_models_py3.py:59818: SyntaxWarning: invalid escape sequence '\d'
  """

[2026-04-15T15:29:33.913+0000] {warnings.py:112} WARNING - /home/***/.local/lib/python3.12/site-packages/azure/synapse/artifacts/models/_models_py3.py:60639: SyntaxWarning: invalid escape sequence '\d'
  """A copy activity SQL server sink.

[2026-04-15T15:29:33.914+0000] {warnings.py:112} WARNING - /home/***/.local/lib/python3.12/site-packages/azure/synapse/artifacts/models/_models_py3.py:60722: SyntaxWarning: invalid escape sequence '\d'
  """

[2026-04-15T15:29:33.914+0000] {warnings.py:112} WARNING - /home/***/.local/lib/python3.12/site-packages/azure/synapse/artifacts/models/_models_py3.py:60778: SyntaxWarning: invalid escape sequence '\d'
  """A copy activity SQL server source.

[2026-04-15T15:29:33.915+0000] {warnings.py:112} WARNING - /home/***/.local/lib/python3.12/site-packages/azure/synapse/artifacts/models/_models_py3.py:60863: SyntaxWarning: invalid escape sequence '\d'
  """

[2026-04-15T15:29:33.916+0000] {warnings.py:112} WARNING - /home/***/.local/lib/python3.12/site-packages/azure/synapse/artifacts/models/_models_py3.py:61167: SyntaxWarning: invalid escape sequence '\d'
  """A copy activity SQL sink.

[2026-04-15T15:29:33.917+0000] {warnings.py:112} WARNING - /home/***/.local/lib/python3.12/site-packages/azure/synapse/artifacts/models/_models_py3.py:61250: SyntaxWarning: invalid escape sequence '\d'
  """

[2026-04-15T15:29:33.918+0000] {warnings.py:112} WARNING - /home/***/.local/lib/python3.12/site-packages/azure/synapse/artifacts/models/_models_py3.py:61306: SyntaxWarning: invalid escape sequence '\d'
  """A copy activity SQL source.

[2026-04-15T15:29:33.919+0000] {warnings.py:112} WARNING - /home/***/.local/lib/python3.12/site-packages/azure/synapse/artifacts/models/_models_py3.py:61387: SyntaxWarning: invalid escape sequence '\d'
  """

[2026-04-15T15:29:33.920+0000] {warnings.py:112} WARNING - /home/***/.local/lib/python3.12/site-packages/azure/synapse/artifacts/models/_models_py3.py:61696: SyntaxWarning: invalid escape sequence '\d'
  """A copy activity Square Service source.

[2026-04-15T15:29:33.920+0000] {warnings.py:112} WARNING - /home/***/.local/lib/python3.12/site-packages/azure/synapse/artifacts/models/_models_py3.py:61752: SyntaxWarning: invalid escape sequence '\d'
  """

[2026-04-15T15:29:33.921+0000] {warnings.py:112} WARNING - /home/***/.local/lib/python3.12/site-packages/azure/synapse/artifacts/models/_models_py3.py:61954: SyntaxWarning: invalid escape sequence '\d'
  """SSIS package execution log location.

[2026-04-15T15:29:33.922+0000] {warnings.py:112} WARNING - /home/***/.local/lib/python3.12/site-packages/azure/synapse/artifacts/models/_models_py3.py:61992: SyntaxWarning: invalid escape sequence '\d'
  """

[2026-04-15T15:29:33.924+0000] {warnings.py:112} WARNING - /home/***/.local/lib/python3.12/site-packages/azure/synapse/artifacts/models/_models_py3.py:62660: SyntaxWarning: invalid escape sequence '\d'
  """A copy activity source for Sybase databases.

[2026-04-15T15:29:33.925+0000] {warnings.py:112} WARNING - /home/***/.local/lib/python3.12/site-packages/azure/synapse/artifacts/models/_models_py3.py:62715: SyntaxWarning: invalid escape sequence '\d'
  """

[2026-04-15T15:29:33.928+0000] {warnings.py:112} WARNING - /home/***/.local/lib/python3.12/site-packages/azure/synapse/artifacts/models/_models_py3.py:63882: SyntaxWarning: invalid escape sequence '\d'
  """A copy activity Teradata source.

[2026-04-15T15:29:33.929+0000] {warnings.py:112} WARNING - /home/***/.local/lib/python3.12/site-packages/azure/synapse/artifacts/models/_models_py3.py:63946: SyntaxWarning: invalid escape sequence '\d'
  """

[2026-04-15T15:29:33.931+0000] {warnings.py:112} WARNING - /home/***/.local/lib/python3.12/site-packages/azure/synapse/artifacts/models/_models_py3.py:64582: SyntaxWarning: invalid escape sequence '\d'
  """Trigger that schedules pipeline runs for all fixed time interval windows from a start time

[2026-04-15T15:29:33.932+0000] {warnings.py:112} WARNING - /home/***/.local/lib/python3.12/site-packages/azure/synapse/artifacts/models/_models_py3.py:64674: SyntaxWarning: invalid escape sequence '\d'
  """

[2026-04-15T15:29:33.933+0000] {warnings.py:112} WARNING - /home/***/.local/lib/python3.12/site-packages/azure/synapse/artifacts/models/_models_py3.py:64940: SyntaxWarning: invalid escape sequence '\d'
  """This activity executes inner activities until the specified boolean expression results to true

[2026-04-15T15:29:33.934+0000] {warnings.py:112} WARNING - /home/***/.local/lib/python3.12/site-packages/azure/synapse/artifacts/models/_models_py3.py:65014: SyntaxWarning: invalid escape sequence '\d'
  """

[2026-04-15T15:29:33.935+0000] {warnings.py:112} WARNING - /home/***/.local/lib/python3.12/site-packages/azure/synapse/artifacts/models/_models_py3.py:65117: SyntaxWarning: invalid escape sequence '\d'
  """This activity verifies that an external resource exists.

[2026-04-15T15:29:33.936+0000] {warnings.py:112} WARNING - /home/***/.local/lib/python3.12/site-packages/azure/synapse/artifacts/models/_models_py3.py:65199: SyntaxWarning: invalid escape sequence '\d'
  """

[2026-04-15T15:29:33.937+0000] {warnings.py:112} WARNING - /home/***/.local/lib/python3.12/site-packages/azure/synapse/artifacts/models/_models_py3.py:65385: SyntaxWarning: invalid escape sequence '\d'
  """A copy activity Vertica source.

[2026-04-15T15:29:33.938+0000] {warnings.py:112} WARNING - /home/***/.local/lib/python3.12/site-packages/azure/synapse/artifacts/models/_models_py3.py:65441: SyntaxWarning: invalid escape sequence '\d'
  """

[2026-04-15T15:29:33.940+0000] {warnings.py:112} WARNING - /home/***/.local/lib/python3.12/site-packages/azure/synapse/artifacts/models/_models_py3.py:65874: SyntaxWarning: invalid escape sequence '\d'
  """A copy activity Microsoft Fabric Warehouse sink.

[2026-04-15T15:29:33.941+0000] {warnings.py:112} WARNING - /home/***/.local/lib/python3.12/site-packages/azure/synapse/artifacts/models/_models_py3.py:65950: SyntaxWarning: invalid escape sequence '\d'
  """

[2026-04-15T15:29:33.942+0000] {warnings.py:112} WARNING - /home/***/.local/lib/python3.12/site-packages/azure/synapse/artifacts/models/_models_py3.py:66003: SyntaxWarning: invalid escape sequence '\d'
  """A copy activity Microsoft Fabric Warehouse source.

[2026-04-15T15:29:33.943+0000] {warnings.py:112} WARNING - /home/***/.local/lib/python3.12/site-packages/azure/synapse/artifacts/models/_models_py3.py:66087: SyntaxWarning: invalid escape sequence '\d'
  """

[2026-04-15T15:29:33.947+0000] {warnings.py:112} WARNING - /home/***/.local/lib/python3.12/site-packages/azure/synapse/artifacts/models/_models_py3.py:66686: SyntaxWarning: invalid escape sequence '\d'
  """WebHook activity.

[2026-04-15T15:29:33.948+0000] {warnings.py:112} WARNING - /home/***/.local/lib/python3.12/site-packages/azure/synapse/artifacts/models/_models_py3.py:66779: SyntaxWarning: invalid escape sequence '\d'
  """

[2026-04-15T15:29:33.950+0000] {warnings.py:112} WARNING - /home/***/.local/lib/python3.12/site-packages/azure/synapse/artifacts/models/_models_py3.py:66918: SyntaxWarning: invalid escape sequence '\d'
  """A copy activity source for web page table.

[2026-04-15T15:29:33.952+0000] {warnings.py:112} WARNING - /home/***/.local/lib/python3.12/site-packages/azure/synapse/artifacts/models/_models_py3.py:66964: SyntaxWarning: invalid escape sequence '\d'
  """

[2026-04-15T15:29:33.955+0000] {warnings.py:112} WARNING - /home/***/.local/lib/python3.12/site-packages/azure/synapse/artifacts/models/_models_py3.py:67735: SyntaxWarning: invalid escape sequence '\d'
  """A copy activity Xero Service source.

[2026-04-15T15:29:33.956+0000] {warnings.py:112} WARNING - /home/***/.local/lib/python3.12/site-packages/azure/synapse/artifacts/models/_models_py3.py:67791: SyntaxWarning: invalid escape sequence '\d'
  """

[2026-04-15T15:29:33.957+0000] {warnings.py:112} WARNING - /home/***/.local/lib/python3.12/site-packages/azure/synapse/artifacts/models/_models_py3.py:68043: SyntaxWarning: invalid escape sequence '\d'
  """A copy activity Xml source.

[2026-04-15T15:29:33.958+0000] {warnings.py:112} WARNING - /home/***/.local/lib/python3.12/site-packages/azure/synapse/artifacts/models/_models_py3.py:68097: SyntaxWarning: invalid escape sequence '\d'
  """

[2026-04-15T15:29:33.959+0000] {warnings.py:112} WARNING - /home/***/.local/lib/python3.12/site-packages/azure/synapse/artifacts/models/_models_py3.py:68532: SyntaxWarning: invalid escape sequence '\d'
  """A copy activity Zoho server source.

[2026-04-15T15:29:33.960+0000] {warnings.py:112} WARNING - /home/***/.local/lib/python3.12/site-packages/azure/synapse/artifacts/models/_models_py3.py:68588: SyntaxWarning: invalid escape sequence '\d'
  """

[2026-04-15T15:29:42.055+0000] {taskinstance.py:341} INFO - ::group::Post task execution logs
[2026-04-15T15:29:42.056+0000] {taskinstance.py:353} INFO - Marking task as SUCCESS. dag_id=kafka_producer, task_id=execute_update_layers, run_id=scheduled__2026-04-13T18:30:00+00:00, execution_date=20260413T183000, start_date=20260415T152930, end_date=20260415T152942
[2026-04-15T15:29:43.503+0000] {local_task_job_runner.py:266} INFO - Task exited with return code 0
[2026-04-15T15:29:43.514+0000] {local_task_job_runner.py:245} INFO - ::endgroup::
[2026-04-15T15:39:18.574+0000] {local_task_job_runner.py:123} INFO - ::group::Pre task execution logs
[2026-04-15T15:39:18.602+0000] {taskinstance.py:2614} INFO - Dependencies all met for dep_context=non-requeueable deps ti=<TaskInstance: kafka_producer.execute_update_layers scheduled__2026-04-13T18:30:00+00:00 [queued]>
[2026-04-15T15:39:18.614+0000] {taskinstance.py:2614} INFO - Dependencies all met for dep_context=requeueable deps ti=<TaskInstance: kafka_producer.execute_update_layers scheduled__2026-04-13T18:30:00+00:00 [queued]>
[2026-04-15T15:39:18.615+0000] {taskinstance.py:2867} INFO - Starting attempt 1 of 1
[2026-04-15T15:39:18.633+0000] {taskinstance.py:2890} INFO - Executing <Task(TriggerDagRunOperator): execute_update_layers> on 2026-04-13 18:30:00+00:00
[2026-04-15T15:39:18.640+0000] {warnings.py:112} WARNING - /home/***/.local/lib/python3.12/site-packages/***/task/task_runner/standard_task_runner.py:70: DeprecationWarning: This process (pid=56) is multi-threaded, use of fork() may lead to deadlocks in the child.
  pid = os.fork()

[2026-04-15T15:39:18.643+0000] {standard_task_runner.py:72} INFO - Started process 57 to run task
[2026-04-15T15:39:18.644+0000] {standard_task_runner.py:104} INFO - Running: ['***', 'tasks', 'run', 'kafka_producer', 'execute_update_layers', 'scheduled__2026-04-13T18:30:00+00:00', '--job-id', '3', '--raw', '--subdir', 'DAGS_FOLDER/kafka_load.py', '--cfg-path', '/tmp/tmps0p7xhrq']
[2026-04-15T15:39:18.646+0000] {standard_task_runner.py:105} INFO - Job 3: Subtask execute_update_layers
[2026-04-15T15:39:18.719+0000] {task_command.py:467} INFO - Running <TaskInstance: kafka_producer.execute_update_layers scheduled__2026-04-13T18:30:00+00:00 [running]> on host fb4321952059
[2026-04-15T15:39:18.834+0000] {taskinstance.py:3134} INFO - Exporting env vars: AIRFLOW_CTX_DAG_OWNER='***' AIRFLOW_CTX_DAG_ID='kafka_producer' AIRFLOW_CTX_TASK_ID='execute_update_layers' AIRFLOW_CTX_EXECUTION_DATE='2026-04-13T18:30:00+00:00' AIRFLOW_CTX_TRY_NUMBER='1' AIRFLOW_CTX_DAG_RUN_ID='scheduled__2026-04-13T18:30:00+00:00'
[2026-04-15T15:39:18.835+0000] {taskinstance.py:732} INFO - ::endgroup::
[2026-04-15T15:39:22.385+0000] {warnings.py:112} WARNING - /home/***/.local/lib/python3.12/site-packages/azure/synapse/artifacts/models/_models_py3.py:175: SyntaxWarning: invalid escape sequence '\d'
  """Execution policy for an activity.

[2026-04-15T15:39:22.386+0000] {warnings.py:112} WARNING - /home/***/.local/lib/python3.12/site-packages/azure/synapse/artifacts/models/_models_py3.py:222: SyntaxWarning: invalid escape sequence '\d'
  """

[2026-04-15T15:39:22.389+0000] {warnings.py:112} WARNING - /home/***/.local/lib/python3.12/site-packages/azure/synapse/artifacts/models/_models_py3.py:1151: SyntaxWarning: invalid escape sequence '\d'
  """A copy activity source.

[2026-04-15T15:39:22.390+0000] {warnings.py:112} WARNING - /home/***/.local/lib/python3.12/site-packages/azure/synapse/artifacts/models/_models_py3.py:1248: SyntaxWarning: invalid escape sequence '\d'
  """

[2026-04-15T15:39:22.392+0000] {warnings.py:112} WARNING - /home/***/.local/lib/python3.12/site-packages/azure/synapse/artifacts/models/_models_py3.py:1271: SyntaxWarning: invalid escape sequence '\d'
  """Copy activity sources of tabular type.

[2026-04-15T15:39:22.393+0000] {warnings.py:112} WARNING - /home/***/.local/lib/python3.12/site-packages/azure/synapse/artifacts/models/_models_py3.py:1406: SyntaxWarning: invalid escape sequence '\d'
  """

[2026-04-15T15:39:22.394+0000] {warnings.py:112} WARNING - /home/***/.local/lib/python3.12/site-packages/azure/synapse/artifacts/models/_models_py3.py:1439: SyntaxWarning: invalid escape sequence '\d'
  """A copy activity Amazon Marketplace Web Service source.

[2026-04-15T15:39:22.395+0000] {warnings.py:112} WARNING - /home/***/.local/lib/python3.12/site-packages/azure/synapse/artifacts/models/_models_py3.py:1495: SyntaxWarning: invalid escape sequence '\d'
  """

[2026-04-15T15:39:22.396+0000] {warnings.py:112} WARNING - /home/***/.local/lib/python3.12/site-packages/azure/synapse/artifacts/models/_models_py3.py:1683: SyntaxWarning: invalid escape sequence '\d'
  """A copy activity AmazonRdsForOracle source.

[2026-04-15T15:39:22.397+0000] {warnings.py:112} WARNING - /home/***/.local/lib/python3.12/site-packages/azure/synapse/artifacts/models/_models_py3.py:1750: SyntaxWarning: invalid escape sequence '\d'
  """

[2026-04-15T15:39:22.398+0000] {warnings.py:112} WARNING - /home/***/.local/lib/python3.12/site-packages/azure/synapse/artifacts/models/_models_py3.py:2025: SyntaxWarning: invalid escape sequence '\d'
  """A copy activity Amazon RDS for SQL Server source.

[2026-04-15T15:39:22.400+0000] {warnings.py:112} WARNING - /home/***/.local/lib/python3.12/site-packages/azure/synapse/artifacts/models/_models_py3.py:2110: SyntaxWarning: invalid escape sequence '\d'
  """

[2026-04-15T15:39:22.401+0000] {warnings.py:112} WARNING - /home/***/.local/lib/python3.12/site-packages/azure/synapse/artifacts/models/_models_py3.py:2407: SyntaxWarning: invalid escape sequence '\d'
  """A copy activity source for Amazon Redshift Source.

[2026-04-15T15:39:22.402+0000] {warnings.py:112} WARNING - /home/***/.local/lib/python3.12/site-packages/azure/synapse/artifacts/models/_models_py3.py:2468: SyntaxWarning: invalid escape sequence '\d'
  """

[2026-04-15T15:39:22.405+0000] {warnings.py:112} WARNING - /home/***/.local/lib/python3.12/site-packages/azure/synapse/artifacts/models/_models_py3.py:3987: SyntaxWarning: invalid escape sequence '\d'
  """A copy activity sink.

[2026-04-15T15:39:22.406+0000] {warnings.py:112} WARNING - /home/***/.local/lib/python3.12/site-packages/azure/synapse/artifacts/models/_models_py3.py:4096: SyntaxWarning: invalid escape sequence '\d'
  """

[2026-04-15T15:39:22.407+0000] {warnings.py:112} WARNING - /home/***/.local/lib/python3.12/site-packages/azure/synapse/artifacts/models/_models_py3.py:4127: SyntaxWarning: invalid escape sequence '\d'
  """A copy activity Avro sink.

[2026-04-15T15:39:22.408+0000] {warnings.py:112} WARNING - /home/***/.local/lib/python3.12/site-packages/azure/synapse/artifacts/models/_models_py3.py:4186: SyntaxWarning: invalid escape sequence '\d'
  """

[2026-04-15T15:39:22.408+0000] {warnings.py:112} WARNING - /home/***/.local/lib/python3.12/site-packages/azure/synapse/artifacts/models/_models_py3.py:4225: SyntaxWarning: invalid escape sequence '\d'
  """A copy activity Avro source.

[2026-04-15T15:39:22.409+0000] {warnings.py:112} WARNING - /home/***/.local/lib/python3.12/site-packages/azure/synapse/artifacts/models/_models_py3.py:4275: SyntaxWarning: invalid escape sequence '\d'
  """

[2026-04-15T15:39:22.411+0000] {warnings.py:112} WARNING - /home/***/.local/lib/python3.12/site-packages/azure/synapse/artifacts/models/_models_py3.py:5209: SyntaxWarning: invalid escape sequence '\d'
  """A copy activity Azure Data Lake Storage Gen2 sink.

[2026-04-15T15:39:22.413+0000] {warnings.py:112} WARNING - /home/***/.local/lib/python3.12/site-packages/azure/synapse/artifacts/models/_models_py3.py:5265: SyntaxWarning: invalid escape sequence '\d'
  """

[2026-04-15T15:39:22.414+0000] {warnings.py:112} WARNING - /home/***/.local/lib/python3.12/site-packages/azure/synapse/artifacts/models/_models_py3.py:5302: SyntaxWarning: invalid escape sequence '\d'
  """A copy activity Azure BlobFS source.

[2026-04-15T15:39:22.415+0000] {warnings.py:112} WARNING - /home/***/.local/lib/python3.12/site-packages/azure/synapse/artifacts/models/_models_py3.py:5358: SyntaxWarning: invalid escape sequence '\d'
  """

[2026-04-15T15:39:22.417+0000] {warnings.py:112} WARNING - /home/***/.local/lib/python3.12/site-packages/azure/synapse/artifacts/models/_models_py3.py:6437: SyntaxWarning: invalid escape sequence '\d'
  """A copy activity Azure Databricks Delta Lake sink.

[2026-04-15T15:39:22.418+0000] {warnings.py:112} WARNING - /home/***/.local/lib/python3.12/site-packages/azure/synapse/artifacts/models/_models_py3.py:6497: SyntaxWarning: invalid escape sequence '\d'
  """

[2026-04-15T15:39:22.418+0000] {warnings.py:112} WARNING - /home/***/.local/lib/python3.12/site-packages/azure/synapse/artifacts/models/_models_py3.py:6538: SyntaxWarning: invalid escape sequence '\d'
  """A copy activity Azure Databricks Delta Lake source.

[2026-04-15T15:39:22.419+0000] {warnings.py:112} WARNING - /home/***/.local/lib/python3.12/site-packages/azure/synapse/artifacts/models/_models_py3.py:6588: SyntaxWarning: invalid escape sequence '\d'
  """

[2026-04-15T15:39:22.420+0000] {warnings.py:112} WARNING - /home/***/.local/lib/python3.12/site-packages/azure/synapse/artifacts/models/_models_py3.py:7023: SyntaxWarning: invalid escape sequence '\d'
  """Azure Data Explorer command activity.

[2026-04-15T15:39:22.421+0000] {warnings.py:112} WARNING - /home/***/.local/lib/python3.12/site-packages/azure/synapse/artifacts/models/_models_py3.py:7096: SyntaxWarning: invalid escape sequence '\d'
  """

[2026-04-15T15:39:22.422+0000] {warnings.py:112} WARNING - /home/***/.local/lib/python3.12/site-packages/azure/synapse/artifacts/models/_models_py3.py:7267: SyntaxWarning: invalid escape sequence '\d'
  """A copy activity Azure Data Explorer sink.

[2026-04-15T15:39:22.423+0000] {warnings.py:112} WARNING - /home/***/.local/lib/python3.12/site-packages/azure/synapse/artifacts/models/_models_py3.py:7333: SyntaxWarning: invalid escape sequence '\d'
  """

[2026-04-15T15:39:22.423+0000] {warnings.py:112} WARNING - /home/***/.local/lib/python3.12/site-packages/azure/synapse/artifacts/models/_models_py3.py:7378: SyntaxWarning: invalid escape sequence '\d'
  """A copy activity Azure Data Explorer (Kusto) source.

[2026-04-15T15:39:22.424+0000] {warnings.py:112} WARNING - /home/***/.local/lib/python3.12/site-packages/azure/synapse/artifacts/models/_models_py3.py:7440: SyntaxWarning: invalid escape sequence '\d'
  """

[2026-04-15T15:39:22.426+0000] {warnings.py:112} WARNING - /home/***/.local/lib/python3.12/site-packages/azure/synapse/artifacts/models/_models_py3.py:8222: SyntaxWarning: invalid escape sequence '\d'
  """A copy activity Azure Data Lake Store sink.

[2026-04-15T15:39:22.427+0000] {warnings.py:112} WARNING - /home/***/.local/lib/python3.12/site-packages/azure/synapse/artifacts/models/_models_py3.py:8282: SyntaxWarning: invalid escape sequence '\d'
  """

[2026-04-15T15:39:22.428+0000] {warnings.py:112} WARNING - /home/***/.local/lib/python3.12/site-packages/azure/synapse/artifacts/models/_models_py3.py:8322: SyntaxWarning: invalid escape sequence '\d'
  """A copy activity Azure Data Lake source.

[2026-04-15T15:39:22.429+0000] {warnings.py:112} WARNING - /home/***/.local/lib/python3.12/site-packages/azure/synapse/artifacts/models/_models_py3.py:8368: SyntaxWarning: invalid escape sequence '\d'
  """

[2026-04-15T15:39:22.432+0000] {warnings.py:112} WARNING - /home/***/.local/lib/python3.12/site-packages/azure/synapse/artifacts/models/_models_py3.py:9475: SyntaxWarning: invalid escape sequence '\d'
  """A copy activity Azure MariaDB source.

[2026-04-15T15:39:22.433+0000] {warnings.py:112} WARNING - /home/***/.local/lib/python3.12/site-packages/azure/synapse/artifacts/models/_models_py3.py:9531: SyntaxWarning: invalid escape sequence '\d'
  """

[2026-04-15T15:39:22.436+0000] {warnings.py:112} WARNING - /home/***/.local/lib/python3.12/site-packages/azure/synapse/artifacts/models/_models_py3.py:10532: SyntaxWarning: invalid escape sequence '\d'
  """A copy activity Azure MySql sink.

[2026-04-15T15:39:22.437+0000] {warnings.py:112} WARNING - /home/***/.local/lib/python3.12/site-packages/azure/synapse/artifacts/models/_models_py3.py:10588: SyntaxWarning: invalid escape sequence '\d'
  """

[2026-04-15T15:39:22.437+0000] {warnings.py:112} WARNING - /home/***/.local/lib/python3.12/site-packages/azure/synapse/artifacts/models/_models_py3.py:10625: SyntaxWarning: invalid escape sequence '\d'
  """A copy activity Azure MySQL source.

[2026-04-15T15:39:22.438+0000] {warnings.py:112} WARNING - /home/***/.local/lib/python3.12/site-packages/azure/synapse/artifacts/models/_models_py3.py:10680: SyntaxWarning: invalid escape sequence '\d'
  """

[2026-04-15T15:39:22.442+0000] {warnings.py:112} WARNING - /home/***/.local/lib/python3.12/site-packages/azure/synapse/artifacts/models/_models_py3.py:10923: SyntaxWarning: invalid escape sequence '\d'
  """A copy activity Azure PostgreSQL sink.

[2026-04-15T15:39:22.444+0000] {warnings.py:112} WARNING - /home/***/.local/lib/python3.12/site-packages/azure/synapse/artifacts/models/_models_py3.py:10979: SyntaxWarning: invalid escape sequence '\d'
  """

[2026-04-15T15:39:22.445+0000] {warnings.py:112} WARNING - /home/***/.local/lib/python3.12/site-packages/azure/synapse/artifacts/models/_models_py3.py:11016: SyntaxWarning: invalid escape sequence '\d'
  """A copy activity Azure PostgreSQL source.

[2026-04-15T15:39:22.446+0000] {warnings.py:112} WARNING - /home/***/.local/lib/python3.12/site-packages/azure/synapse/artifacts/models/_models_py3.py:11072: SyntaxWarning: invalid escape sequence '\d'
  """

[2026-04-15T15:39:22.447+0000] {warnings.py:112} WARNING - /home/***/.local/lib/python3.12/site-packages/azure/synapse/artifacts/models/_models_py3.py:11231: SyntaxWarning: invalid escape sequence '\d'
  """A copy activity Azure Queue sink.

[2026-04-15T15:39:22.447+0000] {warnings.py:112} WARNING - /home/***/.local/lib/python3.12/site-packages/azure/synapse/artifacts/models/_models_py3.py:11282: SyntaxWarning: invalid escape sequence '\d'
  """

[2026-04-15T15:39:22.449+0000] {warnings.py:112} WARNING - /home/***/.local/lib/python3.12/site-packages/azure/synapse/artifacts/models/_models_py3.py:11420: SyntaxWarning: invalid escape sequence '\d'
  """A copy activity Azure Search Index sink.

[2026-04-15T15:39:22.450+0000] {warnings.py:112} WARNING - /home/***/.local/lib/python3.12/site-packages/azure/synapse/artifacts/models/_models_py3.py:11477: SyntaxWarning: invalid escape sequence '\d'
  """

[2026-04-15T15:39:22.452+0000] {warnings.py:112} WARNING - /home/***/.local/lib/python3.12/site-packages/azure/synapse/artifacts/models/_models_py3.py:12300: SyntaxWarning: invalid escape sequence '\d'
  """A copy activity Azure SQL sink.

[2026-04-15T15:39:22.453+0000] {warnings.py:112} WARNING - /home/***/.local/lib/python3.12/site-packages/azure/synapse/artifacts/models/_models_py3.py:12383: SyntaxWarning: invalid escape sequence '\d'
  """

[2026-04-15T15:39:22.454+0000] {warnings.py:112} WARNING - /home/***/.local/lib/python3.12/site-packages/azure/synapse/artifacts/models/_models_py3.py:12439: SyntaxWarning: invalid escape sequence '\d'
  """A copy activity Azure SQL source.

[2026-04-15T15:39:22.454+0000] {warnings.py:112} WARNING - /home/***/.local/lib/python3.12/site-packages/azure/synapse/artifacts/models/_models_py3.py:12524: SyntaxWarning: invalid escape sequence '\d'
  """

[2026-04-15T15:39:22.456+0000] {warnings.py:112} WARNING - /home/***/.local/lib/python3.12/site-packages/azure/synapse/artifacts/models/_models_py3.py:13019: SyntaxWarning: invalid escape sequence '\d'
  """A copy activity Azure Table sink.

[2026-04-15T15:39:22.457+0000] {warnings.py:112} WARNING - /home/***/.local/lib/python3.12/site-packages/azure/synapse/artifacts/models/_models_py3.py:13090: SyntaxWarning: invalid escape sequence '\d'
  """

[2026-04-15T15:39:22.457+0000] {warnings.py:112} WARNING - /home/***/.local/lib/python3.12/site-packages/azure/synapse/artifacts/models/_models_py3.py:13139: SyntaxWarning: invalid escape sequence '\d'
  """A copy activity Azure Table source.

[2026-04-15T15:39:22.458+0000] {warnings.py:112} WARNING - /home/***/.local/lib/python3.12/site-packages/azure/synapse/artifacts/models/_models_py3.py:13200: SyntaxWarning: invalid escape sequence '\d'
  """

[2026-04-15T15:39:22.460+0000] {warnings.py:112} WARNING - /home/***/.local/lib/python3.12/site-packages/azure/synapse/artifacts/models/_models_py3.py:13886: SyntaxWarning: invalid escape sequence '\d'
  """A copy activity Binary sink.

[2026-04-15T15:39:22.461+0000] {warnings.py:112} WARNING - /home/***/.local/lib/python3.12/site-packages/azure/synapse/artifacts/models/_models_py3.py:13941: SyntaxWarning: invalid escape sequence '\d'
  """

[2026-04-15T15:39:22.462+0000] {warnings.py:112} WARNING - /home/***/.local/lib/python3.12/site-packages/azure/synapse/artifacts/models/_models_py3.py:13977: SyntaxWarning: invalid escape sequence '\d'
  """A copy activity Binary source.

[2026-04-15T15:39:22.462+0000] {warnings.py:112} WARNING - /home/***/.local/lib/python3.12/site-packages/azure/synapse/artifacts/models/_models_py3.py:14026: SyntaxWarning: invalid escape sequence '\d'
  """

[2026-04-15T15:39:22.463+0000] {warnings.py:112} WARNING - /home/***/.local/lib/python3.12/site-packages/azure/synapse/artifacts/models/_models_py3.py:14318: SyntaxWarning: invalid escape sequence '\d'
  """A copy activity Azure Blob sink.

[2026-04-15T15:39:22.464+0000] {warnings.py:112} WARNING - /home/***/.local/lib/python3.12/site-packages/azure/synapse/artifacts/models/_models_py3.py:14388: SyntaxWarning: invalid escape sequence '\d'
  """

[2026-04-15T15:39:22.465+0000] {warnings.py:112} WARNING - /home/***/.local/lib/python3.12/site-packages/azure/synapse/artifacts/models/_models_py3.py:14436: SyntaxWarning: invalid escape sequence '\d'
  """A copy activity Azure Blob source.

[2026-04-15T15:39:22.465+0000] {warnings.py:112} WARNING - /home/***/.local/lib/python3.12/site-packages/azure/synapse/artifacts/models/_models_py3.py:14492: SyntaxWarning: invalid escape sequence '\d'
  """

[2026-04-15T15:39:22.466+0000] {warnings.py:112} WARNING - /home/***/.local/lib/python3.12/site-packages/azure/synapse/artifacts/models/_models_py3.py:14744: SyntaxWarning: invalid escape sequence '\d'
  """A copy activity source for a Cassandra database.

[2026-04-15T15:39:22.467+0000] {warnings.py:112} WARNING - /home/***/.local/lib/python3.12/site-packages/azure/synapse/artifacts/models/_models_py3.py:14810: SyntaxWarning: invalid escape sequence '\d'
  """

[2026-04-15T15:39:22.469+0000] {warnings.py:112} WARNING - /home/***/.local/lib/python3.12/site-packages/azure/synapse/artifacts/models/_models_py3.py:15415: SyntaxWarning: invalid escape sequence '\d'
  """A copy activity Common Data Service for Apps sink.

[2026-04-15T15:39:22.470+0000] {warnings.py:112} WARNING - /home/***/.local/lib/python3.12/site-packages/azure/synapse/artifacts/models/_models_py3.py:15482: SyntaxWarning: invalid escape sequence '\d'
  """

[2026-04-15T15:39:22.470+0000] {warnings.py:112} WARNING - /home/***/.local/lib/python3.12/site-packages/azure/synapse/artifacts/models/_models_py3.py:15527: SyntaxWarning: invalid escape sequence '\d'
  """A copy activity Common Data Service for Apps source.

[2026-04-15T15:39:22.471+0000] {warnings.py:112} WARNING - /home/***/.local/lib/python3.12/site-packages/azure/synapse/artifacts/models/_models_py3.py:15578: SyntaxWarning: invalid escape sequence '\d'
  """

[2026-04-15T15:39:22.472+0000] {warnings.py:112} WARNING - /home/***/.local/lib/python3.12/site-packages/azure/synapse/artifacts/models/_models_py3.py:15897: SyntaxWarning: invalid escape sequence '\d'
  """A copy activity Concur Service source.

[2026-04-15T15:39:22.473+0000] {warnings.py:112} WARNING - /home/***/.local/lib/python3.12/site-packages/azure/synapse/artifacts/models/_models_py3.py:15953: SyntaxWarning: invalid escape sequence '\d'
  """

[2026-04-15T15:39:22.475+0000] {warnings.py:112} WARNING - /home/***/.local/lib/python3.12/site-packages/azure/synapse/artifacts/models/_models_py3.py:16617: SyntaxWarning: invalid escape sequence '\d'
  """A copy activity sink for a CosmosDB (MongoDB API) database.

[2026-04-15T15:39:22.476+0000] {warnings.py:112} WARNING - /home/***/.local/lib/python3.12/site-packages/azure/synapse/artifacts/models/_models_py3.py:16674: SyntaxWarning: invalid escape sequence '\d'
  """

[2026-04-15T15:39:22.476+0000] {warnings.py:112} WARNING - /home/***/.local/lib/python3.12/site-packages/azure/synapse/artifacts/models/_models_py3.py:16712: SyntaxWarning: invalid escape sequence '\d'
  """A copy activity source for a CosmosDB (MongoDB API) database.

[2026-04-15T15:39:22.477+0000] {warnings.py:112} WARNING - /home/***/.local/lib/python3.12/site-packages/azure/synapse/artifacts/models/_models_py3.py:16780: SyntaxWarning: invalid escape sequence '\d'
  """

[2026-04-15T15:39:22.478+0000] {warnings.py:112} WARNING - /home/***/.local/lib/python3.12/site-packages/azure/synapse/artifacts/models/_models_py3.py:16932: SyntaxWarning: invalid escape sequence '\d'
  """A copy activity Azure CosmosDB (SQL API) Collection sink.

[2026-04-15T15:39:22.478+0000] {warnings.py:112} WARNING - /home/***/.local/lib/python3.12/site-packages/azure/synapse/artifacts/models/_models_py3.py:16988: SyntaxWarning: invalid escape sequence '\d'
  """

[2026-04-15T15:39:22.479+0000] {warnings.py:112} WARNING - /home/***/.local/lib/python3.12/site-packages/azure/synapse/artifacts/models/_models_py3.py:17025: SyntaxWarning: invalid escape sequence '\d'
  """A copy activity Azure CosmosDB (SQL API) Collection source.

[2026-04-15T15:39:22.479+0000] {warnings.py:112} WARNING - /home/***/.local/lib/python3.12/site-packages/azure/synapse/artifacts/models/_models_py3.py:17090: SyntaxWarning: invalid escape sequence '\d'
  """

[2026-04-15T15:39:22.480+0000] {warnings.py:112} WARNING - /home/***/.local/lib/python3.12/site-packages/azure/synapse/artifacts/models/_models_py3.py:17228: SyntaxWarning: invalid escape sequence '\d'
  """A copy activity Couchbase server source.

[2026-04-15T15:39:22.481+0000] {warnings.py:112} WARNING - /home/***/.local/lib/python3.12/site-packages/azure/synapse/artifacts/models/_models_py3.py:17284: SyntaxWarning: invalid escape sequence '\d'
  """

[2026-04-15T15:39:22.487+0000] {warnings.py:112} WARNING - /home/***/.local/lib/python3.12/site-packages/azure/synapse/artifacts/models/_models_py3.py:20234: SyntaxWarning: invalid escape sequence '\d'
  """A copy activity source for Db2 databases.

[2026-04-15T15:39:22.488+0000] {warnings.py:112} WARNING - /home/***/.local/lib/python3.12/site-packages/azure/synapse/artifacts/models/_models_py3.py:20289: SyntaxWarning: invalid escape sequence '\d'
  """

[2026-04-15T15:39:22.490+0000] {warnings.py:112} WARNING - /home/***/.local/lib/python3.12/site-packages/azure/synapse/artifacts/models/_models_py3.py:20862: SyntaxWarning: invalid escape sequence '\d'
  """A copy activity DelimitedText sink.

[2026-04-15T15:39:22.491+0000] {warnings.py:112} WARNING - /home/***/.local/lib/python3.12/site-packages/azure/synapse/artifacts/models/_models_py3.py:20921: SyntaxWarning: invalid escape sequence '\d'
  """

[2026-04-15T15:39:22.491+0000] {warnings.py:112} WARNING - /home/***/.local/lib/python3.12/site-packages/azure/synapse/artifacts/models/_models_py3.py:20960: SyntaxWarning: invalid escape sequence '\d'
  """A copy activity DelimitedText source.

[2026-04-15T15:39:22.492+0000] {warnings.py:112} WARNING - /home/***/.local/lib/python3.12/site-packages/azure/synapse/artifacts/models/_models_py3.py:21014: SyntaxWarning: invalid escape sequence '\d'
  """

[2026-04-15T15:39:22.500+0000] {warnings.py:112} WARNING - /home/***/.local/lib/python3.12/site-packages/azure/synapse/artifacts/models/_models_py3.py:21316: SyntaxWarning: invalid escape sequence '\d'
  """A copy activity Document Database Collection sink.

[2026-04-15T15:39:22.501+0000] {warnings.py:112} WARNING - /home/***/.local/lib/python3.12/site-packages/azure/synapse/artifacts/models/_models_py3.py:21377: SyntaxWarning: invalid escape sequence '\d'
  """

[2026-04-15T15:39:22.502+0000] {warnings.py:112} WARNING - /home/***/.local/lib/python3.12/site-packages/azure/synapse/artifacts/models/_models_py3.py:21418: SyntaxWarning: invalid escape sequence '\d'
  """A copy activity Document Database Collection source.

[2026-04-15T15:39:22.503+0000] {warnings.py:112} WARNING - /home/***/.local/lib/python3.12/site-packages/azure/synapse/artifacts/models/_models_py3.py:21478: SyntaxWarning: invalid escape sequence '\d'
  """

[2026-04-15T15:39:22.504+0000] {warnings.py:112} WARNING - /home/***/.local/lib/python3.12/site-packages/azure/synapse/artifacts/models/_models_py3.py:21612: SyntaxWarning: invalid escape sequence '\d'
  """A copy activity Drill server source.

[2026-04-15T15:39:22.505+0000] {warnings.py:112} WARNING - /home/***/.local/lib/python3.12/site-packages/azure/synapse/artifacts/models/_models_py3.py:21668: SyntaxWarning: invalid escape sequence '\d'
  """

[2026-04-15T15:39:22.507+0000] {warnings.py:112} WARNING - /home/***/.local/lib/python3.12/site-packages/azure/synapse/artifacts/models/_models_py3.py:22155: SyntaxWarning: invalid escape sequence '\d'
  """A copy activity Dynamics AX source.

[2026-04-15T15:39:22.508+0000] {warnings.py:112} WARNING - /home/***/.local/lib/python3.12/site-packages/azure/synapse/artifacts/models/_models_py3.py:22218: SyntaxWarning: invalid escape sequence '\d'
  """

[2026-04-15T15:39:22.509+0000] {warnings.py:112} WARNING - /home/***/.local/lib/python3.12/site-packages/azure/synapse/artifacts/models/_models_py3.py:22559: SyntaxWarning: invalid escape sequence '\d'
  """A copy activity Dynamics CRM sink.

[2026-04-15T15:39:22.510+0000] {warnings.py:112} WARNING - /home/***/.local/lib/python3.12/site-packages/azure/synapse/artifacts/models/_models_py3.py:22626: SyntaxWarning: invalid escape sequence '\d'
  """

[2026-04-15T15:39:22.511+0000] {warnings.py:112} WARNING - /home/***/.local/lib/python3.12/site-packages/azure/synapse/artifacts/models/_models_py3.py:22671: SyntaxWarning: invalid escape sequence '\d'
  """A copy activity Dynamics CRM source.

[2026-04-15T15:39:22.512+0000] {warnings.py:112} WARNING - /home/***/.local/lib/python3.12/site-packages/azure/synapse/artifacts/models/_models_py3.py:22722: SyntaxWarning: invalid escape sequence '\d'
  """

[2026-04-15T15:39:22.513+0000] {warnings.py:112} WARNING - /home/***/.local/lib/python3.12/site-packages/azure/synapse/artifacts/models/_models_py3.py:23061: SyntaxWarning: invalid escape sequence '\d'
  """A copy activity Dynamics sink.

[2026-04-15T15:39:22.514+0000] {warnings.py:112} WARNING - /home/***/.local/lib/python3.12/site-packages/azure/synapse/artifacts/models/_models_py3.py:23128: SyntaxWarning: invalid escape sequence '\d'
  """

[2026-04-15T15:39:22.514+0000] {warnings.py:112} WARNING - /home/***/.local/lib/python3.12/site-packages/azure/synapse/artifacts/models/_models_py3.py:23173: SyntaxWarning: invalid escape sequence '\d'
  """A copy activity Dynamics source.

[2026-04-15T15:39:22.515+0000] {warnings.py:112} WARNING - /home/***/.local/lib/python3.12/site-packages/azure/synapse/artifacts/models/_models_py3.py:23224: SyntaxWarning: invalid escape sequence '\d'
  """

[2026-04-15T15:39:22.517+0000] {warnings.py:112} WARNING - /home/***/.local/lib/python3.12/site-packages/azure/synapse/artifacts/models/_models_py3.py:23511: SyntaxWarning: invalid escape sequence '\d'
  """A copy activity Eloqua server source.

[2026-04-15T15:39:22.518+0000] {warnings.py:112} WARNING - /home/***/.local/lib/python3.12/site-packages/azure/synapse/artifacts/models/_models_py3.py:23567: SyntaxWarning: invalid escape sequence '\d'
  """

[2026-04-15T15:39:22.520+0000] {warnings.py:112} WARNING - /home/***/.local/lib/python3.12/site-packages/azure/synapse/artifacts/models/_models_py3.py:23968: SyntaxWarning: invalid escape sequence '\d'
  """A copy activity excel source.

[2026-04-15T15:39:22.521+0000] {warnings.py:112} WARNING - /home/***/.local/lib/python3.12/site-packages/azure/synapse/artifacts/models/_models_py3.py:24018: SyntaxWarning: invalid escape sequence '\d'
  """

[2026-04-15T15:39:22.524+0000] {warnings.py:112} WARNING - /home/***/.local/lib/python3.12/site-packages/azure/synapse/artifacts/models/_models_py3.py:25343: SyntaxWarning: invalid escape sequence '\d'
  """A copy activity file system sink.

[2026-04-15T15:39:22.525+0000] {warnings.py:112} WARNING - /home/***/.local/lib/python3.12/site-packages/azure/synapse/artifacts/models/_models_py3.py:25398: SyntaxWarning: invalid escape sequence '\d'
  """

[2026-04-15T15:39:22.525+0000] {warnings.py:112} WARNING - /home/***/.local/lib/python3.12/site-packages/azure/synapse/artifacts/models/_models_py3.py:25434: SyntaxWarning: invalid escape sequence '\d'
  """A copy activity file system source.

[2026-04-15T15:39:22.526+0000] {warnings.py:112} WARNING - /home/***/.local/lib/python3.12/site-packages/azure/synapse/artifacts/models/_models_py3.py:25485: SyntaxWarning: invalid escape sequence '\d'
  """

[2026-04-15T15:39:22.529+0000] {warnings.py:112} WARNING - /home/***/.local/lib/python3.12/site-packages/azure/synapse/artifacts/models/_models_py3.py:26723: SyntaxWarning: invalid escape sequence '\d'
  """A copy activity Google AdWords service source.

[2026-04-15T15:39:22.529+0000] {warnings.py:112} WARNING - /home/***/.local/lib/python3.12/site-packages/azure/synapse/artifacts/models/_models_py3.py:26779: SyntaxWarning: invalid escape sequence '\d'
  """

[2026-04-15T15:39:22.530+0000] {warnings.py:112} WARNING - /home/***/.local/lib/python3.12/site-packages/azure/synapse/artifacts/models/_models_py3.py:27121: SyntaxWarning: invalid escape sequence '\d'
  """A copy activity Google BigQuery service source.

[2026-04-15T15:39:22.531+0000] {warnings.py:112} WARNING - /home/***/.local/lib/python3.12/site-packages/azure/synapse/artifacts/models/_models_py3.py:27177: SyntaxWarning: invalid escape sequence '\d'
  """

[2026-04-15T15:39:22.532+0000] {warnings.py:112} WARNING - /home/***/.local/lib/python3.12/site-packages/azure/synapse/artifacts/models/_models_py3.py:27461: SyntaxWarning: invalid escape sequence '\d'
  """A copy activity Google BigQuery service source.

[2026-04-15T15:39:22.533+0000] {warnings.py:112} WARNING - /home/***/.local/lib/python3.12/site-packages/azure/synapse/artifacts/models/_models_py3.py:27517: SyntaxWarning: invalid escape sequence '\d'
  """

[2026-04-15T15:39:22.535+0000] {warnings.py:112} WARNING - /home/***/.local/lib/python3.12/site-packages/azure/synapse/artifacts/models/_models_py3.py:28053: SyntaxWarning: invalid escape sequence '\d'
  """A copy activity Greenplum Database source.

[2026-04-15T15:39:22.536+0000] {warnings.py:112} WARNING - /home/***/.local/lib/python3.12/site-packages/azure/synapse/artifacts/models/_models_py3.py:28109: SyntaxWarning: invalid escape sequence '\d'
  """

[2026-04-15T15:39:22.538+0000] {warnings.py:112} WARNING - /home/***/.local/lib/python3.12/site-packages/azure/synapse/artifacts/models/_models_py3.py:28536: SyntaxWarning: invalid escape sequence '\d'
  """A copy activity HBase server source.

[2026-04-15T15:39:22.538+0000] {warnings.py:112} WARNING - /home/***/.local/lib/python3.12/site-packages/azure/synapse/artifacts/models/_models_py3.py:28592: SyntaxWarning: invalid escape sequence '\d'
  """

[2026-04-15T15:39:22.540+0000] {warnings.py:112} WARNING - /home/***/.local/lib/python3.12/site-packages/azure/synapse/artifacts/models/_models_py3.py:28932: SyntaxWarning: invalid escape sequence '\d'
  """A copy activity HDFS source.

[2026-04-15T15:39:22.541+0000] {warnings.py:112} WARNING - /home/***/.local/lib/python3.12/site-packages/azure/synapse/artifacts/models/_models_py3.py:28982: SyntaxWarning: invalid escape sequence '\d'
  """

[2026-04-15T15:39:22.545+0000] {warnings.py:112} WARNING - /home/***/.local/lib/python3.12/site-packages/azure/synapse/artifacts/models/_models_py3.py:30727: SyntaxWarning: invalid escape sequence '\d'
  """A copy activity Hive Server source.

[2026-04-15T15:39:22.545+0000] {warnings.py:112} WARNING - /home/***/.local/lib/python3.12/site-packages/azure/synapse/artifacts/models/_models_py3.py:30783: SyntaxWarning: invalid escape sequence '\d'
  """

[2026-04-15T15:39:22.547+0000] {warnings.py:112} WARNING - /home/***/.local/lib/python3.12/site-packages/azure/synapse/artifacts/models/_models_py3.py:31296: SyntaxWarning: invalid escape sequence '\d'
  """A copy activity source for an HTTP file.

[2026-04-15T15:39:22.547+0000] {warnings.py:112} WARNING - /home/***/.local/lib/python3.12/site-packages/azure/synapse/artifacts/models/_models_py3.py:31344: SyntaxWarning: invalid escape sequence '\d'
  """

[2026-04-15T15:39:22.548+0000] {warnings.py:112} WARNING - /home/***/.local/lib/python3.12/site-packages/azure/synapse/artifacts/models/_models_py3.py:31617: SyntaxWarning: invalid escape sequence '\d'
  """A copy activity Hubspot Service source.

[2026-04-15T15:39:22.549+0000] {warnings.py:112} WARNING - /home/***/.local/lib/python3.12/site-packages/azure/synapse/artifacts/models/_models_py3.py:31673: SyntaxWarning: invalid escape sequence '\d'
  """

[2026-04-15T15:39:22.550+0000] {warnings.py:112} WARNING - /home/***/.local/lib/python3.12/site-packages/azure/synapse/artifacts/models/_models_py3.py:32120: SyntaxWarning: invalid escape sequence '\d'
  """A copy activity Impala server source.

[2026-04-15T15:39:22.551+0000] {warnings.py:112} WARNING - /home/***/.local/lib/python3.12/site-packages/azure/synapse/artifacts/models/_models_py3.py:32176: SyntaxWarning: invalid escape sequence '\d'
  """

[2026-04-15T15:39:22.551+0000] {warnings.py:112} WARNING - /home/***/.local/lib/python3.12/site-packages/azure/synapse/artifacts/models/_models_py3.py:32339: SyntaxWarning: invalid escape sequence '\d'
  """A copy activity Informix sink.

[2026-04-15T15:39:22.552+0000] {warnings.py:112} WARNING - /home/***/.local/lib/python3.12/site-packages/azure/synapse/artifacts/models/_models_py3.py:32395: SyntaxWarning: invalid escape sequence '\d'
  """

[2026-04-15T15:39:22.553+0000] {warnings.py:112} WARNING - /home/***/.local/lib/python3.12/site-packages/azure/synapse/artifacts/models/_models_py3.py:32432: SyntaxWarning: invalid escape sequence '\d'
  """A copy activity source for Informix.

[2026-04-15T15:39:22.553+0000] {warnings.py:112} WARNING - /home/***/.local/lib/python3.12/site-packages/azure/synapse/artifacts/models/_models_py3.py:32487: SyntaxWarning: invalid escape sequence '\d'
  """

[2026-04-15T15:39:22.556+0000] {warnings.py:112} WARNING - /home/***/.local/lib/python3.12/site-packages/azure/synapse/artifacts/models/_models_py3.py:33502: SyntaxWarning: invalid escape sequence '\d'
  """A copy activity Jira Service source.

[2026-04-15T15:39:22.556+0000] {warnings.py:112} WARNING - /home/***/.local/lib/python3.12/site-packages/azure/synapse/artifacts/models/_models_py3.py:33558: SyntaxWarning: invalid escape sequence '\d'
  """

[2026-04-15T15:39:22.558+0000] {warnings.py:112} WARNING - /home/***/.local/lib/python3.12/site-packages/azure/synapse/artifacts/models/_models_py3.py:33869: SyntaxWarning: invalid escape sequence '\d'
  """A copy activity Json sink.

[2026-04-15T15:39:22.558+0000] {warnings.py:112} WARNING - /home/***/.local/lib/python3.12/site-packages/azure/synapse/artifacts/models/_models_py3.py:33928: SyntaxWarning: invalid escape sequence '\d'
  """

[2026-04-15T15:39:22.559+0000] {warnings.py:112} WARNING - /home/***/.local/lib/python3.12/site-packages/azure/synapse/artifacts/models/_models_py3.py:33967: SyntaxWarning: invalid escape sequence '\d'
  """A copy activity Json source.

[2026-04-15T15:39:22.559+0000] {warnings.py:112} WARNING - /home/***/.local/lib/python3.12/site-packages/azure/synapse/artifacts/models/_models_py3.py:34021: SyntaxWarning: invalid escape sequence '\d'
  """

[2026-04-15T15:39:22.561+0000] {warnings.py:112} WARNING - /home/***/.local/lib/python3.12/site-packages/azure/synapse/artifacts/models/_models_py3.py:34739: SyntaxWarning: invalid escape sequence '\d'
  """A copy activity for Microsoft Fabric LakeHouse Table sink.

[2026-04-15T15:39:22.562+0000] {warnings.py:112} WARNING - /home/***/.local/lib/python3.12/site-packages/azure/synapse/artifacts/models/_models_py3.py:34806: SyntaxWarning: invalid escape sequence '\d'
  """

[2026-04-15T15:39:22.563+0000] {warnings.py:112} WARNING - /home/***/.local/lib/python3.12/site-packages/azure/synapse/artifacts/models/_models_py3.py:34852: SyntaxWarning: invalid escape sequence '\d'
  """A copy activity source for Microsoft Fabric LakeHouse Table.

[2026-04-15T15:39:22.564+0000] {warnings.py:112} WARNING - /home/***/.local/lib/python3.12/site-packages/azure/synapse/artifacts/models/_models_py3.py:34908: SyntaxWarning: invalid escape sequence '\d'
  """

[2026-04-15T15:39:22.569+0000] {warnings.py:112} WARNING - /home/***/.local/lib/python3.12/site-packages/azure/synapse/artifacts/models/_models_py3.py:36915: SyntaxWarning: invalid escape sequence '\d'
  """A copy activity Magento server source.

[2026-04-15T15:39:22.570+0000] {warnings.py:112} WARNING - /home/***/.local/lib/python3.12/site-packages/azure/synapse/artifacts/models/_models_py3.py:36971: SyntaxWarning: invalid escape sequence '\d'
  """

[2026-04-15T15:39:22.572+0000] {warnings.py:112} WARNING - /home/***/.local/lib/python3.12/site-packages/azure/synapse/artifacts/models/_models_py3.py:37417: SyntaxWarning: invalid escape sequence '\d'
  """A copy activity MariaDB server source.

[2026-04-15T15:39:22.573+0000] {warnings.py:112} WARNING - /home/***/.local/lib/python3.12/site-packages/azure/synapse/artifacts/models/_models_py3.py:37473: SyntaxWarning: invalid escape sequence '\d'
  """

[2026-04-15T15:39:22.574+0000] {warnings.py:112} WARNING - /home/***/.local/lib/python3.12/site-packages/azure/synapse/artifacts/models/_models_py3.py:37845: SyntaxWarning: invalid escape sequence '\d'
  """A copy activity Marketo server source.

[2026-04-15T15:39:22.575+0000] {warnings.py:112} WARNING - /home/***/.local/lib/python3.12/site-packages/azure/synapse/artifacts/models/_models_py3.py:37901: SyntaxWarning: invalid escape sequence '\d'
  """

[2026-04-15T15:39:22.576+0000] {warnings.py:112} WARNING - /home/***/.local/lib/python3.12/site-packages/azure/synapse/artifacts/models/_models_py3.py:38208: SyntaxWarning: invalid escape sequence '\d'
  """A copy activity Microsoft Access sink.

[2026-04-15T15:39:22.577+0000] {warnings.py:112} WARNING - /home/***/.local/lib/python3.12/site-packages/azure/synapse/artifacts/models/_models_py3.py:38264: SyntaxWarning: invalid escape sequence '\d'
  """

[2026-04-15T15:39:22.577+0000] {warnings.py:112} WARNING - /home/***/.local/lib/python3.12/site-packages/azure/synapse/artifacts/models/_models_py3.py:38301: SyntaxWarning: invalid escape sequence '\d'
  """A copy activity source for Microsoft Access.

[2026-04-15T15:39:22.578+0000] {warnings.py:112} WARNING - /home/***/.local/lib/python3.12/site-packages/azure/synapse/artifacts/models/_models_py3.py:38351: SyntaxWarning: invalid escape sequence '\d'
  """

[2026-04-15T15:39:22.579+0000] {warnings.py:112} WARNING - /home/***/.local/lib/python3.12/site-packages/azure/synapse/artifacts/models/_models_py3.py:38690: SyntaxWarning: invalid escape sequence '\d'
  """A copy activity source for a MongoDB Atlas database.

[2026-04-15T15:39:22.580+0000] {warnings.py:112} WARNING - /home/***/.local/lib/python3.12/site-packages/azure/synapse/artifacts/models/_models_py3.py:38758: SyntaxWarning: invalid escape sequence '\d'
  """

[2026-04-15T15:39:22.581+0000] {warnings.py:112} WARNING - /home/***/.local/lib/python3.12/site-packages/azure/synapse/artifacts/models/_models_py3.py:39141: SyntaxWarning: invalid escape sequence '\d'
  """A copy activity source for a MongoDB database.

[2026-04-15T15:39:22.582+0000] {warnings.py:112} WARNING - /home/***/.local/lib/python3.12/site-packages/azure/synapse/artifacts/models/_models_py3.py:39192: SyntaxWarning: invalid escape sequence '\d'
  """

[2026-04-15T15:39:22.583+0000] {warnings.py:112} WARNING - /home/***/.local/lib/python3.12/site-packages/azure/synapse/artifacts/models/_models_py3.py:39419: SyntaxWarning: invalid escape sequence '\d'
  """A copy activity source for a MongoDB database.

[2026-04-15T15:39:22.584+0000] {warnings.py:112} WARNING - /home/***/.local/lib/python3.12/site-packages/azure/synapse/artifacts/models/_models_py3.py:39487: SyntaxWarning: invalid escape sequence '\d'
  """

[2026-04-15T15:39:22.585+0000] {warnings.py:112} WARNING - /home/***/.local/lib/python3.12/site-packages/azure/synapse/artifacts/models/_models_py3.py:39683: SyntaxWarning: invalid escape sequence '\d'
  """A copy activity source for MySQL databases.

[2026-04-15T15:39:22.585+0000] {warnings.py:112} WARNING - /home/***/.local/lib/python3.12/site-packages/azure/synapse/artifacts/models/_models_py3.py:39738: SyntaxWarning: invalid escape sequence '\d'
  """

[2026-04-15T15:39:22.586+0000] {warnings.py:112} WARNING - /home/***/.local/lib/python3.12/site-packages/azure/synapse/artifacts/models/_models_py3.py:40019: SyntaxWarning: invalid escape sequence '\d'
  """A copy activity Netezza source.

[2026-04-15T15:39:22.587+0000] {warnings.py:112} WARNING - /home/***/.local/lib/python3.12/site-packages/azure/synapse/artifacts/models/_models_py3.py:40084: SyntaxWarning: invalid escape sequence '\d'
  """

[2026-04-15T15:39:22.589+0000] {warnings.py:112} WARNING - /home/***/.local/lib/python3.12/site-packages/azure/synapse/artifacts/models/_models_py3.py:41138: SyntaxWarning: invalid escape sequence '\d'
  """A copy activity source for OData source.

[2026-04-15T15:39:22.590+0000] {warnings.py:112} WARNING - /home/***/.local/lib/python3.12/site-packages/azure/synapse/artifacts/models/_models_py3.py:41196: SyntaxWarning: invalid escape sequence '\d'
  """

[2026-04-15T15:39:22.591+0000] {warnings.py:112} WARNING - /home/***/.local/lib/python3.12/site-packages/azure/synapse/artifacts/models/_models_py3.py:41359: SyntaxWarning: invalid escape sequence '\d'
  """A copy activity ODBC sink.

[2026-04-15T15:39:22.592+0000] {warnings.py:112} WARNING - /home/***/.local/lib/python3.12/site-packages/azure/synapse/artifacts/models/_models_py3.py:41415: SyntaxWarning: invalid escape sequence '\d'
  """

[2026-04-15T15:39:22.593+0000] {warnings.py:112} WARNING - /home/***/.local/lib/python3.12/site-packages/azure/synapse/artifacts/models/_models_py3.py:41452: SyntaxWarning: invalid escape sequence '\d'
  """A copy activity source for ODBC databases.

[2026-04-15T15:39:22.593+0000] {warnings.py:112} WARNING - /home/***/.local/lib/python3.12/site-packages/azure/synapse/artifacts/models/_models_py3.py:41507: SyntaxWarning: invalid escape sequence '\d'
  """

[2026-04-15T15:39:22.595+0000] {warnings.py:112} WARNING - /home/***/.local/lib/python3.12/site-packages/azure/synapse/artifacts/models/_models_py3.py:41875: SyntaxWarning: invalid escape sequence '\d'
  """A copy activity source for an Office 365 service.

[2026-04-15T15:39:22.595+0000] {warnings.py:112} WARNING - /home/***/.local/lib/python3.12/site-packages/azure/synapse/artifacts/models/_models_py3.py:41947: SyntaxWarning: invalid escape sequence '\d'
  """

[2026-04-15T15:39:22.607+0000] {warnings.py:112} WARNING - /home/***/.local/lib/python3.12/site-packages/azure/synapse/artifacts/models/_models_py3.py:42441: SyntaxWarning: invalid escape sequence '\d'
  """A copy activity Oracle Service Cloud source.

[2026-04-15T15:39:22.608+0000] {warnings.py:112} WARNING - /home/***/.local/lib/python3.12/site-packages/azure/synapse/artifacts/models/_models_py3.py:42497: SyntaxWarning: invalid escape sequence '\d'
  """

[2026-04-15T15:39:22.609+0000] {warnings.py:112} WARNING - /home/***/.local/lib/python3.12/site-packages/azure/synapse/artifacts/models/_models_py3.py:42534: SyntaxWarning: invalid escape sequence '\d'
  """A copy activity Oracle sink.

[2026-04-15T15:39:22.610+0000] {warnings.py:112} WARNING - /home/***/.local/lib/python3.12/site-packages/azure/synapse/artifacts/models/_models_py3.py:42590: SyntaxWarning: invalid escape sequence '\d'
  """

[2026-04-15T15:39:22.610+0000] {warnings.py:112} WARNING - /home/***/.local/lib/python3.12/site-packages/azure/synapse/artifacts/models/_models_py3.py:42627: SyntaxWarning: invalid escape sequence '\d'
  """A copy activity Oracle source.

[2026-04-15T15:39:22.611+0000] {warnings.py:112} WARNING - /home/***/.local/lib/python3.12/site-packages/azure/synapse/artifacts/models/_models_py3.py:42692: SyntaxWarning: invalid escape sequence '\d'
  """

[2026-04-15T15:39:22.613+0000] {warnings.py:112} WARNING - /home/***/.local/lib/python3.12/site-packages/azure/synapse/artifacts/models/_models_py3.py:43020: SyntaxWarning: invalid escape sequence '\d'
  """A copy activity ORC sink.

[2026-04-15T15:39:22.614+0000] {warnings.py:112} WARNING - /home/***/.local/lib/python3.12/site-packages/azure/synapse/artifacts/models/_models_py3.py:43079: SyntaxWarning: invalid escape sequence '\d'
  """

[2026-04-15T15:39:22.614+0000] {warnings.py:112} WARNING - /home/***/.local/lib/python3.12/site-packages/azure/synapse/artifacts/models/_models_py3.py:43118: SyntaxWarning: invalid escape sequence '\d'
  """A copy activity ORC source.

[2026-04-15T15:39:22.615+0000] {warnings.py:112} WARNING - /home/***/.local/lib/python3.12/site-packages/azure/synapse/artifacts/models/_models_py3.py:43168: SyntaxWarning: invalid escape sequence '\d'
  """

[2026-04-15T15:39:22.617+0000] {warnings.py:112} WARNING - /home/***/.local/lib/python3.12/site-packages/azure/synapse/artifacts/models/_models_py3.py:43514: SyntaxWarning: invalid escape sequence '\d'
  """A copy activity Parquet sink.

[2026-04-15T15:39:22.617+0000] {warnings.py:112} WARNING - /home/***/.local/lib/python3.12/site-packages/azure/synapse/artifacts/models/_models_py3.py:43573: SyntaxWarning: invalid escape sequence '\d'
  """

[2026-04-15T15:39:22.618+0000] {warnings.py:112} WARNING - /home/***/.local/lib/python3.12/site-packages/azure/synapse/artifacts/models/_models_py3.py:43612: SyntaxWarning: invalid escape sequence '\d'
  """A copy activity Parquet source.

[2026-04-15T15:39:22.619+0000] {warnings.py:112} WARNING - /home/***/.local/lib/python3.12/site-packages/azure/synapse/artifacts/models/_models_py3.py:43666: SyntaxWarning: invalid escape sequence '\d'
  """

[2026-04-15T15:39:22.620+0000] {warnings.py:112} WARNING - /home/***/.local/lib/python3.12/site-packages/azure/synapse/artifacts/models/_models_py3.py:43989: SyntaxWarning: invalid escape sequence '\d'
  """A copy activity Paypal Service source.

[2026-04-15T15:39:22.620+0000] {warnings.py:112} WARNING - /home/***/.local/lib/python3.12/site-packages/azure/synapse/artifacts/models/_models_py3.py:44045: SyntaxWarning: invalid escape sequence '\d'
  """

[2026-04-15T15:39:22.622+0000] {warnings.py:112} WARNING - /home/***/.local/lib/python3.12/site-packages/azure/synapse/artifacts/models/_models_py3.py:44386: SyntaxWarning: invalid escape sequence '\d'
  """A copy activity Phoenix server source.

[2026-04-15T15:39:22.622+0000] {warnings.py:112} WARNING - /home/***/.local/lib/python3.12/site-packages/azure/synapse/artifacts/models/_models_py3.py:44442: SyntaxWarning: invalid escape sequence '\d'
  """

[2026-04-15T15:39:22.626+0000] {warnings.py:112} WARNING - /home/***/.local/lib/python3.12/site-packages/azure/synapse/artifacts/models/_models_py3.py:45003: SyntaxWarning: invalid escape sequence '\d'
  """A copy activity source for PostgreSQL databases.

[2026-04-15T15:39:22.627+0000] {warnings.py:112} WARNING - /home/***/.local/lib/python3.12/site-packages/azure/synapse/artifacts/models/_models_py3.py:45058: SyntaxWarning: invalid escape sequence '\d'
  """

[2026-04-15T15:39:22.628+0000] {warnings.py:112} WARNING - /home/***/.local/lib/python3.12/site-packages/azure/synapse/artifacts/models/_models_py3.py:45444: SyntaxWarning: invalid escape sequence '\d'
  """A copy activity source for PostgreSQL databases.

[2026-04-15T15:39:22.629+0000] {warnings.py:112} WARNING - /home/***/.local/lib/python3.12/site-packages/azure/synapse/artifacts/models/_models_py3.py:45499: SyntaxWarning: invalid escape sequence '\d'
  """

[2026-04-15T15:39:22.630+0000] {warnings.py:112} WARNING - /home/***/.local/lib/python3.12/site-packages/azure/synapse/artifacts/models/_models_py3.py:46042: SyntaxWarning: invalid escape sequence '\d'
  """A copy activity Presto server source.

[2026-04-15T15:39:22.631+0000] {warnings.py:112} WARNING - /home/***/.local/lib/python3.12/site-packages/azure/synapse/artifacts/models/_models_py3.py:46098: SyntaxWarning: invalid escape sequence '\d'
  """

[2026-04-15T15:39:22.633+0000] {warnings.py:112} WARNING - /home/***/.local/lib/python3.12/site-packages/azure/synapse/artifacts/models/_models_py3.py:46702: SyntaxWarning: invalid escape sequence '\d'
  """A copy activity QuickBooks server source.

[2026-04-15T15:39:22.634+0000] {warnings.py:112} WARNING - /home/***/.local/lib/python3.12/site-packages/azure/synapse/artifacts/models/_models_py3.py:46758: SyntaxWarning: invalid escape sequence '\d'
  """

[2026-04-15T15:39:22.635+0000] {warnings.py:112} WARNING - /home/***/.local/lib/python3.12/site-packages/azure/synapse/artifacts/models/_models_py3.py:47000: SyntaxWarning: invalid escape sequence '\d'
  """A copy activity source for various relational databases.

[2026-04-15T15:39:22.635+0000] {warnings.py:112} WARNING - /home/***/.local/lib/python3.12/site-packages/azure/synapse/artifacts/models/_models_py3.py:47050: SyntaxWarning: invalid escape sequence '\d'
  """

[2026-04-15T15:39:22.637+0000] {warnings.py:112} WARNING - /home/***/.local/lib/python3.12/site-packages/azure/synapse/artifacts/models/_models_py3.py:47648: SyntaxWarning: invalid escape sequence '\d'
  """A copy activity Responsys source.

[2026-04-15T15:39:22.637+0000] {warnings.py:112} WARNING - /home/***/.local/lib/python3.12/site-packages/azure/synapse/artifacts/models/_models_py3.py:47704: SyntaxWarning: invalid escape sequence '\d'
  """

[2026-04-15T15:39:22.639+0000] {warnings.py:112} WARNING - /home/***/.local/lib/python3.12/site-packages/azure/synapse/artifacts/models/_models_py3.py:48113: SyntaxWarning: invalid escape sequence '\d'
  """A copy activity Rest service Sink.

[2026-04-15T15:39:22.640+0000] {warnings.py:112} WARNING - /home/***/.local/lib/python3.12/site-packages/azure/synapse/artifacts/models/_models_py3.py:48190: SyntaxWarning: invalid escape sequence '\d'
  """

[2026-04-15T15:39:22.640+0000] {warnings.py:112} WARNING - /home/***/.local/lib/python3.12/site-packages/azure/synapse/artifacts/models/_models_py3.py:48244: SyntaxWarning: invalid escape sequence '\d'
  """A copy activity Rest service source.

[2026-04-15T15:39:22.641+0000] {warnings.py:112} WARNING - /home/***/.local/lib/python3.12/site-packages/azure/synapse/artifacts/models/_models_py3.py:48321: SyntaxWarning: invalid escape sequence '\d'
  """

[2026-04-15T15:39:22.645+0000] {warnings.py:112} WARNING - /home/***/.local/lib/python3.12/site-packages/azure/synapse/artifacts/models/_models_py3.py:49499: SyntaxWarning: invalid escape sequence '\d'
  """A copy activity Salesforce Marketing Cloud source.

[2026-04-15T15:39:22.646+0000] {warnings.py:112} WARNING - /home/***/.local/lib/python3.12/site-packages/azure/synapse/artifacts/models/_models_py3.py:49555: SyntaxWarning: invalid escape sequence '\d'
  """

[2026-04-15T15:39:22.647+0000] {warnings.py:112} WARNING - /home/***/.local/lib/python3.12/site-packages/azure/synapse/artifacts/models/_models_py3.py:49932: SyntaxWarning: invalid escape sequence '\d'
  """A copy activity Salesforce Service Cloud sink.

[2026-04-15T15:39:22.648+0000] {warnings.py:112} WARNING - /home/***/.local/lib/python3.12/site-packages/azure/synapse/artifacts/models/_models_py3.py:50002: SyntaxWarning: invalid escape sequence '\d'
  """

[2026-04-15T15:39:22.649+0000] {warnings.py:112} WARNING - /home/***/.local/lib/python3.12/site-packages/azure/synapse/artifacts/models/_models_py3.py:50052: SyntaxWarning: invalid escape sequence '\d'
  """A copy activity Salesforce Service Cloud source.

[2026-04-15T15:39:22.650+0000] {warnings.py:112} WARNING - /home/***/.local/lib/python3.12/site-packages/azure/synapse/artifacts/models/_models_py3.py:50107: SyntaxWarning: invalid escape sequence '\d'
  """

[2026-04-15T15:39:22.651+0000] {warnings.py:112} WARNING - /home/***/.local/lib/python3.12/site-packages/azure/synapse/artifacts/models/_models_py3.py:50379: SyntaxWarning: invalid escape sequence '\d'
  """A copy activity Salesforce Service Cloud V2 sink.

[2026-04-15T15:39:22.651+0000] {warnings.py:112} WARNING - /home/***/.local/lib/python3.12/site-packages/azure/synapse/artifacts/models/_models_py3.py:50449: SyntaxWarning: invalid escape sequence '\d'
  """

[2026-04-15T15:39:22.652+0000] {warnings.py:112} WARNING - /home/***/.local/lib/python3.12/site-packages/azure/synapse/artifacts/models/_models_py3.py:50499: SyntaxWarning: invalid escape sequence '\d'
  """A copy activity Salesforce Service Cloud V2 source.

[2026-04-15T15:39:22.652+0000] {warnings.py:112} WARNING - /home/***/.local/lib/python3.12/site-packages/azure/synapse/artifacts/models/_models_py3.py:50554: SyntaxWarning: invalid escape sequence '\d'
  """

[2026-04-15T15:39:22.653+0000] {warnings.py:112} WARNING - /home/***/.local/lib/python3.12/site-packages/azure/synapse/artifacts/models/_models_py3.py:50590: SyntaxWarning: invalid escape sequence '\d'
  """A copy activity Salesforce sink.

[2026-04-15T15:39:22.654+0000] {warnings.py:112} WARNING - /home/***/.local/lib/python3.12/site-packages/azure/synapse/artifacts/models/_models_py3.py:50660: SyntaxWarning: invalid escape sequence '\d'
  """

[2026-04-15T15:39:22.654+0000] {warnings.py:112} WARNING - /home/***/.local/lib/python3.12/site-packages/azure/synapse/artifacts/models/_models_py3.py:50710: SyntaxWarning: invalid escape sequence '\d'
  """A copy activity Salesforce source.

[2026-04-15T15:39:22.655+0000] {warnings.py:112} WARNING - /home/***/.local/lib/python3.12/site-packages/azure/synapse/artifacts/models/_models_py3.py:50770: SyntaxWarning: invalid escape sequence '\d'
  """

[2026-04-15T15:39:22.656+0000] {warnings.py:112} WARNING - /home/***/.local/lib/python3.12/site-packages/azure/synapse/artifacts/models/_models_py3.py:51046: SyntaxWarning: invalid escape sequence '\d'
  """A copy activity Salesforce V2 sink.

[2026-04-15T15:39:22.657+0000] {warnings.py:112} WARNING - /home/***/.local/lib/python3.12/site-packages/azure/synapse/artifacts/models/_models_py3.py:51116: SyntaxWarning: invalid escape sequence '\d'
  """

[2026-04-15T15:39:22.657+0000] {warnings.py:112} WARNING - /home/***/.local/lib/python3.12/site-packages/azure/synapse/artifacts/models/_models_py3.py:51166: SyntaxWarning: invalid escape sequence '\d'
  """A copy activity Salesforce V2 source.

[2026-04-15T15:39:22.658+0000] {warnings.py:112} WARNING - /home/***/.local/lib/python3.12/site-packages/azure/synapse/artifacts/models/_models_py3.py:51226: SyntaxWarning: invalid escape sequence '\d'
  """

[2026-04-15T15:39:22.659+0000] {warnings.py:112} WARNING - /home/***/.local/lib/python3.12/site-packages/azure/synapse/artifacts/models/_models_py3.py:51485: SyntaxWarning: invalid escape sequence '\d'
  """A copy activity source for SapBW server via MDX.

[2026-04-15T15:39:22.659+0000] {warnings.py:112} WARNING - /home/***/.local/lib/python3.12/site-packages/azure/synapse/artifacts/models/_models_py3.py:51540: SyntaxWarning: invalid escape sequence '\d'
  """

[2026-04-15T15:39:22.660+0000] {warnings.py:112} WARNING - /home/***/.local/lib/python3.12/site-packages/azure/synapse/artifacts/models/_models_py3.py:51787: SyntaxWarning: invalid escape sequence '\d'
  """A copy activity SAP Cloud for Customer sink.

[2026-04-15T15:39:22.661+0000] {warnings.py:112} WARNING - /home/***/.local/lib/python3.12/site-packages/azure/synapse/artifacts/models/_models_py3.py:51851: SyntaxWarning: invalid escape sequence '\d'
  """

[2026-04-15T15:39:22.662+0000] {warnings.py:112} WARNING - /home/***/.local/lib/python3.12/site-packages/azure/synapse/artifacts/models/_models_py3.py:51895: SyntaxWarning: invalid escape sequence '\d'
  """A copy activity source for SAP Cloud for Customer source.

[2026-04-15T15:39:22.662+0000] {warnings.py:112} WARNING - /home/***/.local/lib/python3.12/site-packages/azure/synapse/artifacts/models/_models_py3.py:51958: SyntaxWarning: invalid escape sequence '\d'
  """

[2026-04-15T15:39:22.663+0000] {warnings.py:112} WARNING - /home/***/.local/lib/python3.12/site-packages/azure/synapse/artifacts/models/_models_py3.py:52212: SyntaxWarning: invalid escape sequence '\d'
  """A copy activity source for SAP ECC source.

[2026-04-15T15:39:22.664+0000] {warnings.py:112} WARNING - /home/***/.local/lib/python3.12/site-packages/azure/synapse/artifacts/models/_models_py3.py:52275: SyntaxWarning: invalid escape sequence '\d'
  """

[2026-04-15T15:39:22.665+0000] {warnings.py:112} WARNING - /home/***/.local/lib/python3.12/site-packages/azure/synapse/artifacts/models/_models_py3.py:52463: SyntaxWarning: invalid escape sequence '\d'
  """A copy activity source for SAP HANA source.

[2026-04-15T15:39:22.666+0000] {warnings.py:112} WARNING - /home/***/.local/lib/python3.12/site-packages/azure/synapse/artifacts/models/_models_py3.py:52532: SyntaxWarning: invalid escape sequence '\d'
  """

[2026-04-15T15:39:22.667+0000] {warnings.py:112} WARNING - /home/***/.local/lib/python3.12/site-packages/azure/synapse/artifacts/models/_models_py3.py:53040: SyntaxWarning: invalid escape sequence '\d'
  """A copy activity source for SAP ODP source.

[2026-04-15T15:39:22.668+0000] {warnings.py:112} WARNING - /home/***/.local/lib/python3.12/site-packages/azure/synapse/artifacts/models/_models_py3.py:53111: SyntaxWarning: invalid escape sequence '\d'
  """

[2026-04-15T15:39:22.669+0000] {warnings.py:112} WARNING - /home/***/.local/lib/python3.12/site-packages/azure/synapse/artifacts/models/_models_py3.py:53334: SyntaxWarning: invalid escape sequence '\d'
  """A copy activity source for SAP Business Warehouse Open Hub Destination source.

[2026-04-15T15:39:22.670+0000] {warnings.py:112} WARNING - /home/***/.local/lib/python3.12/site-packages/azure/synapse/artifacts/models/_models_py3.py:53407: SyntaxWarning: invalid escape sequence '\d'
  """

[2026-04-15T15:39:22.671+0000] {warnings.py:112} WARNING - /home/***/.local/lib/python3.12/site-packages/azure/synapse/artifacts/models/_models_py3.py:53961: SyntaxWarning: invalid escape sequence '\d'
  """A copy activity source for SAP Table source.

[2026-04-15T15:39:22.673+0000] {warnings.py:112} WARNING - /home/***/.local/lib/python3.12/site-packages/azure/synapse/artifacts/models/_models_py3.py:54059: SyntaxWarning: invalid escape sequence '\d'
  """

[2026-04-15T15:39:22.674+0000] {warnings.py:112} WARNING - /home/***/.local/lib/python3.12/site-packages/azure/synapse/artifacts/models/_models_py3.py:54322: SyntaxWarning: invalid escape sequence '\d'
  """Script activity type.

[2026-04-15T15:39:22.675+0000] {warnings.py:112} WARNING - /home/***/.local/lib/python3.12/site-packages/azure/synapse/artifacts/models/_models_py3.py:54398: SyntaxWarning: invalid escape sequence '\d'
  """

[2026-04-15T15:39:22.677+0000] {warnings.py:112} WARNING - /home/***/.local/lib/python3.12/site-packages/azure/synapse/artifacts/models/_models_py3.py:55022: SyntaxWarning: invalid escape sequence '\d'
  """A copy activity ServiceNow server source.

[2026-04-15T15:39:22.678+0000] {warnings.py:112} WARNING - /home/***/.local/lib/python3.12/site-packages/azure/synapse/artifacts/models/_models_py3.py:55078: SyntaxWarning: invalid escape sequence '\d'
  """

[2026-04-15T15:39:22.679+0000] {warnings.py:112} WARNING - /home/***/.local/lib/python3.12/site-packages/azure/synapse/artifacts/models/_models_py3.py:55310: SyntaxWarning: invalid escape sequence '\d'
  """A copy activity ServiceNowV2 server source.

[2026-04-15T15:39:22.679+0000] {warnings.py:112} WARNING - /home/***/.local/lib/python3.12/site-packages/azure/synapse/artifacts/models/_models_py3.py:55365: SyntaxWarning: invalid escape sequence '\d'
  """

[2026-04-15T15:39:22.681+0000] {warnings.py:112} WARNING - /home/***/.local/lib/python3.12/site-packages/azure/synapse/artifacts/models/_models_py3.py:56196: SyntaxWarning: invalid escape sequence '\d'
  """A copy activity source for sharePoint online list source.

[2026-04-15T15:39:22.682+0000] {warnings.py:112} WARNING - /home/***/.local/lib/python3.12/site-packages/azure/synapse/artifacts/models/_models_py3.py:56248: SyntaxWarning: invalid escape sequence '\d'
  """

[2026-04-15T15:39:22.683+0000] {warnings.py:112} WARNING - /home/***/.local/lib/python3.12/site-packages/azure/synapse/artifacts/models/_models_py3.py:56508: SyntaxWarning: invalid escape sequence '\d'
  """A copy activity Shopify Service source.

[2026-04-15T15:39:22.684+0000] {warnings.py:112} WARNING - /home/***/.local/lib/python3.12/site-packages/azure/synapse/artifacts/models/_models_py3.py:56564: SyntaxWarning: invalid escape sequence '\d'
  """

[2026-04-15T15:39:22.685+0000] {warnings.py:112} WARNING - /home/***/.local/lib/python3.12/site-packages/azure/synapse/artifacts/models/_models_py3.py:57087: SyntaxWarning: invalid escape sequence '\d'
  """A copy activity snowflake sink.

[2026-04-15T15:39:22.686+0000] {warnings.py:112} WARNING - /home/***/.local/lib/python3.12/site-packages/azure/synapse/artifacts/models/_models_py3.py:57147: SyntaxWarning: invalid escape sequence '\d'
  """

[2026-04-15T15:39:22.687+0000] {warnings.py:112} WARNING - /home/***/.local/lib/python3.12/site-packages/azure/synapse/artifacts/models/_models_py3.py:57187: SyntaxWarning: invalid escape sequence '\d'
  """A copy activity snowflake source.

[2026-04-15T15:39:22.688+0000] {warnings.py:112} WARNING - /home/***/.local/lib/python3.12/site-packages/azure/synapse/artifacts/models/_models_py3.py:57237: SyntaxWarning: invalid escape sequence '\d'
  """

[2026-04-15T15:39:22.689+0000] {warnings.py:112} WARNING - /home/***/.local/lib/python3.12/site-packages/azure/synapse/artifacts/models/_models_py3.py:57560: SyntaxWarning: invalid escape sequence '\d'
  """A copy activity snowflake sink.

[2026-04-15T15:39:22.690+0000] {warnings.py:112} WARNING - /home/***/.local/lib/python3.12/site-packages/azure/synapse/artifacts/models/_models_py3.py:57620: SyntaxWarning: invalid escape sequence '\d'
  """

[2026-04-15T15:39:22.691+0000] {warnings.py:112} WARNING - /home/***/.local/lib/python3.12/site-packages/azure/synapse/artifacts/models/_models_py3.py:57660: SyntaxWarning: invalid escape sequence '\d'
  """A copy activity snowflake source.

[2026-04-15T15:39:22.692+0000] {warnings.py:112} WARNING - /home/***/.local/lib/python3.12/site-packages/azure/synapse/artifacts/models/_models_py3.py:57710: SyntaxWarning: invalid escape sequence '\d'
  """

[2026-04-15T15:39:22.695+0000] {warnings.py:112} WARNING - /home/***/.local/lib/python3.12/site-packages/azure/synapse/artifacts/models/_models_py3.py:59106: SyntaxWarning: invalid escape sequence '\d'
  """A copy activity Spark Server source.

[2026-04-15T15:39:22.696+0000] {warnings.py:112} WARNING - /home/***/.local/lib/python3.12/site-packages/azure/synapse/artifacts/models/_models_py3.py:59162: SyntaxWarning: invalid escape sequence '\d'
  """

[2026-04-15T15:39:22.697+0000] {warnings.py:112} WARNING - /home/***/.local/lib/python3.12/site-packages/azure/synapse/artifacts/models/_models_py3.py:59316: SyntaxWarning: invalid escape sequence '\d'
  """A copy activity SQL Data Warehouse sink.

[2026-04-15T15:39:22.698+0000] {warnings.py:112} WARNING - /home/***/.local/lib/python3.12/site-packages/azure/synapse/artifacts/models/_models_py3.py:59396: SyntaxWarning: invalid escape sequence '\d'
  """

[2026-04-15T15:39:22.699+0000] {warnings.py:112} WARNING - /home/***/.local/lib/python3.12/site-packages/azure/synapse/artifacts/models/_models_py3.py:59452: SyntaxWarning: invalid escape sequence '\d'
  """A copy activity SQL Data Warehouse source.

[2026-04-15T15:39:22.699+0000] {warnings.py:112} WARNING - /home/***/.local/lib/python3.12/site-packages/azure/synapse/artifacts/models/_models_py3.py:59535: SyntaxWarning: invalid escape sequence '\d'
  """

[2026-04-15T15:39:22.700+0000] {warnings.py:112} WARNING - /home/***/.local/lib/python3.12/site-packages/azure/synapse/artifacts/models/_models_py3.py:59594: SyntaxWarning: invalid escape sequence '\d'
  """A copy activity Azure SQL Managed Instance sink.

[2026-04-15T15:39:22.701+0000] {warnings.py:112} WARNING - /home/***/.local/lib/python3.12/site-packages/azure/synapse/artifacts/models/_models_py3.py:59677: SyntaxWarning: invalid escape sequence '\d'
  """

[2026-04-15T15:39:22.701+0000] {warnings.py:112} WARNING - /home/***/.local/lib/python3.12/site-packages/azure/synapse/artifacts/models/_models_py3.py:59733: SyntaxWarning: invalid escape sequence '\d'
  """A copy activity Azure SQL Managed Instance source.

[2026-04-15T15:39:22.702+0000] {warnings.py:112} WARNING - /home/***/.local/lib/python3.12/site-packages/azure/synapse/artifacts/models/_models_py3.py:59818: SyntaxWarning: invalid escape sequence '\d'
  """

[2026-04-15T15:39:22.704+0000] {warnings.py:112} WARNING - /home/***/.local/lib/python3.12/site-packages/azure/synapse/artifacts/models/_models_py3.py:60639: SyntaxWarning: invalid escape sequence '\d'
  """A copy activity SQL server sink.

[2026-04-15T15:39:22.705+0000] {warnings.py:112} WARNING - /home/***/.local/lib/python3.12/site-packages/azure/synapse/artifacts/models/_models_py3.py:60722: SyntaxWarning: invalid escape sequence '\d'
  """

[2026-04-15T15:39:22.706+0000] {warnings.py:112} WARNING - /home/***/.local/lib/python3.12/site-packages/azure/synapse/artifacts/models/_models_py3.py:60778: SyntaxWarning: invalid escape sequence '\d'
  """A copy activity SQL server source.

[2026-04-15T15:39:22.707+0000] {warnings.py:112} WARNING - /home/***/.local/lib/python3.12/site-packages/azure/synapse/artifacts/models/_models_py3.py:60863: SyntaxWarning: invalid escape sequence '\d'
  """

[2026-04-15T15:39:22.708+0000] {warnings.py:112} WARNING - /home/***/.local/lib/python3.12/site-packages/azure/synapse/artifacts/models/_models_py3.py:61167: SyntaxWarning: invalid escape sequence '\d'
  """A copy activity SQL sink.

[2026-04-15T15:39:22.709+0000] {warnings.py:112} WARNING - /home/***/.local/lib/python3.12/site-packages/azure/synapse/artifacts/models/_models_py3.py:61250: SyntaxWarning: invalid escape sequence '\d'
  """

[2026-04-15T15:39:22.710+0000] {warnings.py:112} WARNING - /home/***/.local/lib/python3.12/site-packages/azure/synapse/artifacts/models/_models_py3.py:61306: SyntaxWarning: invalid escape sequence '\d'
  """A copy activity SQL source.

[2026-04-15T15:39:22.711+0000] {warnings.py:112} WARNING - /home/***/.local/lib/python3.12/site-packages/azure/synapse/artifacts/models/_models_py3.py:61387: SyntaxWarning: invalid escape sequence '\d'
  """

[2026-04-15T15:39:22.712+0000] {warnings.py:112} WARNING - /home/***/.local/lib/python3.12/site-packages/azure/synapse/artifacts/models/_models_py3.py:61696: SyntaxWarning: invalid escape sequence '\d'
  """A copy activity Square Service source.

[2026-04-15T15:39:22.713+0000] {warnings.py:112} WARNING - /home/***/.local/lib/python3.12/site-packages/azure/synapse/artifacts/models/_models_py3.py:61752: SyntaxWarning: invalid escape sequence '\d'
  """

[2026-04-15T15:39:22.714+0000] {warnings.py:112} WARNING - /home/***/.local/lib/python3.12/site-packages/azure/synapse/artifacts/models/_models_py3.py:61954: SyntaxWarning: invalid escape sequence '\d'
  """SSIS package execution log location.

[2026-04-15T15:39:22.715+0000] {warnings.py:112} WARNING - /home/***/.local/lib/python3.12/site-packages/azure/synapse/artifacts/models/_models_py3.py:61992: SyntaxWarning: invalid escape sequence '\d'
  """

[2026-04-15T15:39:22.717+0000] {warnings.py:112} WARNING - /home/***/.local/lib/python3.12/site-packages/azure/synapse/artifacts/models/_models_py3.py:62660: SyntaxWarning: invalid escape sequence '\d'
  """A copy activity source for Sybase databases.

[2026-04-15T15:39:22.718+0000] {warnings.py:112} WARNING - /home/***/.local/lib/python3.12/site-packages/azure/synapse/artifacts/models/_models_py3.py:62715: SyntaxWarning: invalid escape sequence '\d'
  """

[2026-04-15T15:39:22.720+0000] {warnings.py:112} WARNING - /home/***/.local/lib/python3.12/site-packages/azure/synapse/artifacts/models/_models_py3.py:63882: SyntaxWarning: invalid escape sequence '\d'
  """A copy activity Teradata source.

[2026-04-15T15:39:22.721+0000] {warnings.py:112} WARNING - /home/***/.local/lib/python3.12/site-packages/azure/synapse/artifacts/models/_models_py3.py:63946: SyntaxWarning: invalid escape sequence '\d'
  """

[2026-04-15T15:39:22.723+0000] {warnings.py:112} WARNING - /home/***/.local/lib/python3.12/site-packages/azure/synapse/artifacts/models/_models_py3.py:64582: SyntaxWarning: invalid escape sequence '\d'
  """Trigger that schedules pipeline runs for all fixed time interval windows from a start time

[2026-04-15T15:39:22.724+0000] {warnings.py:112} WARNING - /home/***/.local/lib/python3.12/site-packages/azure/synapse/artifacts/models/_models_py3.py:64674: SyntaxWarning: invalid escape sequence '\d'
  """

[2026-04-15T15:39:22.726+0000] {warnings.py:112} WARNING - /home/***/.local/lib/python3.12/site-packages/azure/synapse/artifacts/models/_models_py3.py:64940: SyntaxWarning: invalid escape sequence '\d'
  """This activity executes inner activities until the specified boolean expression results to true

[2026-04-15T15:39:22.726+0000] {warnings.py:112} WARNING - /home/***/.local/lib/python3.12/site-packages/azure/synapse/artifacts/models/_models_py3.py:65014: SyntaxWarning: invalid escape sequence '\d'
  """

[2026-04-15T15:39:22.727+0000] {warnings.py:112} WARNING - /home/***/.local/lib/python3.12/site-packages/azure/synapse/artifacts/models/_models_py3.py:65117: SyntaxWarning: invalid escape sequence '\d'
  """This activity verifies that an external resource exists.

[2026-04-15T15:39:22.728+0000] {warnings.py:112} WARNING - /home/***/.local/lib/python3.12/site-packages/azure/synapse/artifacts/models/_models_py3.py:65199: SyntaxWarning: invalid escape sequence '\d'
  """

[2026-04-15T15:39:22.729+0000] {warnings.py:112} WARNING - /home/***/.local/lib/python3.12/site-packages/azure/synapse/artifacts/models/_models_py3.py:65385: SyntaxWarning: invalid escape sequence '\d'
  """A copy activity Vertica source.

[2026-04-15T15:39:22.730+0000] {warnings.py:112} WARNING - /home/***/.local/lib/python3.12/site-packages/azure/synapse/artifacts/models/_models_py3.py:65441: SyntaxWarning: invalid escape sequence '\d'
  """

[2026-04-15T15:39:22.732+0000] {warnings.py:112} WARNING - /home/***/.local/lib/python3.12/site-packages/azure/synapse/artifacts/models/_models_py3.py:65874: SyntaxWarning: invalid escape sequence '\d'
  """A copy activity Microsoft Fabric Warehouse sink.

[2026-04-15T15:39:22.732+0000] {warnings.py:112} WARNING - /home/***/.local/lib/python3.12/site-packages/azure/synapse/artifacts/models/_models_py3.py:65950: SyntaxWarning: invalid escape sequence '\d'
  """

[2026-04-15T15:39:22.733+0000] {warnings.py:112} WARNING - /home/***/.local/lib/python3.12/site-packages/azure/synapse/artifacts/models/_models_py3.py:66003: SyntaxWarning: invalid escape sequence '\d'
  """A copy activity Microsoft Fabric Warehouse source.

[2026-04-15T15:39:22.735+0000] {warnings.py:112} WARNING - /home/***/.local/lib/python3.12/site-packages/azure/synapse/artifacts/models/_models_py3.py:66087: SyntaxWarning: invalid escape sequence '\d'
  """

[2026-04-15T15:39:22.737+0000] {warnings.py:112} WARNING - /home/***/.local/lib/python3.12/site-packages/azure/synapse/artifacts/models/_models_py3.py:66686: SyntaxWarning: invalid escape sequence '\d'
  """WebHook activity.

[2026-04-15T15:39:22.738+0000] {warnings.py:112} WARNING - /home/***/.local/lib/python3.12/site-packages/azure/synapse/artifacts/models/_models_py3.py:66779: SyntaxWarning: invalid escape sequence '\d'
  """

[2026-04-15T15:39:22.739+0000] {warnings.py:112} WARNING - /home/***/.local/lib/python3.12/site-packages/azure/synapse/artifacts/models/_models_py3.py:66918: SyntaxWarning: invalid escape sequence '\d'
  """A copy activity source for web page table.

[2026-04-15T15:39:22.740+0000] {warnings.py:112} WARNING - /home/***/.local/lib/python3.12/site-packages/azure/synapse/artifacts/models/_models_py3.py:66964: SyntaxWarning: invalid escape sequence '\d'
  """

[2026-04-15T15:39:22.743+0000] {warnings.py:112} WARNING - /home/***/.local/lib/python3.12/site-packages/azure/synapse/artifacts/models/_models_py3.py:67735: SyntaxWarning: invalid escape sequence '\d'
  """A copy activity Xero Service source.

[2026-04-15T15:39:22.744+0000] {warnings.py:112} WARNING - /home/***/.local/lib/python3.12/site-packages/azure/synapse/artifacts/models/_models_py3.py:67791: SyntaxWarning: invalid escape sequence '\d'
  """

[2026-04-15T15:39:22.746+0000] {warnings.py:112} WARNING - /home/***/.local/lib/python3.12/site-packages/azure/synapse/artifacts/models/_models_py3.py:68043: SyntaxWarning: invalid escape sequence '\d'
  """A copy activity Xml source.

[2026-04-15T15:39:22.746+0000] {warnings.py:112} WARNING - /home/***/.local/lib/python3.12/site-packages/azure/synapse/artifacts/models/_models_py3.py:68097: SyntaxWarning: invalid escape sequence '\d'
  """

[2026-04-15T15:39:22.748+0000] {warnings.py:112} WARNING - /home/***/.local/lib/python3.12/site-packages/azure/synapse/artifacts/models/_models_py3.py:68532: SyntaxWarning: invalid escape sequence '\d'
  """A copy activity Zoho server source.

[2026-04-15T15:39:22.749+0000] {warnings.py:112} WARNING - /home/***/.local/lib/python3.12/site-packages/azure/synapse/artifacts/models/_models_py3.py:68588: SyntaxWarning: invalid escape sequence '\d'
  """

[2026-04-15T15:39:24.021+0000] {taskinstance.py:341} INFO - ::group::Post task execution logs
[2026-04-15T15:39:24.023+0000] {taskinstance.py:353} INFO - Marking task as SUCCESS. dag_id=kafka_producer, task_id=execute_update_layers, run_id=scheduled__2026-04-13T18:30:00+00:00, execution_date=20260413T183000, start_date=20260415T153918, end_date=20260415T153924
[2026-04-15T15:39:24.117+0000] {local_task_job_runner.py:266} INFO - Task exited with return code 0
[2026-04-15T15:39:24.141+0000] {taskinstance.py:3901} INFO - 0 downstream tasks scheduled from follow-on schedule check
[2026-04-15T15:39:24.146+0000] {local_task_job_runner.py:245} INFO - ::endgroup::
[2026-04-15T15:49:50.548+0000] {local_task_job_runner.py:123} INFO - ::group::Pre task execution logs
[2026-04-15T15:49:50.591+0000] {taskinstance.py:2614} INFO - Dependencies all met for dep_context=non-requeueable deps ti=<TaskInstance: kafka_producer.execute_update_layers scheduled__2026-04-13T18:30:00+00:00 [queued]>
[2026-04-15T15:49:50.610+0000] {taskinstance.py:2614} INFO - Dependencies all met for dep_context=requeueable deps ti=<TaskInstance: kafka_producer.execute_update_layers scheduled__2026-04-13T18:30:00+00:00 [queued]>
[2026-04-15T15:49:50.611+0000] {taskinstance.py:2867} INFO - Starting attempt 1 of 1
[2026-04-15T15:49:50.637+0000] {taskinstance.py:2890} INFO - Executing <Task(TriggerDagRunOperator): execute_update_layers> on 2026-04-13 18:30:00+00:00
[2026-04-15T15:49:50.651+0000] {warnings.py:112} WARNING - /home/***/.local/lib/python3.12/site-packages/***/task/task_runner/standard_task_runner.py:70: DeprecationWarning: This process (pid=55) is multi-threaded, use of fork() may lead to deadlocks in the child.
  pid = os.fork()

[2026-04-15T15:49:50.655+0000] {standard_task_runner.py:104} INFO - Running: ['***', 'tasks', 'run', 'kafka_producer', 'execute_update_layers', 'scheduled__2026-04-13T18:30:00+00:00', '--job-id', '3', '--raw', '--subdir', 'DAGS_FOLDER/kafka_load.py', '--cfg-path', '/tmp/tmp0oild7r1']
[2026-04-15T15:49:50.657+0000] {standard_task_runner.py:72} INFO - Started process 56 to run task
[2026-04-15T15:49:50.659+0000] {standard_task_runner.py:105} INFO - Job 3: Subtask execute_update_layers
[2026-04-15T15:49:50.732+0000] {task_command.py:467} INFO - Running <TaskInstance: kafka_producer.execute_update_layers scheduled__2026-04-13T18:30:00+00:00 [running]> on host 501efe15e1f8
[2026-04-15T15:49:50.858+0000] {taskinstance.py:3134} INFO - Exporting env vars: AIRFLOW_CTX_DAG_OWNER='***' AIRFLOW_CTX_DAG_ID='kafka_producer' AIRFLOW_CTX_TASK_ID='execute_update_layers' AIRFLOW_CTX_EXECUTION_DATE='2026-04-13T18:30:00+00:00' AIRFLOW_CTX_TRY_NUMBER='1' AIRFLOW_CTX_DAG_RUN_ID='scheduled__2026-04-13T18:30:00+00:00'
[2026-04-15T15:49:50.860+0000] {taskinstance.py:732} INFO - ::endgroup::
[2026-04-15T15:49:55.213+0000] {warnings.py:112} WARNING - /home/***/.local/lib/python3.12/site-packages/azure/synapse/artifacts/models/_models_py3.py:175: SyntaxWarning: invalid escape sequence '\d'
  """Execution policy for an activity.

[2026-04-15T15:49:55.214+0000] {warnings.py:112} WARNING - /home/***/.local/lib/python3.12/site-packages/azure/synapse/artifacts/models/_models_py3.py:222: SyntaxWarning: invalid escape sequence '\d'
  """

[2026-04-15T15:49:55.217+0000] {warnings.py:112} WARNING - /home/***/.local/lib/python3.12/site-packages/azure/synapse/artifacts/models/_models_py3.py:1151: SyntaxWarning: invalid escape sequence '\d'
  """A copy activity source.

[2026-04-15T15:49:55.218+0000] {warnings.py:112} WARNING - /home/***/.local/lib/python3.12/site-packages/azure/synapse/artifacts/models/_models_py3.py:1248: SyntaxWarning: invalid escape sequence '\d'
  """

[2026-04-15T15:49:55.218+0000] {warnings.py:112} WARNING - /home/***/.local/lib/python3.12/site-packages/azure/synapse/artifacts/models/_models_py3.py:1271: SyntaxWarning: invalid escape sequence '\d'
  """Copy activity sources of tabular type.

[2026-04-15T15:49:55.219+0000] {warnings.py:112} WARNING - /home/***/.local/lib/python3.12/site-packages/azure/synapse/artifacts/models/_models_py3.py:1406: SyntaxWarning: invalid escape sequence '\d'
  """

[2026-04-15T15:49:55.219+0000] {warnings.py:112} WARNING - /home/***/.local/lib/python3.12/site-packages/azure/synapse/artifacts/models/_models_py3.py:1439: SyntaxWarning: invalid escape sequence '\d'
  """A copy activity Amazon Marketplace Web Service source.

[2026-04-15T15:49:55.220+0000] {warnings.py:112} WARNING - /home/***/.local/lib/python3.12/site-packages/azure/synapse/artifacts/models/_models_py3.py:1495: SyntaxWarning: invalid escape sequence '\d'
  """

[2026-04-15T15:49:55.221+0000] {warnings.py:112} WARNING - /home/***/.local/lib/python3.12/site-packages/azure/synapse/artifacts/models/_models_py3.py:1683: SyntaxWarning: invalid escape sequence '\d'
  """A copy activity AmazonRdsForOracle source.

[2026-04-15T15:49:55.221+0000] {warnings.py:112} WARNING - /home/***/.local/lib/python3.12/site-packages/azure/synapse/artifacts/models/_models_py3.py:1750: SyntaxWarning: invalid escape sequence '\d'
  """

[2026-04-15T15:49:55.222+0000] {warnings.py:112} WARNING - /home/***/.local/lib/python3.12/site-packages/azure/synapse/artifacts/models/_models_py3.py:2025: SyntaxWarning: invalid escape sequence '\d'
  """A copy activity Amazon RDS for SQL Server source.

[2026-04-15T15:49:55.223+0000] {warnings.py:112} WARNING - /home/***/.local/lib/python3.12/site-packages/azure/synapse/artifacts/models/_models_py3.py:2110: SyntaxWarning: invalid escape sequence '\d'
  """

[2026-04-15T15:49:55.224+0000] {warnings.py:112} WARNING - /home/***/.local/lib/python3.12/site-packages/azure/synapse/artifacts/models/_models_py3.py:2407: SyntaxWarning: invalid escape sequence '\d'
  """A copy activity source for Amazon Redshift Source.

[2026-04-15T15:49:55.224+0000] {warnings.py:112} WARNING - /home/***/.local/lib/python3.12/site-packages/azure/synapse/artifacts/models/_models_py3.py:2468: SyntaxWarning: invalid escape sequence '\d'
  """

[2026-04-15T15:49:55.229+0000] {warnings.py:112} WARNING - /home/***/.local/lib/python3.12/site-packages/azure/synapse/artifacts/models/_models_py3.py:3987: SyntaxWarning: invalid escape sequence '\d'
  """A copy activity sink.

[2026-04-15T15:49:55.231+0000] {warnings.py:112} WARNING - /home/***/.local/lib/python3.12/site-packages/azure/synapse/artifacts/models/_models_py3.py:4096: SyntaxWarning: invalid escape sequence '\d'
  """

[2026-04-15T15:49:55.232+0000] {warnings.py:112} WARNING - /home/***/.local/lib/python3.12/site-packages/azure/synapse/artifacts/models/_models_py3.py:4127: SyntaxWarning: invalid escape sequence '\d'
  """A copy activity Avro sink.

[2026-04-15T15:49:55.232+0000] {warnings.py:112} WARNING - /home/***/.local/lib/python3.12/site-packages/azure/synapse/artifacts/models/_models_py3.py:4186: SyntaxWarning: invalid escape sequence '\d'
  """

[2026-04-15T15:49:55.233+0000] {warnings.py:112} WARNING - /home/***/.local/lib/python3.12/site-packages/azure/synapse/artifacts/models/_models_py3.py:4225: SyntaxWarning: invalid escape sequence '\d'
  """A copy activity Avro source.

[2026-04-15T15:49:55.233+0000] {warnings.py:112} WARNING - /home/***/.local/lib/python3.12/site-packages/azure/synapse/artifacts/models/_models_py3.py:4275: SyntaxWarning: invalid escape sequence '\d'
  """

[2026-04-15T15:49:55.236+0000] {warnings.py:112} WARNING - /home/***/.local/lib/python3.12/site-packages/azure/synapse/artifacts/models/_models_py3.py:5209: SyntaxWarning: invalid escape sequence '\d'
  """A copy activity Azure Data Lake Storage Gen2 sink.

[2026-04-15T15:49:55.237+0000] {warnings.py:112} WARNING - /home/***/.local/lib/python3.12/site-packages/azure/synapse/artifacts/models/_models_py3.py:5265: SyntaxWarning: invalid escape sequence '\d'
  """

[2026-04-15T15:49:55.238+0000] {warnings.py:112} WARNING - /home/***/.local/lib/python3.12/site-packages/azure/synapse/artifacts/models/_models_py3.py:5302: SyntaxWarning: invalid escape sequence '\d'
  """A copy activity Azure BlobFS source.

[2026-04-15T15:49:55.238+0000] {warnings.py:112} WARNING - /home/***/.local/lib/python3.12/site-packages/azure/synapse/artifacts/models/_models_py3.py:5358: SyntaxWarning: invalid escape sequence '\d'
  """

[2026-04-15T15:49:55.241+0000] {warnings.py:112} WARNING - /home/***/.local/lib/python3.12/site-packages/azure/synapse/artifacts/models/_models_py3.py:6437: SyntaxWarning: invalid escape sequence '\d'
  """A copy activity Azure Databricks Delta Lake sink.

[2026-04-15T15:49:55.242+0000] {warnings.py:112} WARNING - /home/***/.local/lib/python3.12/site-packages/azure/synapse/artifacts/models/_models_py3.py:6497: SyntaxWarning: invalid escape sequence '\d'
  """

[2026-04-15T15:49:55.242+0000] {warnings.py:112} WARNING - /home/***/.local/lib/python3.12/site-packages/azure/synapse/artifacts/models/_models_py3.py:6538: SyntaxWarning: invalid escape sequence '\d'
  """A copy activity Azure Databricks Delta Lake source.

[2026-04-15T15:49:55.243+0000] {warnings.py:112} WARNING - /home/***/.local/lib/python3.12/site-packages/azure/synapse/artifacts/models/_models_py3.py:6588: SyntaxWarning: invalid escape sequence '\d'
  """

[2026-04-15T15:49:55.244+0000] {warnings.py:112} WARNING - /home/***/.local/lib/python3.12/site-packages/azure/synapse/artifacts/models/_models_py3.py:7023: SyntaxWarning: invalid escape sequence '\d'
  """Azure Data Explorer command activity.

[2026-04-15T15:49:55.245+0000] {warnings.py:112} WARNING - /home/***/.local/lib/python3.12/site-packages/azure/synapse/artifacts/models/_models_py3.py:7096: SyntaxWarning: invalid escape sequence '\d'
  """

[2026-04-15T15:49:55.246+0000] {warnings.py:112} WARNING - /home/***/.local/lib/python3.12/site-packages/azure/synapse/artifacts/models/_models_py3.py:7267: SyntaxWarning: invalid escape sequence '\d'
  """A copy activity Azure Data Explorer sink.

[2026-04-15T15:49:55.247+0000] {warnings.py:112} WARNING - /home/***/.local/lib/python3.12/site-packages/azure/synapse/artifacts/models/_models_py3.py:7333: SyntaxWarning: invalid escape sequence '\d'
  """

[2026-04-15T15:49:55.248+0000] {warnings.py:112} WARNING - /home/***/.local/lib/python3.12/site-packages/azure/synapse/artifacts/models/_models_py3.py:7378: SyntaxWarning: invalid escape sequence '\d'
  """A copy activity Azure Data Explorer (Kusto) source.

[2026-04-15T15:49:55.249+0000] {warnings.py:112} WARNING - /home/***/.local/lib/python3.12/site-packages/azure/synapse/artifacts/models/_models_py3.py:7440: SyntaxWarning: invalid escape sequence '\d'
  """

[2026-04-15T15:49:55.251+0000] {warnings.py:112} WARNING - /home/***/.local/lib/python3.12/site-packages/azure/synapse/artifacts/models/_models_py3.py:8222: SyntaxWarning: invalid escape sequence '\d'
  """A copy activity Azure Data Lake Store sink.

[2026-04-15T15:49:55.251+0000] {warnings.py:112} WARNING - /home/***/.local/lib/python3.12/site-packages/azure/synapse/artifacts/models/_models_py3.py:8282: SyntaxWarning: invalid escape sequence '\d'
  """

[2026-04-15T15:49:55.252+0000] {warnings.py:112} WARNING - /home/***/.local/lib/python3.12/site-packages/azure/synapse/artifacts/models/_models_py3.py:8322: SyntaxWarning: invalid escape sequence '\d'
  """A copy activity Azure Data Lake source.

[2026-04-15T15:49:55.253+0000] {warnings.py:112} WARNING - /home/***/.local/lib/python3.12/site-packages/azure/synapse/artifacts/models/_models_py3.py:8368: SyntaxWarning: invalid escape sequence '\d'
  """

[2026-04-15T15:49:55.257+0000] {warnings.py:112} WARNING - /home/***/.local/lib/python3.12/site-packages/azure/synapse/artifacts/models/_models_py3.py:9475: SyntaxWarning: invalid escape sequence '\d'
  """A copy activity Azure MariaDB source.

[2026-04-15T15:49:55.258+0000] {warnings.py:112} WARNING - /home/***/.local/lib/python3.12/site-packages/azure/synapse/artifacts/models/_models_py3.py:9531: SyntaxWarning: invalid escape sequence '\d'
  """

[2026-04-15T15:49:55.260+0000] {warnings.py:112} WARNING - /home/***/.local/lib/python3.12/site-packages/azure/synapse/artifacts/models/_models_py3.py:10532: SyntaxWarning: invalid escape sequence '\d'
  """A copy activity Azure MySql sink.

[2026-04-15T15:49:55.261+0000] {warnings.py:112} WARNING - /home/***/.local/lib/python3.12/site-packages/azure/synapse/artifacts/models/_models_py3.py:10588: SyntaxWarning: invalid escape sequence '\d'
  """

[2026-04-15T15:49:55.262+0000] {warnings.py:112} WARNING - /home/***/.local/lib/python3.12/site-packages/azure/synapse/artifacts/models/_models_py3.py:10625: SyntaxWarning: invalid escape sequence '\d'
  """A copy activity Azure MySQL source.

[2026-04-15T15:49:55.263+0000] {warnings.py:112} WARNING - /home/***/.local/lib/python3.12/site-packages/azure/synapse/artifacts/models/_models_py3.py:10680: SyntaxWarning: invalid escape sequence '\d'
  """

[2026-04-15T15:49:55.267+0000] {warnings.py:112} WARNING - /home/***/.local/lib/python3.12/site-packages/azure/synapse/artifacts/models/_models_py3.py:10923: SyntaxWarning: invalid escape sequence '\d'
  """A copy activity Azure PostgreSQL sink.

[2026-04-15T15:49:55.268+0000] {warnings.py:112} WARNING - /home/***/.local/lib/python3.12/site-packages/azure/synapse/artifacts/models/_models_py3.py:10979: SyntaxWarning: invalid escape sequence '\d'
  """

[2026-04-15T15:49:55.269+0000] {warnings.py:112} WARNING - /home/***/.local/lib/python3.12/site-packages/azure/synapse/artifacts/models/_models_py3.py:11016: SyntaxWarning: invalid escape sequence '\d'
  """A copy activity Azure PostgreSQL source.

[2026-04-15T15:49:55.269+0000] {warnings.py:112} WARNING - /home/***/.local/lib/python3.12/site-packages/azure/synapse/artifacts/models/_models_py3.py:11072: SyntaxWarning: invalid escape sequence '\d'
  """

[2026-04-15T15:49:55.270+0000] {warnings.py:112} WARNING - /home/***/.local/lib/python3.12/site-packages/azure/synapse/artifacts/models/_models_py3.py:11231: SyntaxWarning: invalid escape sequence '\d'
  """A copy activity Azure Queue sink.

[2026-04-15T15:49:55.271+0000] {warnings.py:112} WARNING - /home/***/.local/lib/python3.12/site-packages/azure/synapse/artifacts/models/_models_py3.py:11282: SyntaxWarning: invalid escape sequence '\d'
  """

[2026-04-15T15:49:55.271+0000] {warnings.py:112} WARNING - /home/***/.local/lib/python3.12/site-packages/azure/synapse/artifacts/models/_models_py3.py:11420: SyntaxWarning: invalid escape sequence '\d'
  """A copy activity Azure Search Index sink.

[2026-04-15T15:49:55.272+0000] {warnings.py:112} WARNING - /home/***/.local/lib/python3.12/site-packages/azure/synapse/artifacts/models/_models_py3.py:11477: SyntaxWarning: invalid escape sequence '\d'
  """

[2026-04-15T15:49:55.274+0000] {warnings.py:112} WARNING - /home/***/.local/lib/python3.12/site-packages/azure/synapse/artifacts/models/_models_py3.py:12300: SyntaxWarning: invalid escape sequence '\d'
  """A copy activity Azure SQL sink.

[2026-04-15T15:49:55.275+0000] {warnings.py:112} WARNING - /home/***/.local/lib/python3.12/site-packages/azure/synapse/artifacts/models/_models_py3.py:12383: SyntaxWarning: invalid escape sequence '\d'
  """

[2026-04-15T15:49:55.277+0000] {warnings.py:112} WARNING - /home/***/.local/lib/python3.12/site-packages/azure/synapse/artifacts/models/_models_py3.py:12439: SyntaxWarning: invalid escape sequence '\d'
  """A copy activity Azure SQL source.

[2026-04-15T15:49:55.277+0000] {warnings.py:112} WARNING - /home/***/.local/lib/python3.12/site-packages/azure/synapse/artifacts/models/_models_py3.py:12524: SyntaxWarning: invalid escape sequence '\d'
  """

[2026-04-15T15:49:55.279+0000] {warnings.py:112} WARNING - /home/***/.local/lib/python3.12/site-packages/azure/synapse/artifacts/models/_models_py3.py:13019: SyntaxWarning: invalid escape sequence '\d'
  """A copy activity Azure Table sink.

[2026-04-15T15:49:55.279+0000] {warnings.py:112} WARNING - /home/***/.local/lib/python3.12/site-packages/azure/synapse/artifacts/models/_models_py3.py:13090: SyntaxWarning: invalid escape sequence '\d'
  """

[2026-04-15T15:49:55.280+0000] {warnings.py:112} WARNING - /home/***/.local/lib/python3.12/site-packages/azure/synapse/artifacts/models/_models_py3.py:13139: SyntaxWarning: invalid escape sequence '\d'
  """A copy activity Azure Table source.

[2026-04-15T15:49:55.280+0000] {warnings.py:112} WARNING - /home/***/.local/lib/python3.12/site-packages/azure/synapse/artifacts/models/_models_py3.py:13200: SyntaxWarning: invalid escape sequence '\d'
  """

[2026-04-15T15:49:55.282+0000] {warnings.py:112} WARNING - /home/***/.local/lib/python3.12/site-packages/azure/synapse/artifacts/models/_models_py3.py:13886: SyntaxWarning: invalid escape sequence '\d'
  """A copy activity Binary sink.

[2026-04-15T15:49:55.283+0000] {warnings.py:112} WARNING - /home/***/.local/lib/python3.12/site-packages/azure/synapse/artifacts/models/_models_py3.py:13941: SyntaxWarning: invalid escape sequence '\d'
  """

[2026-04-15T15:49:55.283+0000] {warnings.py:112} WARNING - /home/***/.local/lib/python3.12/site-packages/azure/synapse/artifacts/models/_models_py3.py:13977: SyntaxWarning: invalid escape sequence '\d'
  """A copy activity Binary source.

[2026-04-15T15:49:55.284+0000] {warnings.py:112} WARNING - /home/***/.local/lib/python3.12/site-packages/azure/synapse/artifacts/models/_models_py3.py:14026: SyntaxWarning: invalid escape sequence '\d'
  """

[2026-04-15T15:49:55.285+0000] {warnings.py:112} WARNING - /home/***/.local/lib/python3.12/site-packages/azure/synapse/artifacts/models/_models_py3.py:14318: SyntaxWarning: invalid escape sequence '\d'
  """A copy activity Azure Blob sink.

[2026-04-15T15:49:55.285+0000] {warnings.py:112} WARNING - /home/***/.local/lib/python3.12/site-packages/azure/synapse/artifacts/models/_models_py3.py:14388: SyntaxWarning: invalid escape sequence '\d'
  """

[2026-04-15T15:49:55.286+0000] {warnings.py:112} WARNING - /home/***/.local/lib/python3.12/site-packages/azure/synapse/artifacts/models/_models_py3.py:14436: SyntaxWarning: invalid escape sequence '\d'
  """A copy activity Azure Blob source.

[2026-04-15T15:49:55.286+0000] {warnings.py:112} WARNING - /home/***/.local/lib/python3.12/site-packages/azure/synapse/artifacts/models/_models_py3.py:14492: SyntaxWarning: invalid escape sequence '\d'
  """

[2026-04-15T15:49:55.287+0000] {warnings.py:112} WARNING - /home/***/.local/lib/python3.12/site-packages/azure/synapse/artifacts/models/_models_py3.py:14744: SyntaxWarning: invalid escape sequence '\d'
  """A copy activity source for a Cassandra database.

[2026-04-15T15:49:55.288+0000] {warnings.py:112} WARNING - /home/***/.local/lib/python3.12/site-packages/azure/synapse/artifacts/models/_models_py3.py:14810: SyntaxWarning: invalid escape sequence '\d'
  """

[2026-04-15T15:49:55.289+0000] {warnings.py:112} WARNING - /home/***/.local/lib/python3.12/site-packages/azure/synapse/artifacts/models/_models_py3.py:15415: SyntaxWarning: invalid escape sequence '\d'
  """A copy activity Common Data Service for Apps sink.

[2026-04-15T15:49:55.290+0000] {warnings.py:112} WARNING - /home/***/.local/lib/python3.12/site-packages/azure/synapse/artifacts/models/_models_py3.py:15482: SyntaxWarning: invalid escape sequence '\d'
  """

[2026-04-15T15:49:55.290+0000] {warnings.py:112} WARNING - /home/***/.local/lib/python3.12/site-packages/azure/synapse/artifacts/models/_models_py3.py:15527: SyntaxWarning: invalid escape sequence '\d'
  """A copy activity Common Data Service for Apps source.

[2026-04-15T15:49:55.291+0000] {warnings.py:112} WARNING - /home/***/.local/lib/python3.12/site-packages/azure/synapse/artifacts/models/_models_py3.py:15578: SyntaxWarning: invalid escape sequence '\d'
  """

[2026-04-15T15:49:55.295+0000] {warnings.py:112} WARNING - /home/***/.local/lib/python3.12/site-packages/azure/synapse/artifacts/models/_models_py3.py:15897: SyntaxWarning: invalid escape sequence '\d'
  """A copy activity Concur Service source.

[2026-04-15T15:49:55.297+0000] {warnings.py:112} WARNING - /home/***/.local/lib/python3.12/site-packages/azure/synapse/artifacts/models/_models_py3.py:15953: SyntaxWarning: invalid escape sequence '\d'
  """

[2026-04-15T15:49:55.299+0000] {warnings.py:112} WARNING - /home/***/.local/lib/python3.12/site-packages/azure/synapse/artifacts/models/_models_py3.py:16617: SyntaxWarning: invalid escape sequence '\d'
  """A copy activity sink for a CosmosDB (MongoDB API) database.

[2026-04-15T15:49:55.300+0000] {warnings.py:112} WARNING - /home/***/.local/lib/python3.12/site-packages/azure/synapse/artifacts/models/_models_py3.py:16674: SyntaxWarning: invalid escape sequence '\d'
  """

[2026-04-15T15:49:55.300+0000] {warnings.py:112} WARNING - /home/***/.local/lib/python3.12/site-packages/azure/synapse/artifacts/models/_models_py3.py:16712: SyntaxWarning: invalid escape sequence '\d'
  """A copy activity source for a CosmosDB (MongoDB API) database.

[2026-04-15T15:49:55.301+0000] {warnings.py:112} WARNING - /home/***/.local/lib/python3.12/site-packages/azure/synapse/artifacts/models/_models_py3.py:16780: SyntaxWarning: invalid escape sequence '\d'
  """

[2026-04-15T15:49:55.301+0000] {warnings.py:112} WARNING - /home/***/.local/lib/python3.12/site-packages/azure/synapse/artifacts/models/_models_py3.py:16932: SyntaxWarning: invalid escape sequence '\d'
  """A copy activity Azure CosmosDB (SQL API) Collection sink.

[2026-04-15T15:49:55.302+0000] {warnings.py:112} WARNING - /home/***/.local/lib/python3.12/site-packages/azure/synapse/artifacts/models/_models_py3.py:16988: SyntaxWarning: invalid escape sequence '\d'
  """

[2026-04-15T15:49:55.303+0000] {warnings.py:112} WARNING - /home/***/.local/lib/python3.12/site-packages/azure/synapse/artifacts/models/_models_py3.py:17025: SyntaxWarning: invalid escape sequence '\d'
  """A copy activity Azure CosmosDB (SQL API) Collection source.

[2026-04-15T15:49:55.303+0000] {warnings.py:112} WARNING - /home/***/.local/lib/python3.12/site-packages/azure/synapse/artifacts/models/_models_py3.py:17090: SyntaxWarning: invalid escape sequence '\d'
  """

[2026-04-15T15:49:55.304+0000] {warnings.py:112} WARNING - /home/***/.local/lib/python3.12/site-packages/azure/synapse/artifacts/models/_models_py3.py:17228: SyntaxWarning: invalid escape sequence '\d'
  """A copy activity Couchbase server source.

[2026-04-15T15:49:55.305+0000] {warnings.py:112} WARNING - /home/***/.local/lib/python3.12/site-packages/azure/synapse/artifacts/models/_models_py3.py:17284: SyntaxWarning: invalid escape sequence '\d'
  """

[2026-04-15T15:49:55.319+0000] {warnings.py:112} WARNING - /home/***/.local/lib/python3.12/site-packages/azure/synapse/artifacts/models/_models_py3.py:20234: SyntaxWarning: invalid escape sequence '\d'
  """A copy activity source for Db2 databases.

[2026-04-15T15:49:55.320+0000] {warnings.py:112} WARNING - /home/***/.local/lib/python3.12/site-packages/azure/synapse/artifacts/models/_models_py3.py:20289: SyntaxWarning: invalid escape sequence '\d'
  """

[2026-04-15T15:49:55.322+0000] {warnings.py:112} WARNING - /home/***/.local/lib/python3.12/site-packages/azure/synapse/artifacts/models/_models_py3.py:20862: SyntaxWarning: invalid escape sequence '\d'
  """A copy activity DelimitedText sink.

[2026-04-15T15:49:55.323+0000] {warnings.py:112} WARNING - /home/***/.local/lib/python3.12/site-packages/azure/synapse/artifacts/models/_models_py3.py:20921: SyntaxWarning: invalid escape sequence '\d'
  """

[2026-04-15T15:49:55.324+0000] {warnings.py:112} WARNING - /home/***/.local/lib/python3.12/site-packages/azure/synapse/artifacts/models/_models_py3.py:20960: SyntaxWarning: invalid escape sequence '\d'
  """A copy activity DelimitedText source.

[2026-04-15T15:49:55.325+0000] {warnings.py:112} WARNING - /home/***/.local/lib/python3.12/site-packages/azure/synapse/artifacts/models/_models_py3.py:21014: SyntaxWarning: invalid escape sequence '\d'
  """

[2026-04-15T15:49:55.333+0000] {warnings.py:112} WARNING - /home/***/.local/lib/python3.12/site-packages/azure/synapse/artifacts/models/_models_py3.py:21316: SyntaxWarning: invalid escape sequence '\d'
  """A copy activity Document Database Collection sink.

[2026-04-15T15:49:55.334+0000] {warnings.py:112} WARNING - /home/***/.local/lib/python3.12/site-packages/azure/synapse/artifacts/models/_models_py3.py:21377: SyntaxWarning: invalid escape sequence '\d'
  """

[2026-04-15T15:49:55.334+0000] {warnings.py:112} WARNING - /home/***/.local/lib/python3.12/site-packages/azure/synapse/artifacts/models/_models_py3.py:21418: SyntaxWarning: invalid escape sequence '\d'
  """A copy activity Document Database Collection source.

[2026-04-15T15:49:55.335+0000] {warnings.py:112} WARNING - /home/***/.local/lib/python3.12/site-packages/azure/synapse/artifacts/models/_models_py3.py:21478: SyntaxWarning: invalid escape sequence '\d'
  """

[2026-04-15T15:49:55.336+0000] {warnings.py:112} WARNING - /home/***/.local/lib/python3.12/site-packages/azure/synapse/artifacts/models/_models_py3.py:21612: SyntaxWarning: invalid escape sequence '\d'
  """A copy activity Drill server source.

[2026-04-15T15:49:55.336+0000] {warnings.py:112} WARNING - /home/***/.local/lib/python3.12/site-packages/azure/synapse/artifacts/models/_models_py3.py:21668: SyntaxWarning: invalid escape sequence '\d'
  """

[2026-04-15T15:49:55.338+0000] {warnings.py:112} WARNING - /home/***/.local/lib/python3.12/site-packages/azure/synapse/artifacts/models/_models_py3.py:22155: SyntaxWarning: invalid escape sequence '\d'
  """A copy activity Dynamics AX source.

[2026-04-15T15:49:55.339+0000] {warnings.py:112} WARNING - /home/***/.local/lib/python3.12/site-packages/azure/synapse/artifacts/models/_models_py3.py:22218: SyntaxWarning: invalid escape sequence '\d'
  """

[2026-04-15T15:49:55.341+0000] {warnings.py:112} WARNING - /home/***/.local/lib/python3.12/site-packages/azure/synapse/artifacts/models/_models_py3.py:22559: SyntaxWarning: invalid escape sequence '\d'
  """A copy activity Dynamics CRM sink.

[2026-04-15T15:49:55.342+0000] {warnings.py:112} WARNING - /home/***/.local/lib/python3.12/site-packages/azure/synapse/artifacts/models/_models_py3.py:22626: SyntaxWarning: invalid escape sequence '\d'
  """

[2026-04-15T15:49:55.342+0000] {warnings.py:112} WARNING - /home/***/.local/lib/python3.12/site-packages/azure/synapse/artifacts/models/_models_py3.py:22671: SyntaxWarning: invalid escape sequence '\d'
  """A copy activity Dynamics CRM source.

[2026-04-15T15:49:55.343+0000] {warnings.py:112} WARNING - /home/***/.local/lib/python3.12/site-packages/azure/synapse/artifacts/models/_models_py3.py:22722: SyntaxWarning: invalid escape sequence '\d'
  """

[2026-04-15T15:49:55.344+0000] {warnings.py:112} WARNING - /home/***/.local/lib/python3.12/site-packages/azure/synapse/artifacts/models/_models_py3.py:23061: SyntaxWarning: invalid escape sequence '\d'
  """A copy activity Dynamics sink.

[2026-04-15T15:49:55.345+0000] {warnings.py:112} WARNING - /home/***/.local/lib/python3.12/site-packages/azure/synapse/artifacts/models/_models_py3.py:23128: SyntaxWarning: invalid escape sequence '\d'
  """

[2026-04-15T15:49:55.345+0000] {warnings.py:112} WARNING - /home/***/.local/lib/python3.12/site-packages/azure/synapse/artifacts/models/_models_py3.py:23173: SyntaxWarning: invalid escape sequence '\d'
  """A copy activity Dynamics source.

[2026-04-15T15:49:55.346+0000] {warnings.py:112} WARNING - /home/***/.local/lib/python3.12/site-packages/azure/synapse/artifacts/models/_models_py3.py:23224: SyntaxWarning: invalid escape sequence '\d'
  """

[2026-04-15T15:49:55.347+0000] {warnings.py:112} WARNING - /home/***/.local/lib/python3.12/site-packages/azure/synapse/artifacts/models/_models_py3.py:23511: SyntaxWarning: invalid escape sequence '\d'
  """A copy activity Eloqua server source.

[2026-04-15T15:49:55.348+0000] {warnings.py:112} WARNING - /home/***/.local/lib/python3.12/site-packages/azure/synapse/artifacts/models/_models_py3.py:23567: SyntaxWarning: invalid escape sequence '\d'
  """

[2026-04-15T15:49:55.349+0000] {warnings.py:112} WARNING - /home/***/.local/lib/python3.12/site-packages/azure/synapse/artifacts/models/_models_py3.py:23968: SyntaxWarning: invalid escape sequence '\d'
  """A copy activity excel source.

[2026-04-15T15:49:55.350+0000] {warnings.py:112} WARNING - /home/***/.local/lib/python3.12/site-packages/azure/synapse/artifacts/models/_models_py3.py:24018: SyntaxWarning: invalid escape sequence '\d'
  """

[2026-04-15T15:49:55.353+0000] {warnings.py:112} WARNING - /home/***/.local/lib/python3.12/site-packages/azure/synapse/artifacts/models/_models_py3.py:25343: SyntaxWarning: invalid escape sequence '\d'
  """A copy activity file system sink.

[2026-04-15T15:49:55.354+0000] {warnings.py:112} WARNING - /home/***/.local/lib/python3.12/site-packages/azure/synapse/artifacts/models/_models_py3.py:25398: SyntaxWarning: invalid escape sequence '\d'
  """

[2026-04-15T15:49:55.356+0000] {warnings.py:112} WARNING - /home/***/.local/lib/python3.12/site-packages/azure/synapse/artifacts/models/_models_py3.py:25434: SyntaxWarning: invalid escape sequence '\d'
  """A copy activity file system source.

[2026-04-15T15:49:55.357+0000] {warnings.py:112} WARNING - /home/***/.local/lib/python3.12/site-packages/azure/synapse/artifacts/models/_models_py3.py:25485: SyntaxWarning: invalid escape sequence '\d'
  """

[2026-04-15T15:49:55.365+0000] {warnings.py:112} WARNING - /home/***/.local/lib/python3.12/site-packages/azure/synapse/artifacts/models/_models_py3.py:26723: SyntaxWarning: invalid escape sequence '\d'
  """A copy activity Google AdWords service source.

[2026-04-15T15:49:55.367+0000] {warnings.py:112} WARNING - /home/***/.local/lib/python3.12/site-packages/azure/synapse/artifacts/models/_models_py3.py:26779: SyntaxWarning: invalid escape sequence '\d'
  """

[2026-04-15T15:49:55.370+0000] {warnings.py:112} WARNING - /home/***/.local/lib/python3.12/site-packages/azure/synapse/artifacts/models/_models_py3.py:27121: SyntaxWarning: invalid escape sequence '\d'
  """A copy activity Google BigQuery service source.

[2026-04-15T15:49:55.371+0000] {warnings.py:112} WARNING - /home/***/.local/lib/python3.12/site-packages/azure/synapse/artifacts/models/_models_py3.py:27177: SyntaxWarning: invalid escape sequence '\d'
  """

[2026-04-15T15:49:55.372+0000] {warnings.py:112} WARNING - /home/***/.local/lib/python3.12/site-packages/azure/synapse/artifacts/models/_models_py3.py:27461: SyntaxWarning: invalid escape sequence '\d'
  """A copy activity Google BigQuery service source.

[2026-04-15T15:49:55.374+0000] {warnings.py:112} WARNING - /home/***/.local/lib/python3.12/site-packages/azure/synapse/artifacts/models/_models_py3.py:27517: SyntaxWarning: invalid escape sequence '\d'
  """

[2026-04-15T15:49:55.380+0000] {warnings.py:112} WARNING - /home/***/.local/lib/python3.12/site-packages/azure/synapse/artifacts/models/_models_py3.py:28053: SyntaxWarning: invalid escape sequence '\d'
  """A copy activity Greenplum Database source.

[2026-04-15T15:49:55.383+0000] {warnings.py:112} WARNING - /home/***/.local/lib/python3.12/site-packages/azure/synapse/artifacts/models/_models_py3.py:28109: SyntaxWarning: invalid escape sequence '\d'
  """

[2026-04-15T15:49:55.385+0000] {warnings.py:112} WARNING - /home/***/.local/lib/python3.12/site-packages/azure/synapse/artifacts/models/_models_py3.py:28536: SyntaxWarning: invalid escape sequence '\d'
  """A copy activity HBase server source.

[2026-04-15T15:49:55.386+0000] {warnings.py:112} WARNING - /home/***/.local/lib/python3.12/site-packages/azure/synapse/artifacts/models/_models_py3.py:28592: SyntaxWarning: invalid escape sequence '\d'
  """

[2026-04-15T15:49:55.389+0000] {warnings.py:112} WARNING - /home/***/.local/lib/python3.12/site-packages/azure/synapse/artifacts/models/_models_py3.py:28932: SyntaxWarning: invalid escape sequence '\d'
  """A copy activity HDFS source.

[2026-04-15T15:49:55.393+0000] {warnings.py:112} WARNING - /home/***/.local/lib/python3.12/site-packages/azure/synapse/artifacts/models/_models_py3.py:28982: SyntaxWarning: invalid escape sequence '\d'
  """

[2026-04-15T15:49:55.399+0000] {warnings.py:112} WARNING - /home/***/.local/lib/python3.12/site-packages/azure/synapse/artifacts/models/_models_py3.py:30727: SyntaxWarning: invalid escape sequence '\d'
  """A copy activity Hive Server source.

[2026-04-15T15:49:55.400+0000] {warnings.py:112} WARNING - /home/***/.local/lib/python3.12/site-packages/azure/synapse/artifacts/models/_models_py3.py:30783: SyntaxWarning: invalid escape sequence '\d'
  """

[2026-04-15T15:49:55.401+0000] {warnings.py:112} WARNING - /home/***/.local/lib/python3.12/site-packages/azure/synapse/artifacts/models/_models_py3.py:31296: SyntaxWarning: invalid escape sequence '\d'
  """A copy activity source for an HTTP file.

[2026-04-15T15:49:55.402+0000] {warnings.py:112} WARNING - /home/***/.local/lib/python3.12/site-packages/azure/synapse/artifacts/models/_models_py3.py:31344: SyntaxWarning: invalid escape sequence '\d'
  """

[2026-04-15T15:49:55.403+0000] {warnings.py:112} WARNING - /home/***/.local/lib/python3.12/site-packages/azure/synapse/artifacts/models/_models_py3.py:31617: SyntaxWarning: invalid escape sequence '\d'
  """A copy activity Hubspot Service source.

[2026-04-15T15:49:55.404+0000] {warnings.py:112} WARNING - /home/***/.local/lib/python3.12/site-packages/azure/synapse/artifacts/models/_models_py3.py:31673: SyntaxWarning: invalid escape sequence '\d'
  """

[2026-04-15T15:49:55.406+0000] {warnings.py:112} WARNING - /home/***/.local/lib/python3.12/site-packages/azure/synapse/artifacts/models/_models_py3.py:32120: SyntaxWarning: invalid escape sequence '\d'
  """A copy activity Impala server source.

[2026-04-15T15:49:55.407+0000] {warnings.py:112} WARNING - /home/***/.local/lib/python3.12/site-packages/azure/synapse/artifacts/models/_models_py3.py:32176: SyntaxWarning: invalid escape sequence '\d'
  """

[2026-04-15T15:49:55.408+0000] {warnings.py:112} WARNING - /home/***/.local/lib/python3.12/site-packages/azure/synapse/artifacts/models/_models_py3.py:32339: SyntaxWarning: invalid escape sequence '\d'
  """A copy activity Informix sink.

[2026-04-15T15:49:55.409+0000] {warnings.py:112} WARNING - /home/***/.local/lib/python3.12/site-packages/azure/synapse/artifacts/models/_models_py3.py:32395: SyntaxWarning: invalid escape sequence '\d'
  """

[2026-04-15T15:49:55.409+0000] {warnings.py:112} WARNING - /home/***/.local/lib/python3.12/site-packages/azure/synapse/artifacts/models/_models_py3.py:32432: SyntaxWarning: invalid escape sequence '\d'
  """A copy activity source for Informix.

[2026-04-15T15:49:55.410+0000] {warnings.py:112} WARNING - /home/***/.local/lib/python3.12/site-packages/azure/synapse/artifacts/models/_models_py3.py:32487: SyntaxWarning: invalid escape sequence '\d'
  """

[2026-04-15T15:49:55.413+0000] {warnings.py:112} WARNING - /home/***/.local/lib/python3.12/site-packages/azure/synapse/artifacts/models/_models_py3.py:33502: SyntaxWarning: invalid escape sequence '\d'
  """A copy activity Jira Service source.

[2026-04-15T15:49:55.414+0000] {warnings.py:112} WARNING - /home/***/.local/lib/python3.12/site-packages/azure/synapse/artifacts/models/_models_py3.py:33558: SyntaxWarning: invalid escape sequence '\d'
  """

[2026-04-15T15:49:55.415+0000] {warnings.py:112} WARNING - /home/***/.local/lib/python3.12/site-packages/azure/synapse/artifacts/models/_models_py3.py:33869: SyntaxWarning: invalid escape sequence '\d'
  """A copy activity Json sink.

[2026-04-15T15:49:55.416+0000] {warnings.py:112} WARNING - /home/***/.local/lib/python3.12/site-packages/azure/synapse/artifacts/models/_models_py3.py:33928: SyntaxWarning: invalid escape sequence '\d'
  """

[2026-04-15T15:49:55.417+0000] {warnings.py:112} WARNING - /home/***/.local/lib/python3.12/site-packages/azure/synapse/artifacts/models/_models_py3.py:33967: SyntaxWarning: invalid escape sequence '\d'
  """A copy activity Json source.

[2026-04-15T15:49:55.417+0000] {warnings.py:112} WARNING - /home/***/.local/lib/python3.12/site-packages/azure/synapse/artifacts/models/_models_py3.py:34021: SyntaxWarning: invalid escape sequence '\d'
  """

[2026-04-15T15:49:55.419+0000] {warnings.py:112} WARNING - /home/***/.local/lib/python3.12/site-packages/azure/synapse/artifacts/models/_models_py3.py:34739: SyntaxWarning: invalid escape sequence '\d'
  """A copy activity for Microsoft Fabric LakeHouse Table sink.

[2026-04-15T15:49:55.420+0000] {warnings.py:112} WARNING - /home/***/.local/lib/python3.12/site-packages/azure/synapse/artifacts/models/_models_py3.py:34806: SyntaxWarning: invalid escape sequence '\d'
  """

[2026-04-15T15:49:55.421+0000] {warnings.py:112} WARNING - /home/***/.local/lib/python3.12/site-packages/azure/synapse/artifacts/models/_models_py3.py:34852: SyntaxWarning: invalid escape sequence '\d'
  """A copy activity source for Microsoft Fabric LakeHouse Table.

[2026-04-15T15:49:55.422+0000] {warnings.py:112} WARNING - /home/***/.local/lib/python3.12/site-packages/azure/synapse/artifacts/models/_models_py3.py:34908: SyntaxWarning: invalid escape sequence '\d'
  """

[2026-04-15T15:49:55.427+0000] {warnings.py:112} WARNING - /home/***/.local/lib/python3.12/site-packages/azure/synapse/artifacts/models/_models_py3.py:36915: SyntaxWarning: invalid escape sequence '\d'
  """A copy activity Magento server source.

[2026-04-15T15:49:55.428+0000] {warnings.py:112} WARNING - /home/***/.local/lib/python3.12/site-packages/azure/synapse/artifacts/models/_models_py3.py:36971: SyntaxWarning: invalid escape sequence '\d'
  """

[2026-04-15T15:49:55.430+0000] {warnings.py:112} WARNING - /home/***/.local/lib/python3.12/site-packages/azure/synapse/artifacts/models/_models_py3.py:37417: SyntaxWarning: invalid escape sequence '\d'
  """A copy activity MariaDB server source.

[2026-04-15T15:49:55.431+0000] {warnings.py:112} WARNING - /home/***/.local/lib/python3.12/site-packages/azure/synapse/artifacts/models/_models_py3.py:37473: SyntaxWarning: invalid escape sequence '\d'
  """

[2026-04-15T15:49:55.432+0000] {warnings.py:112} WARNING - /home/***/.local/lib/python3.12/site-packages/azure/synapse/artifacts/models/_models_py3.py:37845: SyntaxWarning: invalid escape sequence '\d'
  """A copy activity Marketo server source.

[2026-04-15T15:49:55.432+0000] {warnings.py:112} WARNING - /home/***/.local/lib/python3.12/site-packages/azure/synapse/artifacts/models/_models_py3.py:37901: SyntaxWarning: invalid escape sequence '\d'
  """

[2026-04-15T15:49:55.433+0000] {warnings.py:112} WARNING - /home/***/.local/lib/python3.12/site-packages/azure/synapse/artifacts/models/_models_py3.py:38208: SyntaxWarning: invalid escape sequence '\d'
  """A copy activity Microsoft Access sink.

[2026-04-15T15:49:55.434+0000] {warnings.py:112} WARNING - /home/***/.local/lib/python3.12/site-packages/azure/synapse/artifacts/models/_models_py3.py:38264: SyntaxWarning: invalid escape sequence '\d'
  """

[2026-04-15T15:49:55.435+0000] {warnings.py:112} WARNING - /home/***/.local/lib/python3.12/site-packages/azure/synapse/artifacts/models/_models_py3.py:38301: SyntaxWarning: invalid escape sequence '\d'
  """A copy activity source for Microsoft Access.

[2026-04-15T15:49:55.436+0000] {warnings.py:112} WARNING - /home/***/.local/lib/python3.12/site-packages/azure/synapse/artifacts/models/_models_py3.py:38351: SyntaxWarning: invalid escape sequence '\d'
  """

[2026-04-15T15:49:55.437+0000] {warnings.py:112} WARNING - /home/***/.local/lib/python3.12/site-packages/azure/synapse/artifacts/models/_models_py3.py:38690: SyntaxWarning: invalid escape sequence '\d'
  """A copy activity source for a MongoDB Atlas database.

[2026-04-15T15:49:55.437+0000] {warnings.py:112} WARNING - /home/***/.local/lib/python3.12/site-packages/azure/synapse/artifacts/models/_models_py3.py:38758: SyntaxWarning: invalid escape sequence '\d'
  """

[2026-04-15T15:49:55.439+0000] {warnings.py:112} WARNING - /home/***/.local/lib/python3.12/site-packages/azure/synapse/artifacts/models/_models_py3.py:39141: SyntaxWarning: invalid escape sequence '\d'
  """A copy activity source for a MongoDB database.

[2026-04-15T15:49:55.439+0000] {warnings.py:112} WARNING - /home/***/.local/lib/python3.12/site-packages/azure/synapse/artifacts/models/_models_py3.py:39192: SyntaxWarning: invalid escape sequence '\d'
  """

[2026-04-15T15:49:55.440+0000] {warnings.py:112} WARNING - /home/***/.local/lib/python3.12/site-packages/azure/synapse/artifacts/models/_models_py3.py:39419: SyntaxWarning: invalid escape sequence '\d'
  """A copy activity source for a MongoDB database.

[2026-04-15T15:49:55.441+0000] {warnings.py:112} WARNING - /home/***/.local/lib/python3.12/site-packages/azure/synapse/artifacts/models/_models_py3.py:39487: SyntaxWarning: invalid escape sequence '\d'
  """

[2026-04-15T15:49:55.442+0000] {warnings.py:112} WARNING - /home/***/.local/lib/python3.12/site-packages/azure/synapse/artifacts/models/_models_py3.py:39683: SyntaxWarning: invalid escape sequence '\d'
  """A copy activity source for MySQL databases.

[2026-04-15T15:49:55.442+0000] {warnings.py:112} WARNING - /home/***/.local/lib/python3.12/site-packages/azure/synapse/artifacts/models/_models_py3.py:39738: SyntaxWarning: invalid escape sequence '\d'
  """

[2026-04-15T15:49:55.444+0000] {warnings.py:112} WARNING - /home/***/.local/lib/python3.12/site-packages/azure/synapse/artifacts/models/_models_py3.py:40019: SyntaxWarning: invalid escape sequence '\d'
  """A copy activity Netezza source.

[2026-04-15T15:49:55.446+0000] {warnings.py:112} WARNING - /home/***/.local/lib/python3.12/site-packages/azure/synapse/artifacts/models/_models_py3.py:40084: SyntaxWarning: invalid escape sequence '\d'
  """

[2026-04-15T15:49:55.449+0000] {warnings.py:112} WARNING - /home/***/.local/lib/python3.12/site-packages/azure/synapse/artifacts/models/_models_py3.py:41138: SyntaxWarning: invalid escape sequence '\d'
  """A copy activity source for OData source.

[2026-04-15T15:49:55.450+0000] {warnings.py:112} WARNING - /home/***/.local/lib/python3.12/site-packages/azure/synapse/artifacts/models/_models_py3.py:41196: SyntaxWarning: invalid escape sequence '\d'
  """

[2026-04-15T15:49:55.450+0000] {warnings.py:112} WARNING - /home/***/.local/lib/python3.12/site-packages/azure/synapse/artifacts/models/_models_py3.py:41359: SyntaxWarning: invalid escape sequence '\d'
  """A copy activity ODBC sink.

[2026-04-15T15:49:55.451+0000] {warnings.py:112} WARNING - /home/***/.local/lib/python3.12/site-packages/azure/synapse/artifacts/models/_models_py3.py:41415: SyntaxWarning: invalid escape sequence '\d'
  """

[2026-04-15T15:49:55.451+0000] {warnings.py:112} WARNING - /home/***/.local/lib/python3.12/site-packages/azure/synapse/artifacts/models/_models_py3.py:41452: SyntaxWarning: invalid escape sequence '\d'
  """A copy activity source for ODBC databases.

[2026-04-15T15:49:55.452+0000] {warnings.py:112} WARNING - /home/***/.local/lib/python3.12/site-packages/azure/synapse/artifacts/models/_models_py3.py:41507: SyntaxWarning: invalid escape sequence '\d'
  """

[2026-04-15T15:49:55.453+0000] {warnings.py:112} WARNING - /home/***/.local/lib/python3.12/site-packages/azure/synapse/artifacts/models/_models_py3.py:41875: SyntaxWarning: invalid escape sequence '\d'
  """A copy activity source for an Office 365 service.

[2026-04-15T15:49:55.454+0000] {warnings.py:112} WARNING - /home/***/.local/lib/python3.12/site-packages/azure/synapse/artifacts/models/_models_py3.py:41947: SyntaxWarning: invalid escape sequence '\d'
  """

[2026-04-15T15:49:55.469+0000] {warnings.py:112} WARNING - /home/***/.local/lib/python3.12/site-packages/azure/synapse/artifacts/models/_models_py3.py:42441: SyntaxWarning: invalid escape sequence '\d'
  """A copy activity Oracle Service Cloud source.

[2026-04-15T15:49:55.470+0000] {warnings.py:112} WARNING - /home/***/.local/lib/python3.12/site-packages/azure/synapse/artifacts/models/_models_py3.py:42497: SyntaxWarning: invalid escape sequence '\d'
  """

[2026-04-15T15:49:55.471+0000] {warnings.py:112} WARNING - /home/***/.local/lib/python3.12/site-packages/azure/synapse/artifacts/models/_models_py3.py:42534: SyntaxWarning: invalid escape sequence '\d'
  """A copy activity Oracle sink.

[2026-04-15T15:49:55.471+0000] {warnings.py:112} WARNING - /home/***/.local/lib/python3.12/site-packages/azure/synapse/artifacts/models/_models_py3.py:42590: SyntaxWarning: invalid escape sequence '\d'
  """

[2026-04-15T15:49:55.472+0000] {warnings.py:112} WARNING - /home/***/.local/lib/python3.12/site-packages/azure/synapse/artifacts/models/_models_py3.py:42627: SyntaxWarning: invalid escape sequence '\d'
  """A copy activity Oracle source.

[2026-04-15T15:49:55.472+0000] {warnings.py:112} WARNING - /home/***/.local/lib/python3.12/site-packages/azure/synapse/artifacts/models/_models_py3.py:42692: SyntaxWarning: invalid escape sequence '\d'
  """

[2026-04-15T15:49:55.473+0000] {warnings.py:112} WARNING - /home/***/.local/lib/python3.12/site-packages/azure/synapse/artifacts/models/_models_py3.py:43020: SyntaxWarning: invalid escape sequence '\d'
  """A copy activity ORC sink.

[2026-04-15T15:49:55.474+0000] {warnings.py:112} WARNING - /home/***/.local/lib/python3.12/site-packages/azure/synapse/artifacts/models/_models_py3.py:43079: SyntaxWarning: invalid escape sequence '\d'
  """

[2026-04-15T15:49:55.475+0000] {warnings.py:112} WARNING - /home/***/.local/lib/python3.12/site-packages/azure/synapse/artifacts/models/_models_py3.py:43118: SyntaxWarning: invalid escape sequence '\d'
  """A copy activity ORC source.

[2026-04-15T15:49:55.475+0000] {warnings.py:112} WARNING - /home/***/.local/lib/python3.12/site-packages/azure/synapse/artifacts/models/_models_py3.py:43168: SyntaxWarning: invalid escape sequence '\d'
  """

[2026-04-15T15:49:55.477+0000] {warnings.py:112} WARNING - /home/***/.local/lib/python3.12/site-packages/azure/synapse/artifacts/models/_models_py3.py:43514: SyntaxWarning: invalid escape sequence '\d'
  """A copy activity Parquet sink.

[2026-04-15T15:49:55.477+0000] {warnings.py:112} WARNING - /home/***/.local/lib/python3.12/site-packages/azure/synapse/artifacts/models/_models_py3.py:43573: SyntaxWarning: invalid escape sequence '\d'
  """

[2026-04-15T15:49:55.478+0000] {warnings.py:112} WARNING - /home/***/.local/lib/python3.12/site-packages/azure/synapse/artifacts/models/_models_py3.py:43612: SyntaxWarning: invalid escape sequence '\d'
  """A copy activity Parquet source.

[2026-04-15T15:49:55.478+0000] {warnings.py:112} WARNING - /home/***/.local/lib/python3.12/site-packages/azure/synapse/artifacts/models/_models_py3.py:43666: SyntaxWarning: invalid escape sequence '\d'
  """

[2026-04-15T15:49:55.480+0000] {warnings.py:112} WARNING - /home/***/.local/lib/python3.12/site-packages/azure/synapse/artifacts/models/_models_py3.py:43989: SyntaxWarning: invalid escape sequence '\d'
  """A copy activity Paypal Service source.

[2026-04-15T15:49:55.481+0000] {warnings.py:112} WARNING - /home/***/.local/lib/python3.12/site-packages/azure/synapse/artifacts/models/_models_py3.py:44045: SyntaxWarning: invalid escape sequence '\d'
  """

[2026-04-15T15:49:55.482+0000] {warnings.py:112} WARNING - /home/***/.local/lib/python3.12/site-packages/azure/synapse/artifacts/models/_models_py3.py:44386: SyntaxWarning: invalid escape sequence '\d'
  """A copy activity Phoenix server source.

[2026-04-15T15:49:55.483+0000] {warnings.py:112} WARNING - /home/***/.local/lib/python3.12/site-packages/azure/synapse/artifacts/models/_models_py3.py:44442: SyntaxWarning: invalid escape sequence '\d'
  """

[2026-04-15T15:49:55.488+0000] {warnings.py:112} WARNING - /home/***/.local/lib/python3.12/site-packages/azure/synapse/artifacts/models/_models_py3.py:45003: SyntaxWarning: invalid escape sequence '\d'
  """A copy activity source for PostgreSQL databases.

[2026-04-15T15:49:55.490+0000] {warnings.py:112} WARNING - /home/***/.local/lib/python3.12/site-packages/azure/synapse/artifacts/models/_models_py3.py:45058: SyntaxWarning: invalid escape sequence '\d'
  """

[2026-04-15T15:49:55.493+0000] {warnings.py:112} WARNING - /home/***/.local/lib/python3.12/site-packages/azure/synapse/artifacts/models/_models_py3.py:45444: SyntaxWarning: invalid escape sequence '\d'
  """A copy activity source for PostgreSQL databases.

[2026-04-15T15:49:55.500+0000] {warnings.py:112} WARNING - /home/***/.local/lib/python3.12/site-packages/azure/synapse/artifacts/models/_models_py3.py:45499: SyntaxWarning: invalid escape sequence '\d'
  """

[2026-04-15T15:49:55.503+0000] {warnings.py:112} WARNING - /home/***/.local/lib/python3.12/site-packages/azure/synapse/artifacts/models/_models_py3.py:46042: SyntaxWarning: invalid escape sequence '\d'
  """A copy activity Presto server source.

[2026-04-15T15:49:55.504+0000] {warnings.py:112} WARNING - /home/***/.local/lib/python3.12/site-packages/azure/synapse/artifacts/models/_models_py3.py:46098: SyntaxWarning: invalid escape sequence '\d'
  """

[2026-04-15T15:49:55.509+0000] {warnings.py:112} WARNING - /home/***/.local/lib/python3.12/site-packages/azure/synapse/artifacts/models/_models_py3.py:46702: SyntaxWarning: invalid escape sequence '\d'
  """A copy activity QuickBooks server source.

[2026-04-15T15:49:55.513+0000] {warnings.py:112} WARNING - /home/***/.local/lib/python3.12/site-packages/azure/synapse/artifacts/models/_models_py3.py:46758: SyntaxWarning: invalid escape sequence '\d'
  """

[2026-04-15T15:49:55.518+0000] {warnings.py:112} WARNING - /home/***/.local/lib/python3.12/site-packages/azure/synapse/artifacts/models/_models_py3.py:47000: SyntaxWarning: invalid escape sequence '\d'
  """A copy activity source for various relational databases.

[2026-04-15T15:49:55.522+0000] {warnings.py:112} WARNING - /home/***/.local/lib/python3.12/site-packages/azure/synapse/artifacts/models/_models_py3.py:47050: SyntaxWarning: invalid escape sequence '\d'
  """

[2026-04-15T15:49:55.527+0000] {warnings.py:112} WARNING - /home/***/.local/lib/python3.12/site-packages/azure/synapse/artifacts/models/_models_py3.py:47648: SyntaxWarning: invalid escape sequence '\d'
  """A copy activity Responsys source.

[2026-04-15T15:49:55.529+0000] {warnings.py:112} WARNING - /home/***/.local/lib/python3.12/site-packages/azure/synapse/artifacts/models/_models_py3.py:47704: SyntaxWarning: invalid escape sequence '\d'
  """

[2026-04-15T15:49:55.531+0000] {warnings.py:112} WARNING - /home/***/.local/lib/python3.12/site-packages/azure/synapse/artifacts/models/_models_py3.py:48113: SyntaxWarning: invalid escape sequence '\d'
  """A copy activity Rest service Sink.

[2026-04-15T15:49:55.534+0000] {warnings.py:112} WARNING - /home/***/.local/lib/python3.12/site-packages/azure/synapse/artifacts/models/_models_py3.py:48190: SyntaxWarning: invalid escape sequence '\d'
  """

[2026-04-15T15:49:55.543+0000] {warnings.py:112} WARNING - /home/***/.local/lib/python3.12/site-packages/azure/synapse/artifacts/models/_models_py3.py:48244: SyntaxWarning: invalid escape sequence '\d'
  """A copy activity Rest service source.

[2026-04-15T15:49:55.544+0000] {warnings.py:112} WARNING - /home/***/.local/lib/python3.12/site-packages/azure/synapse/artifacts/models/_models_py3.py:48321: SyntaxWarning: invalid escape sequence '\d'
  """

[2026-04-15T15:49:55.547+0000] {warnings.py:112} WARNING - /home/***/.local/lib/python3.12/site-packages/azure/synapse/artifacts/models/_models_py3.py:49499: SyntaxWarning: invalid escape sequence '\d'
  """A copy activity Salesforce Marketing Cloud source.

[2026-04-15T15:49:55.549+0000] {warnings.py:112} WARNING - /home/***/.local/lib/python3.12/site-packages/azure/synapse/artifacts/models/_models_py3.py:49555: SyntaxWarning: invalid escape sequence '\d'
  """

[2026-04-15T15:49:55.553+0000] {warnings.py:112} WARNING - /home/***/.local/lib/python3.12/site-packages/azure/synapse/artifacts/models/_models_py3.py:49932: SyntaxWarning: invalid escape sequence '\d'
  """A copy activity Salesforce Service Cloud sink.

[2026-04-15T15:49:55.555+0000] {warnings.py:112} WARNING - /home/***/.local/lib/python3.12/site-packages/azure/synapse/artifacts/models/_models_py3.py:50002: SyntaxWarning: invalid escape sequence '\d'
  """

[2026-04-15T15:49:55.559+0000] {warnings.py:112} WARNING - /home/***/.local/lib/python3.12/site-packages/azure/synapse/artifacts/models/_models_py3.py:50052: SyntaxWarning: invalid escape sequence '\d'
  """A copy activity Salesforce Service Cloud source.

[2026-04-15T15:49:55.561+0000] {warnings.py:112} WARNING - /home/***/.local/lib/python3.12/site-packages/azure/synapse/artifacts/models/_models_py3.py:50107: SyntaxWarning: invalid escape sequence '\d'
  """

[2026-04-15T15:49:55.562+0000] {warnings.py:112} WARNING - /home/***/.local/lib/python3.12/site-packages/azure/synapse/artifacts/models/_models_py3.py:50379: SyntaxWarning: invalid escape sequence '\d'
  """A copy activity Salesforce Service Cloud V2 sink.

[2026-04-15T15:49:55.563+0000] {warnings.py:112} WARNING - /home/***/.local/lib/python3.12/site-packages/azure/synapse/artifacts/models/_models_py3.py:50449: SyntaxWarning: invalid escape sequence '\d'
  """

[2026-04-15T15:49:55.563+0000] {warnings.py:112} WARNING - /home/***/.local/lib/python3.12/site-packages/azure/synapse/artifacts/models/_models_py3.py:50499: SyntaxWarning: invalid escape sequence '\d'
  """A copy activity Salesforce Service Cloud V2 source.

[2026-04-15T15:49:55.564+0000] {warnings.py:112} WARNING - /home/***/.local/lib/python3.12/site-packages/azure/synapse/artifacts/models/_models_py3.py:50554: SyntaxWarning: invalid escape sequence '\d'
  """

[2026-04-15T15:49:55.565+0000] {warnings.py:112} WARNING - /home/***/.local/lib/python3.12/site-packages/azure/synapse/artifacts/models/_models_py3.py:50590: SyntaxWarning: invalid escape sequence '\d'
  """A copy activity Salesforce sink.

[2026-04-15T15:49:55.566+0000] {warnings.py:112} WARNING - /home/***/.local/lib/python3.12/site-packages/azure/synapse/artifacts/models/_models_py3.py:50660: SyntaxWarning: invalid escape sequence '\d'
  """

[2026-04-15T15:49:55.566+0000] {warnings.py:112} WARNING - /home/***/.local/lib/python3.12/site-packages/azure/synapse/artifacts/models/_models_py3.py:50710: SyntaxWarning: invalid escape sequence '\d'
  """A copy activity Salesforce source.

[2026-04-15T15:49:55.567+0000] {warnings.py:112} WARNING - /home/***/.local/lib/python3.12/site-packages/azure/synapse/artifacts/models/_models_py3.py:50770: SyntaxWarning: invalid escape sequence '\d'
  """

[2026-04-15T15:49:55.568+0000] {warnings.py:112} WARNING - /home/***/.local/lib/python3.12/site-packages/azure/synapse/artifacts/models/_models_py3.py:51046: SyntaxWarning: invalid escape sequence '\d'
  """A copy activity Salesforce V2 sink.

[2026-04-15T15:49:55.569+0000] {warnings.py:112} WARNING - /home/***/.local/lib/python3.12/site-packages/azure/synapse/artifacts/models/_models_py3.py:51116: SyntaxWarning: invalid escape sequence '\d'
  """

[2026-04-15T15:49:55.570+0000] {warnings.py:112} WARNING - /home/***/.local/lib/python3.12/site-packages/azure/synapse/artifacts/models/_models_py3.py:51166: SyntaxWarning: invalid escape sequence '\d'
  """A copy activity Salesforce V2 source.

[2026-04-15T15:49:55.571+0000] {warnings.py:112} WARNING - /home/***/.local/lib/python3.12/site-packages/azure/synapse/artifacts/models/_models_py3.py:51226: SyntaxWarning: invalid escape sequence '\d'
  """

[2026-04-15T15:49:55.577+0000] {warnings.py:112} WARNING - /home/***/.local/lib/python3.12/site-packages/azure/synapse/artifacts/models/_models_py3.py:51485: SyntaxWarning: invalid escape sequence '\d'
  """A copy activity source for SapBW server via MDX.

[2026-04-15T15:49:55.578+0000] {warnings.py:112} WARNING - /home/***/.local/lib/python3.12/site-packages/azure/synapse/artifacts/models/_models_py3.py:51540: SyntaxWarning: invalid escape sequence '\d'
  """

[2026-04-15T15:49:55.579+0000] {warnings.py:112} WARNING - /home/***/.local/lib/python3.12/site-packages/azure/synapse/artifacts/models/_models_py3.py:51787: SyntaxWarning: invalid escape sequence '\d'
  """A copy activity SAP Cloud for Customer sink.

[2026-04-15T15:49:55.580+0000] {warnings.py:112} WARNING - /home/***/.local/lib/python3.12/site-packages/azure/synapse/artifacts/models/_models_py3.py:51851: SyntaxWarning: invalid escape sequence '\d'
  """

[2026-04-15T15:49:55.581+0000] {warnings.py:112} WARNING - /home/***/.local/lib/python3.12/site-packages/azure/synapse/artifacts/models/_models_py3.py:51895: SyntaxWarning: invalid escape sequence '\d'
  """A copy activity source for SAP Cloud for Customer source.

[2026-04-15T15:49:55.582+0000] {warnings.py:112} WARNING - /home/***/.local/lib/python3.12/site-packages/azure/synapse/artifacts/models/_models_py3.py:51958: SyntaxWarning: invalid escape sequence '\d'
  """

[2026-04-15T15:49:55.583+0000] {warnings.py:112} WARNING - /home/***/.local/lib/python3.12/site-packages/azure/synapse/artifacts/models/_models_py3.py:52212: SyntaxWarning: invalid escape sequence '\d'
  """A copy activity source for SAP ECC source.

[2026-04-15T15:49:55.585+0000] {warnings.py:112} WARNING - /home/***/.local/lib/python3.12/site-packages/azure/synapse/artifacts/models/_models_py3.py:52275: SyntaxWarning: invalid escape sequence '\d'
  """

[2026-04-15T15:49:55.589+0000] {warnings.py:112} WARNING - /home/***/.local/lib/python3.12/site-packages/azure/synapse/artifacts/models/_models_py3.py:52463: SyntaxWarning: invalid escape sequence '\d'
  """A copy activity source for SAP HANA source.

[2026-04-15T15:49:55.592+0000] {warnings.py:112} WARNING - /home/***/.local/lib/python3.12/site-packages/azure/synapse/artifacts/models/_models_py3.py:52532: SyntaxWarning: invalid escape sequence '\d'
  """

[2026-04-15T15:49:55.602+0000] {warnings.py:112} WARNING - /home/***/.local/lib/python3.12/site-packages/azure/synapse/artifacts/models/_models_py3.py:53040: SyntaxWarning: invalid escape sequence '\d'
  """A copy activity source for SAP ODP source.

[2026-04-15T15:49:55.606+0000] {warnings.py:112} WARNING - /home/***/.local/lib/python3.12/site-packages/azure/synapse/artifacts/models/_models_py3.py:53111: SyntaxWarning: invalid escape sequence '\d'
  """

[2026-04-15T15:49:55.617+0000] {warnings.py:112} WARNING - /home/***/.local/lib/python3.12/site-packages/azure/synapse/artifacts/models/_models_py3.py:53334: SyntaxWarning: invalid escape sequence '\d'
  """A copy activity source for SAP Business Warehouse Open Hub Destination source.

[2026-04-15T15:49:55.629+0000] {warnings.py:112} WARNING - /home/***/.local/lib/python3.12/site-packages/azure/synapse/artifacts/models/_models_py3.py:53407: SyntaxWarning: invalid escape sequence '\d'
  """

[2026-04-15T15:49:55.638+0000] {warnings.py:112} WARNING - /home/***/.local/lib/python3.12/site-packages/azure/synapse/artifacts/models/_models_py3.py:53961: SyntaxWarning: invalid escape sequence '\d'
  """A copy activity source for SAP Table source.

[2026-04-15T15:49:55.640+0000] {warnings.py:112} WARNING - /home/***/.local/lib/python3.12/site-packages/azure/synapse/artifacts/models/_models_py3.py:54059: SyntaxWarning: invalid escape sequence '\d'
  """

[2026-04-15T15:49:55.642+0000] {warnings.py:112} WARNING - /home/***/.local/lib/python3.12/site-packages/azure/synapse/artifacts/models/_models_py3.py:54322: SyntaxWarning: invalid escape sequence '\d'
  """Script activity type.

[2026-04-15T15:49:55.646+0000] {warnings.py:112} WARNING - /home/***/.local/lib/python3.12/site-packages/azure/synapse/artifacts/models/_models_py3.py:54398: SyntaxWarning: invalid escape sequence '\d'
  """

[2026-04-15T15:49:55.656+0000] {warnings.py:112} WARNING - /home/***/.local/lib/python3.12/site-packages/azure/synapse/artifacts/models/_models_py3.py:55022: SyntaxWarning: invalid escape sequence '\d'
  """A copy activity ServiceNow server source.

[2026-04-15T15:49:55.658+0000] {warnings.py:112} WARNING - /home/***/.local/lib/python3.12/site-packages/azure/synapse/artifacts/models/_models_py3.py:55078: SyntaxWarning: invalid escape sequence '\d'
  """

[2026-04-15T15:49:55.663+0000] {warnings.py:112} WARNING - /home/***/.local/lib/python3.12/site-packages/azure/synapse/artifacts/models/_models_py3.py:55310: SyntaxWarning: invalid escape sequence '\d'
  """A copy activity ServiceNowV2 server source.

[2026-04-15T15:49:55.675+0000] {warnings.py:112} WARNING - /home/***/.local/lib/python3.12/site-packages/azure/synapse/artifacts/models/_models_py3.py:55365: SyntaxWarning: invalid escape sequence '\d'
  """

[2026-04-15T15:49:55.681+0000] {warnings.py:112} WARNING - /home/***/.local/lib/python3.12/site-packages/azure/synapse/artifacts/models/_models_py3.py:56196: SyntaxWarning: invalid escape sequence '\d'
  """A copy activity source for sharePoint online list source.

[2026-04-15T15:49:55.709+0000] {warnings.py:112} WARNING - /home/***/.local/lib/python3.12/site-packages/azure/synapse/artifacts/models/_models_py3.py:56248: SyntaxWarning: invalid escape sequence '\d'
  """

[2026-04-15T15:49:55.717+0000] {warnings.py:112} WARNING - /home/***/.local/lib/python3.12/site-packages/azure/synapse/artifacts/models/_models_py3.py:56508: SyntaxWarning: invalid escape sequence '\d'
  """A copy activity Shopify Service source.

[2026-04-15T15:49:55.732+0000] {warnings.py:112} WARNING - /home/***/.local/lib/python3.12/site-packages/azure/synapse/artifacts/models/_models_py3.py:56564: SyntaxWarning: invalid escape sequence '\d'
  """

[2026-04-15T15:49:55.733+0000] {warnings.py:112} WARNING - /home/***/.local/lib/python3.12/site-packages/azure/synapse/artifacts/models/_models_py3.py:57087: SyntaxWarning: invalid escape sequence '\d'
  """A copy activity snowflake sink.

[2026-04-15T15:49:55.734+0000] {warnings.py:112} WARNING - /home/***/.local/lib/python3.12/site-packages/azure/synapse/artifacts/models/_models_py3.py:57147: SyntaxWarning: invalid escape sequence '\d'
  """

[2026-04-15T15:49:55.735+0000] {warnings.py:112} WARNING - /home/***/.local/lib/python3.12/site-packages/azure/synapse/artifacts/models/_models_py3.py:57187: SyntaxWarning: invalid escape sequence '\d'
  """A copy activity snowflake source.

[2026-04-15T15:49:55.738+0000] {warnings.py:112} WARNING - /home/***/.local/lib/python3.12/site-packages/azure/synapse/artifacts/models/_models_py3.py:57237: SyntaxWarning: invalid escape sequence '\d'
  """

[2026-04-15T15:49:55.741+0000] {warnings.py:112} WARNING - /home/***/.local/lib/python3.12/site-packages/azure/synapse/artifacts/models/_models_py3.py:57560: SyntaxWarning: invalid escape sequence '\d'
  """A copy activity snowflake sink.

[2026-04-15T15:49:55.743+0000] {warnings.py:112} WARNING - /home/***/.local/lib/python3.12/site-packages/azure/synapse/artifacts/models/_models_py3.py:57620: SyntaxWarning: invalid escape sequence '\d'
  """

[2026-04-15T15:49:55.744+0000] {warnings.py:112} WARNING - /home/***/.local/lib/python3.12/site-packages/azure/synapse/artifacts/models/_models_py3.py:57660: SyntaxWarning: invalid escape sequence '\d'
  """A copy activity snowflake source.

[2026-04-15T15:49:55.753+0000] {warnings.py:112} WARNING - /home/***/.local/lib/python3.12/site-packages/azure/synapse/artifacts/models/_models_py3.py:57710: SyntaxWarning: invalid escape sequence '\d'
  """

[2026-04-15T15:49:55.757+0000] {warnings.py:112} WARNING - /home/***/.local/lib/python3.12/site-packages/azure/synapse/artifacts/models/_models_py3.py:59106: SyntaxWarning: invalid escape sequence '\d'
  """A copy activity Spark Server source.

[2026-04-15T15:49:55.759+0000] {warnings.py:112} WARNING - /home/***/.local/lib/python3.12/site-packages/azure/synapse/artifacts/models/_models_py3.py:59162: SyntaxWarning: invalid escape sequence '\d'
  """

[2026-04-15T15:49:55.763+0000] {warnings.py:112} WARNING - /home/***/.local/lib/python3.12/site-packages/azure/synapse/artifacts/models/_models_py3.py:59316: SyntaxWarning: invalid escape sequence '\d'
  """A copy activity SQL Data Warehouse sink.

[2026-04-15T15:49:55.764+0000] {warnings.py:112} WARNING - /home/***/.local/lib/python3.12/site-packages/azure/synapse/artifacts/models/_models_py3.py:59396: SyntaxWarning: invalid escape sequence '\d'
  """

[2026-04-15T15:49:55.764+0000] {warnings.py:112} WARNING - /home/***/.local/lib/python3.12/site-packages/azure/synapse/artifacts/models/_models_py3.py:59452: SyntaxWarning: invalid escape sequence '\d'
  """A copy activity SQL Data Warehouse source.

[2026-04-15T15:49:55.769+0000] {warnings.py:112} WARNING - /home/***/.local/lib/python3.12/site-packages/azure/synapse/artifacts/models/_models_py3.py:59535: SyntaxWarning: invalid escape sequence '\d'
  """

[2026-04-15T15:49:55.773+0000] {warnings.py:112} WARNING - /home/***/.local/lib/python3.12/site-packages/azure/synapse/artifacts/models/_models_py3.py:59594: SyntaxWarning: invalid escape sequence '\d'
  """A copy activity Azure SQL Managed Instance sink.

[2026-04-15T15:49:55.778+0000] {warnings.py:112} WARNING - /home/***/.local/lib/python3.12/site-packages/azure/synapse/artifacts/models/_models_py3.py:59677: SyntaxWarning: invalid escape sequence '\d'
  """

[2026-04-15T15:49:55.781+0000] {warnings.py:112} WARNING - /home/***/.local/lib/python3.12/site-packages/azure/synapse/artifacts/models/_models_py3.py:59733: SyntaxWarning: invalid escape sequence '\d'
  """A copy activity Azure SQL Managed Instance source.

[2026-04-15T15:49:55.784+0000] {warnings.py:112} WARNING - /home/***/.local/lib/python3.12/site-packages/azure/synapse/artifacts/models/_models_py3.py:59818: SyntaxWarning: invalid escape sequence '\d'
  """

[2026-04-15T15:49:55.788+0000] {warnings.py:112} WARNING - /home/***/.local/lib/python3.12/site-packages/azure/synapse/artifacts/models/_models_py3.py:60639: SyntaxWarning: invalid escape sequence '\d'
  """A copy activity SQL server sink.

[2026-04-15T15:49:55.790+0000] {warnings.py:112} WARNING - /home/***/.local/lib/python3.12/site-packages/azure/synapse/artifacts/models/_models_py3.py:60722: SyntaxWarning: invalid escape sequence '\d'
  """

[2026-04-15T15:49:55.798+0000] {warnings.py:112} WARNING - /home/***/.local/lib/python3.12/site-packages/azure/synapse/artifacts/models/_models_py3.py:60778: SyntaxWarning: invalid escape sequence '\d'
  """A copy activity SQL server source.

[2026-04-15T15:49:55.799+0000] {warnings.py:112} WARNING - /home/***/.local/lib/python3.12/site-packages/azure/synapse/artifacts/models/_models_py3.py:60863: SyntaxWarning: invalid escape sequence '\d'
  """

[2026-04-15T15:49:55.801+0000] {warnings.py:112} WARNING - /home/***/.local/lib/python3.12/site-packages/azure/synapse/artifacts/models/_models_py3.py:61167: SyntaxWarning: invalid escape sequence '\d'
  """A copy activity SQL sink.

[2026-04-15T15:49:55.802+0000] {warnings.py:112} WARNING - /home/***/.local/lib/python3.12/site-packages/azure/synapse/artifacts/models/_models_py3.py:61250: SyntaxWarning: invalid escape sequence '\d'
  """

[2026-04-15T15:49:55.802+0000] {warnings.py:112} WARNING - /home/***/.local/lib/python3.12/site-packages/azure/synapse/artifacts/models/_models_py3.py:61306: SyntaxWarning: invalid escape sequence '\d'
  """A copy activity SQL source.

[2026-04-15T15:49:55.804+0000] {warnings.py:112} WARNING - /home/***/.local/lib/python3.12/site-packages/azure/synapse/artifacts/models/_models_py3.py:61387: SyntaxWarning: invalid escape sequence '\d'
  """

[2026-04-15T15:49:55.807+0000] {warnings.py:112} WARNING - /home/***/.local/lib/python3.12/site-packages/azure/synapse/artifacts/models/_models_py3.py:61696: SyntaxWarning: invalid escape sequence '\d'
  """A copy activity Square Service source.

[2026-04-15T15:49:55.808+0000] {warnings.py:112} WARNING - /home/***/.local/lib/python3.12/site-packages/azure/synapse/artifacts/models/_models_py3.py:61752: SyntaxWarning: invalid escape sequence '\d'
  """

[2026-04-15T15:49:55.812+0000] {warnings.py:112} WARNING - /home/***/.local/lib/python3.12/site-packages/azure/synapse/artifacts/models/_models_py3.py:61954: SyntaxWarning: invalid escape sequence '\d'
  """SSIS package execution log location.

[2026-04-15T15:49:55.814+0000] {warnings.py:112} WARNING - /home/***/.local/lib/python3.12/site-packages/azure/synapse/artifacts/models/_models_py3.py:61992: SyntaxWarning: invalid escape sequence '\d'
  """

[2026-04-15T15:49:55.819+0000] {warnings.py:112} WARNING - /home/***/.local/lib/python3.12/site-packages/azure/synapse/artifacts/models/_models_py3.py:62660: SyntaxWarning: invalid escape sequence '\d'
  """A copy activity source for Sybase databases.

[2026-04-15T15:49:55.820+0000] {warnings.py:112} WARNING - /home/***/.local/lib/python3.12/site-packages/azure/synapse/artifacts/models/_models_py3.py:62715: SyntaxWarning: invalid escape sequence '\d'
  """

[2026-04-15T15:49:55.826+0000] {warnings.py:112} WARNING - /home/***/.local/lib/python3.12/site-packages/azure/synapse/artifacts/models/_models_py3.py:63882: SyntaxWarning: invalid escape sequence '\d'
  """A copy activity Teradata source.

[2026-04-15T15:49:55.827+0000] {warnings.py:112} WARNING - /home/***/.local/lib/python3.12/site-packages/azure/synapse/artifacts/models/_models_py3.py:63946: SyntaxWarning: invalid escape sequence '\d'
  """

[2026-04-15T15:49:55.829+0000] {warnings.py:112} WARNING - /home/***/.local/lib/python3.12/site-packages/azure/synapse/artifacts/models/_models_py3.py:64582: SyntaxWarning: invalid escape sequence '\d'
  """Trigger that schedules pipeline runs for all fixed time interval windows from a start time

[2026-04-15T15:49:55.830+0000] {warnings.py:112} WARNING - /home/***/.local/lib/python3.12/site-packages/azure/synapse/artifacts/models/_models_py3.py:64674: SyntaxWarning: invalid escape sequence '\d'
  """

[2026-04-15T15:49:55.831+0000] {warnings.py:112} WARNING - /home/***/.local/lib/python3.12/site-packages/azure/synapse/artifacts/models/_models_py3.py:64940: SyntaxWarning: invalid escape sequence '\d'
  """This activity executes inner activities until the specified boolean expression results to true

[2026-04-15T15:49:55.832+0000] {warnings.py:112} WARNING - /home/***/.local/lib/python3.12/site-packages/azure/synapse/artifacts/models/_models_py3.py:65014: SyntaxWarning: invalid escape sequence '\d'
  """

[2026-04-15T15:49:55.832+0000] {warnings.py:112} WARNING - /home/***/.local/lib/python3.12/site-packages/azure/synapse/artifacts/models/_models_py3.py:65117: SyntaxWarning: invalid escape sequence '\d'
  """This activity verifies that an external resource exists.

[2026-04-15T15:49:55.833+0000] {warnings.py:112} WARNING - /home/***/.local/lib/python3.12/site-packages/azure/synapse/artifacts/models/_models_py3.py:65199: SyntaxWarning: invalid escape sequence '\d'
  """

[2026-04-15T15:49:55.834+0000] {warnings.py:112} WARNING - /home/***/.local/lib/python3.12/site-packages/azure/synapse/artifacts/models/_models_py3.py:65385: SyntaxWarning: invalid escape sequence '\d'
  """A copy activity Vertica source.

[2026-04-15T15:49:55.835+0000] {warnings.py:112} WARNING - /home/***/.local/lib/python3.12/site-packages/azure/synapse/artifacts/models/_models_py3.py:65441: SyntaxWarning: invalid escape sequence '\d'
  """

[2026-04-15T15:49:55.836+0000] {warnings.py:112} WARNING - /home/***/.local/lib/python3.12/site-packages/azure/synapse/artifacts/models/_models_py3.py:65874: SyntaxWarning: invalid escape sequence '\d'
  """A copy activity Microsoft Fabric Warehouse sink.

[2026-04-15T15:49:55.837+0000] {warnings.py:112} WARNING - /home/***/.local/lib/python3.12/site-packages/azure/synapse/artifacts/models/_models_py3.py:65950: SyntaxWarning: invalid escape sequence '\d'
  """

[2026-04-15T15:49:55.837+0000] {warnings.py:112} WARNING - /home/***/.local/lib/python3.12/site-packages/azure/synapse/artifacts/models/_models_py3.py:66003: SyntaxWarning: invalid escape sequence '\d'
  """A copy activity Microsoft Fabric Warehouse source.

[2026-04-15T15:49:55.838+0000] {warnings.py:112} WARNING - /home/***/.local/lib/python3.12/site-packages/azure/synapse/artifacts/models/_models_py3.py:66087: SyntaxWarning: invalid escape sequence '\d'
  """

[2026-04-15T15:49:55.840+0000] {warnings.py:112} WARNING - /home/***/.local/lib/python3.12/site-packages/azure/synapse/artifacts/models/_models_py3.py:66686: SyntaxWarning: invalid escape sequence '\d'
  """WebHook activity.

[2026-04-15T15:49:55.840+0000] {warnings.py:112} WARNING - /home/***/.local/lib/python3.12/site-packages/azure/synapse/artifacts/models/_models_py3.py:66779: SyntaxWarning: invalid escape sequence '\d'
  """

[2026-04-15T15:49:55.841+0000] {warnings.py:112} WARNING - /home/***/.local/lib/python3.12/site-packages/azure/synapse/artifacts/models/_models_py3.py:66918: SyntaxWarning: invalid escape sequence '\d'
  """A copy activity source for web page table.

[2026-04-15T15:49:55.841+0000] {warnings.py:112} WARNING - /home/***/.local/lib/python3.12/site-packages/azure/synapse/artifacts/models/_models_py3.py:66964: SyntaxWarning: invalid escape sequence '\d'
  """

[2026-04-15T15:49:55.843+0000] {warnings.py:112} WARNING - /home/***/.local/lib/python3.12/site-packages/azure/synapse/artifacts/models/_models_py3.py:67735: SyntaxWarning: invalid escape sequence '\d'
  """A copy activity Xero Service source.

[2026-04-15T15:49:55.844+0000] {warnings.py:112} WARNING - /home/***/.local/lib/python3.12/site-packages/azure/synapse/artifacts/models/_models_py3.py:67791: SyntaxWarning: invalid escape sequence '\d'
  """

[2026-04-15T15:49:55.845+0000] {warnings.py:112} WARNING - /home/***/.local/lib/python3.12/site-packages/azure/synapse/artifacts/models/_models_py3.py:68043: SyntaxWarning: invalid escape sequence '\d'
  """A copy activity Xml source.

[2026-04-15T15:49:55.845+0000] {warnings.py:112} WARNING - /home/***/.local/lib/python3.12/site-packages/azure/synapse/artifacts/models/_models_py3.py:68097: SyntaxWarning: invalid escape sequence '\d'
  """

[2026-04-15T15:49:55.846+0000] {warnings.py:112} WARNING - /home/***/.local/lib/python3.12/site-packages/azure/synapse/artifacts/models/_models_py3.py:68532: SyntaxWarning: invalid escape sequence '\d'
  """A copy activity Zoho server source.

[2026-04-15T15:49:55.847+0000] {warnings.py:112} WARNING - /home/***/.local/lib/python3.12/site-packages/azure/synapse/artifacts/models/_models_py3.py:68588: SyntaxWarning: invalid escape sequence '\d'
  """

[2026-04-15T15:49:57.286+0000] {taskinstance.py:341} INFO - ::group::Post task execution logs
[2026-04-15T15:49:57.287+0000] {taskinstance.py:353} INFO - Marking task as SUCCESS. dag_id=kafka_producer, task_id=execute_update_layers, run_id=scheduled__2026-04-13T18:30:00+00:00, execution_date=20260413T183000, start_date=20260415T154950, end_date=20260415T154957
[2026-04-15T15:49:57.386+0000] {local_task_job_runner.py:266} INFO - Task exited with return code 0
[2026-04-15T15:49:57.404+0000] {taskinstance.py:3901} INFO - 0 downstream tasks scheduled from follow-on schedule check
[2026-04-15T15:49:57.408+0000] {local_task_job_runner.py:245} INFO - ::endgroup::
[2026-04-15T16:18:21.169+0000] {local_task_job_runner.py:123} INFO - ::group::Pre task execution logs
[2026-04-15T16:18:21.196+0000] {taskinstance.py:2614} INFO - Dependencies all met for dep_context=non-requeueable deps ti=<TaskInstance: kafka_producer.execute_update_layers scheduled__2026-04-13T18:30:00+00:00 [queued]>
[2026-04-15T16:18:21.207+0000] {taskinstance.py:2614} INFO - Dependencies all met for dep_context=requeueable deps ti=<TaskInstance: kafka_producer.execute_update_layers scheduled__2026-04-13T18:30:00+00:00 [queued]>
[2026-04-15T16:18:21.207+0000] {taskinstance.py:2867} INFO - Starting attempt 1 of 1
[2026-04-15T16:18:21.224+0000] {taskinstance.py:2890} INFO - Executing <Task(TriggerDagRunOperator): execute_update_layers> on 2026-04-13 18:30:00+00:00
[2026-04-15T16:18:21.233+0000] {warnings.py:112} WARNING - /home/***/.local/lib/python3.12/site-packages/***/task/task_runner/standard_task_runner.py:70: DeprecationWarning: This process (pid=56) is multi-threaded, use of fork() may lead to deadlocks in the child.
  pid = os.fork()

[2026-04-15T16:18:21.234+0000] {standard_task_runner.py:104} INFO - Running: ['***', 'tasks', 'run', 'kafka_producer', 'execute_update_layers', 'scheduled__2026-04-13T18:30:00+00:00', '--job-id', '3', '--raw', '--subdir', 'DAGS_FOLDER/kafka_load.py', '--cfg-path', '/tmp/tmp81hy93ro']
[2026-04-15T16:18:21.236+0000] {standard_task_runner.py:72} INFO - Started process 57 to run task
[2026-04-15T16:18:21.236+0000] {standard_task_runner.py:105} INFO - Job 3: Subtask execute_update_layers
[2026-04-15T16:18:21.300+0000] {task_command.py:467} INFO - Running <TaskInstance: kafka_producer.execute_update_layers scheduled__2026-04-13T18:30:00+00:00 [running]> on host f0767addd50b
[2026-04-15T16:18:21.439+0000] {taskinstance.py:3134} INFO - Exporting env vars: AIRFLOW_CTX_DAG_OWNER='***' AIRFLOW_CTX_DAG_ID='kafka_producer' AIRFLOW_CTX_TASK_ID='execute_update_layers' AIRFLOW_CTX_EXECUTION_DATE='2026-04-13T18:30:00+00:00' AIRFLOW_CTX_TRY_NUMBER='1' AIRFLOW_CTX_DAG_RUN_ID='scheduled__2026-04-13T18:30:00+00:00'
[2026-04-15T16:18:21.440+0000] {taskinstance.py:732} INFO - ::endgroup::
[2026-04-15T16:18:24.722+0000] {warnings.py:112} WARNING - /home/***/.local/lib/python3.12/site-packages/azure/synapse/artifacts/models/_models_py3.py:175: SyntaxWarning: invalid escape sequence '\d'
  """Execution policy for an activity.

[2026-04-15T16:18:24.723+0000] {warnings.py:112} WARNING - /home/***/.local/lib/python3.12/site-packages/azure/synapse/artifacts/models/_models_py3.py:222: SyntaxWarning: invalid escape sequence '\d'
  """

[2026-04-15T16:18:24.726+0000] {warnings.py:112} WARNING - /home/***/.local/lib/python3.12/site-packages/azure/synapse/artifacts/models/_models_py3.py:1151: SyntaxWarning: invalid escape sequence '\d'
  """A copy activity source.

[2026-04-15T16:18:24.727+0000] {warnings.py:112} WARNING - /home/***/.local/lib/python3.12/site-packages/azure/synapse/artifacts/models/_models_py3.py:1248: SyntaxWarning: invalid escape sequence '\d'
  """

[2026-04-15T16:18:24.728+0000] {warnings.py:112} WARNING - /home/***/.local/lib/python3.12/site-packages/azure/synapse/artifacts/models/_models_py3.py:1271: SyntaxWarning: invalid escape sequence '\d'
  """Copy activity sources of tabular type.

[2026-04-15T16:18:24.729+0000] {warnings.py:112} WARNING - /home/***/.local/lib/python3.12/site-packages/azure/synapse/artifacts/models/_models_py3.py:1406: SyntaxWarning: invalid escape sequence '\d'
  """

[2026-04-15T16:18:24.729+0000] {warnings.py:112} WARNING - /home/***/.local/lib/python3.12/site-packages/azure/synapse/artifacts/models/_models_py3.py:1439: SyntaxWarning: invalid escape sequence '\d'
  """A copy activity Amazon Marketplace Web Service source.

[2026-04-15T16:18:24.730+0000] {warnings.py:112} WARNING - /home/***/.local/lib/python3.12/site-packages/azure/synapse/artifacts/models/_models_py3.py:1495: SyntaxWarning: invalid escape sequence '\d'
  """

[2026-04-15T16:18:24.731+0000] {warnings.py:112} WARNING - /home/***/.local/lib/python3.12/site-packages/azure/synapse/artifacts/models/_models_py3.py:1683: SyntaxWarning: invalid escape sequence '\d'
  """A copy activity AmazonRdsForOracle source.

[2026-04-15T16:18:24.732+0000] {warnings.py:112} WARNING - /home/***/.local/lib/python3.12/site-packages/azure/synapse/artifacts/models/_models_py3.py:1750: SyntaxWarning: invalid escape sequence '\d'
  """

[2026-04-15T16:18:24.733+0000] {warnings.py:112} WARNING - /home/***/.local/lib/python3.12/site-packages/azure/synapse/artifacts/models/_models_py3.py:2025: SyntaxWarning: invalid escape sequence '\d'
  """A copy activity Amazon RDS for SQL Server source.

[2026-04-15T16:18:24.734+0000] {warnings.py:112} WARNING - /home/***/.local/lib/python3.12/site-packages/azure/synapse/artifacts/models/_models_py3.py:2110: SyntaxWarning: invalid escape sequence '\d'
  """

[2026-04-15T16:18:24.736+0000] {warnings.py:112} WARNING - /home/***/.local/lib/python3.12/site-packages/azure/synapse/artifacts/models/_models_py3.py:2407: SyntaxWarning: invalid escape sequence '\d'
  """A copy activity source for Amazon Redshift Source.

[2026-04-15T16:18:24.737+0000] {warnings.py:112} WARNING - /home/***/.local/lib/python3.12/site-packages/azure/synapse/artifacts/models/_models_py3.py:2468: SyntaxWarning: invalid escape sequence '\d'
  """

[2026-04-15T16:18:24.741+0000] {warnings.py:112} WARNING - /home/***/.local/lib/python3.12/site-packages/azure/synapse/artifacts/models/_models_py3.py:3987: SyntaxWarning: invalid escape sequence '\d'
  """A copy activity sink.

[2026-04-15T16:18:24.742+0000] {warnings.py:112} WARNING - /home/***/.local/lib/python3.12/site-packages/azure/synapse/artifacts/models/_models_py3.py:4096: SyntaxWarning: invalid escape sequence '\d'
  """

[2026-04-15T16:18:24.743+0000] {warnings.py:112} WARNING - /home/***/.local/lib/python3.12/site-packages/azure/synapse/artifacts/models/_models_py3.py:4127: SyntaxWarning: invalid escape sequence '\d'
  """A copy activity Avro sink.

[2026-04-15T16:18:24.744+0000] {warnings.py:112} WARNING - /home/***/.local/lib/python3.12/site-packages/azure/synapse/artifacts/models/_models_py3.py:4186: SyntaxWarning: invalid escape sequence '\d'
  """

[2026-04-15T16:18:24.745+0000] {warnings.py:112} WARNING - /home/***/.local/lib/python3.12/site-packages/azure/synapse/artifacts/models/_models_py3.py:4225: SyntaxWarning: invalid escape sequence '\d'
  """A copy activity Avro source.

[2026-04-15T16:18:24.745+0000] {warnings.py:112} WARNING - /home/***/.local/lib/python3.12/site-packages/azure/synapse/artifacts/models/_models_py3.py:4275: SyntaxWarning: invalid escape sequence '\d'
  """

[2026-04-15T16:18:24.748+0000] {warnings.py:112} WARNING - /home/***/.local/lib/python3.12/site-packages/azure/synapse/artifacts/models/_models_py3.py:5209: SyntaxWarning: invalid escape sequence '\d'
  """A copy activity Azure Data Lake Storage Gen2 sink.

[2026-04-15T16:18:24.750+0000] {warnings.py:112} WARNING - /home/***/.local/lib/python3.12/site-packages/azure/synapse/artifacts/models/_models_py3.py:5265: SyntaxWarning: invalid escape sequence '\d'
  """

[2026-04-15T16:18:24.751+0000] {warnings.py:112} WARNING - /home/***/.local/lib/python3.12/site-packages/azure/synapse/artifacts/models/_models_py3.py:5302: SyntaxWarning: invalid escape sequence '\d'
  """A copy activity Azure BlobFS source.

[2026-04-15T16:18:24.751+0000] {warnings.py:112} WARNING - /home/***/.local/lib/python3.12/site-packages/azure/synapse/artifacts/models/_models_py3.py:5358: SyntaxWarning: invalid escape sequence '\d'
  """

[2026-04-15T16:18:24.754+0000] {warnings.py:112} WARNING - /home/***/.local/lib/python3.12/site-packages/azure/synapse/artifacts/models/_models_py3.py:6437: SyntaxWarning: invalid escape sequence '\d'
  """A copy activity Azure Databricks Delta Lake sink.

[2026-04-15T16:18:24.756+0000] {warnings.py:112} WARNING - /home/***/.local/lib/python3.12/site-packages/azure/synapse/artifacts/models/_models_py3.py:6497: SyntaxWarning: invalid escape sequence '\d'
  """

[2026-04-15T16:18:24.756+0000] {warnings.py:112} WARNING - /home/***/.local/lib/python3.12/site-packages/azure/synapse/artifacts/models/_models_py3.py:6538: SyntaxWarning: invalid escape sequence '\d'
  """A copy activity Azure Databricks Delta Lake source.

[2026-04-15T16:18:24.757+0000] {warnings.py:112} WARNING - /home/***/.local/lib/python3.12/site-packages/azure/synapse/artifacts/models/_models_py3.py:6588: SyntaxWarning: invalid escape sequence '\d'
  """

[2026-04-15T16:18:24.759+0000] {warnings.py:112} WARNING - /home/***/.local/lib/python3.12/site-packages/azure/synapse/artifacts/models/_models_py3.py:7023: SyntaxWarning: invalid escape sequence '\d'
  """Azure Data Explorer command activity.

[2026-04-15T16:18:24.760+0000] {warnings.py:112} WARNING - /home/***/.local/lib/python3.12/site-packages/azure/synapse/artifacts/models/_models_py3.py:7096: SyntaxWarning: invalid escape sequence '\d'
  """

[2026-04-15T16:18:24.760+0000] {warnings.py:112} WARNING - /home/***/.local/lib/python3.12/site-packages/azure/synapse/artifacts/models/_models_py3.py:7267: SyntaxWarning: invalid escape sequence '\d'
  """A copy activity Azure Data Explorer sink.

[2026-04-15T16:18:24.761+0000] {warnings.py:112} WARNING - /home/***/.local/lib/python3.12/site-packages/azure/synapse/artifacts/models/_models_py3.py:7333: SyntaxWarning: invalid escape sequence '\d'
  """

[2026-04-15T16:18:24.762+0000] {warnings.py:112} WARNING - /home/***/.local/lib/python3.12/site-packages/azure/synapse/artifacts/models/_models_py3.py:7378: SyntaxWarning: invalid escape sequence '\d'
  """A copy activity Azure Data Explorer (Kusto) source.

[2026-04-15T16:18:24.763+0000] {warnings.py:112} WARNING - /home/***/.local/lib/python3.12/site-packages/azure/synapse/artifacts/models/_models_py3.py:7440: SyntaxWarning: invalid escape sequence '\d'
  """

[2026-04-15T16:18:24.765+0000] {warnings.py:112} WARNING - /home/***/.local/lib/python3.12/site-packages/azure/synapse/artifacts/models/_models_py3.py:8222: SyntaxWarning: invalid escape sequence '\d'
  """A copy activity Azure Data Lake Store sink.

[2026-04-15T16:18:24.765+0000] {warnings.py:112} WARNING - /home/***/.local/lib/python3.12/site-packages/azure/synapse/artifacts/models/_models_py3.py:8282: SyntaxWarning: invalid escape sequence '\d'
  """

[2026-04-15T16:18:24.766+0000] {warnings.py:112} WARNING - /home/***/.local/lib/python3.12/site-packages/azure/synapse/artifacts/models/_models_py3.py:8322: SyntaxWarning: invalid escape sequence '\d'
  """A copy activity Azure Data Lake source.

[2026-04-15T16:18:24.767+0000] {warnings.py:112} WARNING - /home/***/.local/lib/python3.12/site-packages/azure/synapse/artifacts/models/_models_py3.py:8368: SyntaxWarning: invalid escape sequence '\d'
  """

[2026-04-15T16:18:24.770+0000] {warnings.py:112} WARNING - /home/***/.local/lib/python3.12/site-packages/azure/synapse/artifacts/models/_models_py3.py:9475: SyntaxWarning: invalid escape sequence '\d'
  """A copy activity Azure MariaDB source.

[2026-04-15T16:18:24.771+0000] {warnings.py:112} WARNING - /home/***/.local/lib/python3.12/site-packages/azure/synapse/artifacts/models/_models_py3.py:9531: SyntaxWarning: invalid escape sequence '\d'
  """

[2026-04-15T16:18:24.773+0000] {warnings.py:112} WARNING - /home/***/.local/lib/python3.12/site-packages/azure/synapse/artifacts/models/_models_py3.py:10532: SyntaxWarning: invalid escape sequence '\d'
  """A copy activity Azure MySql sink.

[2026-04-15T16:18:24.774+0000] {warnings.py:112} WARNING - /home/***/.local/lib/python3.12/site-packages/azure/synapse/artifacts/models/_models_py3.py:10588: SyntaxWarning: invalid escape sequence '\d'
  """

[2026-04-15T16:18:24.775+0000] {warnings.py:112} WARNING - /home/***/.local/lib/python3.12/site-packages/azure/synapse/artifacts/models/_models_py3.py:10625: SyntaxWarning: invalid escape sequence '\d'
  """A copy activity Azure MySQL source.

[2026-04-15T16:18:24.776+0000] {warnings.py:112} WARNING - /home/***/.local/lib/python3.12/site-packages/azure/synapse/artifacts/models/_models_py3.py:10680: SyntaxWarning: invalid escape sequence '\d'
  """

[2026-04-15T16:18:24.780+0000] {warnings.py:112} WARNING - /home/***/.local/lib/python3.12/site-packages/azure/synapse/artifacts/models/_models_py3.py:10923: SyntaxWarning: invalid escape sequence '\d'
  """A copy activity Azure PostgreSQL sink.

[2026-04-15T16:18:24.782+0000] {warnings.py:112} WARNING - /home/***/.local/lib/python3.12/site-packages/azure/synapse/artifacts/models/_models_py3.py:10979: SyntaxWarning: invalid escape sequence '\d'
  """

[2026-04-15T16:18:24.783+0000] {warnings.py:112} WARNING - /home/***/.local/lib/python3.12/site-packages/azure/synapse/artifacts/models/_models_py3.py:11016: SyntaxWarning: invalid escape sequence '\d'
  """A copy activity Azure PostgreSQL source.

[2026-04-15T16:18:24.784+0000] {warnings.py:112} WARNING - /home/***/.local/lib/python3.12/site-packages/azure/synapse/artifacts/models/_models_py3.py:11072: SyntaxWarning: invalid escape sequence '\d'
  """

[2026-04-15T16:18:24.785+0000] {warnings.py:112} WARNING - /home/***/.local/lib/python3.12/site-packages/azure/synapse/artifacts/models/_models_py3.py:11231: SyntaxWarning: invalid escape sequence '\d'
  """A copy activity Azure Queue sink.

[2026-04-15T16:18:24.785+0000] {warnings.py:112} WARNING - /home/***/.local/lib/python3.12/site-packages/azure/synapse/artifacts/models/_models_py3.py:11282: SyntaxWarning: invalid escape sequence '\d'
  """

[2026-04-15T16:18:24.786+0000] {warnings.py:112} WARNING - /home/***/.local/lib/python3.12/site-packages/azure/synapse/artifacts/models/_models_py3.py:11420: SyntaxWarning: invalid escape sequence '\d'
  """A copy activity Azure Search Index sink.

[2026-04-15T16:18:24.787+0000] {warnings.py:112} WARNING - /home/***/.local/lib/python3.12/site-packages/azure/synapse/artifacts/models/_models_py3.py:11477: SyntaxWarning: invalid escape sequence '\d'
  """

[2026-04-15T16:18:24.789+0000] {warnings.py:112} WARNING - /home/***/.local/lib/python3.12/site-packages/azure/synapse/artifacts/models/_models_py3.py:12300: SyntaxWarning: invalid escape sequence '\d'
  """A copy activity Azure SQL sink.

[2026-04-15T16:18:24.790+0000] {warnings.py:112} WARNING - /home/***/.local/lib/python3.12/site-packages/azure/synapse/artifacts/models/_models_py3.py:12383: SyntaxWarning: invalid escape sequence '\d'
  """

[2026-04-15T16:18:24.791+0000] {warnings.py:112} WARNING - /home/***/.local/lib/python3.12/site-packages/azure/synapse/artifacts/models/_models_py3.py:12439: SyntaxWarning: invalid escape sequence '\d'
  """A copy activity Azure SQL source.

[2026-04-15T16:18:24.792+0000] {warnings.py:112} WARNING - /home/***/.local/lib/python3.12/site-packages/azure/synapse/artifacts/models/_models_py3.py:12524: SyntaxWarning: invalid escape sequence '\d'
  """

[2026-04-15T16:18:24.794+0000] {warnings.py:112} WARNING - /home/***/.local/lib/python3.12/site-packages/azure/synapse/artifacts/models/_models_py3.py:13019: SyntaxWarning: invalid escape sequence '\d'
  """A copy activity Azure Table sink.

[2026-04-15T16:18:24.795+0000] {warnings.py:112} WARNING - /home/***/.local/lib/python3.12/site-packages/azure/synapse/artifacts/models/_models_py3.py:13090: SyntaxWarning: invalid escape sequence '\d'
  """

[2026-04-15T16:18:24.795+0000] {warnings.py:112} WARNING - /home/***/.local/lib/python3.12/site-packages/azure/synapse/artifacts/models/_models_py3.py:13139: SyntaxWarning: invalid escape sequence '\d'
  """A copy activity Azure Table source.

[2026-04-15T16:18:24.796+0000] {warnings.py:112} WARNING - /home/***/.local/lib/python3.12/site-packages/azure/synapse/artifacts/models/_models_py3.py:13200: SyntaxWarning: invalid escape sequence '\d'
  """

[2026-04-15T16:18:24.799+0000] {warnings.py:112} WARNING - /home/***/.local/lib/python3.12/site-packages/azure/synapse/artifacts/models/_models_py3.py:13886: SyntaxWarning: invalid escape sequence '\d'
  """A copy activity Binary sink.

[2026-04-15T16:18:24.799+0000] {warnings.py:112} WARNING - /home/***/.local/lib/python3.12/site-packages/azure/synapse/artifacts/models/_models_py3.py:13941: SyntaxWarning: invalid escape sequence '\d'
  """

[2026-04-15T16:18:24.800+0000] {warnings.py:112} WARNING - /home/***/.local/lib/python3.12/site-packages/azure/synapse/artifacts/models/_models_py3.py:13977: SyntaxWarning: invalid escape sequence '\d'
  """A copy activity Binary source.

[2026-04-15T16:18:24.801+0000] {warnings.py:112} WARNING - /home/***/.local/lib/python3.12/site-packages/azure/synapse/artifacts/models/_models_py3.py:14026: SyntaxWarning: invalid escape sequence '\d'
  """

[2026-04-15T16:18:24.802+0000] {warnings.py:112} WARNING - /home/***/.local/lib/python3.12/site-packages/azure/synapse/artifacts/models/_models_py3.py:14318: SyntaxWarning: invalid escape sequence '\d'
  """A copy activity Azure Blob sink.

[2026-04-15T16:18:24.803+0000] {warnings.py:112} WARNING - /home/***/.local/lib/python3.12/site-packages/azure/synapse/artifacts/models/_models_py3.py:14388: SyntaxWarning: invalid escape sequence '\d'
  """

[2026-04-15T16:18:24.804+0000] {warnings.py:112} WARNING - /home/***/.local/lib/python3.12/site-packages/azure/synapse/artifacts/models/_models_py3.py:14436: SyntaxWarning: invalid escape sequence '\d'
  """A copy activity Azure Blob source.

[2026-04-15T16:18:24.804+0000] {warnings.py:112} WARNING - /home/***/.local/lib/python3.12/site-packages/azure/synapse/artifacts/models/_models_py3.py:14492: SyntaxWarning: invalid escape sequence '\d'
  """

[2026-04-15T16:18:24.805+0000] {warnings.py:112} WARNING - /home/***/.local/lib/python3.12/site-packages/azure/synapse/artifacts/models/_models_py3.py:14744: SyntaxWarning: invalid escape sequence '\d'
  """A copy activity source for a Cassandra database.

[2026-04-15T16:18:24.807+0000] {warnings.py:112} WARNING - /home/***/.local/lib/python3.12/site-packages/azure/synapse/artifacts/models/_models_py3.py:14810: SyntaxWarning: invalid escape sequence '\d'
  """

[2026-04-15T16:18:24.808+0000] {warnings.py:112} WARNING - /home/***/.local/lib/python3.12/site-packages/azure/synapse/artifacts/models/_models_py3.py:15415: SyntaxWarning: invalid escape sequence '\d'
  """A copy activity Common Data Service for Apps sink.

[2026-04-15T16:18:24.809+0000] {warnings.py:112} WARNING - /home/***/.local/lib/python3.12/site-packages/azure/synapse/artifacts/models/_models_py3.py:15482: SyntaxWarning: invalid escape sequence '\d'
  """

[2026-04-15T16:18:24.810+0000] {warnings.py:112} WARNING - /home/***/.local/lib/python3.12/site-packages/azure/synapse/artifacts/models/_models_py3.py:15527: SyntaxWarning: invalid escape sequence '\d'
  """A copy activity Common Data Service for Apps source.

[2026-04-15T16:18:24.810+0000] {warnings.py:112} WARNING - /home/***/.local/lib/python3.12/site-packages/azure/synapse/artifacts/models/_models_py3.py:15578: SyntaxWarning: invalid escape sequence '\d'
  """

[2026-04-15T16:18:24.812+0000] {warnings.py:112} WARNING - /home/***/.local/lib/python3.12/site-packages/azure/synapse/artifacts/models/_models_py3.py:15897: SyntaxWarning: invalid escape sequence '\d'
  """A copy activity Concur Service source.

[2026-04-15T16:18:24.812+0000] {warnings.py:112} WARNING - /home/***/.local/lib/python3.12/site-packages/azure/synapse/artifacts/models/_models_py3.py:15953: SyntaxWarning: invalid escape sequence '\d'
  """

[2026-04-15T16:18:24.814+0000] {warnings.py:112} WARNING - /home/***/.local/lib/python3.12/site-packages/azure/synapse/artifacts/models/_models_py3.py:16617: SyntaxWarning: invalid escape sequence '\d'
  """A copy activity sink for a CosmosDB (MongoDB API) database.

[2026-04-15T16:18:24.815+0000] {warnings.py:112} WARNING - /home/***/.local/lib/python3.12/site-packages/azure/synapse/artifacts/models/_models_py3.py:16674: SyntaxWarning: invalid escape sequence '\d'
  """

[2026-04-15T16:18:24.816+0000] {warnings.py:112} WARNING - /home/***/.local/lib/python3.12/site-packages/azure/synapse/artifacts/models/_models_py3.py:16712: SyntaxWarning: invalid escape sequence '\d'
  """A copy activity source for a CosmosDB (MongoDB API) database.

[2026-04-15T16:18:24.816+0000] {warnings.py:112} WARNING - /home/***/.local/lib/python3.12/site-packages/azure/synapse/artifacts/models/_models_py3.py:16780: SyntaxWarning: invalid escape sequence '\d'
  """

[2026-04-15T16:18:24.817+0000] {warnings.py:112} WARNING - /home/***/.local/lib/python3.12/site-packages/azure/synapse/artifacts/models/_models_py3.py:16932: SyntaxWarning: invalid escape sequence '\d'
  """A copy activity Azure CosmosDB (SQL API) Collection sink.

[2026-04-15T16:18:24.818+0000] {warnings.py:112} WARNING - /home/***/.local/lib/python3.12/site-packages/azure/synapse/artifacts/models/_models_py3.py:16988: SyntaxWarning: invalid escape sequence '\d'
  """

[2026-04-15T16:18:24.819+0000] {warnings.py:112} WARNING - /home/***/.local/lib/python3.12/site-packages/azure/synapse/artifacts/models/_models_py3.py:17025: SyntaxWarning: invalid escape sequence '\d'
  """A copy activity Azure CosmosDB (SQL API) Collection source.

[2026-04-15T16:18:24.820+0000] {warnings.py:112} WARNING - /home/***/.local/lib/python3.12/site-packages/azure/synapse/artifacts/models/_models_py3.py:17090: SyntaxWarning: invalid escape sequence '\d'
  """

[2026-04-15T16:18:24.820+0000] {warnings.py:112} WARNING - /home/***/.local/lib/python3.12/site-packages/azure/synapse/artifacts/models/_models_py3.py:17228: SyntaxWarning: invalid escape sequence '\d'
  """A copy activity Couchbase server source.

[2026-04-15T16:18:24.821+0000] {warnings.py:112} WARNING - /home/***/.local/lib/python3.12/site-packages/azure/synapse/artifacts/models/_models_py3.py:17284: SyntaxWarning: invalid escape sequence '\d'
  """

[2026-04-15T16:18:24.827+0000] {warnings.py:112} WARNING - /home/***/.local/lib/python3.12/site-packages/azure/synapse/artifacts/models/_models_py3.py:20234: SyntaxWarning: invalid escape sequence '\d'
  """A copy activity source for Db2 databases.

[2026-04-15T16:18:24.828+0000] {warnings.py:112} WARNING - /home/***/.local/lib/python3.12/site-packages/azure/synapse/artifacts/models/_models_py3.py:20289: SyntaxWarning: invalid escape sequence '\d'
  """

[2026-04-15T16:18:24.830+0000] {warnings.py:112} WARNING - /home/***/.local/lib/python3.12/site-packages/azure/synapse/artifacts/models/_models_py3.py:20862: SyntaxWarning: invalid escape sequence '\d'
  """A copy activity DelimitedText sink.

[2026-04-15T16:18:24.830+0000] {warnings.py:112} WARNING - /home/***/.local/lib/python3.12/site-packages/azure/synapse/artifacts/models/_models_py3.py:20921: SyntaxWarning: invalid escape sequence '\d'
  """

[2026-04-15T16:18:24.831+0000] {warnings.py:112} WARNING - /home/***/.local/lib/python3.12/site-packages/azure/synapse/artifacts/models/_models_py3.py:20960: SyntaxWarning: invalid escape sequence '\d'
  """A copy activity DelimitedText source.

[2026-04-15T16:18:24.832+0000] {warnings.py:112} WARNING - /home/***/.local/lib/python3.12/site-packages/azure/synapse/artifacts/models/_models_py3.py:21014: SyntaxWarning: invalid escape sequence '\d'
  """

[2026-04-15T16:18:24.840+0000] {warnings.py:112} WARNING - /home/***/.local/lib/python3.12/site-packages/azure/synapse/artifacts/models/_models_py3.py:21316: SyntaxWarning: invalid escape sequence '\d'
  """A copy activity Document Database Collection sink.

[2026-04-15T16:18:24.841+0000] {warnings.py:112} WARNING - /home/***/.local/lib/python3.12/site-packages/azure/synapse/artifacts/models/_models_py3.py:21377: SyntaxWarning: invalid escape sequence '\d'
  """

[2026-04-15T16:18:24.841+0000] {warnings.py:112} WARNING - /home/***/.local/lib/python3.12/site-packages/azure/synapse/artifacts/models/_models_py3.py:21418: SyntaxWarning: invalid escape sequence '\d'
  """A copy activity Document Database Collection source.

[2026-04-15T16:18:24.842+0000] {warnings.py:112} WARNING - /home/***/.local/lib/python3.12/site-packages/azure/synapse/artifacts/models/_models_py3.py:21478: SyntaxWarning: invalid escape sequence '\d'
  """

[2026-04-15T16:18:24.843+0000] {warnings.py:112} WARNING - /home/***/.local/lib/python3.12/site-packages/azure/synapse/artifacts/models/_models_py3.py:21612: SyntaxWarning: invalid escape sequence '\d'
  """A copy activity Drill server source.

[2026-04-15T16:18:24.843+0000] {warnings.py:112} WARNING - /home/***/.local/lib/python3.12/site-packages/azure/synapse/artifacts/models/_models_py3.py:21668: SyntaxWarning: invalid escape sequence '\d'
  """

[2026-04-15T16:18:24.846+0000] {warnings.py:112} WARNING - /home/***/.local/lib/python3.12/site-packages/azure/synapse/artifacts/models/_models_py3.py:22155: SyntaxWarning: invalid escape sequence '\d'
  """A copy activity Dynamics AX source.

[2026-04-15T16:18:24.847+0000] {warnings.py:112} WARNING - /home/***/.local/lib/python3.12/site-packages/azure/synapse/artifacts/models/_models_py3.py:22218: SyntaxWarning: invalid escape sequence '\d'
  """

[2026-04-15T16:18:24.848+0000] {warnings.py:112} WARNING - /home/***/.local/lib/python3.12/site-packages/azure/synapse/artifacts/models/_models_py3.py:22559: SyntaxWarning: invalid escape sequence '\d'
  """A copy activity Dynamics CRM sink.

[2026-04-15T16:18:24.849+0000] {warnings.py:112} WARNING - /home/***/.local/lib/python3.12/site-packages/azure/synapse/artifacts/models/_models_py3.py:22626: SyntaxWarning: invalid escape sequence '\d'
  """

[2026-04-15T16:18:24.849+0000] {warnings.py:112} WARNING - /home/***/.local/lib/python3.12/site-packages/azure/synapse/artifacts/models/_models_py3.py:22671: SyntaxWarning: invalid escape sequence '\d'
  """A copy activity Dynamics CRM source.

[2026-04-15T16:18:24.850+0000] {warnings.py:112} WARNING - /home/***/.local/lib/python3.12/site-packages/azure/synapse/artifacts/models/_models_py3.py:22722: SyntaxWarning: invalid escape sequence '\d'
  """

[2026-04-15T16:18:24.851+0000] {warnings.py:112} WARNING - /home/***/.local/lib/python3.12/site-packages/azure/synapse/artifacts/models/_models_py3.py:23061: SyntaxWarning: invalid escape sequence '\d'
  """A copy activity Dynamics sink.

[2026-04-15T16:18:24.852+0000] {warnings.py:112} WARNING - /home/***/.local/lib/python3.12/site-packages/azure/synapse/artifacts/models/_models_py3.py:23128: SyntaxWarning: invalid escape sequence '\d'
  """

[2026-04-15T16:18:24.852+0000] {warnings.py:112} WARNING - /home/***/.local/lib/python3.12/site-packages/azure/synapse/artifacts/models/_models_py3.py:23173: SyntaxWarning: invalid escape sequence '\d'
  """A copy activity Dynamics source.

[2026-04-15T16:18:24.852+0000] {warnings.py:112} WARNING - /home/***/.local/lib/python3.12/site-packages/azure/synapse/artifacts/models/_models_py3.py:23224: SyntaxWarning: invalid escape sequence '\d'
  """

[2026-04-15T16:18:24.853+0000] {warnings.py:112} WARNING - /home/***/.local/lib/python3.12/site-packages/azure/synapse/artifacts/models/_models_py3.py:23511: SyntaxWarning: invalid escape sequence '\d'
  """A copy activity Eloqua server source.

[2026-04-15T16:18:24.854+0000] {warnings.py:112} WARNING - /home/***/.local/lib/python3.12/site-packages/azure/synapse/artifacts/models/_models_py3.py:23567: SyntaxWarning: invalid escape sequence '\d'
  """

[2026-04-15T16:18:24.855+0000] {warnings.py:112} WARNING - /home/***/.local/lib/python3.12/site-packages/azure/synapse/artifacts/models/_models_py3.py:23968: SyntaxWarning: invalid escape sequence '\d'
  """A copy activity excel source.

[2026-04-15T16:18:24.856+0000] {warnings.py:112} WARNING - /home/***/.local/lib/python3.12/site-packages/azure/synapse/artifacts/models/_models_py3.py:24018: SyntaxWarning: invalid escape sequence '\d'
  """

[2026-04-15T16:18:24.859+0000] {warnings.py:112} WARNING - /home/***/.local/lib/python3.12/site-packages/azure/synapse/artifacts/models/_models_py3.py:25343: SyntaxWarning: invalid escape sequence '\d'
  """A copy activity file system sink.

[2026-04-15T16:18:24.860+0000] {warnings.py:112} WARNING - /home/***/.local/lib/python3.12/site-packages/azure/synapse/artifacts/models/_models_py3.py:25398: SyntaxWarning: invalid escape sequence '\d'
  """

[2026-04-15T16:18:24.860+0000] {warnings.py:112} WARNING - /home/***/.local/lib/python3.12/site-packages/azure/synapse/artifacts/models/_models_py3.py:25434: SyntaxWarning: invalid escape sequence '\d'
  """A copy activity file system source.

[2026-04-15T16:18:24.861+0000] {warnings.py:112} WARNING - /home/***/.local/lib/python3.12/site-packages/azure/synapse/artifacts/models/_models_py3.py:25485: SyntaxWarning: invalid escape sequence '\d'
  """

[2026-04-15T16:18:24.864+0000] {warnings.py:112} WARNING - /home/***/.local/lib/python3.12/site-packages/azure/synapse/artifacts/models/_models_py3.py:26723: SyntaxWarning: invalid escape sequence '\d'
  """A copy activity Google AdWords service source.

[2026-04-15T16:18:24.865+0000] {warnings.py:112} WARNING - /home/***/.local/lib/python3.12/site-packages/azure/synapse/artifacts/models/_models_py3.py:26779: SyntaxWarning: invalid escape sequence '\d'
  """

[2026-04-15T16:18:24.866+0000] {warnings.py:112} WARNING - /home/***/.local/lib/python3.12/site-packages/azure/synapse/artifacts/models/_models_py3.py:27121: SyntaxWarning: invalid escape sequence '\d'
  """A copy activity Google BigQuery service source.

[2026-04-15T16:18:24.866+0000] {warnings.py:112} WARNING - /home/***/.local/lib/python3.12/site-packages/azure/synapse/artifacts/models/_models_py3.py:27177: SyntaxWarning: invalid escape sequence '\d'
  """

[2026-04-15T16:18:24.867+0000] {warnings.py:112} WARNING - /home/***/.local/lib/python3.12/site-packages/azure/synapse/artifacts/models/_models_py3.py:27461: SyntaxWarning: invalid escape sequence '\d'
  """A copy activity Google BigQuery service source.

[2026-04-15T16:18:24.868+0000] {warnings.py:112} WARNING - /home/***/.local/lib/python3.12/site-packages/azure/synapse/artifacts/models/_models_py3.py:27517: SyntaxWarning: invalid escape sequence '\d'
  """

[2026-04-15T16:18:24.870+0000] {warnings.py:112} WARNING - /home/***/.local/lib/python3.12/site-packages/azure/synapse/artifacts/models/_models_py3.py:28053: SyntaxWarning: invalid escape sequence '\d'
  """A copy activity Greenplum Database source.

[2026-04-15T16:18:24.870+0000] {warnings.py:112} WARNING - /home/***/.local/lib/python3.12/site-packages/azure/synapse/artifacts/models/_models_py3.py:28109: SyntaxWarning: invalid escape sequence '\d'
  """

[2026-04-15T16:18:24.872+0000] {warnings.py:112} WARNING - /home/***/.local/lib/python3.12/site-packages/azure/synapse/artifacts/models/_models_py3.py:28536: SyntaxWarning: invalid escape sequence '\d'
  """A copy activity HBase server source.

[2026-04-15T16:18:24.873+0000] {warnings.py:112} WARNING - /home/***/.local/lib/python3.12/site-packages/azure/synapse/artifacts/models/_models_py3.py:28592: SyntaxWarning: invalid escape sequence '\d'
  """

[2026-04-15T16:18:24.874+0000] {warnings.py:112} WARNING - /home/***/.local/lib/python3.12/site-packages/azure/synapse/artifacts/models/_models_py3.py:28932: SyntaxWarning: invalid escape sequence '\d'
  """A copy activity HDFS source.

[2026-04-15T16:18:24.874+0000] {warnings.py:112} WARNING - /home/***/.local/lib/python3.12/site-packages/azure/synapse/artifacts/models/_models_py3.py:28982: SyntaxWarning: invalid escape sequence '\d'
  """

[2026-04-15T16:18:24.878+0000] {warnings.py:112} WARNING - /home/***/.local/lib/python3.12/site-packages/azure/synapse/artifacts/models/_models_py3.py:30727: SyntaxWarning: invalid escape sequence '\d'
  """A copy activity Hive Server source.

[2026-04-15T16:18:24.879+0000] {warnings.py:112} WARNING - /home/***/.local/lib/python3.12/site-packages/azure/synapse/artifacts/models/_models_py3.py:30783: SyntaxWarning: invalid escape sequence '\d'
  """

[2026-04-15T16:18:24.881+0000] {warnings.py:112} WARNING - /home/***/.local/lib/python3.12/site-packages/azure/synapse/artifacts/models/_models_py3.py:31296: SyntaxWarning: invalid escape sequence '\d'
  """A copy activity source for an HTTP file.

[2026-04-15T16:18:24.881+0000] {warnings.py:112} WARNING - /home/***/.local/lib/python3.12/site-packages/azure/synapse/artifacts/models/_models_py3.py:31344: SyntaxWarning: invalid escape sequence '\d'
  """

[2026-04-15T16:18:24.882+0000] {warnings.py:112} WARNING - /home/***/.local/lib/python3.12/site-packages/azure/synapse/artifacts/models/_models_py3.py:31617: SyntaxWarning: invalid escape sequence '\d'
  """A copy activity Hubspot Service source.

[2026-04-15T16:18:24.883+0000] {warnings.py:112} WARNING - /home/***/.local/lib/python3.12/site-packages/azure/synapse/artifacts/models/_models_py3.py:31673: SyntaxWarning: invalid escape sequence '\d'
  """

[2026-04-15T16:18:24.885+0000] {warnings.py:112} WARNING - /home/***/.local/lib/python3.12/site-packages/azure/synapse/artifacts/models/_models_py3.py:32120: SyntaxWarning: invalid escape sequence '\d'
  """A copy activity Impala server source.

[2026-04-15T16:18:24.886+0000] {warnings.py:112} WARNING - /home/***/.local/lib/python3.12/site-packages/azure/synapse/artifacts/models/_models_py3.py:32176: SyntaxWarning: invalid escape sequence '\d'
  """

[2026-04-15T16:18:24.886+0000] {warnings.py:112} WARNING - /home/***/.local/lib/python3.12/site-packages/azure/synapse/artifacts/models/_models_py3.py:32339: SyntaxWarning: invalid escape sequence '\d'
  """A copy activity Informix sink.

[2026-04-15T16:18:24.887+0000] {warnings.py:112} WARNING - /home/***/.local/lib/python3.12/site-packages/azure/synapse/artifacts/models/_models_py3.py:32395: SyntaxWarning: invalid escape sequence '\d'
  """

[2026-04-15T16:18:24.888+0000] {warnings.py:112} WARNING - /home/***/.local/lib/python3.12/site-packages/azure/synapse/artifacts/models/_models_py3.py:32432: SyntaxWarning: invalid escape sequence '\d'
  """A copy activity source for Informix.

[2026-04-15T16:18:24.888+0000] {warnings.py:112} WARNING - /home/***/.local/lib/python3.12/site-packages/azure/synapse/artifacts/models/_models_py3.py:32487: SyntaxWarning: invalid escape sequence '\d'
  """

[2026-04-15T16:18:24.891+0000] {warnings.py:112} WARNING - /home/***/.local/lib/python3.12/site-packages/azure/synapse/artifacts/models/_models_py3.py:33502: SyntaxWarning: invalid escape sequence '\d'
  """A copy activity Jira Service source.

[2026-04-15T16:18:24.891+0000] {warnings.py:112} WARNING - /home/***/.local/lib/python3.12/site-packages/azure/synapse/artifacts/models/_models_py3.py:33558: SyntaxWarning: invalid escape sequence '\d'
  """

[2026-04-15T16:18:24.892+0000] {warnings.py:112} WARNING - /home/***/.local/lib/python3.12/site-packages/azure/synapse/artifacts/models/_models_py3.py:33869: SyntaxWarning: invalid escape sequence '\d'
  """A copy activity Json sink.

[2026-04-15T16:18:24.893+0000] {warnings.py:112} WARNING - /home/***/.local/lib/python3.12/site-packages/azure/synapse/artifacts/models/_models_py3.py:33928: SyntaxWarning: invalid escape sequence '\d'
  """

[2026-04-15T16:18:24.893+0000] {warnings.py:112} WARNING - /home/***/.local/lib/python3.12/site-packages/azure/synapse/artifacts/models/_models_py3.py:33967: SyntaxWarning: invalid escape sequence '\d'
  """A copy activity Json source.

[2026-04-15T16:18:24.894+0000] {warnings.py:112} WARNING - /home/***/.local/lib/python3.12/site-packages/azure/synapse/artifacts/models/_models_py3.py:34021: SyntaxWarning: invalid escape sequence '\d'
  """

[2026-04-15T16:18:24.896+0000] {warnings.py:112} WARNING - /home/***/.local/lib/python3.12/site-packages/azure/synapse/artifacts/models/_models_py3.py:34739: SyntaxWarning: invalid escape sequence '\d'
  """A copy activity for Microsoft Fabric LakeHouse Table sink.

[2026-04-15T16:18:24.896+0000] {warnings.py:112} WARNING - /home/***/.local/lib/python3.12/site-packages/azure/synapse/artifacts/models/_models_py3.py:34806: SyntaxWarning: invalid escape sequence '\d'
  """

[2026-04-15T16:18:24.897+0000] {warnings.py:112} WARNING - /home/***/.local/lib/python3.12/site-packages/azure/synapse/artifacts/models/_models_py3.py:34852: SyntaxWarning: invalid escape sequence '\d'
  """A copy activity source for Microsoft Fabric LakeHouse Table.

[2026-04-15T16:18:24.898+0000] {warnings.py:112} WARNING - /home/***/.local/lib/python3.12/site-packages/azure/synapse/artifacts/models/_models_py3.py:34908: SyntaxWarning: invalid escape sequence '\d'
  """

[2026-04-15T16:18:24.902+0000] {warnings.py:112} WARNING - /home/***/.local/lib/python3.12/site-packages/azure/synapse/artifacts/models/_models_py3.py:36915: SyntaxWarning: invalid escape sequence '\d'
  """A copy activity Magento server source.

[2026-04-15T16:18:24.903+0000] {warnings.py:112} WARNING - /home/***/.local/lib/python3.12/site-packages/azure/synapse/artifacts/models/_models_py3.py:36971: SyntaxWarning: invalid escape sequence '\d'
  """

[2026-04-15T16:18:24.905+0000] {warnings.py:112} WARNING - /home/***/.local/lib/python3.12/site-packages/azure/synapse/artifacts/models/_models_py3.py:37417: SyntaxWarning: invalid escape sequence '\d'
  """A copy activity MariaDB server source.

[2026-04-15T16:18:24.906+0000] {warnings.py:112} WARNING - /home/***/.local/lib/python3.12/site-packages/azure/synapse/artifacts/models/_models_py3.py:37473: SyntaxWarning: invalid escape sequence '\d'
  """

[2026-04-15T16:18:24.907+0000] {warnings.py:112} WARNING - /home/***/.local/lib/python3.12/site-packages/azure/synapse/artifacts/models/_models_py3.py:37845: SyntaxWarning: invalid escape sequence '\d'
  """A copy activity Marketo server source.

[2026-04-15T16:18:24.908+0000] {warnings.py:112} WARNING - /home/***/.local/lib/python3.12/site-packages/azure/synapse/artifacts/models/_models_py3.py:37901: SyntaxWarning: invalid escape sequence '\d'
  """

[2026-04-15T16:18:24.909+0000] {warnings.py:112} WARNING - /home/***/.local/lib/python3.12/site-packages/azure/synapse/artifacts/models/_models_py3.py:38208: SyntaxWarning: invalid escape sequence '\d'
  """A copy activity Microsoft Access sink.

[2026-04-15T16:18:24.910+0000] {warnings.py:112} WARNING - /home/***/.local/lib/python3.12/site-packages/azure/synapse/artifacts/models/_models_py3.py:38264: SyntaxWarning: invalid escape sequence '\d'
  """

[2026-04-15T16:18:24.910+0000] {warnings.py:112} WARNING - /home/***/.local/lib/python3.12/site-packages/azure/synapse/artifacts/models/_models_py3.py:38301: SyntaxWarning: invalid escape sequence '\d'
  """A copy activity source for Microsoft Access.

[2026-04-15T16:18:24.911+0000] {warnings.py:112} WARNING - /home/***/.local/lib/python3.12/site-packages/azure/synapse/artifacts/models/_models_py3.py:38351: SyntaxWarning: invalid escape sequence '\d'
  """

[2026-04-15T16:18:24.912+0000] {warnings.py:112} WARNING - /home/***/.local/lib/python3.12/site-packages/azure/synapse/artifacts/models/_models_py3.py:38690: SyntaxWarning: invalid escape sequence '\d'
  """A copy activity source for a MongoDB Atlas database.

[2026-04-15T16:18:24.913+0000] {warnings.py:112} WARNING - /home/***/.local/lib/python3.12/site-packages/azure/synapse/artifacts/models/_models_py3.py:38758: SyntaxWarning: invalid escape sequence '\d'
  """

[2026-04-15T16:18:24.914+0000] {warnings.py:112} WARNING - /home/***/.local/lib/python3.12/site-packages/azure/synapse/artifacts/models/_models_py3.py:39141: SyntaxWarning: invalid escape sequence '\d'
  """A copy activity source for a MongoDB database.

[2026-04-15T16:18:24.915+0000] {warnings.py:112} WARNING - /home/***/.local/lib/python3.12/site-packages/azure/synapse/artifacts/models/_models_py3.py:39192: SyntaxWarning: invalid escape sequence '\d'
  """

[2026-04-15T16:18:24.916+0000] {warnings.py:112} WARNING - /home/***/.local/lib/python3.12/site-packages/azure/synapse/artifacts/models/_models_py3.py:39419: SyntaxWarning: invalid escape sequence '\d'
  """A copy activity source for a MongoDB database.

[2026-04-15T16:18:24.917+0000] {warnings.py:112} WARNING - /home/***/.local/lib/python3.12/site-packages/azure/synapse/artifacts/models/_models_py3.py:39487: SyntaxWarning: invalid escape sequence '\d'
  """

[2026-04-15T16:18:24.918+0000] {warnings.py:112} WARNING - /home/***/.local/lib/python3.12/site-packages/azure/synapse/artifacts/models/_models_py3.py:39683: SyntaxWarning: invalid escape sequence '\d'
  """A copy activity source for MySQL databases.

[2026-04-15T16:18:24.919+0000] {warnings.py:112} WARNING - /home/***/.local/lib/python3.12/site-packages/azure/synapse/artifacts/models/_models_py3.py:39738: SyntaxWarning: invalid escape sequence '\d'
  """

[2026-04-15T16:18:24.920+0000] {warnings.py:112} WARNING - /home/***/.local/lib/python3.12/site-packages/azure/synapse/artifacts/models/_models_py3.py:40019: SyntaxWarning: invalid escape sequence '\d'
  """A copy activity Netezza source.

[2026-04-15T16:18:24.921+0000] {warnings.py:112} WARNING - /home/***/.local/lib/python3.12/site-packages/azure/synapse/artifacts/models/_models_py3.py:40084: SyntaxWarning: invalid escape sequence '\d'
  """

[2026-04-15T16:18:24.923+0000] {warnings.py:112} WARNING - /home/***/.local/lib/python3.12/site-packages/azure/synapse/artifacts/models/_models_py3.py:41138: SyntaxWarning: invalid escape sequence '\d'
  """A copy activity source for OData source.

[2026-04-15T16:18:24.924+0000] {warnings.py:112} WARNING - /home/***/.local/lib/python3.12/site-packages/azure/synapse/artifacts/models/_models_py3.py:41196: SyntaxWarning: invalid escape sequence '\d'
  """

[2026-04-15T16:18:24.925+0000] {warnings.py:112} WARNING - /home/***/.local/lib/python3.12/site-packages/azure/synapse/artifacts/models/_models_py3.py:41359: SyntaxWarning: invalid escape sequence '\d'
  """A copy activity ODBC sink.

[2026-04-15T16:18:24.926+0000] {warnings.py:112} WARNING - /home/***/.local/lib/python3.12/site-packages/azure/synapse/artifacts/models/_models_py3.py:41415: SyntaxWarning: invalid escape sequence '\d'
  """

[2026-04-15T16:18:24.926+0000] {warnings.py:112} WARNING - /home/***/.local/lib/python3.12/site-packages/azure/synapse/artifacts/models/_models_py3.py:41452: SyntaxWarning: invalid escape sequence '\d'
  """A copy activity source for ODBC databases.

[2026-04-15T16:18:24.927+0000] {warnings.py:112} WARNING - /home/***/.local/lib/python3.12/site-packages/azure/synapse/artifacts/models/_models_py3.py:41507: SyntaxWarning: invalid escape sequence '\d'
  """

[2026-04-15T16:18:24.928+0000] {warnings.py:112} WARNING - /home/***/.local/lib/python3.12/site-packages/azure/synapse/artifacts/models/_models_py3.py:41875: SyntaxWarning: invalid escape sequence '\d'
  """A copy activity source for an Office 365 service.

[2026-04-15T16:18:24.929+0000] {warnings.py:112} WARNING - /home/***/.local/lib/python3.12/site-packages/azure/synapse/artifacts/models/_models_py3.py:41947: SyntaxWarning: invalid escape sequence '\d'
  """

[2026-04-15T16:18:24.941+0000] {warnings.py:112} WARNING - /home/***/.local/lib/python3.12/site-packages/azure/synapse/artifacts/models/_models_py3.py:42441: SyntaxWarning: invalid escape sequence '\d'
  """A copy activity Oracle Service Cloud source.

[2026-04-15T16:18:24.942+0000] {warnings.py:112} WARNING - /home/***/.local/lib/python3.12/site-packages/azure/synapse/artifacts/models/_models_py3.py:42497: SyntaxWarning: invalid escape sequence '\d'
  """

[2026-04-15T16:18:24.944+0000] {warnings.py:112} WARNING - /home/***/.local/lib/python3.12/site-packages/azure/synapse/artifacts/models/_models_py3.py:42534: SyntaxWarning: invalid escape sequence '\d'
  """A copy activity Oracle sink.

[2026-04-15T16:18:24.945+0000] {warnings.py:112} WARNING - /home/***/.local/lib/python3.12/site-packages/azure/synapse/artifacts/models/_models_py3.py:42590: SyntaxWarning: invalid escape sequence '\d'
  """

[2026-04-15T16:18:24.945+0000] {warnings.py:112} WARNING - /home/***/.local/lib/python3.12/site-packages/azure/synapse/artifacts/models/_models_py3.py:42627: SyntaxWarning: invalid escape sequence '\d'
  """A copy activity Oracle source.

[2026-04-15T16:18:24.946+0000] {warnings.py:112} WARNING - /home/***/.local/lib/python3.12/site-packages/azure/synapse/artifacts/models/_models_py3.py:42692: SyntaxWarning: invalid escape sequence '\d'
  """

[2026-04-15T16:18:24.948+0000] {warnings.py:112} WARNING - /home/***/.local/lib/python3.12/site-packages/azure/synapse/artifacts/models/_models_py3.py:43020: SyntaxWarning: invalid escape sequence '\d'
  """A copy activity ORC sink.

[2026-04-15T16:18:24.949+0000] {warnings.py:112} WARNING - /home/***/.local/lib/python3.12/site-packages/azure/synapse/artifacts/models/_models_py3.py:43079: SyntaxWarning: invalid escape sequence '\d'
  """

[2026-04-15T16:18:24.950+0000] {warnings.py:112} WARNING - /home/***/.local/lib/python3.12/site-packages/azure/synapse/artifacts/models/_models_py3.py:43118: SyntaxWarning: invalid escape sequence '\d'
  """A copy activity ORC source.

[2026-04-15T16:18:24.951+0000] {warnings.py:112} WARNING - /home/***/.local/lib/python3.12/site-packages/azure/synapse/artifacts/models/_models_py3.py:43168: SyntaxWarning: invalid escape sequence '\d'
  """

[2026-04-15T16:18:24.953+0000] {warnings.py:112} WARNING - /home/***/.local/lib/python3.12/site-packages/azure/synapse/artifacts/models/_models_py3.py:43514: SyntaxWarning: invalid escape sequence '\d'
  """A copy activity Parquet sink.

[2026-04-15T16:18:24.954+0000] {warnings.py:112} WARNING - /home/***/.local/lib/python3.12/site-packages/azure/synapse/artifacts/models/_models_py3.py:43573: SyntaxWarning: invalid escape sequence '\d'
  """

[2026-04-15T16:18:24.955+0000] {warnings.py:112} WARNING - /home/***/.local/lib/python3.12/site-packages/azure/synapse/artifacts/models/_models_py3.py:43612: SyntaxWarning: invalid escape sequence '\d'
  """A copy activity Parquet source.

[2026-04-15T16:18:24.956+0000] {warnings.py:112} WARNING - /home/***/.local/lib/python3.12/site-packages/azure/synapse/artifacts/models/_models_py3.py:43666: SyntaxWarning: invalid escape sequence '\d'
  """

[2026-04-15T16:18:24.957+0000] {warnings.py:112} WARNING - /home/***/.local/lib/python3.12/site-packages/azure/synapse/artifacts/models/_models_py3.py:43989: SyntaxWarning: invalid escape sequence '\d'
  """A copy activity Paypal Service source.

[2026-04-15T16:18:24.958+0000] {warnings.py:112} WARNING - /home/***/.local/lib/python3.12/site-packages/azure/synapse/artifacts/models/_models_py3.py:44045: SyntaxWarning: invalid escape sequence '\d'
  """

[2026-04-15T16:18:24.959+0000] {warnings.py:112} WARNING - /home/***/.local/lib/python3.12/site-packages/azure/synapse/artifacts/models/_models_py3.py:44386: SyntaxWarning: invalid escape sequence '\d'
  """A copy activity Phoenix server source.

[2026-04-15T16:18:24.960+0000] {warnings.py:112} WARNING - /home/***/.local/lib/python3.12/site-packages/azure/synapse/artifacts/models/_models_py3.py:44442: SyntaxWarning: invalid escape sequence '\d'
  """

[2026-04-15T16:18:24.965+0000] {warnings.py:112} WARNING - /home/***/.local/lib/python3.12/site-packages/azure/synapse/artifacts/models/_models_py3.py:45003: SyntaxWarning: invalid escape sequence '\d'
  """A copy activity source for PostgreSQL databases.

[2026-04-15T16:18:24.966+0000] {warnings.py:112} WARNING - /home/***/.local/lib/python3.12/site-packages/azure/synapse/artifacts/models/_models_py3.py:45058: SyntaxWarning: invalid escape sequence '\d'
  """

[2026-04-15T16:18:24.967+0000] {warnings.py:112} WARNING - /home/***/.local/lib/python3.12/site-packages/azure/synapse/artifacts/models/_models_py3.py:45444: SyntaxWarning: invalid escape sequence '\d'
  """A copy activity source for PostgreSQL databases.

[2026-04-15T16:18:24.968+0000] {warnings.py:112} WARNING - /home/***/.local/lib/python3.12/site-packages/azure/synapse/artifacts/models/_models_py3.py:45499: SyntaxWarning: invalid escape sequence '\d'
  """

[2026-04-15T16:18:24.970+0000] {warnings.py:112} WARNING - /home/***/.local/lib/python3.12/site-packages/azure/synapse/artifacts/models/_models_py3.py:46042: SyntaxWarning: invalid escape sequence '\d'
  """A copy activity Presto server source.

[2026-04-15T16:18:24.971+0000] {warnings.py:112} WARNING - /home/***/.local/lib/python3.12/site-packages/azure/synapse/artifacts/models/_models_py3.py:46098: SyntaxWarning: invalid escape sequence '\d'
  """

[2026-04-15T16:18:24.973+0000] {warnings.py:112} WARNING - /home/***/.local/lib/python3.12/site-packages/azure/synapse/artifacts/models/_models_py3.py:46702: SyntaxWarning: invalid escape sequence '\d'
  """A copy activity QuickBooks server source.

[2026-04-15T16:18:24.974+0000] {warnings.py:112} WARNING - /home/***/.local/lib/python3.12/site-packages/azure/synapse/artifacts/models/_models_py3.py:46758: SyntaxWarning: invalid escape sequence '\d'
  """

[2026-04-15T16:18:24.975+0000] {warnings.py:112} WARNING - /home/***/.local/lib/python3.12/site-packages/azure/synapse/artifacts/models/_models_py3.py:47000: SyntaxWarning: invalid escape sequence '\d'
  """A copy activity source for various relational databases.

[2026-04-15T16:18:24.976+0000] {warnings.py:112} WARNING - /home/***/.local/lib/python3.12/site-packages/azure/synapse/artifacts/models/_models_py3.py:47050: SyntaxWarning: invalid escape sequence '\d'
  """

[2026-04-15T16:18:24.978+0000] {warnings.py:112} WARNING - /home/***/.local/lib/python3.12/site-packages/azure/synapse/artifacts/models/_models_py3.py:47648: SyntaxWarning: invalid escape sequence '\d'
  """A copy activity Responsys source.

[2026-04-15T16:18:24.980+0000] {warnings.py:112} WARNING - /home/***/.local/lib/python3.12/site-packages/azure/synapse/artifacts/models/_models_py3.py:47704: SyntaxWarning: invalid escape sequence '\d'
  """

[2026-04-15T16:18:24.982+0000] {warnings.py:112} WARNING - /home/***/.local/lib/python3.12/site-packages/azure/synapse/artifacts/models/_models_py3.py:48113: SyntaxWarning: invalid escape sequence '\d'
  """A copy activity Rest service Sink.

[2026-04-15T16:18:24.983+0000] {warnings.py:112} WARNING - /home/***/.local/lib/python3.12/site-packages/azure/synapse/artifacts/models/_models_py3.py:48190: SyntaxWarning: invalid escape sequence '\d'
  """

[2026-04-15T16:18:24.984+0000] {warnings.py:112} WARNING - /home/***/.local/lib/python3.12/site-packages/azure/synapse/artifacts/models/_models_py3.py:48244: SyntaxWarning: invalid escape sequence '\d'
  """A copy activity Rest service source.

[2026-04-15T16:18:24.986+0000] {warnings.py:112} WARNING - /home/***/.local/lib/python3.12/site-packages/azure/synapse/artifacts/models/_models_py3.py:48321: SyntaxWarning: invalid escape sequence '\d'
  """

[2026-04-15T16:18:24.991+0000] {warnings.py:112} WARNING - /home/***/.local/lib/python3.12/site-packages/azure/synapse/artifacts/models/_models_py3.py:49499: SyntaxWarning: invalid escape sequence '\d'
  """A copy activity Salesforce Marketing Cloud source.

[2026-04-15T16:18:24.992+0000] {warnings.py:112} WARNING - /home/***/.local/lib/python3.12/site-packages/azure/synapse/artifacts/models/_models_py3.py:49555: SyntaxWarning: invalid escape sequence '\d'
  """

[2026-04-15T16:18:24.993+0000] {warnings.py:112} WARNING - /home/***/.local/lib/python3.12/site-packages/azure/synapse/artifacts/models/_models_py3.py:49932: SyntaxWarning: invalid escape sequence '\d'
  """A copy activity Salesforce Service Cloud sink.

[2026-04-15T16:18:24.995+0000] {warnings.py:112} WARNING - /home/***/.local/lib/python3.12/site-packages/azure/synapse/artifacts/models/_models_py3.py:50002: SyntaxWarning: invalid escape sequence '\d'
  """

[2026-04-15T16:18:24.996+0000] {warnings.py:112} WARNING - /home/***/.local/lib/python3.12/site-packages/azure/synapse/artifacts/models/_models_py3.py:50052: SyntaxWarning: invalid escape sequence '\d'
  """A copy activity Salesforce Service Cloud source.

[2026-04-15T16:18:24.997+0000] {warnings.py:112} WARNING - /home/***/.local/lib/python3.12/site-packages/azure/synapse/artifacts/models/_models_py3.py:50107: SyntaxWarning: invalid escape sequence '\d'
  """

[2026-04-15T16:18:24.998+0000] {warnings.py:112} WARNING - /home/***/.local/lib/python3.12/site-packages/azure/synapse/artifacts/models/_models_py3.py:50379: SyntaxWarning: invalid escape sequence '\d'
  """A copy activity Salesforce Service Cloud V2 sink.

[2026-04-15T16:18:24.999+0000] {warnings.py:112} WARNING - /home/***/.local/lib/python3.12/site-packages/azure/synapse/artifacts/models/_models_py3.py:50449: SyntaxWarning: invalid escape sequence '\d'
  """

[2026-04-15T16:18:25.000+0000] {warnings.py:112} WARNING - /home/***/.local/lib/python3.12/site-packages/azure/synapse/artifacts/models/_models_py3.py:50499: SyntaxWarning: invalid escape sequence '\d'
  """A copy activity Salesforce Service Cloud V2 source.

[2026-04-15T16:18:25.003+0000] {warnings.py:112} WARNING - /home/***/.local/lib/python3.12/site-packages/azure/synapse/artifacts/models/_models_py3.py:50554: SyntaxWarning: invalid escape sequence '\d'
  """

[2026-04-15T16:18:25.004+0000] {warnings.py:112} WARNING - /home/***/.local/lib/python3.12/site-packages/azure/synapse/artifacts/models/_models_py3.py:50590: SyntaxWarning: invalid escape sequence '\d'
  """A copy activity Salesforce sink.

[2026-04-15T16:18:25.005+0000] {warnings.py:112} WARNING - /home/***/.local/lib/python3.12/site-packages/azure/synapse/artifacts/models/_models_py3.py:50660: SyntaxWarning: invalid escape sequence '\d'
  """

[2026-04-15T16:18:25.006+0000] {warnings.py:112} WARNING - /home/***/.local/lib/python3.12/site-packages/azure/synapse/artifacts/models/_models_py3.py:50710: SyntaxWarning: invalid escape sequence '\d'
  """A copy activity Salesforce source.

[2026-04-15T16:18:25.007+0000] {warnings.py:112} WARNING - /home/***/.local/lib/python3.12/site-packages/azure/synapse/artifacts/models/_models_py3.py:50770: SyntaxWarning: invalid escape sequence '\d'
  """

[2026-04-15T16:18:25.008+0000] {warnings.py:112} WARNING - /home/***/.local/lib/python3.12/site-packages/azure/synapse/artifacts/models/_models_py3.py:51046: SyntaxWarning: invalid escape sequence '\d'
  """A copy activity Salesforce V2 sink.

[2026-04-15T16:18:25.009+0000] {warnings.py:112} WARNING - /home/***/.local/lib/python3.12/site-packages/azure/synapse/artifacts/models/_models_py3.py:51116: SyntaxWarning: invalid escape sequence '\d'
  """

[2026-04-15T16:18:25.009+0000] {warnings.py:112} WARNING - /home/***/.local/lib/python3.12/site-packages/azure/synapse/artifacts/models/_models_py3.py:51166: SyntaxWarning: invalid escape sequence '\d'
  """A copy activity Salesforce V2 source.

[2026-04-15T16:18:25.010+0000] {warnings.py:112} WARNING - /home/***/.local/lib/python3.12/site-packages/azure/synapse/artifacts/models/_models_py3.py:51226: SyntaxWarning: invalid escape sequence '\d'
  """

[2026-04-15T16:18:25.012+0000] {warnings.py:112} WARNING - /home/***/.local/lib/python3.12/site-packages/azure/synapse/artifacts/models/_models_py3.py:51485: SyntaxWarning: invalid escape sequence '\d'
  """A copy activity source for SapBW server via MDX.

[2026-04-15T16:18:25.013+0000] {warnings.py:112} WARNING - /home/***/.local/lib/python3.12/site-packages/azure/synapse/artifacts/models/_models_py3.py:51540: SyntaxWarning: invalid escape sequence '\d'
  """

[2026-04-15T16:18:25.014+0000] {warnings.py:112} WARNING - /home/***/.local/lib/python3.12/site-packages/azure/synapse/artifacts/models/_models_py3.py:51787: SyntaxWarning: invalid escape sequence '\d'
  """A copy activity SAP Cloud for Customer sink.

[2026-04-15T16:18:25.015+0000] {warnings.py:112} WARNING - /home/***/.local/lib/python3.12/site-packages/azure/synapse/artifacts/models/_models_py3.py:51851: SyntaxWarning: invalid escape sequence '\d'
  """

[2026-04-15T16:18:25.015+0000] {warnings.py:112} WARNING - /home/***/.local/lib/python3.12/site-packages/azure/synapse/artifacts/models/_models_py3.py:51895: SyntaxWarning: invalid escape sequence '\d'
  """A copy activity source for SAP Cloud for Customer source.

[2026-04-15T16:18:25.017+0000] {warnings.py:112} WARNING - /home/***/.local/lib/python3.12/site-packages/azure/synapse/artifacts/models/_models_py3.py:51958: SyntaxWarning: invalid escape sequence '\d'
  """

[2026-04-15T16:18:25.018+0000] {warnings.py:112} WARNING - /home/***/.local/lib/python3.12/site-packages/azure/synapse/artifacts/models/_models_py3.py:52212: SyntaxWarning: invalid escape sequence '\d'
  """A copy activity source for SAP ECC source.

[2026-04-15T16:18:25.019+0000] {warnings.py:112} WARNING - /home/***/.local/lib/python3.12/site-packages/azure/synapse/artifacts/models/_models_py3.py:52275: SyntaxWarning: invalid escape sequence '\d'
  """

[2026-04-15T16:18:25.021+0000] {warnings.py:112} WARNING - /home/***/.local/lib/python3.12/site-packages/azure/synapse/artifacts/models/_models_py3.py:52463: SyntaxWarning: invalid escape sequence '\d'
  """A copy activity source for SAP HANA source.

[2026-04-15T16:18:25.022+0000] {warnings.py:112} WARNING - /home/***/.local/lib/python3.12/site-packages/azure/synapse/artifacts/models/_models_py3.py:52532: SyntaxWarning: invalid escape sequence '\d'
  """

[2026-04-15T16:18:25.024+0000] {warnings.py:112} WARNING - /home/***/.local/lib/python3.12/site-packages/azure/synapse/artifacts/models/_models_py3.py:53040: SyntaxWarning: invalid escape sequence '\d'
  """A copy activity source for SAP ODP source.

[2026-04-15T16:18:25.025+0000] {warnings.py:112} WARNING - /home/***/.local/lib/python3.12/site-packages/azure/synapse/artifacts/models/_models_py3.py:53111: SyntaxWarning: invalid escape sequence '\d'
  """

[2026-04-15T16:18:25.027+0000] {warnings.py:112} WARNING - /home/***/.local/lib/python3.12/site-packages/azure/synapse/artifacts/models/_models_py3.py:53334: SyntaxWarning: invalid escape sequence '\d'
  """A copy activity source for SAP Business Warehouse Open Hub Destination source.

[2026-04-15T16:18:25.028+0000] {warnings.py:112} WARNING - /home/***/.local/lib/python3.12/site-packages/azure/synapse/artifacts/models/_models_py3.py:53407: SyntaxWarning: invalid escape sequence '\d'
  """

[2026-04-15T16:18:25.030+0000] {warnings.py:112} WARNING - /home/***/.local/lib/python3.12/site-packages/azure/synapse/artifacts/models/_models_py3.py:53961: SyntaxWarning: invalid escape sequence '\d'
  """A copy activity source for SAP Table source.

[2026-04-15T16:18:25.031+0000] {warnings.py:112} WARNING - /home/***/.local/lib/python3.12/site-packages/azure/synapse/artifacts/models/_models_py3.py:54059: SyntaxWarning: invalid escape sequence '\d'
  """

[2026-04-15T16:18:25.032+0000] {warnings.py:112} WARNING - /home/***/.local/lib/python3.12/site-packages/azure/synapse/artifacts/models/_models_py3.py:54322: SyntaxWarning: invalid escape sequence '\d'
  """Script activity type.

[2026-04-15T16:18:25.033+0000] {warnings.py:112} WARNING - /home/***/.local/lib/python3.12/site-packages/azure/synapse/artifacts/models/_models_py3.py:54398: SyntaxWarning: invalid escape sequence '\d'
  """

[2026-04-15T16:18:25.035+0000] {warnings.py:112} WARNING - /home/***/.local/lib/python3.12/site-packages/azure/synapse/artifacts/models/_models_py3.py:55022: SyntaxWarning: invalid escape sequence '\d'
  """A copy activity ServiceNow server source.

[2026-04-15T16:18:25.036+0000] {warnings.py:112} WARNING - /home/***/.local/lib/python3.12/site-packages/azure/synapse/artifacts/models/_models_py3.py:55078: SyntaxWarning: invalid escape sequence '\d'
  """

[2026-04-15T16:18:25.037+0000] {warnings.py:112} WARNING - /home/***/.local/lib/python3.12/site-packages/azure/synapse/artifacts/models/_models_py3.py:55310: SyntaxWarning: invalid escape sequence '\d'
  """A copy activity ServiceNowV2 server source.

[2026-04-15T16:18:25.037+0000] {warnings.py:112} WARNING - /home/***/.local/lib/python3.12/site-packages/azure/synapse/artifacts/models/_models_py3.py:55365: SyntaxWarning: invalid escape sequence '\d'
  """

[2026-04-15T16:18:25.040+0000] {warnings.py:112} WARNING - /home/***/.local/lib/python3.12/site-packages/azure/synapse/artifacts/models/_models_py3.py:56196: SyntaxWarning: invalid escape sequence '\d'
  """A copy activity source for sharePoint online list source.

[2026-04-15T16:18:25.043+0000] {warnings.py:112} WARNING - /home/***/.local/lib/python3.12/site-packages/azure/synapse/artifacts/models/_models_py3.py:56248: SyntaxWarning: invalid escape sequence '\d'
  """

[2026-04-15T16:18:25.044+0000] {warnings.py:112} WARNING - /home/***/.local/lib/python3.12/site-packages/azure/synapse/artifacts/models/_models_py3.py:56508: SyntaxWarning: invalid escape sequence '\d'
  """A copy activity Shopify Service source.

[2026-04-15T16:18:25.045+0000] {warnings.py:112} WARNING - /home/***/.local/lib/python3.12/site-packages/azure/synapse/artifacts/models/_models_py3.py:56564: SyntaxWarning: invalid escape sequence '\d'
  """

[2026-04-15T16:18:25.046+0000] {warnings.py:112} WARNING - /home/***/.local/lib/python3.12/site-packages/azure/synapse/artifacts/models/_models_py3.py:57087: SyntaxWarning: invalid escape sequence '\d'
  """A copy activity snowflake sink.

[2026-04-15T16:18:25.047+0000] {warnings.py:112} WARNING - /home/***/.local/lib/python3.12/site-packages/azure/synapse/artifacts/models/_models_py3.py:57147: SyntaxWarning: invalid escape sequence '\d'
  """

[2026-04-15T16:18:25.047+0000] {warnings.py:112} WARNING - /home/***/.local/lib/python3.12/site-packages/azure/synapse/artifacts/models/_models_py3.py:57187: SyntaxWarning: invalid escape sequence '\d'
  """A copy activity snowflake source.

[2026-04-15T16:18:25.048+0000] {warnings.py:112} WARNING - /home/***/.local/lib/python3.12/site-packages/azure/synapse/artifacts/models/_models_py3.py:57237: SyntaxWarning: invalid escape sequence '\d'
  """

[2026-04-15T16:18:25.049+0000] {warnings.py:112} WARNING - /home/***/.local/lib/python3.12/site-packages/azure/synapse/artifacts/models/_models_py3.py:57560: SyntaxWarning: invalid escape sequence '\d'
  """A copy activity snowflake sink.

[2026-04-15T16:18:25.049+0000] {warnings.py:112} WARNING - /home/***/.local/lib/python3.12/site-packages/azure/synapse/artifacts/models/_models_py3.py:57620: SyntaxWarning: invalid escape sequence '\d'
  """

[2026-04-15T16:18:25.050+0000] {warnings.py:112} WARNING - /home/***/.local/lib/python3.12/site-packages/azure/synapse/artifacts/models/_models_py3.py:57660: SyntaxWarning: invalid escape sequence '\d'
  """A copy activity snowflake source.

[2026-04-15T16:18:25.051+0000] {warnings.py:112} WARNING - /home/***/.local/lib/python3.12/site-packages/azure/synapse/artifacts/models/_models_py3.py:57710: SyntaxWarning: invalid escape sequence '\d'
  """

[2026-04-15T16:18:25.054+0000] {warnings.py:112} WARNING - /home/***/.local/lib/python3.12/site-packages/azure/synapse/artifacts/models/_models_py3.py:59106: SyntaxWarning: invalid escape sequence '\d'
  """A copy activity Spark Server source.

[2026-04-15T16:18:25.055+0000] {warnings.py:112} WARNING - /home/***/.local/lib/python3.12/site-packages/azure/synapse/artifacts/models/_models_py3.py:59162: SyntaxWarning: invalid escape sequence '\d'
  """

[2026-04-15T16:18:25.055+0000] {warnings.py:112} WARNING - /home/***/.local/lib/python3.12/site-packages/azure/synapse/artifacts/models/_models_py3.py:59316: SyntaxWarning: invalid escape sequence '\d'
  """A copy activity SQL Data Warehouse sink.

[2026-04-15T16:18:25.056+0000] {warnings.py:112} WARNING - /home/***/.local/lib/python3.12/site-packages/azure/synapse/artifacts/models/_models_py3.py:59396: SyntaxWarning: invalid escape sequence '\d'
  """

[2026-04-15T16:18:25.056+0000] {warnings.py:112} WARNING - /home/***/.local/lib/python3.12/site-packages/azure/synapse/artifacts/models/_models_py3.py:59452: SyntaxWarning: invalid escape sequence '\d'
  """A copy activity SQL Data Warehouse source.

[2026-04-15T16:18:25.057+0000] {warnings.py:112} WARNING - /home/***/.local/lib/python3.12/site-packages/azure/synapse/artifacts/models/_models_py3.py:59535: SyntaxWarning: invalid escape sequence '\d'
  """

[2026-04-15T16:18:25.058+0000] {warnings.py:112} WARNING - /home/***/.local/lib/python3.12/site-packages/azure/synapse/artifacts/models/_models_py3.py:59594: SyntaxWarning: invalid escape sequence '\d'
  """A copy activity Azure SQL Managed Instance sink.

[2026-04-15T16:18:25.058+0000] {warnings.py:112} WARNING - /home/***/.local/lib/python3.12/site-packages/azure/synapse/artifacts/models/_models_py3.py:59677: SyntaxWarning: invalid escape sequence '\d'
  """

[2026-04-15T16:18:25.059+0000] {warnings.py:112} WARNING - /home/***/.local/lib/python3.12/site-packages/azure/synapse/artifacts/models/_models_py3.py:59733: SyntaxWarning: invalid escape sequence '\d'
  """A copy activity Azure SQL Managed Instance source.

[2026-04-15T16:18:25.059+0000] {warnings.py:112} WARNING - /home/***/.local/lib/python3.12/site-packages/azure/synapse/artifacts/models/_models_py3.py:59818: SyntaxWarning: invalid escape sequence '\d'
  """

[2026-04-15T16:18:25.061+0000] {warnings.py:112} WARNING - /home/***/.local/lib/python3.12/site-packages/azure/synapse/artifacts/models/_models_py3.py:60639: SyntaxWarning: invalid escape sequence '\d'
  """A copy activity SQL server sink.

[2026-04-15T16:18:25.062+0000] {warnings.py:112} WARNING - /home/***/.local/lib/python3.12/site-packages/azure/synapse/artifacts/models/_models_py3.py:60722: SyntaxWarning: invalid escape sequence '\d'
  """

[2026-04-15T16:18:25.063+0000] {warnings.py:112} WARNING - /home/***/.local/lib/python3.12/site-packages/azure/synapse/artifacts/models/_models_py3.py:60778: SyntaxWarning: invalid escape sequence '\d'
  """A copy activity SQL server source.

[2026-04-15T16:18:25.063+0000] {warnings.py:112} WARNING - /home/***/.local/lib/python3.12/site-packages/azure/synapse/artifacts/models/_models_py3.py:60863: SyntaxWarning: invalid escape sequence '\d'
  """

[2026-04-15T16:18:25.064+0000] {warnings.py:112} WARNING - /home/***/.local/lib/python3.12/site-packages/azure/synapse/artifacts/models/_models_py3.py:61167: SyntaxWarning: invalid escape sequence '\d'
  """A copy activity SQL sink.

[2026-04-15T16:18:25.065+0000] {warnings.py:112} WARNING - /home/***/.local/lib/python3.12/site-packages/azure/synapse/artifacts/models/_models_py3.py:61250: SyntaxWarning: invalid escape sequence '\d'
  """

[2026-04-15T16:18:25.065+0000] {warnings.py:112} WARNING - /home/***/.local/lib/python3.12/site-packages/azure/synapse/artifacts/models/_models_py3.py:61306: SyntaxWarning: invalid escape sequence '\d'
  """A copy activity SQL source.

[2026-04-15T16:18:25.066+0000] {warnings.py:112} WARNING - /home/***/.local/lib/python3.12/site-packages/azure/synapse/artifacts/models/_models_py3.py:61387: SyntaxWarning: invalid escape sequence '\d'
  """

[2026-04-15T16:18:25.067+0000] {warnings.py:112} WARNING - /home/***/.local/lib/python3.12/site-packages/azure/synapse/artifacts/models/_models_py3.py:61696: SyntaxWarning: invalid escape sequence '\d'
  """A copy activity Square Service source.

[2026-04-15T16:18:25.067+0000] {warnings.py:112} WARNING - /home/***/.local/lib/python3.12/site-packages/azure/synapse/artifacts/models/_models_py3.py:61752: SyntaxWarning: invalid escape sequence '\d'
  """

[2026-04-15T16:18:25.068+0000] {warnings.py:112} WARNING - /home/***/.local/lib/python3.12/site-packages/azure/synapse/artifacts/models/_models_py3.py:61954: SyntaxWarning: invalid escape sequence '\d'
  """SSIS package execution log location.

[2026-04-15T16:18:25.069+0000] {warnings.py:112} WARNING - /home/***/.local/lib/python3.12/site-packages/azure/synapse/artifacts/models/_models_py3.py:61992: SyntaxWarning: invalid escape sequence '\d'
  """

[2026-04-15T16:18:25.070+0000] {warnings.py:112} WARNING - /home/***/.local/lib/python3.12/site-packages/azure/synapse/artifacts/models/_models_py3.py:62660: SyntaxWarning: invalid escape sequence '\d'
  """A copy activity source for Sybase databases.

[2026-04-15T16:18:25.071+0000] {warnings.py:112} WARNING - /home/***/.local/lib/python3.12/site-packages/azure/synapse/artifacts/models/_models_py3.py:62715: SyntaxWarning: invalid escape sequence '\d'
  """

[2026-04-15T16:18:25.074+0000] {warnings.py:112} WARNING - /home/***/.local/lib/python3.12/site-packages/azure/synapse/artifacts/models/_models_py3.py:63882: SyntaxWarning: invalid escape sequence '\d'
  """A copy activity Teradata source.

[2026-04-15T16:18:25.075+0000] {warnings.py:112} WARNING - /home/***/.local/lib/python3.12/site-packages/azure/synapse/artifacts/models/_models_py3.py:63946: SyntaxWarning: invalid escape sequence '\d'
  """

[2026-04-15T16:18:25.078+0000] {warnings.py:112} WARNING - /home/***/.local/lib/python3.12/site-packages/azure/synapse/artifacts/models/_models_py3.py:64582: SyntaxWarning: invalid escape sequence '\d'
  """Trigger that schedules pipeline runs for all fixed time interval windows from a start time

[2026-04-15T16:18:25.079+0000] {warnings.py:112} WARNING - /home/***/.local/lib/python3.12/site-packages/azure/synapse/artifacts/models/_models_py3.py:64674: SyntaxWarning: invalid escape sequence '\d'
  """

[2026-04-15T16:18:25.080+0000] {warnings.py:112} WARNING - /home/***/.local/lib/python3.12/site-packages/azure/synapse/artifacts/models/_models_py3.py:64940: SyntaxWarning: invalid escape sequence '\d'
  """This activity executes inner activities until the specified boolean expression results to true

[2026-04-15T16:18:25.081+0000] {warnings.py:112} WARNING - /home/***/.local/lib/python3.12/site-packages/azure/synapse/artifacts/models/_models_py3.py:65014: SyntaxWarning: invalid escape sequence '\d'
  """

[2026-04-15T16:18:25.081+0000] {warnings.py:112} WARNING - /home/***/.local/lib/python3.12/site-packages/azure/synapse/artifacts/models/_models_py3.py:65117: SyntaxWarning: invalid escape sequence '\d'
  """This activity verifies that an external resource exists.

[2026-04-15T16:18:25.082+0000] {warnings.py:112} WARNING - /home/***/.local/lib/python3.12/site-packages/azure/synapse/artifacts/models/_models_py3.py:65199: SyntaxWarning: invalid escape sequence '\d'
  """

[2026-04-15T16:18:25.083+0000] {warnings.py:112} WARNING - /home/***/.local/lib/python3.12/site-packages/azure/synapse/artifacts/models/_models_py3.py:65385: SyntaxWarning: invalid escape sequence '\d'
  """A copy activity Vertica source.

[2026-04-15T16:18:25.083+0000] {warnings.py:112} WARNING - /home/***/.local/lib/python3.12/site-packages/azure/synapse/artifacts/models/_models_py3.py:65441: SyntaxWarning: invalid escape sequence '\d'
  """

[2026-04-15T16:18:25.085+0000] {warnings.py:112} WARNING - /home/***/.local/lib/python3.12/site-packages/azure/synapse/artifacts/models/_models_py3.py:65874: SyntaxWarning: invalid escape sequence '\d'
  """A copy activity Microsoft Fabric Warehouse sink.

[2026-04-15T16:18:25.085+0000] {warnings.py:112} WARNING - /home/***/.local/lib/python3.12/site-packages/azure/synapse/artifacts/models/_models_py3.py:65950: SyntaxWarning: invalid escape sequence '\d'
  """

[2026-04-15T16:18:25.086+0000] {warnings.py:112} WARNING - /home/***/.local/lib/python3.12/site-packages/azure/synapse/artifacts/models/_models_py3.py:66003: SyntaxWarning: invalid escape sequence '\d'
  """A copy activity Microsoft Fabric Warehouse source.

[2026-04-15T16:18:25.086+0000] {warnings.py:112} WARNING - /home/***/.local/lib/python3.12/site-packages/azure/synapse/artifacts/models/_models_py3.py:66087: SyntaxWarning: invalid escape sequence '\d'
  """

[2026-04-15T16:18:25.088+0000] {warnings.py:112} WARNING - /home/***/.local/lib/python3.12/site-packages/azure/synapse/artifacts/models/_models_py3.py:66686: SyntaxWarning: invalid escape sequence '\d'
  """WebHook activity.

[2026-04-15T16:18:25.089+0000] {warnings.py:112} WARNING - /home/***/.local/lib/python3.12/site-packages/azure/synapse/artifacts/models/_models_py3.py:66779: SyntaxWarning: invalid escape sequence '\d'
  """

[2026-04-15T16:18:25.090+0000] {warnings.py:112} WARNING - /home/***/.local/lib/python3.12/site-packages/azure/synapse/artifacts/models/_models_py3.py:66918: SyntaxWarning: invalid escape sequence '\d'
  """A copy activity source for web page table.

[2026-04-15T16:18:25.091+0000] {warnings.py:112} WARNING - /home/***/.local/lib/python3.12/site-packages/azure/synapse/artifacts/models/_models_py3.py:66964: SyntaxWarning: invalid escape sequence '\d'
  """

[2026-04-15T16:18:25.093+0000] {warnings.py:112} WARNING - /home/***/.local/lib/python3.12/site-packages/azure/synapse/artifacts/models/_models_py3.py:67735: SyntaxWarning: invalid escape sequence '\d'
  """A copy activity Xero Service source.

[2026-04-15T16:18:25.094+0000] {warnings.py:112} WARNING - /home/***/.local/lib/python3.12/site-packages/azure/synapse/artifacts/models/_models_py3.py:67791: SyntaxWarning: invalid escape sequence '\d'
  """

[2026-04-15T16:18:25.095+0000] {warnings.py:112} WARNING - /home/***/.local/lib/python3.12/site-packages/azure/synapse/artifacts/models/_models_py3.py:68043: SyntaxWarning: invalid escape sequence '\d'
  """A copy activity Xml source.

[2026-04-15T16:18:25.096+0000] {warnings.py:112} WARNING - /home/***/.local/lib/python3.12/site-packages/azure/synapse/artifacts/models/_models_py3.py:68097: SyntaxWarning: invalid escape sequence '\d'
  """

[2026-04-15T16:18:25.097+0000] {warnings.py:112} WARNING - /home/***/.local/lib/python3.12/site-packages/azure/synapse/artifacts/models/_models_py3.py:68532: SyntaxWarning: invalid escape sequence '\d'
  """A copy activity Zoho server source.

[2026-04-15T16:18:25.097+0000] {warnings.py:112} WARNING - /home/***/.local/lib/python3.12/site-packages/azure/synapse/artifacts/models/_models_py3.py:68588: SyntaxWarning: invalid escape sequence '\d'
  """

[2026-04-15T16:18:26.251+0000] {taskinstance.py:341} INFO - ::group::Post task execution logs
[2026-04-15T16:18:26.252+0000] {taskinstance.py:353} INFO - Marking task as SUCCESS. dag_id=kafka_producer, task_id=execute_update_layers, run_id=scheduled__2026-04-13T18:30:00+00:00, execution_date=20260413T183000, start_date=20260415T161821, end_date=20260415T161826
[2026-04-15T16:18:26.321+0000] {local_task_job_runner.py:266} INFO - Task exited with return code 0
[2026-04-15T16:18:26.341+0000] {taskinstance.py:3901} INFO - 0 downstream tasks scheduled from follow-on schedule check
[2026-04-15T16:18:26.345+0000] {local_task_job_runner.py:245} INFO - ::endgroup::
[2026-04-15T16:29:17.105+0000] {local_task_job_runner.py:123} INFO - ::group::Pre task execution logs
[2026-04-15T16:29:17.131+0000] {taskinstance.py:2614} INFO - Dependencies all met for dep_context=non-requeueable deps ti=<TaskInstance: kafka_producer.execute_update_layers scheduled__2026-04-13T18:30:00+00:00 [queued]>
[2026-04-15T16:29:17.143+0000] {taskinstance.py:2614} INFO - Dependencies all met for dep_context=requeueable deps ti=<TaskInstance: kafka_producer.execute_update_layers scheduled__2026-04-13T18:30:00+00:00 [queued]>
[2026-04-15T16:29:17.144+0000] {taskinstance.py:2867} INFO - Starting attempt 1 of 1
[2026-04-15T16:29:17.168+0000] {taskinstance.py:2890} INFO - Executing <Task(TriggerDagRunOperator): execute_update_layers> on 2026-04-13 18:30:00+00:00
[2026-04-15T16:29:17.181+0000] {warnings.py:112} WARNING - /home/***/.local/lib/python3.12/site-packages/***/task/task_runner/standard_task_runner.py:70: DeprecationWarning: This process (pid=55) is multi-threaded, use of fork() may lead to deadlocks in the child.
  pid = os.fork()

[2026-04-15T16:29:17.184+0000] {standard_task_runner.py:72} INFO - Started process 56 to run task
[2026-04-15T16:29:17.185+0000] {standard_task_runner.py:104} INFO - Running: ['***', 'tasks', 'run', 'kafka_producer', 'execute_update_layers', 'scheduled__2026-04-13T18:30:00+00:00', '--job-id', '3', '--raw', '--subdir', 'DAGS_FOLDER/kafka_load.py', '--cfg-path', '/tmp/tmpq6yig7qm']
[2026-04-15T16:29:17.188+0000] {standard_task_runner.py:105} INFO - Job 3: Subtask execute_update_layers
[2026-04-15T16:29:17.289+0000] {task_command.py:467} INFO - Running <TaskInstance: kafka_producer.execute_update_layers scheduled__2026-04-13T18:30:00+00:00 [running]> on host 4bee53555a23
[2026-04-15T16:29:17.430+0000] {taskinstance.py:3134} INFO - Exporting env vars: AIRFLOW_CTX_DAG_OWNER='***' AIRFLOW_CTX_DAG_ID='kafka_producer' AIRFLOW_CTX_TASK_ID='execute_update_layers' AIRFLOW_CTX_EXECUTION_DATE='2026-04-13T18:30:00+00:00' AIRFLOW_CTX_TRY_NUMBER='1' AIRFLOW_CTX_DAG_RUN_ID='scheduled__2026-04-13T18:30:00+00:00'
[2026-04-15T16:29:17.433+0000] {taskinstance.py:732} INFO - ::endgroup::
[2026-04-15T16:29:21.062+0000] {warnings.py:112} WARNING - /home/***/.local/lib/python3.12/site-packages/azure/synapse/artifacts/models/_models_py3.py:175: SyntaxWarning: invalid escape sequence '\d'
  """Execution policy for an activity.

[2026-04-15T16:29:21.063+0000] {warnings.py:112} WARNING - /home/***/.local/lib/python3.12/site-packages/azure/synapse/artifacts/models/_models_py3.py:222: SyntaxWarning: invalid escape sequence '\d'
  """

[2026-04-15T16:29:21.066+0000] {warnings.py:112} WARNING - /home/***/.local/lib/python3.12/site-packages/azure/synapse/artifacts/models/_models_py3.py:1151: SyntaxWarning: invalid escape sequence '\d'
  """A copy activity source.

[2026-04-15T16:29:21.067+0000] {warnings.py:112} WARNING - /home/***/.local/lib/python3.12/site-packages/azure/synapse/artifacts/models/_models_py3.py:1248: SyntaxWarning: invalid escape sequence '\d'
  """

[2026-04-15T16:29:21.068+0000] {warnings.py:112} WARNING - /home/***/.local/lib/python3.12/site-packages/azure/synapse/artifacts/models/_models_py3.py:1271: SyntaxWarning: invalid escape sequence '\d'
  """Copy activity sources of tabular type.

[2026-04-15T16:29:21.069+0000] {warnings.py:112} WARNING - /home/***/.local/lib/python3.12/site-packages/azure/synapse/artifacts/models/_models_py3.py:1406: SyntaxWarning: invalid escape sequence '\d'
  """

[2026-04-15T16:29:21.069+0000] {warnings.py:112} WARNING - /home/***/.local/lib/python3.12/site-packages/azure/synapse/artifacts/models/_models_py3.py:1439: SyntaxWarning: invalid escape sequence '\d'
  """A copy activity Amazon Marketplace Web Service source.

[2026-04-15T16:29:21.070+0000] {warnings.py:112} WARNING - /home/***/.local/lib/python3.12/site-packages/azure/synapse/artifacts/models/_models_py3.py:1495: SyntaxWarning: invalid escape sequence '\d'
  """

[2026-04-15T16:29:21.070+0000] {warnings.py:112} WARNING - /home/***/.local/lib/python3.12/site-packages/azure/synapse/artifacts/models/_models_py3.py:1683: SyntaxWarning: invalid escape sequence '\d'
  """A copy activity AmazonRdsForOracle source.

[2026-04-15T16:29:21.071+0000] {warnings.py:112} WARNING - /home/***/.local/lib/python3.12/site-packages/azure/synapse/artifacts/models/_models_py3.py:1750: SyntaxWarning: invalid escape sequence '\d'
  """

[2026-04-15T16:29:21.072+0000] {warnings.py:112} WARNING - /home/***/.local/lib/python3.12/site-packages/azure/synapse/artifacts/models/_models_py3.py:2025: SyntaxWarning: invalid escape sequence '\d'
  """A copy activity Amazon RDS for SQL Server source.

[2026-04-15T16:29:21.073+0000] {warnings.py:112} WARNING - /home/***/.local/lib/python3.12/site-packages/azure/synapse/artifacts/models/_models_py3.py:2110: SyntaxWarning: invalid escape sequence '\d'
  """

[2026-04-15T16:29:21.076+0000] {warnings.py:112} WARNING - /home/***/.local/lib/python3.12/site-packages/azure/synapse/artifacts/models/_models_py3.py:2407: SyntaxWarning: invalid escape sequence '\d'
  """A copy activity source for Amazon Redshift Source.

[2026-04-15T16:29:21.077+0000] {warnings.py:112} WARNING - /home/***/.local/lib/python3.12/site-packages/azure/synapse/artifacts/models/_models_py3.py:2468: SyntaxWarning: invalid escape sequence '\d'
  """

[2026-04-15T16:29:21.081+0000] {warnings.py:112} WARNING - /home/***/.local/lib/python3.12/site-packages/azure/synapse/artifacts/models/_models_py3.py:3987: SyntaxWarning: invalid escape sequence '\d'
  """A copy activity sink.

[2026-04-15T16:29:21.082+0000] {warnings.py:112} WARNING - /home/***/.local/lib/python3.12/site-packages/azure/synapse/artifacts/models/_models_py3.py:4096: SyntaxWarning: invalid escape sequence '\d'
  """

[2026-04-15T16:29:21.083+0000] {warnings.py:112} WARNING - /home/***/.local/lib/python3.12/site-packages/azure/synapse/artifacts/models/_models_py3.py:4127: SyntaxWarning: invalid escape sequence '\d'
  """A copy activity Avro sink.

[2026-04-15T16:29:21.084+0000] {warnings.py:112} WARNING - /home/***/.local/lib/python3.12/site-packages/azure/synapse/artifacts/models/_models_py3.py:4186: SyntaxWarning: invalid escape sequence '\d'
  """

[2026-04-15T16:29:21.085+0000] {warnings.py:112} WARNING - /home/***/.local/lib/python3.12/site-packages/azure/synapse/artifacts/models/_models_py3.py:4225: SyntaxWarning: invalid escape sequence '\d'
  """A copy activity Avro source.

[2026-04-15T16:29:21.085+0000] {warnings.py:112} WARNING - /home/***/.local/lib/python3.12/site-packages/azure/synapse/artifacts/models/_models_py3.py:4275: SyntaxWarning: invalid escape sequence '\d'
  """

[2026-04-15T16:29:21.088+0000] {warnings.py:112} WARNING - /home/***/.local/lib/python3.12/site-packages/azure/synapse/artifacts/models/_models_py3.py:5209: SyntaxWarning: invalid escape sequence '\d'
  """A copy activity Azure Data Lake Storage Gen2 sink.

[2026-04-15T16:29:21.089+0000] {warnings.py:112} WARNING - /home/***/.local/lib/python3.12/site-packages/azure/synapse/artifacts/models/_models_py3.py:5265: SyntaxWarning: invalid escape sequence '\d'
  """

[2026-04-15T16:29:21.090+0000] {warnings.py:112} WARNING - /home/***/.local/lib/python3.12/site-packages/azure/synapse/artifacts/models/_models_py3.py:5302: SyntaxWarning: invalid escape sequence '\d'
  """A copy activity Azure BlobFS source.

[2026-04-15T16:29:21.092+0000] {warnings.py:112} WARNING - /home/***/.local/lib/python3.12/site-packages/azure/synapse/artifacts/models/_models_py3.py:5358: SyntaxWarning: invalid escape sequence '\d'
  """

[2026-04-15T16:29:21.095+0000] {warnings.py:112} WARNING - /home/***/.local/lib/python3.12/site-packages/azure/synapse/artifacts/models/_models_py3.py:6437: SyntaxWarning: invalid escape sequence '\d'
  """A copy activity Azure Databricks Delta Lake sink.

[2026-04-15T16:29:21.096+0000] {warnings.py:112} WARNING - /home/***/.local/lib/python3.12/site-packages/azure/synapse/artifacts/models/_models_py3.py:6497: SyntaxWarning: invalid escape sequence '\d'
  """

[2026-04-15T16:29:21.097+0000] {warnings.py:112} WARNING - /home/***/.local/lib/python3.12/site-packages/azure/synapse/artifacts/models/_models_py3.py:6538: SyntaxWarning: invalid escape sequence '\d'
  """A copy activity Azure Databricks Delta Lake source.

[2026-04-15T16:29:21.097+0000] {warnings.py:112} WARNING - /home/***/.local/lib/python3.12/site-packages/azure/synapse/artifacts/models/_models_py3.py:6588: SyntaxWarning: invalid escape sequence '\d'
  """

[2026-04-15T16:29:21.099+0000] {warnings.py:112} WARNING - /home/***/.local/lib/python3.12/site-packages/azure/synapse/artifacts/models/_models_py3.py:7023: SyntaxWarning: invalid escape sequence '\d'
  """Azure Data Explorer command activity.

[2026-04-15T16:29:21.100+0000] {warnings.py:112} WARNING - /home/***/.local/lib/python3.12/site-packages/azure/synapse/artifacts/models/_models_py3.py:7096: SyntaxWarning: invalid escape sequence '\d'
  """

[2026-04-15T16:29:21.101+0000] {warnings.py:112} WARNING - /home/***/.local/lib/python3.12/site-packages/azure/synapse/artifacts/models/_models_py3.py:7267: SyntaxWarning: invalid escape sequence '\d'
  """A copy activity Azure Data Explorer sink.

[2026-04-15T16:29:21.101+0000] {warnings.py:112} WARNING - /home/***/.local/lib/python3.12/site-packages/azure/synapse/artifacts/models/_models_py3.py:7333: SyntaxWarning: invalid escape sequence '\d'
  """

[2026-04-15T16:29:21.102+0000] {warnings.py:112} WARNING - /home/***/.local/lib/python3.12/site-packages/azure/synapse/artifacts/models/_models_py3.py:7378: SyntaxWarning: invalid escape sequence '\d'
  """A copy activity Azure Data Explorer (Kusto) source.

[2026-04-15T16:29:21.102+0000] {warnings.py:112} WARNING - /home/***/.local/lib/python3.12/site-packages/azure/synapse/artifacts/models/_models_py3.py:7440: SyntaxWarning: invalid escape sequence '\d'
  """

[2026-04-15T16:29:21.105+0000] {warnings.py:112} WARNING - /home/***/.local/lib/python3.12/site-packages/azure/synapse/artifacts/models/_models_py3.py:8222: SyntaxWarning: invalid escape sequence '\d'
  """A copy activity Azure Data Lake Store sink.

[2026-04-15T16:29:21.106+0000] {warnings.py:112} WARNING - /home/***/.local/lib/python3.12/site-packages/azure/synapse/artifacts/models/_models_py3.py:8282: SyntaxWarning: invalid escape sequence '\d'
  """

[2026-04-15T16:29:21.107+0000] {warnings.py:112} WARNING - /home/***/.local/lib/python3.12/site-packages/azure/synapse/artifacts/models/_models_py3.py:8322: SyntaxWarning: invalid escape sequence '\d'
  """A copy activity Azure Data Lake source.

[2026-04-15T16:29:21.109+0000] {warnings.py:112} WARNING - /home/***/.local/lib/python3.12/site-packages/azure/synapse/artifacts/models/_models_py3.py:8368: SyntaxWarning: invalid escape sequence '\d'
  """

[2026-04-15T16:29:21.112+0000] {warnings.py:112} WARNING - /home/***/.local/lib/python3.12/site-packages/azure/synapse/artifacts/models/_models_py3.py:9475: SyntaxWarning: invalid escape sequence '\d'
  """A copy activity Azure MariaDB source.

[2026-04-15T16:29:21.114+0000] {warnings.py:112} WARNING - /home/***/.local/lib/python3.12/site-packages/azure/synapse/artifacts/models/_models_py3.py:9531: SyntaxWarning: invalid escape sequence '\d'
  """

[2026-04-15T16:29:21.117+0000] {warnings.py:112} WARNING - /home/***/.local/lib/python3.12/site-packages/azure/synapse/artifacts/models/_models_py3.py:10532: SyntaxWarning: invalid escape sequence '\d'
  """A copy activity Azure MySql sink.

[2026-04-15T16:29:21.118+0000] {warnings.py:112} WARNING - /home/***/.local/lib/python3.12/site-packages/azure/synapse/artifacts/models/_models_py3.py:10588: SyntaxWarning: invalid escape sequence '\d'
  """

[2026-04-15T16:29:21.118+0000] {warnings.py:112} WARNING - /home/***/.local/lib/python3.12/site-packages/azure/synapse/artifacts/models/_models_py3.py:10625: SyntaxWarning: invalid escape sequence '\d'
  """A copy activity Azure MySQL source.

[2026-04-15T16:29:21.119+0000] {warnings.py:112} WARNING - /home/***/.local/lib/python3.12/site-packages/azure/synapse/artifacts/models/_models_py3.py:10680: SyntaxWarning: invalid escape sequence '\d'
  """

[2026-04-15T16:29:21.123+0000] {warnings.py:112} WARNING - /home/***/.local/lib/python3.12/site-packages/azure/synapse/artifacts/models/_models_py3.py:10923: SyntaxWarning: invalid escape sequence '\d'
  """A copy activity Azure PostgreSQL sink.

[2026-04-15T16:29:21.126+0000] {warnings.py:112} WARNING - /home/***/.local/lib/python3.12/site-packages/azure/synapse/artifacts/models/_models_py3.py:10979: SyntaxWarning: invalid escape sequence '\d'
  """

[2026-04-15T16:29:21.127+0000] {warnings.py:112} WARNING - /home/***/.local/lib/python3.12/site-packages/azure/synapse/artifacts/models/_models_py3.py:11016: SyntaxWarning: invalid escape sequence '\d'
  """A copy activity Azure PostgreSQL source.

[2026-04-15T16:29:21.127+0000] {warnings.py:112} WARNING - /home/***/.local/lib/python3.12/site-packages/azure/synapse/artifacts/models/_models_py3.py:11072: SyntaxWarning: invalid escape sequence '\d'
  """

[2026-04-15T16:29:21.128+0000] {warnings.py:112} WARNING - /home/***/.local/lib/python3.12/site-packages/azure/synapse/artifacts/models/_models_py3.py:11231: SyntaxWarning: invalid escape sequence '\d'
  """A copy activity Azure Queue sink.

[2026-04-15T16:29:21.129+0000] {warnings.py:112} WARNING - /home/***/.local/lib/python3.12/site-packages/azure/synapse/artifacts/models/_models_py3.py:11282: SyntaxWarning: invalid escape sequence '\d'
  """

[2026-04-15T16:29:21.130+0000] {warnings.py:112} WARNING - /home/***/.local/lib/python3.12/site-packages/azure/synapse/artifacts/models/_models_py3.py:11420: SyntaxWarning: invalid escape sequence '\d'
  """A copy activity Azure Search Index sink.

[2026-04-15T16:29:21.130+0000] {warnings.py:112} WARNING - /home/***/.local/lib/python3.12/site-packages/azure/synapse/artifacts/models/_models_py3.py:11477: SyntaxWarning: invalid escape sequence '\d'
  """

[2026-04-15T16:29:21.132+0000] {warnings.py:112} WARNING - /home/***/.local/lib/python3.12/site-packages/azure/synapse/artifacts/models/_models_py3.py:12300: SyntaxWarning: invalid escape sequence '\d'
  """A copy activity Azure SQL sink.

[2026-04-15T16:29:21.133+0000] {warnings.py:112} WARNING - /home/***/.local/lib/python3.12/site-packages/azure/synapse/artifacts/models/_models_py3.py:12383: SyntaxWarning: invalid escape sequence '\d'
  """

[2026-04-15T16:29:21.134+0000] {warnings.py:112} WARNING - /home/***/.local/lib/python3.12/site-packages/azure/synapse/artifacts/models/_models_py3.py:12439: SyntaxWarning: invalid escape sequence '\d'
  """A copy activity Azure SQL source.

[2026-04-15T16:29:21.135+0000] {warnings.py:112} WARNING - /home/***/.local/lib/python3.12/site-packages/azure/synapse/artifacts/models/_models_py3.py:12524: SyntaxWarning: invalid escape sequence '\d'
  """

[2026-04-15T16:29:21.137+0000] {warnings.py:112} WARNING - /home/***/.local/lib/python3.12/site-packages/azure/synapse/artifacts/models/_models_py3.py:13019: SyntaxWarning: invalid escape sequence '\d'
  """A copy activity Azure Table sink.

[2026-04-15T16:29:21.137+0000] {warnings.py:112} WARNING - /home/***/.local/lib/python3.12/site-packages/azure/synapse/artifacts/models/_models_py3.py:13090: SyntaxWarning: invalid escape sequence '\d'
  """

[2026-04-15T16:29:21.138+0000] {warnings.py:112} WARNING - /home/***/.local/lib/python3.12/site-packages/azure/synapse/artifacts/models/_models_py3.py:13139: SyntaxWarning: invalid escape sequence '\d'
  """A copy activity Azure Table source.

[2026-04-15T16:29:21.139+0000] {warnings.py:112} WARNING - /home/***/.local/lib/python3.12/site-packages/azure/synapse/artifacts/models/_models_py3.py:13200: SyntaxWarning: invalid escape sequence '\d'
  """

[2026-04-15T16:29:21.143+0000] {warnings.py:112} WARNING - /home/***/.local/lib/python3.12/site-packages/azure/synapse/artifacts/models/_models_py3.py:13886: SyntaxWarning: invalid escape sequence '\d'
  """A copy activity Binary sink.

[2026-04-15T16:29:21.144+0000] {warnings.py:112} WARNING - /home/***/.local/lib/python3.12/site-packages/azure/synapse/artifacts/models/_models_py3.py:13941: SyntaxWarning: invalid escape sequence '\d'
  """

[2026-04-15T16:29:21.145+0000] {warnings.py:112} WARNING - /home/***/.local/lib/python3.12/site-packages/azure/synapse/artifacts/models/_models_py3.py:13977: SyntaxWarning: invalid escape sequence '\d'
  """A copy activity Binary source.

[2026-04-15T16:29:21.146+0000] {warnings.py:112} WARNING - /home/***/.local/lib/python3.12/site-packages/azure/synapse/artifacts/models/_models_py3.py:14026: SyntaxWarning: invalid escape sequence '\d'
  """

[2026-04-15T16:29:21.147+0000] {warnings.py:112} WARNING - /home/***/.local/lib/python3.12/site-packages/azure/synapse/artifacts/models/_models_py3.py:14318: SyntaxWarning: invalid escape sequence '\d'
  """A copy activity Azure Blob sink.

[2026-04-15T16:29:21.148+0000] {warnings.py:112} WARNING - /home/***/.local/lib/python3.12/site-packages/azure/synapse/artifacts/models/_models_py3.py:14388: SyntaxWarning: invalid escape sequence '\d'
  """

[2026-04-15T16:29:21.148+0000] {warnings.py:112} WARNING - /home/***/.local/lib/python3.12/site-packages/azure/synapse/artifacts/models/_models_py3.py:14436: SyntaxWarning: invalid escape sequence '\d'
  """A copy activity Azure Blob source.

[2026-04-15T16:29:21.149+0000] {warnings.py:112} WARNING - /home/***/.local/lib/python3.12/site-packages/azure/synapse/artifacts/models/_models_py3.py:14492: SyntaxWarning: invalid escape sequence '\d'
  """

[2026-04-15T16:29:21.150+0000] {warnings.py:112} WARNING - /home/***/.local/lib/python3.12/site-packages/azure/synapse/artifacts/models/_models_py3.py:14744: SyntaxWarning: invalid escape sequence '\d'
  """A copy activity source for a Cassandra database.

[2026-04-15T16:29:21.151+0000] {warnings.py:112} WARNING - /home/***/.local/lib/python3.12/site-packages/azure/synapse/artifacts/models/_models_py3.py:14810: SyntaxWarning: invalid escape sequence '\d'
  """

[2026-04-15T16:29:21.152+0000] {warnings.py:112} WARNING - /home/***/.local/lib/python3.12/site-packages/azure/synapse/artifacts/models/_models_py3.py:15415: SyntaxWarning: invalid escape sequence '\d'
  """A copy activity Common Data Service for Apps sink.

[2026-04-15T16:29:21.153+0000] {warnings.py:112} WARNING - /home/***/.local/lib/python3.12/site-packages/azure/synapse/artifacts/models/_models_py3.py:15482: SyntaxWarning: invalid escape sequence '\d'
  """

[2026-04-15T16:29:21.154+0000] {warnings.py:112} WARNING - /home/***/.local/lib/python3.12/site-packages/azure/synapse/artifacts/models/_models_py3.py:15527: SyntaxWarning: invalid escape sequence '\d'
  """A copy activity Common Data Service for Apps source.

[2026-04-15T16:29:21.155+0000] {warnings.py:112} WARNING - /home/***/.local/lib/python3.12/site-packages/azure/synapse/artifacts/models/_models_py3.py:15578: SyntaxWarning: invalid escape sequence '\d'
  """

[2026-04-15T16:29:21.156+0000] {warnings.py:112} WARNING - /home/***/.local/lib/python3.12/site-packages/azure/synapse/artifacts/models/_models_py3.py:15897: SyntaxWarning: invalid escape sequence '\d'
  """A copy activity Concur Service source.

[2026-04-15T16:29:21.158+0000] {warnings.py:112} WARNING - /home/***/.local/lib/python3.12/site-packages/azure/synapse/artifacts/models/_models_py3.py:15953: SyntaxWarning: invalid escape sequence '\d'
  """

[2026-04-15T16:29:21.161+0000] {warnings.py:112} WARNING - /home/***/.local/lib/python3.12/site-packages/azure/synapse/artifacts/models/_models_py3.py:16617: SyntaxWarning: invalid escape sequence '\d'
  """A copy activity sink for a CosmosDB (MongoDB API) database.

[2026-04-15T16:29:21.162+0000] {warnings.py:112} WARNING - /home/***/.local/lib/python3.12/site-packages/azure/synapse/artifacts/models/_models_py3.py:16674: SyntaxWarning: invalid escape sequence '\d'
  """

[2026-04-15T16:29:21.162+0000] {warnings.py:112} WARNING - /home/***/.local/lib/python3.12/site-packages/azure/synapse/artifacts/models/_models_py3.py:16712: SyntaxWarning: invalid escape sequence '\d'
  """A copy activity source for a CosmosDB (MongoDB API) database.

[2026-04-15T16:29:21.163+0000] {warnings.py:112} WARNING - /home/***/.local/lib/python3.12/site-packages/azure/synapse/artifacts/models/_models_py3.py:16780: SyntaxWarning: invalid escape sequence '\d'
  """

[2026-04-15T16:29:21.164+0000] {warnings.py:112} WARNING - /home/***/.local/lib/python3.12/site-packages/azure/synapse/artifacts/models/_models_py3.py:16932: SyntaxWarning: invalid escape sequence '\d'
  """A copy activity Azure CosmosDB (SQL API) Collection sink.

[2026-04-15T16:29:21.164+0000] {warnings.py:112} WARNING - /home/***/.local/lib/python3.12/site-packages/azure/synapse/artifacts/models/_models_py3.py:16988: SyntaxWarning: invalid escape sequence '\d'
  """

[2026-04-15T16:29:21.165+0000] {warnings.py:112} WARNING - /home/***/.local/lib/python3.12/site-packages/azure/synapse/artifacts/models/_models_py3.py:17025: SyntaxWarning: invalid escape sequence '\d'
  """A copy activity Azure CosmosDB (SQL API) Collection source.

[2026-04-15T16:29:21.166+0000] {warnings.py:112} WARNING - /home/***/.local/lib/python3.12/site-packages/azure/synapse/artifacts/models/_models_py3.py:17090: SyntaxWarning: invalid escape sequence '\d'
  """

[2026-04-15T16:29:21.167+0000] {warnings.py:112} WARNING - /home/***/.local/lib/python3.12/site-packages/azure/synapse/artifacts/models/_models_py3.py:17228: SyntaxWarning: invalid escape sequence '\d'
  """A copy activity Couchbase server source.

[2026-04-15T16:29:21.167+0000] {warnings.py:112} WARNING - /home/***/.local/lib/python3.12/site-packages/azure/synapse/artifacts/models/_models_py3.py:17284: SyntaxWarning: invalid escape sequence '\d'
  """

[2026-04-15T16:29:21.175+0000] {warnings.py:112} WARNING - /home/***/.local/lib/python3.12/site-packages/azure/synapse/artifacts/models/_models_py3.py:20234: SyntaxWarning: invalid escape sequence '\d'
  """A copy activity source for Db2 databases.

[2026-04-15T16:29:21.176+0000] {warnings.py:112} WARNING - /home/***/.local/lib/python3.12/site-packages/azure/synapse/artifacts/models/_models_py3.py:20289: SyntaxWarning: invalid escape sequence '\d'
  """

[2026-04-15T16:29:21.178+0000] {warnings.py:112} WARNING - /home/***/.local/lib/python3.12/site-packages/azure/synapse/artifacts/models/_models_py3.py:20862: SyntaxWarning: invalid escape sequence '\d'
  """A copy activity DelimitedText sink.

[2026-04-15T16:29:21.179+0000] {warnings.py:112} WARNING - /home/***/.local/lib/python3.12/site-packages/azure/synapse/artifacts/models/_models_py3.py:20921: SyntaxWarning: invalid escape sequence '\d'
  """

[2026-04-15T16:29:21.180+0000] {warnings.py:112} WARNING - /home/***/.local/lib/python3.12/site-packages/azure/synapse/artifacts/models/_models_py3.py:20960: SyntaxWarning: invalid escape sequence '\d'
  """A copy activity DelimitedText source.

[2026-04-15T16:29:21.181+0000] {warnings.py:112} WARNING - /home/***/.local/lib/python3.12/site-packages/azure/synapse/artifacts/models/_models_py3.py:21014: SyntaxWarning: invalid escape sequence '\d'
  """

[2026-04-15T16:29:21.192+0000] {warnings.py:112} WARNING - /home/***/.local/lib/python3.12/site-packages/azure/synapse/artifacts/models/_models_py3.py:21316: SyntaxWarning: invalid escape sequence '\d'
  """A copy activity Document Database Collection sink.

[2026-04-15T16:29:21.193+0000] {warnings.py:112} WARNING - /home/***/.local/lib/python3.12/site-packages/azure/synapse/artifacts/models/_models_py3.py:21377: SyntaxWarning: invalid escape sequence '\d'
  """

[2026-04-15T16:29:21.194+0000] {warnings.py:112} WARNING - /home/***/.local/lib/python3.12/site-packages/azure/synapse/artifacts/models/_models_py3.py:21418: SyntaxWarning: invalid escape sequence '\d'
  """A copy activity Document Database Collection source.

[2026-04-15T16:29:21.195+0000] {warnings.py:112} WARNING - /home/***/.local/lib/python3.12/site-packages/azure/synapse/artifacts/models/_models_py3.py:21478: SyntaxWarning: invalid escape sequence '\d'
  """

[2026-04-15T16:29:21.196+0000] {warnings.py:112} WARNING - /home/***/.local/lib/python3.12/site-packages/azure/synapse/artifacts/models/_models_py3.py:21612: SyntaxWarning: invalid escape sequence '\d'
  """A copy activity Drill server source.

[2026-04-15T16:29:21.196+0000] {warnings.py:112} WARNING - /home/***/.local/lib/python3.12/site-packages/azure/synapse/artifacts/models/_models_py3.py:21668: SyntaxWarning: invalid escape sequence '\d'
  """

[2026-04-15T16:29:21.200+0000] {warnings.py:112} WARNING - /home/***/.local/lib/python3.12/site-packages/azure/synapse/artifacts/models/_models_py3.py:22155: SyntaxWarning: invalid escape sequence '\d'
  """A copy activity Dynamics AX source.

[2026-04-15T16:29:21.201+0000] {warnings.py:112} WARNING - /home/***/.local/lib/python3.12/site-packages/azure/synapse/artifacts/models/_models_py3.py:22218: SyntaxWarning: invalid escape sequence '\d'
  """

[2026-04-15T16:29:21.202+0000] {warnings.py:112} WARNING - /home/***/.local/lib/python3.12/site-packages/azure/synapse/artifacts/models/_models_py3.py:22559: SyntaxWarning: invalid escape sequence '\d'
  """A copy activity Dynamics CRM sink.

[2026-04-15T16:29:21.203+0000] {warnings.py:112} WARNING - /home/***/.local/lib/python3.12/site-packages/azure/synapse/artifacts/models/_models_py3.py:22626: SyntaxWarning: invalid escape sequence '\d'
  """

[2026-04-15T16:29:21.204+0000] {warnings.py:112} WARNING - /home/***/.local/lib/python3.12/site-packages/azure/synapse/artifacts/models/_models_py3.py:22671: SyntaxWarning: invalid escape sequence '\d'
  """A copy activity Dynamics CRM source.

[2026-04-15T16:29:21.204+0000] {warnings.py:112} WARNING - /home/***/.local/lib/python3.12/site-packages/azure/synapse/artifacts/models/_models_py3.py:22722: SyntaxWarning: invalid escape sequence '\d'
  """

[2026-04-15T16:29:21.206+0000] {warnings.py:112} WARNING - /home/***/.local/lib/python3.12/site-packages/azure/synapse/artifacts/models/_models_py3.py:23061: SyntaxWarning: invalid escape sequence '\d'
  """A copy activity Dynamics sink.

[2026-04-15T16:29:21.206+0000] {warnings.py:112} WARNING - /home/***/.local/lib/python3.12/site-packages/azure/synapse/artifacts/models/_models_py3.py:23128: SyntaxWarning: invalid escape sequence '\d'
  """

[2026-04-15T16:29:21.207+0000] {warnings.py:112} WARNING - /home/***/.local/lib/python3.12/site-packages/azure/synapse/artifacts/models/_models_py3.py:23173: SyntaxWarning: invalid escape sequence '\d'
  """A copy activity Dynamics source.

[2026-04-15T16:29:21.208+0000] {warnings.py:112} WARNING - /home/***/.local/lib/python3.12/site-packages/azure/synapse/artifacts/models/_models_py3.py:23224: SyntaxWarning: invalid escape sequence '\d'
  """

[2026-04-15T16:29:21.210+0000] {warnings.py:112} WARNING - /home/***/.local/lib/python3.12/site-packages/azure/synapse/artifacts/models/_models_py3.py:23511: SyntaxWarning: invalid escape sequence '\d'
  """A copy activity Eloqua server source.

[2026-04-15T16:29:21.211+0000] {warnings.py:112} WARNING - /home/***/.local/lib/python3.12/site-packages/azure/synapse/artifacts/models/_models_py3.py:23567: SyntaxWarning: invalid escape sequence '\d'
  """

[2026-04-15T16:29:21.213+0000] {warnings.py:112} WARNING - /home/***/.local/lib/python3.12/site-packages/azure/synapse/artifacts/models/_models_py3.py:23968: SyntaxWarning: invalid escape sequence '\d'
  """A copy activity excel source.

[2026-04-15T16:29:21.214+0000] {warnings.py:112} WARNING - /home/***/.local/lib/python3.12/site-packages/azure/synapse/artifacts/models/_models_py3.py:24018: SyntaxWarning: invalid escape sequence '\d'
  """

[2026-04-15T16:29:21.217+0000] {warnings.py:112} WARNING - /home/***/.local/lib/python3.12/site-packages/azure/synapse/artifacts/models/_models_py3.py:25343: SyntaxWarning: invalid escape sequence '\d'
  """A copy activity file system sink.

[2026-04-15T16:29:21.218+0000] {warnings.py:112} WARNING - /home/***/.local/lib/python3.12/site-packages/azure/synapse/artifacts/models/_models_py3.py:25398: SyntaxWarning: invalid escape sequence '\d'
  """

[2026-04-15T16:29:21.220+0000] {warnings.py:112} WARNING - /home/***/.local/lib/python3.12/site-packages/azure/synapse/artifacts/models/_models_py3.py:25434: SyntaxWarning: invalid escape sequence '\d'
  """A copy activity file system source.

[2026-04-15T16:29:21.220+0000] {warnings.py:112} WARNING - /home/***/.local/lib/python3.12/site-packages/azure/synapse/artifacts/models/_models_py3.py:25485: SyntaxWarning: invalid escape sequence '\d'
  """

[2026-04-15T16:29:21.224+0000] {warnings.py:112} WARNING - /home/***/.local/lib/python3.12/site-packages/azure/synapse/artifacts/models/_models_py3.py:26723: SyntaxWarning: invalid escape sequence '\d'
  """A copy activity Google AdWords service source.

[2026-04-15T16:29:21.226+0000] {warnings.py:112} WARNING - /home/***/.local/lib/python3.12/site-packages/azure/synapse/artifacts/models/_models_py3.py:26779: SyntaxWarning: invalid escape sequence '\d'
  """

[2026-04-15T16:29:21.228+0000] {warnings.py:112} WARNING - /home/***/.local/lib/python3.12/site-packages/azure/synapse/artifacts/models/_models_py3.py:27121: SyntaxWarning: invalid escape sequence '\d'
  """A copy activity Google BigQuery service source.

[2026-04-15T16:29:21.229+0000] {warnings.py:112} WARNING - /home/***/.local/lib/python3.12/site-packages/azure/synapse/artifacts/models/_models_py3.py:27177: SyntaxWarning: invalid escape sequence '\d'
  """

[2026-04-15T16:29:21.230+0000] {warnings.py:112} WARNING - /home/***/.local/lib/python3.12/site-packages/azure/synapse/artifacts/models/_models_py3.py:27461: SyntaxWarning: invalid escape sequence '\d'
  """A copy activity Google BigQuery service source.

[2026-04-15T16:29:21.231+0000] {warnings.py:112} WARNING - /home/***/.local/lib/python3.12/site-packages/azure/synapse/artifacts/models/_models_py3.py:27517: SyntaxWarning: invalid escape sequence '\d'
  """

[2026-04-15T16:29:21.234+0000] {warnings.py:112} WARNING - /home/***/.local/lib/python3.12/site-packages/azure/synapse/artifacts/models/_models_py3.py:28053: SyntaxWarning: invalid escape sequence '\d'
  """A copy activity Greenplum Database source.

[2026-04-15T16:29:21.235+0000] {warnings.py:112} WARNING - /home/***/.local/lib/python3.12/site-packages/azure/synapse/artifacts/models/_models_py3.py:28109: SyntaxWarning: invalid escape sequence '\d'
  """

[2026-04-15T16:29:21.237+0000] {warnings.py:112} WARNING - /home/***/.local/lib/python3.12/site-packages/azure/synapse/artifacts/models/_models_py3.py:28536: SyntaxWarning: invalid escape sequence '\d'
  """A copy activity HBase server source.

[2026-04-15T16:29:21.237+0000] {warnings.py:112} WARNING - /home/***/.local/lib/python3.12/site-packages/azure/synapse/artifacts/models/_models_py3.py:28592: SyntaxWarning: invalid escape sequence '\d'
  """

[2026-04-15T16:29:21.239+0000] {warnings.py:112} WARNING - /home/***/.local/lib/python3.12/site-packages/azure/synapse/artifacts/models/_models_py3.py:28932: SyntaxWarning: invalid escape sequence '\d'
  """A copy activity HDFS source.

[2026-04-15T16:29:21.239+0000] {warnings.py:112} WARNING - /home/***/.local/lib/python3.12/site-packages/azure/synapse/artifacts/models/_models_py3.py:28982: SyntaxWarning: invalid escape sequence '\d'
  """

[2026-04-15T16:29:21.244+0000] {warnings.py:112} WARNING - /home/***/.local/lib/python3.12/site-packages/azure/synapse/artifacts/models/_models_py3.py:30727: SyntaxWarning: invalid escape sequence '\d'
  """A copy activity Hive Server source.

[2026-04-15T16:29:21.245+0000] {warnings.py:112} WARNING - /home/***/.local/lib/python3.12/site-packages/azure/synapse/artifacts/models/_models_py3.py:30783: SyntaxWarning: invalid escape sequence '\d'
  """

[2026-04-15T16:29:21.248+0000] {warnings.py:112} WARNING - /home/***/.local/lib/python3.12/site-packages/azure/synapse/artifacts/models/_models_py3.py:31296: SyntaxWarning: invalid escape sequence '\d'
  """A copy activity source for an HTTP file.

[2026-04-15T16:29:21.249+0000] {warnings.py:112} WARNING - /home/***/.local/lib/python3.12/site-packages/azure/synapse/artifacts/models/_models_py3.py:31344: SyntaxWarning: invalid escape sequence '\d'
  """

[2026-04-15T16:29:21.251+0000] {warnings.py:112} WARNING - /home/***/.local/lib/python3.12/site-packages/azure/synapse/artifacts/models/_models_py3.py:31617: SyntaxWarning: invalid escape sequence '\d'
  """A copy activity Hubspot Service source.

[2026-04-15T16:29:21.252+0000] {warnings.py:112} WARNING - /home/***/.local/lib/python3.12/site-packages/azure/synapse/artifacts/models/_models_py3.py:31673: SyntaxWarning: invalid escape sequence '\d'
  """

[2026-04-15T16:29:21.254+0000] {warnings.py:112} WARNING - /home/***/.local/lib/python3.12/site-packages/azure/synapse/artifacts/models/_models_py3.py:32120: SyntaxWarning: invalid escape sequence '\d'
  """A copy activity Impala server source.

[2026-04-15T16:29:21.255+0000] {warnings.py:112} WARNING - /home/***/.local/lib/python3.12/site-packages/azure/synapse/artifacts/models/_models_py3.py:32176: SyntaxWarning: invalid escape sequence '\d'
  """

[2026-04-15T16:29:21.256+0000] {warnings.py:112} WARNING - /home/***/.local/lib/python3.12/site-packages/azure/synapse/artifacts/models/_models_py3.py:32339: SyntaxWarning: invalid escape sequence '\d'
  """A copy activity Informix sink.

[2026-04-15T16:29:21.260+0000] {warnings.py:112} WARNING - /home/***/.local/lib/python3.12/site-packages/azure/synapse/artifacts/models/_models_py3.py:32395: SyntaxWarning: invalid escape sequence '\d'
  """

[2026-04-15T16:29:21.261+0000] {warnings.py:112} WARNING - /home/***/.local/lib/python3.12/site-packages/azure/synapse/artifacts/models/_models_py3.py:32432: SyntaxWarning: invalid escape sequence '\d'
  """A copy activity source for Informix.

[2026-04-15T16:29:21.262+0000] {warnings.py:112} WARNING - /home/***/.local/lib/python3.12/site-packages/azure/synapse/artifacts/models/_models_py3.py:32487: SyntaxWarning: invalid escape sequence '\d'
  """

[2026-04-15T16:29:21.266+0000] {warnings.py:112} WARNING - /home/***/.local/lib/python3.12/site-packages/azure/synapse/artifacts/models/_models_py3.py:33502: SyntaxWarning: invalid escape sequence '\d'
  """A copy activity Jira Service source.

[2026-04-15T16:29:21.268+0000] {warnings.py:112} WARNING - /home/***/.local/lib/python3.12/site-packages/azure/synapse/artifacts/models/_models_py3.py:33558: SyntaxWarning: invalid escape sequence '\d'
  """

[2026-04-15T16:29:21.269+0000] {warnings.py:112} WARNING - /home/***/.local/lib/python3.12/site-packages/azure/synapse/artifacts/models/_models_py3.py:33869: SyntaxWarning: invalid escape sequence '\d'
  """A copy activity Json sink.

[2026-04-15T16:29:21.270+0000] {warnings.py:112} WARNING - /home/***/.local/lib/python3.12/site-packages/azure/synapse/artifacts/models/_models_py3.py:33928: SyntaxWarning: invalid escape sequence '\d'
  """

[2026-04-15T16:29:21.271+0000] {warnings.py:112} WARNING - /home/***/.local/lib/python3.12/site-packages/azure/synapse/artifacts/models/_models_py3.py:33967: SyntaxWarning: invalid escape sequence '\d'
  """A copy activity Json source.

[2026-04-15T16:29:21.272+0000] {warnings.py:112} WARNING - /home/***/.local/lib/python3.12/site-packages/azure/synapse/artifacts/models/_models_py3.py:34021: SyntaxWarning: invalid escape sequence '\d'
  """

[2026-04-15T16:29:21.275+0000] {warnings.py:112} WARNING - /home/***/.local/lib/python3.12/site-packages/azure/synapse/artifacts/models/_models_py3.py:34739: SyntaxWarning: invalid escape sequence '\d'
  """A copy activity for Microsoft Fabric LakeHouse Table sink.

[2026-04-15T16:29:21.278+0000] {warnings.py:112} WARNING - /home/***/.local/lib/python3.12/site-packages/azure/synapse/artifacts/models/_models_py3.py:34806: SyntaxWarning: invalid escape sequence '\d'
  """

[2026-04-15T16:29:21.279+0000] {warnings.py:112} WARNING - /home/***/.local/lib/python3.12/site-packages/azure/synapse/artifacts/models/_models_py3.py:34852: SyntaxWarning: invalid escape sequence '\d'
  """A copy activity source for Microsoft Fabric LakeHouse Table.

[2026-04-15T16:29:21.279+0000] {warnings.py:112} WARNING - /home/***/.local/lib/python3.12/site-packages/azure/synapse/artifacts/models/_models_py3.py:34908: SyntaxWarning: invalid escape sequence '\d'
  """

[2026-04-15T16:29:21.284+0000] {warnings.py:112} WARNING - /home/***/.local/lib/python3.12/site-packages/azure/synapse/artifacts/models/_models_py3.py:36915: SyntaxWarning: invalid escape sequence '\d'
  """A copy activity Magento server source.

[2026-04-15T16:29:21.285+0000] {warnings.py:112} WARNING - /home/***/.local/lib/python3.12/site-packages/azure/synapse/artifacts/models/_models_py3.py:36971: SyntaxWarning: invalid escape sequence '\d'
  """

[2026-04-15T16:29:21.286+0000] {warnings.py:112} WARNING - /home/***/.local/lib/python3.12/site-packages/azure/synapse/artifacts/models/_models_py3.py:37417: SyntaxWarning: invalid escape sequence '\d'
  """A copy activity MariaDB server source.

[2026-04-15T16:29:21.287+0000] {warnings.py:112} WARNING - /home/***/.local/lib/python3.12/site-packages/azure/synapse/artifacts/models/_models_py3.py:37473: SyntaxWarning: invalid escape sequence '\d'
  """

[2026-04-15T16:29:21.288+0000] {warnings.py:112} WARNING - /home/***/.local/lib/python3.12/site-packages/azure/synapse/artifacts/models/_models_py3.py:37845: SyntaxWarning: invalid escape sequence '\d'
  """A copy activity Marketo server source.

[2026-04-15T16:29:21.289+0000] {warnings.py:112} WARNING - /home/***/.local/lib/python3.12/site-packages/azure/synapse/artifacts/models/_models_py3.py:37901: SyntaxWarning: invalid escape sequence '\d'
  """

[2026-04-15T16:29:21.290+0000] {warnings.py:112} WARNING - /home/***/.local/lib/python3.12/site-packages/azure/synapse/artifacts/models/_models_py3.py:38208: SyntaxWarning: invalid escape sequence '\d'
  """A copy activity Microsoft Access sink.

[2026-04-15T16:29:21.292+0000] {warnings.py:112} WARNING - /home/***/.local/lib/python3.12/site-packages/azure/synapse/artifacts/models/_models_py3.py:38264: SyntaxWarning: invalid escape sequence '\d'
  """

[2026-04-15T16:29:21.293+0000] {warnings.py:112} WARNING - /home/***/.local/lib/python3.12/site-packages/azure/synapse/artifacts/models/_models_py3.py:38301: SyntaxWarning: invalid escape sequence '\d'
  """A copy activity source for Microsoft Access.

[2026-04-15T16:29:21.294+0000] {warnings.py:112} WARNING - /home/***/.local/lib/python3.12/site-packages/azure/synapse/artifacts/models/_models_py3.py:38351: SyntaxWarning: invalid escape sequence '\d'
  """

[2026-04-15T16:29:21.295+0000] {warnings.py:112} WARNING - /home/***/.local/lib/python3.12/site-packages/azure/synapse/artifacts/models/_models_py3.py:38690: SyntaxWarning: invalid escape sequence '\d'
  """A copy activity source for a MongoDB Atlas database.

[2026-04-15T16:29:21.296+0000] {warnings.py:112} WARNING - /home/***/.local/lib/python3.12/site-packages/azure/synapse/artifacts/models/_models_py3.py:38758: SyntaxWarning: invalid escape sequence '\d'
  """

[2026-04-15T16:29:21.298+0000] {warnings.py:112} WARNING - /home/***/.local/lib/python3.12/site-packages/azure/synapse/artifacts/models/_models_py3.py:39141: SyntaxWarning: invalid escape sequence '\d'
  """A copy activity source for a MongoDB database.

[2026-04-15T16:29:21.298+0000] {warnings.py:112} WARNING - /home/***/.local/lib/python3.12/site-packages/azure/synapse/artifacts/models/_models_py3.py:39192: SyntaxWarning: invalid escape sequence '\d'
  """

[2026-04-15T16:29:21.299+0000] {warnings.py:112} WARNING - /home/***/.local/lib/python3.12/site-packages/azure/synapse/artifacts/models/_models_py3.py:39419: SyntaxWarning: invalid escape sequence '\d'
  """A copy activity source for a MongoDB database.

[2026-04-15T16:29:21.300+0000] {warnings.py:112} WARNING - /home/***/.local/lib/python3.12/site-packages/azure/synapse/artifacts/models/_models_py3.py:39487: SyntaxWarning: invalid escape sequence '\d'
  """

[2026-04-15T16:29:21.301+0000] {warnings.py:112} WARNING - /home/***/.local/lib/python3.12/site-packages/azure/synapse/artifacts/models/_models_py3.py:39683: SyntaxWarning: invalid escape sequence '\d'
  """A copy activity source for MySQL databases.

[2026-04-15T16:29:21.301+0000] {warnings.py:112} WARNING - /home/***/.local/lib/python3.12/site-packages/azure/synapse/artifacts/models/_models_py3.py:39738: SyntaxWarning: invalid escape sequence '\d'
  """

[2026-04-15T16:29:21.303+0000] {warnings.py:112} WARNING - /home/***/.local/lib/python3.12/site-packages/azure/synapse/artifacts/models/_models_py3.py:40019: SyntaxWarning: invalid escape sequence '\d'
  """A copy activity Netezza source.

[2026-04-15T16:29:21.303+0000] {warnings.py:112} WARNING - /home/***/.local/lib/python3.12/site-packages/azure/synapse/artifacts/models/_models_py3.py:40084: SyntaxWarning: invalid escape sequence '\d'
  """

[2026-04-15T16:29:21.306+0000] {warnings.py:112} WARNING - /home/***/.local/lib/python3.12/site-packages/azure/synapse/artifacts/models/_models_py3.py:41138: SyntaxWarning: invalid escape sequence '\d'
  """A copy activity source for OData source.

[2026-04-15T16:29:21.307+0000] {warnings.py:112} WARNING - /home/***/.local/lib/python3.12/site-packages/azure/synapse/artifacts/models/_models_py3.py:41196: SyntaxWarning: invalid escape sequence '\d'
  """

[2026-04-15T16:29:21.308+0000] {warnings.py:112} WARNING - /home/***/.local/lib/python3.12/site-packages/azure/synapse/artifacts/models/_models_py3.py:41359: SyntaxWarning: invalid escape sequence '\d'
  """A copy activity ODBC sink.

[2026-04-15T16:29:21.309+0000] {warnings.py:112} WARNING - /home/***/.local/lib/python3.12/site-packages/azure/synapse/artifacts/models/_models_py3.py:41415: SyntaxWarning: invalid escape sequence '\d'
  """

[2026-04-15T16:29:21.310+0000] {warnings.py:112} WARNING - /home/***/.local/lib/python3.12/site-packages/azure/synapse/artifacts/models/_models_py3.py:41452: SyntaxWarning: invalid escape sequence '\d'
  """A copy activity source for ODBC databases.

[2026-04-15T16:29:21.312+0000] {warnings.py:112} WARNING - /home/***/.local/lib/python3.12/site-packages/azure/synapse/artifacts/models/_models_py3.py:41507: SyntaxWarning: invalid escape sequence '\d'
  """

[2026-04-15T16:29:21.313+0000] {warnings.py:112} WARNING - /home/***/.local/lib/python3.12/site-packages/azure/synapse/artifacts/models/_models_py3.py:41875: SyntaxWarning: invalid escape sequence '\d'
  """A copy activity source for an Office 365 service.

[2026-04-15T16:29:21.314+0000] {warnings.py:112} WARNING - /home/***/.local/lib/python3.12/site-packages/azure/synapse/artifacts/models/_models_py3.py:41947: SyntaxWarning: invalid escape sequence '\d'
  """

[2026-04-15T16:29:21.328+0000] {warnings.py:112} WARNING - /home/***/.local/lib/python3.12/site-packages/azure/synapse/artifacts/models/_models_py3.py:42441: SyntaxWarning: invalid escape sequence '\d'
  """A copy activity Oracle Service Cloud source.

[2026-04-15T16:29:21.329+0000] {warnings.py:112} WARNING - /home/***/.local/lib/python3.12/site-packages/azure/synapse/artifacts/models/_models_py3.py:42497: SyntaxWarning: invalid escape sequence '\d'
  """

[2026-04-15T16:29:21.329+0000] {warnings.py:112} WARNING - /home/***/.local/lib/python3.12/site-packages/azure/synapse/artifacts/models/_models_py3.py:42534: SyntaxWarning: invalid escape sequence '\d'
  """A copy activity Oracle sink.

[2026-04-15T16:29:21.330+0000] {warnings.py:112} WARNING - /home/***/.local/lib/python3.12/site-packages/azure/synapse/artifacts/models/_models_py3.py:42590: SyntaxWarning: invalid escape sequence '\d'
  """

[2026-04-15T16:29:21.331+0000] {warnings.py:112} WARNING - /home/***/.local/lib/python3.12/site-packages/azure/synapse/artifacts/models/_models_py3.py:42627: SyntaxWarning: invalid escape sequence '\d'
  """A copy activity Oracle source.

[2026-04-15T16:29:21.331+0000] {warnings.py:112} WARNING - /home/***/.local/lib/python3.12/site-packages/azure/synapse/artifacts/models/_models_py3.py:42692: SyntaxWarning: invalid escape sequence '\d'
  """

[2026-04-15T16:29:21.333+0000] {warnings.py:112} WARNING - /home/***/.local/lib/python3.12/site-packages/azure/synapse/artifacts/models/_models_py3.py:43020: SyntaxWarning: invalid escape sequence '\d'
  """A copy activity ORC sink.

[2026-04-15T16:29:21.333+0000] {warnings.py:112} WARNING - /home/***/.local/lib/python3.12/site-packages/azure/synapse/artifacts/models/_models_py3.py:43079: SyntaxWarning: invalid escape sequence '\d'
  """

[2026-04-15T16:29:21.334+0000] {warnings.py:112} WARNING - /home/***/.local/lib/python3.12/site-packages/azure/synapse/artifacts/models/_models_py3.py:43118: SyntaxWarning: invalid escape sequence '\d'
  """A copy activity ORC source.

[2026-04-15T16:29:21.335+0000] {warnings.py:112} WARNING - /home/***/.local/lib/python3.12/site-packages/azure/synapse/artifacts/models/_models_py3.py:43168: SyntaxWarning: invalid escape sequence '\d'
  """

[2026-04-15T16:29:21.336+0000] {warnings.py:112} WARNING - /home/***/.local/lib/python3.12/site-packages/azure/synapse/artifacts/models/_models_py3.py:43514: SyntaxWarning: invalid escape sequence '\d'
  """A copy activity Parquet sink.

[2026-04-15T16:29:21.337+0000] {warnings.py:112} WARNING - /home/***/.local/lib/python3.12/site-packages/azure/synapse/artifacts/models/_models_py3.py:43573: SyntaxWarning: invalid escape sequence '\d'
  """

[2026-04-15T16:29:21.337+0000] {warnings.py:112} WARNING - /home/***/.local/lib/python3.12/site-packages/azure/synapse/artifacts/models/_models_py3.py:43612: SyntaxWarning: invalid escape sequence '\d'
  """A copy activity Parquet source.

[2026-04-15T16:29:21.338+0000] {warnings.py:112} WARNING - /home/***/.local/lib/python3.12/site-packages/azure/synapse/artifacts/models/_models_py3.py:43666: SyntaxWarning: invalid escape sequence '\d'
  """

[2026-04-15T16:29:21.339+0000] {warnings.py:112} WARNING - /home/***/.local/lib/python3.12/site-packages/azure/synapse/artifacts/models/_models_py3.py:43989: SyntaxWarning: invalid escape sequence '\d'
  """A copy activity Paypal Service source.

[2026-04-15T16:29:21.340+0000] {warnings.py:112} WARNING - /home/***/.local/lib/python3.12/site-packages/azure/synapse/artifacts/models/_models_py3.py:44045: SyntaxWarning: invalid escape sequence '\d'
  """

[2026-04-15T16:29:21.343+0000] {warnings.py:112} WARNING - /home/***/.local/lib/python3.12/site-packages/azure/synapse/artifacts/models/_models_py3.py:44386: SyntaxWarning: invalid escape sequence '\d'
  """A copy activity Phoenix server source.

[2026-04-15T16:29:21.344+0000] {warnings.py:112} WARNING - /home/***/.local/lib/python3.12/site-packages/azure/synapse/artifacts/models/_models_py3.py:44442: SyntaxWarning: invalid escape sequence '\d'
  """

[2026-04-15T16:29:21.348+0000] {warnings.py:112} WARNING - /home/***/.local/lib/python3.12/site-packages/azure/synapse/artifacts/models/_models_py3.py:45003: SyntaxWarning: invalid escape sequence '\d'
  """A copy activity source for PostgreSQL databases.

[2026-04-15T16:29:21.349+0000] {warnings.py:112} WARNING - /home/***/.local/lib/python3.12/site-packages/azure/synapse/artifacts/models/_models_py3.py:45058: SyntaxWarning: invalid escape sequence '\d'
  """

[2026-04-15T16:29:21.350+0000] {warnings.py:112} WARNING - /home/***/.local/lib/python3.12/site-packages/azure/synapse/artifacts/models/_models_py3.py:45444: SyntaxWarning: invalid escape sequence '\d'
  """A copy activity source for PostgreSQL databases.

[2026-04-15T16:29:21.351+0000] {warnings.py:112} WARNING - /home/***/.local/lib/python3.12/site-packages/azure/synapse/artifacts/models/_models_py3.py:45499: SyntaxWarning: invalid escape sequence '\d'
  """

[2026-04-15T16:29:21.353+0000] {warnings.py:112} WARNING - /home/***/.local/lib/python3.12/site-packages/azure/synapse/artifacts/models/_models_py3.py:46042: SyntaxWarning: invalid escape sequence '\d'
  """A copy activity Presto server source.

[2026-04-15T16:29:21.353+0000] {warnings.py:112} WARNING - /home/***/.local/lib/python3.12/site-packages/azure/synapse/artifacts/models/_models_py3.py:46098: SyntaxWarning: invalid escape sequence '\d'
  """

[2026-04-15T16:29:21.355+0000] {warnings.py:112} WARNING - /home/***/.local/lib/python3.12/site-packages/azure/synapse/artifacts/models/_models_py3.py:46702: SyntaxWarning: invalid escape sequence '\d'
  """A copy activity QuickBooks server source.

[2026-04-15T16:29:21.355+0000] {warnings.py:112} WARNING - /home/***/.local/lib/python3.12/site-packages/azure/synapse/artifacts/models/_models_py3.py:46758: SyntaxWarning: invalid escape sequence '\d'
  """

[2026-04-15T16:29:21.359+0000] {warnings.py:112} WARNING - /home/***/.local/lib/python3.12/site-packages/azure/synapse/artifacts/models/_models_py3.py:47000: SyntaxWarning: invalid escape sequence '\d'
  """A copy activity source for various relational databases.

[2026-04-15T16:29:21.360+0000] {warnings.py:112} WARNING - /home/***/.local/lib/python3.12/site-packages/azure/synapse/artifacts/models/_models_py3.py:47050: SyntaxWarning: invalid escape sequence '\d'
  """

[2026-04-15T16:29:21.362+0000] {warnings.py:112} WARNING - /home/***/.local/lib/python3.12/site-packages/azure/synapse/artifacts/models/_models_py3.py:47648: SyntaxWarning: invalid escape sequence '\d'
  """A copy activity Responsys source.

[2026-04-15T16:29:21.362+0000] {warnings.py:112} WARNING - /home/***/.local/lib/python3.12/site-packages/azure/synapse/artifacts/models/_models_py3.py:47704: SyntaxWarning: invalid escape sequence '\d'
  """

[2026-04-15T16:29:21.364+0000] {warnings.py:112} WARNING - /home/***/.local/lib/python3.12/site-packages/azure/synapse/artifacts/models/_models_py3.py:48113: SyntaxWarning: invalid escape sequence '\d'
  """A copy activity Rest service Sink.

[2026-04-15T16:29:21.365+0000] {warnings.py:112} WARNING - /home/***/.local/lib/python3.12/site-packages/azure/synapse/artifacts/models/_models_py3.py:48190: SyntaxWarning: invalid escape sequence '\d'
  """

[2026-04-15T16:29:21.365+0000] {warnings.py:112} WARNING - /home/***/.local/lib/python3.12/site-packages/azure/synapse/artifacts/models/_models_py3.py:48244: SyntaxWarning: invalid escape sequence '\d'
  """A copy activity Rest service source.

[2026-04-15T16:29:21.366+0000] {warnings.py:112} WARNING - /home/***/.local/lib/python3.12/site-packages/azure/synapse/artifacts/models/_models_py3.py:48321: SyntaxWarning: invalid escape sequence '\d'
  """

[2026-04-15T16:29:21.368+0000] {warnings.py:112} WARNING - /home/***/.local/lib/python3.12/site-packages/azure/synapse/artifacts/models/_models_py3.py:49499: SyntaxWarning: invalid escape sequence '\d'
  """A copy activity Salesforce Marketing Cloud source.

[2026-04-15T16:29:21.369+0000] {warnings.py:112} WARNING - /home/***/.local/lib/python3.12/site-packages/azure/synapse/artifacts/models/_models_py3.py:49555: SyntaxWarning: invalid escape sequence '\d'
  """

[2026-04-15T16:29:21.370+0000] {warnings.py:112} WARNING - /home/***/.local/lib/python3.12/site-packages/azure/synapse/artifacts/models/_models_py3.py:49932: SyntaxWarning: invalid escape sequence '\d'
  """A copy activity Salesforce Service Cloud sink.

[2026-04-15T16:29:21.371+0000] {warnings.py:112} WARNING - /home/***/.local/lib/python3.12/site-packages/azure/synapse/artifacts/models/_models_py3.py:50002: SyntaxWarning: invalid escape sequence '\d'
  """

[2026-04-15T16:29:21.371+0000] {warnings.py:112} WARNING - /home/***/.local/lib/python3.12/site-packages/azure/synapse/artifacts/models/_models_py3.py:50052: SyntaxWarning: invalid escape sequence '\d'
  """A copy activity Salesforce Service Cloud source.

[2026-04-15T16:29:21.372+0000] {warnings.py:112} WARNING - /home/***/.local/lib/python3.12/site-packages/azure/synapse/artifacts/models/_models_py3.py:50107: SyntaxWarning: invalid escape sequence '\d'
  """

[2026-04-15T16:29:21.373+0000] {warnings.py:112} WARNING - /home/***/.local/lib/python3.12/site-packages/azure/synapse/artifacts/models/_models_py3.py:50379: SyntaxWarning: invalid escape sequence '\d'
  """A copy activity Salesforce Service Cloud V2 sink.

[2026-04-15T16:29:21.374+0000] {warnings.py:112} WARNING - /home/***/.local/lib/python3.12/site-packages/azure/synapse/artifacts/models/_models_py3.py:50449: SyntaxWarning: invalid escape sequence '\d'
  """

[2026-04-15T16:29:21.375+0000] {warnings.py:112} WARNING - /home/***/.local/lib/python3.12/site-packages/azure/synapse/artifacts/models/_models_py3.py:50499: SyntaxWarning: invalid escape sequence '\d'
  """A copy activity Salesforce Service Cloud V2 source.

[2026-04-15T16:29:21.377+0000] {warnings.py:112} WARNING - /home/***/.local/lib/python3.12/site-packages/azure/synapse/artifacts/models/_models_py3.py:50554: SyntaxWarning: invalid escape sequence '\d'
  """

[2026-04-15T16:29:21.377+0000] {warnings.py:112} WARNING - /home/***/.local/lib/python3.12/site-packages/azure/synapse/artifacts/models/_models_py3.py:50590: SyntaxWarning: invalid escape sequence '\d'
  """A copy activity Salesforce sink.

[2026-04-15T16:29:21.378+0000] {warnings.py:112} WARNING - /home/***/.local/lib/python3.12/site-packages/azure/synapse/artifacts/models/_models_py3.py:50660: SyntaxWarning: invalid escape sequence '\d'
  """

[2026-04-15T16:29:21.379+0000] {warnings.py:112} WARNING - /home/***/.local/lib/python3.12/site-packages/azure/synapse/artifacts/models/_models_py3.py:50710: SyntaxWarning: invalid escape sequence '\d'
  """A copy activity Salesforce source.

[2026-04-15T16:29:21.379+0000] {warnings.py:112} WARNING - /home/***/.local/lib/python3.12/site-packages/azure/synapse/artifacts/models/_models_py3.py:50770: SyntaxWarning: invalid escape sequence '\d'
  """

[2026-04-15T16:29:21.381+0000] {warnings.py:112} WARNING - /home/***/.local/lib/python3.12/site-packages/azure/synapse/artifacts/models/_models_py3.py:51046: SyntaxWarning: invalid escape sequence '\d'
  """A copy activity Salesforce V2 sink.

[2026-04-15T16:29:21.381+0000] {warnings.py:112} WARNING - /home/***/.local/lib/python3.12/site-packages/azure/synapse/artifacts/models/_models_py3.py:51116: SyntaxWarning: invalid escape sequence '\d'
  """

[2026-04-15T16:29:21.382+0000] {warnings.py:112} WARNING - /home/***/.local/lib/python3.12/site-packages/azure/synapse/artifacts/models/_models_py3.py:51166: SyntaxWarning: invalid escape sequence '\d'
  """A copy activity Salesforce V2 source.

[2026-04-15T16:29:21.383+0000] {warnings.py:112} WARNING - /home/***/.local/lib/python3.12/site-packages/azure/synapse/artifacts/models/_models_py3.py:51226: SyntaxWarning: invalid escape sequence '\d'
  """

[2026-04-15T16:29:21.383+0000] {warnings.py:112} WARNING - /home/***/.local/lib/python3.12/site-packages/azure/synapse/artifacts/models/_models_py3.py:51485: SyntaxWarning: invalid escape sequence '\d'
  """A copy activity source for SapBW server via MDX.

[2026-04-15T16:29:21.384+0000] {warnings.py:112} WARNING - /home/***/.local/lib/python3.12/site-packages/azure/synapse/artifacts/models/_models_py3.py:51540: SyntaxWarning: invalid escape sequence '\d'
  """

[2026-04-15T16:29:21.385+0000] {warnings.py:112} WARNING - /home/***/.local/lib/python3.12/site-packages/azure/synapse/artifacts/models/_models_py3.py:51787: SyntaxWarning: invalid escape sequence '\d'
  """A copy activity SAP Cloud for Customer sink.

[2026-04-15T16:29:21.386+0000] {warnings.py:112} WARNING - /home/***/.local/lib/python3.12/site-packages/azure/synapse/artifacts/models/_models_py3.py:51851: SyntaxWarning: invalid escape sequence '\d'
  """

[2026-04-15T16:29:21.386+0000] {warnings.py:112} WARNING - /home/***/.local/lib/python3.12/site-packages/azure/synapse/artifacts/models/_models_py3.py:51895: SyntaxWarning: invalid escape sequence '\d'
  """A copy activity source for SAP Cloud for Customer source.

[2026-04-15T16:29:21.387+0000] {warnings.py:112} WARNING - /home/***/.local/lib/python3.12/site-packages/azure/synapse/artifacts/models/_models_py3.py:51958: SyntaxWarning: invalid escape sequence '\d'
  """

[2026-04-15T16:29:21.388+0000] {warnings.py:112} WARNING - /home/***/.local/lib/python3.12/site-packages/azure/synapse/artifacts/models/_models_py3.py:52212: SyntaxWarning: invalid escape sequence '\d'
  """A copy activity source for SAP ECC source.

[2026-04-15T16:29:21.389+0000] {warnings.py:112} WARNING - /home/***/.local/lib/python3.12/site-packages/azure/synapse/artifacts/models/_models_py3.py:52275: SyntaxWarning: invalid escape sequence '\d'
  """

[2026-04-15T16:29:21.392+0000] {warnings.py:112} WARNING - /home/***/.local/lib/python3.12/site-packages/azure/synapse/artifacts/models/_models_py3.py:52463: SyntaxWarning: invalid escape sequence '\d'
  """A copy activity source for SAP HANA source.

[2026-04-15T16:29:21.394+0000] {warnings.py:112} WARNING - /home/***/.local/lib/python3.12/site-packages/azure/synapse/artifacts/models/_models_py3.py:52532: SyntaxWarning: invalid escape sequence '\d'
  """

[2026-04-15T16:29:21.395+0000] {warnings.py:112} WARNING - /home/***/.local/lib/python3.12/site-packages/azure/synapse/artifacts/models/_models_py3.py:53040: SyntaxWarning: invalid escape sequence '\d'
  """A copy activity source for SAP ODP source.

[2026-04-15T16:29:21.396+0000] {warnings.py:112} WARNING - /home/***/.local/lib/python3.12/site-packages/azure/synapse/artifacts/models/_models_py3.py:53111: SyntaxWarning: invalid escape sequence '\d'
  """

[2026-04-15T16:29:21.397+0000] {warnings.py:112} WARNING - /home/***/.local/lib/python3.12/site-packages/azure/synapse/artifacts/models/_models_py3.py:53334: SyntaxWarning: invalid escape sequence '\d'
  """A copy activity source for SAP Business Warehouse Open Hub Destination source.

[2026-04-15T16:29:21.398+0000] {warnings.py:112} WARNING - /home/***/.local/lib/python3.12/site-packages/azure/synapse/artifacts/models/_models_py3.py:53407: SyntaxWarning: invalid escape sequence '\d'
  """

[2026-04-15T16:29:21.400+0000] {warnings.py:112} WARNING - /home/***/.local/lib/python3.12/site-packages/azure/synapse/artifacts/models/_models_py3.py:53961: SyntaxWarning: invalid escape sequence '\d'
  """A copy activity source for SAP Table source.

[2026-04-15T16:29:21.401+0000] {warnings.py:112} WARNING - /home/***/.local/lib/python3.12/site-packages/azure/synapse/artifacts/models/_models_py3.py:54059: SyntaxWarning: invalid escape sequence '\d'
  """

[2026-04-15T16:29:21.403+0000] {warnings.py:112} WARNING - /home/***/.local/lib/python3.12/site-packages/azure/synapse/artifacts/models/_models_py3.py:54322: SyntaxWarning: invalid escape sequence '\d'
  """Script activity type.

[2026-04-15T16:29:21.404+0000] {warnings.py:112} WARNING - /home/***/.local/lib/python3.12/site-packages/azure/synapse/artifacts/models/_models_py3.py:54398: SyntaxWarning: invalid escape sequence '\d'
  """

[2026-04-15T16:29:21.406+0000] {warnings.py:112} WARNING - /home/***/.local/lib/python3.12/site-packages/azure/synapse/artifacts/models/_models_py3.py:55022: SyntaxWarning: invalid escape sequence '\d'
  """A copy activity ServiceNow server source.

[2026-04-15T16:29:21.408+0000] {warnings.py:112} WARNING - /home/***/.local/lib/python3.12/site-packages/azure/synapse/artifacts/models/_models_py3.py:55078: SyntaxWarning: invalid escape sequence '\d'
  """

[2026-04-15T16:29:21.410+0000] {warnings.py:112} WARNING - /home/***/.local/lib/python3.12/site-packages/azure/synapse/artifacts/models/_models_py3.py:55310: SyntaxWarning: invalid escape sequence '\d'
  """A copy activity ServiceNowV2 server source.

[2026-04-15T16:29:21.411+0000] {warnings.py:112} WARNING - /home/***/.local/lib/python3.12/site-packages/azure/synapse/artifacts/models/_models_py3.py:55365: SyntaxWarning: invalid escape sequence '\d'
  """

[2026-04-15T16:29:21.413+0000] {warnings.py:112} WARNING - /home/***/.local/lib/python3.12/site-packages/azure/synapse/artifacts/models/_models_py3.py:56196: SyntaxWarning: invalid escape sequence '\d'
  """A copy activity source for sharePoint online list source.

[2026-04-15T16:29:21.414+0000] {warnings.py:112} WARNING - /home/***/.local/lib/python3.12/site-packages/azure/synapse/artifacts/models/_models_py3.py:56248: SyntaxWarning: invalid escape sequence '\d'
  """

[2026-04-15T16:29:21.415+0000] {warnings.py:112} WARNING - /home/***/.local/lib/python3.12/site-packages/azure/synapse/artifacts/models/_models_py3.py:56508: SyntaxWarning: invalid escape sequence '\d'
  """A copy activity Shopify Service source.

[2026-04-15T16:29:21.416+0000] {warnings.py:112} WARNING - /home/***/.local/lib/python3.12/site-packages/azure/synapse/artifacts/models/_models_py3.py:56564: SyntaxWarning: invalid escape sequence '\d'
  """

[2026-04-15T16:29:21.417+0000] {warnings.py:112} WARNING - /home/***/.local/lib/python3.12/site-packages/azure/synapse/artifacts/models/_models_py3.py:57087: SyntaxWarning: invalid escape sequence '\d'
  """A copy activity snowflake sink.

[2026-04-15T16:29:21.418+0000] {warnings.py:112} WARNING - /home/***/.local/lib/python3.12/site-packages/azure/synapse/artifacts/models/_models_py3.py:57147: SyntaxWarning: invalid escape sequence '\d'
  """

[2026-04-15T16:29:21.418+0000] {warnings.py:112} WARNING - /home/***/.local/lib/python3.12/site-packages/azure/synapse/artifacts/models/_models_py3.py:57187: SyntaxWarning: invalid escape sequence '\d'
  """A copy activity snowflake source.

[2026-04-15T16:29:21.419+0000] {warnings.py:112} WARNING - /home/***/.local/lib/python3.12/site-packages/azure/synapse/artifacts/models/_models_py3.py:57237: SyntaxWarning: invalid escape sequence '\d'
  """

[2026-04-15T16:29:21.421+0000] {warnings.py:112} WARNING - /home/***/.local/lib/python3.12/site-packages/azure/synapse/artifacts/models/_models_py3.py:57560: SyntaxWarning: invalid escape sequence '\d'
  """A copy activity snowflake sink.

[2026-04-15T16:29:21.422+0000] {warnings.py:112} WARNING - /home/***/.local/lib/python3.12/site-packages/azure/synapse/artifacts/models/_models_py3.py:57620: SyntaxWarning: invalid escape sequence '\d'
  """

[2026-04-15T16:29:21.423+0000] {warnings.py:112} WARNING - /home/***/.local/lib/python3.12/site-packages/azure/synapse/artifacts/models/_models_py3.py:57660: SyntaxWarning: invalid escape sequence '\d'
  """A copy activity snowflake source.

[2026-04-15T16:29:21.424+0000] {warnings.py:112} WARNING - /home/***/.local/lib/python3.12/site-packages/azure/synapse/artifacts/models/_models_py3.py:57710: SyntaxWarning: invalid escape sequence '\d'
  """

[2026-04-15T16:29:21.428+0000] {warnings.py:112} WARNING - /home/***/.local/lib/python3.12/site-packages/azure/synapse/artifacts/models/_models_py3.py:59106: SyntaxWarning: invalid escape sequence '\d'
  """A copy activity Spark Server source.

[2026-04-15T16:29:21.429+0000] {warnings.py:112} WARNING - /home/***/.local/lib/python3.12/site-packages/azure/synapse/artifacts/models/_models_py3.py:59162: SyntaxWarning: invalid escape sequence '\d'
  """

[2026-04-15T16:29:21.430+0000] {warnings.py:112} WARNING - /home/***/.local/lib/python3.12/site-packages/azure/synapse/artifacts/models/_models_py3.py:59316: SyntaxWarning: invalid escape sequence '\d'
  """A copy activity SQL Data Warehouse sink.

[2026-04-15T16:29:21.431+0000] {warnings.py:112} WARNING - /home/***/.local/lib/python3.12/site-packages/azure/synapse/artifacts/models/_models_py3.py:59396: SyntaxWarning: invalid escape sequence '\d'
  """

[2026-04-15T16:29:21.432+0000] {warnings.py:112} WARNING - /home/***/.local/lib/python3.12/site-packages/azure/synapse/artifacts/models/_models_py3.py:59452: SyntaxWarning: invalid escape sequence '\d'
  """A copy activity SQL Data Warehouse source.

[2026-04-15T16:29:21.432+0000] {warnings.py:112} WARNING - /home/***/.local/lib/python3.12/site-packages/azure/synapse/artifacts/models/_models_py3.py:59535: SyntaxWarning: invalid escape sequence '\d'
  """

[2026-04-15T16:29:21.433+0000] {warnings.py:112} WARNING - /home/***/.local/lib/python3.12/site-packages/azure/synapse/artifacts/models/_models_py3.py:59594: SyntaxWarning: invalid escape sequence '\d'
  """A copy activity Azure SQL Managed Instance sink.

[2026-04-15T16:29:21.434+0000] {warnings.py:112} WARNING - /home/***/.local/lib/python3.12/site-packages/azure/synapse/artifacts/models/_models_py3.py:59677: SyntaxWarning: invalid escape sequence '\d'
  """

[2026-04-15T16:29:21.434+0000] {warnings.py:112} WARNING - /home/***/.local/lib/python3.12/site-packages/azure/synapse/artifacts/models/_models_py3.py:59733: SyntaxWarning: invalid escape sequence '\d'
  """A copy activity Azure SQL Managed Instance source.

[2026-04-15T16:29:21.435+0000] {warnings.py:112} WARNING - /home/***/.local/lib/python3.12/site-packages/azure/synapse/artifacts/models/_models_py3.py:59818: SyntaxWarning: invalid escape sequence '\d'
  """

[2026-04-15T16:29:21.437+0000] {warnings.py:112} WARNING - /home/***/.local/lib/python3.12/site-packages/azure/synapse/artifacts/models/_models_py3.py:60639: SyntaxWarning: invalid escape sequence '\d'
  """A copy activity SQL server sink.

[2026-04-15T16:29:21.438+0000] {warnings.py:112} WARNING - /home/***/.local/lib/python3.12/site-packages/azure/synapse/artifacts/models/_models_py3.py:60722: SyntaxWarning: invalid escape sequence '\d'
  """

[2026-04-15T16:29:21.438+0000] {warnings.py:112} WARNING - /home/***/.local/lib/python3.12/site-packages/azure/synapse/artifacts/models/_models_py3.py:60778: SyntaxWarning: invalid escape sequence '\d'
  """A copy activity SQL server source.

[2026-04-15T16:29:21.439+0000] {warnings.py:112} WARNING - /home/***/.local/lib/python3.12/site-packages/azure/synapse/artifacts/models/_models_py3.py:60863: SyntaxWarning: invalid escape sequence '\d'
  """

[2026-04-15T16:29:21.440+0000] {warnings.py:112} WARNING - /home/***/.local/lib/python3.12/site-packages/azure/synapse/artifacts/models/_models_py3.py:61167: SyntaxWarning: invalid escape sequence '\d'
  """A copy activity SQL sink.

[2026-04-15T16:29:21.442+0000] {warnings.py:112} WARNING - /home/***/.local/lib/python3.12/site-packages/azure/synapse/artifacts/models/_models_py3.py:61250: SyntaxWarning: invalid escape sequence '\d'
  """

[2026-04-15T16:29:21.443+0000] {warnings.py:112} WARNING - /home/***/.local/lib/python3.12/site-packages/azure/synapse/artifacts/models/_models_py3.py:61306: SyntaxWarning: invalid escape sequence '\d'
  """A copy activity SQL source.

[2026-04-15T16:29:21.444+0000] {warnings.py:112} WARNING - /home/***/.local/lib/python3.12/site-packages/azure/synapse/artifacts/models/_models_py3.py:61387: SyntaxWarning: invalid escape sequence '\d'
  """

[2026-04-15T16:29:21.445+0000] {warnings.py:112} WARNING - /home/***/.local/lib/python3.12/site-packages/azure/synapse/artifacts/models/_models_py3.py:61696: SyntaxWarning: invalid escape sequence '\d'
  """A copy activity Square Service source.

[2026-04-15T16:29:21.445+0000] {warnings.py:112} WARNING - /home/***/.local/lib/python3.12/site-packages/azure/synapse/artifacts/models/_models_py3.py:61752: SyntaxWarning: invalid escape sequence '\d'
  """

[2026-04-15T16:29:21.446+0000] {warnings.py:112} WARNING - /home/***/.local/lib/python3.12/site-packages/azure/synapse/artifacts/models/_models_py3.py:61954: SyntaxWarning: invalid escape sequence '\d'
  """SSIS package execution log location.

[2026-04-15T16:29:21.447+0000] {warnings.py:112} WARNING - /home/***/.local/lib/python3.12/site-packages/azure/synapse/artifacts/models/_models_py3.py:61992: SyntaxWarning: invalid escape sequence '\d'
  """

[2026-04-15T16:29:21.449+0000] {warnings.py:112} WARNING - /home/***/.local/lib/python3.12/site-packages/azure/synapse/artifacts/models/_models_py3.py:62660: SyntaxWarning: invalid escape sequence '\d'
  """A copy activity source for Sybase databases.

[2026-04-15T16:29:21.449+0000] {warnings.py:112} WARNING - /home/***/.local/lib/python3.12/site-packages/azure/synapse/artifacts/models/_models_py3.py:62715: SyntaxWarning: invalid escape sequence '\d'
  """

[2026-04-15T16:29:21.452+0000] {warnings.py:112} WARNING - /home/***/.local/lib/python3.12/site-packages/azure/synapse/artifacts/models/_models_py3.py:63882: SyntaxWarning: invalid escape sequence '\d'
  """A copy activity Teradata source.

[2026-04-15T16:29:21.453+0000] {warnings.py:112} WARNING - /home/***/.local/lib/python3.12/site-packages/azure/synapse/artifacts/models/_models_py3.py:63946: SyntaxWarning: invalid escape sequence '\d'
  """

[2026-04-15T16:29:21.455+0000] {warnings.py:112} WARNING - /home/***/.local/lib/python3.12/site-packages/azure/synapse/artifacts/models/_models_py3.py:64582: SyntaxWarning: invalid escape sequence '\d'
  """Trigger that schedules pipeline runs for all fixed time interval windows from a start time

[2026-04-15T16:29:21.456+0000] {warnings.py:112} WARNING - /home/***/.local/lib/python3.12/site-packages/azure/synapse/artifacts/models/_models_py3.py:64674: SyntaxWarning: invalid escape sequence '\d'
  """

[2026-04-15T16:29:21.457+0000] {warnings.py:112} WARNING - /home/***/.local/lib/python3.12/site-packages/azure/synapse/artifacts/models/_models_py3.py:64940: SyntaxWarning: invalid escape sequence '\d'
  """This activity executes inner activities until the specified boolean expression results to true

[2026-04-15T16:29:21.459+0000] {warnings.py:112} WARNING - /home/***/.local/lib/python3.12/site-packages/azure/synapse/artifacts/models/_models_py3.py:65014: SyntaxWarning: invalid escape sequence '\d'
  """

[2026-04-15T16:29:21.460+0000] {warnings.py:112} WARNING - /home/***/.local/lib/python3.12/site-packages/azure/synapse/artifacts/models/_models_py3.py:65117: SyntaxWarning: invalid escape sequence '\d'
  """This activity verifies that an external resource exists.

[2026-04-15T16:29:21.461+0000] {warnings.py:112} WARNING - /home/***/.local/lib/python3.12/site-packages/azure/synapse/artifacts/models/_models_py3.py:65199: SyntaxWarning: invalid escape sequence '\d'
  """

[2026-04-15T16:29:21.462+0000] {warnings.py:112} WARNING - /home/***/.local/lib/python3.12/site-packages/azure/synapse/artifacts/models/_models_py3.py:65385: SyntaxWarning: invalid escape sequence '\d'
  """A copy activity Vertica source.

[2026-04-15T16:29:21.463+0000] {warnings.py:112} WARNING - /home/***/.local/lib/python3.12/site-packages/azure/synapse/artifacts/models/_models_py3.py:65441: SyntaxWarning: invalid escape sequence '\d'
  """

[2026-04-15T16:29:21.464+0000] {warnings.py:112} WARNING - /home/***/.local/lib/python3.12/site-packages/azure/synapse/artifacts/models/_models_py3.py:65874: SyntaxWarning: invalid escape sequence '\d'
  """A copy activity Microsoft Fabric Warehouse sink.

[2026-04-15T16:29:21.465+0000] {warnings.py:112} WARNING - /home/***/.local/lib/python3.12/site-packages/azure/synapse/artifacts/models/_models_py3.py:65950: SyntaxWarning: invalid escape sequence '\d'
  """

[2026-04-15T16:29:21.465+0000] {warnings.py:112} WARNING - /home/***/.local/lib/python3.12/site-packages/azure/synapse/artifacts/models/_models_py3.py:66003: SyntaxWarning: invalid escape sequence '\d'
  """A copy activity Microsoft Fabric Warehouse source.

[2026-04-15T16:29:21.466+0000] {warnings.py:112} WARNING - /home/***/.local/lib/python3.12/site-packages/azure/synapse/artifacts/models/_models_py3.py:66087: SyntaxWarning: invalid escape sequence '\d'
  """

[2026-04-15T16:29:21.469+0000] {warnings.py:112} WARNING - /home/***/.local/lib/python3.12/site-packages/azure/synapse/artifacts/models/_models_py3.py:66686: SyntaxWarning: invalid escape sequence '\d'
  """WebHook activity.

[2026-04-15T16:29:21.470+0000] {warnings.py:112} WARNING - /home/***/.local/lib/python3.12/site-packages/azure/synapse/artifacts/models/_models_py3.py:66779: SyntaxWarning: invalid escape sequence '\d'
  """

[2026-04-15T16:29:21.471+0000] {warnings.py:112} WARNING - /home/***/.local/lib/python3.12/site-packages/azure/synapse/artifacts/models/_models_py3.py:66918: SyntaxWarning: invalid escape sequence '\d'
  """A copy activity source for web page table.

[2026-04-15T16:29:21.471+0000] {warnings.py:112} WARNING - /home/***/.local/lib/python3.12/site-packages/azure/synapse/artifacts/models/_models_py3.py:66964: SyntaxWarning: invalid escape sequence '\d'
  """

[2026-04-15T16:29:21.473+0000] {warnings.py:112} WARNING - /home/***/.local/lib/python3.12/site-packages/azure/synapse/artifacts/models/_models_py3.py:67735: SyntaxWarning: invalid escape sequence '\d'
  """A copy activity Xero Service source.

[2026-04-15T16:29:21.475+0000] {warnings.py:112} WARNING - /home/***/.local/lib/python3.12/site-packages/azure/synapse/artifacts/models/_models_py3.py:67791: SyntaxWarning: invalid escape sequence '\d'
  """

[2026-04-15T16:29:21.476+0000] {warnings.py:112} WARNING - /home/***/.local/lib/python3.12/site-packages/azure/synapse/artifacts/models/_models_py3.py:68043: SyntaxWarning: invalid escape sequence '\d'
  """A copy activity Xml source.

[2026-04-15T16:29:21.477+0000] {warnings.py:112} WARNING - /home/***/.local/lib/python3.12/site-packages/azure/synapse/artifacts/models/_models_py3.py:68097: SyntaxWarning: invalid escape sequence '\d'
  """

[2026-04-15T16:29:21.478+0000] {warnings.py:112} WARNING - /home/***/.local/lib/python3.12/site-packages/azure/synapse/artifacts/models/_models_py3.py:68532: SyntaxWarning: invalid escape sequence '\d'
  """A copy activity Zoho server source.

[2026-04-15T16:29:21.479+0000] {warnings.py:112} WARNING - /home/***/.local/lib/python3.12/site-packages/azure/synapse/artifacts/models/_models_py3.py:68588: SyntaxWarning: invalid escape sequence '\d'
  """

[2026-04-15T16:29:22.926+0000] {taskinstance.py:341} INFO - ::group::Post task execution logs
[2026-04-15T16:29:22.927+0000] {taskinstance.py:353} INFO - Marking task as SUCCESS. dag_id=kafka_producer, task_id=execute_update_layers, run_id=scheduled__2026-04-13T18:30:00+00:00, execution_date=20260413T183000, start_date=20260415T162917, end_date=20260415T162922
[2026-04-15T16:29:23.035+0000] {local_task_job_runner.py:266} INFO - Task exited with return code 0
[2026-04-15T16:29:23.064+0000] {taskinstance.py:3901} INFO - 0 downstream tasks scheduled from follow-on schedule check
[2026-04-15T16:29:23.080+0000] {local_task_job_runner.py:245} INFO - ::endgroup::
[2026-04-15T16:55:43.859+0000] {local_task_job_runner.py:123} INFO - ::group::Pre task execution logs
[2026-04-15T16:55:43.886+0000] {taskinstance.py:2614} INFO - Dependencies all met for dep_context=non-requeueable deps ti=<TaskInstance: kafka_producer.execute_update_layers scheduled__2026-04-13T18:30:00+00:00 [queued]>
[2026-04-15T16:55:43.899+0000] {taskinstance.py:2614} INFO - Dependencies all met for dep_context=requeueable deps ti=<TaskInstance: kafka_producer.execute_update_layers scheduled__2026-04-13T18:30:00+00:00 [queued]>
[2026-04-15T16:55:43.900+0000] {taskinstance.py:2867} INFO - Starting attempt 1 of 1
[2026-04-15T16:55:43.917+0000] {taskinstance.py:2890} INFO - Executing <Task(TriggerDagRunOperator): execute_update_layers> on 2026-04-13 18:30:00+00:00
[2026-04-15T16:55:43.924+0000] {warnings.py:112} WARNING - /home/***/.local/lib/python3.12/site-packages/***/task/task_runner/standard_task_runner.py:70: DeprecationWarning: This process (pid=55) is multi-threaded, use of fork() may lead to deadlocks in the child.
  pid = os.fork()

[2026-04-15T16:55:43.926+0000] {standard_task_runner.py:72} INFO - Started process 56 to run task
[2026-04-15T16:55:43.927+0000] {standard_task_runner.py:104} INFO - Running: ['***', 'tasks', 'run', 'kafka_producer', 'execute_update_layers', 'scheduled__2026-04-13T18:30:00+00:00', '--job-id', '3', '--raw', '--subdir', 'DAGS_FOLDER/kafka_load.py', '--cfg-path', '/tmp/tmpbj9vwtcu']
[2026-04-15T16:55:43.930+0000] {standard_task_runner.py:105} INFO - Job 3: Subtask execute_update_layers
[2026-04-15T16:55:43.995+0000] {task_command.py:467} INFO - Running <TaskInstance: kafka_producer.execute_update_layers scheduled__2026-04-13T18:30:00+00:00 [running]> on host a622c0004c83
[2026-04-15T16:55:44.098+0000] {taskinstance.py:3134} INFO - Exporting env vars: AIRFLOW_CTX_DAG_OWNER='***' AIRFLOW_CTX_DAG_ID='kafka_producer' AIRFLOW_CTX_TASK_ID='execute_update_layers' AIRFLOW_CTX_EXECUTION_DATE='2026-04-13T18:30:00+00:00' AIRFLOW_CTX_TRY_NUMBER='1' AIRFLOW_CTX_DAG_RUN_ID='scheduled__2026-04-13T18:30:00+00:00'
[2026-04-15T16:55:44.100+0000] {taskinstance.py:732} INFO - ::endgroup::
[2026-04-15T16:55:47.613+0000] {warnings.py:112} WARNING - /home/***/.local/lib/python3.12/site-packages/azure/synapse/artifacts/models/_models_py3.py:175: SyntaxWarning: invalid escape sequence '\d'
  """Execution policy for an activity.

[2026-04-15T16:55:47.614+0000] {warnings.py:112} WARNING - /home/***/.local/lib/python3.12/site-packages/azure/synapse/artifacts/models/_models_py3.py:222: SyntaxWarning: invalid escape sequence '\d'
  """

[2026-04-15T16:55:47.617+0000] {warnings.py:112} WARNING - /home/***/.local/lib/python3.12/site-packages/azure/synapse/artifacts/models/_models_py3.py:1151: SyntaxWarning: invalid escape sequence '\d'
  """A copy activity source.

[2026-04-15T16:55:47.617+0000] {warnings.py:112} WARNING - /home/***/.local/lib/python3.12/site-packages/azure/synapse/artifacts/models/_models_py3.py:1248: SyntaxWarning: invalid escape sequence '\d'
  """

[2026-04-15T16:55:47.618+0000] {warnings.py:112} WARNING - /home/***/.local/lib/python3.12/site-packages/azure/synapse/artifacts/models/_models_py3.py:1271: SyntaxWarning: invalid escape sequence '\d'
  """Copy activity sources of tabular type.

[2026-04-15T16:55:47.619+0000] {warnings.py:112} WARNING - /home/***/.local/lib/python3.12/site-packages/azure/synapse/artifacts/models/_models_py3.py:1406: SyntaxWarning: invalid escape sequence '\d'
  """

[2026-04-15T16:55:47.620+0000] {warnings.py:112} WARNING - /home/***/.local/lib/python3.12/site-packages/azure/synapse/artifacts/models/_models_py3.py:1439: SyntaxWarning: invalid escape sequence '\d'
  """A copy activity Amazon Marketplace Web Service source.

[2026-04-15T16:55:47.621+0000] {warnings.py:112} WARNING - /home/***/.local/lib/python3.12/site-packages/azure/synapse/artifacts/models/_models_py3.py:1495: SyntaxWarning: invalid escape sequence '\d'
  """

[2026-04-15T16:55:47.622+0000] {warnings.py:112} WARNING - /home/***/.local/lib/python3.12/site-packages/azure/synapse/artifacts/models/_models_py3.py:1683: SyntaxWarning: invalid escape sequence '\d'
  """A copy activity AmazonRdsForOracle source.

[2026-04-15T16:55:47.623+0000] {warnings.py:112} WARNING - /home/***/.local/lib/python3.12/site-packages/azure/synapse/artifacts/models/_models_py3.py:1750: SyntaxWarning: invalid escape sequence '\d'
  """

[2026-04-15T16:55:47.624+0000] {warnings.py:112} WARNING - /home/***/.local/lib/python3.12/site-packages/azure/synapse/artifacts/models/_models_py3.py:2025: SyntaxWarning: invalid escape sequence '\d'
  """A copy activity Amazon RDS for SQL Server source.

[2026-04-15T16:55:47.625+0000] {warnings.py:112} WARNING - /home/***/.local/lib/python3.12/site-packages/azure/synapse/artifacts/models/_models_py3.py:2110: SyntaxWarning: invalid escape sequence '\d'
  """

[2026-04-15T16:55:47.626+0000] {warnings.py:112} WARNING - /home/***/.local/lib/python3.12/site-packages/azure/synapse/artifacts/models/_models_py3.py:2407: SyntaxWarning: invalid escape sequence '\d'
  """A copy activity source for Amazon Redshift Source.

[2026-04-15T16:55:47.626+0000] {warnings.py:112} WARNING - /home/***/.local/lib/python3.12/site-packages/azure/synapse/artifacts/models/_models_py3.py:2468: SyntaxWarning: invalid escape sequence '\d'
  """

[2026-04-15T16:55:47.630+0000] {warnings.py:112} WARNING - /home/***/.local/lib/python3.12/site-packages/azure/synapse/artifacts/models/_models_py3.py:3987: SyntaxWarning: invalid escape sequence '\d'
  """A copy activity sink.

[2026-04-15T16:55:47.631+0000] {warnings.py:112} WARNING - /home/***/.local/lib/python3.12/site-packages/azure/synapse/artifacts/models/_models_py3.py:4096: SyntaxWarning: invalid escape sequence '\d'
  """

[2026-04-15T16:55:47.632+0000] {warnings.py:112} WARNING - /home/***/.local/lib/python3.12/site-packages/azure/synapse/artifacts/models/_models_py3.py:4127: SyntaxWarning: invalid escape sequence '\d'
  """A copy activity Avro sink.

[2026-04-15T16:55:47.632+0000] {warnings.py:112} WARNING - /home/***/.local/lib/python3.12/site-packages/azure/synapse/artifacts/models/_models_py3.py:4186: SyntaxWarning: invalid escape sequence '\d'
  """

[2026-04-15T16:55:47.633+0000] {warnings.py:112} WARNING - /home/***/.local/lib/python3.12/site-packages/azure/synapse/artifacts/models/_models_py3.py:4225: SyntaxWarning: invalid escape sequence '\d'
  """A copy activity Avro source.

[2026-04-15T16:55:47.633+0000] {warnings.py:112} WARNING - /home/***/.local/lib/python3.12/site-packages/azure/synapse/artifacts/models/_models_py3.py:4275: SyntaxWarning: invalid escape sequence '\d'
  """

[2026-04-15T16:55:47.636+0000] {warnings.py:112} WARNING - /home/***/.local/lib/python3.12/site-packages/azure/synapse/artifacts/models/_models_py3.py:5209: SyntaxWarning: invalid escape sequence '\d'
  """A copy activity Azure Data Lake Storage Gen2 sink.

[2026-04-15T16:55:47.638+0000] {warnings.py:112} WARNING - /home/***/.local/lib/python3.12/site-packages/azure/synapse/artifacts/models/_models_py3.py:5265: SyntaxWarning: invalid escape sequence '\d'
  """

[2026-04-15T16:55:47.639+0000] {warnings.py:112} WARNING - /home/***/.local/lib/python3.12/site-packages/azure/synapse/artifacts/models/_models_py3.py:5302: SyntaxWarning: invalid escape sequence '\d'
  """A copy activity Azure BlobFS source.

[2026-04-15T16:55:47.639+0000] {warnings.py:112} WARNING - /home/***/.local/lib/python3.12/site-packages/azure/synapse/artifacts/models/_models_py3.py:5358: SyntaxWarning: invalid escape sequence '\d'
  """

[2026-04-15T16:55:47.642+0000] {warnings.py:112} WARNING - /home/***/.local/lib/python3.12/site-packages/azure/synapse/artifacts/models/_models_py3.py:6437: SyntaxWarning: invalid escape sequence '\d'
  """A copy activity Azure Databricks Delta Lake sink.

[2026-04-15T16:55:47.643+0000] {warnings.py:112} WARNING - /home/***/.local/lib/python3.12/site-packages/azure/synapse/artifacts/models/_models_py3.py:6497: SyntaxWarning: invalid escape sequence '\d'
  """

[2026-04-15T16:55:47.643+0000] {warnings.py:112} WARNING - /home/***/.local/lib/python3.12/site-packages/azure/synapse/artifacts/models/_models_py3.py:6538: SyntaxWarning: invalid escape sequence '\d'
  """A copy activity Azure Databricks Delta Lake source.

[2026-04-15T16:55:47.644+0000] {warnings.py:112} WARNING - /home/***/.local/lib/python3.12/site-packages/azure/synapse/artifacts/models/_models_py3.py:6588: SyntaxWarning: invalid escape sequence '\d'
  """

[2026-04-15T16:55:47.646+0000] {warnings.py:112} WARNING - /home/***/.local/lib/python3.12/site-packages/azure/synapse/artifacts/models/_models_py3.py:7023: SyntaxWarning: invalid escape sequence '\d'
  """Azure Data Explorer command activity.

[2026-04-15T16:55:47.646+0000] {warnings.py:112} WARNING - /home/***/.local/lib/python3.12/site-packages/azure/synapse/artifacts/models/_models_py3.py:7096: SyntaxWarning: invalid escape sequence '\d'
  """

[2026-04-15T16:55:47.647+0000] {warnings.py:112} WARNING - /home/***/.local/lib/python3.12/site-packages/azure/synapse/artifacts/models/_models_py3.py:7267: SyntaxWarning: invalid escape sequence '\d'
  """A copy activity Azure Data Explorer sink.

[2026-04-15T16:55:47.648+0000] {warnings.py:112} WARNING - /home/***/.local/lib/python3.12/site-packages/azure/synapse/artifacts/models/_models_py3.py:7333: SyntaxWarning: invalid escape sequence '\d'
  """

[2026-04-15T16:55:47.649+0000] {warnings.py:112} WARNING - /home/***/.local/lib/python3.12/site-packages/azure/synapse/artifacts/models/_models_py3.py:7378: SyntaxWarning: invalid escape sequence '\d'
  """A copy activity Azure Data Explorer (Kusto) source.

[2026-04-15T16:55:47.649+0000] {warnings.py:112} WARNING - /home/***/.local/lib/python3.12/site-packages/azure/synapse/artifacts/models/_models_py3.py:7440: SyntaxWarning: invalid escape sequence '\d'
  """

[2026-04-15T16:55:47.652+0000] {warnings.py:112} WARNING - /home/***/.local/lib/python3.12/site-packages/azure/synapse/artifacts/models/_models_py3.py:8222: SyntaxWarning: invalid escape sequence '\d'
  """A copy activity Azure Data Lake Store sink.

[2026-04-15T16:55:47.653+0000] {warnings.py:112} WARNING - /home/***/.local/lib/python3.12/site-packages/azure/synapse/artifacts/models/_models_py3.py:8282: SyntaxWarning: invalid escape sequence '\d'
  """

[2026-04-15T16:55:47.653+0000] {warnings.py:112} WARNING - /home/***/.local/lib/python3.12/site-packages/azure/synapse/artifacts/models/_models_py3.py:8322: SyntaxWarning: invalid escape sequence '\d'
  """A copy activity Azure Data Lake source.

[2026-04-15T16:55:47.654+0000] {warnings.py:112} WARNING - /home/***/.local/lib/python3.12/site-packages/azure/synapse/artifacts/models/_models_py3.py:8368: SyntaxWarning: invalid escape sequence '\d'
  """

[2026-04-15T16:55:47.657+0000] {warnings.py:112} WARNING - /home/***/.local/lib/python3.12/site-packages/azure/synapse/artifacts/models/_models_py3.py:9475: SyntaxWarning: invalid escape sequence '\d'
  """A copy activity Azure MariaDB source.

[2026-04-15T16:55:47.657+0000] {warnings.py:112} WARNING - /home/***/.local/lib/python3.12/site-packages/azure/synapse/artifacts/models/_models_py3.py:9531: SyntaxWarning: invalid escape sequence '\d'
  """

[2026-04-15T16:55:47.660+0000] {warnings.py:112} WARNING - /home/***/.local/lib/python3.12/site-packages/azure/synapse/artifacts/models/_models_py3.py:10532: SyntaxWarning: invalid escape sequence '\d'
  """A copy activity Azure MySql sink.

[2026-04-15T16:55:47.661+0000] {warnings.py:112} WARNING - /home/***/.local/lib/python3.12/site-packages/azure/synapse/artifacts/models/_models_py3.py:10588: SyntaxWarning: invalid escape sequence '\d'
  """

[2026-04-15T16:55:47.661+0000] {warnings.py:112} WARNING - /home/***/.local/lib/python3.12/site-packages/azure/synapse/artifacts/models/_models_py3.py:10625: SyntaxWarning: invalid escape sequence '\d'
  """A copy activity Azure MySQL source.

[2026-04-15T16:55:47.662+0000] {warnings.py:112} WARNING - /home/***/.local/lib/python3.12/site-packages/azure/synapse/artifacts/models/_models_py3.py:10680: SyntaxWarning: invalid escape sequence '\d'
  """

[2026-04-15T16:55:47.665+0000] {warnings.py:112} WARNING - /home/***/.local/lib/python3.12/site-packages/azure/synapse/artifacts/models/_models_py3.py:10923: SyntaxWarning: invalid escape sequence '\d'
  """A copy activity Azure PostgreSQL sink.

[2026-04-15T16:55:47.666+0000] {warnings.py:112} WARNING - /home/***/.local/lib/python3.12/site-packages/azure/synapse/artifacts/models/_models_py3.py:10979: SyntaxWarning: invalid escape sequence '\d'
  """

[2026-04-15T16:55:47.667+0000] {warnings.py:112} WARNING - /home/***/.local/lib/python3.12/site-packages/azure/synapse/artifacts/models/_models_py3.py:11016: SyntaxWarning: invalid escape sequence '\d'
  """A copy activity Azure PostgreSQL source.

[2026-04-15T16:55:47.668+0000] {warnings.py:112} WARNING - /home/***/.local/lib/python3.12/site-packages/azure/synapse/artifacts/models/_models_py3.py:11072: SyntaxWarning: invalid escape sequence '\d'
  """

[2026-04-15T16:55:47.670+0000] {warnings.py:112} WARNING - /home/***/.local/lib/python3.12/site-packages/azure/synapse/artifacts/models/_models_py3.py:11231: SyntaxWarning: invalid escape sequence '\d'
  """A copy activity Azure Queue sink.

[2026-04-15T16:55:47.670+0000] {warnings.py:112} WARNING - /home/***/.local/lib/python3.12/site-packages/azure/synapse/artifacts/models/_models_py3.py:11282: SyntaxWarning: invalid escape sequence '\d'
  """

[2026-04-15T16:55:47.671+0000] {warnings.py:112} WARNING - /home/***/.local/lib/python3.12/site-packages/azure/synapse/artifacts/models/_models_py3.py:11420: SyntaxWarning: invalid escape sequence '\d'
  """A copy activity Azure Search Index sink.

[2026-04-15T16:55:47.672+0000] {warnings.py:112} WARNING - /home/***/.local/lib/python3.12/site-packages/azure/synapse/artifacts/models/_models_py3.py:11477: SyntaxWarning: invalid escape sequence '\d'
  """

[2026-04-15T16:55:47.674+0000] {warnings.py:112} WARNING - /home/***/.local/lib/python3.12/site-packages/azure/synapse/artifacts/models/_models_py3.py:12300: SyntaxWarning: invalid escape sequence '\d'
  """A copy activity Azure SQL sink.

[2026-04-15T16:55:47.675+0000] {warnings.py:112} WARNING - /home/***/.local/lib/python3.12/site-packages/azure/synapse/artifacts/models/_models_py3.py:12383: SyntaxWarning: invalid escape sequence '\d'
  """

[2026-04-15T16:55:47.675+0000] {warnings.py:112} WARNING - /home/***/.local/lib/python3.12/site-packages/azure/synapse/artifacts/models/_models_py3.py:12439: SyntaxWarning: invalid escape sequence '\d'
  """A copy activity Azure SQL source.

[2026-04-15T16:55:47.676+0000] {warnings.py:112} WARNING - /home/***/.local/lib/python3.12/site-packages/azure/synapse/artifacts/models/_models_py3.py:12524: SyntaxWarning: invalid escape sequence '\d'
  """

[2026-04-15T16:55:47.677+0000] {warnings.py:112} WARNING - /home/***/.local/lib/python3.12/site-packages/azure/synapse/artifacts/models/_models_py3.py:13019: SyntaxWarning: invalid escape sequence '\d'
  """A copy activity Azure Table sink.

[2026-04-15T16:55:47.678+0000] {warnings.py:112} WARNING - /home/***/.local/lib/python3.12/site-packages/azure/synapse/artifacts/models/_models_py3.py:13090: SyntaxWarning: invalid escape sequence '\d'
  """

[2026-04-15T16:55:47.678+0000] {warnings.py:112} WARNING - /home/***/.local/lib/python3.12/site-packages/azure/synapse/artifacts/models/_models_py3.py:13139: SyntaxWarning: invalid escape sequence '\d'
  """A copy activity Azure Table source.

[2026-04-15T16:55:47.679+0000] {warnings.py:112} WARNING - /home/***/.local/lib/python3.12/site-packages/azure/synapse/artifacts/models/_models_py3.py:13200: SyntaxWarning: invalid escape sequence '\d'
  """

[2026-04-15T16:55:47.681+0000] {warnings.py:112} WARNING - /home/***/.local/lib/python3.12/site-packages/azure/synapse/artifacts/models/_models_py3.py:13886: SyntaxWarning: invalid escape sequence '\d'
  """A copy activity Binary sink.

[2026-04-15T16:55:47.682+0000] {warnings.py:112} WARNING - /home/***/.local/lib/python3.12/site-packages/azure/synapse/artifacts/models/_models_py3.py:13941: SyntaxWarning: invalid escape sequence '\d'
  """

[2026-04-15T16:55:47.682+0000] {warnings.py:112} WARNING - /home/***/.local/lib/python3.12/site-packages/azure/synapse/artifacts/models/_models_py3.py:13977: SyntaxWarning: invalid escape sequence '\d'
  """A copy activity Binary source.

[2026-04-15T16:55:47.683+0000] {warnings.py:112} WARNING - /home/***/.local/lib/python3.12/site-packages/azure/synapse/artifacts/models/_models_py3.py:14026: SyntaxWarning: invalid escape sequence '\d'
  """

[2026-04-15T16:55:47.684+0000] {warnings.py:112} WARNING - /home/***/.local/lib/python3.12/site-packages/azure/synapse/artifacts/models/_models_py3.py:14318: SyntaxWarning: invalid escape sequence '\d'
  """A copy activity Azure Blob sink.

[2026-04-15T16:55:47.685+0000] {warnings.py:112} WARNING - /home/***/.local/lib/python3.12/site-packages/azure/synapse/artifacts/models/_models_py3.py:14388: SyntaxWarning: invalid escape sequence '\d'
  """

[2026-04-15T16:55:47.686+0000] {warnings.py:112} WARNING - /home/***/.local/lib/python3.12/site-packages/azure/synapse/artifacts/models/_models_py3.py:14436: SyntaxWarning: invalid escape sequence '\d'
  """A copy activity Azure Blob source.

[2026-04-15T16:55:47.686+0000] {warnings.py:112} WARNING - /home/***/.local/lib/python3.12/site-packages/azure/synapse/artifacts/models/_models_py3.py:14492: SyntaxWarning: invalid escape sequence '\d'
  """

[2026-04-15T16:55:47.687+0000] {warnings.py:112} WARNING - /home/***/.local/lib/python3.12/site-packages/azure/synapse/artifacts/models/_models_py3.py:14744: SyntaxWarning: invalid escape sequence '\d'
  """A copy activity source for a Cassandra database.

[2026-04-15T16:55:47.688+0000] {warnings.py:112} WARNING - /home/***/.local/lib/python3.12/site-packages/azure/synapse/artifacts/models/_models_py3.py:14810: SyntaxWarning: invalid escape sequence '\d'
  """

[2026-04-15T16:55:47.690+0000] {warnings.py:112} WARNING - /home/***/.local/lib/python3.12/site-packages/azure/synapse/artifacts/models/_models_py3.py:15415: SyntaxWarning: invalid escape sequence '\d'
  """A copy activity Common Data Service for Apps sink.

[2026-04-15T16:55:47.690+0000] {warnings.py:112} WARNING - /home/***/.local/lib/python3.12/site-packages/azure/synapse/artifacts/models/_models_py3.py:15482: SyntaxWarning: invalid escape sequence '\d'
  """

[2026-04-15T16:55:47.691+0000] {warnings.py:112} WARNING - /home/***/.local/lib/python3.12/site-packages/azure/synapse/artifacts/models/_models_py3.py:15527: SyntaxWarning: invalid escape sequence '\d'
  """A copy activity Common Data Service for Apps source.

[2026-04-15T16:55:47.691+0000] {warnings.py:112} WARNING - /home/***/.local/lib/python3.12/site-packages/azure/synapse/artifacts/models/_models_py3.py:15578: SyntaxWarning: invalid escape sequence '\d'
  """

[2026-04-15T16:55:47.692+0000] {warnings.py:112} WARNING - /home/***/.local/lib/python3.12/site-packages/azure/synapse/artifacts/models/_models_py3.py:15897: SyntaxWarning: invalid escape sequence '\d'
  """A copy activity Concur Service source.

[2026-04-15T16:55:47.693+0000] {warnings.py:112} WARNING - /home/***/.local/lib/python3.12/site-packages/azure/synapse/artifacts/models/_models_py3.py:15953: SyntaxWarning: invalid escape sequence '\d'
  """

[2026-04-15T16:55:47.695+0000] {warnings.py:112} WARNING - /home/***/.local/lib/python3.12/site-packages/azure/synapse/artifacts/models/_models_py3.py:16617: SyntaxWarning: invalid escape sequence '\d'
  """A copy activity sink for a CosmosDB (MongoDB API) database.

[2026-04-15T16:55:47.695+0000] {warnings.py:112} WARNING - /home/***/.local/lib/python3.12/site-packages/azure/synapse/artifacts/models/_models_py3.py:16674: SyntaxWarning: invalid escape sequence '\d'
  """

[2026-04-15T16:55:47.696+0000] {warnings.py:112} WARNING - /home/***/.local/lib/python3.12/site-packages/azure/synapse/artifacts/models/_models_py3.py:16712: SyntaxWarning: invalid escape sequence '\d'
  """A copy activity source for a CosmosDB (MongoDB API) database.

[2026-04-15T16:55:47.697+0000] {warnings.py:112} WARNING - /home/***/.local/lib/python3.12/site-packages/azure/synapse/artifacts/models/_models_py3.py:16780: SyntaxWarning: invalid escape sequence '\d'
  """

[2026-04-15T16:55:47.697+0000] {warnings.py:112} WARNING - /home/***/.local/lib/python3.12/site-packages/azure/synapse/artifacts/models/_models_py3.py:16932: SyntaxWarning: invalid escape sequence '\d'
  """A copy activity Azure CosmosDB (SQL API) Collection sink.

[2026-04-15T16:55:47.698+0000] {warnings.py:112} WARNING - /home/***/.local/lib/python3.12/site-packages/azure/synapse/artifacts/models/_models_py3.py:16988: SyntaxWarning: invalid escape sequence '\d'
  """

[2026-04-15T16:55:47.699+0000] {warnings.py:112} WARNING - /home/***/.local/lib/python3.12/site-packages/azure/synapse/artifacts/models/_models_py3.py:17025: SyntaxWarning: invalid escape sequence '\d'
  """A copy activity Azure CosmosDB (SQL API) Collection source.

[2026-04-15T16:55:47.700+0000] {warnings.py:112} WARNING - /home/***/.local/lib/python3.12/site-packages/azure/synapse/artifacts/models/_models_py3.py:17090: SyntaxWarning: invalid escape sequence '\d'
  """

[2026-04-15T16:55:47.701+0000] {warnings.py:112} WARNING - /home/***/.local/lib/python3.12/site-packages/azure/synapse/artifacts/models/_models_py3.py:17228: SyntaxWarning: invalid escape sequence '\d'
  """A copy activity Couchbase server source.

[2026-04-15T16:55:47.702+0000] {warnings.py:112} WARNING - /home/***/.local/lib/python3.12/site-packages/azure/synapse/artifacts/models/_models_py3.py:17284: SyntaxWarning: invalid escape sequence '\d'
  """

[2026-04-15T16:55:47.708+0000] {warnings.py:112} WARNING - /home/***/.local/lib/python3.12/site-packages/azure/synapse/artifacts/models/_models_py3.py:20234: SyntaxWarning: invalid escape sequence '\d'
  """A copy activity source for Db2 databases.

[2026-04-15T16:55:47.708+0000] {warnings.py:112} WARNING - /home/***/.local/lib/python3.12/site-packages/azure/synapse/artifacts/models/_models_py3.py:20289: SyntaxWarning: invalid escape sequence '\d'
  """

[2026-04-15T16:55:47.710+0000] {warnings.py:112} WARNING - /home/***/.local/lib/python3.12/site-packages/azure/synapse/artifacts/models/_models_py3.py:20862: SyntaxWarning: invalid escape sequence '\d'
  """A copy activity DelimitedText sink.

[2026-04-15T16:55:47.711+0000] {warnings.py:112} WARNING - /home/***/.local/lib/python3.12/site-packages/azure/synapse/artifacts/models/_models_py3.py:20921: SyntaxWarning: invalid escape sequence '\d'
  """

[2026-04-15T16:55:47.711+0000] {warnings.py:112} WARNING - /home/***/.local/lib/python3.12/site-packages/azure/synapse/artifacts/models/_models_py3.py:20960: SyntaxWarning: invalid escape sequence '\d'
  """A copy activity DelimitedText source.

[2026-04-15T16:55:47.712+0000] {warnings.py:112} WARNING - /home/***/.local/lib/python3.12/site-packages/azure/synapse/artifacts/models/_models_py3.py:21014: SyntaxWarning: invalid escape sequence '\d'
  """

[2026-04-15T16:55:47.719+0000] {warnings.py:112} WARNING - /home/***/.local/lib/python3.12/site-packages/azure/synapse/artifacts/models/_models_py3.py:21316: SyntaxWarning: invalid escape sequence '\d'
  """A copy activity Document Database Collection sink.

[2026-04-15T16:55:47.719+0000] {warnings.py:112} WARNING - /home/***/.local/lib/python3.12/site-packages/azure/synapse/artifacts/models/_models_py3.py:21377: SyntaxWarning: invalid escape sequence '\d'
  """

[2026-04-15T16:55:47.720+0000] {warnings.py:112} WARNING - /home/***/.local/lib/python3.12/site-packages/azure/synapse/artifacts/models/_models_py3.py:21418: SyntaxWarning: invalid escape sequence '\d'
  """A copy activity Document Database Collection source.

[2026-04-15T16:55:47.721+0000] {warnings.py:112} WARNING - /home/***/.local/lib/python3.12/site-packages/azure/synapse/artifacts/models/_models_py3.py:21478: SyntaxWarning: invalid escape sequence '\d'
  """

[2026-04-15T16:55:47.722+0000] {warnings.py:112} WARNING - /home/***/.local/lib/python3.12/site-packages/azure/synapse/artifacts/models/_models_py3.py:21612: SyntaxWarning: invalid escape sequence '\d'
  """A copy activity Drill server source.

[2026-04-15T16:55:47.723+0000] {warnings.py:112} WARNING - /home/***/.local/lib/python3.12/site-packages/azure/synapse/artifacts/models/_models_py3.py:21668: SyntaxWarning: invalid escape sequence '\d'
  """

[2026-04-15T16:55:47.725+0000] {warnings.py:112} WARNING - /home/***/.local/lib/python3.12/site-packages/azure/synapse/artifacts/models/_models_py3.py:22155: SyntaxWarning: invalid escape sequence '\d'
  """A copy activity Dynamics AX source.

[2026-04-15T16:55:47.726+0000] {warnings.py:112} WARNING - /home/***/.local/lib/python3.12/site-packages/azure/synapse/artifacts/models/_models_py3.py:22218: SyntaxWarning: invalid escape sequence '\d'
  """

[2026-04-15T16:55:47.727+0000] {warnings.py:112} WARNING - /home/***/.local/lib/python3.12/site-packages/azure/synapse/artifacts/models/_models_py3.py:22559: SyntaxWarning: invalid escape sequence '\d'
  """A copy activity Dynamics CRM sink.

[2026-04-15T16:55:47.728+0000] {warnings.py:112} WARNING - /home/***/.local/lib/python3.12/site-packages/azure/synapse/artifacts/models/_models_py3.py:22626: SyntaxWarning: invalid escape sequence '\d'
  """

[2026-04-15T16:55:47.728+0000] {warnings.py:112} WARNING - /home/***/.local/lib/python3.12/site-packages/azure/synapse/artifacts/models/_models_py3.py:22671: SyntaxWarning: invalid escape sequence '\d'
  """A copy activity Dynamics CRM source.

[2026-04-15T16:55:47.729+0000] {warnings.py:112} WARNING - /home/***/.local/lib/python3.12/site-packages/azure/synapse/artifacts/models/_models_py3.py:22722: SyntaxWarning: invalid escape sequence '\d'
  """

[2026-04-15T16:55:47.730+0000] {warnings.py:112} WARNING - /home/***/.local/lib/python3.12/site-packages/azure/synapse/artifacts/models/_models_py3.py:23061: SyntaxWarning: invalid escape sequence '\d'
  """A copy activity Dynamics sink.

[2026-04-15T16:55:47.731+0000] {warnings.py:112} WARNING - /home/***/.local/lib/python3.12/site-packages/azure/synapse/artifacts/models/_models_py3.py:23128: SyntaxWarning: invalid escape sequence '\d'
  """

[2026-04-15T16:55:47.731+0000] {warnings.py:112} WARNING - /home/***/.local/lib/python3.12/site-packages/azure/synapse/artifacts/models/_models_py3.py:23173: SyntaxWarning: invalid escape sequence '\d'
  """A copy activity Dynamics source.

[2026-04-15T16:55:47.732+0000] {warnings.py:112} WARNING - /home/***/.local/lib/python3.12/site-packages/azure/synapse/artifacts/models/_models_py3.py:23224: SyntaxWarning: invalid escape sequence '\d'
  """

[2026-04-15T16:55:47.733+0000] {warnings.py:112} WARNING - /home/***/.local/lib/python3.12/site-packages/azure/synapse/artifacts/models/_models_py3.py:23511: SyntaxWarning: invalid escape sequence '\d'
  """A copy activity Eloqua server source.

[2026-04-15T16:55:47.734+0000] {warnings.py:112} WARNING - /home/***/.local/lib/python3.12/site-packages/azure/synapse/artifacts/models/_models_py3.py:23567: SyntaxWarning: invalid escape sequence '\d'
  """

[2026-04-15T16:55:47.735+0000] {warnings.py:112} WARNING - /home/***/.local/lib/python3.12/site-packages/azure/synapse/artifacts/models/_models_py3.py:23968: SyntaxWarning: invalid escape sequence '\d'
  """A copy activity excel source.

[2026-04-15T16:55:47.736+0000] {warnings.py:112} WARNING - /home/***/.local/lib/python3.12/site-packages/azure/synapse/artifacts/models/_models_py3.py:24018: SyntaxWarning: invalid escape sequence '\d'
  """

[2026-04-15T16:55:47.739+0000] {warnings.py:112} WARNING - /home/***/.local/lib/python3.12/site-packages/azure/synapse/artifacts/models/_models_py3.py:25343: SyntaxWarning: invalid escape sequence '\d'
  """A copy activity file system sink.

[2026-04-15T16:55:47.740+0000] {warnings.py:112} WARNING - /home/***/.local/lib/python3.12/site-packages/azure/synapse/artifacts/models/_models_py3.py:25398: SyntaxWarning: invalid escape sequence '\d'
  """

[2026-04-15T16:55:47.741+0000] {warnings.py:112} WARNING - /home/***/.local/lib/python3.12/site-packages/azure/synapse/artifacts/models/_models_py3.py:25434: SyntaxWarning: invalid escape sequence '\d'
  """A copy activity file system source.

[2026-04-15T16:55:47.741+0000] {warnings.py:112} WARNING - /home/***/.local/lib/python3.12/site-packages/azure/synapse/artifacts/models/_models_py3.py:25485: SyntaxWarning: invalid escape sequence '\d'
  """

[2026-04-15T16:55:47.744+0000] {warnings.py:112} WARNING - /home/***/.local/lib/python3.12/site-packages/azure/synapse/artifacts/models/_models_py3.py:26723: SyntaxWarning: invalid escape sequence '\d'
  """A copy activity Google AdWords service source.

[2026-04-15T16:55:47.745+0000] {warnings.py:112} WARNING - /home/***/.local/lib/python3.12/site-packages/azure/synapse/artifacts/models/_models_py3.py:26779: SyntaxWarning: invalid escape sequence '\d'
  """

[2026-04-15T16:55:47.747+0000] {warnings.py:112} WARNING - /home/***/.local/lib/python3.12/site-packages/azure/synapse/artifacts/models/_models_py3.py:27121: SyntaxWarning: invalid escape sequence '\d'
  """A copy activity Google BigQuery service source.

[2026-04-15T16:55:47.748+0000] {warnings.py:112} WARNING - /home/***/.local/lib/python3.12/site-packages/azure/synapse/artifacts/models/_models_py3.py:27177: SyntaxWarning: invalid escape sequence '\d'
  """

[2026-04-15T16:55:47.749+0000] {warnings.py:112} WARNING - /home/***/.local/lib/python3.12/site-packages/azure/synapse/artifacts/models/_models_py3.py:27461: SyntaxWarning: invalid escape sequence '\d'
  """A copy activity Google BigQuery service source.

[2026-04-15T16:55:47.750+0000] {warnings.py:112} WARNING - /home/***/.local/lib/python3.12/site-packages/azure/synapse/artifacts/models/_models_py3.py:27517: SyntaxWarning: invalid escape sequence '\d'
  """

[2026-04-15T16:55:47.751+0000] {warnings.py:112} WARNING - /home/***/.local/lib/python3.12/site-packages/azure/synapse/artifacts/models/_models_py3.py:28053: SyntaxWarning: invalid escape sequence '\d'
  """A copy activity Greenplum Database source.

[2026-04-15T16:55:47.752+0000] {warnings.py:112} WARNING - /home/***/.local/lib/python3.12/site-packages/azure/synapse/artifacts/models/_models_py3.py:28109: SyntaxWarning: invalid escape sequence '\d'
  """

[2026-04-15T16:55:47.754+0000] {warnings.py:112} WARNING - /home/***/.local/lib/python3.12/site-packages/azure/synapse/artifacts/models/_models_py3.py:28536: SyntaxWarning: invalid escape sequence '\d'
  """A copy activity HBase server source.

[2026-04-15T16:55:47.754+0000] {warnings.py:112} WARNING - /home/***/.local/lib/python3.12/site-packages/azure/synapse/artifacts/models/_models_py3.py:28592: SyntaxWarning: invalid escape sequence '\d'
  """

[2026-04-15T16:55:47.755+0000] {warnings.py:112} WARNING - /home/***/.local/lib/python3.12/site-packages/azure/synapse/artifacts/models/_models_py3.py:28932: SyntaxWarning: invalid escape sequence '\d'
  """A copy activity HDFS source.

[2026-04-15T16:55:47.756+0000] {warnings.py:112} WARNING - /home/***/.local/lib/python3.12/site-packages/azure/synapse/artifacts/models/_models_py3.py:28982: SyntaxWarning: invalid escape sequence '\d'
  """

[2026-04-15T16:55:47.759+0000] {warnings.py:112} WARNING - /home/***/.local/lib/python3.12/site-packages/azure/synapse/artifacts/models/_models_py3.py:30727: SyntaxWarning: invalid escape sequence '\d'
  """A copy activity Hive Server source.

[2026-04-15T16:55:47.760+0000] {warnings.py:112} WARNING - /home/***/.local/lib/python3.12/site-packages/azure/synapse/artifacts/models/_models_py3.py:30783: SyntaxWarning: invalid escape sequence '\d'
  """

[2026-04-15T16:55:47.762+0000] {warnings.py:112} WARNING - /home/***/.local/lib/python3.12/site-packages/azure/synapse/artifacts/models/_models_py3.py:31296: SyntaxWarning: invalid escape sequence '\d'
  """A copy activity source for an HTTP file.

[2026-04-15T16:55:47.763+0000] {warnings.py:112} WARNING - /home/***/.local/lib/python3.12/site-packages/azure/synapse/artifacts/models/_models_py3.py:31344: SyntaxWarning: invalid escape sequence '\d'
  """

[2026-04-15T16:55:47.764+0000] {warnings.py:112} WARNING - /home/***/.local/lib/python3.12/site-packages/azure/synapse/artifacts/models/_models_py3.py:31617: SyntaxWarning: invalid escape sequence '\d'
  """A copy activity Hubspot Service source.

[2026-04-15T16:55:47.765+0000] {warnings.py:112} WARNING - /home/***/.local/lib/python3.12/site-packages/azure/synapse/artifacts/models/_models_py3.py:31673: SyntaxWarning: invalid escape sequence '\d'
  """

[2026-04-15T16:55:47.767+0000] {warnings.py:112} WARNING - /home/***/.local/lib/python3.12/site-packages/azure/synapse/artifacts/models/_models_py3.py:32120: SyntaxWarning: invalid escape sequence '\d'
  """A copy activity Impala server source.

[2026-04-15T16:55:47.768+0000] {warnings.py:112} WARNING - /home/***/.local/lib/python3.12/site-packages/azure/synapse/artifacts/models/_models_py3.py:32176: SyntaxWarning: invalid escape sequence '\d'
  """

[2026-04-15T16:55:47.769+0000] {warnings.py:112} WARNING - /home/***/.local/lib/python3.12/site-packages/azure/synapse/artifacts/models/_models_py3.py:32339: SyntaxWarning: invalid escape sequence '\d'
  """A copy activity Informix sink.

[2026-04-15T16:55:47.770+0000] {warnings.py:112} WARNING - /home/***/.local/lib/python3.12/site-packages/azure/synapse/artifacts/models/_models_py3.py:32395: SyntaxWarning: invalid escape sequence '\d'
  """

[2026-04-15T16:55:47.770+0000] {warnings.py:112} WARNING - /home/***/.local/lib/python3.12/site-packages/azure/synapse/artifacts/models/_models_py3.py:32432: SyntaxWarning: invalid escape sequence '\d'
  """A copy activity source for Informix.

[2026-04-15T16:55:47.771+0000] {warnings.py:112} WARNING - /home/***/.local/lib/python3.12/site-packages/azure/synapse/artifacts/models/_models_py3.py:32487: SyntaxWarning: invalid escape sequence '\d'
  """

[2026-04-15T16:55:47.774+0000] {warnings.py:112} WARNING - /home/***/.local/lib/python3.12/site-packages/azure/synapse/artifacts/models/_models_py3.py:33502: SyntaxWarning: invalid escape sequence '\d'
  """A copy activity Jira Service source.

[2026-04-15T16:55:47.775+0000] {warnings.py:112} WARNING - /home/***/.local/lib/python3.12/site-packages/azure/synapse/artifacts/models/_models_py3.py:33558: SyntaxWarning: invalid escape sequence '\d'
  """

[2026-04-15T16:55:47.776+0000] {warnings.py:112} WARNING - /home/***/.local/lib/python3.12/site-packages/azure/synapse/artifacts/models/_models_py3.py:33869: SyntaxWarning: invalid escape sequence '\d'
  """A copy activity Json sink.

[2026-04-15T16:55:47.777+0000] {warnings.py:112} WARNING - /home/***/.local/lib/python3.12/site-packages/azure/synapse/artifacts/models/_models_py3.py:33928: SyntaxWarning: invalid escape sequence '\d'
  """

[2026-04-15T16:55:47.778+0000] {warnings.py:112} WARNING - /home/***/.local/lib/python3.12/site-packages/azure/synapse/artifacts/models/_models_py3.py:33967: SyntaxWarning: invalid escape sequence '\d'
  """A copy activity Json source.

[2026-04-15T16:55:47.779+0000] {warnings.py:112} WARNING - /home/***/.local/lib/python3.12/site-packages/azure/synapse/artifacts/models/_models_py3.py:34021: SyntaxWarning: invalid escape sequence '\d'
  """

[2026-04-15T16:55:47.781+0000] {warnings.py:112} WARNING - /home/***/.local/lib/python3.12/site-packages/azure/synapse/artifacts/models/_models_py3.py:34739: SyntaxWarning: invalid escape sequence '\d'
  """A copy activity for Microsoft Fabric LakeHouse Table sink.

[2026-04-15T16:55:47.782+0000] {warnings.py:112} WARNING - /home/***/.local/lib/python3.12/site-packages/azure/synapse/artifacts/models/_models_py3.py:34806: SyntaxWarning: invalid escape sequence '\d'
  """

[2026-04-15T16:55:47.782+0000] {warnings.py:112} WARNING - /home/***/.local/lib/python3.12/site-packages/azure/synapse/artifacts/models/_models_py3.py:34852: SyntaxWarning: invalid escape sequence '\d'
  """A copy activity source for Microsoft Fabric LakeHouse Table.

[2026-04-15T16:55:47.783+0000] {warnings.py:112} WARNING - /home/***/.local/lib/python3.12/site-packages/azure/synapse/artifacts/models/_models_py3.py:34908: SyntaxWarning: invalid escape sequence '\d'
  """

[2026-04-15T16:55:47.788+0000] {warnings.py:112} WARNING - /home/***/.local/lib/python3.12/site-packages/azure/synapse/artifacts/models/_models_py3.py:36915: SyntaxWarning: invalid escape sequence '\d'
  """A copy activity Magento server source.

[2026-04-15T16:55:47.789+0000] {warnings.py:112} WARNING - /home/***/.local/lib/python3.12/site-packages/azure/synapse/artifacts/models/_models_py3.py:36971: SyntaxWarning: invalid escape sequence '\d'
  """

[2026-04-15T16:55:47.790+0000] {warnings.py:112} WARNING - /home/***/.local/lib/python3.12/site-packages/azure/synapse/artifacts/models/_models_py3.py:37417: SyntaxWarning: invalid escape sequence '\d'
  """A copy activity MariaDB server source.

[2026-04-15T16:55:47.791+0000] {warnings.py:112} WARNING - /home/***/.local/lib/python3.12/site-packages/azure/synapse/artifacts/models/_models_py3.py:37473: SyntaxWarning: invalid escape sequence '\d'
  """

[2026-04-15T16:55:47.792+0000] {warnings.py:112} WARNING - /home/***/.local/lib/python3.12/site-packages/azure/synapse/artifacts/models/_models_py3.py:37845: SyntaxWarning: invalid escape sequence '\d'
  """A copy activity Marketo server source.

[2026-04-15T16:55:47.793+0000] {warnings.py:112} WARNING - /home/***/.local/lib/python3.12/site-packages/azure/synapse/artifacts/models/_models_py3.py:37901: SyntaxWarning: invalid escape sequence '\d'
  """

[2026-04-15T16:55:47.795+0000] {warnings.py:112} WARNING - /home/***/.local/lib/python3.12/site-packages/azure/synapse/artifacts/models/_models_py3.py:38208: SyntaxWarning: invalid escape sequence '\d'
  """A copy activity Microsoft Access sink.

[2026-04-15T16:55:47.796+0000] {warnings.py:112} WARNING - /home/***/.local/lib/python3.12/site-packages/azure/synapse/artifacts/models/_models_py3.py:38264: SyntaxWarning: invalid escape sequence '\d'
  """

[2026-04-15T16:55:47.797+0000] {warnings.py:112} WARNING - /home/***/.local/lib/python3.12/site-packages/azure/synapse/artifacts/models/_models_py3.py:38301: SyntaxWarning: invalid escape sequence '\d'
  """A copy activity source for Microsoft Access.

[2026-04-15T16:55:47.797+0000] {warnings.py:112} WARNING - /home/***/.local/lib/python3.12/site-packages/azure/synapse/artifacts/models/_models_py3.py:38351: SyntaxWarning: invalid escape sequence '\d'
  """

[2026-04-15T16:55:47.799+0000] {warnings.py:112} WARNING - /home/***/.local/lib/python3.12/site-packages/azure/synapse/artifacts/models/_models_py3.py:38690: SyntaxWarning: invalid escape sequence '\d'
  """A copy activity source for a MongoDB Atlas database.

[2026-04-15T16:55:47.799+0000] {warnings.py:112} WARNING - /home/***/.local/lib/python3.12/site-packages/azure/synapse/artifacts/models/_models_py3.py:38758: SyntaxWarning: invalid escape sequence '\d'
  """

[2026-04-15T16:55:47.800+0000] {warnings.py:112} WARNING - /home/***/.local/lib/python3.12/site-packages/azure/synapse/artifacts/models/_models_py3.py:39141: SyntaxWarning: invalid escape sequence '\d'
  """A copy activity source for a MongoDB database.

[2026-04-15T16:55:47.801+0000] {warnings.py:112} WARNING - /home/***/.local/lib/python3.12/site-packages/azure/synapse/artifacts/models/_models_py3.py:39192: SyntaxWarning: invalid escape sequence '\d'
  """

[2026-04-15T16:55:47.802+0000] {warnings.py:112} WARNING - /home/***/.local/lib/python3.12/site-packages/azure/synapse/artifacts/models/_models_py3.py:39419: SyntaxWarning: invalid escape sequence '\d'
  """A copy activity source for a MongoDB database.

[2026-04-15T16:55:47.803+0000] {warnings.py:112} WARNING - /home/***/.local/lib/python3.12/site-packages/azure/synapse/artifacts/models/_models_py3.py:39487: SyntaxWarning: invalid escape sequence '\d'
  """

[2026-04-15T16:55:47.804+0000] {warnings.py:112} WARNING - /home/***/.local/lib/python3.12/site-packages/azure/synapse/artifacts/models/_models_py3.py:39683: SyntaxWarning: invalid escape sequence '\d'
  """A copy activity source for MySQL databases.

[2026-04-15T16:55:47.805+0000] {warnings.py:112} WARNING - /home/***/.local/lib/python3.12/site-packages/azure/synapse/artifacts/models/_models_py3.py:39738: SyntaxWarning: invalid escape sequence '\d'
  """

[2026-04-15T16:55:47.806+0000] {warnings.py:112} WARNING - /home/***/.local/lib/python3.12/site-packages/azure/synapse/artifacts/models/_models_py3.py:40019: SyntaxWarning: invalid escape sequence '\d'
  """A copy activity Netezza source.

[2026-04-15T16:55:47.806+0000] {warnings.py:112} WARNING - /home/***/.local/lib/python3.12/site-packages/azure/synapse/artifacts/models/_models_py3.py:40084: SyntaxWarning: invalid escape sequence '\d'
  """

[2026-04-15T16:55:47.809+0000] {warnings.py:112} WARNING - /home/***/.local/lib/python3.12/site-packages/azure/synapse/artifacts/models/_models_py3.py:41138: SyntaxWarning: invalid escape sequence '\d'
  """A copy activity source for OData source.

[2026-04-15T16:55:47.810+0000] {warnings.py:112} WARNING - /home/***/.local/lib/python3.12/site-packages/azure/synapse/artifacts/models/_models_py3.py:41196: SyntaxWarning: invalid escape sequence '\d'
  """

[2026-04-15T16:55:47.811+0000] {warnings.py:112} WARNING - /home/***/.local/lib/python3.12/site-packages/azure/synapse/artifacts/models/_models_py3.py:41359: SyntaxWarning: invalid escape sequence '\d'
  """A copy activity ODBC sink.

[2026-04-15T16:55:47.811+0000] {warnings.py:112} WARNING - /home/***/.local/lib/python3.12/site-packages/azure/synapse/artifacts/models/_models_py3.py:41415: SyntaxWarning: invalid escape sequence '\d'
  """

[2026-04-15T16:55:47.812+0000] {warnings.py:112} WARNING - /home/***/.local/lib/python3.12/site-packages/azure/synapse/artifacts/models/_models_py3.py:41452: SyntaxWarning: invalid escape sequence '\d'
  """A copy activity source for ODBC databases.

[2026-04-15T16:55:47.812+0000] {warnings.py:112} WARNING - /home/***/.local/lib/python3.12/site-packages/azure/synapse/artifacts/models/_models_py3.py:41507: SyntaxWarning: invalid escape sequence '\d'
  """

[2026-04-15T16:55:47.814+0000] {warnings.py:112} WARNING - /home/***/.local/lib/python3.12/site-packages/azure/synapse/artifacts/models/_models_py3.py:41875: SyntaxWarning: invalid escape sequence '\d'
  """A copy activity source for an Office 365 service.

[2026-04-15T16:55:47.814+0000] {warnings.py:112} WARNING - /home/***/.local/lib/python3.12/site-packages/azure/synapse/artifacts/models/_models_py3.py:41947: SyntaxWarning: invalid escape sequence '\d'
  """

[2026-04-15T16:55:47.828+0000] {warnings.py:112} WARNING - /home/***/.local/lib/python3.12/site-packages/azure/synapse/artifacts/models/_models_py3.py:42441: SyntaxWarning: invalid escape sequence '\d'
  """A copy activity Oracle Service Cloud source.

[2026-04-15T16:55:47.828+0000] {warnings.py:112} WARNING - /home/***/.local/lib/python3.12/site-packages/azure/synapse/artifacts/models/_models_py3.py:42497: SyntaxWarning: invalid escape sequence '\d'
  """

[2026-04-15T16:55:47.829+0000] {warnings.py:112} WARNING - /home/***/.local/lib/python3.12/site-packages/azure/synapse/artifacts/models/_models_py3.py:42534: SyntaxWarning: invalid escape sequence '\d'
  """A copy activity Oracle sink.

[2026-04-15T16:55:47.830+0000] {warnings.py:112} WARNING - /home/***/.local/lib/python3.12/site-packages/azure/synapse/artifacts/models/_models_py3.py:42590: SyntaxWarning: invalid escape sequence '\d'
  """

[2026-04-15T16:55:47.831+0000] {warnings.py:112} WARNING - /home/***/.local/lib/python3.12/site-packages/azure/synapse/artifacts/models/_models_py3.py:42627: SyntaxWarning: invalid escape sequence '\d'
  """A copy activity Oracle source.

[2026-04-15T16:55:47.832+0000] {warnings.py:112} WARNING - /home/***/.local/lib/python3.12/site-packages/azure/synapse/artifacts/models/_models_py3.py:42692: SyntaxWarning: invalid escape sequence '\d'
  """

[2026-04-15T16:55:47.833+0000] {warnings.py:112} WARNING - /home/***/.local/lib/python3.12/site-packages/azure/synapse/artifacts/models/_models_py3.py:43020: SyntaxWarning: invalid escape sequence '\d'
  """A copy activity ORC sink.

[2026-04-15T16:55:47.835+0000] {warnings.py:112} WARNING - /home/***/.local/lib/python3.12/site-packages/azure/synapse/artifacts/models/_models_py3.py:43079: SyntaxWarning: invalid escape sequence '\d'
  """

[2026-04-15T16:55:47.835+0000] {warnings.py:112} WARNING - /home/***/.local/lib/python3.12/site-packages/azure/synapse/artifacts/models/_models_py3.py:43118: SyntaxWarning: invalid escape sequence '\d'
  """A copy activity ORC source.

[2026-04-15T16:55:47.836+0000] {warnings.py:112} WARNING - /home/***/.local/lib/python3.12/site-packages/azure/synapse/artifacts/models/_models_py3.py:43168: SyntaxWarning: invalid escape sequence '\d'
  """

[2026-04-15T16:55:47.837+0000] {warnings.py:112} WARNING - /home/***/.local/lib/python3.12/site-packages/azure/synapse/artifacts/models/_models_py3.py:43514: SyntaxWarning: invalid escape sequence '\d'
  """A copy activity Parquet sink.

[2026-04-15T16:55:47.838+0000] {warnings.py:112} WARNING - /home/***/.local/lib/python3.12/site-packages/azure/synapse/artifacts/models/_models_py3.py:43573: SyntaxWarning: invalid escape sequence '\d'
  """

[2026-04-15T16:55:47.839+0000] {warnings.py:112} WARNING - /home/***/.local/lib/python3.12/site-packages/azure/synapse/artifacts/models/_models_py3.py:43612: SyntaxWarning: invalid escape sequence '\d'
  """A copy activity Parquet source.

[2026-04-15T16:55:47.839+0000] {warnings.py:112} WARNING - /home/***/.local/lib/python3.12/site-packages/azure/synapse/artifacts/models/_models_py3.py:43666: SyntaxWarning: invalid escape sequence '\d'
  """

[2026-04-15T16:55:47.841+0000] {warnings.py:112} WARNING - /home/***/.local/lib/python3.12/site-packages/azure/synapse/artifacts/models/_models_py3.py:43989: SyntaxWarning: invalid escape sequence '\d'
  """A copy activity Paypal Service source.

[2026-04-15T16:55:47.841+0000] {warnings.py:112} WARNING - /home/***/.local/lib/python3.12/site-packages/azure/synapse/artifacts/models/_models_py3.py:44045: SyntaxWarning: invalid escape sequence '\d'
  """

[2026-04-15T16:55:47.842+0000] {warnings.py:112} WARNING - /home/***/.local/lib/python3.12/site-packages/azure/synapse/artifacts/models/_models_py3.py:44386: SyntaxWarning: invalid escape sequence '\d'
  """A copy activity Phoenix server source.

[2026-04-15T16:55:47.843+0000] {warnings.py:112} WARNING - /home/***/.local/lib/python3.12/site-packages/azure/synapse/artifacts/models/_models_py3.py:44442: SyntaxWarning: invalid escape sequence '\d'
  """

[2026-04-15T16:55:47.847+0000] {warnings.py:112} WARNING - /home/***/.local/lib/python3.12/site-packages/azure/synapse/artifacts/models/_models_py3.py:45003: SyntaxWarning: invalid escape sequence '\d'
  """A copy activity source for PostgreSQL databases.

[2026-04-15T16:55:47.847+0000] {warnings.py:112} WARNING - /home/***/.local/lib/python3.12/site-packages/azure/synapse/artifacts/models/_models_py3.py:45058: SyntaxWarning: invalid escape sequence '\d'
  """

[2026-04-15T16:55:47.849+0000] {warnings.py:112} WARNING - /home/***/.local/lib/python3.12/site-packages/azure/synapse/artifacts/models/_models_py3.py:45444: SyntaxWarning: invalid escape sequence '\d'
  """A copy activity source for PostgreSQL databases.

[2026-04-15T16:55:47.849+0000] {warnings.py:112} WARNING - /home/***/.local/lib/python3.12/site-packages/azure/synapse/artifacts/models/_models_py3.py:45499: SyntaxWarning: invalid escape sequence '\d'
  """

[2026-04-15T16:55:47.851+0000] {warnings.py:112} WARNING - /home/***/.local/lib/python3.12/site-packages/azure/synapse/artifacts/models/_models_py3.py:46042: SyntaxWarning: invalid escape sequence '\d'
  """A copy activity Presto server source.

[2026-04-15T16:55:47.851+0000] {warnings.py:112} WARNING - /home/***/.local/lib/python3.12/site-packages/azure/synapse/artifacts/models/_models_py3.py:46098: SyntaxWarning: invalid escape sequence '\d'
  """

[2026-04-15T16:55:47.853+0000] {warnings.py:112} WARNING - /home/***/.local/lib/python3.12/site-packages/azure/synapse/artifacts/models/_models_py3.py:46702: SyntaxWarning: invalid escape sequence '\d'
  """A copy activity QuickBooks server source.

[2026-04-15T16:55:47.854+0000] {warnings.py:112} WARNING - /home/***/.local/lib/python3.12/site-packages/azure/synapse/artifacts/models/_models_py3.py:46758: SyntaxWarning: invalid escape sequence '\d'
  """

[2026-04-15T16:55:47.855+0000] {warnings.py:112} WARNING - /home/***/.local/lib/python3.12/site-packages/azure/synapse/artifacts/models/_models_py3.py:47000: SyntaxWarning: invalid escape sequence '\d'
  """A copy activity source for various relational databases.

[2026-04-15T16:55:47.856+0000] {warnings.py:112} WARNING - /home/***/.local/lib/python3.12/site-packages/azure/synapse/artifacts/models/_models_py3.py:47050: SyntaxWarning: invalid escape sequence '\d'
  """

[2026-04-15T16:55:47.858+0000] {warnings.py:112} WARNING - /home/***/.local/lib/python3.12/site-packages/azure/synapse/artifacts/models/_models_py3.py:47648: SyntaxWarning: invalid escape sequence '\d'
  """A copy activity Responsys source.

[2026-04-15T16:55:47.859+0000] {warnings.py:112} WARNING - /home/***/.local/lib/python3.12/site-packages/azure/synapse/artifacts/models/_models_py3.py:47704: SyntaxWarning: invalid escape sequence '\d'
  """

[2026-04-15T16:55:47.861+0000] {warnings.py:112} WARNING - /home/***/.local/lib/python3.12/site-packages/azure/synapse/artifacts/models/_models_py3.py:48113: SyntaxWarning: invalid escape sequence '\d'
  """A copy activity Rest service Sink.

[2026-04-15T16:55:47.862+0000] {warnings.py:112} WARNING - /home/***/.local/lib/python3.12/site-packages/azure/synapse/artifacts/models/_models_py3.py:48190: SyntaxWarning: invalid escape sequence '\d'
  """

[2026-04-15T16:55:47.862+0000] {warnings.py:112} WARNING - /home/***/.local/lib/python3.12/site-packages/azure/synapse/artifacts/models/_models_py3.py:48244: SyntaxWarning: invalid escape sequence '\d'
  """A copy activity Rest service source.

[2026-04-15T16:55:47.863+0000] {warnings.py:112} WARNING - /home/***/.local/lib/python3.12/site-packages/azure/synapse/artifacts/models/_models_py3.py:48321: SyntaxWarning: invalid escape sequence '\d'
  """

[2026-04-15T16:55:47.866+0000] {warnings.py:112} WARNING - /home/***/.local/lib/python3.12/site-packages/azure/synapse/artifacts/models/_models_py3.py:49499: SyntaxWarning: invalid escape sequence '\d'
  """A copy activity Salesforce Marketing Cloud source.

[2026-04-15T16:55:47.867+0000] {warnings.py:112} WARNING - /home/***/.local/lib/python3.12/site-packages/azure/synapse/artifacts/models/_models_py3.py:49555: SyntaxWarning: invalid escape sequence '\d'
  """

[2026-04-15T16:55:47.868+0000] {warnings.py:112} WARNING - /home/***/.local/lib/python3.12/site-packages/azure/synapse/artifacts/models/_models_py3.py:49932: SyntaxWarning: invalid escape sequence '\d'
  """A copy activity Salesforce Service Cloud sink.

[2026-04-15T16:55:47.869+0000] {warnings.py:112} WARNING - /home/***/.local/lib/python3.12/site-packages/azure/synapse/artifacts/models/_models_py3.py:50002: SyntaxWarning: invalid escape sequence '\d'
  """

[2026-04-15T16:55:47.869+0000] {warnings.py:112} WARNING - /home/***/.local/lib/python3.12/site-packages/azure/synapse/artifacts/models/_models_py3.py:50052: SyntaxWarning: invalid escape sequence '\d'
  """A copy activity Salesforce Service Cloud source.

[2026-04-15T16:55:47.871+0000] {warnings.py:112} WARNING - /home/***/.local/lib/python3.12/site-packages/azure/synapse/artifacts/models/_models_py3.py:50107: SyntaxWarning: invalid escape sequence '\d'
  """

[2026-04-15T16:55:47.872+0000] {warnings.py:112} WARNING - /home/***/.local/lib/python3.12/site-packages/azure/synapse/artifacts/models/_models_py3.py:50379: SyntaxWarning: invalid escape sequence '\d'
  """A copy activity Salesforce Service Cloud V2 sink.

[2026-04-15T16:55:47.873+0000] {warnings.py:112} WARNING - /home/***/.local/lib/python3.12/site-packages/azure/synapse/artifacts/models/_models_py3.py:50449: SyntaxWarning: invalid escape sequence '\d'
  """

[2026-04-15T16:55:47.874+0000] {warnings.py:112} WARNING - /home/***/.local/lib/python3.12/site-packages/azure/synapse/artifacts/models/_models_py3.py:50499: SyntaxWarning: invalid escape sequence '\d'
  """A copy activity Salesforce Service Cloud V2 source.

[2026-04-15T16:55:47.874+0000] {warnings.py:112} WARNING - /home/***/.local/lib/python3.12/site-packages/azure/synapse/artifacts/models/_models_py3.py:50554: SyntaxWarning: invalid escape sequence '\d'
  """

[2026-04-15T16:55:47.875+0000] {warnings.py:112} WARNING - /home/***/.local/lib/python3.12/site-packages/azure/synapse/artifacts/models/_models_py3.py:50590: SyntaxWarning: invalid escape sequence '\d'
  """A copy activity Salesforce sink.

[2026-04-15T16:55:47.875+0000] {warnings.py:112} WARNING - /home/***/.local/lib/python3.12/site-packages/azure/synapse/artifacts/models/_models_py3.py:50660: SyntaxWarning: invalid escape sequence '\d'
  """

[2026-04-15T16:55:47.876+0000] {warnings.py:112} WARNING - /home/***/.local/lib/python3.12/site-packages/azure/synapse/artifacts/models/_models_py3.py:50710: SyntaxWarning: invalid escape sequence '\d'
  """A copy activity Salesforce source.

[2026-04-15T16:55:47.877+0000] {warnings.py:112} WARNING - /home/***/.local/lib/python3.12/site-packages/azure/synapse/artifacts/models/_models_py3.py:50770: SyntaxWarning: invalid escape sequence '\d'
  """

[2026-04-15T16:55:47.878+0000] {warnings.py:112} WARNING - /home/***/.local/lib/python3.12/site-packages/azure/synapse/artifacts/models/_models_py3.py:51046: SyntaxWarning: invalid escape sequence '\d'
  """A copy activity Salesforce V2 sink.

[2026-04-15T16:55:47.878+0000] {warnings.py:112} WARNING - /home/***/.local/lib/python3.12/site-packages/azure/synapse/artifacts/models/_models_py3.py:51116: SyntaxWarning: invalid escape sequence '\d'
  """

[2026-04-15T16:55:47.879+0000] {warnings.py:112} WARNING - /home/***/.local/lib/python3.12/site-packages/azure/synapse/artifacts/models/_models_py3.py:51166: SyntaxWarning: invalid escape sequence '\d'
  """A copy activity Salesforce V2 source.

[2026-04-15T16:55:47.879+0000] {warnings.py:112} WARNING - /home/***/.local/lib/python3.12/site-packages/azure/synapse/artifacts/models/_models_py3.py:51226: SyntaxWarning: invalid escape sequence '\d'
  """

[2026-04-15T16:55:47.880+0000] {warnings.py:112} WARNING - /home/***/.local/lib/python3.12/site-packages/azure/synapse/artifacts/models/_models_py3.py:51485: SyntaxWarning: invalid escape sequence '\d'
  """A copy activity source for SapBW server via MDX.

[2026-04-15T16:55:47.881+0000] {warnings.py:112} WARNING - /home/***/.local/lib/python3.12/site-packages/azure/synapse/artifacts/models/_models_py3.py:51540: SyntaxWarning: invalid escape sequence '\d'
  """

[2026-04-15T16:55:47.882+0000] {warnings.py:112} WARNING - /home/***/.local/lib/python3.12/site-packages/azure/synapse/artifacts/models/_models_py3.py:51787: SyntaxWarning: invalid escape sequence '\d'
  """A copy activity SAP Cloud for Customer sink.

[2026-04-15T16:55:47.883+0000] {warnings.py:112} WARNING - /home/***/.local/lib/python3.12/site-packages/azure/synapse/artifacts/models/_models_py3.py:51851: SyntaxWarning: invalid escape sequence '\d'
  """

[2026-04-15T16:55:47.883+0000] {warnings.py:112} WARNING - /home/***/.local/lib/python3.12/site-packages/azure/synapse/artifacts/models/_models_py3.py:51895: SyntaxWarning: invalid escape sequence '\d'
  """A copy activity source for SAP Cloud for Customer source.

[2026-04-15T16:55:47.885+0000] {warnings.py:112} WARNING - /home/***/.local/lib/python3.12/site-packages/azure/synapse/artifacts/models/_models_py3.py:51958: SyntaxWarning: invalid escape sequence '\d'
  """

[2026-04-15T16:55:47.886+0000] {warnings.py:112} WARNING - /home/***/.local/lib/python3.12/site-packages/azure/synapse/artifacts/models/_models_py3.py:52212: SyntaxWarning: invalid escape sequence '\d'
  """A copy activity source for SAP ECC source.

[2026-04-15T16:55:47.887+0000] {warnings.py:112} WARNING - /home/***/.local/lib/python3.12/site-packages/azure/synapse/artifacts/models/_models_py3.py:52275: SyntaxWarning: invalid escape sequence '\d'
  """

[2026-04-15T16:55:47.888+0000] {warnings.py:112} WARNING - /home/***/.local/lib/python3.12/site-packages/azure/synapse/artifacts/models/_models_py3.py:52463: SyntaxWarning: invalid escape sequence '\d'
  """A copy activity source for SAP HANA source.

[2026-04-15T16:55:47.889+0000] {warnings.py:112} WARNING - /home/***/.local/lib/python3.12/site-packages/azure/synapse/artifacts/models/_models_py3.py:52532: SyntaxWarning: invalid escape sequence '\d'
  """

[2026-04-15T16:55:47.891+0000] {warnings.py:112} WARNING - /home/***/.local/lib/python3.12/site-packages/azure/synapse/artifacts/models/_models_py3.py:53040: SyntaxWarning: invalid escape sequence '\d'
  """A copy activity source for SAP ODP source.

[2026-04-15T16:55:47.891+0000] {warnings.py:112} WARNING - /home/***/.local/lib/python3.12/site-packages/azure/synapse/artifacts/models/_models_py3.py:53111: SyntaxWarning: invalid escape sequence '\d'
  """

[2026-04-15T16:55:47.892+0000] {warnings.py:112} WARNING - /home/***/.local/lib/python3.12/site-packages/azure/synapse/artifacts/models/_models_py3.py:53334: SyntaxWarning: invalid escape sequence '\d'
  """A copy activity source for SAP Business Warehouse Open Hub Destination source.

[2026-04-15T16:55:47.893+0000] {warnings.py:112} WARNING - /home/***/.local/lib/python3.12/site-packages/azure/synapse/artifacts/models/_models_py3.py:53407: SyntaxWarning: invalid escape sequence '\d'
  """

[2026-04-15T16:55:47.895+0000] {warnings.py:112} WARNING - /home/***/.local/lib/python3.12/site-packages/azure/synapse/artifacts/models/_models_py3.py:53961: SyntaxWarning: invalid escape sequence '\d'
  """A copy activity source for SAP Table source.

[2026-04-15T16:55:47.896+0000] {warnings.py:112} WARNING - /home/***/.local/lib/python3.12/site-packages/azure/synapse/artifacts/models/_models_py3.py:54059: SyntaxWarning: invalid escape sequence '\d'
  """

[2026-04-15T16:55:47.897+0000] {warnings.py:112} WARNING - /home/***/.local/lib/python3.12/site-packages/azure/synapse/artifacts/models/_models_py3.py:54322: SyntaxWarning: invalid escape sequence '\d'
  """Script activity type.

[2026-04-15T16:55:47.897+0000] {warnings.py:112} WARNING - /home/***/.local/lib/python3.12/site-packages/azure/synapse/artifacts/models/_models_py3.py:54398: SyntaxWarning: invalid escape sequence '\d'
  """

[2026-04-15T16:55:47.899+0000] {warnings.py:112} WARNING - /home/***/.local/lib/python3.12/site-packages/azure/synapse/artifacts/models/_models_py3.py:55022: SyntaxWarning: invalid escape sequence '\d'
  """A copy activity ServiceNow server source.

[2026-04-15T16:55:47.900+0000] {warnings.py:112} WARNING - /home/***/.local/lib/python3.12/site-packages/azure/synapse/artifacts/models/_models_py3.py:55078: SyntaxWarning: invalid escape sequence '\d'
  """

[2026-04-15T16:55:47.901+0000] {warnings.py:112} WARNING - /home/***/.local/lib/python3.12/site-packages/azure/synapse/artifacts/models/_models_py3.py:55310: SyntaxWarning: invalid escape sequence '\d'
  """A copy activity ServiceNowV2 server source.

[2026-04-15T16:55:47.902+0000] {warnings.py:112} WARNING - /home/***/.local/lib/python3.12/site-packages/azure/synapse/artifacts/models/_models_py3.py:55365: SyntaxWarning: invalid escape sequence '\d'
  """

[2026-04-15T16:55:47.905+0000] {warnings.py:112} WARNING - /home/***/.local/lib/python3.12/site-packages/azure/synapse/artifacts/models/_models_py3.py:56196: SyntaxWarning: invalid escape sequence '\d'
  """A copy activity source for sharePoint online list source.

[2026-04-15T16:55:47.906+0000] {warnings.py:112} WARNING - /home/***/.local/lib/python3.12/site-packages/azure/synapse/artifacts/models/_models_py3.py:56248: SyntaxWarning: invalid escape sequence '\d'
  """

[2026-04-15T16:55:47.907+0000] {warnings.py:112} WARNING - /home/***/.local/lib/python3.12/site-packages/azure/synapse/artifacts/models/_models_py3.py:56508: SyntaxWarning: invalid escape sequence '\d'
  """A copy activity Shopify Service source.

[2026-04-15T16:55:47.907+0000] {warnings.py:112} WARNING - /home/***/.local/lib/python3.12/site-packages/azure/synapse/artifacts/models/_models_py3.py:56564: SyntaxWarning: invalid escape sequence '\d'
  """

[2026-04-15T16:55:47.909+0000] {warnings.py:112} WARNING - /home/***/.local/lib/python3.12/site-packages/azure/synapse/artifacts/models/_models_py3.py:57087: SyntaxWarning: invalid escape sequence '\d'
  """A copy activity snowflake sink.

[2026-04-15T16:55:47.909+0000] {warnings.py:112} WARNING - /home/***/.local/lib/python3.12/site-packages/azure/synapse/artifacts/models/_models_py3.py:57147: SyntaxWarning: invalid escape sequence '\d'
  """

[2026-04-15T16:55:47.910+0000] {warnings.py:112} WARNING - /home/***/.local/lib/python3.12/site-packages/azure/synapse/artifacts/models/_models_py3.py:57187: SyntaxWarning: invalid escape sequence '\d'
  """A copy activity snowflake source.

[2026-04-15T16:55:47.911+0000] {warnings.py:112} WARNING - /home/***/.local/lib/python3.12/site-packages/azure/synapse/artifacts/models/_models_py3.py:57237: SyntaxWarning: invalid escape sequence '\d'
  """

[2026-04-15T16:55:47.912+0000] {warnings.py:112} WARNING - /home/***/.local/lib/python3.12/site-packages/azure/synapse/artifacts/models/_models_py3.py:57560: SyntaxWarning: invalid escape sequence '\d'
  """A copy activity snowflake sink.

[2026-04-15T16:55:47.913+0000] {warnings.py:112} WARNING - /home/***/.local/lib/python3.12/site-packages/azure/synapse/artifacts/models/_models_py3.py:57620: SyntaxWarning: invalid escape sequence '\d'
  """

[2026-04-15T16:55:47.913+0000] {warnings.py:112} WARNING - /home/***/.local/lib/python3.12/site-packages/azure/synapse/artifacts/models/_models_py3.py:57660: SyntaxWarning: invalid escape sequence '\d'
  """A copy activity snowflake source.

[2026-04-15T16:55:47.914+0000] {warnings.py:112} WARNING - /home/***/.local/lib/python3.12/site-packages/azure/synapse/artifacts/models/_models_py3.py:57710: SyntaxWarning: invalid escape sequence '\d'
  """

[2026-04-15T16:55:47.917+0000] {warnings.py:112} WARNING - /home/***/.local/lib/python3.12/site-packages/azure/synapse/artifacts/models/_models_py3.py:59106: SyntaxWarning: invalid escape sequence '\d'
  """A copy activity Spark Server source.

[2026-04-15T16:55:47.918+0000] {warnings.py:112} WARNING - /home/***/.local/lib/python3.12/site-packages/azure/synapse/artifacts/models/_models_py3.py:59162: SyntaxWarning: invalid escape sequence '\d'
  """

[2026-04-15T16:55:47.919+0000] {warnings.py:112} WARNING - /home/***/.local/lib/python3.12/site-packages/azure/synapse/artifacts/models/_models_py3.py:59316: SyntaxWarning: invalid escape sequence '\d'
  """A copy activity SQL Data Warehouse sink.

[2026-04-15T16:55:47.921+0000] {warnings.py:112} WARNING - /home/***/.local/lib/python3.12/site-packages/azure/synapse/artifacts/models/_models_py3.py:59396: SyntaxWarning: invalid escape sequence '\d'
  """

[2026-04-15T16:55:47.922+0000] {warnings.py:112} WARNING - /home/***/.local/lib/python3.12/site-packages/azure/synapse/artifacts/models/_models_py3.py:59452: SyntaxWarning: invalid escape sequence '\d'
  """A copy activity SQL Data Warehouse source.

[2026-04-15T16:55:47.923+0000] {warnings.py:112} WARNING - /home/***/.local/lib/python3.12/site-packages/azure/synapse/artifacts/models/_models_py3.py:59535: SyntaxWarning: invalid escape sequence '\d'
  """

[2026-04-15T16:55:47.923+0000] {warnings.py:112} WARNING - /home/***/.local/lib/python3.12/site-packages/azure/synapse/artifacts/models/_models_py3.py:59594: SyntaxWarning: invalid escape sequence '\d'
  """A copy activity Azure SQL Managed Instance sink.

[2026-04-15T16:55:47.924+0000] {warnings.py:112} WARNING - /home/***/.local/lib/python3.12/site-packages/azure/synapse/artifacts/models/_models_py3.py:59677: SyntaxWarning: invalid escape sequence '\d'
  """

[2026-04-15T16:55:47.925+0000] {warnings.py:112} WARNING - /home/***/.local/lib/python3.12/site-packages/azure/synapse/artifacts/models/_models_py3.py:59733: SyntaxWarning: invalid escape sequence '\d'
  """A copy activity Azure SQL Managed Instance source.

[2026-04-15T16:55:47.925+0000] {warnings.py:112} WARNING - /home/***/.local/lib/python3.12/site-packages/azure/synapse/artifacts/models/_models_py3.py:59818: SyntaxWarning: invalid escape sequence '\d'
  """

[2026-04-15T16:55:47.928+0000] {warnings.py:112} WARNING - /home/***/.local/lib/python3.12/site-packages/azure/synapse/artifacts/models/_models_py3.py:60639: SyntaxWarning: invalid escape sequence '\d'
  """A copy activity SQL server sink.

[2026-04-15T16:55:47.929+0000] {warnings.py:112} WARNING - /home/***/.local/lib/python3.12/site-packages/azure/synapse/artifacts/models/_models_py3.py:60722: SyntaxWarning: invalid escape sequence '\d'
  """

[2026-04-15T16:55:47.929+0000] {warnings.py:112} WARNING - /home/***/.local/lib/python3.12/site-packages/azure/synapse/artifacts/models/_models_py3.py:60778: SyntaxWarning: invalid escape sequence '\d'
  """A copy activity SQL server source.

[2026-04-15T16:55:47.930+0000] {warnings.py:112} WARNING - /home/***/.local/lib/python3.12/site-packages/azure/synapse/artifacts/models/_models_py3.py:60863: SyntaxWarning: invalid escape sequence '\d'
  """

[2026-04-15T16:55:47.931+0000] {warnings.py:112} WARNING - /home/***/.local/lib/python3.12/site-packages/azure/synapse/artifacts/models/_models_py3.py:61167: SyntaxWarning: invalid escape sequence '\d'
  """A copy activity SQL sink.

[2026-04-15T16:55:47.932+0000] {warnings.py:112} WARNING - /home/***/.local/lib/python3.12/site-packages/azure/synapse/artifacts/models/_models_py3.py:61250: SyntaxWarning: invalid escape sequence '\d'
  """

[2026-04-15T16:55:47.933+0000] {warnings.py:112} WARNING - /home/***/.local/lib/python3.12/site-packages/azure/synapse/artifacts/models/_models_py3.py:61306: SyntaxWarning: invalid escape sequence '\d'
  """A copy activity SQL source.

[2026-04-15T16:55:47.933+0000] {warnings.py:112} WARNING - /home/***/.local/lib/python3.12/site-packages/azure/synapse/artifacts/models/_models_py3.py:61387: SyntaxWarning: invalid escape sequence '\d'
  """

[2026-04-15T16:55:47.935+0000] {warnings.py:112} WARNING - /home/***/.local/lib/python3.12/site-packages/azure/synapse/artifacts/models/_models_py3.py:61696: SyntaxWarning: invalid escape sequence '\d'
  """A copy activity Square Service source.

[2026-04-15T16:55:47.935+0000] {warnings.py:112} WARNING - /home/***/.local/lib/python3.12/site-packages/azure/synapse/artifacts/models/_models_py3.py:61752: SyntaxWarning: invalid escape sequence '\d'
  """

[2026-04-15T16:55:47.936+0000] {warnings.py:112} WARNING - /home/***/.local/lib/python3.12/site-packages/azure/synapse/artifacts/models/_models_py3.py:61954: SyntaxWarning: invalid escape sequence '\d'
  """SSIS package execution log location.

[2026-04-15T16:55:47.937+0000] {warnings.py:112} WARNING - /home/***/.local/lib/python3.12/site-packages/azure/synapse/artifacts/models/_models_py3.py:61992: SyntaxWarning: invalid escape sequence '\d'
  """

[2026-04-15T16:55:47.939+0000] {warnings.py:112} WARNING - /home/***/.local/lib/python3.12/site-packages/azure/synapse/artifacts/models/_models_py3.py:62660: SyntaxWarning: invalid escape sequence '\d'
  """A copy activity source for Sybase databases.

[2026-04-15T16:55:47.939+0000] {warnings.py:112} WARNING - /home/***/.local/lib/python3.12/site-packages/azure/synapse/artifacts/models/_models_py3.py:62715: SyntaxWarning: invalid escape sequence '\d'
  """

[2026-04-15T16:55:47.942+0000] {warnings.py:112} WARNING - /home/***/.local/lib/python3.12/site-packages/azure/synapse/artifacts/models/_models_py3.py:63882: SyntaxWarning: invalid escape sequence '\d'
  """A copy activity Teradata source.

[2026-04-15T16:55:47.943+0000] {warnings.py:112} WARNING - /home/***/.local/lib/python3.12/site-packages/azure/synapse/artifacts/models/_models_py3.py:63946: SyntaxWarning: invalid escape sequence '\d'
  """

[2026-04-15T16:55:47.945+0000] {warnings.py:112} WARNING - /home/***/.local/lib/python3.12/site-packages/azure/synapse/artifacts/models/_models_py3.py:64582: SyntaxWarning: invalid escape sequence '\d'
  """Trigger that schedules pipeline runs for all fixed time interval windows from a start time

[2026-04-15T16:55:47.945+0000] {warnings.py:112} WARNING - /home/***/.local/lib/python3.12/site-packages/azure/synapse/artifacts/models/_models_py3.py:64674: SyntaxWarning: invalid escape sequence '\d'
  """

[2026-04-15T16:55:47.946+0000] {warnings.py:112} WARNING - /home/***/.local/lib/python3.12/site-packages/azure/synapse/artifacts/models/_models_py3.py:64940: SyntaxWarning: invalid escape sequence '\d'
  """This activity executes inner activities until the specified boolean expression results to true

[2026-04-15T16:55:47.947+0000] {warnings.py:112} WARNING - /home/***/.local/lib/python3.12/site-packages/azure/synapse/artifacts/models/_models_py3.py:65014: SyntaxWarning: invalid escape sequence '\d'
  """

[2026-04-15T16:55:47.948+0000] {warnings.py:112} WARNING - /home/***/.local/lib/python3.12/site-packages/azure/synapse/artifacts/models/_models_py3.py:65117: SyntaxWarning: invalid escape sequence '\d'
  """This activity verifies that an external resource exists.

[2026-04-15T16:55:47.950+0000] {warnings.py:112} WARNING - /home/***/.local/lib/python3.12/site-packages/azure/synapse/artifacts/models/_models_py3.py:65199: SyntaxWarning: invalid escape sequence '\d'
  """

[2026-04-15T16:55:47.951+0000] {warnings.py:112} WARNING - /home/***/.local/lib/python3.12/site-packages/azure/synapse/artifacts/models/_models_py3.py:65385: SyntaxWarning: invalid escape sequence '\d'
  """A copy activity Vertica source.

[2026-04-15T16:55:47.952+0000] {warnings.py:112} WARNING - /home/***/.local/lib/python3.12/site-packages/azure/synapse/artifacts/models/_models_py3.py:65441: SyntaxWarning: invalid escape sequence '\d'
  """

[2026-04-15T16:55:47.953+0000] {warnings.py:112} WARNING - /home/***/.local/lib/python3.12/site-packages/azure/synapse/artifacts/models/_models_py3.py:65874: SyntaxWarning: invalid escape sequence '\d'
  """A copy activity Microsoft Fabric Warehouse sink.

[2026-04-15T16:55:47.954+0000] {warnings.py:112} WARNING - /home/***/.local/lib/python3.12/site-packages/azure/synapse/artifacts/models/_models_py3.py:65950: SyntaxWarning: invalid escape sequence '\d'
  """

[2026-04-15T16:55:47.954+0000] {warnings.py:112} WARNING - /home/***/.local/lib/python3.12/site-packages/azure/synapse/artifacts/models/_models_py3.py:66003: SyntaxWarning: invalid escape sequence '\d'
  """A copy activity Microsoft Fabric Warehouse source.

[2026-04-15T16:55:47.955+0000] {warnings.py:112} WARNING - /home/***/.local/lib/python3.12/site-packages/azure/synapse/artifacts/models/_models_py3.py:66087: SyntaxWarning: invalid escape sequence '\d'
  """

[2026-04-15T16:55:47.957+0000] {warnings.py:112} WARNING - /home/***/.local/lib/python3.12/site-packages/azure/synapse/artifacts/models/_models_py3.py:66686: SyntaxWarning: invalid escape sequence '\d'
  """WebHook activity.

[2026-04-15T16:55:47.957+0000] {warnings.py:112} WARNING - /home/***/.local/lib/python3.12/site-packages/azure/synapse/artifacts/models/_models_py3.py:66779: SyntaxWarning: invalid escape sequence '\d'
  """

[2026-04-15T16:55:47.958+0000] {warnings.py:112} WARNING - /home/***/.local/lib/python3.12/site-packages/azure/synapse/artifacts/models/_models_py3.py:66918: SyntaxWarning: invalid escape sequence '\d'
  """A copy activity source for web page table.

[2026-04-15T16:55:47.959+0000] {warnings.py:112} WARNING - /home/***/.local/lib/python3.12/site-packages/azure/synapse/artifacts/models/_models_py3.py:66964: SyntaxWarning: invalid escape sequence '\d'
  """

[2026-04-15T16:55:47.961+0000] {warnings.py:112} WARNING - /home/***/.local/lib/python3.12/site-packages/azure/synapse/artifacts/models/_models_py3.py:67735: SyntaxWarning: invalid escape sequence '\d'
  """A copy activity Xero Service source.

[2026-04-15T16:55:47.961+0000] {warnings.py:112} WARNING - /home/***/.local/lib/python3.12/site-packages/azure/synapse/artifacts/models/_models_py3.py:67791: SyntaxWarning: invalid escape sequence '\d'
  """

[2026-04-15T16:55:47.963+0000] {warnings.py:112} WARNING - /home/***/.local/lib/python3.12/site-packages/azure/synapse/artifacts/models/_models_py3.py:68043: SyntaxWarning: invalid escape sequence '\d'
  """A copy activity Xml source.

[2026-04-15T16:55:47.963+0000] {warnings.py:112} WARNING - /home/***/.local/lib/python3.12/site-packages/azure/synapse/artifacts/models/_models_py3.py:68097: SyntaxWarning: invalid escape sequence '\d'
  """

[2026-04-15T16:55:47.965+0000] {warnings.py:112} WARNING - /home/***/.local/lib/python3.12/site-packages/azure/synapse/artifacts/models/_models_py3.py:68532: SyntaxWarning: invalid escape sequence '\d'
  """A copy activity Zoho server source.

[2026-04-15T16:55:47.966+0000] {warnings.py:112} WARNING - /home/***/.local/lib/python3.12/site-packages/azure/synapse/artifacts/models/_models_py3.py:68588: SyntaxWarning: invalid escape sequence '\d'
  """

[2026-04-15T16:55:49.261+0000] {taskinstance.py:341} INFO - ::group::Post task execution logs
[2026-04-15T16:55:49.261+0000] {taskinstance.py:353} INFO - Marking task as SUCCESS. dag_id=kafka_producer, task_id=execute_update_layers, run_id=scheduled__2026-04-13T18:30:00+00:00, execution_date=20260413T183000, start_date=20260415T165543, end_date=20260415T165549
[2026-04-15T16:55:49.363+0000] {local_task_job_runner.py:266} INFO - Task exited with return code 0
[2026-04-15T16:55:49.380+0000] {taskinstance.py:3901} INFO - 0 downstream tasks scheduled from follow-on schedule check
[2026-04-15T16:55:49.385+0000] {local_task_job_runner.py:245} INFO - ::endgroup::
[2026-04-15T17:12:52.252+0000] {local_task_job_runner.py:123} INFO - ::group::Pre task execution logs
[2026-04-15T17:12:52.283+0000] {taskinstance.py:2614} INFO - Dependencies all met for dep_context=non-requeueable deps ti=<TaskInstance: kafka_producer.execute_update_layers scheduled__2026-04-13T18:30:00+00:00 [queued]>
[2026-04-15T17:12:52.295+0000] {taskinstance.py:2614} INFO - Dependencies all met for dep_context=requeueable deps ti=<TaskInstance: kafka_producer.execute_update_layers scheduled__2026-04-13T18:30:00+00:00 [queued]>
[2026-04-15T17:12:52.296+0000] {taskinstance.py:2867} INFO - Starting attempt 1 of 1
[2026-04-15T17:12:52.316+0000] {taskinstance.py:2890} INFO - Executing <Task(TriggerDagRunOperator): execute_update_layers> on 2026-04-13 18:30:00+00:00
[2026-04-15T17:12:52.325+0000] {warnings.py:112} WARNING - /home/***/.local/lib/python3.12/site-packages/***/task/task_runner/standard_task_runner.py:70: DeprecationWarning: This process (pid=56) is multi-threaded, use of fork() may lead to deadlocks in the child.
  pid = os.fork()

[2026-04-15T17:12:52.327+0000] {standard_task_runner.py:72} INFO - Started process 57 to run task
[2026-04-15T17:12:52.328+0000] {standard_task_runner.py:104} INFO - Running: ['***', 'tasks', 'run', 'kafka_producer', 'execute_update_layers', 'scheduled__2026-04-13T18:30:00+00:00', '--job-id', '3', '--raw', '--subdir', 'DAGS_FOLDER/kafka_load.py', '--cfg-path', '/tmp/tmpv70vibb0']
[2026-04-15T17:12:52.330+0000] {standard_task_runner.py:105} INFO - Job 3: Subtask execute_update_layers
[2026-04-15T17:12:52.395+0000] {task_command.py:467} INFO - Running <TaskInstance: kafka_producer.execute_update_layers scheduled__2026-04-13T18:30:00+00:00 [running]> on host bfdc81498a94
[2026-04-15T17:12:52.491+0000] {taskinstance.py:3134} INFO - Exporting env vars: AIRFLOW_CTX_DAG_OWNER='***' AIRFLOW_CTX_DAG_ID='kafka_producer' AIRFLOW_CTX_TASK_ID='execute_update_layers' AIRFLOW_CTX_EXECUTION_DATE='2026-04-13T18:30:00+00:00' AIRFLOW_CTX_TRY_NUMBER='1' AIRFLOW_CTX_DAG_RUN_ID='scheduled__2026-04-13T18:30:00+00:00'
[2026-04-15T17:12:52.492+0000] {taskinstance.py:732} INFO - ::endgroup::
[2026-04-15T17:12:56.113+0000] {warnings.py:112} WARNING - /home/***/.local/lib/python3.12/site-packages/azure/synapse/artifacts/models/_models_py3.py:175: SyntaxWarning: invalid escape sequence '\d'
  """Execution policy for an activity.

[2026-04-15T17:12:56.114+0000] {warnings.py:112} WARNING - /home/***/.local/lib/python3.12/site-packages/azure/synapse/artifacts/models/_models_py3.py:222: SyntaxWarning: invalid escape sequence '\d'
  """

[2026-04-15T17:12:56.119+0000] {warnings.py:112} WARNING - /home/***/.local/lib/python3.12/site-packages/azure/synapse/artifacts/models/_models_py3.py:1151: SyntaxWarning: invalid escape sequence '\d'
  """A copy activity source.

[2026-04-15T17:12:56.121+0000] {warnings.py:112} WARNING - /home/***/.local/lib/python3.12/site-packages/azure/synapse/artifacts/models/_models_py3.py:1248: SyntaxWarning: invalid escape sequence '\d'
  """

[2026-04-15T17:12:56.125+0000] {warnings.py:112} WARNING - /home/***/.local/lib/python3.12/site-packages/azure/synapse/artifacts/models/_models_py3.py:1271: SyntaxWarning: invalid escape sequence '\d'
  """Copy activity sources of tabular type.

[2026-04-15T17:12:56.127+0000] {warnings.py:112} WARNING - /home/***/.local/lib/python3.12/site-packages/azure/synapse/artifacts/models/_models_py3.py:1406: SyntaxWarning: invalid escape sequence '\d'
  """

[2026-04-15T17:12:56.130+0000] {warnings.py:112} WARNING - /home/***/.local/lib/python3.12/site-packages/azure/synapse/artifacts/models/_models_py3.py:1439: SyntaxWarning: invalid escape sequence '\d'
  """A copy activity Amazon Marketplace Web Service source.

[2026-04-15T17:12:56.132+0000] {warnings.py:112} WARNING - /home/***/.local/lib/python3.12/site-packages/azure/synapse/artifacts/models/_models_py3.py:1495: SyntaxWarning: invalid escape sequence '\d'
  """

[2026-04-15T17:12:56.138+0000] {warnings.py:112} WARNING - /home/***/.local/lib/python3.12/site-packages/azure/synapse/artifacts/models/_models_py3.py:1683: SyntaxWarning: invalid escape sequence '\d'
  """A copy activity AmazonRdsForOracle source.

[2026-04-15T17:12:56.141+0000] {warnings.py:112} WARNING - /home/***/.local/lib/python3.12/site-packages/azure/synapse/artifacts/models/_models_py3.py:1750: SyntaxWarning: invalid escape sequence '\d'
  """

[2026-04-15T17:12:56.143+0000] {warnings.py:112} WARNING - /home/***/.local/lib/python3.12/site-packages/azure/synapse/artifacts/models/_models_py3.py:2025: SyntaxWarning: invalid escape sequence '\d'
  """A copy activity Amazon RDS for SQL Server source.

[2026-04-15T17:12:56.146+0000] {warnings.py:112} WARNING - /home/***/.local/lib/python3.12/site-packages/azure/synapse/artifacts/models/_models_py3.py:2110: SyntaxWarning: invalid escape sequence '\d'
  """

[2026-04-15T17:12:56.159+0000] {warnings.py:112} WARNING - /home/***/.local/lib/python3.12/site-packages/azure/synapse/artifacts/models/_models_py3.py:2407: SyntaxWarning: invalid escape sequence '\d'
  """A copy activity source for Amazon Redshift Source.

[2026-04-15T17:12:56.161+0000] {warnings.py:112} WARNING - /home/***/.local/lib/python3.12/site-packages/azure/synapse/artifacts/models/_models_py3.py:2468: SyntaxWarning: invalid escape sequence '\d'
  """

[2026-04-15T17:12:56.177+0000] {warnings.py:112} WARNING - /home/***/.local/lib/python3.12/site-packages/azure/synapse/artifacts/models/_models_py3.py:3987: SyntaxWarning: invalid escape sequence '\d'
  """A copy activity sink.

[2026-04-15T17:12:56.188+0000] {warnings.py:112} WARNING - /home/***/.local/lib/python3.12/site-packages/azure/synapse/artifacts/models/_models_py3.py:4096: SyntaxWarning: invalid escape sequence '\d'
  """

[2026-04-15T17:12:56.191+0000] {warnings.py:112} WARNING - /home/***/.local/lib/python3.12/site-packages/azure/synapse/artifacts/models/_models_py3.py:4127: SyntaxWarning: invalid escape sequence '\d'
  """A copy activity Avro sink.

[2026-04-15T17:12:56.198+0000] {warnings.py:112} WARNING - /home/***/.local/lib/python3.12/site-packages/azure/synapse/artifacts/models/_models_py3.py:4186: SyntaxWarning: invalid escape sequence '\d'
  """

[2026-04-15T17:12:56.222+0000] {warnings.py:112} WARNING - /home/***/.local/lib/python3.12/site-packages/azure/synapse/artifacts/models/_models_py3.py:4225: SyntaxWarning: invalid escape sequence '\d'
  """A copy activity Avro source.

[2026-04-15T17:12:56.225+0000] {warnings.py:112} WARNING - /home/***/.local/lib/python3.12/site-packages/azure/synapse/artifacts/models/_models_py3.py:4275: SyntaxWarning: invalid escape sequence '\d'
  """

[2026-04-15T17:12:56.228+0000] {warnings.py:112} WARNING - /home/***/.local/lib/python3.12/site-packages/azure/synapse/artifacts/models/_models_py3.py:5209: SyntaxWarning: invalid escape sequence '\d'
  """A copy activity Azure Data Lake Storage Gen2 sink.

[2026-04-15T17:12:56.231+0000] {warnings.py:112} WARNING - /home/***/.local/lib/python3.12/site-packages/azure/synapse/artifacts/models/_models_py3.py:5265: SyntaxWarning: invalid escape sequence '\d'
  """

[2026-04-15T17:12:56.232+0000] {warnings.py:112} WARNING - /home/***/.local/lib/python3.12/site-packages/azure/synapse/artifacts/models/_models_py3.py:5302: SyntaxWarning: invalid escape sequence '\d'
  """A copy activity Azure BlobFS source.

[2026-04-15T17:12:56.235+0000] {warnings.py:112} WARNING - /home/***/.local/lib/python3.12/site-packages/azure/synapse/artifacts/models/_models_py3.py:5358: SyntaxWarning: invalid escape sequence '\d'
  """

[2026-04-15T17:12:56.246+0000] {warnings.py:112} WARNING - /home/***/.local/lib/python3.12/site-packages/azure/synapse/artifacts/models/_models_py3.py:6437: SyntaxWarning: invalid escape sequence '\d'
  """A copy activity Azure Databricks Delta Lake sink.

[2026-04-15T17:12:56.247+0000] {warnings.py:112} WARNING - /home/***/.local/lib/python3.12/site-packages/azure/synapse/artifacts/models/_models_py3.py:6497: SyntaxWarning: invalid escape sequence '\d'
  """

[2026-04-15T17:12:56.247+0000] {warnings.py:112} WARNING - /home/***/.local/lib/python3.12/site-packages/azure/synapse/artifacts/models/_models_py3.py:6538: SyntaxWarning: invalid escape sequence '\d'
  """A copy activity Azure Databricks Delta Lake source.

[2026-04-15T17:12:56.248+0000] {warnings.py:112} WARNING - /home/***/.local/lib/python3.12/site-packages/azure/synapse/artifacts/models/_models_py3.py:6588: SyntaxWarning: invalid escape sequence '\d'
  """

[2026-04-15T17:12:56.249+0000] {warnings.py:112} WARNING - /home/***/.local/lib/python3.12/site-packages/azure/synapse/artifacts/models/_models_py3.py:7023: SyntaxWarning: invalid escape sequence '\d'
  """Azure Data Explorer command activity.

[2026-04-15T17:12:56.251+0000] {warnings.py:112} WARNING - /home/***/.local/lib/python3.12/site-packages/azure/synapse/artifacts/models/_models_py3.py:7096: SyntaxWarning: invalid escape sequence '\d'
  """

[2026-04-15T17:12:56.254+0000] {warnings.py:112} WARNING - /home/***/.local/lib/python3.12/site-packages/azure/synapse/artifacts/models/_models_py3.py:7267: SyntaxWarning: invalid escape sequence '\d'
  """A copy activity Azure Data Explorer sink.

[2026-04-15T17:12:56.257+0000] {warnings.py:112} WARNING - /home/***/.local/lib/python3.12/site-packages/azure/synapse/artifacts/models/_models_py3.py:7333: SyntaxWarning: invalid escape sequence '\d'
  """

[2026-04-15T17:12:56.271+0000] {warnings.py:112} WARNING - /home/***/.local/lib/python3.12/site-packages/azure/synapse/artifacts/models/_models_py3.py:7378: SyntaxWarning: invalid escape sequence '\d'
  """A copy activity Azure Data Explorer (Kusto) source.

[2026-04-15T17:12:56.272+0000] {warnings.py:112} WARNING - /home/***/.local/lib/python3.12/site-packages/azure/synapse/artifacts/models/_models_py3.py:7440: SyntaxWarning: invalid escape sequence '\d'
  """

[2026-04-15T17:12:56.283+0000] {warnings.py:112} WARNING - /home/***/.local/lib/python3.12/site-packages/azure/synapse/artifacts/models/_models_py3.py:8222: SyntaxWarning: invalid escape sequence '\d'
  """A copy activity Azure Data Lake Store sink.

[2026-04-15T17:12:56.284+0000] {warnings.py:112} WARNING - /home/***/.local/lib/python3.12/site-packages/azure/synapse/artifacts/models/_models_py3.py:8282: SyntaxWarning: invalid escape sequence '\d'
  """

[2026-04-15T17:12:56.286+0000] {warnings.py:112} WARNING - /home/***/.local/lib/python3.12/site-packages/azure/synapse/artifacts/models/_models_py3.py:8322: SyntaxWarning: invalid escape sequence '\d'
  """A copy activity Azure Data Lake source.

[2026-04-15T17:12:56.287+0000] {warnings.py:112} WARNING - /home/***/.local/lib/python3.12/site-packages/azure/synapse/artifacts/models/_models_py3.py:8368: SyntaxWarning: invalid escape sequence '\d'
  """

[2026-04-15T17:12:56.291+0000] {warnings.py:112} WARNING - /home/***/.local/lib/python3.12/site-packages/azure/synapse/artifacts/models/_models_py3.py:9475: SyntaxWarning: invalid escape sequence '\d'
  """A copy activity Azure MariaDB source.

[2026-04-15T17:12:56.292+0000] {warnings.py:112} WARNING - /home/***/.local/lib/python3.12/site-packages/azure/synapse/artifacts/models/_models_py3.py:9531: SyntaxWarning: invalid escape sequence '\d'
  """

[2026-04-15T17:12:56.297+0000] {warnings.py:112} WARNING - /home/***/.local/lib/python3.12/site-packages/azure/synapse/artifacts/models/_models_py3.py:10532: SyntaxWarning: invalid escape sequence '\d'
  """A copy activity Azure MySql sink.

[2026-04-15T17:12:56.298+0000] {warnings.py:112} WARNING - /home/***/.local/lib/python3.12/site-packages/azure/synapse/artifacts/models/_models_py3.py:10588: SyntaxWarning: invalid escape sequence '\d'
  """

[2026-04-15T17:12:56.299+0000] {warnings.py:112} WARNING - /home/***/.local/lib/python3.12/site-packages/azure/synapse/artifacts/models/_models_py3.py:10625: SyntaxWarning: invalid escape sequence '\d'
  """A copy activity Azure MySQL source.

[2026-04-15T17:12:56.300+0000] {warnings.py:112} WARNING - /home/***/.local/lib/python3.12/site-packages/azure/synapse/artifacts/models/_models_py3.py:10680: SyntaxWarning: invalid escape sequence '\d'
  """

[2026-04-15T17:12:56.304+0000] {warnings.py:112} WARNING - /home/***/.local/lib/python3.12/site-packages/azure/synapse/artifacts/models/_models_py3.py:10923: SyntaxWarning: invalid escape sequence '\d'
  """A copy activity Azure PostgreSQL sink.

[2026-04-15T17:12:56.305+0000] {warnings.py:112} WARNING - /home/***/.local/lib/python3.12/site-packages/azure/synapse/artifacts/models/_models_py3.py:10979: SyntaxWarning: invalid escape sequence '\d'
  """

[2026-04-15T17:12:56.306+0000] {warnings.py:112} WARNING - /home/***/.local/lib/python3.12/site-packages/azure/synapse/artifacts/models/_models_py3.py:11016: SyntaxWarning: invalid escape sequence '\d'
  """A copy activity Azure PostgreSQL source.

[2026-04-15T17:12:56.307+0000] {warnings.py:112} WARNING - /home/***/.local/lib/python3.12/site-packages/azure/synapse/artifacts/models/_models_py3.py:11072: SyntaxWarning: invalid escape sequence '\d'
  """

[2026-04-15T17:12:56.308+0000] {warnings.py:112} WARNING - /home/***/.local/lib/python3.12/site-packages/azure/synapse/artifacts/models/_models_py3.py:11231: SyntaxWarning: invalid escape sequence '\d'
  """A copy activity Azure Queue sink.

[2026-04-15T17:12:56.309+0000] {warnings.py:112} WARNING - /home/***/.local/lib/python3.12/site-packages/azure/synapse/artifacts/models/_models_py3.py:11282: SyntaxWarning: invalid escape sequence '\d'
  """

[2026-04-15T17:12:56.309+0000] {warnings.py:112} WARNING - /home/***/.local/lib/python3.12/site-packages/azure/synapse/artifacts/models/_models_py3.py:11420: SyntaxWarning: invalid escape sequence '\d'
  """A copy activity Azure Search Index sink.

[2026-04-15T17:12:56.310+0000] {warnings.py:112} WARNING - /home/***/.local/lib/python3.12/site-packages/azure/synapse/artifacts/models/_models_py3.py:11477: SyntaxWarning: invalid escape sequence '\d'
  """

[2026-04-15T17:12:56.312+0000] {warnings.py:112} WARNING - /home/***/.local/lib/python3.12/site-packages/azure/synapse/artifacts/models/_models_py3.py:12300: SyntaxWarning: invalid escape sequence '\d'
  """A copy activity Azure SQL sink.

[2026-04-15T17:12:56.313+0000] {warnings.py:112} WARNING - /home/***/.local/lib/python3.12/site-packages/azure/synapse/artifacts/models/_models_py3.py:12383: SyntaxWarning: invalid escape sequence '\d'
  """

[2026-04-15T17:12:56.313+0000] {warnings.py:112} WARNING - /home/***/.local/lib/python3.12/site-packages/azure/synapse/artifacts/models/_models_py3.py:12439: SyntaxWarning: invalid escape sequence '\d'
  """A copy activity Azure SQL source.

[2026-04-15T17:12:56.314+0000] {warnings.py:112} WARNING - /home/***/.local/lib/python3.12/site-packages/azure/synapse/artifacts/models/_models_py3.py:12524: SyntaxWarning: invalid escape sequence '\d'
  """

[2026-04-15T17:12:56.315+0000] {warnings.py:112} WARNING - /home/***/.local/lib/python3.12/site-packages/azure/synapse/artifacts/models/_models_py3.py:13019: SyntaxWarning: invalid escape sequence '\d'
  """A copy activity Azure Table sink.

[2026-04-15T17:12:56.316+0000] {warnings.py:112} WARNING - /home/***/.local/lib/python3.12/site-packages/azure/synapse/artifacts/models/_models_py3.py:13090: SyntaxWarning: invalid escape sequence '\d'
  """

[2026-04-15T17:12:56.317+0000] {warnings.py:112} WARNING - /home/***/.local/lib/python3.12/site-packages/azure/synapse/artifacts/models/_models_py3.py:13139: SyntaxWarning: invalid escape sequence '\d'
  """A copy activity Azure Table source.

[2026-04-15T17:12:56.317+0000] {warnings.py:112} WARNING - /home/***/.local/lib/python3.12/site-packages/azure/synapse/artifacts/models/_models_py3.py:13200: SyntaxWarning: invalid escape sequence '\d'
  """

[2026-04-15T17:12:56.319+0000] {warnings.py:112} WARNING - /home/***/.local/lib/python3.12/site-packages/azure/synapse/artifacts/models/_models_py3.py:13886: SyntaxWarning: invalid escape sequence '\d'
  """A copy activity Binary sink.

[2026-04-15T17:12:56.320+0000] {warnings.py:112} WARNING - /home/***/.local/lib/python3.12/site-packages/azure/synapse/artifacts/models/_models_py3.py:13941: SyntaxWarning: invalid escape sequence '\d'
  """

[2026-04-15T17:12:56.320+0000] {warnings.py:112} WARNING - /home/***/.local/lib/python3.12/site-packages/azure/synapse/artifacts/models/_models_py3.py:13977: SyntaxWarning: invalid escape sequence '\d'
  """A copy activity Binary source.

[2026-04-15T17:12:56.322+0000] {warnings.py:112} WARNING - /home/***/.local/lib/python3.12/site-packages/azure/synapse/artifacts/models/_models_py3.py:14026: SyntaxWarning: invalid escape sequence '\d'
  """

[2026-04-15T17:12:56.323+0000] {warnings.py:112} WARNING - /home/***/.local/lib/python3.12/site-packages/azure/synapse/artifacts/models/_models_py3.py:14318: SyntaxWarning: invalid escape sequence '\d'
  """A copy activity Azure Blob sink.

[2026-04-15T17:12:56.324+0000] {warnings.py:112} WARNING - /home/***/.local/lib/python3.12/site-packages/azure/synapse/artifacts/models/_models_py3.py:14388: SyntaxWarning: invalid escape sequence '\d'
  """

[2026-04-15T17:12:56.325+0000] {warnings.py:112} WARNING - /home/***/.local/lib/python3.12/site-packages/azure/synapse/artifacts/models/_models_py3.py:14436: SyntaxWarning: invalid escape sequence '\d'
  """A copy activity Azure Blob source.

[2026-04-15T17:12:56.326+0000] {warnings.py:112} WARNING - /home/***/.local/lib/python3.12/site-packages/azure/synapse/artifacts/models/_models_py3.py:14492: SyntaxWarning: invalid escape sequence '\d'
  """

[2026-04-15T17:12:56.328+0000] {warnings.py:112} WARNING - /home/***/.local/lib/python3.12/site-packages/azure/synapse/artifacts/models/_models_py3.py:14744: SyntaxWarning: invalid escape sequence '\d'
  """A copy activity source for a Cassandra database.

[2026-04-15T17:12:56.329+0000] {warnings.py:112} WARNING - /home/***/.local/lib/python3.12/site-packages/azure/synapse/artifacts/models/_models_py3.py:14810: SyntaxWarning: invalid escape sequence '\d'
  """

[2026-04-15T17:12:56.331+0000] {warnings.py:112} WARNING - /home/***/.local/lib/python3.12/site-packages/azure/synapse/artifacts/models/_models_py3.py:15415: SyntaxWarning: invalid escape sequence '\d'
  """A copy activity Common Data Service for Apps sink.

[2026-04-15T17:12:56.332+0000] {warnings.py:112} WARNING - /home/***/.local/lib/python3.12/site-packages/azure/synapse/artifacts/models/_models_py3.py:15482: SyntaxWarning: invalid escape sequence '\d'
  """

[2026-04-15T17:12:56.333+0000] {warnings.py:112} WARNING - /home/***/.local/lib/python3.12/site-packages/azure/synapse/artifacts/models/_models_py3.py:15527: SyntaxWarning: invalid escape sequence '\d'
  """A copy activity Common Data Service for Apps source.

[2026-04-15T17:12:56.334+0000] {warnings.py:112} WARNING - /home/***/.local/lib/python3.12/site-packages/azure/synapse/artifacts/models/_models_py3.py:15578: SyntaxWarning: invalid escape sequence '\d'
  """

[2026-04-15T17:12:56.337+0000] {warnings.py:112} WARNING - /home/***/.local/lib/python3.12/site-packages/azure/synapse/artifacts/models/_models_py3.py:15897: SyntaxWarning: invalid escape sequence '\d'
  """A copy activity Concur Service source.

[2026-04-15T17:12:56.338+0000] {warnings.py:112} WARNING - /home/***/.local/lib/python3.12/site-packages/azure/synapse/artifacts/models/_models_py3.py:15953: SyntaxWarning: invalid escape sequence '\d'
  """

[2026-04-15T17:12:56.340+0000] {warnings.py:112} WARNING - /home/***/.local/lib/python3.12/site-packages/azure/synapse/artifacts/models/_models_py3.py:16617: SyntaxWarning: invalid escape sequence '\d'
  """A copy activity sink for a CosmosDB (MongoDB API) database.

[2026-04-15T17:12:56.341+0000] {warnings.py:112} WARNING - /home/***/.local/lib/python3.12/site-packages/azure/synapse/artifacts/models/_models_py3.py:16674: SyntaxWarning: invalid escape sequence '\d'
  """

[2026-04-15T17:12:56.341+0000] {warnings.py:112} WARNING - /home/***/.local/lib/python3.12/site-packages/azure/synapse/artifacts/models/_models_py3.py:16712: SyntaxWarning: invalid escape sequence '\d'
  """A copy activity source for a CosmosDB (MongoDB API) database.

[2026-04-15T17:12:56.342+0000] {warnings.py:112} WARNING - /home/***/.local/lib/python3.12/site-packages/azure/synapse/artifacts/models/_models_py3.py:16780: SyntaxWarning: invalid escape sequence '\d'
  """

[2026-04-15T17:12:56.342+0000] {warnings.py:112} WARNING - /home/***/.local/lib/python3.12/site-packages/azure/synapse/artifacts/models/_models_py3.py:16932: SyntaxWarning: invalid escape sequence '\d'
  """A copy activity Azure CosmosDB (SQL API) Collection sink.

[2026-04-15T17:12:56.343+0000] {warnings.py:112} WARNING - /home/***/.local/lib/python3.12/site-packages/azure/synapse/artifacts/models/_models_py3.py:16988: SyntaxWarning: invalid escape sequence '\d'
  """

[2026-04-15T17:12:56.343+0000] {warnings.py:112} WARNING - /home/***/.local/lib/python3.12/site-packages/azure/synapse/artifacts/models/_models_py3.py:17025: SyntaxWarning: invalid escape sequence '\d'
  """A copy activity Azure CosmosDB (SQL API) Collection source.

[2026-04-15T17:12:56.344+0000] {warnings.py:112} WARNING - /home/***/.local/lib/python3.12/site-packages/azure/synapse/artifacts/models/_models_py3.py:17090: SyntaxWarning: invalid escape sequence '\d'
  """

[2026-04-15T17:12:56.344+0000] {warnings.py:112} WARNING - /home/***/.local/lib/python3.12/site-packages/azure/synapse/artifacts/models/_models_py3.py:17228: SyntaxWarning: invalid escape sequence '\d'
  """A copy activity Couchbase server source.

[2026-04-15T17:12:56.345+0000] {warnings.py:112} WARNING - /home/***/.local/lib/python3.12/site-packages/azure/synapse/artifacts/models/_models_py3.py:17284: SyntaxWarning: invalid escape sequence '\d'
  """

[2026-04-15T17:12:56.351+0000] {warnings.py:112} WARNING - /home/***/.local/lib/python3.12/site-packages/azure/synapse/artifacts/models/_models_py3.py:20234: SyntaxWarning: invalid escape sequence '\d'
  """A copy activity source for Db2 databases.

[2026-04-15T17:12:56.352+0000] {warnings.py:112} WARNING - /home/***/.local/lib/python3.12/site-packages/azure/synapse/artifacts/models/_models_py3.py:20289: SyntaxWarning: invalid escape sequence '\d'
  """

[2026-04-15T17:12:56.359+0000] {warnings.py:112} WARNING - /home/***/.local/lib/python3.12/site-packages/azure/synapse/artifacts/models/_models_py3.py:20862: SyntaxWarning: invalid escape sequence '\d'
  """A copy activity DelimitedText sink.

[2026-04-15T17:12:56.360+0000] {warnings.py:112} WARNING - /home/***/.local/lib/python3.12/site-packages/azure/synapse/artifacts/models/_models_py3.py:20921: SyntaxWarning: invalid escape sequence '\d'
  """

[2026-04-15T17:12:56.360+0000] {warnings.py:112} WARNING - /home/***/.local/lib/python3.12/site-packages/azure/synapse/artifacts/models/_models_py3.py:20960: SyntaxWarning: invalid escape sequence '\d'
  """A copy activity DelimitedText source.

[2026-04-15T17:12:56.361+0000] {warnings.py:112} WARNING - /home/***/.local/lib/python3.12/site-packages/azure/synapse/artifacts/models/_models_py3.py:21014: SyntaxWarning: invalid escape sequence '\d'
  """

[2026-04-15T17:12:56.366+0000] {warnings.py:112} WARNING - /home/***/.local/lib/python3.12/site-packages/azure/synapse/artifacts/models/_models_py3.py:21316: SyntaxWarning: invalid escape sequence '\d'
  """A copy activity Document Database Collection sink.

[2026-04-15T17:12:56.367+0000] {warnings.py:112} WARNING - /home/***/.local/lib/python3.12/site-packages/azure/synapse/artifacts/models/_models_py3.py:21377: SyntaxWarning: invalid escape sequence '\d'
  """

[2026-04-15T17:12:56.369+0000] {warnings.py:112} WARNING - /home/***/.local/lib/python3.12/site-packages/azure/synapse/artifacts/models/_models_py3.py:21418: SyntaxWarning: invalid escape sequence '\d'
  """A copy activity Document Database Collection source.

[2026-04-15T17:12:56.370+0000] {warnings.py:112} WARNING - /home/***/.local/lib/python3.12/site-packages/azure/synapse/artifacts/models/_models_py3.py:21478: SyntaxWarning: invalid escape sequence '\d'
  """

[2026-04-15T17:12:56.372+0000] {warnings.py:112} WARNING - /home/***/.local/lib/python3.12/site-packages/azure/synapse/artifacts/models/_models_py3.py:21612: SyntaxWarning: invalid escape sequence '\d'
  """A copy activity Drill server source.

[2026-04-15T17:12:56.373+0000] {warnings.py:112} WARNING - /home/***/.local/lib/python3.12/site-packages/azure/synapse/artifacts/models/_models_py3.py:21668: SyntaxWarning: invalid escape sequence '\d'
  """

[2026-04-15T17:12:56.375+0000] {warnings.py:112} WARNING - /home/***/.local/lib/python3.12/site-packages/azure/synapse/artifacts/models/_models_py3.py:22155: SyntaxWarning: invalid escape sequence '\d'
  """A copy activity Dynamics AX source.

[2026-04-15T17:12:56.376+0000] {warnings.py:112} WARNING - /home/***/.local/lib/python3.12/site-packages/azure/synapse/artifacts/models/_models_py3.py:22218: SyntaxWarning: invalid escape sequence '\d'
  """

[2026-04-15T17:12:56.377+0000] {warnings.py:112} WARNING - /home/***/.local/lib/python3.12/site-packages/azure/synapse/artifacts/models/_models_py3.py:22559: SyntaxWarning: invalid escape sequence '\d'
  """A copy activity Dynamics CRM sink.

[2026-04-15T17:12:56.377+0000] {warnings.py:112} WARNING - /home/***/.local/lib/python3.12/site-packages/azure/synapse/artifacts/models/_models_py3.py:22626: SyntaxWarning: invalid escape sequence '\d'
  """

[2026-04-15T17:12:56.378+0000] {warnings.py:112} WARNING - /home/***/.local/lib/python3.12/site-packages/azure/synapse/artifacts/models/_models_py3.py:22671: SyntaxWarning: invalid escape sequence '\d'
  """A copy activity Dynamics CRM source.

[2026-04-15T17:12:56.379+0000] {warnings.py:112} WARNING - /home/***/.local/lib/python3.12/site-packages/azure/synapse/artifacts/models/_models_py3.py:22722: SyntaxWarning: invalid escape sequence '\d'
  """

[2026-04-15T17:12:56.380+0000] {warnings.py:112} WARNING - /home/***/.local/lib/python3.12/site-packages/azure/synapse/artifacts/models/_models_py3.py:23061: SyntaxWarning: invalid escape sequence '\d'
  """A copy activity Dynamics sink.

[2026-04-15T17:12:56.381+0000] {warnings.py:112} WARNING - /home/***/.local/lib/python3.12/site-packages/azure/synapse/artifacts/models/_models_py3.py:23128: SyntaxWarning: invalid escape sequence '\d'
  """

[2026-04-15T17:12:56.382+0000] {warnings.py:112} WARNING - /home/***/.local/lib/python3.12/site-packages/azure/synapse/artifacts/models/_models_py3.py:23173: SyntaxWarning: invalid escape sequence '\d'
  """A copy activity Dynamics source.

[2026-04-15T17:12:56.383+0000] {warnings.py:112} WARNING - /home/***/.local/lib/python3.12/site-packages/azure/synapse/artifacts/models/_models_py3.py:23224: SyntaxWarning: invalid escape sequence '\d'
  """

[2026-04-15T17:12:56.384+0000] {warnings.py:112} WARNING - /home/***/.local/lib/python3.12/site-packages/azure/synapse/artifacts/models/_models_py3.py:23511: SyntaxWarning: invalid escape sequence '\d'
  """A copy activity Eloqua server source.

[2026-04-15T17:12:56.385+0000] {warnings.py:112} WARNING - /home/***/.local/lib/python3.12/site-packages/azure/synapse/artifacts/models/_models_py3.py:23567: SyntaxWarning: invalid escape sequence '\d'
  """

[2026-04-15T17:12:56.387+0000] {warnings.py:112} WARNING - /home/***/.local/lib/python3.12/site-packages/azure/synapse/artifacts/models/_models_py3.py:23968: SyntaxWarning: invalid escape sequence '\d'
  """A copy activity excel source.

[2026-04-15T17:12:56.388+0000] {warnings.py:112} WARNING - /home/***/.local/lib/python3.12/site-packages/azure/synapse/artifacts/models/_models_py3.py:24018: SyntaxWarning: invalid escape sequence '\d'
  """

[2026-04-15T17:12:56.391+0000] {warnings.py:112} WARNING - /home/***/.local/lib/python3.12/site-packages/azure/synapse/artifacts/models/_models_py3.py:25343: SyntaxWarning: invalid escape sequence '\d'
  """A copy activity file system sink.

[2026-04-15T17:12:56.392+0000] {warnings.py:112} WARNING - /home/***/.local/lib/python3.12/site-packages/azure/synapse/artifacts/models/_models_py3.py:25398: SyntaxWarning: invalid escape sequence '\d'
  """

[2026-04-15T17:12:56.393+0000] {warnings.py:112} WARNING - /home/***/.local/lib/python3.12/site-packages/azure/synapse/artifacts/models/_models_py3.py:25434: SyntaxWarning: invalid escape sequence '\d'
  """A copy activity file system source.

[2026-04-15T17:12:56.395+0000] {warnings.py:112} WARNING - /home/***/.local/lib/python3.12/site-packages/azure/synapse/artifacts/models/_models_py3.py:25485: SyntaxWarning: invalid escape sequence '\d'
  """

[2026-04-15T17:12:56.398+0000] {warnings.py:112} WARNING - /home/***/.local/lib/python3.12/site-packages/azure/synapse/artifacts/models/_models_py3.py:26723: SyntaxWarning: invalid escape sequence '\d'
  """A copy activity Google AdWords service source.

[2026-04-15T17:12:56.400+0000] {warnings.py:112} WARNING - /home/***/.local/lib/python3.12/site-packages/azure/synapse/artifacts/models/_models_py3.py:26779: SyntaxWarning: invalid escape sequence '\d'
  """

[2026-04-15T17:12:56.402+0000] {warnings.py:112} WARNING - /home/***/.local/lib/python3.12/site-packages/azure/synapse/artifacts/models/_models_py3.py:27121: SyntaxWarning: invalid escape sequence '\d'
  """A copy activity Google BigQuery service source.

[2026-04-15T17:12:56.405+0000] {warnings.py:112} WARNING - /home/***/.local/lib/python3.12/site-packages/azure/synapse/artifacts/models/_models_py3.py:27177: SyntaxWarning: invalid escape sequence '\d'
  """

[2026-04-15T17:12:56.406+0000] {warnings.py:112} WARNING - /home/***/.local/lib/python3.12/site-packages/azure/synapse/artifacts/models/_models_py3.py:27461: SyntaxWarning: invalid escape sequence '\d'
  """A copy activity Google BigQuery service source.

[2026-04-15T17:12:56.407+0000] {warnings.py:112} WARNING - /home/***/.local/lib/python3.12/site-packages/azure/synapse/artifacts/models/_models_py3.py:27517: SyntaxWarning: invalid escape sequence '\d'
  """

[2026-04-15T17:12:56.409+0000] {warnings.py:112} WARNING - /home/***/.local/lib/python3.12/site-packages/azure/synapse/artifacts/models/_models_py3.py:28053: SyntaxWarning: invalid escape sequence '\d'
  """A copy activity Greenplum Database source.

[2026-04-15T17:12:56.410+0000] {warnings.py:112} WARNING - /home/***/.local/lib/python3.12/site-packages/azure/synapse/artifacts/models/_models_py3.py:28109: SyntaxWarning: invalid escape sequence '\d'
  """

[2026-04-15T17:12:56.411+0000] {warnings.py:112} WARNING - /home/***/.local/lib/python3.12/site-packages/azure/synapse/artifacts/models/_models_py3.py:28536: SyntaxWarning: invalid escape sequence '\d'
  """A copy activity HBase server source.

[2026-04-15T17:12:56.411+0000] {warnings.py:112} WARNING - /home/***/.local/lib/python3.12/site-packages/azure/synapse/artifacts/models/_models_py3.py:28592: SyntaxWarning: invalid escape sequence '\d'
  """

[2026-04-15T17:12:56.412+0000] {warnings.py:112} WARNING - /home/***/.local/lib/python3.12/site-packages/azure/synapse/artifacts/models/_models_py3.py:28932: SyntaxWarning: invalid escape sequence '\d'
  """A copy activity HDFS source.

[2026-04-15T17:12:56.413+0000] {warnings.py:112} WARNING - /home/***/.local/lib/python3.12/site-packages/azure/synapse/artifacts/models/_models_py3.py:28982: SyntaxWarning: invalid escape sequence '\d'
  """

[2026-04-15T17:12:56.417+0000] {warnings.py:112} WARNING - /home/***/.local/lib/python3.12/site-packages/azure/synapse/artifacts/models/_models_py3.py:30727: SyntaxWarning: invalid escape sequence '\d'
  """A copy activity Hive Server source.

[2026-04-15T17:12:56.418+0000] {warnings.py:112} WARNING - /home/***/.local/lib/python3.12/site-packages/azure/synapse/artifacts/models/_models_py3.py:30783: SyntaxWarning: invalid escape sequence '\d'
  """

[2026-04-15T17:12:56.422+0000] {warnings.py:112} WARNING - /home/***/.local/lib/python3.12/site-packages/azure/synapse/artifacts/models/_models_py3.py:31296: SyntaxWarning: invalid escape sequence '\d'
  """A copy activity source for an HTTP file.

[2026-04-15T17:12:56.422+0000] {warnings.py:112} WARNING - /home/***/.local/lib/python3.12/site-packages/azure/synapse/artifacts/models/_models_py3.py:31344: SyntaxWarning: invalid escape sequence '\d'
  """

[2026-04-15T17:12:56.424+0000] {warnings.py:112} WARNING - /home/***/.local/lib/python3.12/site-packages/azure/synapse/artifacts/models/_models_py3.py:31617: SyntaxWarning: invalid escape sequence '\d'
  """A copy activity Hubspot Service source.

[2026-04-15T17:12:56.424+0000] {warnings.py:112} WARNING - /home/***/.local/lib/python3.12/site-packages/azure/synapse/artifacts/models/_models_py3.py:31673: SyntaxWarning: invalid escape sequence '\d'
  """

[2026-04-15T17:12:56.426+0000] {warnings.py:112} WARNING - /home/***/.local/lib/python3.12/site-packages/azure/synapse/artifacts/models/_models_py3.py:32120: SyntaxWarning: invalid escape sequence '\d'
  """A copy activity Impala server source.

[2026-04-15T17:12:56.426+0000] {warnings.py:112} WARNING - /home/***/.local/lib/python3.12/site-packages/azure/synapse/artifacts/models/_models_py3.py:32176: SyntaxWarning: invalid escape sequence '\d'
  """

[2026-04-15T17:12:56.427+0000] {warnings.py:112} WARNING - /home/***/.local/lib/python3.12/site-packages/azure/synapse/artifacts/models/_models_py3.py:32339: SyntaxWarning: invalid escape sequence '\d'
  """A copy activity Informix sink.

[2026-04-15T17:12:56.428+0000] {warnings.py:112} WARNING - /home/***/.local/lib/python3.12/site-packages/azure/synapse/artifacts/models/_models_py3.py:32395: SyntaxWarning: invalid escape sequence '\d'
  """

[2026-04-15T17:12:56.428+0000] {warnings.py:112} WARNING - /home/***/.local/lib/python3.12/site-packages/azure/synapse/artifacts/models/_models_py3.py:32432: SyntaxWarning: invalid escape sequence '\d'
  """A copy activity source for Informix.

[2026-04-15T17:12:56.429+0000] {warnings.py:112} WARNING - /home/***/.local/lib/python3.12/site-packages/azure/synapse/artifacts/models/_models_py3.py:32487: SyntaxWarning: invalid escape sequence '\d'
  """

[2026-04-15T17:12:56.431+0000] {warnings.py:112} WARNING - /home/***/.local/lib/python3.12/site-packages/azure/synapse/artifacts/models/_models_py3.py:33502: SyntaxWarning: invalid escape sequence '\d'
  """A copy activity Jira Service source.

[2026-04-15T17:12:56.435+0000] {warnings.py:112} WARNING - /home/***/.local/lib/python3.12/site-packages/azure/synapse/artifacts/models/_models_py3.py:33558: SyntaxWarning: invalid escape sequence '\d'
  """

[2026-04-15T17:12:56.437+0000] {warnings.py:112} WARNING - /home/***/.local/lib/python3.12/site-packages/azure/synapse/artifacts/models/_models_py3.py:33869: SyntaxWarning: invalid escape sequence '\d'
  """A copy activity Json sink.

[2026-04-15T17:12:56.438+0000] {warnings.py:112} WARNING - /home/***/.local/lib/python3.12/site-packages/azure/synapse/artifacts/models/_models_py3.py:33928: SyntaxWarning: invalid escape sequence '\d'
  """

[2026-04-15T17:12:56.439+0000] {warnings.py:112} WARNING - /home/***/.local/lib/python3.12/site-packages/azure/synapse/artifacts/models/_models_py3.py:33967: SyntaxWarning: invalid escape sequence '\d'
  """A copy activity Json source.

[2026-04-15T17:12:56.440+0000] {warnings.py:112} WARNING - /home/***/.local/lib/python3.12/site-packages/azure/synapse/artifacts/models/_models_py3.py:34021: SyntaxWarning: invalid escape sequence '\d'
  """

[2026-04-15T17:12:56.442+0000] {warnings.py:112} WARNING - /home/***/.local/lib/python3.12/site-packages/azure/synapse/artifacts/models/_models_py3.py:34739: SyntaxWarning: invalid escape sequence '\d'
  """A copy activity for Microsoft Fabric LakeHouse Table sink.

[2026-04-15T17:12:56.443+0000] {warnings.py:112} WARNING - /home/***/.local/lib/python3.12/site-packages/azure/synapse/artifacts/models/_models_py3.py:34806: SyntaxWarning: invalid escape sequence '\d'
  """

[2026-04-15T17:12:56.446+0000] {warnings.py:112} WARNING - /home/***/.local/lib/python3.12/site-packages/azure/synapse/artifacts/models/_models_py3.py:34852: SyntaxWarning: invalid escape sequence '\d'
  """A copy activity source for Microsoft Fabric LakeHouse Table.

[2026-04-15T17:12:56.447+0000] {warnings.py:112} WARNING - /home/***/.local/lib/python3.12/site-packages/azure/synapse/artifacts/models/_models_py3.py:34908: SyntaxWarning: invalid escape sequence '\d'
  """

[2026-04-15T17:12:56.458+0000] {warnings.py:112} WARNING - /home/***/.local/lib/python3.12/site-packages/azure/synapse/artifacts/models/_models_py3.py:36915: SyntaxWarning: invalid escape sequence '\d'
  """A copy activity Magento server source.

[2026-04-15T17:12:56.459+0000] {warnings.py:112} WARNING - /home/***/.local/lib/python3.12/site-packages/azure/synapse/artifacts/models/_models_py3.py:36971: SyntaxWarning: invalid escape sequence '\d'
  """

[2026-04-15T17:12:56.461+0000] {warnings.py:112} WARNING - /home/***/.local/lib/python3.12/site-packages/azure/synapse/artifacts/models/_models_py3.py:37417: SyntaxWarning: invalid escape sequence '\d'
  """A copy activity MariaDB server source.

[2026-04-15T17:12:56.461+0000] {warnings.py:112} WARNING - /home/***/.local/lib/python3.12/site-packages/azure/synapse/artifacts/models/_models_py3.py:37473: SyntaxWarning: invalid escape sequence '\d'
  """

[2026-04-15T17:12:56.462+0000] {warnings.py:112} WARNING - /home/***/.local/lib/python3.12/site-packages/azure/synapse/artifacts/models/_models_py3.py:37845: SyntaxWarning: invalid escape sequence '\d'
  """A copy activity Marketo server source.

[2026-04-15T17:12:56.463+0000] {warnings.py:112} WARNING - /home/***/.local/lib/python3.12/site-packages/azure/synapse/artifacts/models/_models_py3.py:37901: SyntaxWarning: invalid escape sequence '\d'
  """

[2026-04-15T17:12:56.464+0000] {warnings.py:112} WARNING - /home/***/.local/lib/python3.12/site-packages/azure/synapse/artifacts/models/_models_py3.py:38208: SyntaxWarning: invalid escape sequence '\d'
  """A copy activity Microsoft Access sink.

[2026-04-15T17:12:56.465+0000] {warnings.py:112} WARNING - /home/***/.local/lib/python3.12/site-packages/azure/synapse/artifacts/models/_models_py3.py:38264: SyntaxWarning: invalid escape sequence '\d'
  """

[2026-04-15T17:12:56.466+0000] {warnings.py:112} WARNING - /home/***/.local/lib/python3.12/site-packages/azure/synapse/artifacts/models/_models_py3.py:38301: SyntaxWarning: invalid escape sequence '\d'
  """A copy activity source for Microsoft Access.

[2026-04-15T17:12:56.466+0000] {warnings.py:112} WARNING - /home/***/.local/lib/python3.12/site-packages/azure/synapse/artifacts/models/_models_py3.py:38351: SyntaxWarning: invalid escape sequence '\d'
  """

[2026-04-15T17:12:56.468+0000] {warnings.py:112} WARNING - /home/***/.local/lib/python3.12/site-packages/azure/synapse/artifacts/models/_models_py3.py:38690: SyntaxWarning: invalid escape sequence '\d'
  """A copy activity source for a MongoDB Atlas database.

[2026-04-15T17:12:56.470+0000] {warnings.py:112} WARNING - /home/***/.local/lib/python3.12/site-packages/azure/synapse/artifacts/models/_models_py3.py:38758: SyntaxWarning: invalid escape sequence '\d'
  """

[2026-04-15T17:12:56.472+0000] {warnings.py:112} WARNING - /home/***/.local/lib/python3.12/site-packages/azure/synapse/artifacts/models/_models_py3.py:39141: SyntaxWarning: invalid escape sequence '\d'
  """A copy activity source for a MongoDB database.

[2026-04-15T17:12:56.474+0000] {warnings.py:112} WARNING - /home/***/.local/lib/python3.12/site-packages/azure/synapse/artifacts/models/_models_py3.py:39192: SyntaxWarning: invalid escape sequence '\d'
  """

[2026-04-15T17:12:56.476+0000] {warnings.py:112} WARNING - /home/***/.local/lib/python3.12/site-packages/azure/synapse/artifacts/models/_models_py3.py:39419: SyntaxWarning: invalid escape sequence '\d'
  """A copy activity source for a MongoDB database.

[2026-04-15T17:12:56.477+0000] {warnings.py:112} WARNING - /home/***/.local/lib/python3.12/site-packages/azure/synapse/artifacts/models/_models_py3.py:39487: SyntaxWarning: invalid escape sequence '\d'
  """

[2026-04-15T17:12:56.478+0000] {warnings.py:112} WARNING - /home/***/.local/lib/python3.12/site-packages/azure/synapse/artifacts/models/_models_py3.py:39683: SyntaxWarning: invalid escape sequence '\d'
  """A copy activity source for MySQL databases.

[2026-04-15T17:12:56.479+0000] {warnings.py:112} WARNING - /home/***/.local/lib/python3.12/site-packages/azure/synapse/artifacts/models/_models_py3.py:39738: SyntaxWarning: invalid escape sequence '\d'
  """

[2026-04-15T17:12:56.480+0000] {warnings.py:112} WARNING - /home/***/.local/lib/python3.12/site-packages/azure/synapse/artifacts/models/_models_py3.py:40019: SyntaxWarning: invalid escape sequence '\d'
  """A copy activity Netezza source.

[2026-04-15T17:12:56.481+0000] {warnings.py:112} WARNING - /home/***/.local/lib/python3.12/site-packages/azure/synapse/artifacts/models/_models_py3.py:40084: SyntaxWarning: invalid escape sequence '\d'
  """

[2026-04-15T17:12:56.484+0000] {warnings.py:112} WARNING - /home/***/.local/lib/python3.12/site-packages/azure/synapse/artifacts/models/_models_py3.py:41138: SyntaxWarning: invalid escape sequence '\d'
  """A copy activity source for OData source.

[2026-04-15T17:12:56.485+0000] {warnings.py:112} WARNING - /home/***/.local/lib/python3.12/site-packages/azure/synapse/artifacts/models/_models_py3.py:41196: SyntaxWarning: invalid escape sequence '\d'
  """

[2026-04-15T17:12:56.485+0000] {warnings.py:112} WARNING - /home/***/.local/lib/python3.12/site-packages/azure/synapse/artifacts/models/_models_py3.py:41359: SyntaxWarning: invalid escape sequence '\d'
  """A copy activity ODBC sink.

[2026-04-15T17:12:56.486+0000] {warnings.py:112} WARNING - /home/***/.local/lib/python3.12/site-packages/azure/synapse/artifacts/models/_models_py3.py:41415: SyntaxWarning: invalid escape sequence '\d'
  """

[2026-04-15T17:12:56.486+0000] {warnings.py:112} WARNING - /home/***/.local/lib/python3.12/site-packages/azure/synapse/artifacts/models/_models_py3.py:41452: SyntaxWarning: invalid escape sequence '\d'
  """A copy activity source for ODBC databases.

[2026-04-15T17:12:56.487+0000] {warnings.py:112} WARNING - /home/***/.local/lib/python3.12/site-packages/azure/synapse/artifacts/models/_models_py3.py:41507: SyntaxWarning: invalid escape sequence '\d'
  """

[2026-04-15T17:12:56.488+0000] {warnings.py:112} WARNING - /home/***/.local/lib/python3.12/site-packages/azure/synapse/artifacts/models/_models_py3.py:41875: SyntaxWarning: invalid escape sequence '\d'
  """A copy activity source for an Office 365 service.

[2026-04-15T17:12:56.489+0000] {warnings.py:112} WARNING - /home/***/.local/lib/python3.12/site-packages/azure/synapse/artifacts/models/_models_py3.py:41947: SyntaxWarning: invalid escape sequence '\d'
  """

[2026-04-15T17:12:56.505+0000] {warnings.py:112} WARNING - /home/***/.local/lib/python3.12/site-packages/azure/synapse/artifacts/models/_models_py3.py:42441: SyntaxWarning: invalid escape sequence '\d'
  """A copy activity Oracle Service Cloud source.

[2026-04-15T17:12:56.507+0000] {warnings.py:112} WARNING - /home/***/.local/lib/python3.12/site-packages/azure/synapse/artifacts/models/_models_py3.py:42497: SyntaxWarning: invalid escape sequence '\d'
  """

[2026-04-15T17:12:56.508+0000] {warnings.py:112} WARNING - /home/***/.local/lib/python3.12/site-packages/azure/synapse/artifacts/models/_models_py3.py:42534: SyntaxWarning: invalid escape sequence '\d'
  """A copy activity Oracle sink.

[2026-04-15T17:12:56.509+0000] {warnings.py:112} WARNING - /home/***/.local/lib/python3.12/site-packages/azure/synapse/artifacts/models/_models_py3.py:42590: SyntaxWarning: invalid escape sequence '\d'
  """

[2026-04-15T17:12:56.519+0000] {warnings.py:112} WARNING - /home/***/.local/lib/python3.12/site-packages/azure/synapse/artifacts/models/_models_py3.py:42627: SyntaxWarning: invalid escape sequence '\d'
  """A copy activity Oracle source.

[2026-04-15T17:12:56.519+0000] {warnings.py:112} WARNING - /home/***/.local/lib/python3.12/site-packages/azure/synapse/artifacts/models/_models_py3.py:42692: SyntaxWarning: invalid escape sequence '\d'
  """

[2026-04-15T17:12:56.521+0000] {warnings.py:112} WARNING - /home/***/.local/lib/python3.12/site-packages/azure/synapse/artifacts/models/_models_py3.py:43020: SyntaxWarning: invalid escape sequence '\d'
  """A copy activity ORC sink.

[2026-04-15T17:12:56.521+0000] {warnings.py:112} WARNING - /home/***/.local/lib/python3.12/site-packages/azure/synapse/artifacts/models/_models_py3.py:43079: SyntaxWarning: invalid escape sequence '\d'
  """

[2026-04-15T17:12:56.524+0000] {warnings.py:112} WARNING - /home/***/.local/lib/python3.12/site-packages/azure/synapse/artifacts/models/_models_py3.py:43118: SyntaxWarning: invalid escape sequence '\d'
  """A copy activity ORC source.

[2026-04-15T17:12:56.525+0000] {warnings.py:112} WARNING - /home/***/.local/lib/python3.12/site-packages/azure/synapse/artifacts/models/_models_py3.py:43168: SyntaxWarning: invalid escape sequence '\d'
  """

[2026-04-15T17:12:56.526+0000] {warnings.py:112} WARNING - /home/***/.local/lib/python3.12/site-packages/azure/synapse/artifacts/models/_models_py3.py:43514: SyntaxWarning: invalid escape sequence '\d'
  """A copy activity Parquet sink.

[2026-04-15T17:12:56.527+0000] {warnings.py:112} WARNING - /home/***/.local/lib/python3.12/site-packages/azure/synapse/artifacts/models/_models_py3.py:43573: SyntaxWarning: invalid escape sequence '\d'
  """

[2026-04-15T17:12:56.528+0000] {warnings.py:112} WARNING - /home/***/.local/lib/python3.12/site-packages/azure/synapse/artifacts/models/_models_py3.py:43612: SyntaxWarning: invalid escape sequence '\d'
  """A copy activity Parquet source.

[2026-04-15T17:12:56.528+0000] {warnings.py:112} WARNING - /home/***/.local/lib/python3.12/site-packages/azure/synapse/artifacts/models/_models_py3.py:43666: SyntaxWarning: invalid escape sequence '\d'
  """

[2026-04-15T17:12:56.529+0000] {warnings.py:112} WARNING - /home/***/.local/lib/python3.12/site-packages/azure/synapse/artifacts/models/_models_py3.py:43989: SyntaxWarning: invalid escape sequence '\d'
  """A copy activity Paypal Service source.

[2026-04-15T17:12:56.530+0000] {warnings.py:112} WARNING - /home/***/.local/lib/python3.12/site-packages/azure/synapse/artifacts/models/_models_py3.py:44045: SyntaxWarning: invalid escape sequence '\d'
  """

[2026-04-15T17:12:56.532+0000] {warnings.py:112} WARNING - /home/***/.local/lib/python3.12/site-packages/azure/synapse/artifacts/models/_models_py3.py:44386: SyntaxWarning: invalid escape sequence '\d'
  """A copy activity Phoenix server source.

[2026-04-15T17:12:56.533+0000] {warnings.py:112} WARNING - /home/***/.local/lib/python3.12/site-packages/azure/synapse/artifacts/models/_models_py3.py:44442: SyntaxWarning: invalid escape sequence '\d'
  """

[2026-04-15T17:12:56.538+0000] {warnings.py:112} WARNING - /home/***/.local/lib/python3.12/site-packages/azure/synapse/artifacts/models/_models_py3.py:45003: SyntaxWarning: invalid escape sequence '\d'
  """A copy activity source for PostgreSQL databases.

[2026-04-15T17:12:56.539+0000] {warnings.py:112} WARNING - /home/***/.local/lib/python3.12/site-packages/azure/synapse/artifacts/models/_models_py3.py:45058: SyntaxWarning: invalid escape sequence '\d'
  """

[2026-04-15T17:12:56.541+0000] {warnings.py:112} WARNING - /home/***/.local/lib/python3.12/site-packages/azure/synapse/artifacts/models/_models_py3.py:45444: SyntaxWarning: invalid escape sequence '\d'
  """A copy activity source for PostgreSQL databases.

[2026-04-15T17:12:56.546+0000] {warnings.py:112} WARNING - /home/***/.local/lib/python3.12/site-packages/azure/synapse/artifacts/models/_models_py3.py:45499: SyntaxWarning: invalid escape sequence '\d'
  """

[2026-04-15T17:12:56.547+0000] {warnings.py:112} WARNING - /home/***/.local/lib/python3.12/site-packages/azure/synapse/artifacts/models/_models_py3.py:46042: SyntaxWarning: invalid escape sequence '\d'
  """A copy activity Presto server source.

[2026-04-15T17:12:56.549+0000] {warnings.py:112} WARNING - /home/***/.local/lib/python3.12/site-packages/azure/synapse/artifacts/models/_models_py3.py:46098: SyntaxWarning: invalid escape sequence '\d'
  """

[2026-04-15T17:12:56.551+0000] {warnings.py:112} WARNING - /home/***/.local/lib/python3.12/site-packages/azure/synapse/artifacts/models/_models_py3.py:46702: SyntaxWarning: invalid escape sequence '\d'
  """A copy activity QuickBooks server source.

[2026-04-15T17:12:56.552+0000] {warnings.py:112} WARNING - /home/***/.local/lib/python3.12/site-packages/azure/synapse/artifacts/models/_models_py3.py:46758: SyntaxWarning: invalid escape sequence '\d'
  """

[2026-04-15T17:12:56.553+0000] {warnings.py:112} WARNING - /home/***/.local/lib/python3.12/site-packages/azure/synapse/artifacts/models/_models_py3.py:47000: SyntaxWarning: invalid escape sequence '\d'
  """A copy activity source for various relational databases.

[2026-04-15T17:12:56.559+0000] {warnings.py:112} WARNING - /home/***/.local/lib/python3.12/site-packages/azure/synapse/artifacts/models/_models_py3.py:47050: SyntaxWarning: invalid escape sequence '\d'
  """

[2026-04-15T17:12:56.563+0000] {warnings.py:112} WARNING - /home/***/.local/lib/python3.12/site-packages/azure/synapse/artifacts/models/_models_py3.py:47648: SyntaxWarning: invalid escape sequence '\d'
  """A copy activity Responsys source.

[2026-04-15T17:12:56.563+0000] {warnings.py:112} WARNING - /home/***/.local/lib/python3.12/site-packages/azure/synapse/artifacts/models/_models_py3.py:47704: SyntaxWarning: invalid escape sequence '\d'
  """

[2026-04-15T17:12:56.565+0000] {warnings.py:112} WARNING - /home/***/.local/lib/python3.12/site-packages/azure/synapse/artifacts/models/_models_py3.py:48113: SyntaxWarning: invalid escape sequence '\d'
  """A copy activity Rest service Sink.

[2026-04-15T17:12:56.568+0000] {warnings.py:112} WARNING - /home/***/.local/lib/python3.12/site-packages/azure/synapse/artifacts/models/_models_py3.py:48190: SyntaxWarning: invalid escape sequence '\d'
  """

[2026-04-15T17:12:56.569+0000] {warnings.py:112} WARNING - /home/***/.local/lib/python3.12/site-packages/azure/synapse/artifacts/models/_models_py3.py:48244: SyntaxWarning: invalid escape sequence '\d'
  """A copy activity Rest service source.

[2026-04-15T17:12:56.570+0000] {warnings.py:112} WARNING - /home/***/.local/lib/python3.12/site-packages/azure/synapse/artifacts/models/_models_py3.py:48321: SyntaxWarning: invalid escape sequence '\d'
  """

[2026-04-15T17:12:56.573+0000] {warnings.py:112} WARNING - /home/***/.local/lib/python3.12/site-packages/azure/synapse/artifacts/models/_models_py3.py:49499: SyntaxWarning: invalid escape sequence '\d'
  """A copy activity Salesforce Marketing Cloud source.

[2026-04-15T17:12:56.575+0000] {warnings.py:112} WARNING - /home/***/.local/lib/python3.12/site-packages/azure/synapse/artifacts/models/_models_py3.py:49555: SyntaxWarning: invalid escape sequence '\d'
  """

[2026-04-15T17:12:56.577+0000] {warnings.py:112} WARNING - /home/***/.local/lib/python3.12/site-packages/azure/synapse/artifacts/models/_models_py3.py:49932: SyntaxWarning: invalid escape sequence '\d'
  """A copy activity Salesforce Service Cloud sink.

[2026-04-15T17:12:56.578+0000] {warnings.py:112} WARNING - /home/***/.local/lib/python3.12/site-packages/azure/synapse/artifacts/models/_models_py3.py:50002: SyntaxWarning: invalid escape sequence '\d'
  """

[2026-04-15T17:12:56.578+0000] {warnings.py:112} WARNING - /home/***/.local/lib/python3.12/site-packages/azure/synapse/artifacts/models/_models_py3.py:50052: SyntaxWarning: invalid escape sequence '\d'
  """A copy activity Salesforce Service Cloud source.

[2026-04-15T17:12:56.579+0000] {warnings.py:112} WARNING - /home/***/.local/lib/python3.12/site-packages/azure/synapse/artifacts/models/_models_py3.py:50107: SyntaxWarning: invalid escape sequence '\d'
  """

[2026-04-15T17:12:56.580+0000] {warnings.py:112} WARNING - /home/***/.local/lib/python3.12/site-packages/azure/synapse/artifacts/models/_models_py3.py:50379: SyntaxWarning: invalid escape sequence '\d'
  """A copy activity Salesforce Service Cloud V2 sink.

[2026-04-15T17:12:56.581+0000] {warnings.py:112} WARNING - /home/***/.local/lib/python3.12/site-packages/azure/synapse/artifacts/models/_models_py3.py:50449: SyntaxWarning: invalid escape sequence '\d'
  """

[2026-04-15T17:12:56.581+0000] {warnings.py:112} WARNING - /home/***/.local/lib/python3.12/site-packages/azure/synapse/artifacts/models/_models_py3.py:50499: SyntaxWarning: invalid escape sequence '\d'
  """A copy activity Salesforce Service Cloud V2 source.

[2026-04-15T17:12:56.582+0000] {warnings.py:112} WARNING - /home/***/.local/lib/python3.12/site-packages/azure/synapse/artifacts/models/_models_py3.py:50554: SyntaxWarning: invalid escape sequence '\d'
  """

[2026-04-15T17:12:56.583+0000] {warnings.py:112} WARNING - /home/***/.local/lib/python3.12/site-packages/azure/synapse/artifacts/models/_models_py3.py:50590: SyntaxWarning: invalid escape sequence '\d'
  """A copy activity Salesforce sink.

[2026-04-15T17:12:56.584+0000] {warnings.py:112} WARNING - /home/***/.local/lib/python3.12/site-packages/azure/synapse/artifacts/models/_models_py3.py:50660: SyntaxWarning: invalid escape sequence '\d'
  """

[2026-04-15T17:12:56.584+0000] {warnings.py:112} WARNING - /home/***/.local/lib/python3.12/site-packages/azure/synapse/artifacts/models/_models_py3.py:50710: SyntaxWarning: invalid escape sequence '\d'
  """A copy activity Salesforce source.

[2026-04-15T17:12:56.585+0000] {warnings.py:112} WARNING - /home/***/.local/lib/python3.12/site-packages/azure/synapse/artifacts/models/_models_py3.py:50770: SyntaxWarning: invalid escape sequence '\d'
  """

[2026-04-15T17:12:56.586+0000] {warnings.py:112} WARNING - /home/***/.local/lib/python3.12/site-packages/azure/synapse/artifacts/models/_models_py3.py:51046: SyntaxWarning: invalid escape sequence '\d'
  """A copy activity Salesforce V2 sink.

[2026-04-15T17:12:56.587+0000] {warnings.py:112} WARNING - /home/***/.local/lib/python3.12/site-packages/azure/synapse/artifacts/models/_models_py3.py:51116: SyntaxWarning: invalid escape sequence '\d'
  """

[2026-04-15T17:12:56.587+0000] {warnings.py:112} WARNING - /home/***/.local/lib/python3.12/site-packages/azure/synapse/artifacts/models/_models_py3.py:51166: SyntaxWarning: invalid escape sequence '\d'
  """A copy activity Salesforce V2 source.

[2026-04-15T17:12:56.588+0000] {warnings.py:112} WARNING - /home/***/.local/lib/python3.12/site-packages/azure/synapse/artifacts/models/_models_py3.py:51226: SyntaxWarning: invalid escape sequence '\d'
  """

[2026-04-15T17:12:56.590+0000] {warnings.py:112} WARNING - /home/***/.local/lib/python3.12/site-packages/azure/synapse/artifacts/models/_models_py3.py:51485: SyntaxWarning: invalid escape sequence '\d'
  """A copy activity source for SapBW server via MDX.

[2026-04-15T17:12:56.592+0000] {warnings.py:112} WARNING - /home/***/.local/lib/python3.12/site-packages/azure/synapse/artifacts/models/_models_py3.py:51540: SyntaxWarning: invalid escape sequence '\d'
  """

[2026-04-15T17:12:56.593+0000] {warnings.py:112} WARNING - /home/***/.local/lib/python3.12/site-packages/azure/synapse/artifacts/models/_models_py3.py:51787: SyntaxWarning: invalid escape sequence '\d'
  """A copy activity SAP Cloud for Customer sink.

[2026-04-15T17:12:56.594+0000] {warnings.py:112} WARNING - /home/***/.local/lib/python3.12/site-packages/azure/synapse/artifacts/models/_models_py3.py:51851: SyntaxWarning: invalid escape sequence '\d'
  """

[2026-04-15T17:12:56.595+0000] {warnings.py:112} WARNING - /home/***/.local/lib/python3.12/site-packages/azure/synapse/artifacts/models/_models_py3.py:51895: SyntaxWarning: invalid escape sequence '\d'
  """A copy activity source for SAP Cloud for Customer source.

[2026-04-15T17:12:56.597+0000] {warnings.py:112} WARNING - /home/***/.local/lib/python3.12/site-packages/azure/synapse/artifacts/models/_models_py3.py:51958: SyntaxWarning: invalid escape sequence '\d'
  """

[2026-04-15T17:12:56.598+0000] {warnings.py:112} WARNING - /home/***/.local/lib/python3.12/site-packages/azure/synapse/artifacts/models/_models_py3.py:52212: SyntaxWarning: invalid escape sequence '\d'
  """A copy activity source for SAP ECC source.

[2026-04-15T17:12:56.599+0000] {warnings.py:112} WARNING - /home/***/.local/lib/python3.12/site-packages/azure/synapse/artifacts/models/_models_py3.py:52275: SyntaxWarning: invalid escape sequence '\d'
  """

[2026-04-15T17:12:56.600+0000] {warnings.py:112} WARNING - /home/***/.local/lib/python3.12/site-packages/azure/synapse/artifacts/models/_models_py3.py:52463: SyntaxWarning: invalid escape sequence '\d'
  """A copy activity source for SAP HANA source.

[2026-04-15T17:12:56.601+0000] {warnings.py:112} WARNING - /home/***/.local/lib/python3.12/site-packages/azure/synapse/artifacts/models/_models_py3.py:52532: SyntaxWarning: invalid escape sequence '\d'
  """

[2026-04-15T17:12:56.602+0000] {warnings.py:112} WARNING - /home/***/.local/lib/python3.12/site-packages/azure/synapse/artifacts/models/_models_py3.py:53040: SyntaxWarning: invalid escape sequence '\d'
  """A copy activity source for SAP ODP source.

[2026-04-15T17:12:56.603+0000] {warnings.py:112} WARNING - /home/***/.local/lib/python3.12/site-packages/azure/synapse/artifacts/models/_models_py3.py:53111: SyntaxWarning: invalid escape sequence '\d'
  """

[2026-04-15T17:12:56.604+0000] {warnings.py:112} WARNING - /home/***/.local/lib/python3.12/site-packages/azure/synapse/artifacts/models/_models_py3.py:53334: SyntaxWarning: invalid escape sequence '\d'
  """A copy activity source for SAP Business Warehouse Open Hub Destination source.

[2026-04-15T17:12:56.607+0000] {warnings.py:112} WARNING - /home/***/.local/lib/python3.12/site-packages/azure/synapse/artifacts/models/_models_py3.py:53407: SyntaxWarning: invalid escape sequence '\d'
  """

[2026-04-15T17:12:56.609+0000] {warnings.py:112} WARNING - /home/***/.local/lib/python3.12/site-packages/azure/synapse/artifacts/models/_models_py3.py:53961: SyntaxWarning: invalid escape sequence '\d'
  """A copy activity source for SAP Table source.

[2026-04-15T17:12:56.610+0000] {warnings.py:112} WARNING - /home/***/.local/lib/python3.12/site-packages/azure/synapse/artifacts/models/_models_py3.py:54059: SyntaxWarning: invalid escape sequence '\d'
  """

[2026-04-15T17:12:56.611+0000] {warnings.py:112} WARNING - /home/***/.local/lib/python3.12/site-packages/azure/synapse/artifacts/models/_models_py3.py:54322: SyntaxWarning: invalid escape sequence '\d'
  """Script activity type.

[2026-04-15T17:12:56.612+0000] {warnings.py:112} WARNING - /home/***/.local/lib/python3.12/site-packages/azure/synapse/artifacts/models/_models_py3.py:54398: SyntaxWarning: invalid escape sequence '\d'
  """

[2026-04-15T17:12:56.613+0000] {warnings.py:112} WARNING - /home/***/.local/lib/python3.12/site-packages/azure/synapse/artifacts/models/_models_py3.py:55022: SyntaxWarning: invalid escape sequence '\d'
  """A copy activity ServiceNow server source.

[2026-04-15T17:12:56.614+0000] {warnings.py:112} WARNING - /home/***/.local/lib/python3.12/site-packages/azure/synapse/artifacts/models/_models_py3.py:55078: SyntaxWarning: invalid escape sequence '\d'
  """

[2026-04-15T17:12:56.615+0000] {warnings.py:112} WARNING - /home/***/.local/lib/python3.12/site-packages/azure/synapse/artifacts/models/_models_py3.py:55310: SyntaxWarning: invalid escape sequence '\d'
  """A copy activity ServiceNowV2 server source.

[2026-04-15T17:12:56.616+0000] {warnings.py:112} WARNING - /home/***/.local/lib/python3.12/site-packages/azure/synapse/artifacts/models/_models_py3.py:55365: SyntaxWarning: invalid escape sequence '\d'
  """

[2026-04-15T17:12:56.618+0000] {warnings.py:112} WARNING - /home/***/.local/lib/python3.12/site-packages/azure/synapse/artifacts/models/_models_py3.py:56196: SyntaxWarning: invalid escape sequence '\d'
  """A copy activity source for sharePoint online list source.

[2026-04-15T17:12:56.619+0000] {warnings.py:112} WARNING - /home/***/.local/lib/python3.12/site-packages/azure/synapse/artifacts/models/_models_py3.py:56248: SyntaxWarning: invalid escape sequence '\d'
  """

[2026-04-15T17:12:56.620+0000] {warnings.py:112} WARNING - /home/***/.local/lib/python3.12/site-packages/azure/synapse/artifacts/models/_models_py3.py:56508: SyntaxWarning: invalid escape sequence '\d'
  """A copy activity Shopify Service source.

[2026-04-15T17:12:56.620+0000] {warnings.py:112} WARNING - /home/***/.local/lib/python3.12/site-packages/azure/synapse/artifacts/models/_models_py3.py:56564: SyntaxWarning: invalid escape sequence '\d'
  """

[2026-04-15T17:12:56.623+0000] {warnings.py:112} WARNING - /home/***/.local/lib/python3.12/site-packages/azure/synapse/artifacts/models/_models_py3.py:57087: SyntaxWarning: invalid escape sequence '\d'
  """A copy activity snowflake sink.

[2026-04-15T17:12:56.625+0000] {warnings.py:112} WARNING - /home/***/.local/lib/python3.12/site-packages/azure/synapse/artifacts/models/_models_py3.py:57147: SyntaxWarning: invalid escape sequence '\d'
  """

[2026-04-15T17:12:56.625+0000] {warnings.py:112} WARNING - /home/***/.local/lib/python3.12/site-packages/azure/synapse/artifacts/models/_models_py3.py:57187: SyntaxWarning: invalid escape sequence '\d'
  """A copy activity snowflake source.

[2026-04-15T17:12:56.626+0000] {warnings.py:112} WARNING - /home/***/.local/lib/python3.12/site-packages/azure/synapse/artifacts/models/_models_py3.py:57237: SyntaxWarning: invalid escape sequence '\d'
  """

[2026-04-15T17:12:56.627+0000] {warnings.py:112} WARNING - /home/***/.local/lib/python3.12/site-packages/azure/synapse/artifacts/models/_models_py3.py:57560: SyntaxWarning: invalid escape sequence '\d'
  """A copy activity snowflake sink.

[2026-04-15T17:12:56.627+0000] {warnings.py:112} WARNING - /home/***/.local/lib/python3.12/site-packages/azure/synapse/artifacts/models/_models_py3.py:57620: SyntaxWarning: invalid escape sequence '\d'
  """

[2026-04-15T17:12:56.628+0000] {warnings.py:112} WARNING - /home/***/.local/lib/python3.12/site-packages/azure/synapse/artifacts/models/_models_py3.py:57660: SyntaxWarning: invalid escape sequence '\d'
  """A copy activity snowflake source.

[2026-04-15T17:12:56.628+0000] {warnings.py:112} WARNING - /home/***/.local/lib/python3.12/site-packages/azure/synapse/artifacts/models/_models_py3.py:57710: SyntaxWarning: invalid escape sequence '\d'
  """

[2026-04-15T17:12:56.631+0000] {warnings.py:112} WARNING - /home/***/.local/lib/python3.12/site-packages/azure/synapse/artifacts/models/_models_py3.py:59106: SyntaxWarning: invalid escape sequence '\d'
  """A copy activity Spark Server source.

[2026-04-15T17:12:56.632+0000] {warnings.py:112} WARNING - /home/***/.local/lib/python3.12/site-packages/azure/synapse/artifacts/models/_models_py3.py:59162: SyntaxWarning: invalid escape sequence '\d'
  """

[2026-04-15T17:12:56.633+0000] {warnings.py:112} WARNING - /home/***/.local/lib/python3.12/site-packages/azure/synapse/artifacts/models/_models_py3.py:59316: SyntaxWarning: invalid escape sequence '\d'
  """A copy activity SQL Data Warehouse sink.

[2026-04-15T17:12:56.634+0000] {warnings.py:112} WARNING - /home/***/.local/lib/python3.12/site-packages/azure/synapse/artifacts/models/_models_py3.py:59396: SyntaxWarning: invalid escape sequence '\d'
  """

[2026-04-15T17:12:56.634+0000] {warnings.py:112} WARNING - /home/***/.local/lib/python3.12/site-packages/azure/synapse/artifacts/models/_models_py3.py:59452: SyntaxWarning: invalid escape sequence '\d'
  """A copy activity SQL Data Warehouse source.

[2026-04-15T17:12:56.635+0000] {warnings.py:112} WARNING - /home/***/.local/lib/python3.12/site-packages/azure/synapse/artifacts/models/_models_py3.py:59535: SyntaxWarning: invalid escape sequence '\d'
  """

[2026-04-15T17:12:56.635+0000] {warnings.py:112} WARNING - /home/***/.local/lib/python3.12/site-packages/azure/synapse/artifacts/models/_models_py3.py:59594: SyntaxWarning: invalid escape sequence '\d'
  """A copy activity Azure SQL Managed Instance sink.

[2026-04-15T17:12:56.636+0000] {warnings.py:112} WARNING - /home/***/.local/lib/python3.12/site-packages/azure/synapse/artifacts/models/_models_py3.py:59677: SyntaxWarning: invalid escape sequence '\d'
  """

[2026-04-15T17:12:56.637+0000] {warnings.py:112} WARNING - /home/***/.local/lib/python3.12/site-packages/azure/synapse/artifacts/models/_models_py3.py:59733: SyntaxWarning: invalid escape sequence '\d'
  """A copy activity Azure SQL Managed Instance source.

[2026-04-15T17:12:56.637+0000] {warnings.py:112} WARNING - /home/***/.local/lib/python3.12/site-packages/azure/synapse/artifacts/models/_models_py3.py:59818: SyntaxWarning: invalid escape sequence '\d'
  """

[2026-04-15T17:12:56.641+0000] {warnings.py:112} WARNING - /home/***/.local/lib/python3.12/site-packages/azure/synapse/artifacts/models/_models_py3.py:60639: SyntaxWarning: invalid escape sequence '\d'
  """A copy activity SQL server sink.

[2026-04-15T17:12:56.641+0000] {warnings.py:112} WARNING - /home/***/.local/lib/python3.12/site-packages/azure/synapse/artifacts/models/_models_py3.py:60722: SyntaxWarning: invalid escape sequence '\d'
  """

[2026-04-15T17:12:56.642+0000] {warnings.py:112} WARNING - /home/***/.local/lib/python3.12/site-packages/azure/synapse/artifacts/models/_models_py3.py:60778: SyntaxWarning: invalid escape sequence '\d'
  """A copy activity SQL server source.

[2026-04-15T17:12:56.643+0000] {warnings.py:112} WARNING - /home/***/.local/lib/python3.12/site-packages/azure/synapse/artifacts/models/_models_py3.py:60863: SyntaxWarning: invalid escape sequence '\d'
  """

[2026-04-15T17:12:56.644+0000] {warnings.py:112} WARNING - /home/***/.local/lib/python3.12/site-packages/azure/synapse/artifacts/models/_models_py3.py:61167: SyntaxWarning: invalid escape sequence '\d'
  """A copy activity SQL sink.

[2026-04-15T17:12:56.644+0000] {warnings.py:112} WARNING - /home/***/.local/lib/python3.12/site-packages/azure/synapse/artifacts/models/_models_py3.py:61250: SyntaxWarning: invalid escape sequence '\d'
  """

[2026-04-15T17:12:56.645+0000] {warnings.py:112} WARNING - /home/***/.local/lib/python3.12/site-packages/azure/synapse/artifacts/models/_models_py3.py:61306: SyntaxWarning: invalid escape sequence '\d'
  """A copy activity SQL source.

[2026-04-15T17:12:56.645+0000] {warnings.py:112} WARNING - /home/***/.local/lib/python3.12/site-packages/azure/synapse/artifacts/models/_models_py3.py:61387: SyntaxWarning: invalid escape sequence '\d'
  """

[2026-04-15T17:12:56.646+0000] {warnings.py:112} WARNING - /home/***/.local/lib/python3.12/site-packages/azure/synapse/artifacts/models/_models_py3.py:61696: SyntaxWarning: invalid escape sequence '\d'
  """A copy activity Square Service source.

[2026-04-15T17:12:56.647+0000] {warnings.py:112} WARNING - /home/***/.local/lib/python3.12/site-packages/azure/synapse/artifacts/models/_models_py3.py:61752: SyntaxWarning: invalid escape sequence '\d'
  """

[2026-04-15T17:12:56.647+0000] {warnings.py:112} WARNING - /home/***/.local/lib/python3.12/site-packages/azure/synapse/artifacts/models/_models_py3.py:61954: SyntaxWarning: invalid escape sequence '\d'
  """SSIS package execution log location.

[2026-04-15T17:12:56.648+0000] {warnings.py:112} WARNING - /home/***/.local/lib/python3.12/site-packages/azure/synapse/artifacts/models/_models_py3.py:61992: SyntaxWarning: invalid escape sequence '\d'
  """

[2026-04-15T17:12:56.650+0000] {warnings.py:112} WARNING - /home/***/.local/lib/python3.12/site-packages/azure/synapse/artifacts/models/_models_py3.py:62660: SyntaxWarning: invalid escape sequence '\d'
  """A copy activity source for Sybase databases.

[2026-04-15T17:12:56.651+0000] {warnings.py:112} WARNING - /home/***/.local/lib/python3.12/site-packages/azure/synapse/artifacts/models/_models_py3.py:62715: SyntaxWarning: invalid escape sequence '\d'
  """

[2026-04-15T17:12:56.653+0000] {warnings.py:112} WARNING - /home/***/.local/lib/python3.12/site-packages/azure/synapse/artifacts/models/_models_py3.py:63882: SyntaxWarning: invalid escape sequence '\d'
  """A copy activity Teradata source.

[2026-04-15T17:12:56.654+0000] {warnings.py:112} WARNING - /home/***/.local/lib/python3.12/site-packages/azure/synapse/artifacts/models/_models_py3.py:63946: SyntaxWarning: invalid escape sequence '\d'
  """

[2026-04-15T17:12:56.656+0000] {warnings.py:112} WARNING - /home/***/.local/lib/python3.12/site-packages/azure/synapse/artifacts/models/_models_py3.py:64582: SyntaxWarning: invalid escape sequence '\d'
  """Trigger that schedules pipeline runs for all fixed time interval windows from a start time

[2026-04-15T17:12:56.657+0000] {warnings.py:112} WARNING - /home/***/.local/lib/python3.12/site-packages/azure/synapse/artifacts/models/_models_py3.py:64674: SyntaxWarning: invalid escape sequence '\d'
  """

[2026-04-15T17:12:56.658+0000] {warnings.py:112} WARNING - /home/***/.local/lib/python3.12/site-packages/azure/synapse/artifacts/models/_models_py3.py:64940: SyntaxWarning: invalid escape sequence '\d'
  """This activity executes inner activities until the specified boolean expression results to true

[2026-04-15T17:12:56.659+0000] {warnings.py:112} WARNING - /home/***/.local/lib/python3.12/site-packages/azure/synapse/artifacts/models/_models_py3.py:65014: SyntaxWarning: invalid escape sequence '\d'
  """

[2026-04-15T17:12:56.660+0000] {warnings.py:112} WARNING - /home/***/.local/lib/python3.12/site-packages/azure/synapse/artifacts/models/_models_py3.py:65117: SyntaxWarning: invalid escape sequence '\d'
  """This activity verifies that an external resource exists.

[2026-04-15T17:12:56.660+0000] {warnings.py:112} WARNING - /home/***/.local/lib/python3.12/site-packages/azure/synapse/artifacts/models/_models_py3.py:65199: SyntaxWarning: invalid escape sequence '\d'
  """

[2026-04-15T17:12:56.661+0000] {warnings.py:112} WARNING - /home/***/.local/lib/python3.12/site-packages/azure/synapse/artifacts/models/_models_py3.py:65385: SyntaxWarning: invalid escape sequence '\d'
  """A copy activity Vertica source.

[2026-04-15T17:12:56.661+0000] {warnings.py:112} WARNING - /home/***/.local/lib/python3.12/site-packages/azure/synapse/artifacts/models/_models_py3.py:65441: SyntaxWarning: invalid escape sequence '\d'
  """

[2026-04-15T17:12:56.663+0000] {warnings.py:112} WARNING - /home/***/.local/lib/python3.12/site-packages/azure/synapse/artifacts/models/_models_py3.py:65874: SyntaxWarning: invalid escape sequence '\d'
  """A copy activity Microsoft Fabric Warehouse sink.

[2026-04-15T17:12:56.663+0000] {warnings.py:112} WARNING - /home/***/.local/lib/python3.12/site-packages/azure/synapse/artifacts/models/_models_py3.py:65950: SyntaxWarning: invalid escape sequence '\d'
  """

[2026-04-15T17:12:56.664+0000] {warnings.py:112} WARNING - /home/***/.local/lib/python3.12/site-packages/azure/synapse/artifacts/models/_models_py3.py:66003: SyntaxWarning: invalid escape sequence '\d'
  """A copy activity Microsoft Fabric Warehouse source.

[2026-04-15T17:12:56.669+0000] {warnings.py:112} WARNING - /home/***/.local/lib/python3.12/site-packages/azure/synapse/artifacts/models/_models_py3.py:66087: SyntaxWarning: invalid escape sequence '\d'
  """

[2026-04-15T17:12:56.671+0000] {warnings.py:112} WARNING - /home/***/.local/lib/python3.12/site-packages/azure/synapse/artifacts/models/_models_py3.py:66686: SyntaxWarning: invalid escape sequence '\d'
  """WebHook activity.

[2026-04-15T17:12:56.679+0000] {warnings.py:112} WARNING - /home/***/.local/lib/python3.12/site-packages/azure/synapse/artifacts/models/_models_py3.py:66779: SyntaxWarning: invalid escape sequence '\d'
  """

[2026-04-15T17:12:56.680+0000] {warnings.py:112} WARNING - /home/***/.local/lib/python3.12/site-packages/azure/synapse/artifacts/models/_models_py3.py:66918: SyntaxWarning: invalid escape sequence '\d'
  """A copy activity source for web page table.

[2026-04-15T17:12:56.681+0000] {warnings.py:112} WARNING - /home/***/.local/lib/python3.12/site-packages/azure/synapse/artifacts/models/_models_py3.py:66964: SyntaxWarning: invalid escape sequence '\d'
  """

[2026-04-15T17:12:56.684+0000] {warnings.py:112} WARNING - /home/***/.local/lib/python3.12/site-packages/azure/synapse/artifacts/models/_models_py3.py:67735: SyntaxWarning: invalid escape sequence '\d'
  """A copy activity Xero Service source.

[2026-04-15T17:12:56.685+0000] {warnings.py:112} WARNING - /home/***/.local/lib/python3.12/site-packages/azure/synapse/artifacts/models/_models_py3.py:67791: SyntaxWarning: invalid escape sequence '\d'
  """

[2026-04-15T17:12:56.686+0000] {warnings.py:112} WARNING - /home/***/.local/lib/python3.12/site-packages/azure/synapse/artifacts/models/_models_py3.py:68043: SyntaxWarning: invalid escape sequence '\d'
  """A copy activity Xml source.

[2026-04-15T17:12:56.686+0000] {warnings.py:112} WARNING - /home/***/.local/lib/python3.12/site-packages/azure/synapse/artifacts/models/_models_py3.py:68097: SyntaxWarning: invalid escape sequence '\d'
  """

[2026-04-15T17:12:56.687+0000] {warnings.py:112} WARNING - /home/***/.local/lib/python3.12/site-packages/azure/synapse/artifacts/models/_models_py3.py:68532: SyntaxWarning: invalid escape sequence '\d'
  """A copy activity Zoho server source.

[2026-04-15T17:12:56.688+0000] {warnings.py:112} WARNING - /home/***/.local/lib/python3.12/site-packages/azure/synapse/artifacts/models/_models_py3.py:68588: SyntaxWarning: invalid escape sequence '\d'
  """

[2026-04-15T17:12:58.334+0000] {taskinstance.py:341} INFO - ::group::Post task execution logs
[2026-04-15T17:12:58.337+0000] {taskinstance.py:353} INFO - Marking task as SUCCESS. dag_id=kafka_producer, task_id=execute_update_layers, run_id=scheduled__2026-04-13T18:30:00+00:00, execution_date=20260413T183000, start_date=20260415T171252, end_date=20260415T171258
[2026-04-15T17:12:58.458+0000] {local_task_job_runner.py:266} INFO - Task exited with return code 0
[2026-04-15T17:12:58.481+0000] {taskinstance.py:3901} INFO - 0 downstream tasks scheduled from follow-on schedule check
[2026-04-15T17:12:58.492+0000] {local_task_job_runner.py:245} INFO - ::endgroup::
