[2026-03-27T08:18:13.370+0000] {processor.py:186} INFO - Started process (PID=29) to work on /opt/airflow/dags/kafka_load.py
[2026-03-27T08:18:13.372+0000] {processor.py:914} INFO - Processing file /opt/airflow/dags/kafka_load.py for tasks to queue
[2026-03-27T08:18:13.375+0000] {logging_mixin.py:190} INFO - [2026-03-27T08:18:13.374+0000] {dagbag.py:588} INFO - Filling up the DagBag from /opt/airflow/dags/kafka_load.py
[2026-03-27T08:18:13.497+0000] {processor.py:925} INFO - DAG(s) 'kafka_producer' retrieved from /opt/airflow/dags/kafka_load.py
[2026-03-27T08:18:13.624+0000] {logging_mixin.py:190} INFO - [2026-03-27T08:18:13.623+0000] {dag.py:3239} INFO - Sync 1 DAGs
[2026-03-27T08:18:13.681+0000] {logging_mixin.py:190} INFO - [2026-03-27T08:18:13.680+0000] {dag.py:4180} INFO - Setting next_dagrun for kafka_producer to None, run_after=None
[2026-03-27T08:18:13.725+0000] {processor.py:208} INFO - Processing /opt/airflow/dags/kafka_load.py took 0.395 seconds
[2026-03-27T08:18:44.041+0000] {processor.py:186} INFO - Started process (PID=32) to work on /opt/airflow/dags/kafka_load.py
[2026-03-27T08:18:44.043+0000] {processor.py:914} INFO - Processing file /opt/airflow/dags/kafka_load.py for tasks to queue
[2026-03-27T08:18:44.048+0000] {logging_mixin.py:190} INFO - [2026-03-27T08:18:44.047+0000] {dagbag.py:588} INFO - Filling up the DagBag from /opt/airflow/dags/kafka_load.py
[2026-03-27T08:18:44.082+0000] {processor.py:925} INFO - DAG(s) 'kafka_producer' retrieved from /opt/airflow/dags/kafka_load.py
[2026-03-27T08:18:44.126+0000] {logging_mixin.py:190} INFO - [2026-03-27T08:18:44.125+0000] {dag.py:3239} INFO - Sync 1 DAGs
[2026-03-27T08:18:44.149+0000] {logging_mixin.py:190} INFO - [2026-03-27T08:18:44.149+0000] {dag.py:4180} INFO - Setting next_dagrun for kafka_producer to None, run_after=None
[2026-03-27T08:18:44.180+0000] {processor.py:208} INFO - Processing /opt/airflow/dags/kafka_load.py took 0.151 seconds
[2026-03-27T08:19:14.657+0000] {processor.py:186} INFO - Started process (PID=35) to work on /opt/airflow/dags/kafka_load.py
[2026-03-27T08:19:14.659+0000] {processor.py:914} INFO - Processing file /opt/airflow/dags/kafka_load.py for tasks to queue
[2026-03-27T08:19:14.663+0000] {logging_mixin.py:190} INFO - [2026-03-27T08:19:14.663+0000] {dagbag.py:588} INFO - Filling up the DagBag from /opt/airflow/dags/kafka_load.py
[2026-03-27T08:19:14.698+0000] {processor.py:925} INFO - DAG(s) 'kafka_producer' retrieved from /opt/airflow/dags/kafka_load.py
[2026-03-27T08:19:14.734+0000] {logging_mixin.py:190} INFO - [2026-03-27T08:19:14.733+0000] {dag.py:3239} INFO - Sync 1 DAGs
[2026-03-27T08:19:14.752+0000] {logging_mixin.py:190} INFO - [2026-03-27T08:19:14.752+0000] {dag.py:4180} INFO - Setting next_dagrun for kafka_producer to None, run_after=None
[2026-03-27T08:19:14.780+0000] {processor.py:208} INFO - Processing /opt/airflow/dags/kafka_load.py took 0.131 seconds
[2026-03-27T08:19:44.872+0000] {processor.py:186} INFO - Started process (PID=38) to work on /opt/airflow/dags/kafka_load.py
[2026-03-27T08:19:44.873+0000] {processor.py:914} INFO - Processing file /opt/airflow/dags/kafka_load.py for tasks to queue
[2026-03-27T08:19:44.877+0000] {logging_mixin.py:190} INFO - [2026-03-27T08:19:44.876+0000] {dagbag.py:588} INFO - Filling up the DagBag from /opt/airflow/dags/kafka_load.py
[2026-03-27T08:19:44.912+0000] {processor.py:925} INFO - DAG(s) 'kafka_producer' retrieved from /opt/airflow/dags/kafka_load.py
[2026-03-27T08:19:44.949+0000] {logging_mixin.py:190} INFO - [2026-03-27T08:19:44.949+0000] {dag.py:3239} INFO - Sync 1 DAGs
[2026-03-27T08:19:44.971+0000] {logging_mixin.py:190} INFO - [2026-03-27T08:19:44.970+0000] {dag.py:4180} INFO - Setting next_dagrun for kafka_producer to None, run_after=None
[2026-03-27T08:19:45.000+0000] {processor.py:208} INFO - Processing /opt/airflow/dags/kafka_load.py took 0.138 seconds
[2026-03-27T08:20:15.233+0000] {processor.py:186} INFO - Started process (PID=41) to work on /opt/airflow/dags/kafka_load.py
[2026-03-27T08:20:15.235+0000] {processor.py:914} INFO - Processing file /opt/airflow/dags/kafka_load.py for tasks to queue
[2026-03-27T08:20:15.238+0000] {logging_mixin.py:190} INFO - [2026-03-27T08:20:15.238+0000] {dagbag.py:588} INFO - Filling up the DagBag from /opt/airflow/dags/kafka_load.py
[2026-03-27T08:20:15.271+0000] {processor.py:925} INFO - DAG(s) 'kafka_producer' retrieved from /opt/airflow/dags/kafka_load.py
[2026-03-27T08:20:15.311+0000] {logging_mixin.py:190} INFO - [2026-03-27T08:20:15.311+0000] {dag.py:3239} INFO - Sync 1 DAGs
[2026-03-27T08:20:15.333+0000] {logging_mixin.py:190} INFO - [2026-03-27T08:20:15.333+0000] {dag.py:4180} INFO - Setting next_dagrun for kafka_producer to None, run_after=None
[2026-03-27T08:20:15.360+0000] {processor.py:208} INFO - Processing /opt/airflow/dags/kafka_load.py took 0.138 seconds
[2026-03-27T08:21:24.131+0000] {processor.py:186} INFO - Started process (PID=29) to work on /opt/airflow/dags/kafka_load.py
[2026-03-27T08:21:24.132+0000] {processor.py:914} INFO - Processing file /opt/airflow/dags/kafka_load.py for tasks to queue
[2026-03-27T08:21:24.144+0000] {logging_mixin.py:190} INFO - [2026-03-27T08:21:24.143+0000] {dagbag.py:588} INFO - Filling up the DagBag from /opt/airflow/dags/kafka_load.py
[2026-03-27T08:21:24.178+0000] {logging_mixin.py:190} INFO - [2026-03-27T08:21:24.176+0000] {dagbag.py:387} ERROR - Failed to import: /opt/airflow/dags/kafka_load.py
Traceback (most recent call last):
  File "/home/airflow/.local/lib/python3.12/site-packages/airflow/models/dagbag.py", line 383, in parse
    loader.exec_module(new_module)
  File "<frozen importlib._bootstrap_external>", line 995, in exec_module
  File "<frozen importlib._bootstrap_external>", line 1133, in get_code
  File "<frozen importlib._bootstrap_external>", line 1063, in source_to_code
  File "<frozen importlib._bootstrap>", line 488, in _call_with_frames_removed
  File "/opt/airflow/dags/kafka_load.py", line 25
    topic_name = os.path.splitext(filename)[]
                                            ^
SyntaxError: invalid syntax
[2026-03-27T08:21:24.179+0000] {processor.py:927} WARNING - No viable dags retrieved from /opt/airflow/dags/kafka_load.py
[2026-03-27T08:21:24.250+0000] {processor.py:208} INFO - Processing /opt/airflow/dags/kafka_load.py took 0.129 seconds
[2026-03-27T08:21:54.620+0000] {processor.py:186} INFO - Started process (PID=32) to work on /opt/airflow/dags/kafka_load.py
[2026-03-27T08:21:54.621+0000] {processor.py:914} INFO - Processing file /opt/airflow/dags/kafka_load.py for tasks to queue
[2026-03-27T08:21:54.627+0000] {logging_mixin.py:190} INFO - [2026-03-27T08:21:54.626+0000] {dagbag.py:588} INFO - Filling up the DagBag from /opt/airflow/dags/kafka_load.py
[2026-03-27T08:21:54.657+0000] {logging_mixin.py:190} INFO - [2026-03-27T08:21:54.652+0000] {dagbag.py:387} ERROR - Failed to import: /opt/airflow/dags/kafka_load.py
Traceback (most recent call last):
  File "/home/airflow/.local/lib/python3.12/site-packages/airflow/models/dagbag.py", line 383, in parse
    loader.exec_module(new_module)
  File "<frozen importlib._bootstrap_external>", line 995, in exec_module
  File "<frozen importlib._bootstrap_external>", line 1133, in get_code
  File "<frozen importlib._bootstrap_external>", line 1063, in source_to_code
  File "<frozen importlib._bootstrap>", line 488, in _call_with_frames_removed
  File "/opt/airflow/dags/kafka_load.py", line 25
    topic_name = os.path.splitext(filename)[]
                                            ^
SyntaxError: invalid syntax
[2026-03-27T08:21:54.659+0000] {processor.py:927} WARNING - No viable dags retrieved from /opt/airflow/dags/kafka_load.py
[2026-03-27T08:21:54.717+0000] {processor.py:208} INFO - Processing /opt/airflow/dags/kafka_load.py took 0.111 seconds
[2026-03-27T08:22:24.928+0000] {processor.py:186} INFO - Started process (PID=35) to work on /opt/airflow/dags/kafka_load.py
[2026-03-27T08:22:24.930+0000] {processor.py:914} INFO - Processing file /opt/airflow/dags/kafka_load.py for tasks to queue
[2026-03-27T08:22:24.934+0000] {logging_mixin.py:190} INFO - [2026-03-27T08:22:24.934+0000] {dagbag.py:588} INFO - Filling up the DagBag from /opt/airflow/dags/kafka_load.py
[2026-03-27T08:22:24.957+0000] {logging_mixin.py:190} INFO - [2026-03-27T08:22:24.956+0000] {dagbag.py:387} ERROR - Failed to import: /opt/airflow/dags/kafka_load.py
Traceback (most recent call last):
  File "/home/airflow/.local/lib/python3.12/site-packages/airflow/models/dagbag.py", line 383, in parse
    loader.exec_module(new_module)
  File "<frozen importlib._bootstrap_external>", line 995, in exec_module
  File "<frozen importlib._bootstrap_external>", line 1133, in get_code
  File "<frozen importlib._bootstrap_external>", line 1063, in source_to_code
  File "<frozen importlib._bootstrap>", line 488, in _call_with_frames_removed
  File "/opt/airflow/dags/kafka_load.py", line 25
    topic_name = os.path.splitext(filename)[]
                                            ^
SyntaxError: invalid syntax
[2026-03-27T08:22:24.959+0000] {processor.py:927} WARNING - No viable dags retrieved from /opt/airflow/dags/kafka_load.py
[2026-03-27T08:22:24.991+0000] {processor.py:208} INFO - Processing /opt/airflow/dags/kafka_load.py took 0.073 seconds
[2026-03-27T08:22:55.491+0000] {processor.py:186} INFO - Started process (PID=38) to work on /opt/airflow/dags/kafka_load.py
[2026-03-27T08:22:55.493+0000] {processor.py:914} INFO - Processing file /opt/airflow/dags/kafka_load.py for tasks to queue
[2026-03-27T08:22:55.497+0000] {logging_mixin.py:190} INFO - [2026-03-27T08:22:55.496+0000] {dagbag.py:588} INFO - Filling up the DagBag from /opt/airflow/dags/kafka_load.py
[2026-03-27T08:22:55.526+0000] {logging_mixin.py:190} INFO - [2026-03-27T08:22:55.525+0000] {dagbag.py:387} ERROR - Failed to import: /opt/airflow/dags/kafka_load.py
Traceback (most recent call last):
  File "/home/airflow/.local/lib/python3.12/site-packages/airflow/models/dagbag.py", line 383, in parse
    loader.exec_module(new_module)
  File "<frozen importlib._bootstrap_external>", line 995, in exec_module
  File "<frozen importlib._bootstrap_external>", line 1133, in get_code
  File "<frozen importlib._bootstrap_external>", line 1063, in source_to_code
  File "<frozen importlib._bootstrap>", line 488, in _call_with_frames_removed
  File "/opt/airflow/dags/kafka_load.py", line 25
    topic_name = os.path.splitext(filename)[]
                                            ^
SyntaxError: invalid syntax
[2026-03-27T08:22:55.527+0000] {processor.py:927} WARNING - No viable dags retrieved from /opt/airflow/dags/kafka_load.py
[2026-03-27T08:22:55.558+0000] {processor.py:208} INFO - Processing /opt/airflow/dags/kafka_load.py took 0.075 seconds
[2026-03-27T08:23:25.940+0000] {processor.py:186} INFO - Started process (PID=41) to work on /opt/airflow/dags/kafka_load.py
[2026-03-27T08:23:25.942+0000] {processor.py:914} INFO - Processing file /opt/airflow/dags/kafka_load.py for tasks to queue
[2026-03-27T08:23:25.951+0000] {logging_mixin.py:190} INFO - [2026-03-27T08:23:25.950+0000] {dagbag.py:588} INFO - Filling up the DagBag from /opt/airflow/dags/kafka_load.py
[2026-03-27T08:23:25.980+0000] {logging_mixin.py:190} INFO - [2026-03-27T08:23:25.978+0000] {dagbag.py:387} ERROR - Failed to import: /opt/airflow/dags/kafka_load.py
Traceback (most recent call last):
  File "/home/airflow/.local/lib/python3.12/site-packages/airflow/models/dagbag.py", line 383, in parse
    loader.exec_module(new_module)
  File "<frozen importlib._bootstrap_external>", line 995, in exec_module
  File "<frozen importlib._bootstrap_external>", line 1133, in get_code
  File "<frozen importlib._bootstrap_external>", line 1063, in source_to_code
  File "<frozen importlib._bootstrap>", line 488, in _call_with_frames_removed
  File "/opt/airflow/dags/kafka_load.py", line 25
    topic_name = os.path.splitext(filename)[]
                                            ^
SyntaxError: invalid syntax
[2026-03-27T08:23:25.982+0000] {processor.py:927} WARNING - No viable dags retrieved from /opt/airflow/dags/kafka_load.py
[2026-03-27T08:23:26.026+0000] {processor.py:208} INFO - Processing /opt/airflow/dags/kafka_load.py took 0.103 seconds
[2026-03-27T08:23:35.394+0000] {processor.py:186} INFO - Started process (PID=44) to work on /opt/airflow/dags/kafka_load.py
[2026-03-27T08:23:35.396+0000] {processor.py:914} INFO - Processing file /opt/airflow/dags/kafka_load.py for tasks to queue
[2026-03-27T08:23:35.410+0000] {logging_mixin.py:190} INFO - [2026-03-27T08:23:35.409+0000] {dagbag.py:588} INFO - Filling up the DagBag from /opt/airflow/dags/kafka_load.py
[2026-03-27T08:23:35.461+0000] {processor.py:925} INFO - DAG(s) 'kafka_producer' retrieved from /opt/airflow/dags/kafka_load.py
[2026-03-27T08:23:35.630+0000] {logging_mixin.py:190} INFO - [2026-03-27T08:23:35.629+0000] {override.py:1912} INFO - Created Permission View: can edit on DAG:kafka_producer
[2026-03-27T08:23:35.645+0000] {logging_mixin.py:190} INFO - [2026-03-27T08:23:35.645+0000] {override.py:1912} INFO - Created Permission View: can delete on DAG:kafka_producer
[2026-03-27T08:23:35.654+0000] {logging_mixin.py:190} INFO - [2026-03-27T08:23:35.654+0000] {override.py:1912} INFO - Created Permission View: can read on DAG:kafka_producer
[2026-03-27T08:23:35.667+0000] {logging_mixin.py:190} INFO - [2026-03-27T08:23:35.667+0000] {override.py:1912} INFO - Created Permission View: can delete on DAG Run:kafka_producer
[2026-03-27T08:23:35.677+0000] {logging_mixin.py:190} INFO - [2026-03-27T08:23:35.677+0000] {override.py:1912} INFO - Created Permission View: can create on DAG Run:kafka_producer
[2026-03-27T08:23:35.688+0000] {logging_mixin.py:190} INFO - [2026-03-27T08:23:35.688+0000] {override.py:1912} INFO - Created Permission View: menu access on DAG Run:kafka_producer
[2026-03-27T08:23:35.698+0000] {logging_mixin.py:190} INFO - [2026-03-27T08:23:35.697+0000] {override.py:1912} INFO - Created Permission View: can read on DAG Run:kafka_producer
[2026-03-27T08:23:35.700+0000] {logging_mixin.py:190} INFO - [2026-03-27T08:23:35.699+0000] {dag.py:3239} INFO - Sync 1 DAGs
[2026-03-27T08:23:35.716+0000] {logging_mixin.py:190} INFO - [2026-03-27T08:23:35.715+0000] {dag.py:3262} INFO - Creating ORM DAG for kafka_producer
[2026-03-27T08:23:35.717+0000] {logging_mixin.py:190} INFO - [2026-03-27T08:23:35.717+0000] {dag.py:4180} INFO - Setting next_dagrun for kafka_producer to None, run_after=None
[2026-03-27T08:23:35.756+0000] {processor.py:208} INFO - Processing /opt/airflow/dags/kafka_load.py took 0.380 seconds
[2026-03-27T08:24:05.931+0000] {processor.py:186} INFO - Started process (PID=47) to work on /opt/airflow/dags/kafka_load.py
[2026-03-27T08:24:05.934+0000] {processor.py:914} INFO - Processing file /opt/airflow/dags/kafka_load.py for tasks to queue
[2026-03-27T08:24:05.939+0000] {logging_mixin.py:190} INFO - [2026-03-27T08:24:05.939+0000] {dagbag.py:588} INFO - Filling up the DagBag from /opt/airflow/dags/kafka_load.py
[2026-03-27T08:24:05.976+0000] {processor.py:925} INFO - DAG(s) 'kafka_producer' retrieved from /opt/airflow/dags/kafka_load.py
[2026-03-27T08:24:06.018+0000] {logging_mixin.py:190} INFO - [2026-03-27T08:24:06.018+0000] {dag.py:3239} INFO - Sync 1 DAGs
[2026-03-27T08:24:06.039+0000] {logging_mixin.py:190} INFO - [2026-03-27T08:24:06.039+0000] {dag.py:4180} INFO - Setting next_dagrun for kafka_producer to None, run_after=None
[2026-03-27T08:24:06.065+0000] {processor.py:208} INFO - Processing /opt/airflow/dags/kafka_load.py took 0.144 seconds
[2026-03-27T08:24:36.213+0000] {processor.py:186} INFO - Started process (PID=50) to work on /opt/airflow/dags/kafka_load.py
[2026-03-27T08:24:36.214+0000] {processor.py:914} INFO - Processing file /opt/airflow/dags/kafka_load.py for tasks to queue
[2026-03-27T08:24:36.218+0000] {logging_mixin.py:190} INFO - [2026-03-27T08:24:36.217+0000] {dagbag.py:588} INFO - Filling up the DagBag from /opt/airflow/dags/kafka_load.py
[2026-03-27T08:24:36.252+0000] {processor.py:925} INFO - DAG(s) 'kafka_producer' retrieved from /opt/airflow/dags/kafka_load.py
[2026-03-27T08:24:36.298+0000] {logging_mixin.py:190} INFO - [2026-03-27T08:24:36.297+0000] {dag.py:3239} INFO - Sync 1 DAGs
[2026-03-27T08:24:36.322+0000] {logging_mixin.py:190} INFO - [2026-03-27T08:24:36.322+0000] {dag.py:4180} INFO - Setting next_dagrun for kafka_producer to None, run_after=None
[2026-03-27T08:24:36.351+0000] {processor.py:208} INFO - Processing /opt/airflow/dags/kafka_load.py took 0.150 seconds
[2026-03-27T08:25:06.741+0000] {processor.py:186} INFO - Started process (PID=53) to work on /opt/airflow/dags/kafka_load.py
[2026-03-27T08:25:06.743+0000] {processor.py:914} INFO - Processing file /opt/airflow/dags/kafka_load.py for tasks to queue
[2026-03-27T08:25:06.746+0000] {logging_mixin.py:190} INFO - [2026-03-27T08:25:06.746+0000] {dagbag.py:588} INFO - Filling up the DagBag from /opt/airflow/dags/kafka_load.py
[2026-03-27T08:25:06.782+0000] {processor.py:925} INFO - DAG(s) 'kafka_producer' retrieved from /opt/airflow/dags/kafka_load.py
[2026-03-27T08:25:06.823+0000] {logging_mixin.py:190} INFO - [2026-03-27T08:25:06.823+0000] {dag.py:3239} INFO - Sync 1 DAGs
[2026-03-27T08:25:06.845+0000] {logging_mixin.py:190} INFO - [2026-03-27T08:25:06.845+0000] {dag.py:4180} INFO - Setting next_dagrun for kafka_producer to None, run_after=None
[2026-03-27T08:25:06.879+0000] {processor.py:208} INFO - Processing /opt/airflow/dags/kafka_load.py took 0.147 seconds
[2026-03-27T08:25:37.016+0000] {processor.py:186} INFO - Started process (PID=56) to work on /opt/airflow/dags/kafka_load.py
[2026-03-27T08:25:37.018+0000] {processor.py:914} INFO - Processing file /opt/airflow/dags/kafka_load.py for tasks to queue
[2026-03-27T08:25:37.021+0000] {logging_mixin.py:190} INFO - [2026-03-27T08:25:37.021+0000] {dagbag.py:588} INFO - Filling up the DagBag from /opt/airflow/dags/kafka_load.py
[2026-03-27T08:25:37.050+0000] {processor.py:925} INFO - DAG(s) 'kafka_producer' retrieved from /opt/airflow/dags/kafka_load.py
[2026-03-27T08:25:37.083+0000] {logging_mixin.py:190} INFO - [2026-03-27T08:25:37.082+0000] {dag.py:3239} INFO - Sync 1 DAGs
[2026-03-27T08:25:37.099+0000] {logging_mixin.py:190} INFO - [2026-03-27T08:25:37.099+0000] {dag.py:4180} INFO - Setting next_dagrun for kafka_producer to None, run_after=None
[2026-03-27T08:25:37.126+0000] {processor.py:208} INFO - Processing /opt/airflow/dags/kafka_load.py took 0.118 seconds
[2026-03-27T08:26:07.447+0000] {processor.py:186} INFO - Started process (PID=59) to work on /opt/airflow/dags/kafka_load.py
[2026-03-27T08:26:07.448+0000] {processor.py:914} INFO - Processing file /opt/airflow/dags/kafka_load.py for tasks to queue
[2026-03-27T08:26:07.452+0000] {logging_mixin.py:190} INFO - [2026-03-27T08:26:07.452+0000] {dagbag.py:588} INFO - Filling up the DagBag from /opt/airflow/dags/kafka_load.py
[2026-03-27T08:26:07.483+0000] {processor.py:925} INFO - DAG(s) 'kafka_producer' retrieved from /opt/airflow/dags/kafka_load.py
[2026-03-27T08:26:07.518+0000] {logging_mixin.py:190} INFO - [2026-03-27T08:26:07.517+0000] {dag.py:3239} INFO - Sync 1 DAGs
[2026-03-27T08:26:07.536+0000] {logging_mixin.py:190} INFO - [2026-03-27T08:26:07.536+0000] {dag.py:4180} INFO - Setting next_dagrun for kafka_producer to None, run_after=None
[2026-03-27T08:26:07.563+0000] {processor.py:208} INFO - Processing /opt/airflow/dags/kafka_load.py took 0.124 seconds
[2026-03-27T08:26:37.695+0000] {processor.py:186} INFO - Started process (PID=62) to work on /opt/airflow/dags/kafka_load.py
[2026-03-27T08:26:37.697+0000] {processor.py:914} INFO - Processing file /opt/airflow/dags/kafka_load.py for tasks to queue
[2026-03-27T08:26:37.700+0000] {logging_mixin.py:190} INFO - [2026-03-27T08:26:37.700+0000] {dagbag.py:588} INFO - Filling up the DagBag from /opt/airflow/dags/kafka_load.py
[2026-03-27T08:26:37.735+0000] {processor.py:925} INFO - DAG(s) 'kafka_producer' retrieved from /opt/airflow/dags/kafka_load.py
[2026-03-27T08:26:37.770+0000] {logging_mixin.py:190} INFO - [2026-03-27T08:26:37.769+0000] {dag.py:3239} INFO - Sync 1 DAGs
[2026-03-27T08:26:37.788+0000] {logging_mixin.py:190} INFO - [2026-03-27T08:26:37.787+0000] {dag.py:4180} INFO - Setting next_dagrun for kafka_producer to None, run_after=None
[2026-03-27T08:26:37.816+0000] {processor.py:208} INFO - Processing /opt/airflow/dags/kafka_load.py took 0.130 seconds
[2026-03-27T08:27:08.210+0000] {processor.py:186} INFO - Started process (PID=65) to work on /opt/airflow/dags/kafka_load.py
[2026-03-27T08:27:08.211+0000] {processor.py:914} INFO - Processing file /opt/airflow/dags/kafka_load.py for tasks to queue
[2026-03-27T08:27:08.215+0000] {logging_mixin.py:190} INFO - [2026-03-27T08:27:08.214+0000] {dagbag.py:588} INFO - Filling up the DagBag from /opt/airflow/dags/kafka_load.py
[2026-03-27T08:27:08.249+0000] {processor.py:925} INFO - DAG(s) 'kafka_producer' retrieved from /opt/airflow/dags/kafka_load.py
[2026-03-27T08:27:08.283+0000] {logging_mixin.py:190} INFO - [2026-03-27T08:27:08.283+0000] {dag.py:3239} INFO - Sync 1 DAGs
[2026-03-27T08:27:08.300+0000] {logging_mixin.py:190} INFO - [2026-03-27T08:27:08.300+0000] {dag.py:4180} INFO - Setting next_dagrun for kafka_producer to None, run_after=None
[2026-03-27T08:27:08.325+0000] {processor.py:208} INFO - Processing /opt/airflow/dags/kafka_load.py took 0.124 seconds
[2026-03-27T08:27:38.708+0000] {processor.py:186} INFO - Started process (PID=68) to work on /opt/airflow/dags/kafka_load.py
[2026-03-27T08:27:38.710+0000] {processor.py:914} INFO - Processing file /opt/airflow/dags/kafka_load.py for tasks to queue
[2026-03-27T08:27:38.713+0000] {logging_mixin.py:190} INFO - [2026-03-27T08:27:38.713+0000] {dagbag.py:588} INFO - Filling up the DagBag from /opt/airflow/dags/kafka_load.py
[2026-03-27T08:27:38.747+0000] {processor.py:925} INFO - DAG(s) 'kafka_producer' retrieved from /opt/airflow/dags/kafka_load.py
[2026-03-27T08:27:38.786+0000] {logging_mixin.py:190} INFO - [2026-03-27T08:27:38.786+0000] {dag.py:3239} INFO - Sync 1 DAGs
[2026-03-27T08:27:38.805+0000] {logging_mixin.py:190} INFO - [2026-03-27T08:27:38.805+0000] {dag.py:4180} INFO - Setting next_dagrun for kafka_producer to None, run_after=None
[2026-03-27T08:27:38.830+0000] {processor.py:208} INFO - Processing /opt/airflow/dags/kafka_load.py took 0.130 seconds
[2026-03-27T08:28:09.177+0000] {processor.py:186} INFO - Started process (PID=71) to work on /opt/airflow/dags/kafka_load.py
[2026-03-27T08:28:09.179+0000] {processor.py:914} INFO - Processing file /opt/airflow/dags/kafka_load.py for tasks to queue
[2026-03-27T08:28:09.183+0000] {logging_mixin.py:190} INFO - [2026-03-27T08:28:09.182+0000] {dagbag.py:588} INFO - Filling up the DagBag from /opt/airflow/dags/kafka_load.py
[2026-03-27T08:28:09.220+0000] {processor.py:925} INFO - DAG(s) 'kafka_producer' retrieved from /opt/airflow/dags/kafka_load.py
[2026-03-27T08:28:09.260+0000] {logging_mixin.py:190} INFO - [2026-03-27T08:28:09.260+0000] {dag.py:3239} INFO - Sync 1 DAGs
[2026-03-27T08:28:09.277+0000] {logging_mixin.py:190} INFO - [2026-03-27T08:28:09.277+0000] {dag.py:4180} INFO - Setting next_dagrun for kafka_producer to None, run_after=None
[2026-03-27T08:28:09.300+0000] {processor.py:208} INFO - Processing /opt/airflow/dags/kafka_load.py took 0.136 seconds
[2026-03-27T08:28:39.756+0000] {processor.py:186} INFO - Started process (PID=74) to work on /opt/airflow/dags/kafka_load.py
[2026-03-27T08:28:39.758+0000] {processor.py:914} INFO - Processing file /opt/airflow/dags/kafka_load.py for tasks to queue
[2026-03-27T08:28:39.761+0000] {logging_mixin.py:190} INFO - [2026-03-27T08:28:39.761+0000] {dagbag.py:588} INFO - Filling up the DagBag from /opt/airflow/dags/kafka_load.py
[2026-03-27T08:28:39.790+0000] {processor.py:925} INFO - DAG(s) 'kafka_producer' retrieved from /opt/airflow/dags/kafka_load.py
[2026-03-27T08:28:39.821+0000] {logging_mixin.py:190} INFO - [2026-03-27T08:28:39.821+0000] {dag.py:3239} INFO - Sync 1 DAGs
[2026-03-27T08:28:39.839+0000] {logging_mixin.py:190} INFO - [2026-03-27T08:28:39.839+0000] {dag.py:4180} INFO - Setting next_dagrun for kafka_producer to None, run_after=None
[2026-03-27T08:28:39.864+0000] {processor.py:208} INFO - Processing /opt/airflow/dags/kafka_load.py took 0.118 seconds
[2026-03-27T08:29:10.113+0000] {processor.py:186} INFO - Started process (PID=75) to work on /opt/airflow/dags/kafka_load.py
[2026-03-27T08:29:10.115+0000] {processor.py:914} INFO - Processing file /opt/airflow/dags/kafka_load.py for tasks to queue
[2026-03-27T08:29:10.121+0000] {logging_mixin.py:190} INFO - [2026-03-27T08:29:10.120+0000] {dagbag.py:588} INFO - Filling up the DagBag from /opt/airflow/dags/kafka_load.py
[2026-03-27T08:29:10.158+0000] {processor.py:925} INFO - DAG(s) 'kafka_producer' retrieved from /opt/airflow/dags/kafka_load.py
[2026-03-27T08:29:10.195+0000] {logging_mixin.py:190} INFO - [2026-03-27T08:29:10.195+0000] {dag.py:3239} INFO - Sync 1 DAGs
[2026-03-27T08:29:10.217+0000] {logging_mixin.py:190} INFO - [2026-03-27T08:29:10.217+0000] {dag.py:4180} INFO - Setting next_dagrun for kafka_producer to None, run_after=None
[2026-03-27T08:29:10.266+0000] {processor.py:208} INFO - Processing /opt/airflow/dags/kafka_load.py took 0.162 seconds
[2026-03-27T08:29:40.672+0000] {processor.py:186} INFO - Started process (PID=78) to work on /opt/airflow/dags/kafka_load.py
[2026-03-27T08:29:40.673+0000] {processor.py:914} INFO - Processing file /opt/airflow/dags/kafka_load.py for tasks to queue
[2026-03-27T08:29:40.677+0000] {logging_mixin.py:190} INFO - [2026-03-27T08:29:40.676+0000] {dagbag.py:588} INFO - Filling up the DagBag from /opt/airflow/dags/kafka_load.py
[2026-03-27T08:29:40.704+0000] {processor.py:925} INFO - DAG(s) 'kafka_producer' retrieved from /opt/airflow/dags/kafka_load.py
[2026-03-27T08:29:40.740+0000] {logging_mixin.py:190} INFO - [2026-03-27T08:29:40.740+0000] {dag.py:3239} INFO - Sync 1 DAGs
[2026-03-27T08:29:40.760+0000] {logging_mixin.py:190} INFO - [2026-03-27T08:29:40.760+0000] {dag.py:4180} INFO - Setting next_dagrun for kafka_producer to None, run_after=None
[2026-03-27T08:29:40.791+0000] {processor.py:208} INFO - Processing /opt/airflow/dags/kafka_load.py took 0.128 seconds
[2026-03-27T08:30:10.870+0000] {processor.py:186} INFO - Started process (PID=81) to work on /opt/airflow/dags/kafka_load.py
[2026-03-27T08:30:10.871+0000] {processor.py:914} INFO - Processing file /opt/airflow/dags/kafka_load.py for tasks to queue
[2026-03-27T08:30:10.875+0000] {logging_mixin.py:190} INFO - [2026-03-27T08:30:10.874+0000] {dagbag.py:588} INFO - Filling up the DagBag from /opt/airflow/dags/kafka_load.py
[2026-03-27T08:30:10.907+0000] {processor.py:925} INFO - DAG(s) 'kafka_producer' retrieved from /opt/airflow/dags/kafka_load.py
[2026-03-27T08:30:10.947+0000] {logging_mixin.py:190} INFO - [2026-03-27T08:30:10.947+0000] {dag.py:3239} INFO - Sync 1 DAGs
[2026-03-27T08:30:10.969+0000] {logging_mixin.py:190} INFO - [2026-03-27T08:30:10.969+0000] {dag.py:4180} INFO - Setting next_dagrun for kafka_producer to None, run_after=None
[2026-03-27T08:30:10.995+0000] {processor.py:208} INFO - Processing /opt/airflow/dags/kafka_load.py took 0.136 seconds
[2026-03-27T08:30:41.337+0000] {processor.py:186} INFO - Started process (PID=84) to work on /opt/airflow/dags/kafka_load.py
[2026-03-27T08:30:41.338+0000] {processor.py:914} INFO - Processing file /opt/airflow/dags/kafka_load.py for tasks to queue
[2026-03-27T08:30:41.343+0000] {logging_mixin.py:190} INFO - [2026-03-27T08:30:41.342+0000] {dagbag.py:588} INFO - Filling up the DagBag from /opt/airflow/dags/kafka_load.py
[2026-03-27T08:30:41.380+0000] {processor.py:925} INFO - DAG(s) 'kafka_producer' retrieved from /opt/airflow/dags/kafka_load.py
[2026-03-27T08:30:41.423+0000] {logging_mixin.py:190} INFO - [2026-03-27T08:30:41.422+0000] {dag.py:3239} INFO - Sync 1 DAGs
[2026-03-27T08:30:41.444+0000] {logging_mixin.py:190} INFO - [2026-03-27T08:30:41.443+0000] {dag.py:4180} INFO - Setting next_dagrun for kafka_producer to None, run_after=None
[2026-03-27T08:30:41.470+0000] {processor.py:208} INFO - Processing /opt/airflow/dags/kafka_load.py took 0.146 seconds
[2026-03-27T08:31:11.797+0000] {processor.py:186} INFO - Started process (PID=87) to work on /opt/airflow/dags/kafka_load.py
[2026-03-27T08:31:11.798+0000] {processor.py:914} INFO - Processing file /opt/airflow/dags/kafka_load.py for tasks to queue
[2026-03-27T08:31:11.801+0000] {logging_mixin.py:190} INFO - [2026-03-27T08:31:11.801+0000] {dagbag.py:588} INFO - Filling up the DagBag from /opt/airflow/dags/kafka_load.py
[2026-03-27T08:31:11.836+0000] {processor.py:925} INFO - DAG(s) 'kafka_producer' retrieved from /opt/airflow/dags/kafka_load.py
[2026-03-27T08:31:11.883+0000] {logging_mixin.py:190} INFO - [2026-03-27T08:31:11.882+0000] {dag.py:3239} INFO - Sync 1 DAGs
[2026-03-27T08:31:11.903+0000] {logging_mixin.py:190} INFO - [2026-03-27T08:31:11.902+0000] {dag.py:4180} INFO - Setting next_dagrun for kafka_producer to None, run_after=None
[2026-03-27T08:31:11.931+0000] {processor.py:208} INFO - Processing /opt/airflow/dags/kafka_load.py took 0.143 seconds
[2026-03-27T08:31:42.350+0000] {processor.py:186} INFO - Started process (PID=90) to work on /opt/airflow/dags/kafka_load.py
[2026-03-27T08:31:42.352+0000] {processor.py:914} INFO - Processing file /opt/airflow/dags/kafka_load.py for tasks to queue
[2026-03-27T08:31:42.355+0000] {logging_mixin.py:190} INFO - [2026-03-27T08:31:42.355+0000] {dagbag.py:588} INFO - Filling up the DagBag from /opt/airflow/dags/kafka_load.py
[2026-03-27T08:31:42.386+0000] {processor.py:925} INFO - DAG(s) 'kafka_producer' retrieved from /opt/airflow/dags/kafka_load.py
[2026-03-27T08:31:42.421+0000] {logging_mixin.py:190} INFO - [2026-03-27T08:31:42.420+0000] {dag.py:3239} INFO - Sync 1 DAGs
[2026-03-27T08:31:42.440+0000] {logging_mixin.py:190} INFO - [2026-03-27T08:31:42.440+0000] {dag.py:4180} INFO - Setting next_dagrun for kafka_producer to None, run_after=None
[2026-03-27T08:31:42.466+0000] {processor.py:208} INFO - Processing /opt/airflow/dags/kafka_load.py took 0.124 seconds
[2026-03-27T08:32:12.881+0000] {processor.py:186} INFO - Started process (PID=93) to work on /opt/airflow/dags/kafka_load.py
[2026-03-27T08:32:12.883+0000] {processor.py:914} INFO - Processing file /opt/airflow/dags/kafka_load.py for tasks to queue
[2026-03-27T08:32:12.886+0000] {logging_mixin.py:190} INFO - [2026-03-27T08:32:12.886+0000] {dagbag.py:588} INFO - Filling up the DagBag from /opt/airflow/dags/kafka_load.py
[2026-03-27T08:32:12.922+0000] {processor.py:925} INFO - DAG(s) 'kafka_producer' retrieved from /opt/airflow/dags/kafka_load.py
[2026-03-27T08:32:12.956+0000] {logging_mixin.py:190} INFO - [2026-03-27T08:32:12.956+0000] {dag.py:3239} INFO - Sync 1 DAGs
[2026-03-27T08:32:12.975+0000] {logging_mixin.py:190} INFO - [2026-03-27T08:32:12.975+0000] {dag.py:4180} INFO - Setting next_dagrun for kafka_producer to None, run_after=None
[2026-03-27T08:32:13.011+0000] {processor.py:208} INFO - Processing /opt/airflow/dags/kafka_load.py took 0.138 seconds
[2026-03-27T08:32:43.378+0000] {processor.py:186} INFO - Started process (PID=96) to work on /opt/airflow/dags/kafka_load.py
[2026-03-27T08:32:43.379+0000] {processor.py:914} INFO - Processing file /opt/airflow/dags/kafka_load.py for tasks to queue
[2026-03-27T08:32:43.382+0000] {logging_mixin.py:190} INFO - [2026-03-27T08:32:43.382+0000] {dagbag.py:588} INFO - Filling up the DagBag from /opt/airflow/dags/kafka_load.py
[2026-03-27T08:32:43.414+0000] {processor.py:925} INFO - DAG(s) 'kafka_producer' retrieved from /opt/airflow/dags/kafka_load.py
[2026-03-27T08:32:43.449+0000] {logging_mixin.py:190} INFO - [2026-03-27T08:32:43.449+0000] {dag.py:3239} INFO - Sync 1 DAGs
[2026-03-27T08:32:43.469+0000] {logging_mixin.py:190} INFO - [2026-03-27T08:32:43.469+0000] {dag.py:4180} INFO - Setting next_dagrun for kafka_producer to None, run_after=None
[2026-03-27T08:32:43.496+0000] {processor.py:208} INFO - Processing /opt/airflow/dags/kafka_load.py took 0.127 seconds
[2026-03-27T08:33:13.853+0000] {processor.py:186} INFO - Started process (PID=99) to work on /opt/airflow/dags/kafka_load.py
[2026-03-27T08:33:13.855+0000] {processor.py:914} INFO - Processing file /opt/airflow/dags/kafka_load.py for tasks to queue
[2026-03-27T08:33:13.869+0000] {logging_mixin.py:190} INFO - [2026-03-27T08:33:13.866+0000] {dagbag.py:588} INFO - Filling up the DagBag from /opt/airflow/dags/kafka_load.py
[2026-03-27T08:33:13.905+0000] {processor.py:925} INFO - DAG(s) 'kafka_producer' retrieved from /opt/airflow/dags/kafka_load.py
[2026-03-27T08:33:13.944+0000] {logging_mixin.py:190} INFO - [2026-03-27T08:33:13.944+0000] {dag.py:3239} INFO - Sync 1 DAGs
[2026-03-27T08:33:13.963+0000] {logging_mixin.py:190} INFO - [2026-03-27T08:33:13.963+0000] {dag.py:4180} INFO - Setting next_dagrun for kafka_producer to None, run_after=None
[2026-03-27T08:33:13.991+0000] {processor.py:208} INFO - Processing /opt/airflow/dags/kafka_load.py took 0.150 seconds
[2026-03-27T08:33:44.384+0000] {processor.py:186} INFO - Started process (PID=102) to work on /opt/airflow/dags/kafka_load.py
[2026-03-27T08:33:44.386+0000] {processor.py:914} INFO - Processing file /opt/airflow/dags/kafka_load.py for tasks to queue
[2026-03-27T08:33:44.390+0000] {logging_mixin.py:190} INFO - [2026-03-27T08:33:44.389+0000] {dagbag.py:588} INFO - Filling up the DagBag from /opt/airflow/dags/kafka_load.py
[2026-03-27T08:33:44.419+0000] {processor.py:925} INFO - DAG(s) 'kafka_producer' retrieved from /opt/airflow/dags/kafka_load.py
[2026-03-27T08:33:44.461+0000] {logging_mixin.py:190} INFO - [2026-03-27T08:33:44.460+0000] {dag.py:3239} INFO - Sync 1 DAGs
[2026-03-27T08:33:44.484+0000] {logging_mixin.py:190} INFO - [2026-03-27T08:33:44.484+0000] {dag.py:4180} INFO - Setting next_dagrun for kafka_producer to None, run_after=None
[2026-03-27T08:33:44.510+0000] {processor.py:208} INFO - Processing /opt/airflow/dags/kafka_load.py took 0.135 seconds
[2026-03-27T08:34:15.115+0000] {processor.py:186} INFO - Started process (PID=105) to work on /opt/airflow/dags/kafka_load.py
[2026-03-27T08:34:15.116+0000] {processor.py:914} INFO - Processing file /opt/airflow/dags/kafka_load.py for tasks to queue
[2026-03-27T08:34:15.119+0000] {logging_mixin.py:190} INFO - [2026-03-27T08:34:15.119+0000] {dagbag.py:588} INFO - Filling up the DagBag from /opt/airflow/dags/kafka_load.py
[2026-03-27T08:34:15.156+0000] {processor.py:925} INFO - DAG(s) 'kafka_producer' retrieved from /opt/airflow/dags/kafka_load.py
[2026-03-27T08:34:15.215+0000] {logging_mixin.py:190} INFO - [2026-03-27T08:34:15.215+0000] {dag.py:3239} INFO - Sync 1 DAGs
[2026-03-27T08:34:15.267+0000] {logging_mixin.py:190} INFO - [2026-03-27T08:34:15.267+0000] {dag.py:4180} INFO - Setting next_dagrun for kafka_producer to None, run_after=None
[2026-03-27T08:34:15.314+0000] {processor.py:208} INFO - Processing /opt/airflow/dags/kafka_load.py took 0.213 seconds
[2026-03-27T08:34:45.455+0000] {processor.py:186} INFO - Started process (PID=108) to work on /opt/airflow/dags/kafka_load.py
[2026-03-27T08:34:45.456+0000] {processor.py:914} INFO - Processing file /opt/airflow/dags/kafka_load.py for tasks to queue
[2026-03-27T08:34:45.460+0000] {logging_mixin.py:190} INFO - [2026-03-27T08:34:45.459+0000] {dagbag.py:588} INFO - Filling up the DagBag from /opt/airflow/dags/kafka_load.py
[2026-03-27T08:34:45.492+0000] {processor.py:925} INFO - DAG(s) 'kafka_producer' retrieved from /opt/airflow/dags/kafka_load.py
[2026-03-27T08:34:45.525+0000] {logging_mixin.py:190} INFO - [2026-03-27T08:34:45.524+0000] {dag.py:3239} INFO - Sync 1 DAGs
[2026-03-27T08:34:45.543+0000] {logging_mixin.py:190} INFO - [2026-03-27T08:34:45.543+0000] {dag.py:4180} INFO - Setting next_dagrun for kafka_producer to None, run_after=None
[2026-03-27T08:34:45.570+0000] {processor.py:208} INFO - Processing /opt/airflow/dags/kafka_load.py took 0.123 seconds
[2026-03-27T08:35:15.925+0000] {processor.py:186} INFO - Started process (PID=111) to work on /opt/airflow/dags/kafka_load.py
[2026-03-27T08:35:15.927+0000] {processor.py:914} INFO - Processing file /opt/airflow/dags/kafka_load.py for tasks to queue
[2026-03-27T08:35:15.930+0000] {logging_mixin.py:190} INFO - [2026-03-27T08:35:15.930+0000] {dagbag.py:588} INFO - Filling up the DagBag from /opt/airflow/dags/kafka_load.py
[2026-03-27T08:35:15.966+0000] {processor.py:925} INFO - DAG(s) 'kafka_producer' retrieved from /opt/airflow/dags/kafka_load.py
[2026-03-27T08:35:16.003+0000] {logging_mixin.py:190} INFO - [2026-03-27T08:35:16.003+0000] {dag.py:3239} INFO - Sync 1 DAGs
[2026-03-27T08:35:16.023+0000] {logging_mixin.py:190} INFO - [2026-03-27T08:35:16.022+0000] {dag.py:4180} INFO - Setting next_dagrun for kafka_producer to None, run_after=None
[2026-03-27T08:35:16.048+0000] {processor.py:208} INFO - Processing /opt/airflow/dags/kafka_load.py took 0.135 seconds
[2026-03-27T08:35:46.429+0000] {processor.py:186} INFO - Started process (PID=114) to work on /opt/airflow/dags/kafka_load.py
[2026-03-27T08:35:46.430+0000] {processor.py:914} INFO - Processing file /opt/airflow/dags/kafka_load.py for tasks to queue
[2026-03-27T08:35:46.434+0000] {logging_mixin.py:190} INFO - [2026-03-27T08:35:46.433+0000] {dagbag.py:588} INFO - Filling up the DagBag from /opt/airflow/dags/kafka_load.py
[2026-03-27T08:35:46.468+0000] {processor.py:925} INFO - DAG(s) 'kafka_producer' retrieved from /opt/airflow/dags/kafka_load.py
[2026-03-27T08:35:46.505+0000] {logging_mixin.py:190} INFO - [2026-03-27T08:35:46.505+0000] {dag.py:3239} INFO - Sync 1 DAGs
[2026-03-27T08:35:46.524+0000] {logging_mixin.py:190} INFO - [2026-03-27T08:35:46.524+0000] {dag.py:4180} INFO - Setting next_dagrun for kafka_producer to None, run_after=None
[2026-03-27T08:35:46.554+0000] {processor.py:208} INFO - Processing /opt/airflow/dags/kafka_load.py took 0.135 seconds
[2026-03-27T08:36:05.809+0000] {processor.py:186} INFO - Started process (PID=117) to work on /opt/airflow/dags/kafka_load.py
[2026-03-27T08:36:05.811+0000] {processor.py:914} INFO - Processing file /opt/airflow/dags/kafka_load.py for tasks to queue
[2026-03-27T08:36:05.815+0000] {logging_mixin.py:190} INFO - [2026-03-27T08:36:05.815+0000] {dagbag.py:588} INFO - Filling up the DagBag from /opt/airflow/dags/kafka_load.py
[2026-03-27T08:36:05.870+0000] {processor.py:925} INFO - DAG(s) 'kafka_producer' retrieved from /opt/airflow/dags/kafka_load.py
[2026-03-27T08:36:05.923+0000] {logging_mixin.py:190} INFO - [2026-03-27T08:36:05.923+0000] {dag.py:3239} INFO - Sync 1 DAGs
[2026-03-27T08:36:05.949+0000] {logging_mixin.py:190} INFO - [2026-03-27T08:36:05.949+0000] {dag.py:4180} INFO - Setting next_dagrun for kafka_producer to None, run_after=None
[2026-03-27T08:36:06.003+0000] {processor.py:208} INFO - Processing /opt/airflow/dags/kafka_load.py took 0.202 seconds
[2026-03-27T08:36:36.176+0000] {processor.py:186} INFO - Started process (PID=120) to work on /opt/airflow/dags/kafka_load.py
[2026-03-27T08:36:36.177+0000] {processor.py:914} INFO - Processing file /opt/airflow/dags/kafka_load.py for tasks to queue
[2026-03-27T08:36:36.181+0000] {logging_mixin.py:190} INFO - [2026-03-27T08:36:36.180+0000] {dagbag.py:588} INFO - Filling up the DagBag from /opt/airflow/dags/kafka_load.py
[2026-03-27T08:36:36.219+0000] {processor.py:925} INFO - DAG(s) 'kafka_producer' retrieved from /opt/airflow/dags/kafka_load.py
[2026-03-27T08:36:36.263+0000] {logging_mixin.py:190} INFO - [2026-03-27T08:36:36.262+0000] {dag.py:3239} INFO - Sync 1 DAGs
[2026-03-27T08:36:36.281+0000] {logging_mixin.py:190} INFO - [2026-03-27T08:36:36.281+0000] {dag.py:4180} INFO - Setting next_dagrun for kafka_producer to None, run_after=None
[2026-03-27T08:36:36.311+0000] {processor.py:208} INFO - Processing /opt/airflow/dags/kafka_load.py took 0.145 seconds
[2026-03-27T08:37:06.722+0000] {processor.py:186} INFO - Started process (PID=123) to work on /opt/airflow/dags/kafka_load.py
[2026-03-27T08:37:06.724+0000] {processor.py:914} INFO - Processing file /opt/airflow/dags/kafka_load.py for tasks to queue
[2026-03-27T08:37:06.729+0000] {logging_mixin.py:190} INFO - [2026-03-27T08:37:06.728+0000] {dagbag.py:588} INFO - Filling up the DagBag from /opt/airflow/dags/kafka_load.py
[2026-03-27T08:37:06.768+0000] {processor.py:925} INFO - DAG(s) 'kafka_producer' retrieved from /opt/airflow/dags/kafka_load.py
[2026-03-27T08:37:06.800+0000] {logging_mixin.py:190} INFO - [2026-03-27T08:37:06.800+0000] {dag.py:3239} INFO - Sync 1 DAGs
[2026-03-27T08:37:06.818+0000] {logging_mixin.py:190} INFO - [2026-03-27T08:37:06.818+0000] {dag.py:4180} INFO - Setting next_dagrun for kafka_producer to None, run_after=None
[2026-03-27T08:37:06.850+0000] {processor.py:208} INFO - Processing /opt/airflow/dags/kafka_load.py took 0.143 seconds
[2026-03-27T08:37:37.303+0000] {processor.py:186} INFO - Started process (PID=126) to work on /opt/airflow/dags/kafka_load.py
[2026-03-27T08:37:37.305+0000] {processor.py:914} INFO - Processing file /opt/airflow/dags/kafka_load.py for tasks to queue
[2026-03-27T08:37:37.308+0000] {logging_mixin.py:190} INFO - [2026-03-27T08:37:37.308+0000] {dagbag.py:588} INFO - Filling up the DagBag from /opt/airflow/dags/kafka_load.py
[2026-03-27T08:37:37.346+0000] {processor.py:925} INFO - DAG(s) 'kafka_producer' retrieved from /opt/airflow/dags/kafka_load.py
[2026-03-27T08:37:37.378+0000] {logging_mixin.py:190} INFO - [2026-03-27T08:37:37.378+0000] {dag.py:3239} INFO - Sync 1 DAGs
[2026-03-27T08:37:37.399+0000] {logging_mixin.py:190} INFO - [2026-03-27T08:37:37.398+0000] {dag.py:4180} INFO - Setting next_dagrun for kafka_producer to None, run_after=None
[2026-03-27T08:37:37.424+0000] {processor.py:208} INFO - Processing /opt/airflow/dags/kafka_load.py took 0.134 seconds
[2026-03-27T08:38:07.542+0000] {processor.py:186} INFO - Started process (PID=129) to work on /opt/airflow/dags/kafka_load.py
[2026-03-27T08:38:07.543+0000] {processor.py:914} INFO - Processing file /opt/airflow/dags/kafka_load.py for tasks to queue
[2026-03-27T08:38:07.548+0000] {logging_mixin.py:190} INFO - [2026-03-27T08:38:07.548+0000] {dagbag.py:588} INFO - Filling up the DagBag from /opt/airflow/dags/kafka_load.py
[2026-03-27T08:38:07.580+0000] {processor.py:925} INFO - DAG(s) 'kafka_producer' retrieved from /opt/airflow/dags/kafka_load.py
[2026-03-27T08:38:07.619+0000] {logging_mixin.py:190} INFO - [2026-03-27T08:38:07.619+0000] {dag.py:3239} INFO - Sync 1 DAGs
[2026-03-27T08:38:07.642+0000] {logging_mixin.py:190} INFO - [2026-03-27T08:38:07.641+0000] {dag.py:4180} INFO - Setting next_dagrun for kafka_producer to None, run_after=None
[2026-03-27T08:38:07.688+0000] {processor.py:208} INFO - Processing /opt/airflow/dags/kafka_load.py took 0.155 seconds
[2026-03-27T08:38:38.102+0000] {processor.py:186} INFO - Started process (PID=132) to work on /opt/airflow/dags/kafka_load.py
[2026-03-27T08:38:38.104+0000] {processor.py:914} INFO - Processing file /opt/airflow/dags/kafka_load.py for tasks to queue
[2026-03-27T08:38:38.107+0000] {logging_mixin.py:190} INFO - [2026-03-27T08:38:38.107+0000] {dagbag.py:588} INFO - Filling up the DagBag from /opt/airflow/dags/kafka_load.py
[2026-03-27T08:38:38.142+0000] {processor.py:925} INFO - DAG(s) 'kafka_producer' retrieved from /opt/airflow/dags/kafka_load.py
[2026-03-27T08:38:38.180+0000] {logging_mixin.py:190} INFO - [2026-03-27T08:38:38.180+0000] {dag.py:3239} INFO - Sync 1 DAGs
[2026-03-27T08:38:38.202+0000] {logging_mixin.py:190} INFO - [2026-03-27T08:38:38.202+0000] {dag.py:4180} INFO - Setting next_dagrun for kafka_producer to None, run_after=None
[2026-03-27T08:38:38.322+0000] {processor.py:208} INFO - Processing /opt/airflow/dags/kafka_load.py took 0.230 seconds
[2026-03-27T08:39:08.725+0000] {processor.py:186} INFO - Started process (PID=135) to work on /opt/airflow/dags/kafka_load.py
[2026-03-27T08:39:08.727+0000] {processor.py:914} INFO - Processing file /opt/airflow/dags/kafka_load.py for tasks to queue
[2026-03-27T08:39:08.731+0000] {logging_mixin.py:190} INFO - [2026-03-27T08:39:08.730+0000] {dagbag.py:588} INFO - Filling up the DagBag from /opt/airflow/dags/kafka_load.py
[2026-03-27T08:39:08.774+0000] {processor.py:925} INFO - DAG(s) 'kafka_producer' retrieved from /opt/airflow/dags/kafka_load.py
[2026-03-27T08:39:08.811+0000] {logging_mixin.py:190} INFO - [2026-03-27T08:39:08.811+0000] {dag.py:3239} INFO - Sync 1 DAGs
[2026-03-27T08:39:08.830+0000] {logging_mixin.py:190} INFO - [2026-03-27T08:39:08.830+0000] {dag.py:4180} INFO - Setting next_dagrun for kafka_producer to None, run_after=None
[2026-03-27T08:39:08.853+0000] {processor.py:208} INFO - Processing /opt/airflow/dags/kafka_load.py took 0.138 seconds
[2026-03-27T08:39:39.204+0000] {processor.py:186} INFO - Started process (PID=136) to work on /opt/airflow/dags/kafka_load.py
[2026-03-27T08:39:39.206+0000] {processor.py:914} INFO - Processing file /opt/airflow/dags/kafka_load.py for tasks to queue
[2026-03-27T08:39:39.209+0000] {logging_mixin.py:190} INFO - [2026-03-27T08:39:39.208+0000] {dagbag.py:588} INFO - Filling up the DagBag from /opt/airflow/dags/kafka_load.py
[2026-03-27T08:39:39.256+0000] {processor.py:925} INFO - DAG(s) 'kafka_producer' retrieved from /opt/airflow/dags/kafka_load.py
[2026-03-27T08:39:39.303+0000] {logging_mixin.py:190} INFO - [2026-03-27T08:39:39.303+0000] {dag.py:3239} INFO - Sync 1 DAGs
[2026-03-27T08:39:39.327+0000] {logging_mixin.py:190} INFO - [2026-03-27T08:39:39.326+0000] {dag.py:4180} INFO - Setting next_dagrun for kafka_producer to None, run_after=None
[2026-03-27T08:39:39.355+0000] {processor.py:208} INFO - Processing /opt/airflow/dags/kafka_load.py took 0.169 seconds
[2026-03-27T08:40:09.774+0000] {processor.py:186} INFO - Started process (PID=139) to work on /opt/airflow/dags/kafka_load.py
[2026-03-27T08:40:09.776+0000] {processor.py:914} INFO - Processing file /opt/airflow/dags/kafka_load.py for tasks to queue
[2026-03-27T08:40:09.779+0000] {logging_mixin.py:190} INFO - [2026-03-27T08:40:09.779+0000] {dagbag.py:588} INFO - Filling up the DagBag from /opt/airflow/dags/kafka_load.py
[2026-03-27T08:40:09.829+0000] {processor.py:925} INFO - DAG(s) 'kafka_producer' retrieved from /opt/airflow/dags/kafka_load.py
[2026-03-27T08:40:09.870+0000] {logging_mixin.py:190} INFO - [2026-03-27T08:40:09.869+0000] {dag.py:3239} INFO - Sync 1 DAGs
[2026-03-27T08:40:09.888+0000] {logging_mixin.py:190} INFO - [2026-03-27T08:40:09.887+0000] {dag.py:4180} INFO - Setting next_dagrun for kafka_producer to None, run_after=None
[2026-03-27T08:40:09.917+0000] {processor.py:208} INFO - Processing /opt/airflow/dags/kafka_load.py took 0.155 seconds
[2026-03-27T08:40:39.986+0000] {processor.py:186} INFO - Started process (PID=142) to work on /opt/airflow/dags/kafka_load.py
[2026-03-27T08:40:39.989+0000] {processor.py:914} INFO - Processing file /opt/airflow/dags/kafka_load.py for tasks to queue
[2026-03-27T08:40:39.992+0000] {logging_mixin.py:190} INFO - [2026-03-27T08:40:39.991+0000] {dagbag.py:588} INFO - Filling up the DagBag from /opt/airflow/dags/kafka_load.py
[2026-03-27T08:40:40.052+0000] {processor.py:925} INFO - DAG(s) 'kafka_producer' retrieved from /opt/airflow/dags/kafka_load.py
[2026-03-27T08:40:40.126+0000] {logging_mixin.py:190} INFO - [2026-03-27T08:40:40.126+0000] {dag.py:3239} INFO - Sync 1 DAGs
[2026-03-27T08:40:40.161+0000] {logging_mixin.py:190} INFO - [2026-03-27T08:40:40.160+0000] {dag.py:4180} INFO - Setting next_dagrun for kafka_producer to None, run_after=None
[2026-03-27T08:40:40.193+0000] {processor.py:208} INFO - Processing /opt/airflow/dags/kafka_load.py took 0.215 seconds
[2026-03-27T08:41:10.614+0000] {processor.py:186} INFO - Started process (PID=145) to work on /opt/airflow/dags/kafka_load.py
[2026-03-27T08:41:10.617+0000] {processor.py:914} INFO - Processing file /opt/airflow/dags/kafka_load.py for tasks to queue
[2026-03-27T08:41:10.624+0000] {logging_mixin.py:190} INFO - [2026-03-27T08:41:10.623+0000] {dagbag.py:588} INFO - Filling up the DagBag from /opt/airflow/dags/kafka_load.py
[2026-03-27T08:41:10.670+0000] {processor.py:925} INFO - DAG(s) 'kafka_producer' retrieved from /opt/airflow/dags/kafka_load.py
[2026-03-27T08:41:10.715+0000] {logging_mixin.py:190} INFO - [2026-03-27T08:41:10.715+0000] {dag.py:3239} INFO - Sync 1 DAGs
[2026-03-27T08:41:10.734+0000] {logging_mixin.py:190} INFO - [2026-03-27T08:41:10.733+0000] {dag.py:4180} INFO - Setting next_dagrun for kafka_producer to None, run_after=None
[2026-03-27T08:41:10.757+0000] {processor.py:208} INFO - Processing /opt/airflow/dags/kafka_load.py took 0.166 seconds
[2026-03-27T08:41:41.227+0000] {processor.py:186} INFO - Started process (PID=148) to work on /opt/airflow/dags/kafka_load.py
[2026-03-27T08:41:41.228+0000] {processor.py:914} INFO - Processing file /opt/airflow/dags/kafka_load.py for tasks to queue
[2026-03-27T08:41:41.233+0000] {logging_mixin.py:190} INFO - [2026-03-27T08:41:41.232+0000] {dagbag.py:588} INFO - Filling up the DagBag from /opt/airflow/dags/kafka_load.py
[2026-03-27T08:41:41.268+0000] {processor.py:925} INFO - DAG(s) 'kafka_producer' retrieved from /opt/airflow/dags/kafka_load.py
[2026-03-27T08:41:41.307+0000] {logging_mixin.py:190} INFO - [2026-03-27T08:41:41.306+0000] {dag.py:3239} INFO - Sync 1 DAGs
[2026-03-27T08:41:41.332+0000] {logging_mixin.py:190} INFO - [2026-03-27T08:41:41.332+0000] {dag.py:4180} INFO - Setting next_dagrun for kafka_producer to None, run_after=None
[2026-03-27T08:41:41.354+0000] {processor.py:208} INFO - Processing /opt/airflow/dags/kafka_load.py took 0.137 seconds
[2026-03-27T08:42:11.725+0000] {processor.py:186} INFO - Started process (PID=151) to work on /opt/airflow/dags/kafka_load.py
[2026-03-27T08:42:11.727+0000] {processor.py:914} INFO - Processing file /opt/airflow/dags/kafka_load.py for tasks to queue
[2026-03-27T08:42:11.733+0000] {logging_mixin.py:190} INFO - [2026-03-27T08:42:11.732+0000] {dagbag.py:588} INFO - Filling up the DagBag from /opt/airflow/dags/kafka_load.py
[2026-03-27T08:42:11.759+0000] {processor.py:925} INFO - DAG(s) 'kafka_producer' retrieved from /opt/airflow/dags/kafka_load.py
[2026-03-27T08:42:11.793+0000] {logging_mixin.py:190} INFO - [2026-03-27T08:42:11.793+0000] {dag.py:3239} INFO - Sync 1 DAGs
[2026-03-27T08:42:11.814+0000] {logging_mixin.py:190} INFO - [2026-03-27T08:42:11.814+0000] {dag.py:4180} INFO - Setting next_dagrun for kafka_producer to None, run_after=None
[2026-03-27T08:42:11.836+0000] {processor.py:208} INFO - Processing /opt/airflow/dags/kafka_load.py took 0.120 seconds
[2026-03-27T08:42:42.102+0000] {processor.py:186} INFO - Started process (PID=154) to work on /opt/airflow/dags/kafka_load.py
[2026-03-27T08:42:42.105+0000] {processor.py:914} INFO - Processing file /opt/airflow/dags/kafka_load.py for tasks to queue
[2026-03-27T08:42:42.110+0000] {logging_mixin.py:190} INFO - [2026-03-27T08:42:42.109+0000] {dagbag.py:588} INFO - Filling up the DagBag from /opt/airflow/dags/kafka_load.py
[2026-03-27T08:42:42.142+0000] {processor.py:925} INFO - DAG(s) 'kafka_producer' retrieved from /opt/airflow/dags/kafka_load.py
[2026-03-27T08:42:42.176+0000] {logging_mixin.py:190} INFO - [2026-03-27T08:42:42.175+0000] {dag.py:3239} INFO - Sync 1 DAGs
[2026-03-27T08:42:42.197+0000] {logging_mixin.py:190} INFO - [2026-03-27T08:42:42.197+0000] {dag.py:4180} INFO - Setting next_dagrun for kafka_producer to None, run_after=None
[2026-03-27T08:42:42.230+0000] {processor.py:208} INFO - Processing /opt/airflow/dags/kafka_load.py took 0.137 seconds
[2026-03-27T08:43:12.759+0000] {processor.py:186} INFO - Started process (PID=157) to work on /opt/airflow/dags/kafka_load.py
[2026-03-27T08:43:12.761+0000] {processor.py:914} INFO - Processing file /opt/airflow/dags/kafka_load.py for tasks to queue
[2026-03-27T08:43:12.765+0000] {logging_mixin.py:190} INFO - [2026-03-27T08:43:12.765+0000] {dagbag.py:588} INFO - Filling up the DagBag from /opt/airflow/dags/kafka_load.py
[2026-03-27T08:43:12.794+0000] {processor.py:925} INFO - DAG(s) 'kafka_producer' retrieved from /opt/airflow/dags/kafka_load.py
[2026-03-27T08:43:12.830+0000] {logging_mixin.py:190} INFO - [2026-03-27T08:43:12.830+0000] {dag.py:3239} INFO - Sync 1 DAGs
[2026-03-27T08:43:12.848+0000] {logging_mixin.py:190} INFO - [2026-03-27T08:43:12.847+0000] {dag.py:4180} INFO - Setting next_dagrun for kafka_producer to None, run_after=None
[2026-03-27T08:43:12.869+0000] {processor.py:208} INFO - Processing /opt/airflow/dags/kafka_load.py took 0.118 seconds
[2026-03-27T08:43:43.088+0000] {processor.py:186} INFO - Started process (PID=160) to work on /opt/airflow/dags/kafka_load.py
[2026-03-27T08:43:43.090+0000] {processor.py:914} INFO - Processing file /opt/airflow/dags/kafka_load.py for tasks to queue
[2026-03-27T08:43:43.093+0000] {logging_mixin.py:190} INFO - [2026-03-27T08:43:43.093+0000] {dagbag.py:588} INFO - Filling up the DagBag from /opt/airflow/dags/kafka_load.py
[2026-03-27T08:43:43.128+0000] {processor.py:925} INFO - DAG(s) 'kafka_producer' retrieved from /opt/airflow/dags/kafka_load.py
[2026-03-27T08:43:43.163+0000] {logging_mixin.py:190} INFO - [2026-03-27T08:43:43.163+0000] {dag.py:3239} INFO - Sync 1 DAGs
[2026-03-27T08:43:43.182+0000] {logging_mixin.py:190} INFO - [2026-03-27T08:43:43.182+0000] {dag.py:4180} INFO - Setting next_dagrun for kafka_producer to None, run_after=None
[2026-03-27T08:43:43.210+0000] {processor.py:208} INFO - Processing /opt/airflow/dags/kafka_load.py took 0.131 seconds
[2026-03-27T08:44:13.590+0000] {processor.py:186} INFO - Started process (PID=163) to work on /opt/airflow/dags/kafka_load.py
[2026-03-27T08:44:13.591+0000] {processor.py:914} INFO - Processing file /opt/airflow/dags/kafka_load.py for tasks to queue
[2026-03-27T08:44:13.595+0000] {logging_mixin.py:190} INFO - [2026-03-27T08:44:13.594+0000] {dagbag.py:588} INFO - Filling up the DagBag from /opt/airflow/dags/kafka_load.py
[2026-03-27T08:44:13.635+0000] {processor.py:925} INFO - DAG(s) 'kafka_producer' retrieved from /opt/airflow/dags/kafka_load.py
[2026-03-27T08:44:13.740+0000] {logging_mixin.py:190} INFO - [2026-03-27T08:44:13.739+0000] {dag.py:3239} INFO - Sync 1 DAGs
[2026-03-27T08:44:13.799+0000] {logging_mixin.py:190} INFO - [2026-03-27T08:44:13.798+0000] {dag.py:4180} INFO - Setting next_dagrun for kafka_producer to None, run_after=None
[2026-03-27T08:44:13.848+0000] {processor.py:208} INFO - Processing /opt/airflow/dags/kafka_load.py took 0.267 seconds
[2026-03-27T08:44:44.227+0000] {processor.py:186} INFO - Started process (PID=166) to work on /opt/airflow/dags/kafka_load.py
[2026-03-27T08:44:44.229+0000] {processor.py:914} INFO - Processing file /opt/airflow/dags/kafka_load.py for tasks to queue
[2026-03-27T08:44:44.232+0000] {logging_mixin.py:190} INFO - [2026-03-27T08:44:44.231+0000] {dagbag.py:588} INFO - Filling up the DagBag from /opt/airflow/dags/kafka_load.py
[2026-03-27T08:44:44.262+0000] {processor.py:925} INFO - DAG(s) 'kafka_producer' retrieved from /opt/airflow/dags/kafka_load.py
[2026-03-27T08:44:44.298+0000] {logging_mixin.py:190} INFO - [2026-03-27T08:44:44.298+0000] {dag.py:3239} INFO - Sync 1 DAGs
[2026-03-27T08:44:44.317+0000] {logging_mixin.py:190} INFO - [2026-03-27T08:44:44.316+0000] {dag.py:4180} INFO - Setting next_dagrun for kafka_producer to None, run_after=None
[2026-03-27T08:44:44.453+0000] {processor.py:208} INFO - Processing /opt/airflow/dags/kafka_load.py took 0.238 seconds
[2026-03-27T08:45:14.627+0000] {processor.py:186} INFO - Started process (PID=169) to work on /opt/airflow/dags/kafka_load.py
[2026-03-27T08:45:14.629+0000] {processor.py:914} INFO - Processing file /opt/airflow/dags/kafka_load.py for tasks to queue
[2026-03-27T08:45:14.633+0000] {logging_mixin.py:190} INFO - [2026-03-27T08:45:14.632+0000] {dagbag.py:588} INFO - Filling up the DagBag from /opt/airflow/dags/kafka_load.py
[2026-03-27T08:45:14.671+0000] {processor.py:925} INFO - DAG(s) 'kafka_producer' retrieved from /opt/airflow/dags/kafka_load.py
[2026-03-27T08:45:14.720+0000] {logging_mixin.py:190} INFO - [2026-03-27T08:45:14.720+0000] {dag.py:3239} INFO - Sync 1 DAGs
[2026-03-27T08:45:14.743+0000] {logging_mixin.py:190} INFO - [2026-03-27T08:45:14.743+0000] {dag.py:4180} INFO - Setting next_dagrun for kafka_producer to None, run_after=None
[2026-03-27T08:45:14.771+0000] {processor.py:208} INFO - Processing /opt/airflow/dags/kafka_load.py took 0.152 seconds
[2026-03-27T08:45:44.897+0000] {processor.py:186} INFO - Started process (PID=172) to work on /opt/airflow/dags/kafka_load.py
[2026-03-27T08:45:44.899+0000] {processor.py:914} INFO - Processing file /opt/airflow/dags/kafka_load.py for tasks to queue
[2026-03-27T08:45:44.902+0000] {logging_mixin.py:190} INFO - [2026-03-27T08:45:44.902+0000] {dagbag.py:588} INFO - Filling up the DagBag from /opt/airflow/dags/kafka_load.py
[2026-03-27T08:45:44.936+0000] {processor.py:925} INFO - DAG(s) 'kafka_producer' retrieved from /opt/airflow/dags/kafka_load.py
[2026-03-27T08:45:44.969+0000] {logging_mixin.py:190} INFO - [2026-03-27T08:45:44.969+0000] {dag.py:3239} INFO - Sync 1 DAGs
[2026-03-27T08:45:44.987+0000] {logging_mixin.py:190} INFO - [2026-03-27T08:45:44.987+0000] {dag.py:4180} INFO - Setting next_dagrun for kafka_producer to None, run_after=None
[2026-03-27T08:45:45.013+0000] {processor.py:208} INFO - Processing /opt/airflow/dags/kafka_load.py took 0.125 seconds
[2026-03-27T08:46:15.379+0000] {processor.py:186} INFO - Started process (PID=175) to work on /opt/airflow/dags/kafka_load.py
[2026-03-27T08:46:15.380+0000] {processor.py:914} INFO - Processing file /opt/airflow/dags/kafka_load.py for tasks to queue
[2026-03-27T08:46:15.383+0000] {logging_mixin.py:190} INFO - [2026-03-27T08:46:15.383+0000] {dagbag.py:588} INFO - Filling up the DagBag from /opt/airflow/dags/kafka_load.py
[2026-03-27T08:46:15.410+0000] {processor.py:925} INFO - DAG(s) 'kafka_producer' retrieved from /opt/airflow/dags/kafka_load.py
[2026-03-27T08:46:15.454+0000] {logging_mixin.py:190} INFO - [2026-03-27T08:46:15.454+0000] {dag.py:3239} INFO - Sync 1 DAGs
[2026-03-27T08:46:15.479+0000] {logging_mixin.py:190} INFO - [2026-03-27T08:46:15.478+0000] {dag.py:4180} INFO - Setting next_dagrun for kafka_producer to None, run_after=None
[2026-03-27T08:46:15.511+0000] {processor.py:208} INFO - Processing /opt/airflow/dags/kafka_load.py took 0.141 seconds
[2026-03-27T08:46:45.998+0000] {processor.py:186} INFO - Started process (PID=178) to work on /opt/airflow/dags/kafka_load.py
[2026-03-27T08:46:45.999+0000] {processor.py:914} INFO - Processing file /opt/airflow/dags/kafka_load.py for tasks to queue
[2026-03-27T08:46:46.004+0000] {logging_mixin.py:190} INFO - [2026-03-27T08:46:46.003+0000] {dagbag.py:588} INFO - Filling up the DagBag from /opt/airflow/dags/kafka_load.py
[2026-03-27T08:46:46.036+0000] {processor.py:925} INFO - DAG(s) 'kafka_producer' retrieved from /opt/airflow/dags/kafka_load.py
[2026-03-27T08:46:46.068+0000] {logging_mixin.py:190} INFO - [2026-03-27T08:46:46.068+0000] {dag.py:3239} INFO - Sync 1 DAGs
[2026-03-27T08:46:46.087+0000] {logging_mixin.py:190} INFO - [2026-03-27T08:46:46.087+0000] {dag.py:4180} INFO - Setting next_dagrun for kafka_producer to None, run_after=None
[2026-03-27T08:46:46.111+0000] {processor.py:208} INFO - Processing /opt/airflow/dags/kafka_load.py took 0.121 seconds
[2026-03-27T08:47:16.467+0000] {processor.py:186} INFO - Started process (PID=181) to work on /opt/airflow/dags/kafka_load.py
[2026-03-27T08:47:16.468+0000] {processor.py:914} INFO - Processing file /opt/airflow/dags/kafka_load.py for tasks to queue
[2026-03-27T08:47:16.473+0000] {logging_mixin.py:190} INFO - [2026-03-27T08:47:16.472+0000] {dagbag.py:588} INFO - Filling up the DagBag from /opt/airflow/dags/kafka_load.py
[2026-03-27T08:47:16.506+0000] {processor.py:925} INFO - DAG(s) 'kafka_producer' retrieved from /opt/airflow/dags/kafka_load.py
[2026-03-27T08:47:16.541+0000] {logging_mixin.py:190} INFO - [2026-03-27T08:47:16.541+0000] {dag.py:3239} INFO - Sync 1 DAGs
[2026-03-27T08:47:16.560+0000] {logging_mixin.py:190} INFO - [2026-03-27T08:47:16.560+0000] {dag.py:4180} INFO - Setting next_dagrun for kafka_producer to None, run_after=None
[2026-03-27T08:47:16.587+0000] {processor.py:208} INFO - Processing /opt/airflow/dags/kafka_load.py took 0.130 seconds
[2026-03-27T08:47:46.988+0000] {processor.py:186} INFO - Started process (PID=184) to work on /opt/airflow/dags/kafka_load.py
[2026-03-27T08:47:46.992+0000] {processor.py:914} INFO - Processing file /opt/airflow/dags/kafka_load.py for tasks to queue
[2026-03-27T08:47:46.995+0000] {logging_mixin.py:190} INFO - [2026-03-27T08:47:46.995+0000] {dagbag.py:588} INFO - Filling up the DagBag from /opt/airflow/dags/kafka_load.py
[2026-03-27T08:47:47.022+0000] {processor.py:925} INFO - DAG(s) 'kafka_producer' retrieved from /opt/airflow/dags/kafka_load.py
[2026-03-27T08:47:47.058+0000] {logging_mixin.py:190} INFO - [2026-03-27T08:47:47.057+0000] {dag.py:3239} INFO - Sync 1 DAGs
[2026-03-27T08:47:47.079+0000] {logging_mixin.py:190} INFO - [2026-03-27T08:47:47.078+0000] {dag.py:4180} INFO - Setting next_dagrun for kafka_producer to None, run_after=None
[2026-03-27T08:47:47.105+0000] {processor.py:208} INFO - Processing /opt/airflow/dags/kafka_load.py took 0.125 seconds
[2026-03-27T08:48:17.435+0000] {processor.py:186} INFO - Started process (PID=187) to work on /opt/airflow/dags/kafka_load.py
[2026-03-27T08:48:17.439+0000] {processor.py:914} INFO - Processing file /opt/airflow/dags/kafka_load.py for tasks to queue
[2026-03-27T08:48:17.444+0000] {logging_mixin.py:190} INFO - [2026-03-27T08:48:17.443+0000] {dagbag.py:588} INFO - Filling up the DagBag from /opt/airflow/dags/kafka_load.py
[2026-03-27T08:48:17.478+0000] {processor.py:925} INFO - DAG(s) 'kafka_producer' retrieved from /opt/airflow/dags/kafka_load.py
[2026-03-27T08:48:17.514+0000] {logging_mixin.py:190} INFO - [2026-03-27T08:48:17.514+0000] {dag.py:3239} INFO - Sync 1 DAGs
[2026-03-27T08:48:17.534+0000] {logging_mixin.py:190} INFO - [2026-03-27T08:48:17.533+0000] {dag.py:4180} INFO - Setting next_dagrun for kafka_producer to None, run_after=None
[2026-03-27T08:48:18.035+0000] {processor.py:208} INFO - Processing /opt/airflow/dags/kafka_load.py took 0.611 seconds
[2026-03-27T08:48:48.330+0000] {processor.py:186} INFO - Started process (PID=190) to work on /opt/airflow/dags/kafka_load.py
[2026-03-27T08:48:48.332+0000] {processor.py:914} INFO - Processing file /opt/airflow/dags/kafka_load.py for tasks to queue
[2026-03-27T08:48:48.337+0000] {logging_mixin.py:190} INFO - [2026-03-27T08:48:48.336+0000] {dagbag.py:588} INFO - Filling up the DagBag from /opt/airflow/dags/kafka_load.py
[2026-03-27T08:48:48.370+0000] {processor.py:925} INFO - DAG(s) 'kafka_producer' retrieved from /opt/airflow/dags/kafka_load.py
[2026-03-27T08:48:48.405+0000] {logging_mixin.py:190} INFO - [2026-03-27T08:48:48.404+0000] {dag.py:3239} INFO - Sync 1 DAGs
[2026-03-27T08:48:48.422+0000] {logging_mixin.py:190} INFO - [2026-03-27T08:48:48.421+0000] {dag.py:4180} INFO - Setting next_dagrun for kafka_producer to None, run_after=None
[2026-03-27T08:48:48.448+0000] {processor.py:208} INFO - Processing /opt/airflow/dags/kafka_load.py took 0.125 seconds
[2026-03-27T08:49:18.684+0000] {processor.py:186} INFO - Started process (PID=193) to work on /opt/airflow/dags/kafka_load.py
[2026-03-27T08:49:18.689+0000] {processor.py:914} INFO - Processing file /opt/airflow/dags/kafka_load.py for tasks to queue
[2026-03-27T08:49:18.694+0000] {logging_mixin.py:190} INFO - [2026-03-27T08:49:18.693+0000] {dagbag.py:588} INFO - Filling up the DagBag from /opt/airflow/dags/kafka_load.py
[2026-03-27T08:49:18.727+0000] {processor.py:925} INFO - DAG(s) 'kafka_producer' retrieved from /opt/airflow/dags/kafka_load.py
[2026-03-27T08:49:18.761+0000] {logging_mixin.py:190} INFO - [2026-03-27T08:49:18.761+0000] {dag.py:3239} INFO - Sync 1 DAGs
[2026-03-27T08:49:18.780+0000] {logging_mixin.py:190} INFO - [2026-03-27T08:49:18.779+0000] {dag.py:4180} INFO - Setting next_dagrun for kafka_producer to None, run_after=None
[2026-03-27T08:49:18.803+0000] {processor.py:208} INFO - Processing /opt/airflow/dags/kafka_load.py took 0.128 seconds
[2026-03-27T08:49:49.165+0000] {processor.py:186} INFO - Started process (PID=196) to work on /opt/airflow/dags/kafka_load.py
[2026-03-27T08:49:49.167+0000] {processor.py:914} INFO - Processing file /opt/airflow/dags/kafka_load.py for tasks to queue
[2026-03-27T08:49:49.170+0000] {logging_mixin.py:190} INFO - [2026-03-27T08:49:49.169+0000] {dagbag.py:588} INFO - Filling up the DagBag from /opt/airflow/dags/kafka_load.py
[2026-03-27T08:49:49.200+0000] {processor.py:925} INFO - DAG(s) 'kafka_producer' retrieved from /opt/airflow/dags/kafka_load.py
[2026-03-27T08:49:49.232+0000] {logging_mixin.py:190} INFO - [2026-03-27T08:49:49.232+0000] {dag.py:3239} INFO - Sync 1 DAGs
[2026-03-27T08:49:49.253+0000] {logging_mixin.py:190} INFO - [2026-03-27T08:49:49.253+0000] {dag.py:4180} INFO - Setting next_dagrun for kafka_producer to None, run_after=None
[2026-03-27T08:49:49.280+0000] {processor.py:208} INFO - Processing /opt/airflow/dags/kafka_load.py took 0.124 seconds
[2026-03-27T08:50:19.513+0000] {processor.py:186} INFO - Started process (PID=199) to work on /opt/airflow/dags/kafka_load.py
[2026-03-27T08:50:19.516+0000] {processor.py:914} INFO - Processing file /opt/airflow/dags/kafka_load.py for tasks to queue
[2026-03-27T08:50:19.520+0000] {logging_mixin.py:190} INFO - [2026-03-27T08:50:19.520+0000] {dagbag.py:588} INFO - Filling up the DagBag from /opt/airflow/dags/kafka_load.py
[2026-03-27T08:50:19.547+0000] {processor.py:925} INFO - DAG(s) 'kafka_producer' retrieved from /opt/airflow/dags/kafka_load.py
[2026-03-27T08:50:19.585+0000] {logging_mixin.py:190} INFO - [2026-03-27T08:50:19.584+0000] {dag.py:3239} INFO - Sync 1 DAGs
[2026-03-27T08:50:19.610+0000] {logging_mixin.py:190} INFO - [2026-03-27T08:50:19.610+0000] {dag.py:4180} INFO - Setting next_dagrun for kafka_producer to None, run_after=None
[2026-03-27T08:50:19.636+0000] {processor.py:208} INFO - Processing /opt/airflow/dags/kafka_load.py took 0.139 seconds
[2026-03-27T08:50:50.013+0000] {processor.py:186} INFO - Started process (PID=202) to work on /opt/airflow/dags/kafka_load.py
[2026-03-27T08:50:50.015+0000] {processor.py:914} INFO - Processing file /opt/airflow/dags/kafka_load.py for tasks to queue
[2026-03-27T08:50:50.018+0000] {logging_mixin.py:190} INFO - [2026-03-27T08:50:50.018+0000] {dagbag.py:588} INFO - Filling up the DagBag from /opt/airflow/dags/kafka_load.py
[2026-03-27T08:50:50.054+0000] {processor.py:925} INFO - DAG(s) 'kafka_producer' retrieved from /opt/airflow/dags/kafka_load.py
[2026-03-27T08:50:50.098+0000] {logging_mixin.py:190} INFO - [2026-03-27T08:50:50.098+0000] {dag.py:3239} INFO - Sync 1 DAGs
[2026-03-27T08:50:50.120+0000] {logging_mixin.py:190} INFO - [2026-03-27T08:50:50.120+0000] {dag.py:4180} INFO - Setting next_dagrun for kafka_producer to None, run_after=None
[2026-03-27T08:50:50.150+0000] {processor.py:208} INFO - Processing /opt/airflow/dags/kafka_load.py took 0.147 seconds
[2026-03-27T08:51:20.270+0000] {processor.py:186} INFO - Started process (PID=205) to work on /opt/airflow/dags/kafka_load.py
[2026-03-27T08:51:20.271+0000] {processor.py:914} INFO - Processing file /opt/airflow/dags/kafka_load.py for tasks to queue
[2026-03-27T08:51:20.275+0000] {logging_mixin.py:190} INFO - [2026-03-27T08:51:20.274+0000] {dagbag.py:588} INFO - Filling up the DagBag from /opt/airflow/dags/kafka_load.py
[2026-03-27T08:51:20.307+0000] {processor.py:925} INFO - DAG(s) 'kafka_producer' retrieved from /opt/airflow/dags/kafka_load.py
[2026-03-27T08:51:20.340+0000] {logging_mixin.py:190} INFO - [2026-03-27T08:51:20.340+0000] {dag.py:3239} INFO - Sync 1 DAGs
[2026-03-27T08:51:20.357+0000] {logging_mixin.py:190} INFO - [2026-03-27T08:51:20.357+0000] {dag.py:4180} INFO - Setting next_dagrun for kafka_producer to None, run_after=None
[2026-03-27T08:51:20.385+0000] {processor.py:208} INFO - Processing /opt/airflow/dags/kafka_load.py took 0.124 seconds
[2026-03-27T08:51:50.795+0000] {processor.py:186} INFO - Started process (PID=208) to work on /opt/airflow/dags/kafka_load.py
[2026-03-27T08:51:50.805+0000] {processor.py:914} INFO - Processing file /opt/airflow/dags/kafka_load.py for tasks to queue
[2026-03-27T08:51:50.811+0000] {logging_mixin.py:190} INFO - [2026-03-27T08:51:50.810+0000] {dagbag.py:588} INFO - Filling up the DagBag from /opt/airflow/dags/kafka_load.py
[2026-03-27T08:51:51.001+0000] {processor.py:925} INFO - DAG(s) 'kafka_producer' retrieved from /opt/airflow/dags/kafka_load.py
[2026-03-27T08:51:51.049+0000] {logging_mixin.py:190} INFO - [2026-03-27T08:51:51.049+0000] {dag.py:3239} INFO - Sync 1 DAGs
[2026-03-27T08:51:51.068+0000] {logging_mixin.py:190} INFO - [2026-03-27T08:51:51.068+0000] {dag.py:4180} INFO - Setting next_dagrun for kafka_producer to None, run_after=None
[2026-03-27T08:51:51.096+0000] {processor.py:208} INFO - Processing /opt/airflow/dags/kafka_load.py took 0.313 seconds
[2026-03-27T08:52:21.145+0000] {processor.py:186} INFO - Started process (PID=211) to work on /opt/airflow/dags/kafka_load.py
[2026-03-27T08:52:21.147+0000] {processor.py:914} INFO - Processing file /opt/airflow/dags/kafka_load.py for tasks to queue
[2026-03-27T08:52:21.150+0000] {logging_mixin.py:190} INFO - [2026-03-27T08:52:21.149+0000] {dagbag.py:588} INFO - Filling up the DagBag from /opt/airflow/dags/kafka_load.py
[2026-03-27T08:52:21.208+0000] {processor.py:925} INFO - DAG(s) 'kafka_producer' retrieved from /opt/airflow/dags/kafka_load.py
[2026-03-27T08:52:21.272+0000] {logging_mixin.py:190} INFO - [2026-03-27T08:52:21.272+0000] {dag.py:3239} INFO - Sync 1 DAGs
[2026-03-27T08:52:21.304+0000] {logging_mixin.py:190} INFO - [2026-03-27T08:52:21.304+0000] {dag.py:4180} INFO - Setting next_dagrun for kafka_producer to None, run_after=None
[2026-03-27T08:52:21.349+0000] {processor.py:208} INFO - Processing /opt/airflow/dags/kafka_load.py took 0.213 seconds
[2026-03-27T08:52:51.700+0000] {processor.py:186} INFO - Started process (PID=214) to work on /opt/airflow/dags/kafka_load.py
[2026-03-27T08:52:51.701+0000] {processor.py:914} INFO - Processing file /opt/airflow/dags/kafka_load.py for tasks to queue
[2026-03-27T08:52:51.704+0000] {logging_mixin.py:190} INFO - [2026-03-27T08:52:51.703+0000] {dagbag.py:588} INFO - Filling up the DagBag from /opt/airflow/dags/kafka_load.py
[2026-03-27T08:52:51.729+0000] {processor.py:925} INFO - DAG(s) 'kafka_producer' retrieved from /opt/airflow/dags/kafka_load.py
[2026-03-27T08:52:51.761+0000] {logging_mixin.py:190} INFO - [2026-03-27T08:52:51.761+0000] {dag.py:3239} INFO - Sync 1 DAGs
[2026-03-27T08:52:51.778+0000] {logging_mixin.py:190} INFO - [2026-03-27T08:52:51.778+0000] {dag.py:4180} INFO - Setting next_dagrun for kafka_producer to None, run_after=None
[2026-03-27T08:52:51.812+0000] {processor.py:208} INFO - Processing /opt/airflow/dags/kafka_load.py took 0.120 seconds
[2026-03-27T08:53:22.172+0000] {processor.py:186} INFO - Started process (PID=217) to work on /opt/airflow/dags/kafka_load.py
[2026-03-27T08:53:22.174+0000] {processor.py:914} INFO - Processing file /opt/airflow/dags/kafka_load.py for tasks to queue
[2026-03-27T08:53:22.177+0000] {logging_mixin.py:190} INFO - [2026-03-27T08:53:22.177+0000] {dagbag.py:588} INFO - Filling up the DagBag from /opt/airflow/dags/kafka_load.py
[2026-03-27T08:53:22.212+0000] {processor.py:925} INFO - DAG(s) 'kafka_producer' retrieved from /opt/airflow/dags/kafka_load.py
[2026-03-27T08:53:22.250+0000] {logging_mixin.py:190} INFO - [2026-03-27T08:53:22.250+0000] {dag.py:3239} INFO - Sync 1 DAGs
[2026-03-27T08:53:22.270+0000] {logging_mixin.py:190} INFO - [2026-03-27T08:53:22.270+0000] {dag.py:4180} INFO - Setting next_dagrun for kafka_producer to None, run_after=None
[2026-03-27T08:53:22.300+0000] {processor.py:208} INFO - Processing /opt/airflow/dags/kafka_load.py took 0.136 seconds
[2026-03-27T08:53:52.660+0000] {processor.py:186} INFO - Started process (PID=220) to work on /opt/airflow/dags/kafka_load.py
[2026-03-27T08:53:52.661+0000] {processor.py:914} INFO - Processing file /opt/airflow/dags/kafka_load.py for tasks to queue
[2026-03-27T08:53:52.664+0000] {logging_mixin.py:190} INFO - [2026-03-27T08:53:52.664+0000] {dagbag.py:588} INFO - Filling up the DagBag from /opt/airflow/dags/kafka_load.py
[2026-03-27T08:53:52.700+0000] {processor.py:925} INFO - DAG(s) 'kafka_producer' retrieved from /opt/airflow/dags/kafka_load.py
[2026-03-27T08:53:52.736+0000] {logging_mixin.py:190} INFO - [2026-03-27T08:53:52.736+0000] {dag.py:3239} INFO - Sync 1 DAGs
[2026-03-27T08:53:52.757+0000] {logging_mixin.py:190} INFO - [2026-03-27T08:53:52.757+0000] {dag.py:4180} INFO - Setting next_dagrun for kafka_producer to None, run_after=None
[2026-03-27T08:53:52.790+0000] {processor.py:208} INFO - Processing /opt/airflow/dags/kafka_load.py took 0.139 seconds
[2026-03-27T08:54:23.187+0000] {processor.py:186} INFO - Started process (PID=223) to work on /opt/airflow/dags/kafka_load.py
[2026-03-27T08:54:23.190+0000] {processor.py:914} INFO - Processing file /opt/airflow/dags/kafka_load.py for tasks to queue
[2026-03-27T08:54:23.196+0000] {logging_mixin.py:190} INFO - [2026-03-27T08:54:23.195+0000] {dagbag.py:588} INFO - Filling up the DagBag from /opt/airflow/dags/kafka_load.py
[2026-03-27T08:54:23.235+0000] {processor.py:925} INFO - DAG(s) 'kafka_producer' retrieved from /opt/airflow/dags/kafka_load.py
[2026-03-27T08:54:23.266+0000] {logging_mixin.py:190} INFO - [2026-03-27T08:54:23.266+0000] {dag.py:3239} INFO - Sync 1 DAGs
[2026-03-27T08:54:23.284+0000] {logging_mixin.py:190} INFO - [2026-03-27T08:54:23.283+0000] {dag.py:4180} INFO - Setting next_dagrun for kafka_producer to None, run_after=None
[2026-03-27T08:54:23.308+0000] {processor.py:208} INFO - Processing /opt/airflow/dags/kafka_load.py took 0.132 seconds
[2026-03-27T08:54:53.728+0000] {processor.py:186} INFO - Started process (PID=226) to work on /opt/airflow/dags/kafka_load.py
[2026-03-27T08:54:53.730+0000] {processor.py:914} INFO - Processing file /opt/airflow/dags/kafka_load.py for tasks to queue
[2026-03-27T08:54:53.733+0000] {logging_mixin.py:190} INFO - [2026-03-27T08:54:53.733+0000] {dagbag.py:588} INFO - Filling up the DagBag from /opt/airflow/dags/kafka_load.py
[2026-03-27T08:54:53.763+0000] {processor.py:925} INFO - DAG(s) 'kafka_producer' retrieved from /opt/airflow/dags/kafka_load.py
[2026-03-27T08:54:53.804+0000] {logging_mixin.py:190} INFO - [2026-03-27T08:54:53.803+0000] {dag.py:3239} INFO - Sync 1 DAGs
[2026-03-27T08:54:53.831+0000] {logging_mixin.py:190} INFO - [2026-03-27T08:54:53.831+0000] {dag.py:4180} INFO - Setting next_dagrun for kafka_producer to None, run_after=None
[2026-03-27T08:54:53.868+0000] {processor.py:208} INFO - Processing /opt/airflow/dags/kafka_load.py took 0.151 seconds
[2026-03-27T08:55:24.179+0000] {processor.py:186} INFO - Started process (PID=229) to work on /opt/airflow/dags/kafka_load.py
[2026-03-27T08:55:24.181+0000] {processor.py:914} INFO - Processing file /opt/airflow/dags/kafka_load.py for tasks to queue
[2026-03-27T08:55:24.184+0000] {logging_mixin.py:190} INFO - [2026-03-27T08:55:24.184+0000] {dagbag.py:588} INFO - Filling up the DagBag from /opt/airflow/dags/kafka_load.py
[2026-03-27T08:55:24.221+0000] {processor.py:925} INFO - DAG(s) 'kafka_producer' retrieved from /opt/airflow/dags/kafka_load.py
[2026-03-27T08:55:24.259+0000] {logging_mixin.py:190} INFO - [2026-03-27T08:55:24.259+0000] {dag.py:3239} INFO - Sync 1 DAGs
[2026-03-27T08:55:24.279+0000] {logging_mixin.py:190} INFO - [2026-03-27T08:55:24.279+0000] {dag.py:4180} INFO - Setting next_dagrun for kafka_producer to None, run_after=None
[2026-03-27T08:55:24.306+0000] {processor.py:208} INFO - Processing /opt/airflow/dags/kafka_load.py took 0.135 seconds
[2026-03-27T08:55:54.627+0000] {processor.py:186} INFO - Started process (PID=232) to work on /opt/airflow/dags/kafka_load.py
[2026-03-27T08:55:54.629+0000] {processor.py:914} INFO - Processing file /opt/airflow/dags/kafka_load.py for tasks to queue
[2026-03-27T08:55:54.633+0000] {logging_mixin.py:190} INFO - [2026-03-27T08:55:54.632+0000] {dagbag.py:588} INFO - Filling up the DagBag from /opt/airflow/dags/kafka_load.py
[2026-03-27T08:55:54.661+0000] {processor.py:925} INFO - DAG(s) 'kafka_producer' retrieved from /opt/airflow/dags/kafka_load.py
[2026-03-27T08:55:54.702+0000] {logging_mixin.py:190} INFO - [2026-03-27T08:55:54.702+0000] {dag.py:3239} INFO - Sync 1 DAGs
[2026-03-27T08:55:54.720+0000] {logging_mixin.py:190} INFO - [2026-03-27T08:55:54.720+0000] {dag.py:4180} INFO - Setting next_dagrun for kafka_producer to None, run_after=None
[2026-03-27T08:55:54.754+0000] {processor.py:208} INFO - Processing /opt/airflow/dags/kafka_load.py took 0.135 seconds
[2026-03-27T08:56:25.144+0000] {processor.py:186} INFO - Started process (PID=235) to work on /opt/airflow/dags/kafka_load.py
[2026-03-27T08:56:25.147+0000] {processor.py:914} INFO - Processing file /opt/airflow/dags/kafka_load.py for tasks to queue
[2026-03-27T08:56:25.151+0000] {logging_mixin.py:190} INFO - [2026-03-27T08:56:25.151+0000] {dagbag.py:588} INFO - Filling up the DagBag from /opt/airflow/dags/kafka_load.py
[2026-03-27T08:56:25.184+0000] {processor.py:925} INFO - DAG(s) 'kafka_producer' retrieved from /opt/airflow/dags/kafka_load.py
[2026-03-27T08:56:25.260+0000] {logging_mixin.py:190} INFO - [2026-03-27T08:56:25.260+0000] {dag.py:3239} INFO - Sync 1 DAGs
[2026-03-27T08:56:25.297+0000] {logging_mixin.py:190} INFO - [2026-03-27T08:56:25.296+0000] {dag.py:4180} INFO - Setting next_dagrun for kafka_producer to None, run_after=None
[2026-03-27T08:56:25.334+0000] {processor.py:208} INFO - Processing /opt/airflow/dags/kafka_load.py took 0.203 seconds
[2026-03-27T08:56:55.791+0000] {processor.py:186} INFO - Started process (PID=238) to work on /opt/airflow/dags/kafka_load.py
[2026-03-27T08:56:55.793+0000] {processor.py:914} INFO - Processing file /opt/airflow/dags/kafka_load.py for tasks to queue
[2026-03-27T08:56:55.797+0000] {logging_mixin.py:190} INFO - [2026-03-27T08:56:55.797+0000] {dagbag.py:588} INFO - Filling up the DagBag from /opt/airflow/dags/kafka_load.py
[2026-03-27T08:56:55.826+0000] {processor.py:925} INFO - DAG(s) 'kafka_producer' retrieved from /opt/airflow/dags/kafka_load.py
[2026-03-27T08:56:55.865+0000] {logging_mixin.py:190} INFO - [2026-03-27T08:56:55.865+0000] {dag.py:3239} INFO - Sync 1 DAGs
[2026-03-27T08:56:55.887+0000] {logging_mixin.py:190} INFO - [2026-03-27T08:56:55.886+0000] {dag.py:4180} INFO - Setting next_dagrun for kafka_producer to None, run_after=None
[2026-03-27T08:56:55.912+0000] {processor.py:208} INFO - Processing /opt/airflow/dags/kafka_load.py took 0.131 seconds
[2026-03-27T08:57:26.327+0000] {processor.py:186} INFO - Started process (PID=241) to work on /opt/airflow/dags/kafka_load.py
[2026-03-27T08:57:26.328+0000] {processor.py:914} INFO - Processing file /opt/airflow/dags/kafka_load.py for tasks to queue
[2026-03-27T08:57:26.332+0000] {logging_mixin.py:190} INFO - [2026-03-27T08:57:26.331+0000] {dagbag.py:588} INFO - Filling up the DagBag from /opt/airflow/dags/kafka_load.py
[2026-03-27T08:57:26.360+0000] {processor.py:925} INFO - DAG(s) 'kafka_producer' retrieved from /opt/airflow/dags/kafka_load.py
[2026-03-27T08:57:26.399+0000] {logging_mixin.py:190} INFO - [2026-03-27T08:57:26.399+0000] {dag.py:3239} INFO - Sync 1 DAGs
[2026-03-27T08:57:26.418+0000] {logging_mixin.py:190} INFO - [2026-03-27T08:57:26.418+0000] {dag.py:4180} INFO - Setting next_dagrun for kafka_producer to None, run_after=None
[2026-03-27T08:57:26.449+0000] {processor.py:208} INFO - Processing /opt/airflow/dags/kafka_load.py took 0.131 seconds
[2026-03-27T08:57:56.808+0000] {processor.py:186} INFO - Started process (PID=244) to work on /opt/airflow/dags/kafka_load.py
[2026-03-27T08:57:56.809+0000] {processor.py:914} INFO - Processing file /opt/airflow/dags/kafka_load.py for tasks to queue
[2026-03-27T08:57:56.812+0000] {logging_mixin.py:190} INFO - [2026-03-27T08:57:56.812+0000] {dagbag.py:588} INFO - Filling up the DagBag from /opt/airflow/dags/kafka_load.py
[2026-03-27T08:57:56.850+0000] {processor.py:925} INFO - DAG(s) 'kafka_producer' retrieved from /opt/airflow/dags/kafka_load.py
[2026-03-27T08:57:56.887+0000] {logging_mixin.py:190} INFO - [2026-03-27T08:57:56.886+0000] {dag.py:3239} INFO - Sync 1 DAGs
[2026-03-27T08:57:56.906+0000] {logging_mixin.py:190} INFO - [2026-03-27T08:57:56.905+0000] {dag.py:4180} INFO - Setting next_dagrun for kafka_producer to None, run_after=None
[2026-03-27T08:57:56.934+0000] {processor.py:208} INFO - Processing /opt/airflow/dags/kafka_load.py took 0.136 seconds
[2026-03-27T08:58:27.129+0000] {processor.py:186} INFO - Started process (PID=247) to work on /opt/airflow/dags/kafka_load.py
[2026-03-27T08:58:27.130+0000] {processor.py:914} INFO - Processing file /opt/airflow/dags/kafka_load.py for tasks to queue
[2026-03-27T08:58:27.138+0000] {logging_mixin.py:190} INFO - [2026-03-27T08:58:27.137+0000] {dagbag.py:588} INFO - Filling up the DagBag from /opt/airflow/dags/kafka_load.py
[2026-03-27T08:58:27.177+0000] {processor.py:925} INFO - DAG(s) 'kafka_producer' retrieved from /opt/airflow/dags/kafka_load.py
[2026-03-27T08:58:27.218+0000] {logging_mixin.py:190} INFO - [2026-03-27T08:58:27.217+0000] {dag.py:3239} INFO - Sync 1 DAGs
[2026-03-27T08:58:27.241+0000] {logging_mixin.py:190} INFO - [2026-03-27T08:58:27.241+0000] {dag.py:4180} INFO - Setting next_dagrun for kafka_producer to None, run_after=None
[2026-03-27T08:58:27.270+0000] {processor.py:208} INFO - Processing /opt/airflow/dags/kafka_load.py took 0.159 seconds
[2026-03-27T08:58:57.577+0000] {processor.py:186} INFO - Started process (PID=248) to work on /opt/airflow/dags/kafka_load.py
[2026-03-27T08:58:57.579+0000] {processor.py:914} INFO - Processing file /opt/airflow/dags/kafka_load.py for tasks to queue
[2026-03-27T08:58:57.585+0000] {logging_mixin.py:190} INFO - [2026-03-27T08:58:57.584+0000] {dagbag.py:588} INFO - Filling up the DagBag from /opt/airflow/dags/kafka_load.py
[2026-03-27T08:58:57.619+0000] {processor.py:925} INFO - DAG(s) 'kafka_producer' retrieved from /opt/airflow/dags/kafka_load.py
[2026-03-27T08:58:57.659+0000] {logging_mixin.py:190} INFO - [2026-03-27T08:58:57.658+0000] {dag.py:3239} INFO - Sync 1 DAGs
[2026-03-27T08:58:57.682+0000] {logging_mixin.py:190} INFO - [2026-03-27T08:58:57.682+0000] {dag.py:4180} INFO - Setting next_dagrun for kafka_producer to None, run_after=None
[2026-03-27T08:58:57.714+0000] {processor.py:208} INFO - Processing /opt/airflow/dags/kafka_load.py took 0.146 seconds
[2026-03-27T08:59:28.065+0000] {processor.py:186} INFO - Started process (PID=251) to work on /opt/airflow/dags/kafka_load.py
[2026-03-27T08:59:28.067+0000] {processor.py:914} INFO - Processing file /opt/airflow/dags/kafka_load.py for tasks to queue
[2026-03-27T08:59:28.072+0000] {logging_mixin.py:190} INFO - [2026-03-27T08:59:28.071+0000] {dagbag.py:588} INFO - Filling up the DagBag from /opt/airflow/dags/kafka_load.py
[2026-03-27T08:59:28.104+0000] {processor.py:925} INFO - DAG(s) 'kafka_producer' retrieved from /opt/airflow/dags/kafka_load.py
[2026-03-27T08:59:28.142+0000] {logging_mixin.py:190} INFO - [2026-03-27T08:59:28.142+0000] {dag.py:3239} INFO - Sync 1 DAGs
[2026-03-27T08:59:28.165+0000] {logging_mixin.py:190} INFO - [2026-03-27T08:59:28.164+0000] {dag.py:4180} INFO - Setting next_dagrun for kafka_producer to None, run_after=None
[2026-03-27T08:59:28.196+0000] {processor.py:208} INFO - Processing /opt/airflow/dags/kafka_load.py took 0.141 seconds
[2026-03-27T08:59:58.522+0000] {processor.py:186} INFO - Started process (PID=254) to work on /opt/airflow/dags/kafka_load.py
[2026-03-27T08:59:58.523+0000] {processor.py:914} INFO - Processing file /opt/airflow/dags/kafka_load.py for tasks to queue
[2026-03-27T08:59:58.532+0000] {logging_mixin.py:190} INFO - [2026-03-27T08:59:58.532+0000] {dagbag.py:588} INFO - Filling up the DagBag from /opt/airflow/dags/kafka_load.py
[2026-03-27T08:59:58.571+0000] {processor.py:925} INFO - DAG(s) 'kafka_producer' retrieved from /opt/airflow/dags/kafka_load.py
[2026-03-27T08:59:58.608+0000] {logging_mixin.py:190} INFO - [2026-03-27T08:59:58.608+0000] {dag.py:3239} INFO - Sync 1 DAGs
[2026-03-27T08:59:58.627+0000] {logging_mixin.py:190} INFO - [2026-03-27T08:59:58.626+0000] {dag.py:4180} INFO - Setting next_dagrun for kafka_producer to None, run_after=None
[2026-03-27T08:59:58.652+0000] {processor.py:208} INFO - Processing /opt/airflow/dags/kafka_load.py took 0.138 seconds
[2026-03-27T09:00:28.758+0000] {processor.py:186} INFO - Started process (PID=257) to work on /opt/airflow/dags/kafka_load.py
[2026-03-27T09:00:28.760+0000] {processor.py:914} INFO - Processing file /opt/airflow/dags/kafka_load.py for tasks to queue
[2026-03-27T09:00:28.763+0000] {logging_mixin.py:190} INFO - [2026-03-27T09:00:28.763+0000] {dagbag.py:588} INFO - Filling up the DagBag from /opt/airflow/dags/kafka_load.py
[2026-03-27T09:00:28.800+0000] {processor.py:925} INFO - DAG(s) 'kafka_producer' retrieved from /opt/airflow/dags/kafka_load.py
[2026-03-27T09:00:28.836+0000] {logging_mixin.py:190} INFO - [2026-03-27T09:00:28.836+0000] {dag.py:3239} INFO - Sync 1 DAGs
[2026-03-27T09:00:28.855+0000] {logging_mixin.py:190} INFO - [2026-03-27T09:00:28.855+0000] {dag.py:4180} INFO - Setting next_dagrun for kafka_producer to None, run_after=None
[2026-03-27T09:00:28.876+0000] {processor.py:208} INFO - Processing /opt/airflow/dags/kafka_load.py took 0.127 seconds
[2026-03-27T09:00:59.237+0000] {processor.py:186} INFO - Started process (PID=260) to work on /opt/airflow/dags/kafka_load.py
[2026-03-27T09:00:59.240+0000] {processor.py:914} INFO - Processing file /opt/airflow/dags/kafka_load.py for tasks to queue
[2026-03-27T09:00:59.244+0000] {logging_mixin.py:190} INFO - [2026-03-27T09:00:59.243+0000] {dagbag.py:588} INFO - Filling up the DagBag from /opt/airflow/dags/kafka_load.py
[2026-03-27T09:00:59.277+0000] {processor.py:925} INFO - DAG(s) 'kafka_producer' retrieved from /opt/airflow/dags/kafka_load.py
[2026-03-27T09:00:59.310+0000] {logging_mixin.py:190} INFO - [2026-03-27T09:00:59.309+0000] {dag.py:3239} INFO - Sync 1 DAGs
[2026-03-27T09:00:59.329+0000] {logging_mixin.py:190} INFO - [2026-03-27T09:00:59.329+0000] {dag.py:4180} INFO - Setting next_dagrun for kafka_producer to None, run_after=None
[2026-03-27T09:00:59.355+0000] {processor.py:208} INFO - Processing /opt/airflow/dags/kafka_load.py took 0.126 seconds
[2026-03-27T09:01:29.645+0000] {processor.py:186} INFO - Started process (PID=263) to work on /opt/airflow/dags/kafka_load.py
[2026-03-27T09:01:29.647+0000] {processor.py:914} INFO - Processing file /opt/airflow/dags/kafka_load.py for tasks to queue
[2026-03-27T09:01:29.652+0000] {logging_mixin.py:190} INFO - [2026-03-27T09:01:29.651+0000] {dagbag.py:588} INFO - Filling up the DagBag from /opt/airflow/dags/kafka_load.py
[2026-03-27T09:01:29.693+0000] {processor.py:925} INFO - DAG(s) 'kafka_producer' retrieved from /opt/airflow/dags/kafka_load.py
[2026-03-27T09:01:29.725+0000] {logging_mixin.py:190} INFO - [2026-03-27T09:01:29.725+0000] {dag.py:3239} INFO - Sync 1 DAGs
[2026-03-27T09:01:29.746+0000] {logging_mixin.py:190} INFO - [2026-03-27T09:01:29.746+0000] {dag.py:4180} INFO - Setting next_dagrun for kafka_producer to None, run_after=None
[2026-03-27T09:01:29.774+0000] {processor.py:208} INFO - Processing /opt/airflow/dags/kafka_load.py took 0.144 seconds
[2026-03-27T09:02:00.117+0000] {processor.py:186} INFO - Started process (PID=266) to work on /opt/airflow/dags/kafka_load.py
[2026-03-27T09:02:00.118+0000] {processor.py:914} INFO - Processing file /opt/airflow/dags/kafka_load.py for tasks to queue
[2026-03-27T09:02:00.122+0000] {logging_mixin.py:190} INFO - [2026-03-27T09:02:00.122+0000] {dagbag.py:588} INFO - Filling up the DagBag from /opt/airflow/dags/kafka_load.py
[2026-03-27T09:02:00.155+0000] {processor.py:925} INFO - DAG(s) 'kafka_producer' retrieved from /opt/airflow/dags/kafka_load.py
[2026-03-27T09:02:00.196+0000] {logging_mixin.py:190} INFO - [2026-03-27T09:02:00.196+0000] {dag.py:3239} INFO - Sync 1 DAGs
[2026-03-27T09:02:00.219+0000] {logging_mixin.py:190} INFO - [2026-03-27T09:02:00.219+0000] {dag.py:4180} INFO - Setting next_dagrun for kafka_producer to None, run_after=None
[2026-03-27T09:02:00.246+0000] {processor.py:208} INFO - Processing /opt/airflow/dags/kafka_load.py took 0.139 seconds
[2026-03-27T09:02:30.643+0000] {processor.py:186} INFO - Started process (PID=269) to work on /opt/airflow/dags/kafka_load.py
[2026-03-27T09:02:30.644+0000] {processor.py:914} INFO - Processing file /opt/airflow/dags/kafka_load.py for tasks to queue
[2026-03-27T09:02:30.648+0000] {logging_mixin.py:190} INFO - [2026-03-27T09:02:30.648+0000] {dagbag.py:588} INFO - Filling up the DagBag from /opt/airflow/dags/kafka_load.py
[2026-03-27T09:02:30.680+0000] {processor.py:925} INFO - DAG(s) 'kafka_producer' retrieved from /opt/airflow/dags/kafka_load.py
[2026-03-27T09:02:30.718+0000] {logging_mixin.py:190} INFO - [2026-03-27T09:02:30.718+0000] {dag.py:3239} INFO - Sync 1 DAGs
[2026-03-27T09:02:30.739+0000] {logging_mixin.py:190} INFO - [2026-03-27T09:02:30.738+0000] {dag.py:4180} INFO - Setting next_dagrun for kafka_producer to None, run_after=None
[2026-03-27T09:02:30.766+0000] {processor.py:208} INFO - Processing /opt/airflow/dags/kafka_load.py took 0.133 seconds
[2026-03-27T09:03:00.889+0000] {processor.py:186} INFO - Started process (PID=272) to work on /opt/airflow/dags/kafka_load.py
[2026-03-27T09:03:00.890+0000] {processor.py:914} INFO - Processing file /opt/airflow/dags/kafka_load.py for tasks to queue
[2026-03-27T09:03:00.893+0000] {logging_mixin.py:190} INFO - [2026-03-27T09:03:00.893+0000] {dagbag.py:588} INFO - Filling up the DagBag from /opt/airflow/dags/kafka_load.py
[2026-03-27T09:03:00.919+0000] {processor.py:925} INFO - DAG(s) 'kafka_producer' retrieved from /opt/airflow/dags/kafka_load.py
[2026-03-27T09:03:00.956+0000] {logging_mixin.py:190} INFO - [2026-03-27T09:03:00.956+0000] {dag.py:3239} INFO - Sync 1 DAGs
[2026-03-27T09:03:00.978+0000] {logging_mixin.py:190} INFO - [2026-03-27T09:03:00.977+0000] {dag.py:4180} INFO - Setting next_dagrun for kafka_producer to None, run_after=None
[2026-03-27T09:03:01.004+0000] {processor.py:208} INFO - Processing /opt/airflow/dags/kafka_load.py took 0.124 seconds
[2026-03-27T09:03:31.406+0000] {processor.py:186} INFO - Started process (PID=275) to work on /opt/airflow/dags/kafka_load.py
[2026-03-27T09:03:31.422+0000] {processor.py:914} INFO - Processing file /opt/airflow/dags/kafka_load.py for tasks to queue
[2026-03-27T09:03:31.429+0000] {logging_mixin.py:190} INFO - [2026-03-27T09:03:31.428+0000] {dagbag.py:588} INFO - Filling up the DagBag from /opt/airflow/dags/kafka_load.py
[2026-03-27T09:03:31.513+0000] {processor.py:925} INFO - DAG(s) 'kafka_producer' retrieved from /opt/airflow/dags/kafka_load.py
[2026-03-27T09:03:31.556+0000] {logging_mixin.py:190} INFO - [2026-03-27T09:03:31.556+0000] {dag.py:3239} INFO - Sync 1 DAGs
[2026-03-27T09:03:31.573+0000] {logging_mixin.py:190} INFO - [2026-03-27T09:03:31.573+0000] {dag.py:4180} INFO - Setting next_dagrun for kafka_producer to None, run_after=None
[2026-03-27T09:03:31.598+0000] {processor.py:208} INFO - Processing /opt/airflow/dags/kafka_load.py took 0.215 seconds
[2026-03-27T09:04:01.729+0000] {processor.py:186} INFO - Started process (PID=278) to work on /opt/airflow/dags/kafka_load.py
[2026-03-27T09:04:01.731+0000] {processor.py:914} INFO - Processing file /opt/airflow/dags/kafka_load.py for tasks to queue
[2026-03-27T09:04:01.736+0000] {logging_mixin.py:190} INFO - [2026-03-27T09:04:01.735+0000] {dagbag.py:588} INFO - Filling up the DagBag from /opt/airflow/dags/kafka_load.py
[2026-03-27T09:04:01.771+0000] {processor.py:925} INFO - DAG(s) 'kafka_producer' retrieved from /opt/airflow/dags/kafka_load.py
[2026-03-27T09:04:01.805+0000] {logging_mixin.py:190} INFO - [2026-03-27T09:04:01.804+0000] {dag.py:3239} INFO - Sync 1 DAGs
[2026-03-27T09:04:01.822+0000] {logging_mixin.py:190} INFO - [2026-03-27T09:04:01.822+0000] {dag.py:4180} INFO - Setting next_dagrun for kafka_producer to None, run_after=None
[2026-03-27T09:04:01.848+0000] {processor.py:208} INFO - Processing /opt/airflow/dags/kafka_load.py took 0.135 seconds
[2026-03-27T09:04:32.212+0000] {processor.py:186} INFO - Started process (PID=281) to work on /opt/airflow/dags/kafka_load.py
[2026-03-27T09:04:32.214+0000] {processor.py:914} INFO - Processing file /opt/airflow/dags/kafka_load.py for tasks to queue
[2026-03-27T09:04:32.218+0000] {logging_mixin.py:190} INFO - [2026-03-27T09:04:32.217+0000] {dagbag.py:588} INFO - Filling up the DagBag from /opt/airflow/dags/kafka_load.py
[2026-03-27T09:04:32.261+0000] {processor.py:925} INFO - DAG(s) 'kafka_producer' retrieved from /opt/airflow/dags/kafka_load.py
[2026-03-27T09:04:32.303+0000] {logging_mixin.py:190} INFO - [2026-03-27T09:04:32.302+0000] {dag.py:3239} INFO - Sync 1 DAGs
[2026-03-27T09:04:32.328+0000] {logging_mixin.py:190} INFO - [2026-03-27T09:04:32.328+0000] {dag.py:4180} INFO - Setting next_dagrun for kafka_producer to None, run_after=None
[2026-03-27T09:04:32.354+0000] {processor.py:208} INFO - Processing /opt/airflow/dags/kafka_load.py took 0.153 seconds
[2026-03-27T09:05:02.671+0000] {processor.py:186} INFO - Started process (PID=284) to work on /opt/airflow/dags/kafka_load.py
[2026-03-27T09:05:02.672+0000] {processor.py:914} INFO - Processing file /opt/airflow/dags/kafka_load.py for tasks to queue
[2026-03-27T09:05:02.675+0000] {logging_mixin.py:190} INFO - [2026-03-27T09:05:02.675+0000] {dagbag.py:588} INFO - Filling up the DagBag from /opt/airflow/dags/kafka_load.py
[2026-03-27T09:05:02.700+0000] {processor.py:925} INFO - DAG(s) 'kafka_producer' retrieved from /opt/airflow/dags/kafka_load.py
[2026-03-27T09:05:02.732+0000] {logging_mixin.py:190} INFO - [2026-03-27T09:05:02.731+0000] {dag.py:3239} INFO - Sync 1 DAGs
[2026-03-27T09:05:02.753+0000] {logging_mixin.py:190} INFO - [2026-03-27T09:05:02.752+0000] {dag.py:4180} INFO - Setting next_dagrun for kafka_producer to None, run_after=None
[2026-03-27T09:05:02.775+0000] {processor.py:208} INFO - Processing /opt/airflow/dags/kafka_load.py took 0.113 seconds
[2026-03-27T09:05:33.102+0000] {processor.py:186} INFO - Started process (PID=287) to work on /opt/airflow/dags/kafka_load.py
[2026-03-27T09:05:33.103+0000] {processor.py:914} INFO - Processing file /opt/airflow/dags/kafka_load.py for tasks to queue
[2026-03-27T09:05:33.108+0000] {logging_mixin.py:190} INFO - [2026-03-27T09:05:33.108+0000] {dagbag.py:588} INFO - Filling up the DagBag from /opt/airflow/dags/kafka_load.py
[2026-03-27T09:05:33.139+0000] {processor.py:925} INFO - DAG(s) 'kafka_producer' retrieved from /opt/airflow/dags/kafka_load.py
[2026-03-27T09:05:33.178+0000] {logging_mixin.py:190} INFO - [2026-03-27T09:05:33.178+0000] {dag.py:3239} INFO - Sync 1 DAGs
[2026-03-27T09:05:33.202+0000] {logging_mixin.py:190} INFO - [2026-03-27T09:05:33.201+0000] {dag.py:4180} INFO - Setting next_dagrun for kafka_producer to None, run_after=None
[2026-03-27T09:05:33.251+0000] {processor.py:208} INFO - Processing /opt/airflow/dags/kafka_load.py took 0.159 seconds
[2026-03-27T09:06:03.318+0000] {processor.py:186} INFO - Started process (PID=290) to work on /opt/airflow/dags/kafka_load.py
[2026-03-27T09:06:03.320+0000] {processor.py:914} INFO - Processing file /opt/airflow/dags/kafka_load.py for tasks to queue
[2026-03-27T09:06:03.324+0000] {logging_mixin.py:190} INFO - [2026-03-27T09:06:03.324+0000] {dagbag.py:588} INFO - Filling up the DagBag from /opt/airflow/dags/kafka_load.py
[2026-03-27T09:06:03.354+0000] {processor.py:925} INFO - DAG(s) 'kafka_producer' retrieved from /opt/airflow/dags/kafka_load.py
[2026-03-27T09:06:03.386+0000] {logging_mixin.py:190} INFO - [2026-03-27T09:06:03.386+0000] {dag.py:3239} INFO - Sync 1 DAGs
[2026-03-27T09:06:03.406+0000] {logging_mixin.py:190} INFO - [2026-03-27T09:06:03.406+0000] {dag.py:4180} INFO - Setting next_dagrun for kafka_producer to None, run_after=None
[2026-03-27T09:06:03.437+0000] {processor.py:208} INFO - Processing /opt/airflow/dags/kafka_load.py took 0.128 seconds
[2026-03-27T09:06:33.576+0000] {processor.py:186} INFO - Started process (PID=293) to work on /opt/airflow/dags/kafka_load.py
[2026-03-27T09:06:33.578+0000] {processor.py:914} INFO - Processing file /opt/airflow/dags/kafka_load.py for tasks to queue
[2026-03-27T09:06:33.583+0000] {logging_mixin.py:190} INFO - [2026-03-27T09:06:33.582+0000] {dagbag.py:588} INFO - Filling up the DagBag from /opt/airflow/dags/kafka_load.py
[2026-03-27T09:06:33.615+0000] {processor.py:925} INFO - DAG(s) 'kafka_producer' retrieved from /opt/airflow/dags/kafka_load.py
[2026-03-27T09:06:33.651+0000] {logging_mixin.py:190} INFO - [2026-03-27T09:06:33.650+0000] {dag.py:3239} INFO - Sync 1 DAGs
[2026-03-27T09:06:33.668+0000] {logging_mixin.py:190} INFO - [2026-03-27T09:06:33.668+0000] {dag.py:4180} INFO - Setting next_dagrun for kafka_producer to None, run_after=None
[2026-03-27T09:06:33.700+0000] {processor.py:208} INFO - Processing /opt/airflow/dags/kafka_load.py took 0.133 seconds
[2026-03-27T09:07:04.046+0000] {processor.py:186} INFO - Started process (PID=296) to work on /opt/airflow/dags/kafka_load.py
[2026-03-27T09:07:04.048+0000] {processor.py:914} INFO - Processing file /opt/airflow/dags/kafka_load.py for tasks to queue
[2026-03-27T09:07:04.053+0000] {logging_mixin.py:190} INFO - [2026-03-27T09:07:04.053+0000] {dagbag.py:588} INFO - Filling up the DagBag from /opt/airflow/dags/kafka_load.py
[2026-03-27T09:07:04.089+0000] {processor.py:925} INFO - DAG(s) 'kafka_producer' retrieved from /opt/airflow/dags/kafka_load.py
[2026-03-27T09:07:04.128+0000] {logging_mixin.py:190} INFO - [2026-03-27T09:07:04.127+0000] {dag.py:3239} INFO - Sync 1 DAGs
[2026-03-27T09:07:04.148+0000] {logging_mixin.py:190} INFO - [2026-03-27T09:07:04.148+0000] {dag.py:4180} INFO - Setting next_dagrun for kafka_producer to None, run_after=None
[2026-03-27T09:07:04.181+0000] {processor.py:208} INFO - Processing /opt/airflow/dags/kafka_load.py took 0.147 seconds
[2026-03-27T09:07:34.507+0000] {processor.py:186} INFO - Started process (PID=299) to work on /opt/airflow/dags/kafka_load.py
[2026-03-27T09:07:34.510+0000] {processor.py:914} INFO - Processing file /opt/airflow/dags/kafka_load.py for tasks to queue
[2026-03-27T09:07:34.515+0000] {logging_mixin.py:190} INFO - [2026-03-27T09:07:34.514+0000] {dagbag.py:588} INFO - Filling up the DagBag from /opt/airflow/dags/kafka_load.py
[2026-03-27T09:07:34.540+0000] {processor.py:925} INFO - DAG(s) 'kafka_producer' retrieved from /opt/airflow/dags/kafka_load.py
[2026-03-27T09:07:34.577+0000] {logging_mixin.py:190} INFO - [2026-03-27T09:07:34.576+0000] {dag.py:3239} INFO - Sync 1 DAGs
[2026-03-27T09:07:34.595+0000] {logging_mixin.py:190} INFO - [2026-03-27T09:07:34.595+0000] {dag.py:4180} INFO - Setting next_dagrun for kafka_producer to None, run_after=None
[2026-03-27T09:07:34.620+0000] {processor.py:208} INFO - Processing /opt/airflow/dags/kafka_load.py took 0.121 seconds
[2026-03-27T09:08:04.775+0000] {processor.py:186} INFO - Started process (PID=302) to work on /opt/airflow/dags/kafka_load.py
[2026-03-27T09:08:04.778+0000] {processor.py:914} INFO - Processing file /opt/airflow/dags/kafka_load.py for tasks to queue
[2026-03-27T09:08:04.783+0000] {logging_mixin.py:190} INFO - [2026-03-27T09:08:04.783+0000] {dagbag.py:588} INFO - Filling up the DagBag from /opt/airflow/dags/kafka_load.py
[2026-03-27T09:08:04.813+0000] {processor.py:925} INFO - DAG(s) 'kafka_producer' retrieved from /opt/airflow/dags/kafka_load.py
[2026-03-27T09:08:04.857+0000] {logging_mixin.py:190} INFO - [2026-03-27T09:08:04.856+0000] {dag.py:3239} INFO - Sync 1 DAGs
[2026-03-27T09:08:04.879+0000] {logging_mixin.py:190} INFO - [2026-03-27T09:08:04.879+0000] {dag.py:4180} INFO - Setting next_dagrun for kafka_producer to None, run_after=None
[2026-03-27T09:08:04.904+0000] {processor.py:208} INFO - Processing /opt/airflow/dags/kafka_load.py took 0.148 seconds
[2026-03-27T09:08:35.298+0000] {processor.py:186} INFO - Started process (PID=305) to work on /opt/airflow/dags/kafka_load.py
[2026-03-27T09:08:35.299+0000] {processor.py:914} INFO - Processing file /opt/airflow/dags/kafka_load.py for tasks to queue
[2026-03-27T09:08:35.303+0000] {logging_mixin.py:190} INFO - [2026-03-27T09:08:35.302+0000] {dagbag.py:588} INFO - Filling up the DagBag from /opt/airflow/dags/kafka_load.py
[2026-03-27T09:08:35.332+0000] {processor.py:925} INFO - DAG(s) 'kafka_producer' retrieved from /opt/airflow/dags/kafka_load.py
[2026-03-27T09:08:35.375+0000] {logging_mixin.py:190} INFO - [2026-03-27T09:08:35.374+0000] {dag.py:3239} INFO - Sync 1 DAGs
[2026-03-27T09:08:35.402+0000] {logging_mixin.py:190} INFO - [2026-03-27T09:08:35.402+0000] {dag.py:4180} INFO - Setting next_dagrun for kafka_producer to None, run_after=None
[2026-03-27T09:08:35.438+0000] {processor.py:208} INFO - Processing /opt/airflow/dags/kafka_load.py took 0.149 seconds
[2026-03-27T09:09:05.781+0000] {processor.py:186} INFO - Started process (PID=308) to work on /opt/airflow/dags/kafka_load.py
[2026-03-27T09:09:05.783+0000] {processor.py:914} INFO - Processing file /opt/airflow/dags/kafka_load.py for tasks to queue
[2026-03-27T09:09:05.786+0000] {logging_mixin.py:190} INFO - [2026-03-27T09:09:05.786+0000] {dagbag.py:588} INFO - Filling up the DagBag from /opt/airflow/dags/kafka_load.py
[2026-03-27T09:09:05.820+0000] {processor.py:925} INFO - DAG(s) 'kafka_producer' retrieved from /opt/airflow/dags/kafka_load.py
[2026-03-27T09:09:05.865+0000] {logging_mixin.py:190} INFO - [2026-03-27T09:09:05.864+0000] {dag.py:3239} INFO - Sync 1 DAGs
[2026-03-27T09:09:05.884+0000] {logging_mixin.py:190} INFO - [2026-03-27T09:09:05.884+0000] {dag.py:4180} INFO - Setting next_dagrun for kafka_producer to None, run_after=None
[2026-03-27T09:09:05.911+0000] {processor.py:208} INFO - Processing /opt/airflow/dags/kafka_load.py took 0.139 seconds
[2026-03-27T09:09:36.245+0000] {processor.py:186} INFO - Started process (PID=311) to work on /opt/airflow/dags/kafka_load.py
[2026-03-27T09:09:36.247+0000] {processor.py:914} INFO - Processing file /opt/airflow/dags/kafka_load.py for tasks to queue
[2026-03-27T09:09:36.250+0000] {logging_mixin.py:190} INFO - [2026-03-27T09:09:36.249+0000] {dagbag.py:588} INFO - Filling up the DagBag from /opt/airflow/dags/kafka_load.py
[2026-03-27T09:09:36.288+0000] {processor.py:925} INFO - DAG(s) 'kafka_producer' retrieved from /opt/airflow/dags/kafka_load.py
[2026-03-27T09:09:36.322+0000] {logging_mixin.py:190} INFO - [2026-03-27T09:09:36.322+0000] {dag.py:3239} INFO - Sync 1 DAGs
[2026-03-27T09:09:36.341+0000] {logging_mixin.py:190} INFO - [2026-03-27T09:09:36.341+0000] {dag.py:4180} INFO - Setting next_dagrun for kafka_producer to None, run_after=None
[2026-03-27T09:09:36.371+0000] {processor.py:208} INFO - Processing /opt/airflow/dags/kafka_load.py took 0.136 seconds
[2026-03-27T09:10:06.459+0000] {processor.py:186} INFO - Started process (PID=314) to work on /opt/airflow/dags/kafka_load.py
[2026-03-27T09:10:06.461+0000] {processor.py:914} INFO - Processing file /opt/airflow/dags/kafka_load.py for tasks to queue
[2026-03-27T09:10:06.464+0000] {logging_mixin.py:190} INFO - [2026-03-27T09:10:06.464+0000] {dagbag.py:588} INFO - Filling up the DagBag from /opt/airflow/dags/kafka_load.py
[2026-03-27T09:10:06.499+0000] {processor.py:925} INFO - DAG(s) 'kafka_producer' retrieved from /opt/airflow/dags/kafka_load.py
[2026-03-27T09:10:06.533+0000] {logging_mixin.py:190} INFO - [2026-03-27T09:10:06.533+0000] {dag.py:3239} INFO - Sync 1 DAGs
[2026-03-27T09:10:06.551+0000] {logging_mixin.py:190} INFO - [2026-03-27T09:10:06.551+0000] {dag.py:4180} INFO - Setting next_dagrun for kafka_producer to None, run_after=None
[2026-03-27T09:10:06.580+0000] {processor.py:208} INFO - Processing /opt/airflow/dags/kafka_load.py took 0.130 seconds
[2026-03-27T09:10:36.998+0000] {processor.py:186} INFO - Started process (PID=317) to work on /opt/airflow/dags/kafka_load.py
[2026-03-27T09:10:37.004+0000] {processor.py:914} INFO - Processing file /opt/airflow/dags/kafka_load.py for tasks to queue
[2026-03-27T09:10:37.008+0000] {logging_mixin.py:190} INFO - [2026-03-27T09:10:37.008+0000] {dagbag.py:588} INFO - Filling up the DagBag from /opt/airflow/dags/kafka_load.py
[2026-03-27T09:10:37.041+0000] {processor.py:925} INFO - DAG(s) 'kafka_producer' retrieved from /opt/airflow/dags/kafka_load.py
[2026-03-27T09:10:37.079+0000] {logging_mixin.py:190} INFO - [2026-03-27T09:10:37.079+0000] {dag.py:3239} INFO - Sync 1 DAGs
[2026-03-27T09:10:37.100+0000] {logging_mixin.py:190} INFO - [2026-03-27T09:10:37.100+0000] {dag.py:4180} INFO - Setting next_dagrun for kafka_producer to None, run_after=None
[2026-03-27T09:10:37.131+0000] {processor.py:208} INFO - Processing /opt/airflow/dags/kafka_load.py took 0.144 seconds
[2026-03-27T09:11:07.317+0000] {processor.py:186} INFO - Started process (PID=320) to work on /opt/airflow/dags/kafka_load.py
[2026-03-27T09:11:07.319+0000] {processor.py:914} INFO - Processing file /opt/airflow/dags/kafka_load.py for tasks to queue
[2026-03-27T09:11:07.322+0000] {logging_mixin.py:190} INFO - [2026-03-27T09:11:07.322+0000] {dagbag.py:588} INFO - Filling up the DagBag from /opt/airflow/dags/kafka_load.py
[2026-03-27T09:11:07.351+0000] {processor.py:925} INFO - DAG(s) 'kafka_producer' retrieved from /opt/airflow/dags/kafka_load.py
[2026-03-27T09:11:07.385+0000] {logging_mixin.py:190} INFO - [2026-03-27T09:11:07.385+0000] {dag.py:3239} INFO - Sync 1 DAGs
[2026-03-27T09:11:07.405+0000] {logging_mixin.py:190} INFO - [2026-03-27T09:11:07.405+0000] {dag.py:4180} INFO - Setting next_dagrun for kafka_producer to None, run_after=None
[2026-03-27T09:11:07.433+0000] {processor.py:208} INFO - Processing /opt/airflow/dags/kafka_load.py took 0.125 seconds
[2026-03-27T09:12:18.888+0000] {processor.py:186} INFO - Started process (PID=29) to work on /opt/airflow/dags/kafka_load.py
[2026-03-27T09:12:18.893+0000] {processor.py:914} INFO - Processing file /opt/airflow/dags/kafka_load.py for tasks to queue
[2026-03-27T09:12:18.899+0000] {logging_mixin.py:190} INFO - [2026-03-27T09:12:18.897+0000] {dagbag.py:588} INFO - Filling up the DagBag from /opt/airflow/dags/kafka_load.py
[2026-03-27T09:12:18.957+0000] {processor.py:925} INFO - DAG(s) 'kafka_producer' retrieved from /opt/airflow/dags/kafka_load.py
[2026-03-27T09:12:19.422+0000] {logging_mixin.py:190} INFO - [2026-03-27T09:12:19.420+0000] {override.py:1912} INFO - Created Permission View: can delete on DAG:kafka_producer
[2026-03-27T09:12:19.443+0000] {logging_mixin.py:190} INFO - [2026-03-27T09:12:19.443+0000] {override.py:1912} INFO - Created Permission View: can read on DAG:kafka_producer
[2026-03-27T09:12:19.455+0000] {logging_mixin.py:190} INFO - [2026-03-27T09:12:19.455+0000] {override.py:1912} INFO - Created Permission View: can edit on DAG:kafka_producer
[2026-03-27T09:12:19.470+0000] {logging_mixin.py:190} INFO - [2026-03-27T09:12:19.469+0000] {override.py:1912} INFO - Created Permission View: can delete on DAG Run:kafka_producer
[2026-03-27T09:12:19.484+0000] {logging_mixin.py:190} INFO - [2026-03-27T09:12:19.483+0000] {override.py:1912} INFO - Created Permission View: can read on DAG Run:kafka_producer
[2026-03-27T09:12:19.495+0000] {logging_mixin.py:190} INFO - [2026-03-27T09:12:19.495+0000] {override.py:1912} INFO - Created Permission View: menu access on DAG Run:kafka_producer
[2026-03-27T09:12:19.506+0000] {logging_mixin.py:190} INFO - [2026-03-27T09:12:19.505+0000] {override.py:1912} INFO - Created Permission View: can create on DAG Run:kafka_producer
[2026-03-27T09:12:19.507+0000] {logging_mixin.py:190} INFO - [2026-03-27T09:12:19.506+0000] {dag.py:3239} INFO - Sync 1 DAGs
[2026-03-27T09:12:19.542+0000] {logging_mixin.py:190} INFO - [2026-03-27T09:12:19.542+0000] {dag.py:3262} INFO - Creating ORM DAG for kafka_producer
[2026-03-27T09:12:19.544+0000] {logging_mixin.py:190} INFO - [2026-03-27T09:12:19.543+0000] {dag.py:4180} INFO - Setting next_dagrun for kafka_producer to None, run_after=None
[2026-03-27T09:12:19.607+0000] {processor.py:208} INFO - Processing /opt/airflow/dags/kafka_load.py took 0.743 seconds
[2026-03-27T09:12:50.099+0000] {processor.py:186} INFO - Started process (PID=32) to work on /opt/airflow/dags/kafka_load.py
[2026-03-27T09:12:50.104+0000] {processor.py:914} INFO - Processing file /opt/airflow/dags/kafka_load.py for tasks to queue
[2026-03-27T09:12:50.121+0000] {logging_mixin.py:190} INFO - [2026-03-27T09:12:50.120+0000] {dagbag.py:588} INFO - Filling up the DagBag from /opt/airflow/dags/kafka_load.py
[2026-03-27T09:12:50.211+0000] {processor.py:925} INFO - DAG(s) 'kafka_producer' retrieved from /opt/airflow/dags/kafka_load.py
[2026-03-27T09:12:50.310+0000] {logging_mixin.py:190} INFO - [2026-03-27T09:12:50.310+0000] {dag.py:3239} INFO - Sync 1 DAGs
[2026-03-27T09:12:50.349+0000] {logging_mixin.py:190} INFO - [2026-03-27T09:12:50.349+0000] {dag.py:4180} INFO - Setting next_dagrun for kafka_producer to None, run_after=None
[2026-03-27T09:12:50.382+0000] {processor.py:208} INFO - Processing /opt/airflow/dags/kafka_load.py took 0.328 seconds
[2026-03-27T09:13:21.051+0000] {processor.py:186} INFO - Started process (PID=35) to work on /opt/airflow/dags/kafka_load.py
[2026-03-27T09:13:21.052+0000] {processor.py:914} INFO - Processing file /opt/airflow/dags/kafka_load.py for tasks to queue
[2026-03-27T09:13:21.057+0000] {logging_mixin.py:190} INFO - [2026-03-27T09:13:21.057+0000] {dagbag.py:588} INFO - Filling up the DagBag from /opt/airflow/dags/kafka_load.py
[2026-03-27T09:13:21.097+0000] {processor.py:925} INFO - DAG(s) 'kafka_producer' retrieved from /opt/airflow/dags/kafka_load.py
[2026-03-27T09:13:21.136+0000] {logging_mixin.py:190} INFO - [2026-03-27T09:13:21.136+0000] {dag.py:3239} INFO - Sync 1 DAGs
[2026-03-27T09:13:21.157+0000] {logging_mixin.py:190} INFO - [2026-03-27T09:13:21.157+0000] {dag.py:4180} INFO - Setting next_dagrun for kafka_producer to None, run_after=None
[2026-03-27T09:13:21.200+0000] {processor.py:208} INFO - Processing /opt/airflow/dags/kafka_load.py took 0.158 seconds
[2026-03-27T09:13:51.570+0000] {processor.py:186} INFO - Started process (PID=38) to work on /opt/airflow/dags/kafka_load.py
[2026-03-27T09:13:51.572+0000] {processor.py:914} INFO - Processing file /opt/airflow/dags/kafka_load.py for tasks to queue
[2026-03-27T09:13:51.576+0000] {logging_mixin.py:190} INFO - [2026-03-27T09:13:51.576+0000] {dagbag.py:588} INFO - Filling up the DagBag from /opt/airflow/dags/kafka_load.py
[2026-03-27T09:13:51.617+0000] {processor.py:925} INFO - DAG(s) 'kafka_producer' retrieved from /opt/airflow/dags/kafka_load.py
[2026-03-27T09:13:51.658+0000] {logging_mixin.py:190} INFO - [2026-03-27T09:13:51.658+0000] {dag.py:3239} INFO - Sync 1 DAGs
[2026-03-27T09:13:51.683+0000] {logging_mixin.py:190} INFO - [2026-03-27T09:13:51.683+0000] {dag.py:4180} INFO - Setting next_dagrun for kafka_producer to None, run_after=None
[2026-03-27T09:13:51.713+0000] {processor.py:208} INFO - Processing /opt/airflow/dags/kafka_load.py took 0.153 seconds
[2026-03-27T09:14:21.898+0000] {processor.py:186} INFO - Started process (PID=41) to work on /opt/airflow/dags/kafka_load.py
[2026-03-27T09:14:21.900+0000] {processor.py:914} INFO - Processing file /opt/airflow/dags/kafka_load.py for tasks to queue
[2026-03-27T09:14:21.904+0000] {logging_mixin.py:190} INFO - [2026-03-27T09:14:21.903+0000] {dagbag.py:588} INFO - Filling up the DagBag from /opt/airflow/dags/kafka_load.py
[2026-03-27T09:14:21.946+0000] {processor.py:925} INFO - DAG(s) 'kafka_producer' retrieved from /opt/airflow/dags/kafka_load.py
[2026-03-27T09:14:21.990+0000] {logging_mixin.py:190} INFO - [2026-03-27T09:14:21.989+0000] {dag.py:3239} INFO - Sync 1 DAGs
[2026-03-27T09:14:22.022+0000] {logging_mixin.py:190} INFO - [2026-03-27T09:14:22.021+0000] {dag.py:4180} INFO - Setting next_dagrun for kafka_producer to None, run_after=None
[2026-03-27T09:14:22.057+0000] {processor.py:208} INFO - Processing /opt/airflow/dags/kafka_load.py took 0.168 seconds
[2026-03-27T09:14:52.470+0000] {processor.py:186} INFO - Started process (PID=44) to work on /opt/airflow/dags/kafka_load.py
[2026-03-27T09:14:52.471+0000] {processor.py:914} INFO - Processing file /opt/airflow/dags/kafka_load.py for tasks to queue
[2026-03-27T09:14:52.477+0000] {logging_mixin.py:190} INFO - [2026-03-27T09:14:52.477+0000] {dagbag.py:588} INFO - Filling up the DagBag from /opt/airflow/dags/kafka_load.py
[2026-03-27T09:14:52.518+0000] {processor.py:925} INFO - DAG(s) 'kafka_producer' retrieved from /opt/airflow/dags/kafka_load.py
[2026-03-27T09:14:52.578+0000] {logging_mixin.py:190} INFO - [2026-03-27T09:14:52.578+0000] {dag.py:3239} INFO - Sync 1 DAGs
[2026-03-27T09:14:52.601+0000] {logging_mixin.py:190} INFO - [2026-03-27T09:14:52.601+0000] {dag.py:4180} INFO - Setting next_dagrun for kafka_producer to None, run_after=None
[2026-03-27T09:14:52.638+0000] {processor.py:208} INFO - Processing /opt/airflow/dags/kafka_load.py took 0.178 seconds
[2026-03-27T09:15:22.800+0000] {processor.py:186} INFO - Started process (PID=47) to work on /opt/airflow/dags/kafka_load.py
[2026-03-27T09:15:22.803+0000] {processor.py:914} INFO - Processing file /opt/airflow/dags/kafka_load.py for tasks to queue
[2026-03-27T09:15:22.811+0000] {logging_mixin.py:190} INFO - [2026-03-27T09:15:22.810+0000] {dagbag.py:588} INFO - Filling up the DagBag from /opt/airflow/dags/kafka_load.py
[2026-03-27T09:15:22.874+0000] {processor.py:925} INFO - DAG(s) 'kafka_producer' retrieved from /opt/airflow/dags/kafka_load.py
[2026-03-27T09:15:22.920+0000] {logging_mixin.py:190} INFO - [2026-03-27T09:15:22.920+0000] {dag.py:3239} INFO - Sync 1 DAGs
[2026-03-27T09:15:22.942+0000] {logging_mixin.py:190} INFO - [2026-03-27T09:15:22.942+0000] {dag.py:4180} INFO - Setting next_dagrun for kafka_producer to None, run_after=None
[2026-03-27T09:15:22.970+0000] {processor.py:208} INFO - Processing /opt/airflow/dags/kafka_load.py took 0.186 seconds
[2026-03-27T09:15:53.103+0000] {processor.py:186} INFO - Started process (PID=50) to work on /opt/airflow/dags/kafka_load.py
[2026-03-27T09:15:53.105+0000] {processor.py:914} INFO - Processing file /opt/airflow/dags/kafka_load.py for tasks to queue
[2026-03-27T09:15:53.109+0000] {logging_mixin.py:190} INFO - [2026-03-27T09:15:53.108+0000] {dagbag.py:588} INFO - Filling up the DagBag from /opt/airflow/dags/kafka_load.py
[2026-03-27T09:15:53.164+0000] {processor.py:925} INFO - DAG(s) 'kafka_producer' retrieved from /opt/airflow/dags/kafka_load.py
[2026-03-27T09:15:53.202+0000] {logging_mixin.py:190} INFO - [2026-03-27T09:15:53.202+0000] {dag.py:3239} INFO - Sync 1 DAGs
[2026-03-27T09:15:53.224+0000] {logging_mixin.py:190} INFO - [2026-03-27T09:15:53.223+0000] {dag.py:4180} INFO - Setting next_dagrun for kafka_producer to None, run_after=None
[2026-03-27T09:15:53.267+0000] {processor.py:208} INFO - Processing /opt/airflow/dags/kafka_load.py took 0.180 seconds
[2026-03-27T09:16:23.411+0000] {processor.py:186} INFO - Started process (PID=53) to work on /opt/airflow/dags/kafka_load.py
[2026-03-27T09:16:23.412+0000] {processor.py:914} INFO - Processing file /opt/airflow/dags/kafka_load.py for tasks to queue
[2026-03-27T09:16:23.416+0000] {logging_mixin.py:190} INFO - [2026-03-27T09:16:23.416+0000] {dagbag.py:588} INFO - Filling up the DagBag from /opt/airflow/dags/kafka_load.py
[2026-03-27T09:16:23.442+0000] {processor.py:925} INFO - DAG(s) 'kafka_producer' retrieved from /opt/airflow/dags/kafka_load.py
[2026-03-27T09:16:23.477+0000] {logging_mixin.py:190} INFO - [2026-03-27T09:16:23.476+0000] {dag.py:3239} INFO - Sync 1 DAGs
[2026-03-27T09:16:23.494+0000] {logging_mixin.py:190} INFO - [2026-03-27T09:16:23.494+0000] {dag.py:4180} INFO - Setting next_dagrun for kafka_producer to None, run_after=None
[2026-03-27T09:16:23.522+0000] {processor.py:208} INFO - Processing /opt/airflow/dags/kafka_load.py took 0.120 seconds
[2026-03-27T09:16:53.886+0000] {processor.py:186} INFO - Started process (PID=56) to work on /opt/airflow/dags/kafka_load.py
[2026-03-27T09:16:53.888+0000] {processor.py:914} INFO - Processing file /opt/airflow/dags/kafka_load.py for tasks to queue
[2026-03-27T09:16:53.892+0000] {logging_mixin.py:190} INFO - [2026-03-27T09:16:53.892+0000] {dagbag.py:588} INFO - Filling up the DagBag from /opt/airflow/dags/kafka_load.py
[2026-03-27T09:16:53.928+0000] {processor.py:925} INFO - DAG(s) 'kafka_producer' retrieved from /opt/airflow/dags/kafka_load.py
[2026-03-27T09:16:53.963+0000] {logging_mixin.py:190} INFO - [2026-03-27T09:16:53.963+0000] {dag.py:3239} INFO - Sync 1 DAGs
[2026-03-27T09:16:53.984+0000] {logging_mixin.py:190} INFO - [2026-03-27T09:16:53.984+0000] {dag.py:4180} INFO - Setting next_dagrun for kafka_producer to None, run_after=None
[2026-03-27T09:16:54.012+0000] {processor.py:208} INFO - Processing /opt/airflow/dags/kafka_load.py took 0.136 seconds
[2026-03-27T09:17:24.075+0000] {processor.py:186} INFO - Started process (PID=59) to work on /opt/airflow/dags/kafka_load.py
[2026-03-27T09:17:24.077+0000] {processor.py:914} INFO - Processing file /opt/airflow/dags/kafka_load.py for tasks to queue
[2026-03-27T09:17:24.081+0000] {logging_mixin.py:190} INFO - [2026-03-27T09:17:24.080+0000] {dagbag.py:588} INFO - Filling up the DagBag from /opt/airflow/dags/kafka_load.py
[2026-03-27T09:17:24.109+0000] {processor.py:925} INFO - DAG(s) 'kafka_producer' retrieved from /opt/airflow/dags/kafka_load.py
[2026-03-27T09:17:24.145+0000] {logging_mixin.py:190} INFO - [2026-03-27T09:17:24.144+0000] {dag.py:3239} INFO - Sync 1 DAGs
[2026-03-27T09:17:24.165+0000] {logging_mixin.py:190} INFO - [2026-03-27T09:17:24.164+0000] {dag.py:4180} INFO - Setting next_dagrun for kafka_producer to None, run_after=None
[2026-03-27T09:17:24.193+0000] {processor.py:208} INFO - Processing /opt/airflow/dags/kafka_load.py took 0.126 seconds
[2026-03-27T09:17:54.358+0000] {processor.py:186} INFO - Started process (PID=62) to work on /opt/airflow/dags/kafka_load.py
[2026-03-27T09:17:54.359+0000] {processor.py:914} INFO - Processing file /opt/airflow/dags/kafka_load.py for tasks to queue
[2026-03-27T09:17:54.363+0000] {logging_mixin.py:190} INFO - [2026-03-27T09:17:54.362+0000] {dagbag.py:588} INFO - Filling up the DagBag from /opt/airflow/dags/kafka_load.py
[2026-03-27T09:17:54.414+0000] {processor.py:925} INFO - DAG(s) 'kafka_producer' retrieved from /opt/airflow/dags/kafka_load.py
[2026-03-27T09:17:54.468+0000] {logging_mixin.py:190} INFO - [2026-03-27T09:17:54.467+0000] {dag.py:3239} INFO - Sync 1 DAGs
[2026-03-27T09:17:54.486+0000] {logging_mixin.py:190} INFO - [2026-03-27T09:17:54.485+0000] {dag.py:4180} INFO - Setting next_dagrun for kafka_producer to None, run_after=None
[2026-03-27T09:17:54.509+0000] {processor.py:208} INFO - Processing /opt/airflow/dags/kafka_load.py took 0.161 seconds
[2026-03-27T09:18:24.691+0000] {processor.py:186} INFO - Started process (PID=65) to work on /opt/airflow/dags/kafka_load.py
[2026-03-27T09:18:24.693+0000] {processor.py:914} INFO - Processing file /opt/airflow/dags/kafka_load.py for tasks to queue
[2026-03-27T09:18:24.696+0000] {logging_mixin.py:190} INFO - [2026-03-27T09:18:24.696+0000] {dagbag.py:588} INFO - Filling up the DagBag from /opt/airflow/dags/kafka_load.py
[2026-03-27T09:18:24.730+0000] {processor.py:925} INFO - DAG(s) 'kafka_producer' retrieved from /opt/airflow/dags/kafka_load.py
[2026-03-27T09:18:24.771+0000] {logging_mixin.py:190} INFO - [2026-03-27T09:18:24.771+0000] {dag.py:3239} INFO - Sync 1 DAGs
[2026-03-27T09:18:24.794+0000] {logging_mixin.py:190} INFO - [2026-03-27T09:18:24.793+0000] {dag.py:4180} INFO - Setting next_dagrun for kafka_producer to None, run_after=None
[2026-03-27T09:18:24.819+0000] {processor.py:208} INFO - Processing /opt/airflow/dags/kafka_load.py took 0.139 seconds
[2026-03-27T09:18:55.165+0000] {processor.py:186} INFO - Started process (PID=68) to work on /opt/airflow/dags/kafka_load.py
[2026-03-27T09:18:55.167+0000] {processor.py:914} INFO - Processing file /opt/airflow/dags/kafka_load.py for tasks to queue
[2026-03-27T09:18:55.171+0000] {logging_mixin.py:190} INFO - [2026-03-27T09:18:55.170+0000] {dagbag.py:588} INFO - Filling up the DagBag from /opt/airflow/dags/kafka_load.py
[2026-03-27T09:18:55.206+0000] {processor.py:925} INFO - DAG(s) 'kafka_producer' retrieved from /opt/airflow/dags/kafka_load.py
[2026-03-27T09:18:55.243+0000] {logging_mixin.py:190} INFO - [2026-03-27T09:18:55.243+0000] {dag.py:3239} INFO - Sync 1 DAGs
[2026-03-27T09:18:55.263+0000] {logging_mixin.py:190} INFO - [2026-03-27T09:18:55.263+0000] {dag.py:4180} INFO - Setting next_dagrun for kafka_producer to None, run_after=None
[2026-03-27T09:18:55.298+0000] {processor.py:208} INFO - Processing /opt/airflow/dags/kafka_load.py took 0.141 seconds
[2026-03-27T09:19:25.543+0000] {processor.py:186} INFO - Started process (PID=71) to work on /opt/airflow/dags/kafka_load.py
[2026-03-27T09:19:25.544+0000] {processor.py:914} INFO - Processing file /opt/airflow/dags/kafka_load.py for tasks to queue
[2026-03-27T09:19:25.547+0000] {logging_mixin.py:190} INFO - [2026-03-27T09:19:25.547+0000] {dagbag.py:588} INFO - Filling up the DagBag from /opt/airflow/dags/kafka_load.py
[2026-03-27T09:19:25.577+0000] {processor.py:925} INFO - DAG(s) 'kafka_producer' retrieved from /opt/airflow/dags/kafka_load.py
[2026-03-27T09:19:25.612+0000] {logging_mixin.py:190} INFO - [2026-03-27T09:19:25.612+0000] {dag.py:3239} INFO - Sync 1 DAGs
[2026-03-27T09:19:25.633+0000] {logging_mixin.py:190} INFO - [2026-03-27T09:19:25.632+0000] {dag.py:4180} INFO - Setting next_dagrun for kafka_producer to None, run_after=None
[2026-03-27T09:19:25.661+0000] {processor.py:208} INFO - Processing /opt/airflow/dags/kafka_load.py took 0.130 seconds
[2026-03-27T09:19:55.999+0000] {processor.py:186} INFO - Started process (PID=74) to work on /opt/airflow/dags/kafka_load.py
[2026-03-27T09:19:56.000+0000] {processor.py:914} INFO - Processing file /opt/airflow/dags/kafka_load.py for tasks to queue
[2026-03-27T09:19:56.006+0000] {logging_mixin.py:190} INFO - [2026-03-27T09:19:56.006+0000] {dagbag.py:588} INFO - Filling up the DagBag from /opt/airflow/dags/kafka_load.py
[2026-03-27T09:19:56.033+0000] {processor.py:925} INFO - DAG(s) 'kafka_producer' retrieved from /opt/airflow/dags/kafka_load.py
[2026-03-27T09:19:56.072+0000] {logging_mixin.py:190} INFO - [2026-03-27T09:19:56.071+0000] {dag.py:3239} INFO - Sync 1 DAGs
[2026-03-27T09:19:56.093+0000] {logging_mixin.py:190} INFO - [2026-03-27T09:19:56.092+0000] {dag.py:4180} INFO - Setting next_dagrun for kafka_producer to None, run_after=None
[2026-03-27T09:19:56.133+0000] {processor.py:208} INFO - Processing /opt/airflow/dags/kafka_load.py took 0.142 seconds
[2026-03-27T09:20:26.541+0000] {processor.py:186} INFO - Started process (PID=77) to work on /opt/airflow/dags/kafka_load.py
[2026-03-27T09:20:26.543+0000] {processor.py:914} INFO - Processing file /opt/airflow/dags/kafka_load.py for tasks to queue
[2026-03-27T09:20:26.548+0000] {logging_mixin.py:190} INFO - [2026-03-27T09:20:26.548+0000] {dagbag.py:588} INFO - Filling up the DagBag from /opt/airflow/dags/kafka_load.py
[2026-03-27T09:20:26.580+0000] {processor.py:925} INFO - DAG(s) 'kafka_producer' retrieved from /opt/airflow/dags/kafka_load.py
[2026-03-27T09:20:26.613+0000] {logging_mixin.py:190} INFO - [2026-03-27T09:20:26.612+0000] {dag.py:3239} INFO - Sync 1 DAGs
[2026-03-27T09:20:26.630+0000] {logging_mixin.py:190} INFO - [2026-03-27T09:20:26.630+0000] {dag.py:4180} INFO - Setting next_dagrun for kafka_producer to None, run_after=None
[2026-03-27T09:20:26.657+0000] {processor.py:208} INFO - Processing /opt/airflow/dags/kafka_load.py took 0.137 seconds
[2026-03-27T09:21:51.343+0000] {processor.py:186} INFO - Started process (PID=29) to work on /opt/airflow/dags/kafka_load.py
[2026-03-27T09:21:51.362+0000] {processor.py:914} INFO - Processing file /opt/airflow/dags/kafka_load.py for tasks to queue
[2026-03-27T09:21:51.373+0000] {logging_mixin.py:190} INFO - [2026-03-27T09:21:51.372+0000] {dagbag.py:588} INFO - Filling up the DagBag from /opt/airflow/dags/kafka_load.py
[2026-03-27T09:21:51.433+0000] {processor.py:925} INFO - DAG(s) 'kafka_producer' retrieved from /opt/airflow/dags/kafka_load.py
[2026-03-27T09:21:51.831+0000] {logging_mixin.py:190} INFO - [2026-03-27T09:21:51.830+0000] {override.py:1912} INFO - Created Permission View: can delete on DAG:kafka_producer
[2026-03-27T09:21:51.849+0000] {logging_mixin.py:190} INFO - [2026-03-27T09:21:51.848+0000] {override.py:1912} INFO - Created Permission View: can edit on DAG:kafka_producer
[2026-03-27T09:21:51.860+0000] {logging_mixin.py:190} INFO - [2026-03-27T09:21:51.860+0000] {override.py:1912} INFO - Created Permission View: can read on DAG:kafka_producer
[2026-03-27T09:21:51.875+0000] {logging_mixin.py:190} INFO - [2026-03-27T09:21:51.874+0000] {override.py:1912} INFO - Created Permission View: menu access on DAG Run:kafka_producer
[2026-03-27T09:21:51.887+0000] {logging_mixin.py:190} INFO - [2026-03-27T09:21:51.886+0000] {override.py:1912} INFO - Created Permission View: can delete on DAG Run:kafka_producer
[2026-03-27T09:21:51.898+0000] {logging_mixin.py:190} INFO - [2026-03-27T09:21:51.897+0000] {override.py:1912} INFO - Created Permission View: can create on DAG Run:kafka_producer
[2026-03-27T09:21:51.909+0000] {logging_mixin.py:190} INFO - [2026-03-27T09:21:51.909+0000] {override.py:1912} INFO - Created Permission View: can read on DAG Run:kafka_producer
[2026-03-27T09:21:51.910+0000] {logging_mixin.py:190} INFO - [2026-03-27T09:21:51.910+0000] {dag.py:3239} INFO - Sync 1 DAGs
[2026-03-27T09:21:51.931+0000] {logging_mixin.py:190} INFO - [2026-03-27T09:21:51.930+0000] {dag.py:3262} INFO - Creating ORM DAG for kafka_producer
[2026-03-27T09:21:51.932+0000] {logging_mixin.py:190} INFO - [2026-03-27T09:21:51.932+0000] {dag.py:4180} INFO - Setting next_dagrun for kafka_producer to None, run_after=None
[2026-03-27T09:21:52.003+0000] {processor.py:208} INFO - Processing /opt/airflow/dags/kafka_load.py took 0.716 seconds
[2026-03-27T09:22:22.191+0000] {processor.py:186} INFO - Started process (PID=32) to work on /opt/airflow/dags/kafka_load.py
[2026-03-27T09:22:22.192+0000] {processor.py:914} INFO - Processing file /opt/airflow/dags/kafka_load.py for tasks to queue
[2026-03-27T09:22:22.196+0000] {logging_mixin.py:190} INFO - [2026-03-27T09:22:22.196+0000] {dagbag.py:588} INFO - Filling up the DagBag from /opt/airflow/dags/kafka_load.py
[2026-03-27T09:22:22.231+0000] {processor.py:925} INFO - DAG(s) 'kafka_producer' retrieved from /opt/airflow/dags/kafka_load.py
[2026-03-27T09:22:22.275+0000] {logging_mixin.py:190} INFO - [2026-03-27T09:22:22.275+0000] {dag.py:3239} INFO - Sync 1 DAGs
[2026-03-27T09:22:22.301+0000] {logging_mixin.py:190} INFO - [2026-03-27T09:22:22.301+0000] {dag.py:4180} INFO - Setting next_dagrun for kafka_producer to None, run_after=None
[2026-03-27T09:22:22.331+0000] {processor.py:208} INFO - Processing /opt/airflow/dags/kafka_load.py took 0.152 seconds
[2026-03-27T09:22:52.660+0000] {processor.py:186} INFO - Started process (PID=35) to work on /opt/airflow/dags/kafka_load.py
[2026-03-27T09:22:52.661+0000] {processor.py:914} INFO - Processing file /opt/airflow/dags/kafka_load.py for tasks to queue
[2026-03-27T09:22:52.664+0000] {logging_mixin.py:190} INFO - [2026-03-27T09:22:52.664+0000] {dagbag.py:588} INFO - Filling up the DagBag from /opt/airflow/dags/kafka_load.py
[2026-03-27T09:22:52.700+0000] {processor.py:925} INFO - DAG(s) 'kafka_producer' retrieved from /opt/airflow/dags/kafka_load.py
[2026-03-27T09:22:52.760+0000] {logging_mixin.py:190} INFO - [2026-03-27T09:22:52.759+0000] {dag.py:3239} INFO - Sync 1 DAGs
[2026-03-27T09:22:52.811+0000] {logging_mixin.py:190} INFO - [2026-03-27T09:22:52.811+0000] {dag.py:4180} INFO - Setting next_dagrun for kafka_producer to None, run_after=None
[2026-03-27T09:22:52.850+0000] {processor.py:208} INFO - Processing /opt/airflow/dags/kafka_load.py took 0.201 seconds
[2026-03-27T09:23:23.013+0000] {processor.py:186} INFO - Started process (PID=38) to work on /opt/airflow/dags/kafka_load.py
[2026-03-27T09:23:23.014+0000] {processor.py:914} INFO - Processing file /opt/airflow/dags/kafka_load.py for tasks to queue
[2026-03-27T09:23:23.017+0000] {logging_mixin.py:190} INFO - [2026-03-27T09:23:23.017+0000] {dagbag.py:588} INFO - Filling up the DagBag from /opt/airflow/dags/kafka_load.py
[2026-03-27T09:23:23.060+0000] {processor.py:925} INFO - DAG(s) 'kafka_producer' retrieved from /opt/airflow/dags/kafka_load.py
[2026-03-27T09:23:23.103+0000] {logging_mixin.py:190} INFO - [2026-03-27T09:23:23.103+0000] {dag.py:3239} INFO - Sync 1 DAGs
[2026-03-27T09:23:23.125+0000] {logging_mixin.py:190} INFO - [2026-03-27T09:23:23.125+0000] {dag.py:4180} INFO - Setting next_dagrun for kafka_producer to None, run_after=None
[2026-03-27T09:23:23.155+0000] {processor.py:208} INFO - Processing /opt/airflow/dags/kafka_load.py took 0.150 seconds
[2026-03-27T09:23:53.499+0000] {processor.py:186} INFO - Started process (PID=41) to work on /opt/airflow/dags/kafka_load.py
[2026-03-27T09:23:53.501+0000] {processor.py:914} INFO - Processing file /opt/airflow/dags/kafka_load.py for tasks to queue
[2026-03-27T09:23:53.505+0000] {logging_mixin.py:190} INFO - [2026-03-27T09:23:53.505+0000] {dagbag.py:588} INFO - Filling up the DagBag from /opt/airflow/dags/kafka_load.py
[2026-03-27T09:23:53.547+0000] {processor.py:925} INFO - DAG(s) 'kafka_producer' retrieved from /opt/airflow/dags/kafka_load.py
[2026-03-27T09:23:53.585+0000] {logging_mixin.py:190} INFO - [2026-03-27T09:23:53.584+0000] {dag.py:3239} INFO - Sync 1 DAGs
[2026-03-27T09:23:53.606+0000] {logging_mixin.py:190} INFO - [2026-03-27T09:23:53.606+0000] {dag.py:4180} INFO - Setting next_dagrun for kafka_producer to None, run_after=None
[2026-03-27T09:23:53.629+0000] {processor.py:208} INFO - Processing /opt/airflow/dags/kafka_load.py took 0.139 seconds
[2026-03-27T09:24:15.709+0000] {processor.py:186} INFO - Started process (PID=44) to work on /opt/airflow/dags/kafka_load.py
[2026-03-27T09:24:15.722+0000] {processor.py:914} INFO - Processing file /opt/airflow/dags/kafka_load.py for tasks to queue
[2026-03-27T09:24:15.731+0000] {logging_mixin.py:190} INFO - [2026-03-27T09:24:15.730+0000] {dagbag.py:588} INFO - Filling up the DagBag from /opt/airflow/dags/kafka_load.py
[2026-03-27T09:24:15.819+0000] {processor.py:925} INFO - DAG(s) 'kafka_producer' retrieved from /opt/airflow/dags/kafka_load.py
[2026-03-27T09:24:15.884+0000] {logging_mixin.py:190} INFO - [2026-03-27T09:24:15.884+0000] {dag.py:3239} INFO - Sync 1 DAGs
[2026-03-27T09:24:15.934+0000] {logging_mixin.py:190} INFO - [2026-03-27T09:24:15.933+0000] {dag.py:4180} INFO - Setting next_dagrun for kafka_producer to None, run_after=None
[2026-03-27T09:24:15.986+0000] {processor.py:208} INFO - Processing /opt/airflow/dags/kafka_load.py took 0.312 seconds
[2026-03-27T09:24:46.049+0000] {processor.py:186} INFO - Started process (PID=47) to work on /opt/airflow/dags/kafka_load.py
[2026-03-27T09:24:46.051+0000] {processor.py:914} INFO - Processing file /opt/airflow/dags/kafka_load.py for tasks to queue
[2026-03-27T09:24:46.055+0000] {logging_mixin.py:190} INFO - [2026-03-27T09:24:46.054+0000] {dagbag.py:588} INFO - Filling up the DagBag from /opt/airflow/dags/kafka_load.py
[2026-03-27T09:24:46.096+0000] {processor.py:925} INFO - DAG(s) 'kafka_producer' retrieved from /opt/airflow/dags/kafka_load.py
[2026-03-27T09:24:46.133+0000] {logging_mixin.py:190} INFO - [2026-03-27T09:24:46.132+0000] {dag.py:3239} INFO - Sync 1 DAGs
[2026-03-27T09:24:46.152+0000] {logging_mixin.py:190} INFO - [2026-03-27T09:24:46.151+0000] {dag.py:4180} INFO - Setting next_dagrun for kafka_producer to None, run_after=None
[2026-03-27T09:24:46.181+0000] {processor.py:208} INFO - Processing /opt/airflow/dags/kafka_load.py took 0.143 seconds
