[2026-04-21T04:36:56.000+0000] {processor.py:186} INFO - Started process (PID=29) to work on /opt/airflow/dags/kafka_load.py
[2026-04-21T04:36:56.007+0000] {processor.py:914} INFO - Processing file /opt/airflow/dags/kafka_load.py for tasks to queue
[2026-04-21T04:36:56.017+0000] {logging_mixin.py:190} INFO - [2026-04-21T04:36:56.016+0000] {dagbag.py:588} INFO - Filling up the DagBag from /opt/airflow/dags/kafka_load.py
[2026-04-21T04:36:56.145+0000] {processor.py:925} INFO - DAG(s) 'kafka_producer' retrieved from /opt/airflow/dags/kafka_load.py
[2026-04-21T04:36:56.524+0000] {logging_mixin.py:190} INFO - [2026-04-21T04:36:56.523+0000] {override.py:1912} INFO - Created Permission View: can read on DAG:kafka_producer
[2026-04-21T04:36:56.542+0000] {logging_mixin.py:190} INFO - [2026-04-21T04:36:56.542+0000] {override.py:1912} INFO - Created Permission View: can delete on DAG:kafka_producer
[2026-04-21T04:36:56.557+0000] {logging_mixin.py:190} INFO - [2026-04-21T04:36:56.556+0000] {override.py:1912} INFO - Created Permission View: can edit on DAG:kafka_producer
[2026-04-21T04:36:56.581+0000] {logging_mixin.py:190} INFO - [2026-04-21T04:36:56.579+0000] {override.py:1912} INFO - Created Permission View: can read on DAG Run:kafka_producer
[2026-04-21T04:36:56.594+0000] {logging_mixin.py:190} INFO - [2026-04-21T04:36:56.594+0000] {override.py:1912} INFO - Created Permission View: menu access on DAG Run:kafka_producer
[2026-04-21T04:36:56.610+0000] {logging_mixin.py:190} INFO - [2026-04-21T04:36:56.610+0000] {override.py:1912} INFO - Created Permission View: can create on DAG Run:kafka_producer
[2026-04-21T04:36:56.628+0000] {logging_mixin.py:190} INFO - [2026-04-21T04:36:56.628+0000] {override.py:1912} INFO - Created Permission View: can delete on DAG Run:kafka_producer
[2026-04-21T04:36:56.629+0000] {logging_mixin.py:190} INFO - [2026-04-21T04:36:56.629+0000] {dag.py:3239} INFO - Sync 1 DAGs
[2026-04-21T04:36:56.657+0000] {logging_mixin.py:190} INFO - [2026-04-21T04:36:56.657+0000] {dag.py:3262} INFO - Creating ORM DAG for kafka_producer
[2026-04-21T04:36:56.680+0000] {logging_mixin.py:190} INFO - [2026-04-21T04:36:56.679+0000] {dag.py:4180} INFO - Setting next_dagrun for kafka_producer to 2026-04-19 18:30:00+00:00, run_after=2026-04-20 18:30:00+00:00
[2026-04-21T04:36:56.728+0000] {processor.py:208} INFO - Processing /opt/airflow/dags/kafka_load.py took 0.744 seconds
[2026-04-21T04:37:27.330+0000] {processor.py:186} INFO - Started process (PID=32) to work on /opt/airflow/dags/kafka_load.py
[2026-04-21T04:37:27.333+0000] {processor.py:914} INFO - Processing file /opt/airflow/dags/kafka_load.py for tasks to queue
[2026-04-21T04:37:27.337+0000] {logging_mixin.py:190} INFO - [2026-04-21T04:37:27.337+0000] {dagbag.py:588} INFO - Filling up the DagBag from /opt/airflow/dags/kafka_load.py
[2026-04-21T04:37:27.387+0000] {processor.py:925} INFO - DAG(s) 'kafka_producer' retrieved from /opt/airflow/dags/kafka_load.py
[2026-04-21T04:37:27.434+0000] {logging_mixin.py:190} INFO - [2026-04-21T04:37:27.434+0000] {dag.py:3239} INFO - Sync 1 DAGs
[2026-04-21T04:37:27.491+0000] {logging_mixin.py:190} INFO - [2026-04-21T04:37:27.490+0000] {dag.py:4180} INFO - Setting next_dagrun for kafka_producer to 2026-04-19 18:30:00+00:00, run_after=2026-04-20 18:30:00+00:00
[2026-04-21T04:37:27.542+0000] {processor.py:208} INFO - Processing /opt/airflow/dags/kafka_load.py took 0.226 seconds
[2026-04-21T04:37:57.995+0000] {processor.py:186} INFO - Started process (PID=35) to work on /opt/airflow/dags/kafka_load.py
[2026-04-21T04:37:57.997+0000] {processor.py:914} INFO - Processing file /opt/airflow/dags/kafka_load.py for tasks to queue
[2026-04-21T04:37:58.001+0000] {logging_mixin.py:190} INFO - [2026-04-21T04:37:58.000+0000] {dagbag.py:588} INFO - Filling up the DagBag from /opt/airflow/dags/kafka_load.py
[2026-04-21T04:37:58.045+0000] {processor.py:925} INFO - DAG(s) 'kafka_producer' retrieved from /opt/airflow/dags/kafka_load.py
[2026-04-21T04:37:58.077+0000] {logging_mixin.py:190} INFO - [2026-04-21T04:37:58.077+0000] {dag.py:3239} INFO - Sync 1 DAGs
[2026-04-21T04:37:58.110+0000] {logging_mixin.py:190} INFO - [2026-04-21T04:37:58.109+0000] {dag.py:4180} INFO - Setting next_dagrun for kafka_producer to 2026-04-19 18:30:00+00:00, run_after=2026-04-20 18:30:00+00:00
[2026-04-21T04:37:58.519+0000] {processor.py:208} INFO - Processing /opt/airflow/dags/kafka_load.py took 0.535 seconds
[2026-04-21T04:38:29.021+0000] {processor.py:186} INFO - Started process (PID=38) to work on /opt/airflow/dags/kafka_load.py
[2026-04-21T04:38:29.023+0000] {processor.py:914} INFO - Processing file /opt/airflow/dags/kafka_load.py for tasks to queue
[2026-04-21T04:38:29.027+0000] {logging_mixin.py:190} INFO - [2026-04-21T04:38:29.027+0000] {dagbag.py:588} INFO - Filling up the DagBag from /opt/airflow/dags/kafka_load.py
[2026-04-21T04:38:29.077+0000] {processor.py:925} INFO - DAG(s) 'kafka_producer' retrieved from /opt/airflow/dags/kafka_load.py
[2026-04-21T04:38:29.110+0000] {logging_mixin.py:190} INFO - [2026-04-21T04:38:29.110+0000] {dag.py:3239} INFO - Sync 1 DAGs
[2026-04-21T04:38:29.148+0000] {logging_mixin.py:190} INFO - [2026-04-21T04:38:29.147+0000] {dag.py:4180} INFO - Setting next_dagrun for kafka_producer to 2026-04-19 18:30:00+00:00, run_after=2026-04-20 18:30:00+00:00
[2026-04-21T04:38:29.409+0000] {processor.py:208} INFO - Processing /opt/airflow/dags/kafka_load.py took 0.398 seconds
[2026-04-21T04:38:59.835+0000] {processor.py:186} INFO - Started process (PID=41) to work on /opt/airflow/dags/kafka_load.py
[2026-04-21T04:38:59.837+0000] {processor.py:914} INFO - Processing file /opt/airflow/dags/kafka_load.py for tasks to queue
[2026-04-21T04:38:59.840+0000] {logging_mixin.py:190} INFO - [2026-04-21T04:38:59.839+0000] {dagbag.py:588} INFO - Filling up the DagBag from /opt/airflow/dags/kafka_load.py
[2026-04-21T04:38:59.881+0000] {processor.py:925} INFO - DAG(s) 'kafka_producer' retrieved from /opt/airflow/dags/kafka_load.py
[2026-04-21T04:38:59.917+0000] {logging_mixin.py:190} INFO - [2026-04-21T04:38:59.916+0000] {dag.py:3239} INFO - Sync 1 DAGs
[2026-04-21T04:38:59.964+0000] {logging_mixin.py:190} INFO - [2026-04-21T04:38:59.963+0000] {dag.py:4180} INFO - Setting next_dagrun for kafka_producer to 2026-04-20 18:30:00+00:00, run_after=2026-04-21 18:30:00+00:00
[2026-04-21T04:39:00.146+0000] {processor.py:208} INFO - Processing /opt/airflow/dags/kafka_load.py took 0.326 seconds
[2026-04-21T04:39:30.584+0000] {processor.py:186} INFO - Started process (PID=44) to work on /opt/airflow/dags/kafka_load.py
[2026-04-21T04:39:30.586+0000] {processor.py:914} INFO - Processing file /opt/airflow/dags/kafka_load.py for tasks to queue
[2026-04-21T04:39:30.589+0000] {logging_mixin.py:190} INFO - [2026-04-21T04:39:30.588+0000] {dagbag.py:588} INFO - Filling up the DagBag from /opt/airflow/dags/kafka_load.py
[2026-04-21T04:39:30.623+0000] {processor.py:925} INFO - DAG(s) 'kafka_producer' retrieved from /opt/airflow/dags/kafka_load.py
[2026-04-21T04:39:30.650+0000] {logging_mixin.py:190} INFO - [2026-04-21T04:39:30.650+0000] {dag.py:3239} INFO - Sync 1 DAGs
[2026-04-21T04:39:30.681+0000] {logging_mixin.py:190} INFO - [2026-04-21T04:39:30.680+0000] {dag.py:4180} INFO - Setting next_dagrun for kafka_producer to 2026-04-20 18:30:00+00:00, run_after=2026-04-21 18:30:00+00:00
[2026-04-21T04:39:30.706+0000] {processor.py:208} INFO - Processing /opt/airflow/dags/kafka_load.py took 0.133 seconds
[2026-04-21T04:40:01.341+0000] {processor.py:186} INFO - Started process (PID=47) to work on /opt/airflow/dags/kafka_load.py
[2026-04-21T04:40:01.347+0000] {processor.py:914} INFO - Processing file /opt/airflow/dags/kafka_load.py for tasks to queue
[2026-04-21T04:40:01.352+0000] {logging_mixin.py:190} INFO - [2026-04-21T04:40:01.351+0000] {dagbag.py:588} INFO - Filling up the DagBag from /opt/airflow/dags/kafka_load.py
[2026-04-21T04:40:01.389+0000] {processor.py:925} INFO - DAG(s) 'kafka_producer' retrieved from /opt/airflow/dags/kafka_load.py
[2026-04-21T04:40:01.418+0000] {logging_mixin.py:190} INFO - [2026-04-21T04:40:01.418+0000] {dag.py:3239} INFO - Sync 1 DAGs
[2026-04-21T04:40:01.450+0000] {logging_mixin.py:190} INFO - [2026-04-21T04:40:01.450+0000] {dag.py:4180} INFO - Setting next_dagrun for kafka_producer to 2026-04-20 18:30:00+00:00, run_after=2026-04-21 18:30:00+00:00
[2026-04-21T04:40:02.049+0000] {processor.py:208} INFO - Processing /opt/airflow/dags/kafka_load.py took 0.729 seconds
[2026-04-21T04:40:32.266+0000] {processor.py:186} INFO - Started process (PID=50) to work on /opt/airflow/dags/kafka_load.py
[2026-04-21T04:40:32.268+0000] {processor.py:914} INFO - Processing file /opt/airflow/dags/kafka_load.py for tasks to queue
[2026-04-21T04:40:32.273+0000] {logging_mixin.py:190} INFO - [2026-04-21T04:40:32.273+0000] {dagbag.py:588} INFO - Filling up the DagBag from /opt/airflow/dags/kafka_load.py
[2026-04-21T04:40:32.309+0000] {processor.py:925} INFO - DAG(s) 'kafka_producer' retrieved from /opt/airflow/dags/kafka_load.py
[2026-04-21T04:40:32.336+0000] {logging_mixin.py:190} INFO - [2026-04-21T04:40:32.336+0000] {dag.py:3239} INFO - Sync 1 DAGs
[2026-04-21T04:40:32.369+0000] {logging_mixin.py:190} INFO - [2026-04-21T04:40:32.369+0000] {dag.py:4180} INFO - Setting next_dagrun for kafka_producer to 2026-04-20 18:30:00+00:00, run_after=2026-04-21 18:30:00+00:00
[2026-04-21T04:40:32.395+0000] {processor.py:208} INFO - Processing /opt/airflow/dags/kafka_load.py took 0.137 seconds
[2026-04-21T04:41:02.725+0000] {processor.py:186} INFO - Started process (PID=54) to work on /opt/airflow/dags/kafka_load.py
[2026-04-21T04:41:02.726+0000] {processor.py:914} INFO - Processing file /opt/airflow/dags/kafka_load.py for tasks to queue
[2026-04-21T04:41:02.740+0000] {logging_mixin.py:190} INFO - [2026-04-21T04:41:02.739+0000] {dagbag.py:588} INFO - Filling up the DagBag from /opt/airflow/dags/kafka_load.py
[2026-04-21T04:41:02.835+0000] {processor.py:925} INFO - DAG(s) 'kafka_producer' retrieved from /opt/airflow/dags/kafka_load.py
[2026-04-21T04:41:02.932+0000] {logging_mixin.py:190} INFO - [2026-04-21T04:41:02.932+0000] {dag.py:3239} INFO - Sync 1 DAGs
[2026-04-21T04:41:03.040+0000] {logging_mixin.py:190} INFO - [2026-04-21T04:41:03.040+0000] {dag.py:4180} INFO - Setting next_dagrun for kafka_producer to 2026-04-20 18:30:00+00:00, run_after=2026-04-21 18:30:00+00:00
[2026-04-21T04:41:03.153+0000] {processor.py:208} INFO - Processing /opt/airflow/dags/kafka_load.py took 0.439 seconds
[2026-04-21T04:41:34.687+0000] {processor.py:186} INFO - Started process (PID=57) to work on /opt/airflow/dags/kafka_load.py
[2026-04-21T04:41:35.962+0000] {processor.py:914} INFO - Processing file /opt/airflow/dags/kafka_load.py for tasks to queue
[2026-04-21T04:41:35.967+0000] {logging_mixin.py:190} INFO - [2026-04-21T04:41:35.966+0000] {dagbag.py:588} INFO - Filling up the DagBag from /opt/airflow/dags/kafka_load.py
[2026-04-21T04:41:36.675+0000] {processor.py:925} INFO - DAG(s) 'kafka_producer' retrieved from /opt/airflow/dags/kafka_load.py
[2026-04-21T04:41:36.736+0000] {logging_mixin.py:190} INFO - [2026-04-21T04:41:36.736+0000] {dag.py:3239} INFO - Sync 1 DAGs
[2026-04-21T04:41:36.829+0000] {logging_mixin.py:190} INFO - [2026-04-21T04:41:36.829+0000] {dag.py:4180} INFO - Setting next_dagrun for kafka_producer to 2026-04-20 18:30:00+00:00, run_after=2026-04-21 18:30:00+00:00
[2026-04-21T04:41:39.527+0000] {processor.py:208} INFO - Processing /opt/airflow/dags/kafka_load.py took 4.858 seconds
[2026-04-21T04:42:10.407+0000] {processor.py:186} INFO - Started process (PID=60) to work on /opt/airflow/dags/kafka_load.py
[2026-04-21T04:42:10.408+0000] {processor.py:914} INFO - Processing file /opt/airflow/dags/kafka_load.py for tasks to queue
[2026-04-21T04:42:10.412+0000] {logging_mixin.py:190} INFO - [2026-04-21T04:42:10.411+0000] {dagbag.py:588} INFO - Filling up the DagBag from /opt/airflow/dags/kafka_load.py
[2026-04-21T04:42:10.449+0000] {processor.py:925} INFO - DAG(s) 'kafka_producer' retrieved from /opt/airflow/dags/kafka_load.py
[2026-04-21T04:42:10.483+0000] {logging_mixin.py:190} INFO - [2026-04-21T04:42:10.482+0000] {dag.py:3239} INFO - Sync 1 DAGs
[2026-04-21T04:42:10.536+0000] {logging_mixin.py:190} INFO - [2026-04-21T04:42:10.536+0000] {dag.py:4180} INFO - Setting next_dagrun for kafka_producer to 2026-04-20 18:30:00+00:00, run_after=2026-04-21 18:30:00+00:00
[2026-04-21T04:42:11.007+0000] {processor.py:208} INFO - Processing /opt/airflow/dags/kafka_load.py took 0.610 seconds
[2026-04-21T04:42:41.581+0000] {processor.py:186} INFO - Started process (PID=63) to work on /opt/airflow/dags/kafka_load.py
[2026-04-21T04:42:41.584+0000] {processor.py:914} INFO - Processing file /opt/airflow/dags/kafka_load.py for tasks to queue
[2026-04-21T04:42:41.588+0000] {logging_mixin.py:190} INFO - [2026-04-21T04:42:41.587+0000] {dagbag.py:588} INFO - Filling up the DagBag from /opt/airflow/dags/kafka_load.py
[2026-04-21T04:42:41.627+0000] {processor.py:925} INFO - DAG(s) 'kafka_producer' retrieved from /opt/airflow/dags/kafka_load.py
[2026-04-21T04:42:41.664+0000] {logging_mixin.py:190} INFO - [2026-04-21T04:42:41.664+0000] {dag.py:3239} INFO - Sync 1 DAGs
[2026-04-21T04:42:41.711+0000] {logging_mixin.py:190} INFO - [2026-04-21T04:42:41.711+0000] {dag.py:4180} INFO - Setting next_dagrun for kafka_producer to 2026-04-20 18:30:00+00:00, run_after=2026-04-21 18:30:00+00:00
[2026-04-21T04:42:41.741+0000] {processor.py:208} INFO - Processing /opt/airflow/dags/kafka_load.py took 0.172 seconds
[2026-04-21T04:43:12.198+0000] {processor.py:186} INFO - Started process (PID=66) to work on /opt/airflow/dags/kafka_load.py
[2026-04-21T04:43:12.201+0000] {processor.py:914} INFO - Processing file /opt/airflow/dags/kafka_load.py for tasks to queue
[2026-04-21T04:43:12.205+0000] {logging_mixin.py:190} INFO - [2026-04-21T04:43:12.204+0000] {dagbag.py:588} INFO - Filling up the DagBag from /opt/airflow/dags/kafka_load.py
[2026-04-21T04:43:12.243+0000] {processor.py:925} INFO - DAG(s) 'kafka_producer' retrieved from /opt/airflow/dags/kafka_load.py
[2026-04-21T04:43:12.278+0000] {logging_mixin.py:190} INFO - [2026-04-21T04:43:12.278+0000] {dag.py:3239} INFO - Sync 1 DAGs
[2026-04-21T04:43:12.325+0000] {logging_mixin.py:190} INFO - [2026-04-21T04:43:12.325+0000] {dag.py:4180} INFO - Setting next_dagrun for kafka_producer to 2026-04-20 18:30:00+00:00, run_after=2026-04-21 18:30:00+00:00
[2026-04-21T04:43:12.361+0000] {processor.py:208} INFO - Processing /opt/airflow/dags/kafka_load.py took 0.174 seconds
[2026-04-21T04:43:42.897+0000] {processor.py:186} INFO - Started process (PID=69) to work on /opt/airflow/dags/kafka_load.py
[2026-04-21T04:43:42.898+0000] {processor.py:914} INFO - Processing file /opt/airflow/dags/kafka_load.py for tasks to queue
[2026-04-21T04:43:42.905+0000] {logging_mixin.py:190} INFO - [2026-04-21T04:43:42.904+0000] {dagbag.py:588} INFO - Filling up the DagBag from /opt/airflow/dags/kafka_load.py
[2026-04-21T04:43:43.007+0000] {processor.py:925} INFO - DAG(s) 'kafka_producer' retrieved from /opt/airflow/dags/kafka_load.py
[2026-04-21T04:43:43.087+0000] {logging_mixin.py:190} INFO - [2026-04-21T04:43:43.087+0000] {dag.py:3239} INFO - Sync 1 DAGs
[2026-04-21T04:43:43.267+0000] {logging_mixin.py:190} INFO - [2026-04-21T04:43:43.267+0000] {dag.py:4180} INFO - Setting next_dagrun for kafka_producer to 2026-04-20 18:30:00+00:00, run_after=2026-04-21 18:30:00+00:00
[2026-04-21T04:43:43.340+0000] {processor.py:208} INFO - Processing /opt/airflow/dags/kafka_load.py took 0.462 seconds
[2026-04-21T04:44:13.578+0000] {processor.py:186} INFO - Started process (PID=73) to work on /opt/airflow/dags/kafka_load.py
[2026-04-21T04:44:13.580+0000] {processor.py:914} INFO - Processing file /opt/airflow/dags/kafka_load.py for tasks to queue
[2026-04-21T04:44:13.587+0000] {logging_mixin.py:190} INFO - [2026-04-21T04:44:13.586+0000] {dagbag.py:588} INFO - Filling up the DagBag from /opt/airflow/dags/kafka_load.py
[2026-04-21T04:44:13.627+0000] {processor.py:925} INFO - DAG(s) 'kafka_producer' retrieved from /opt/airflow/dags/kafka_load.py
[2026-04-21T04:44:13.665+0000] {logging_mixin.py:190} INFO - [2026-04-21T04:44:13.665+0000] {dag.py:3239} INFO - Sync 1 DAGs
[2026-04-21T04:44:13.716+0000] {logging_mixin.py:190} INFO - [2026-04-21T04:44:13.715+0000] {dag.py:4180} INFO - Setting next_dagrun for kafka_producer to 2026-04-20 18:30:00+00:00, run_after=2026-04-21 18:30:00+00:00
[2026-04-21T04:44:13.755+0000] {processor.py:208} INFO - Processing /opt/airflow/dags/kafka_load.py took 0.189 seconds
[2026-04-21T04:44:43.955+0000] {processor.py:186} INFO - Started process (PID=75) to work on /opt/airflow/dags/kafka_load.py
[2026-04-21T04:44:43.957+0000] {processor.py:914} INFO - Processing file /opt/airflow/dags/kafka_load.py for tasks to queue
[2026-04-21T04:44:43.961+0000] {logging_mixin.py:190} INFO - [2026-04-21T04:44:43.960+0000] {dagbag.py:588} INFO - Filling up the DagBag from /opt/airflow/dags/kafka_load.py
[2026-04-21T04:44:44.009+0000] {processor.py:925} INFO - DAG(s) 'kafka_producer' retrieved from /opt/airflow/dags/kafka_load.py
[2026-04-21T04:44:44.046+0000] {logging_mixin.py:190} INFO - [2026-04-21T04:44:44.046+0000] {dag.py:3239} INFO - Sync 1 DAGs
[2026-04-21T04:44:44.083+0000] {logging_mixin.py:190} INFO - [2026-04-21T04:44:44.082+0000] {dag.py:4180} INFO - Setting next_dagrun for kafka_producer to 2026-04-20 18:30:00+00:00, run_after=2026-04-21 18:30:00+00:00
[2026-04-21T04:44:44.106+0000] {processor.py:208} INFO - Processing /opt/airflow/dags/kafka_load.py took 0.168 seconds
[2026-04-21T04:45:14.660+0000] {processor.py:186} INFO - Started process (PID=78) to work on /opt/airflow/dags/kafka_load.py
[2026-04-21T04:45:14.662+0000] {processor.py:914} INFO - Processing file /opt/airflow/dags/kafka_load.py for tasks to queue
[2026-04-21T04:45:14.666+0000] {logging_mixin.py:190} INFO - [2026-04-21T04:45:14.665+0000] {dagbag.py:588} INFO - Filling up the DagBag from /opt/airflow/dags/kafka_load.py
[2026-04-21T04:45:14.699+0000] {processor.py:925} INFO - DAG(s) 'kafka_producer' retrieved from /opt/airflow/dags/kafka_load.py
[2026-04-21T04:45:14.732+0000] {logging_mixin.py:190} INFO - [2026-04-21T04:45:14.732+0000] {dag.py:3239} INFO - Sync 1 DAGs
[2026-04-21T04:45:14.776+0000] {logging_mixin.py:190} INFO - [2026-04-21T04:45:14.776+0000] {dag.py:4180} INFO - Setting next_dagrun for kafka_producer to 2026-04-20 18:30:00+00:00, run_after=2026-04-21 18:30:00+00:00
[2026-04-21T04:45:14.811+0000] {processor.py:208} INFO - Processing /opt/airflow/dags/kafka_load.py took 0.161 seconds
[2026-04-21T04:45:45.187+0000] {processor.py:186} INFO - Started process (PID=81) to work on /opt/airflow/dags/kafka_load.py
[2026-04-21T04:45:45.188+0000] {processor.py:914} INFO - Processing file /opt/airflow/dags/kafka_load.py for tasks to queue
[2026-04-21T04:45:45.192+0000] {logging_mixin.py:190} INFO - [2026-04-21T04:45:45.191+0000] {dagbag.py:588} INFO - Filling up the DagBag from /opt/airflow/dags/kafka_load.py
[2026-04-21T04:45:45.225+0000] {processor.py:925} INFO - DAG(s) 'kafka_producer' retrieved from /opt/airflow/dags/kafka_load.py
[2026-04-21T04:45:45.260+0000] {logging_mixin.py:190} INFO - [2026-04-21T04:45:45.259+0000] {dag.py:3239} INFO - Sync 1 DAGs
[2026-04-21T04:45:45.300+0000] {logging_mixin.py:190} INFO - [2026-04-21T04:45:45.299+0000] {dag.py:4180} INFO - Setting next_dagrun for kafka_producer to 2026-04-20 18:30:00+00:00, run_after=2026-04-21 18:30:00+00:00
[2026-04-21T04:45:45.342+0000] {processor.py:208} INFO - Processing /opt/airflow/dags/kafka_load.py took 0.167 seconds
[2026-04-21T04:46:15.835+0000] {processor.py:186} INFO - Started process (PID=84) to work on /opt/airflow/dags/kafka_load.py
[2026-04-21T04:46:15.844+0000] {processor.py:914} INFO - Processing file /opt/airflow/dags/kafka_load.py for tasks to queue
[2026-04-21T04:46:15.848+0000] {logging_mixin.py:190} INFO - [2026-04-21T04:46:15.848+0000] {dagbag.py:588} INFO - Filling up the DagBag from /opt/airflow/dags/kafka_load.py
[2026-04-21T04:46:15.895+0000] {processor.py:925} INFO - DAG(s) 'kafka_producer' retrieved from /opt/airflow/dags/kafka_load.py
[2026-04-21T04:46:15.930+0000] {logging_mixin.py:190} INFO - [2026-04-21T04:46:15.930+0000] {dag.py:3239} INFO - Sync 1 DAGs
[2026-04-21T04:46:15.975+0000] {logging_mixin.py:190} INFO - [2026-04-21T04:46:15.975+0000] {dag.py:4180} INFO - Setting next_dagrun for kafka_producer to 2026-04-20 18:30:00+00:00, run_after=2026-04-21 18:30:00+00:00
[2026-04-21T04:46:16.006+0000] {processor.py:208} INFO - Processing /opt/airflow/dags/kafka_load.py took 0.185 seconds
[2026-04-21T04:46:46.464+0000] {processor.py:186} INFO - Started process (PID=87) to work on /opt/airflow/dags/kafka_load.py
[2026-04-21T04:46:46.466+0000] {processor.py:914} INFO - Processing file /opt/airflow/dags/kafka_load.py for tasks to queue
[2026-04-21T04:46:46.469+0000] {logging_mixin.py:190} INFO - [2026-04-21T04:46:46.468+0000] {dagbag.py:588} INFO - Filling up the DagBag from /opt/airflow/dags/kafka_load.py
[2026-04-21T04:46:46.527+0000] {processor.py:925} INFO - DAG(s) 'kafka_producer' retrieved from /opt/airflow/dags/kafka_load.py
[2026-04-21T04:46:46.564+0000] {logging_mixin.py:190} INFO - [2026-04-21T04:46:46.564+0000] {dag.py:3239} INFO - Sync 1 DAGs
[2026-04-21T04:46:46.596+0000] {logging_mixin.py:190} INFO - [2026-04-21T04:46:46.596+0000] {dag.py:4180} INFO - Setting next_dagrun for kafka_producer to 2026-04-20 18:30:00+00:00, run_after=2026-04-21 18:30:00+00:00
[2026-04-21T04:46:46.625+0000] {processor.py:208} INFO - Processing /opt/airflow/dags/kafka_load.py took 0.176 seconds
[2026-04-21T04:47:17.064+0000] {processor.py:186} INFO - Started process (PID=90) to work on /opt/airflow/dags/kafka_load.py
[2026-04-21T04:47:17.067+0000] {processor.py:914} INFO - Processing file /opt/airflow/dags/kafka_load.py for tasks to queue
[2026-04-21T04:47:17.072+0000] {logging_mixin.py:190} INFO - [2026-04-21T04:47:17.071+0000] {dagbag.py:588} INFO - Filling up the DagBag from /opt/airflow/dags/kafka_load.py
[2026-04-21T04:47:17.145+0000] {processor.py:925} INFO - DAG(s) 'kafka_producer' retrieved from /opt/airflow/dags/kafka_load.py
[2026-04-21T04:47:17.220+0000] {logging_mixin.py:190} INFO - [2026-04-21T04:47:17.220+0000] {dag.py:3239} INFO - Sync 1 DAGs
[2026-04-21T04:47:17.295+0000] {logging_mixin.py:190} INFO - [2026-04-21T04:47:17.295+0000] {dag.py:4180} INFO - Setting next_dagrun for kafka_producer to 2026-04-20 18:30:00+00:00, run_after=2026-04-21 18:30:00+00:00
[2026-04-21T04:47:18.001+0000] {processor.py:208} INFO - Processing /opt/airflow/dags/kafka_load.py took 0.948 seconds
[2026-04-21T04:47:48.610+0000] {processor.py:186} INFO - Started process (PID=93) to work on /opt/airflow/dags/kafka_load.py
[2026-04-21T04:47:48.616+0000] {processor.py:914} INFO - Processing file /opt/airflow/dags/kafka_load.py for tasks to queue
[2026-04-21T04:47:48.623+0000] {logging_mixin.py:190} INFO - [2026-04-21T04:47:48.623+0000] {dagbag.py:588} INFO - Filling up the DagBag from /opt/airflow/dags/kafka_load.py
[2026-04-21T04:47:48.662+0000] {processor.py:925} INFO - DAG(s) 'kafka_producer' retrieved from /opt/airflow/dags/kafka_load.py
[2026-04-21T04:47:48.711+0000] {logging_mixin.py:190} INFO - [2026-04-21T04:47:48.710+0000] {dag.py:3239} INFO - Sync 1 DAGs
[2026-04-21T04:47:48.750+0000] {logging_mixin.py:190} INFO - [2026-04-21T04:47:48.750+0000] {dag.py:4180} INFO - Setting next_dagrun for kafka_producer to 2026-04-20 18:30:00+00:00, run_after=2026-04-21 18:30:00+00:00
[2026-04-21T04:47:48.798+0000] {processor.py:208} INFO - Processing /opt/airflow/dags/kafka_load.py took 0.209 seconds
[2026-04-21T04:48:19.262+0000] {processor.py:186} INFO - Started process (PID=96) to work on /opt/airflow/dags/kafka_load.py
[2026-04-21T04:48:19.264+0000] {processor.py:914} INFO - Processing file /opt/airflow/dags/kafka_load.py for tasks to queue
[2026-04-21T04:48:19.268+0000] {logging_mixin.py:190} INFO - [2026-04-21T04:48:19.268+0000] {dagbag.py:588} INFO - Filling up the DagBag from /opt/airflow/dags/kafka_load.py
[2026-04-21T04:48:19.317+0000] {processor.py:925} INFO - DAG(s) 'kafka_producer' retrieved from /opt/airflow/dags/kafka_load.py
[2026-04-21T04:48:19.361+0000] {logging_mixin.py:190} INFO - [2026-04-21T04:48:19.360+0000] {dag.py:3239} INFO - Sync 1 DAGs
[2026-04-21T04:48:19.401+0000] {logging_mixin.py:190} INFO - [2026-04-21T04:48:19.400+0000] {dag.py:4180} INFO - Setting next_dagrun for kafka_producer to 2026-04-20 18:30:00+00:00, run_after=2026-04-21 18:30:00+00:00
[2026-04-21T04:48:19.435+0000] {processor.py:208} INFO - Processing /opt/airflow/dags/kafka_load.py took 0.183 seconds
[2026-04-21T04:48:50.079+0000] {processor.py:186} INFO - Started process (PID=99) to work on /opt/airflow/dags/kafka_load.py
[2026-04-21T04:48:50.082+0000] {processor.py:914} INFO - Processing file /opt/airflow/dags/kafka_load.py for tasks to queue
[2026-04-21T04:48:50.086+0000] {logging_mixin.py:190} INFO - [2026-04-21T04:48:50.085+0000] {dagbag.py:588} INFO - Filling up the DagBag from /opt/airflow/dags/kafka_load.py
[2026-04-21T04:48:50.126+0000] {processor.py:925} INFO - DAG(s) 'kafka_producer' retrieved from /opt/airflow/dags/kafka_load.py
[2026-04-21T04:48:50.161+0000] {logging_mixin.py:190} INFO - [2026-04-21T04:48:50.161+0000] {dag.py:3239} INFO - Sync 1 DAGs
[2026-04-21T04:48:50.210+0000] {logging_mixin.py:190} INFO - [2026-04-21T04:48:50.210+0000] {dag.py:4180} INFO - Setting next_dagrun for kafka_producer to 2026-04-20 18:30:00+00:00, run_after=2026-04-21 18:30:00+00:00
[2026-04-21T04:48:50.244+0000] {processor.py:208} INFO - Processing /opt/airflow/dags/kafka_load.py took 0.176 seconds
[2026-04-21T04:49:20.742+0000] {processor.py:186} INFO - Started process (PID=102) to work on /opt/airflow/dags/kafka_load.py
[2026-04-21T04:49:20.744+0000] {processor.py:914} INFO - Processing file /opt/airflow/dags/kafka_load.py for tasks to queue
[2026-04-21T04:49:20.752+0000] {logging_mixin.py:190} INFO - [2026-04-21T04:49:20.751+0000] {dagbag.py:588} INFO - Filling up the DagBag from /opt/airflow/dags/kafka_load.py
[2026-04-21T04:49:20.787+0000] {processor.py:925} INFO - DAG(s) 'kafka_producer' retrieved from /opt/airflow/dags/kafka_load.py
[2026-04-21T04:49:20.828+0000] {logging_mixin.py:190} INFO - [2026-04-21T04:49:20.827+0000] {dag.py:3239} INFO - Sync 1 DAGs
[2026-04-21T04:49:20.877+0000] {logging_mixin.py:190} INFO - [2026-04-21T04:49:20.877+0000] {dag.py:4180} INFO - Setting next_dagrun for kafka_producer to 2026-04-20 18:30:00+00:00, run_after=2026-04-21 18:30:00+00:00
[2026-04-21T04:49:20.915+0000] {processor.py:208} INFO - Processing /opt/airflow/dags/kafka_load.py took 0.185 seconds
[2026-04-21T04:49:51.321+0000] {processor.py:186} INFO - Started process (PID=105) to work on /opt/airflow/dags/kafka_load.py
[2026-04-21T04:49:51.322+0000] {processor.py:914} INFO - Processing file /opt/airflow/dags/kafka_load.py for tasks to queue
[2026-04-21T04:49:51.327+0000] {logging_mixin.py:190} INFO - [2026-04-21T04:49:51.327+0000] {dagbag.py:588} INFO - Filling up the DagBag from /opt/airflow/dags/kafka_load.py
[2026-04-21T04:49:51.367+0000] {processor.py:925} INFO - DAG(s) 'kafka_producer' retrieved from /opt/airflow/dags/kafka_load.py
[2026-04-21T04:49:51.399+0000] {logging_mixin.py:190} INFO - [2026-04-21T04:49:51.398+0000] {dag.py:3239} INFO - Sync 1 DAGs
[2026-04-21T04:49:51.431+0000] {logging_mixin.py:190} INFO - [2026-04-21T04:49:51.431+0000] {dag.py:4180} INFO - Setting next_dagrun for kafka_producer to 2026-04-20 18:30:00+00:00, run_after=2026-04-21 18:30:00+00:00
[2026-04-21T04:49:51.456+0000] {processor.py:208} INFO - Processing /opt/airflow/dags/kafka_load.py took 0.145 seconds
[2026-04-21T04:50:21.899+0000] {processor.py:186} INFO - Started process (PID=108) to work on /opt/airflow/dags/kafka_load.py
[2026-04-21T04:50:21.901+0000] {processor.py:914} INFO - Processing file /opt/airflow/dags/kafka_load.py for tasks to queue
[2026-04-21T04:50:21.904+0000] {logging_mixin.py:190} INFO - [2026-04-21T04:50:21.903+0000] {dagbag.py:588} INFO - Filling up the DagBag from /opt/airflow/dags/kafka_load.py
[2026-04-21T04:50:21.944+0000] {processor.py:925} INFO - DAG(s) 'kafka_producer' retrieved from /opt/airflow/dags/kafka_load.py
[2026-04-21T04:50:21.980+0000] {logging_mixin.py:190} INFO - [2026-04-21T04:50:21.980+0000] {dag.py:3239} INFO - Sync 1 DAGs
[2026-04-21T04:50:22.033+0000] {logging_mixin.py:190} INFO - [2026-04-21T04:50:22.033+0000] {dag.py:4180} INFO - Setting next_dagrun for kafka_producer to 2026-04-20 18:30:00+00:00, run_after=2026-04-21 18:30:00+00:00
[2026-04-21T04:50:22.069+0000] {processor.py:208} INFO - Processing /opt/airflow/dags/kafka_load.py took 0.180 seconds
[2026-04-21T04:50:52.638+0000] {processor.py:186} INFO - Started process (PID=111) to work on /opt/airflow/dags/kafka_load.py
[2026-04-21T04:50:52.640+0000] {processor.py:914} INFO - Processing file /opt/airflow/dags/kafka_load.py for tasks to queue
[2026-04-21T04:50:52.646+0000] {logging_mixin.py:190} INFO - [2026-04-21T04:50:52.646+0000] {dagbag.py:588} INFO - Filling up the DagBag from /opt/airflow/dags/kafka_load.py
[2026-04-21T04:50:52.684+0000] {processor.py:925} INFO - DAG(s) 'kafka_producer' retrieved from /opt/airflow/dags/kafka_load.py
[2026-04-21T04:50:52.715+0000] {logging_mixin.py:190} INFO - [2026-04-21T04:50:52.715+0000] {dag.py:3239} INFO - Sync 1 DAGs
[2026-04-21T04:50:52.754+0000] {logging_mixin.py:190} INFO - [2026-04-21T04:50:52.754+0000] {dag.py:4180} INFO - Setting next_dagrun for kafka_producer to 2026-04-20 18:30:00+00:00, run_after=2026-04-21 18:30:00+00:00
[2026-04-21T04:50:52.781+0000] {processor.py:208} INFO - Processing /opt/airflow/dags/kafka_load.py took 0.153 seconds
[2026-04-21T04:51:23.399+0000] {processor.py:186} INFO - Started process (PID=114) to work on /opt/airflow/dags/kafka_load.py
[2026-04-21T04:51:23.402+0000] {processor.py:914} INFO - Processing file /opt/airflow/dags/kafka_load.py for tasks to queue
[2026-04-21T04:51:23.416+0000] {logging_mixin.py:190} INFO - [2026-04-21T04:51:23.415+0000] {dagbag.py:588} INFO - Filling up the DagBag from /opt/airflow/dags/kafka_load.py
[2026-04-21T04:51:23.477+0000] {processor.py:925} INFO - DAG(s) 'kafka_producer' retrieved from /opt/airflow/dags/kafka_load.py
[2026-04-21T04:51:23.518+0000] {logging_mixin.py:190} INFO - [2026-04-21T04:51:23.517+0000] {dag.py:3239} INFO - Sync 1 DAGs
[2026-04-21T04:51:23.550+0000] {logging_mixin.py:190} INFO - [2026-04-21T04:51:23.550+0000] {dag.py:4180} INFO - Setting next_dagrun for kafka_producer to 2026-04-20 18:30:00+00:00, run_after=2026-04-21 18:30:00+00:00
[2026-04-21T04:51:23.578+0000] {processor.py:208} INFO - Processing /opt/airflow/dags/kafka_load.py took 0.198 seconds
[2026-04-21T04:51:54.085+0000] {processor.py:186} INFO - Started process (PID=117) to work on /opt/airflow/dags/kafka_load.py
[2026-04-21T04:51:54.087+0000] {processor.py:914} INFO - Processing file /opt/airflow/dags/kafka_load.py for tasks to queue
[2026-04-21T04:51:54.215+0000] {logging_mixin.py:190} INFO - [2026-04-21T04:51:54.215+0000] {dagbag.py:588} INFO - Filling up the DagBag from /opt/airflow/dags/kafka_load.py
[2026-04-21T04:51:54.336+0000] {processor.py:925} INFO - DAG(s) 'kafka_producer' retrieved from /opt/airflow/dags/kafka_load.py
[2026-04-21T04:51:54.412+0000] {logging_mixin.py:190} INFO - [2026-04-21T04:51:54.412+0000] {dag.py:3239} INFO - Sync 1 DAGs
[2026-04-21T04:51:54.469+0000] {logging_mixin.py:190} INFO - [2026-04-21T04:51:54.468+0000] {dag.py:4180} INFO - Setting next_dagrun for kafka_producer to 2026-04-20 18:30:00+00:00, run_after=2026-04-21 18:30:00+00:00
[2026-04-21T04:51:54.530+0000] {processor.py:208} INFO - Processing /opt/airflow/dags/kafka_load.py took 0.465 seconds
[2026-04-21T04:52:24.659+0000] {processor.py:186} INFO - Started process (PID=120) to work on /opt/airflow/dags/kafka_load.py
[2026-04-21T04:52:24.661+0000] {processor.py:914} INFO - Processing file /opt/airflow/dags/kafka_load.py for tasks to queue
[2026-04-21T04:52:24.665+0000] {logging_mixin.py:190} INFO - [2026-04-21T04:52:24.664+0000] {dagbag.py:588} INFO - Filling up the DagBag from /opt/airflow/dags/kafka_load.py
[2026-04-21T04:52:24.708+0000] {processor.py:925} INFO - DAG(s) 'kafka_producer' retrieved from /opt/airflow/dags/kafka_load.py
[2026-04-21T04:52:24.738+0000] {logging_mixin.py:190} INFO - [2026-04-21T04:52:24.737+0000] {dag.py:3239} INFO - Sync 1 DAGs
[2026-04-21T04:52:24.770+0000] {logging_mixin.py:190} INFO - [2026-04-21T04:52:24.770+0000] {dag.py:4180} INFO - Setting next_dagrun for kafka_producer to 2026-04-20 18:30:00+00:00, run_after=2026-04-21 18:30:00+00:00
[2026-04-21T04:52:24.802+0000] {processor.py:208} INFO - Processing /opt/airflow/dags/kafka_load.py took 0.152 seconds
[2026-04-21T04:52:55.431+0000] {processor.py:186} INFO - Started process (PID=123) to work on /opt/airflow/dags/kafka_load.py
[2026-04-21T04:52:55.433+0000] {processor.py:914} INFO - Processing file /opt/airflow/dags/kafka_load.py for tasks to queue
[2026-04-21T04:52:55.436+0000] {logging_mixin.py:190} INFO - [2026-04-21T04:52:55.436+0000] {dagbag.py:588} INFO - Filling up the DagBag from /opt/airflow/dags/kafka_load.py
[2026-04-21T04:52:55.477+0000] {processor.py:925} INFO - DAG(s) 'kafka_producer' retrieved from /opt/airflow/dags/kafka_load.py
[2026-04-21T04:52:55.507+0000] {logging_mixin.py:190} INFO - [2026-04-21T04:52:55.507+0000] {dag.py:3239} INFO - Sync 1 DAGs
[2026-04-21T04:52:55.538+0000] {logging_mixin.py:190} INFO - [2026-04-21T04:52:55.538+0000] {dag.py:4180} INFO - Setting next_dagrun for kafka_producer to 2026-04-20 18:30:00+00:00, run_after=2026-04-21 18:30:00+00:00
[2026-04-21T04:52:55.569+0000] {processor.py:208} INFO - Processing /opt/airflow/dags/kafka_load.py took 0.148 seconds
[2026-04-21T04:53:25.970+0000] {processor.py:186} INFO - Started process (PID=126) to work on /opt/airflow/dags/kafka_load.py
[2026-04-21T04:53:25.971+0000] {processor.py:914} INFO - Processing file /opt/airflow/dags/kafka_load.py for tasks to queue
[2026-04-21T04:53:25.976+0000] {logging_mixin.py:190} INFO - [2026-04-21T04:53:25.976+0000] {dagbag.py:588} INFO - Filling up the DagBag from /opt/airflow/dags/kafka_load.py
[2026-04-21T04:53:26.009+0000] {processor.py:925} INFO - DAG(s) 'kafka_producer' retrieved from /opt/airflow/dags/kafka_load.py
[2026-04-21T04:53:26.038+0000] {logging_mixin.py:190} INFO - [2026-04-21T04:53:26.037+0000] {dag.py:3239} INFO - Sync 1 DAGs
[2026-04-21T04:53:26.068+0000] {logging_mixin.py:190} INFO - [2026-04-21T04:53:26.068+0000] {dag.py:4180} INFO - Setting next_dagrun for kafka_producer to 2026-04-20 18:30:00+00:00, run_after=2026-04-21 18:30:00+00:00
[2026-04-21T04:53:26.097+0000] {processor.py:208} INFO - Processing /opt/airflow/dags/kafka_load.py took 0.137 seconds
[2026-04-21T04:53:56.734+0000] {processor.py:186} INFO - Started process (PID=129) to work on /opt/airflow/dags/kafka_load.py
[2026-04-21T04:53:56.735+0000] {processor.py:914} INFO - Processing file /opt/airflow/dags/kafka_load.py for tasks to queue
[2026-04-21T04:53:56.743+0000] {logging_mixin.py:190} INFO - [2026-04-21T04:53:56.741+0000] {dagbag.py:588} INFO - Filling up the DagBag from /opt/airflow/dags/kafka_load.py
[2026-04-21T04:53:56.801+0000] {processor.py:925} INFO - DAG(s) 'kafka_producer' retrieved from /opt/airflow/dags/kafka_load.py
[2026-04-21T04:53:56.846+0000] {logging_mixin.py:190} INFO - [2026-04-21T04:53:56.846+0000] {dag.py:3239} INFO - Sync 1 DAGs
[2026-04-21T04:53:56.893+0000] {logging_mixin.py:190} INFO - [2026-04-21T04:53:56.892+0000] {dag.py:4180} INFO - Setting next_dagrun for kafka_producer to 2026-04-20 18:30:00+00:00, run_after=2026-04-21 18:30:00+00:00
[2026-04-21T04:53:56.930+0000] {processor.py:208} INFO - Processing /opt/airflow/dags/kafka_load.py took 0.213 seconds
[2026-04-21T04:54:27.497+0000] {processor.py:186} INFO - Started process (PID=132) to work on /opt/airflow/dags/kafka_load.py
[2026-04-21T04:54:27.498+0000] {processor.py:914} INFO - Processing file /opt/airflow/dags/kafka_load.py for tasks to queue
[2026-04-21T04:54:27.518+0000] {logging_mixin.py:190} INFO - [2026-04-21T04:54:27.518+0000] {dagbag.py:588} INFO - Filling up the DagBag from /opt/airflow/dags/kafka_load.py
[2026-04-21T04:54:27.593+0000] {processor.py:925} INFO - DAG(s) 'kafka_producer' retrieved from /opt/airflow/dags/kafka_load.py
[2026-04-21T04:54:27.695+0000] {logging_mixin.py:190} INFO - [2026-04-21T04:54:27.694+0000] {dag.py:3239} INFO - Sync 1 DAGs
[2026-04-21T04:54:27.772+0000] {logging_mixin.py:190} INFO - [2026-04-21T04:54:27.771+0000] {dag.py:4180} INFO - Setting next_dagrun for kafka_producer to 2026-04-20 18:30:00+00:00, run_after=2026-04-21 18:30:00+00:00
[2026-04-21T04:54:27.822+0000] {processor.py:208} INFO - Processing /opt/airflow/dags/kafka_load.py took 0.342 seconds
[2026-04-21T04:54:58.250+0000] {processor.py:186} INFO - Started process (PID=135) to work on /opt/airflow/dags/kafka_load.py
[2026-04-21T04:54:58.251+0000] {processor.py:914} INFO - Processing file /opt/airflow/dags/kafka_load.py for tasks to queue
[2026-04-21T04:54:58.254+0000] {logging_mixin.py:190} INFO - [2026-04-21T04:54:58.254+0000] {dagbag.py:588} INFO - Filling up the DagBag from /opt/airflow/dags/kafka_load.py
[2026-04-21T04:54:58.285+0000] {processor.py:925} INFO - DAG(s) 'kafka_producer' retrieved from /opt/airflow/dags/kafka_load.py
[2026-04-21T04:54:58.313+0000] {logging_mixin.py:190} INFO - [2026-04-21T04:54:58.313+0000] {dag.py:3239} INFO - Sync 1 DAGs
[2026-04-21T04:54:58.342+0000] {logging_mixin.py:190} INFO - [2026-04-21T04:54:58.342+0000] {dag.py:4180} INFO - Setting next_dagrun for kafka_producer to 2026-04-20 18:30:00+00:00, run_after=2026-04-21 18:30:00+00:00
[2026-04-21T04:54:58.370+0000] {processor.py:208} INFO - Processing /opt/airflow/dags/kafka_load.py took 0.130 seconds
[2026-04-21T04:55:28.735+0000] {processor.py:186} INFO - Started process (PID=138) to work on /opt/airflow/dags/kafka_load.py
[2026-04-21T04:55:28.737+0000] {processor.py:914} INFO - Processing file /opt/airflow/dags/kafka_load.py for tasks to queue
[2026-04-21T04:55:28.740+0000] {logging_mixin.py:190} INFO - [2026-04-21T04:55:28.740+0000] {dagbag.py:588} INFO - Filling up the DagBag from /opt/airflow/dags/kafka_load.py
[2026-04-21T04:55:28.785+0000] {processor.py:925} INFO - DAG(s) 'kafka_producer' retrieved from /opt/airflow/dags/kafka_load.py
[2026-04-21T04:55:28.814+0000] {logging_mixin.py:190} INFO - [2026-04-21T04:55:28.814+0000] {dag.py:3239} INFO - Sync 1 DAGs
[2026-04-21T04:55:28.854+0000] {logging_mixin.py:190} INFO - [2026-04-21T04:55:28.853+0000] {dag.py:4180} INFO - Setting next_dagrun for kafka_producer to 2026-04-20 18:30:00+00:00, run_after=2026-04-21 18:30:00+00:00
[2026-04-21T04:55:28.883+0000] {processor.py:208} INFO - Processing /opt/airflow/dags/kafka_load.py took 0.159 seconds
[2026-04-21T04:55:59.382+0000] {processor.py:186} INFO - Started process (PID=141) to work on /opt/airflow/dags/kafka_load.py
[2026-04-21T04:55:59.384+0000] {processor.py:914} INFO - Processing file /opt/airflow/dags/kafka_load.py for tasks to queue
[2026-04-21T04:55:59.387+0000] {logging_mixin.py:190} INFO - [2026-04-21T04:55:59.387+0000] {dagbag.py:588} INFO - Filling up the DagBag from /opt/airflow/dags/kafka_load.py
[2026-04-21T04:55:59.420+0000] {processor.py:925} INFO - DAG(s) 'kafka_producer' retrieved from /opt/airflow/dags/kafka_load.py
[2026-04-21T04:55:59.447+0000] {logging_mixin.py:190} INFO - [2026-04-21T04:55:59.447+0000] {dag.py:3239} INFO - Sync 1 DAGs
[2026-04-21T04:55:59.480+0000] {logging_mixin.py:190} INFO - [2026-04-21T04:55:59.480+0000] {dag.py:4180} INFO - Setting next_dagrun for kafka_producer to 2026-04-20 18:30:00+00:00, run_after=2026-04-21 18:30:00+00:00
[2026-04-21T04:55:59.507+0000] {processor.py:208} INFO - Processing /opt/airflow/dags/kafka_load.py took 0.141 seconds
[2026-04-21T04:56:29.887+0000] {processor.py:186} INFO - Started process (PID=144) to work on /opt/airflow/dags/kafka_load.py
[2026-04-21T04:56:29.888+0000] {processor.py:914} INFO - Processing file /opt/airflow/dags/kafka_load.py for tasks to queue
[2026-04-21T04:56:29.892+0000] {logging_mixin.py:190} INFO - [2026-04-21T04:56:29.891+0000] {dagbag.py:588} INFO - Filling up the DagBag from /opt/airflow/dags/kafka_load.py
[2026-04-21T04:56:29.927+0000] {processor.py:925} INFO - DAG(s) 'kafka_producer' retrieved from /opt/airflow/dags/kafka_load.py
[2026-04-21T04:56:29.956+0000] {logging_mixin.py:190} INFO - [2026-04-21T04:56:29.956+0000] {dag.py:3239} INFO - Sync 1 DAGs
[2026-04-21T04:56:29.989+0000] {logging_mixin.py:190} INFO - [2026-04-21T04:56:29.989+0000] {dag.py:4180} INFO - Setting next_dagrun for kafka_producer to 2026-04-20 18:30:00+00:00, run_after=2026-04-21 18:30:00+00:00
[2026-04-21T04:56:30.014+0000] {processor.py:208} INFO - Processing /opt/airflow/dags/kafka_load.py took 0.141 seconds
[2026-04-21T04:57:00.223+0000] {processor.py:186} INFO - Started process (PID=147) to work on /opt/airflow/dags/kafka_load.py
[2026-04-21T04:57:00.225+0000] {processor.py:914} INFO - Processing file /opt/airflow/dags/kafka_load.py for tasks to queue
[2026-04-21T04:57:00.229+0000] {logging_mixin.py:190} INFO - [2026-04-21T04:57:00.229+0000] {dagbag.py:588} INFO - Filling up the DagBag from /opt/airflow/dags/kafka_load.py
[2026-04-21T04:57:00.268+0000] {processor.py:925} INFO - DAG(s) 'kafka_producer' retrieved from /opt/airflow/dags/kafka_load.py
[2026-04-21T04:57:00.296+0000] {logging_mixin.py:190} INFO - [2026-04-21T04:57:00.296+0000] {dag.py:3239} INFO - Sync 1 DAGs
[2026-04-21T04:57:00.331+0000] {logging_mixin.py:190} INFO - [2026-04-21T04:57:00.330+0000] {dag.py:4180} INFO - Setting next_dagrun for kafka_producer to 2026-04-20 18:30:00+00:00, run_after=2026-04-21 18:30:00+00:00
[2026-04-21T04:57:00.607+0000] {processor.py:208} INFO - Processing /opt/airflow/dags/kafka_load.py took 0.394 seconds
[2026-04-21T04:57:30.953+0000] {processor.py:186} INFO - Started process (PID=150) to work on /opt/airflow/dags/kafka_load.py
[2026-04-21T04:57:30.955+0000] {processor.py:914} INFO - Processing file /opt/airflow/dags/kafka_load.py for tasks to queue
[2026-04-21T04:57:30.958+0000] {logging_mixin.py:190} INFO - [2026-04-21T04:57:30.957+0000] {dagbag.py:588} INFO - Filling up the DagBag from /opt/airflow/dags/kafka_load.py
[2026-04-21T04:57:30.992+0000] {processor.py:925} INFO - DAG(s) 'kafka_producer' retrieved from /opt/airflow/dags/kafka_load.py
[2026-04-21T04:57:31.020+0000] {logging_mixin.py:190} INFO - [2026-04-21T04:57:31.020+0000] {dag.py:3239} INFO - Sync 1 DAGs
[2026-04-21T04:57:31.053+0000] {logging_mixin.py:190} INFO - [2026-04-21T04:57:31.052+0000] {dag.py:4180} INFO - Setting next_dagrun for kafka_producer to 2026-04-20 18:30:00+00:00, run_after=2026-04-21 18:30:00+00:00
[2026-04-21T04:57:31.347+0000] {processor.py:208} INFO - Processing /opt/airflow/dags/kafka_load.py took 0.404 seconds
[2026-04-21T04:58:01.714+0000] {processor.py:186} INFO - Started process (PID=153) to work on /opt/airflow/dags/kafka_load.py
[2026-04-21T04:58:01.716+0000] {processor.py:914} INFO - Processing file /opt/airflow/dags/kafka_load.py for tasks to queue
[2026-04-21T04:58:01.720+0000] {logging_mixin.py:190} INFO - [2026-04-21T04:58:01.720+0000] {dagbag.py:588} INFO - Filling up the DagBag from /opt/airflow/dags/kafka_load.py
[2026-04-21T04:58:01.758+0000] {processor.py:925} INFO - DAG(s) 'kafka_producer' retrieved from /opt/airflow/dags/kafka_load.py
[2026-04-21T04:58:01.789+0000] {logging_mixin.py:190} INFO - [2026-04-21T04:58:01.789+0000] {dag.py:3239} INFO - Sync 1 DAGs
[2026-04-21T04:58:01.822+0000] {logging_mixin.py:190} INFO - [2026-04-21T04:58:01.822+0000] {dag.py:4180} INFO - Setting next_dagrun for kafka_producer to 2026-04-20 18:30:00+00:00, run_after=2026-04-21 18:30:00+00:00
[2026-04-21T04:58:01.848+0000] {processor.py:208} INFO - Processing /opt/airflow/dags/kafka_load.py took 0.144 seconds
[2026-04-21T04:58:32.284+0000] {processor.py:186} INFO - Started process (PID=156) to work on /opt/airflow/dags/kafka_load.py
[2026-04-21T04:58:32.285+0000] {processor.py:914} INFO - Processing file /opt/airflow/dags/kafka_load.py for tasks to queue
[2026-04-21T04:58:32.289+0000] {logging_mixin.py:190} INFO - [2026-04-21T04:58:32.288+0000] {dagbag.py:588} INFO - Filling up the DagBag from /opt/airflow/dags/kafka_load.py
[2026-04-21T04:58:32.328+0000] {processor.py:925} INFO - DAG(s) 'kafka_producer' retrieved from /opt/airflow/dags/kafka_load.py
[2026-04-21T04:58:32.368+0000] {logging_mixin.py:190} INFO - [2026-04-21T04:58:32.367+0000] {dag.py:3239} INFO - Sync 1 DAGs
[2026-04-21T04:58:32.404+0000] {logging_mixin.py:190} INFO - [2026-04-21T04:58:32.404+0000] {dag.py:4180} INFO - Setting next_dagrun for kafka_producer to 2026-04-20 18:30:00+00:00, run_after=2026-04-21 18:30:00+00:00
[2026-04-21T04:58:32.429+0000] {processor.py:208} INFO - Processing /opt/airflow/dags/kafka_load.py took 0.159 seconds
[2026-04-21T04:59:02.914+0000] {processor.py:186} INFO - Started process (PID=159) to work on /opt/airflow/dags/kafka_load.py
[2026-04-21T04:59:02.916+0000] {processor.py:914} INFO - Processing file /opt/airflow/dags/kafka_load.py for tasks to queue
[2026-04-21T04:59:02.919+0000] {logging_mixin.py:190} INFO - [2026-04-21T04:59:02.919+0000] {dagbag.py:588} INFO - Filling up the DagBag from /opt/airflow/dags/kafka_load.py
[2026-04-21T04:59:02.961+0000] {processor.py:925} INFO - DAG(s) 'kafka_producer' retrieved from /opt/airflow/dags/kafka_load.py
[2026-04-21T04:59:02.993+0000] {logging_mixin.py:190} INFO - [2026-04-21T04:59:02.992+0000] {dag.py:3239} INFO - Sync 1 DAGs
[2026-04-21T04:59:03.027+0000] {logging_mixin.py:190} INFO - [2026-04-21T04:59:03.027+0000] {dag.py:4180} INFO - Setting next_dagrun for kafka_producer to 2026-04-20 18:30:00+00:00, run_after=2026-04-21 18:30:00+00:00
[2026-04-21T04:59:03.660+0000] {processor.py:208} INFO - Processing /opt/airflow/dags/kafka_load.py took 0.756 seconds
[2026-04-21T04:59:33.801+0000] {processor.py:186} INFO - Started process (PID=162) to work on /opt/airflow/dags/kafka_load.py
[2026-04-21T04:59:33.803+0000] {processor.py:914} INFO - Processing file /opt/airflow/dags/kafka_load.py for tasks to queue
[2026-04-21T04:59:33.808+0000] {logging_mixin.py:190} INFO - [2026-04-21T04:59:33.807+0000] {dagbag.py:588} INFO - Filling up the DagBag from /opt/airflow/dags/kafka_load.py
[2026-04-21T04:59:33.861+0000] {processor.py:925} INFO - DAG(s) 'kafka_producer' retrieved from /opt/airflow/dags/kafka_load.py
[2026-04-21T04:59:33.896+0000] {logging_mixin.py:190} INFO - [2026-04-21T04:59:33.896+0000] {dag.py:3239} INFO - Sync 1 DAGs
[2026-04-21T04:59:33.937+0000] {logging_mixin.py:190} INFO - [2026-04-21T04:59:33.937+0000] {dag.py:4180} INFO - Setting next_dagrun for kafka_producer to 2026-04-20 18:30:00+00:00, run_after=2026-04-21 18:30:00+00:00
[2026-04-21T04:59:33.969+0000] {processor.py:208} INFO - Processing /opt/airflow/dags/kafka_load.py took 0.183 seconds
[2026-04-21T05:00:04.425+0000] {processor.py:186} INFO - Started process (PID=165) to work on /opt/airflow/dags/kafka_load.py
[2026-04-21T05:00:04.426+0000] {processor.py:914} INFO - Processing file /opt/airflow/dags/kafka_load.py for tasks to queue
[2026-04-21T05:00:04.430+0000] {logging_mixin.py:190} INFO - [2026-04-21T05:00:04.429+0000] {dagbag.py:588} INFO - Filling up the DagBag from /opt/airflow/dags/kafka_load.py
[2026-04-21T05:00:04.471+0000] {processor.py:925} INFO - DAG(s) 'kafka_producer' retrieved from /opt/airflow/dags/kafka_load.py
[2026-04-21T05:00:04.501+0000] {logging_mixin.py:190} INFO - [2026-04-21T05:00:04.501+0000] {dag.py:3239} INFO - Sync 1 DAGs
[2026-04-21T05:00:04.535+0000] {logging_mixin.py:190} INFO - [2026-04-21T05:00:04.535+0000] {dag.py:4180} INFO - Setting next_dagrun for kafka_producer to 2026-04-20 18:30:00+00:00, run_after=2026-04-21 18:30:00+00:00
[2026-04-21T05:00:04.561+0000] {processor.py:208} INFO - Processing /opt/airflow/dags/kafka_load.py took 0.146 seconds
[2026-04-21T05:00:34.940+0000] {processor.py:186} INFO - Started process (PID=168) to work on /opt/airflow/dags/kafka_load.py
[2026-04-21T05:00:34.941+0000] {processor.py:914} INFO - Processing file /opt/airflow/dags/kafka_load.py for tasks to queue
[2026-04-21T05:00:34.945+0000] {logging_mixin.py:190} INFO - [2026-04-21T05:00:34.944+0000] {dagbag.py:588} INFO - Filling up the DagBag from /opt/airflow/dags/kafka_load.py
[2026-04-21T05:00:34.983+0000] {processor.py:925} INFO - DAG(s) 'kafka_producer' retrieved from /opt/airflow/dags/kafka_load.py
[2026-04-21T05:00:35.013+0000] {logging_mixin.py:190} INFO - [2026-04-21T05:00:35.013+0000] {dag.py:3239} INFO - Sync 1 DAGs
[2026-04-21T05:00:35.044+0000] {logging_mixin.py:190} INFO - [2026-04-21T05:00:35.043+0000] {dag.py:4180} INFO - Setting next_dagrun for kafka_producer to 2026-04-20 18:30:00+00:00, run_after=2026-04-21 18:30:00+00:00
[2026-04-21T05:00:35.072+0000] {processor.py:208} INFO - Processing /opt/airflow/dags/kafka_load.py took 0.144 seconds
[2026-04-21T05:01:05.468+0000] {processor.py:186} INFO - Started process (PID=171) to work on /opt/airflow/dags/kafka_load.py
[2026-04-21T05:01:05.471+0000] {processor.py:914} INFO - Processing file /opt/airflow/dags/kafka_load.py for tasks to queue
[2026-04-21T05:01:05.474+0000] {logging_mixin.py:190} INFO - [2026-04-21T05:01:05.474+0000] {dagbag.py:588} INFO - Filling up the DagBag from /opt/airflow/dags/kafka_load.py
[2026-04-21T05:01:05.512+0000] {processor.py:925} INFO - DAG(s) 'kafka_producer' retrieved from /opt/airflow/dags/kafka_load.py
[2026-04-21T05:01:05.546+0000] {logging_mixin.py:190} INFO - [2026-04-21T05:01:05.546+0000] {dag.py:3239} INFO - Sync 1 DAGs
[2026-04-21T05:01:05.584+0000] {logging_mixin.py:190} INFO - [2026-04-21T05:01:05.584+0000] {dag.py:4180} INFO - Setting next_dagrun for kafka_producer to 2026-04-20 18:30:00+00:00, run_after=2026-04-21 18:30:00+00:00
[2026-04-21T05:01:05.611+0000] {processor.py:208} INFO - Processing /opt/airflow/dags/kafka_load.py took 0.152 seconds
[2026-04-21T05:01:35.988+0000] {processor.py:186} INFO - Started process (PID=174) to work on /opt/airflow/dags/kafka_load.py
[2026-04-21T05:01:35.989+0000] {processor.py:914} INFO - Processing file /opt/airflow/dags/kafka_load.py for tasks to queue
[2026-04-21T05:01:35.992+0000] {logging_mixin.py:190} INFO - [2026-04-21T05:01:35.992+0000] {dagbag.py:588} INFO - Filling up the DagBag from /opt/airflow/dags/kafka_load.py
[2026-04-21T05:01:36.030+0000] {processor.py:925} INFO - DAG(s) 'kafka_producer' retrieved from /opt/airflow/dags/kafka_load.py
[2026-04-21T05:01:36.058+0000] {logging_mixin.py:190} INFO - [2026-04-21T05:01:36.058+0000] {dag.py:3239} INFO - Sync 1 DAGs
[2026-04-21T05:01:36.097+0000] {logging_mixin.py:190} INFO - [2026-04-21T05:01:36.097+0000] {dag.py:4180} INFO - Setting next_dagrun for kafka_producer to 2026-04-20 18:30:00+00:00, run_after=2026-04-21 18:30:00+00:00
[2026-04-21T05:01:36.123+0000] {processor.py:208} INFO - Processing /opt/airflow/dags/kafka_load.py took 0.146 seconds
[2026-04-21T05:02:06.584+0000] {processor.py:186} INFO - Started process (PID=177) to work on /opt/airflow/dags/kafka_load.py
[2026-04-21T05:02:06.586+0000] {processor.py:914} INFO - Processing file /opt/airflow/dags/kafka_load.py for tasks to queue
[2026-04-21T05:02:06.589+0000] {logging_mixin.py:190} INFO - [2026-04-21T05:02:06.589+0000] {dagbag.py:588} INFO - Filling up the DagBag from /opt/airflow/dags/kafka_load.py
[2026-04-21T05:02:06.625+0000] {processor.py:925} INFO - DAG(s) 'kafka_producer' retrieved from /opt/airflow/dags/kafka_load.py
[2026-04-21T05:02:06.655+0000] {logging_mixin.py:190} INFO - [2026-04-21T05:02:06.654+0000] {dag.py:3239} INFO - Sync 1 DAGs
[2026-04-21T05:02:06.687+0000] {logging_mixin.py:190} INFO - [2026-04-21T05:02:06.687+0000] {dag.py:4180} INFO - Setting next_dagrun for kafka_producer to 2026-04-20 18:30:00+00:00, run_after=2026-04-21 18:30:00+00:00
[2026-04-21T05:02:06.713+0000] {processor.py:208} INFO - Processing /opt/airflow/dags/kafka_load.py took 0.142 seconds
[2026-04-21T05:02:37.166+0000] {processor.py:186} INFO - Started process (PID=180) to work on /opt/airflow/dags/kafka_load.py
[2026-04-21T05:02:37.169+0000] {processor.py:914} INFO - Processing file /opt/airflow/dags/kafka_load.py for tasks to queue
[2026-04-21T05:02:37.176+0000] {logging_mixin.py:190} INFO - [2026-04-21T05:02:37.174+0000] {dagbag.py:588} INFO - Filling up the DagBag from /opt/airflow/dags/kafka_load.py
[2026-04-21T05:02:37.247+0000] {processor.py:925} INFO - DAG(s) 'kafka_producer' retrieved from /opt/airflow/dags/kafka_load.py
[2026-04-21T05:02:37.287+0000] {logging_mixin.py:190} INFO - [2026-04-21T05:02:37.286+0000] {dag.py:3239} INFO - Sync 1 DAGs
[2026-04-21T05:02:37.319+0000] {logging_mixin.py:190} INFO - [2026-04-21T05:02:37.319+0000] {dag.py:4180} INFO - Setting next_dagrun for kafka_producer to 2026-04-20 18:30:00+00:00, run_after=2026-04-21 18:30:00+00:00
[2026-04-21T05:02:37.356+0000] {processor.py:208} INFO - Processing /opt/airflow/dags/kafka_load.py took 0.212 seconds
[2026-04-21T05:03:07.758+0000] {processor.py:186} INFO - Started process (PID=183) to work on /opt/airflow/dags/kafka_load.py
[2026-04-21T05:03:07.759+0000] {processor.py:914} INFO - Processing file /opt/airflow/dags/kafka_load.py for tasks to queue
[2026-04-21T05:03:07.763+0000] {logging_mixin.py:190} INFO - [2026-04-21T05:03:07.762+0000] {dagbag.py:588} INFO - Filling up the DagBag from /opt/airflow/dags/kafka_load.py
[2026-04-21T05:03:07.803+0000] {processor.py:925} INFO - DAG(s) 'kafka_producer' retrieved from /opt/airflow/dags/kafka_load.py
[2026-04-21T05:03:07.838+0000] {logging_mixin.py:190} INFO - [2026-04-21T05:03:07.838+0000] {dag.py:3239} INFO - Sync 1 DAGs
[2026-04-21T05:03:07.884+0000] {logging_mixin.py:190} INFO - [2026-04-21T05:03:07.884+0000] {dag.py:4180} INFO - Setting next_dagrun for kafka_producer to 2026-04-20 18:30:00+00:00, run_after=2026-04-21 18:30:00+00:00
[2026-04-21T05:03:07.914+0000] {processor.py:208} INFO - Processing /opt/airflow/dags/kafka_load.py took 0.167 seconds
[2026-04-21T05:03:38.170+0000] {processor.py:186} INFO - Started process (PID=186) to work on /opt/airflow/dags/kafka_load.py
[2026-04-21T05:03:38.176+0000] {processor.py:914} INFO - Processing file /opt/airflow/dags/kafka_load.py for tasks to queue
[2026-04-21T05:03:38.184+0000] {logging_mixin.py:190} INFO - [2026-04-21T05:03:38.183+0000] {dagbag.py:588} INFO - Filling up the DagBag from /opt/airflow/dags/kafka_load.py
[2026-04-21T05:03:38.226+0000] {processor.py:925} INFO - DAG(s) 'kafka_producer' retrieved from /opt/airflow/dags/kafka_load.py
[2026-04-21T05:03:38.254+0000] {logging_mixin.py:190} INFO - [2026-04-21T05:03:38.254+0000] {dag.py:3239} INFO - Sync 1 DAGs
[2026-04-21T05:03:38.287+0000] {logging_mixin.py:190} INFO - [2026-04-21T05:03:38.287+0000] {dag.py:4180} INFO - Setting next_dagrun for kafka_producer to 2026-04-20 18:30:00+00:00, run_after=2026-04-21 18:30:00+00:00
[2026-04-21T05:03:38.324+0000] {processor.py:208} INFO - Processing /opt/airflow/dags/kafka_load.py took 0.176 seconds
[2026-04-21T05:04:08.705+0000] {processor.py:186} INFO - Started process (PID=189) to work on /opt/airflow/dags/kafka_load.py
[2026-04-21T05:04:08.707+0000] {processor.py:914} INFO - Processing file /opt/airflow/dags/kafka_load.py for tasks to queue
[2026-04-21T05:04:08.710+0000] {logging_mixin.py:190} INFO - [2026-04-21T05:04:08.710+0000] {dagbag.py:588} INFO - Filling up the DagBag from /opt/airflow/dags/kafka_load.py
[2026-04-21T05:04:08.749+0000] {processor.py:925} INFO - DAG(s) 'kafka_producer' retrieved from /opt/airflow/dags/kafka_load.py
[2026-04-21T05:04:08.784+0000] {logging_mixin.py:190} INFO - [2026-04-21T05:04:08.783+0000] {dag.py:3239} INFO - Sync 1 DAGs
[2026-04-21T05:04:08.816+0000] {logging_mixin.py:190} INFO - [2026-04-21T05:04:08.816+0000] {dag.py:4180} INFO - Setting next_dagrun for kafka_producer to 2026-04-20 18:30:00+00:00, run_after=2026-04-21 18:30:00+00:00
[2026-04-21T05:04:08.842+0000] {processor.py:208} INFO - Processing /opt/airflow/dags/kafka_load.py took 0.149 seconds
[2026-04-21T05:04:39.198+0000] {processor.py:186} INFO - Started process (PID=192) to work on /opt/airflow/dags/kafka_load.py
[2026-04-21T05:04:39.200+0000] {processor.py:914} INFO - Processing file /opt/airflow/dags/kafka_load.py for tasks to queue
[2026-04-21T05:04:39.204+0000] {logging_mixin.py:190} INFO - [2026-04-21T05:04:39.203+0000] {dagbag.py:588} INFO - Filling up the DagBag from /opt/airflow/dags/kafka_load.py
[2026-04-21T05:04:39.242+0000] {processor.py:925} INFO - DAG(s) 'kafka_producer' retrieved from /opt/airflow/dags/kafka_load.py
[2026-04-21T05:04:39.273+0000] {logging_mixin.py:190} INFO - [2026-04-21T05:04:39.273+0000] {dag.py:3239} INFO - Sync 1 DAGs
[2026-04-21T05:04:39.308+0000] {logging_mixin.py:190} INFO - [2026-04-21T05:04:39.308+0000] {dag.py:4180} INFO - Setting next_dagrun for kafka_producer to 2026-04-20 18:30:00+00:00, run_after=2026-04-21 18:30:00+00:00
[2026-04-21T05:04:39.347+0000] {processor.py:208} INFO - Processing /opt/airflow/dags/kafka_load.py took 0.159 seconds
[2026-04-21T05:05:09.725+0000] {processor.py:186} INFO - Started process (PID=195) to work on /opt/airflow/dags/kafka_load.py
[2026-04-21T05:05:09.726+0000] {processor.py:914} INFO - Processing file /opt/airflow/dags/kafka_load.py for tasks to queue
[2026-04-21T05:05:09.730+0000] {logging_mixin.py:190} INFO - [2026-04-21T05:05:09.729+0000] {dagbag.py:588} INFO - Filling up the DagBag from /opt/airflow/dags/kafka_load.py
[2026-04-21T05:05:09.765+0000] {processor.py:925} INFO - DAG(s) 'kafka_producer' retrieved from /opt/airflow/dags/kafka_load.py
[2026-04-21T05:05:09.795+0000] {logging_mixin.py:190} INFO - [2026-04-21T05:05:09.795+0000] {dag.py:3239} INFO - Sync 1 DAGs
[2026-04-21T05:05:09.830+0000] {logging_mixin.py:190} INFO - [2026-04-21T05:05:09.830+0000] {dag.py:4180} INFO - Setting next_dagrun for kafka_producer to 2026-04-20 18:30:00+00:00, run_after=2026-04-21 18:30:00+00:00
[2026-04-21T05:05:09.860+0000] {processor.py:208} INFO - Processing /opt/airflow/dags/kafka_load.py took 0.146 seconds
[2026-04-21T05:05:40.282+0000] {processor.py:186} INFO - Started process (PID=198) to work on /opt/airflow/dags/kafka_load.py
[2026-04-21T05:05:40.283+0000] {processor.py:914} INFO - Processing file /opt/airflow/dags/kafka_load.py for tasks to queue
[2026-04-21T05:05:40.287+0000] {logging_mixin.py:190} INFO - [2026-04-21T05:05:40.286+0000] {dagbag.py:588} INFO - Filling up the DagBag from /opt/airflow/dags/kafka_load.py
[2026-04-21T05:05:40.328+0000] {processor.py:925} INFO - DAG(s) 'kafka_producer' retrieved from /opt/airflow/dags/kafka_load.py
[2026-04-21T05:05:40.363+0000] {logging_mixin.py:190} INFO - [2026-04-21T05:05:40.363+0000] {dag.py:3239} INFO - Sync 1 DAGs
[2026-04-21T05:05:40.397+0000] {logging_mixin.py:190} INFO - [2026-04-21T05:05:40.397+0000] {dag.py:4180} INFO - Setting next_dagrun for kafka_producer to 2026-04-20 18:30:00+00:00, run_after=2026-04-21 18:30:00+00:00
[2026-04-21T05:05:40.425+0000] {processor.py:208} INFO - Processing /opt/airflow/dags/kafka_load.py took 0.152 seconds
[2026-04-21T05:06:10.787+0000] {processor.py:186} INFO - Started process (PID=201) to work on /opt/airflow/dags/kafka_load.py
[2026-04-21T05:06:10.789+0000] {processor.py:914} INFO - Processing file /opt/airflow/dags/kafka_load.py for tasks to queue
[2026-04-21T05:06:10.793+0000] {logging_mixin.py:190} INFO - [2026-04-21T05:06:10.793+0000] {dagbag.py:588} INFO - Filling up the DagBag from /opt/airflow/dags/kafka_load.py
[2026-04-21T05:06:10.838+0000] {processor.py:925} INFO - DAG(s) 'kafka_producer' retrieved from /opt/airflow/dags/kafka_load.py
[2026-04-21T05:06:10.873+0000] {logging_mixin.py:190} INFO - [2026-04-21T05:06:10.873+0000] {dag.py:3239} INFO - Sync 1 DAGs
[2026-04-21T05:06:10.912+0000] {logging_mixin.py:190} INFO - [2026-04-21T05:06:10.912+0000] {dag.py:4180} INFO - Setting next_dagrun for kafka_producer to 2026-04-20 18:30:00+00:00, run_after=2026-04-21 18:30:00+00:00
[2026-04-21T05:06:10.940+0000] {processor.py:208} INFO - Processing /opt/airflow/dags/kafka_load.py took 0.162 seconds
[2026-04-21T05:06:41.316+0000] {processor.py:186} INFO - Started process (PID=204) to work on /opt/airflow/dags/kafka_load.py
[2026-04-21T05:06:41.318+0000] {processor.py:914} INFO - Processing file /opt/airflow/dags/kafka_load.py for tasks to queue
[2026-04-21T05:06:41.322+0000] {logging_mixin.py:190} INFO - [2026-04-21T05:06:41.322+0000] {dagbag.py:588} INFO - Filling up the DagBag from /opt/airflow/dags/kafka_load.py
[2026-04-21T05:06:41.363+0000] {processor.py:925} INFO - DAG(s) 'kafka_producer' retrieved from /opt/airflow/dags/kafka_load.py
[2026-04-21T05:06:41.399+0000] {logging_mixin.py:190} INFO - [2026-04-21T05:06:41.397+0000] {dag.py:3239} INFO - Sync 1 DAGs
[2026-04-21T05:06:41.439+0000] {logging_mixin.py:190} INFO - [2026-04-21T05:06:41.439+0000] {dag.py:4180} INFO - Setting next_dagrun for kafka_producer to 2026-04-20 18:30:00+00:00, run_after=2026-04-21 18:30:00+00:00
[2026-04-21T05:06:41.470+0000] {processor.py:208} INFO - Processing /opt/airflow/dags/kafka_load.py took 0.163 seconds
[2026-04-21T05:07:12.005+0000] {processor.py:186} INFO - Started process (PID=207) to work on /opt/airflow/dags/kafka_load.py
[2026-04-21T05:07:12.007+0000] {processor.py:914} INFO - Processing file /opt/airflow/dags/kafka_load.py for tasks to queue
[2026-04-21T05:07:12.010+0000] {logging_mixin.py:190} INFO - [2026-04-21T05:07:12.010+0000] {dagbag.py:588} INFO - Filling up the DagBag from /opt/airflow/dags/kafka_load.py
[2026-04-21T05:07:12.043+0000] {processor.py:925} INFO - DAG(s) 'kafka_producer' retrieved from /opt/airflow/dags/kafka_load.py
[2026-04-21T05:07:12.076+0000] {logging_mixin.py:190} INFO - [2026-04-21T05:07:12.076+0000] {dag.py:3239} INFO - Sync 1 DAGs
[2026-04-21T05:07:12.115+0000] {logging_mixin.py:190} INFO - [2026-04-21T05:07:12.115+0000] {dag.py:4180} INFO - Setting next_dagrun for kafka_producer to 2026-04-20 18:30:00+00:00, run_after=2026-04-21 18:30:00+00:00
[2026-04-21T05:07:12.144+0000] {processor.py:208} INFO - Processing /opt/airflow/dags/kafka_load.py took 0.150 seconds
[2026-04-21T05:07:42.521+0000] {processor.py:186} INFO - Started process (PID=210) to work on /opt/airflow/dags/kafka_load.py
[2026-04-21T05:07:42.523+0000] {processor.py:914} INFO - Processing file /opt/airflow/dags/kafka_load.py for tasks to queue
[2026-04-21T05:07:42.528+0000] {logging_mixin.py:190} INFO - [2026-04-21T05:07:42.528+0000] {dagbag.py:588} INFO - Filling up the DagBag from /opt/airflow/dags/kafka_load.py
[2026-04-21T05:07:42.568+0000] {processor.py:925} INFO - DAG(s) 'kafka_producer' retrieved from /opt/airflow/dags/kafka_load.py
[2026-04-21T05:07:42.599+0000] {logging_mixin.py:190} INFO - [2026-04-21T05:07:42.598+0000] {dag.py:3239} INFO - Sync 1 DAGs
[2026-04-21T05:07:42.633+0000] {logging_mixin.py:190} INFO - [2026-04-21T05:07:42.632+0000] {dag.py:4180} INFO - Setting next_dagrun for kafka_producer to 2026-04-20 18:30:00+00:00, run_after=2026-04-21 18:30:00+00:00
[2026-04-21T05:07:42.661+0000] {processor.py:208} INFO - Processing /opt/airflow/dags/kafka_load.py took 0.149 seconds
[2026-04-21T05:08:13.033+0000] {processor.py:186} INFO - Started process (PID=213) to work on /opt/airflow/dags/kafka_load.py
[2026-04-21T05:08:13.035+0000] {processor.py:914} INFO - Processing file /opt/airflow/dags/kafka_load.py for tasks to queue
[2026-04-21T05:08:13.039+0000] {logging_mixin.py:190} INFO - [2026-04-21T05:08:13.038+0000] {dagbag.py:588} INFO - Filling up the DagBag from /opt/airflow/dags/kafka_load.py
[2026-04-21T05:08:13.079+0000] {processor.py:925} INFO - DAG(s) 'kafka_producer' retrieved from /opt/airflow/dags/kafka_load.py
[2026-04-21T05:08:13.111+0000] {logging_mixin.py:190} INFO - [2026-04-21T05:08:13.110+0000] {dag.py:3239} INFO - Sync 1 DAGs
[2026-04-21T05:08:13.144+0000] {logging_mixin.py:190} INFO - [2026-04-21T05:08:13.144+0000] {dag.py:4180} INFO - Setting next_dagrun for kafka_producer to 2026-04-20 18:30:00+00:00, run_after=2026-04-21 18:30:00+00:00
[2026-04-21T05:08:13.175+0000] {processor.py:208} INFO - Processing /opt/airflow/dags/kafka_load.py took 0.154 seconds
[2026-04-21T05:08:43.544+0000] {processor.py:186} INFO - Started process (PID=216) to work on /opt/airflow/dags/kafka_load.py
[2026-04-21T05:08:43.546+0000] {processor.py:914} INFO - Processing file /opt/airflow/dags/kafka_load.py for tasks to queue
[2026-04-21T05:08:43.551+0000] {logging_mixin.py:190} INFO - [2026-04-21T05:08:43.550+0000] {dagbag.py:588} INFO - Filling up the DagBag from /opt/airflow/dags/kafka_load.py
[2026-04-21T05:08:43.610+0000] {processor.py:925} INFO - DAG(s) 'kafka_producer' retrieved from /opt/airflow/dags/kafka_load.py
[2026-04-21T05:08:43.652+0000] {logging_mixin.py:190} INFO - [2026-04-21T05:08:43.651+0000] {dag.py:3239} INFO - Sync 1 DAGs
[2026-04-21T05:08:43.692+0000] {logging_mixin.py:190} INFO - [2026-04-21T05:08:43.691+0000] {dag.py:4180} INFO - Setting next_dagrun for kafka_producer to 2026-04-20 18:30:00+00:00, run_after=2026-04-21 18:30:00+00:00
[2026-04-21T05:08:43.720+0000] {processor.py:208} INFO - Processing /opt/airflow/dags/kafka_load.py took 0.193 seconds
[2026-04-21T05:09:14.163+0000] {processor.py:186} INFO - Started process (PID=219) to work on /opt/airflow/dags/kafka_load.py
[2026-04-21T05:09:14.166+0000] {processor.py:914} INFO - Processing file /opt/airflow/dags/kafka_load.py for tasks to queue
[2026-04-21T05:09:14.175+0000] {logging_mixin.py:190} INFO - [2026-04-21T05:09:14.174+0000] {dagbag.py:588} INFO - Filling up the DagBag from /opt/airflow/dags/kafka_load.py
[2026-04-21T05:09:14.217+0000] {processor.py:925} INFO - DAG(s) 'kafka_producer' retrieved from /opt/airflow/dags/kafka_load.py
[2026-04-21T05:09:14.252+0000] {logging_mixin.py:190} INFO - [2026-04-21T05:09:14.252+0000] {dag.py:3239} INFO - Sync 1 DAGs
[2026-04-21T05:09:14.294+0000] {logging_mixin.py:190} INFO - [2026-04-21T05:09:14.293+0000] {dag.py:4180} INFO - Setting next_dagrun for kafka_producer to 2026-04-20 18:30:00+00:00, run_after=2026-04-21 18:30:00+00:00
[2026-04-21T05:09:14.322+0000] {processor.py:208} INFO - Processing /opt/airflow/dags/kafka_load.py took 0.168 seconds
[2026-04-21T05:09:45.002+0000] {processor.py:186} INFO - Started process (PID=222) to work on /opt/airflow/dags/kafka_load.py
[2026-04-21T05:09:45.004+0000] {processor.py:914} INFO - Processing file /opt/airflow/dags/kafka_load.py for tasks to queue
[2026-04-21T05:09:45.007+0000] {logging_mixin.py:190} INFO - [2026-04-21T05:09:45.006+0000] {dagbag.py:588} INFO - Filling up the DagBag from /opt/airflow/dags/kafka_load.py
[2026-04-21T05:09:45.045+0000] {processor.py:925} INFO - DAG(s) 'kafka_producer' retrieved from /opt/airflow/dags/kafka_load.py
[2026-04-21T05:09:45.074+0000] {logging_mixin.py:190} INFO - [2026-04-21T05:09:45.074+0000] {dag.py:3239} INFO - Sync 1 DAGs
[2026-04-21T05:09:45.106+0000] {logging_mixin.py:190} INFO - [2026-04-21T05:09:45.106+0000] {dag.py:4180} INFO - Setting next_dagrun for kafka_producer to 2026-04-20 18:30:00+00:00, run_after=2026-04-21 18:30:00+00:00
[2026-04-21T05:09:45.134+0000] {processor.py:208} INFO - Processing /opt/airflow/dags/kafka_load.py took 0.143 seconds
[2026-04-21T05:10:15.528+0000] {processor.py:186} INFO - Started process (PID=225) to work on /opt/airflow/dags/kafka_load.py
[2026-04-21T05:10:15.529+0000] {processor.py:914} INFO - Processing file /opt/airflow/dags/kafka_load.py for tasks to queue
[2026-04-21T05:10:15.533+0000] {logging_mixin.py:190} INFO - [2026-04-21T05:10:15.533+0000] {dagbag.py:588} INFO - Filling up the DagBag from /opt/airflow/dags/kafka_load.py
[2026-04-21T05:10:15.575+0000] {processor.py:925} INFO - DAG(s) 'kafka_producer' retrieved from /opt/airflow/dags/kafka_load.py
[2026-04-21T05:10:15.624+0000] {logging_mixin.py:190} INFO - [2026-04-21T05:10:15.623+0000] {dag.py:3239} INFO - Sync 1 DAGs
[2026-04-21T05:10:15.681+0000] {logging_mixin.py:190} INFO - [2026-04-21T05:10:15.681+0000] {dag.py:4180} INFO - Setting next_dagrun for kafka_producer to 2026-04-20 18:30:00+00:00, run_after=2026-04-21 18:30:00+00:00
[2026-04-21T05:10:15.713+0000] {processor.py:208} INFO - Processing /opt/airflow/dags/kafka_load.py took 0.196 seconds
[2026-04-21T05:10:46.380+0000] {processor.py:186} INFO - Started process (PID=228) to work on /opt/airflow/dags/kafka_load.py
[2026-04-21T05:10:46.384+0000] {processor.py:914} INFO - Processing file /opt/airflow/dags/kafka_load.py for tasks to queue
[2026-04-21T05:10:46.389+0000] {logging_mixin.py:190} INFO - [2026-04-21T05:10:46.388+0000] {dagbag.py:588} INFO - Filling up the DagBag from /opt/airflow/dags/kafka_load.py
[2026-04-21T05:10:46.424+0000] {processor.py:925} INFO - DAG(s) 'kafka_producer' retrieved from /opt/airflow/dags/kafka_load.py
[2026-04-21T05:10:46.460+0000] {logging_mixin.py:190} INFO - [2026-04-21T05:10:46.459+0000] {dag.py:3239} INFO - Sync 1 DAGs
[2026-04-21T05:10:46.498+0000] {logging_mixin.py:190} INFO - [2026-04-21T05:10:46.498+0000] {dag.py:4180} INFO - Setting next_dagrun for kafka_producer to 2026-04-20 18:30:00+00:00, run_after=2026-04-21 18:30:00+00:00
[2026-04-21T05:10:46.532+0000] {processor.py:208} INFO - Processing /opt/airflow/dags/kafka_load.py took 0.162 seconds
[2026-04-21T05:11:17.221+0000] {processor.py:186} INFO - Started process (PID=231) to work on /opt/airflow/dags/kafka_load.py
[2026-04-21T05:11:17.224+0000] {processor.py:914} INFO - Processing file /opt/airflow/dags/kafka_load.py for tasks to queue
[2026-04-21T05:11:17.235+0000] {logging_mixin.py:190} INFO - [2026-04-21T05:11:17.234+0000] {dagbag.py:588} INFO - Filling up the DagBag from /opt/airflow/dags/kafka_load.py
[2026-04-21T05:11:17.274+0000] {processor.py:925} INFO - DAG(s) 'kafka_producer' retrieved from /opt/airflow/dags/kafka_load.py
[2026-04-21T05:11:17.306+0000] {logging_mixin.py:190} INFO - [2026-04-21T05:11:17.306+0000] {dag.py:3239} INFO - Sync 1 DAGs
[2026-04-21T05:11:17.352+0000] {logging_mixin.py:190} INFO - [2026-04-21T05:11:17.352+0000] {dag.py:4180} INFO - Setting next_dagrun for kafka_producer to 2026-04-20 18:30:00+00:00, run_after=2026-04-21 18:30:00+00:00
[2026-04-21T05:11:17.380+0000] {processor.py:208} INFO - Processing /opt/airflow/dags/kafka_load.py took 0.176 seconds
[2026-04-21T05:11:47.780+0000] {processor.py:186} INFO - Started process (PID=234) to work on /opt/airflow/dags/kafka_load.py
[2026-04-21T05:11:47.782+0000] {processor.py:914} INFO - Processing file /opt/airflow/dags/kafka_load.py for tasks to queue
[2026-04-21T05:11:47.785+0000] {logging_mixin.py:190} INFO - [2026-04-21T05:11:47.784+0000] {dagbag.py:588} INFO - Filling up the DagBag from /opt/airflow/dags/kafka_load.py
[2026-04-21T05:11:47.818+0000] {processor.py:925} INFO - DAG(s) 'kafka_producer' retrieved from /opt/airflow/dags/kafka_load.py
[2026-04-21T05:11:47.851+0000] {logging_mixin.py:190} INFO - [2026-04-21T05:11:47.851+0000] {dag.py:3239} INFO - Sync 1 DAGs
[2026-04-21T05:11:47.886+0000] {logging_mixin.py:190} INFO - [2026-04-21T05:11:47.885+0000] {dag.py:4180} INFO - Setting next_dagrun for kafka_producer to 2026-04-20 18:30:00+00:00, run_after=2026-04-21 18:30:00+00:00
[2026-04-21T05:11:47.923+0000] {processor.py:208} INFO - Processing /opt/airflow/dags/kafka_load.py took 0.153 seconds
[2026-04-21T05:12:18.409+0000] {processor.py:186} INFO - Started process (PID=237) to work on /opt/airflow/dags/kafka_load.py
[2026-04-21T05:12:18.420+0000] {processor.py:914} INFO - Processing file /opt/airflow/dags/kafka_load.py for tasks to queue
[2026-04-21T05:12:18.436+0000] {logging_mixin.py:190} INFO - [2026-04-21T05:12:18.434+0000] {dagbag.py:588} INFO - Filling up the DagBag from /opt/airflow/dags/kafka_load.py
[2026-04-21T05:12:18.555+0000] {processor.py:925} INFO - DAG(s) 'kafka_producer' retrieved from /opt/airflow/dags/kafka_load.py
[2026-04-21T05:12:18.602+0000] {logging_mixin.py:190} INFO - [2026-04-21T05:12:18.602+0000] {dag.py:3239} INFO - Sync 1 DAGs
[2026-04-21T05:12:18.685+0000] {logging_mixin.py:190} INFO - [2026-04-21T05:12:18.685+0000] {dag.py:4180} INFO - Setting next_dagrun for kafka_producer to 2026-04-20 18:30:00+00:00, run_after=2026-04-21 18:30:00+00:00
[2026-04-21T05:12:18.726+0000] {processor.py:208} INFO - Processing /opt/airflow/dags/kafka_load.py took 0.328 seconds
[2026-04-21T05:12:49.071+0000] {processor.py:186} INFO - Started process (PID=240) to work on /opt/airflow/dags/kafka_load.py
[2026-04-21T05:12:49.073+0000] {processor.py:914} INFO - Processing file /opt/airflow/dags/kafka_load.py for tasks to queue
[2026-04-21T05:12:49.077+0000] {logging_mixin.py:190} INFO - [2026-04-21T05:12:49.076+0000] {dagbag.py:588} INFO - Filling up the DagBag from /opt/airflow/dags/kafka_load.py
[2026-04-21T05:12:49.118+0000] {processor.py:925} INFO - DAG(s) 'kafka_producer' retrieved from /opt/airflow/dags/kafka_load.py
[2026-04-21T05:12:49.149+0000] {logging_mixin.py:190} INFO - [2026-04-21T05:12:49.148+0000] {dag.py:3239} INFO - Sync 1 DAGs
[2026-04-21T05:12:49.198+0000] {logging_mixin.py:190} INFO - [2026-04-21T05:12:49.198+0000] {dag.py:4180} INFO - Setting next_dagrun for kafka_producer to 2026-04-20 18:30:00+00:00, run_after=2026-04-21 18:30:00+00:00
[2026-04-21T05:12:49.239+0000] {processor.py:208} INFO - Processing /opt/airflow/dags/kafka_load.py took 0.178 seconds
[2026-04-21T05:13:19.596+0000] {processor.py:186} INFO - Started process (PID=243) to work on /opt/airflow/dags/kafka_load.py
[2026-04-21T05:13:19.597+0000] {processor.py:914} INFO - Processing file /opt/airflow/dags/kafka_load.py for tasks to queue
[2026-04-21T05:13:19.601+0000] {logging_mixin.py:190} INFO - [2026-04-21T05:13:19.601+0000] {dagbag.py:588} INFO - Filling up the DagBag from /opt/airflow/dags/kafka_load.py
[2026-04-21T05:13:19.660+0000] {processor.py:925} INFO - DAG(s) 'kafka_producer' retrieved from /opt/airflow/dags/kafka_load.py
[2026-04-21T05:13:19.699+0000] {logging_mixin.py:190} INFO - [2026-04-21T05:13:19.699+0000] {dag.py:3239} INFO - Sync 1 DAGs
[2026-04-21T05:13:19.742+0000] {logging_mixin.py:190} INFO - [2026-04-21T05:13:19.742+0000] {dag.py:4180} INFO - Setting next_dagrun for kafka_producer to 2026-04-20 18:30:00+00:00, run_after=2026-04-21 18:30:00+00:00
[2026-04-21T05:13:20.494+0000] {processor.py:208} INFO - Processing /opt/airflow/dags/kafka_load.py took 0.910 seconds
[2026-04-21T05:13:51.032+0000] {processor.py:186} INFO - Started process (PID=247) to work on /opt/airflow/dags/kafka_load.py
[2026-04-21T05:13:51.034+0000] {processor.py:914} INFO - Processing file /opt/airflow/dags/kafka_load.py for tasks to queue
[2026-04-21T05:13:51.037+0000] {logging_mixin.py:190} INFO - [2026-04-21T05:13:51.037+0000] {dagbag.py:588} INFO - Filling up the DagBag from /opt/airflow/dags/kafka_load.py
[2026-04-21T05:13:51.073+0000] {processor.py:925} INFO - DAG(s) 'kafka_producer' retrieved from /opt/airflow/dags/kafka_load.py
[2026-04-21T05:13:51.102+0000] {logging_mixin.py:190} INFO - [2026-04-21T05:13:51.101+0000] {dag.py:3239} INFO - Sync 1 DAGs
[2026-04-21T05:13:51.143+0000] {logging_mixin.py:190} INFO - [2026-04-21T05:13:51.143+0000] {dag.py:4180} INFO - Setting next_dagrun for kafka_producer to 2026-04-20 18:30:00+00:00, run_after=2026-04-21 18:30:00+00:00
[2026-04-21T05:13:51.179+0000] {processor.py:208} INFO - Processing /opt/airflow/dags/kafka_load.py took 0.158 seconds
[2026-04-21T05:14:21.706+0000] {processor.py:186} INFO - Started process (PID=250) to work on /opt/airflow/dags/kafka_load.py
[2026-04-21T05:14:21.708+0000] {processor.py:914} INFO - Processing file /opt/airflow/dags/kafka_load.py for tasks to queue
[2026-04-21T05:14:21.714+0000] {logging_mixin.py:190} INFO - [2026-04-21T05:14:21.714+0000] {dagbag.py:588} INFO - Filling up the DagBag from /opt/airflow/dags/kafka_load.py
[2026-04-21T05:14:21.762+0000] {processor.py:925} INFO - DAG(s) 'kafka_producer' retrieved from /opt/airflow/dags/kafka_load.py
[2026-04-21T05:14:21.800+0000] {logging_mixin.py:190} INFO - [2026-04-21T05:14:21.800+0000] {dag.py:3239} INFO - Sync 1 DAGs
[2026-04-21T05:14:21.839+0000] {logging_mixin.py:190} INFO - [2026-04-21T05:14:21.839+0000] {dag.py:4180} INFO - Setting next_dagrun for kafka_producer to 2026-04-20 18:30:00+00:00, run_after=2026-04-21 18:30:00+00:00
[2026-04-21T05:14:21.866+0000] {processor.py:208} INFO - Processing /opt/airflow/dags/kafka_load.py took 0.169 seconds
[2026-04-21T05:14:52.345+0000] {processor.py:186} INFO - Started process (PID=253) to work on /opt/airflow/dags/kafka_load.py
[2026-04-21T05:14:52.346+0000] {processor.py:914} INFO - Processing file /opt/airflow/dags/kafka_load.py for tasks to queue
[2026-04-21T05:14:52.352+0000] {logging_mixin.py:190} INFO - [2026-04-21T05:14:52.351+0000] {dagbag.py:588} INFO - Filling up the DagBag from /opt/airflow/dags/kafka_load.py
[2026-04-21T05:14:52.388+0000] {processor.py:925} INFO - DAG(s) 'kafka_producer' retrieved from /opt/airflow/dags/kafka_load.py
[2026-04-21T05:14:52.414+0000] {logging_mixin.py:190} INFO - [2026-04-21T05:14:52.414+0000] {dag.py:3239} INFO - Sync 1 DAGs
[2026-04-21T05:14:52.446+0000] {logging_mixin.py:190} INFO - [2026-04-21T05:14:52.446+0000] {dag.py:4180} INFO - Setting next_dagrun for kafka_producer to 2026-04-20 18:30:00+00:00, run_after=2026-04-21 18:30:00+00:00
[2026-04-21T05:14:52.471+0000] {processor.py:208} INFO - Processing /opt/airflow/dags/kafka_load.py took 0.136 seconds
[2026-04-21T05:15:22.705+0000] {processor.py:186} INFO - Started process (PID=256) to work on /opt/airflow/dags/kafka_load.py
[2026-04-21T05:15:22.707+0000] {processor.py:914} INFO - Processing file /opt/airflow/dags/kafka_load.py for tasks to queue
[2026-04-21T05:15:22.710+0000] {logging_mixin.py:190} INFO - [2026-04-21T05:15:22.709+0000] {dagbag.py:588} INFO - Filling up the DagBag from /opt/airflow/dags/kafka_load.py
[2026-04-21T05:15:22.746+0000] {processor.py:925} INFO - DAG(s) 'kafka_producer' retrieved from /opt/airflow/dags/kafka_load.py
[2026-04-21T05:15:22.774+0000] {logging_mixin.py:190} INFO - [2026-04-21T05:15:22.773+0000] {dag.py:3239} INFO - Sync 1 DAGs
[2026-04-21T05:15:22.805+0000] {logging_mixin.py:190} INFO - [2026-04-21T05:15:22.805+0000] {dag.py:4180} INFO - Setting next_dagrun for kafka_producer to 2026-04-20 18:30:00+00:00, run_after=2026-04-21 18:30:00+00:00
[2026-04-21T05:15:22.832+0000] {processor.py:208} INFO - Processing /opt/airflow/dags/kafka_load.py took 0.136 seconds
[2026-04-21T05:15:53.315+0000] {processor.py:186} INFO - Started process (PID=259) to work on /opt/airflow/dags/kafka_load.py
[2026-04-21T05:15:53.317+0000] {processor.py:914} INFO - Processing file /opt/airflow/dags/kafka_load.py for tasks to queue
[2026-04-21T05:15:53.320+0000] {logging_mixin.py:190} INFO - [2026-04-21T05:15:53.320+0000] {dagbag.py:588} INFO - Filling up the DagBag from /opt/airflow/dags/kafka_load.py
[2026-04-21T05:15:53.362+0000] {processor.py:925} INFO - DAG(s) 'kafka_producer' retrieved from /opt/airflow/dags/kafka_load.py
[2026-04-21T05:15:53.396+0000] {logging_mixin.py:190} INFO - [2026-04-21T05:15:53.395+0000] {dag.py:3239} INFO - Sync 1 DAGs
[2026-04-21T05:15:53.436+0000] {logging_mixin.py:190} INFO - [2026-04-21T05:15:53.436+0000] {dag.py:4180} INFO - Setting next_dagrun for kafka_producer to 2026-04-20 18:30:00+00:00, run_after=2026-04-21 18:30:00+00:00
[2026-04-21T05:15:53.465+0000] {processor.py:208} INFO - Processing /opt/airflow/dags/kafka_load.py took 0.161 seconds
[2026-04-21T05:16:24.013+0000] {processor.py:186} INFO - Started process (PID=262) to work on /opt/airflow/dags/kafka_load.py
[2026-04-21T05:16:24.014+0000] {processor.py:914} INFO - Processing file /opt/airflow/dags/kafka_load.py for tasks to queue
[2026-04-21T05:16:24.019+0000] {logging_mixin.py:190} INFO - [2026-04-21T05:16:24.018+0000] {dagbag.py:588} INFO - Filling up the DagBag from /opt/airflow/dags/kafka_load.py
[2026-04-21T05:16:24.054+0000] {processor.py:925} INFO - DAG(s) 'kafka_producer' retrieved from /opt/airflow/dags/kafka_load.py
[2026-04-21T05:16:24.084+0000] {logging_mixin.py:190} INFO - [2026-04-21T05:16:24.083+0000] {dag.py:3239} INFO - Sync 1 DAGs
[2026-04-21T05:16:24.115+0000] {logging_mixin.py:190} INFO - [2026-04-21T05:16:24.114+0000] {dag.py:4180} INFO - Setting next_dagrun for kafka_producer to 2026-04-20 18:30:00+00:00, run_after=2026-04-21 18:30:00+00:00
[2026-04-21T05:16:24.141+0000] {processor.py:208} INFO - Processing /opt/airflow/dags/kafka_load.py took 0.135 seconds
[2026-04-21T05:16:54.491+0000] {processor.py:186} INFO - Started process (PID=265) to work on /opt/airflow/dags/kafka_load.py
[2026-04-21T05:16:54.493+0000] {processor.py:914} INFO - Processing file /opt/airflow/dags/kafka_load.py for tasks to queue
[2026-04-21T05:16:54.497+0000] {logging_mixin.py:190} INFO - [2026-04-21T05:16:54.496+0000] {dagbag.py:588} INFO - Filling up the DagBag from /opt/airflow/dags/kafka_load.py
[2026-04-21T05:16:54.540+0000] {processor.py:925} INFO - DAG(s) 'kafka_producer' retrieved from /opt/airflow/dags/kafka_load.py
[2026-04-21T05:16:54.570+0000] {logging_mixin.py:190} INFO - [2026-04-21T05:16:54.570+0000] {dag.py:3239} INFO - Sync 1 DAGs
[2026-04-21T05:16:54.605+0000] {logging_mixin.py:190} INFO - [2026-04-21T05:16:54.604+0000] {dag.py:4180} INFO - Setting next_dagrun for kafka_producer to 2026-04-20 18:30:00+00:00, run_after=2026-04-21 18:30:00+00:00
[2026-04-21T05:16:54.632+0000] {processor.py:208} INFO - Processing /opt/airflow/dags/kafka_load.py took 0.148 seconds
[2026-04-21T05:17:24.983+0000] {processor.py:186} INFO - Started process (PID=268) to work on /opt/airflow/dags/kafka_load.py
[2026-04-21T05:17:24.986+0000] {processor.py:914} INFO - Processing file /opt/airflow/dags/kafka_load.py for tasks to queue
[2026-04-21T05:17:24.990+0000] {logging_mixin.py:190} INFO - [2026-04-21T05:17:24.989+0000] {dagbag.py:588} INFO - Filling up the DagBag from /opt/airflow/dags/kafka_load.py
[2026-04-21T05:17:25.030+0000] {processor.py:925} INFO - DAG(s) 'kafka_producer' retrieved from /opt/airflow/dags/kafka_load.py
[2026-04-21T05:17:25.060+0000] {logging_mixin.py:190} INFO - [2026-04-21T05:17:25.060+0000] {dag.py:3239} INFO - Sync 1 DAGs
[2026-04-21T05:17:25.096+0000] {logging_mixin.py:190} INFO - [2026-04-21T05:17:25.096+0000] {dag.py:4180} INFO - Setting next_dagrun for kafka_producer to 2026-04-20 18:30:00+00:00, run_after=2026-04-21 18:30:00+00:00
[2026-04-21T05:17:25.127+0000] {processor.py:208} INFO - Processing /opt/airflow/dags/kafka_load.py took 0.152 seconds
[2026-04-21T05:17:55.516+0000] {processor.py:186} INFO - Started process (PID=271) to work on /opt/airflow/dags/kafka_load.py
[2026-04-21T05:17:55.518+0000] {processor.py:914} INFO - Processing file /opt/airflow/dags/kafka_load.py for tasks to queue
[2026-04-21T05:17:55.521+0000] {logging_mixin.py:190} INFO - [2026-04-21T05:17:55.521+0000] {dagbag.py:588} INFO - Filling up the DagBag from /opt/airflow/dags/kafka_load.py
[2026-04-21T05:17:55.551+0000] {processor.py:925} INFO - DAG(s) 'kafka_producer' retrieved from /opt/airflow/dags/kafka_load.py
[2026-04-21T05:17:55.579+0000] {logging_mixin.py:190} INFO - [2026-04-21T05:17:55.579+0000] {dag.py:3239} INFO - Sync 1 DAGs
[2026-04-21T05:17:55.613+0000] {logging_mixin.py:190} INFO - [2026-04-21T05:17:55.613+0000] {dag.py:4180} INFO - Setting next_dagrun for kafka_producer to 2026-04-20 18:30:00+00:00, run_after=2026-04-21 18:30:00+00:00
[2026-04-21T05:17:55.645+0000] {processor.py:208} INFO - Processing /opt/airflow/dags/kafka_load.py took 0.138 seconds
[2026-04-21T05:18:26.376+0000] {processor.py:186} INFO - Started process (PID=274) to work on /opt/airflow/dags/kafka_load.py
[2026-04-21T05:18:26.377+0000] {processor.py:914} INFO - Processing file /opt/airflow/dags/kafka_load.py for tasks to queue
[2026-04-21T05:18:26.382+0000] {logging_mixin.py:190} INFO - [2026-04-21T05:18:26.381+0000] {dagbag.py:588} INFO - Filling up the DagBag from /opt/airflow/dags/kafka_load.py
[2026-04-21T05:18:26.427+0000] {processor.py:925} INFO - DAG(s) 'kafka_producer' retrieved from /opt/airflow/dags/kafka_load.py
[2026-04-21T05:18:26.464+0000] {logging_mixin.py:190} INFO - [2026-04-21T05:18:26.464+0000] {dag.py:3239} INFO - Sync 1 DAGs
[2026-04-21T05:18:26.503+0000] {logging_mixin.py:190} INFO - [2026-04-21T05:18:26.503+0000] {dag.py:4180} INFO - Setting next_dagrun for kafka_producer to 2026-04-20 18:30:00+00:00, run_after=2026-04-21 18:30:00+00:00
[2026-04-21T05:18:26.930+0000] {processor.py:208} INFO - Processing /opt/airflow/dags/kafka_load.py took 0.563 seconds
[2026-04-21T05:18:57.490+0000] {processor.py:186} INFO - Started process (PID=277) to work on /opt/airflow/dags/kafka_load.py
[2026-04-21T05:18:57.491+0000] {processor.py:914} INFO - Processing file /opt/airflow/dags/kafka_load.py for tasks to queue
[2026-04-21T05:18:57.495+0000] {logging_mixin.py:190} INFO - [2026-04-21T05:18:57.494+0000] {dagbag.py:588} INFO - Filling up the DagBag from /opt/airflow/dags/kafka_load.py
[2026-04-21T05:18:57.565+0000] {processor.py:925} INFO - DAG(s) 'kafka_producer' retrieved from /opt/airflow/dags/kafka_load.py
[2026-04-21T05:18:57.620+0000] {logging_mixin.py:190} INFO - [2026-04-21T05:18:57.620+0000] {dag.py:3239} INFO - Sync 1 DAGs
[2026-04-21T05:18:57.661+0000] {logging_mixin.py:190} INFO - [2026-04-21T05:18:57.660+0000] {dag.py:4180} INFO - Setting next_dagrun for kafka_producer to 2026-04-20 18:30:00+00:00, run_after=2026-04-21 18:30:00+00:00
[2026-04-21T05:18:57.687+0000] {processor.py:208} INFO - Processing /opt/airflow/dags/kafka_load.py took 0.213 seconds
[2026-04-21T05:19:28.170+0000] {processor.py:186} INFO - Started process (PID=280) to work on /opt/airflow/dags/kafka_load.py
[2026-04-21T05:19:28.171+0000] {processor.py:914} INFO - Processing file /opt/airflow/dags/kafka_load.py for tasks to queue
[2026-04-21T05:19:28.175+0000] {logging_mixin.py:190} INFO - [2026-04-21T05:19:28.174+0000] {dagbag.py:588} INFO - Filling up the DagBag from /opt/airflow/dags/kafka_load.py
[2026-04-21T05:19:28.213+0000] {processor.py:925} INFO - DAG(s) 'kafka_producer' retrieved from /opt/airflow/dags/kafka_load.py
[2026-04-21T05:19:28.263+0000] {logging_mixin.py:190} INFO - [2026-04-21T05:19:28.263+0000] {dag.py:3239} INFO - Sync 1 DAGs
[2026-04-21T05:19:28.297+0000] {logging_mixin.py:190} INFO - [2026-04-21T05:19:28.297+0000] {dag.py:4180} INFO - Setting next_dagrun for kafka_producer to 2026-04-20 18:30:00+00:00, run_after=2026-04-21 18:30:00+00:00
[2026-04-21T05:19:28.324+0000] {processor.py:208} INFO - Processing /opt/airflow/dags/kafka_load.py took 0.163 seconds
[2026-04-21T05:19:58.739+0000] {processor.py:186} INFO - Started process (PID=283) to work on /opt/airflow/dags/kafka_load.py
[2026-04-21T05:19:58.741+0000] {processor.py:914} INFO - Processing file /opt/airflow/dags/kafka_load.py for tasks to queue
[2026-04-21T05:19:58.745+0000] {logging_mixin.py:190} INFO - [2026-04-21T05:19:58.744+0000] {dagbag.py:588} INFO - Filling up the DagBag from /opt/airflow/dags/kafka_load.py
[2026-04-21T05:19:58.782+0000] {processor.py:925} INFO - DAG(s) 'kafka_producer' retrieved from /opt/airflow/dags/kafka_load.py
[2026-04-21T05:19:58.812+0000] {logging_mixin.py:190} INFO - [2026-04-21T05:19:58.811+0000] {dag.py:3239} INFO - Sync 1 DAGs
[2026-04-21T05:19:58.847+0000] {logging_mixin.py:190} INFO - [2026-04-21T05:19:58.846+0000] {dag.py:4180} INFO - Setting next_dagrun for kafka_producer to 2026-04-20 18:30:00+00:00, run_after=2026-04-21 18:30:00+00:00
[2026-04-21T05:19:58.881+0000] {processor.py:208} INFO - Processing /opt/airflow/dags/kafka_load.py took 0.152 seconds
[2026-04-21T05:20:29.450+0000] {processor.py:186} INFO - Started process (PID=286) to work on /opt/airflow/dags/kafka_load.py
[2026-04-21T05:20:29.453+0000] {processor.py:914} INFO - Processing file /opt/airflow/dags/kafka_load.py for tasks to queue
[2026-04-21T05:20:29.458+0000] {logging_mixin.py:190} INFO - [2026-04-21T05:20:29.458+0000] {dagbag.py:588} INFO - Filling up the DagBag from /opt/airflow/dags/kafka_load.py
[2026-04-21T05:20:29.498+0000] {processor.py:925} INFO - DAG(s) 'kafka_producer' retrieved from /opt/airflow/dags/kafka_load.py
[2026-04-21T05:20:29.525+0000] {logging_mixin.py:190} INFO - [2026-04-21T05:20:29.525+0000] {dag.py:3239} INFO - Sync 1 DAGs
[2026-04-21T05:20:29.557+0000] {logging_mixin.py:190} INFO - [2026-04-21T05:20:29.557+0000] {dag.py:4180} INFO - Setting next_dagrun for kafka_producer to 2026-04-20 18:30:00+00:00, run_after=2026-04-21 18:30:00+00:00
[2026-04-21T05:20:29.585+0000] {processor.py:208} INFO - Processing /opt/airflow/dags/kafka_load.py took 0.152 seconds
[2026-04-21T05:21:00.004+0000] {processor.py:186} INFO - Started process (PID=289) to work on /opt/airflow/dags/kafka_load.py
[2026-04-21T05:21:00.006+0000] {processor.py:914} INFO - Processing file /opt/airflow/dags/kafka_load.py for tasks to queue
[2026-04-21T05:21:00.009+0000] {logging_mixin.py:190} INFO - [2026-04-21T05:21:00.009+0000] {dagbag.py:588} INFO - Filling up the DagBag from /opt/airflow/dags/kafka_load.py
[2026-04-21T05:21:00.054+0000] {processor.py:925} INFO - DAG(s) 'kafka_producer' retrieved from /opt/airflow/dags/kafka_load.py
[2026-04-21T05:21:00.092+0000] {logging_mixin.py:190} INFO - [2026-04-21T05:21:00.091+0000] {dag.py:3239} INFO - Sync 1 DAGs
[2026-04-21T05:21:00.146+0000] {logging_mixin.py:190} INFO - [2026-04-21T05:21:00.146+0000] {dag.py:4180} INFO - Setting next_dagrun for kafka_producer to 2026-04-20 18:30:00+00:00, run_after=2026-04-21 18:30:00+00:00
[2026-04-21T05:21:00.177+0000] {processor.py:208} INFO - Processing /opt/airflow/dags/kafka_load.py took 0.185 seconds
[2026-04-21T05:21:30.317+0000] {processor.py:186} INFO - Started process (PID=292) to work on /opt/airflow/dags/kafka_load.py
[2026-04-21T05:21:30.318+0000] {processor.py:914} INFO - Processing file /opt/airflow/dags/kafka_load.py for tasks to queue
[2026-04-21T05:21:30.321+0000] {logging_mixin.py:190} INFO - [2026-04-21T05:21:30.321+0000] {dagbag.py:588} INFO - Filling up the DagBag from /opt/airflow/dags/kafka_load.py
[2026-04-21T05:21:30.358+0000] {processor.py:925} INFO - DAG(s) 'kafka_producer' retrieved from /opt/airflow/dags/kafka_load.py
[2026-04-21T05:21:30.386+0000] {logging_mixin.py:190} INFO - [2026-04-21T05:21:30.386+0000] {dag.py:3239} INFO - Sync 1 DAGs
[2026-04-21T05:21:30.429+0000] {logging_mixin.py:190} INFO - [2026-04-21T05:21:30.429+0000] {dag.py:4180} INFO - Setting next_dagrun for kafka_producer to 2026-04-20 18:30:00+00:00, run_after=2026-04-21 18:30:00+00:00
[2026-04-21T05:21:30.966+0000] {processor.py:208} INFO - Processing /opt/airflow/dags/kafka_load.py took 0.658 seconds
[2026-04-21T05:22:01.431+0000] {processor.py:186} INFO - Started process (PID=295) to work on /opt/airflow/dags/kafka_load.py
[2026-04-21T05:22:01.432+0000] {processor.py:914} INFO - Processing file /opt/airflow/dags/kafka_load.py for tasks to queue
[2026-04-21T05:22:01.436+0000] {logging_mixin.py:190} INFO - [2026-04-21T05:22:01.435+0000] {dagbag.py:588} INFO - Filling up the DagBag from /opt/airflow/dags/kafka_load.py
[2026-04-21T05:22:01.466+0000] {processor.py:925} INFO - DAG(s) 'kafka_producer' retrieved from /opt/airflow/dags/kafka_load.py
[2026-04-21T05:22:01.492+0000] {logging_mixin.py:190} INFO - [2026-04-21T05:22:01.492+0000] {dag.py:3239} INFO - Sync 1 DAGs
[2026-04-21T05:22:01.522+0000] {logging_mixin.py:190} INFO - [2026-04-21T05:22:01.522+0000] {dag.py:4180} INFO - Setting next_dagrun for kafka_producer to 2026-04-20 18:30:00+00:00, run_after=2026-04-21 18:30:00+00:00
[2026-04-21T05:22:01.545+0000] {processor.py:208} INFO - Processing /opt/airflow/dags/kafka_load.py took 0.129 seconds
[2026-04-21T05:22:31.962+0000] {processor.py:186} INFO - Started process (PID=298) to work on /opt/airflow/dags/kafka_load.py
[2026-04-21T05:22:31.963+0000] {processor.py:914} INFO - Processing file /opt/airflow/dags/kafka_load.py for tasks to queue
[2026-04-21T05:22:31.966+0000] {logging_mixin.py:190} INFO - [2026-04-21T05:22:31.966+0000] {dagbag.py:588} INFO - Filling up the DagBag from /opt/airflow/dags/kafka_load.py
[2026-04-21T05:22:32.010+0000] {processor.py:925} INFO - DAG(s) 'kafka_producer' retrieved from /opt/airflow/dags/kafka_load.py
[2026-04-21T05:22:32.040+0000] {logging_mixin.py:190} INFO - [2026-04-21T05:22:32.040+0000] {dag.py:3239} INFO - Sync 1 DAGs
[2026-04-21T05:22:32.075+0000] {logging_mixin.py:190} INFO - [2026-04-21T05:22:32.075+0000] {dag.py:4180} INFO - Setting next_dagrun for kafka_producer to 2026-04-20 18:30:00+00:00, run_after=2026-04-21 18:30:00+00:00
[2026-04-21T05:22:32.103+0000] {processor.py:208} INFO - Processing /opt/airflow/dags/kafka_load.py took 0.151 seconds
[2026-04-21T05:23:02.564+0000] {processor.py:186} INFO - Started process (PID=301) to work on /opt/airflow/dags/kafka_load.py
[2026-04-21T05:23:02.565+0000] {processor.py:914} INFO - Processing file /opt/airflow/dags/kafka_load.py for tasks to queue
[2026-04-21T05:23:02.569+0000] {logging_mixin.py:190} INFO - [2026-04-21T05:23:02.568+0000] {dagbag.py:588} INFO - Filling up the DagBag from /opt/airflow/dags/kafka_load.py
[2026-04-21T05:23:02.608+0000] {processor.py:925} INFO - DAG(s) 'kafka_producer' retrieved from /opt/airflow/dags/kafka_load.py
[2026-04-21T05:23:02.643+0000] {logging_mixin.py:190} INFO - [2026-04-21T05:23:02.642+0000] {dag.py:3239} INFO - Sync 1 DAGs
[2026-04-21T05:23:02.695+0000] {logging_mixin.py:190} INFO - [2026-04-21T05:23:02.695+0000] {dag.py:4180} INFO - Setting next_dagrun for kafka_producer to 2026-04-20 18:30:00+00:00, run_after=2026-04-21 18:30:00+00:00
[2026-04-21T05:23:02.722+0000] {processor.py:208} INFO - Processing /opt/airflow/dags/kafka_load.py took 0.167 seconds
[2026-04-21T05:23:33.219+0000] {processor.py:186} INFO - Started process (PID=304) to work on /opt/airflow/dags/kafka_load.py
[2026-04-21T05:23:33.220+0000] {processor.py:914} INFO - Processing file /opt/airflow/dags/kafka_load.py for tasks to queue
[2026-04-21T05:23:33.226+0000] {logging_mixin.py:190} INFO - [2026-04-21T05:23:33.225+0000] {dagbag.py:588} INFO - Filling up the DagBag from /opt/airflow/dags/kafka_load.py
[2026-04-21T05:23:33.259+0000] {processor.py:925} INFO - DAG(s) 'kafka_producer' retrieved from /opt/airflow/dags/kafka_load.py
[2026-04-21T05:23:33.286+0000] {logging_mixin.py:190} INFO - [2026-04-21T05:23:33.286+0000] {dag.py:3239} INFO - Sync 1 DAGs
[2026-04-21T05:23:33.322+0000] {logging_mixin.py:190} INFO - [2026-04-21T05:23:33.321+0000] {dag.py:4180} INFO - Setting next_dagrun for kafka_producer to 2026-04-20 18:30:00+00:00, run_after=2026-04-21 18:30:00+00:00
[2026-04-21T05:23:33.349+0000] {processor.py:208} INFO - Processing /opt/airflow/dags/kafka_load.py took 0.139 seconds
[2026-04-21T05:24:03.895+0000] {processor.py:186} INFO - Started process (PID=307) to work on /opt/airflow/dags/kafka_load.py
[2026-04-21T05:24:03.897+0000] {processor.py:914} INFO - Processing file /opt/airflow/dags/kafka_load.py for tasks to queue
[2026-04-21T05:24:03.900+0000] {logging_mixin.py:190} INFO - [2026-04-21T05:24:03.900+0000] {dagbag.py:588} INFO - Filling up the DagBag from /opt/airflow/dags/kafka_load.py
[2026-04-21T05:24:03.937+0000] {processor.py:925} INFO - DAG(s) 'kafka_producer' retrieved from /opt/airflow/dags/kafka_load.py
[2026-04-21T05:24:03.967+0000] {logging_mixin.py:190} INFO - [2026-04-21T05:24:03.966+0000] {dag.py:3239} INFO - Sync 1 DAGs
[2026-04-21T05:24:04.007+0000] {logging_mixin.py:190} INFO - [2026-04-21T05:24:04.006+0000] {dag.py:4180} INFO - Setting next_dagrun for kafka_producer to 2026-04-20 18:30:00+00:00, run_after=2026-04-21 18:30:00+00:00
[2026-04-21T05:24:04.034+0000] {processor.py:208} INFO - Processing /opt/airflow/dags/kafka_load.py took 0.148 seconds
[2026-04-21T05:24:34.510+0000] {processor.py:186} INFO - Started process (PID=310) to work on /opt/airflow/dags/kafka_load.py
[2026-04-21T05:24:34.511+0000] {processor.py:914} INFO - Processing file /opt/airflow/dags/kafka_load.py for tasks to queue
[2026-04-21T05:24:34.516+0000] {logging_mixin.py:190} INFO - [2026-04-21T05:24:34.515+0000] {dagbag.py:588} INFO - Filling up the DagBag from /opt/airflow/dags/kafka_load.py
[2026-04-21T05:24:34.551+0000] {processor.py:925} INFO - DAG(s) 'kafka_producer' retrieved from /opt/airflow/dags/kafka_load.py
[2026-04-21T05:24:34.583+0000] {logging_mixin.py:190} INFO - [2026-04-21T05:24:34.583+0000] {dag.py:3239} INFO - Sync 1 DAGs
[2026-04-21T05:24:34.618+0000] {logging_mixin.py:190} INFO - [2026-04-21T05:24:34.617+0000] {dag.py:4180} INFO - Setting next_dagrun for kafka_producer to 2026-04-20 18:30:00+00:00, run_after=2026-04-21 18:30:00+00:00
[2026-04-21T05:24:34.648+0000] {processor.py:208} INFO - Processing /opt/airflow/dags/kafka_load.py took 0.150 seconds
[2026-04-21T05:25:05.195+0000] {processor.py:186} INFO - Started process (PID=313) to work on /opt/airflow/dags/kafka_load.py
[2026-04-21T05:25:05.197+0000] {processor.py:914} INFO - Processing file /opt/airflow/dags/kafka_load.py for tasks to queue
[2026-04-21T05:25:05.200+0000] {logging_mixin.py:190} INFO - [2026-04-21T05:25:05.200+0000] {dagbag.py:588} INFO - Filling up the DagBag from /opt/airflow/dags/kafka_load.py
[2026-04-21T05:25:05.321+0000] {processor.py:925} INFO - DAG(s) 'kafka_producer' retrieved from /opt/airflow/dags/kafka_load.py
[2026-04-21T05:25:05.463+0000] {logging_mixin.py:190} INFO - [2026-04-21T05:25:05.462+0000] {dag.py:3239} INFO - Sync 1 DAGs
[2026-04-21T05:25:05.546+0000] {logging_mixin.py:190} INFO - [2026-04-21T05:25:05.546+0000] {dag.py:4180} INFO - Setting next_dagrun for kafka_producer to 2026-04-20 18:30:00+00:00, run_after=2026-04-21 18:30:00+00:00
[2026-04-21T05:25:05.613+0000] {processor.py:208} INFO - Processing /opt/airflow/dags/kafka_load.py took 0.428 seconds
[2026-04-21T05:25:35.716+0000] {processor.py:186} INFO - Started process (PID=316) to work on /opt/airflow/dags/kafka_load.py
[2026-04-21T05:25:35.718+0000] {processor.py:914} INFO - Processing file /opt/airflow/dags/kafka_load.py for tasks to queue
[2026-04-21T05:25:35.721+0000] {logging_mixin.py:190} INFO - [2026-04-21T05:25:35.721+0000] {dagbag.py:588} INFO - Filling up the DagBag from /opt/airflow/dags/kafka_load.py
[2026-04-21T05:25:35.759+0000] {processor.py:925} INFO - DAG(s) 'kafka_producer' retrieved from /opt/airflow/dags/kafka_load.py
[2026-04-21T05:25:35.783+0000] {logging_mixin.py:190} INFO - [2026-04-21T05:25:35.782+0000] {dag.py:3239} INFO - Sync 1 DAGs
[2026-04-21T05:25:35.814+0000] {logging_mixin.py:190} INFO - [2026-04-21T05:25:35.814+0000] {dag.py:4180} INFO - Setting next_dagrun for kafka_producer to 2026-04-20 18:30:00+00:00, run_after=2026-04-21 18:30:00+00:00
[2026-04-21T05:25:35.842+0000] {processor.py:208} INFO - Processing /opt/airflow/dags/kafka_load.py took 0.136 seconds
[2026-04-21T05:26:06.282+0000] {processor.py:186} INFO - Started process (PID=319) to work on /opt/airflow/dags/kafka_load.py
[2026-04-21T05:26:06.283+0000] {processor.py:914} INFO - Processing file /opt/airflow/dags/kafka_load.py for tasks to queue
[2026-04-21T05:26:06.286+0000] {logging_mixin.py:190} INFO - [2026-04-21T05:26:06.286+0000] {dagbag.py:588} INFO - Filling up the DagBag from /opt/airflow/dags/kafka_load.py
[2026-04-21T05:26:06.328+0000] {processor.py:925} INFO - DAG(s) 'kafka_producer' retrieved from /opt/airflow/dags/kafka_load.py
[2026-04-21T05:26:06.357+0000] {logging_mixin.py:190} INFO - [2026-04-21T05:26:06.356+0000] {dag.py:3239} INFO - Sync 1 DAGs
[2026-04-21T05:26:06.401+0000] {logging_mixin.py:190} INFO - [2026-04-21T05:26:06.400+0000] {dag.py:4180} INFO - Setting next_dagrun for kafka_producer to 2026-04-20 18:30:00+00:00, run_after=2026-04-21 18:30:00+00:00
[2026-04-21T05:26:06.435+0000] {processor.py:208} INFO - Processing /opt/airflow/dags/kafka_load.py took 0.163 seconds
[2026-04-21T05:26:36.859+0000] {processor.py:186} INFO - Started process (PID=322) to work on /opt/airflow/dags/kafka_load.py
[2026-04-21T05:26:36.861+0000] {processor.py:914} INFO - Processing file /opt/airflow/dags/kafka_load.py for tasks to queue
[2026-04-21T05:26:36.866+0000] {logging_mixin.py:190} INFO - [2026-04-21T05:26:36.866+0000] {dagbag.py:588} INFO - Filling up the DagBag from /opt/airflow/dags/kafka_load.py
[2026-04-21T05:26:36.907+0000] {processor.py:925} INFO - DAG(s) 'kafka_producer' retrieved from /opt/airflow/dags/kafka_load.py
[2026-04-21T05:26:36.937+0000] {logging_mixin.py:190} INFO - [2026-04-21T05:26:36.936+0000] {dag.py:3239} INFO - Sync 1 DAGs
[2026-04-21T05:26:36.968+0000] {logging_mixin.py:190} INFO - [2026-04-21T05:26:36.968+0000] {dag.py:4180} INFO - Setting next_dagrun for kafka_producer to 2026-04-20 18:30:00+00:00, run_after=2026-04-21 18:30:00+00:00
[2026-04-21T05:26:36.997+0000] {processor.py:208} INFO - Processing /opt/airflow/dags/kafka_load.py took 0.147 seconds
[2026-04-21T05:27:07.527+0000] {processor.py:186} INFO - Started process (PID=325) to work on /opt/airflow/dags/kafka_load.py
[2026-04-21T05:27:07.529+0000] {processor.py:914} INFO - Processing file /opt/airflow/dags/kafka_load.py for tasks to queue
[2026-04-21T05:27:07.533+0000] {logging_mixin.py:190} INFO - [2026-04-21T05:27:07.532+0000] {dagbag.py:588} INFO - Filling up the DagBag from /opt/airflow/dags/kafka_load.py
[2026-04-21T05:27:07.570+0000] {processor.py:925} INFO - DAG(s) 'kafka_producer' retrieved from /opt/airflow/dags/kafka_load.py
[2026-04-21T05:27:07.598+0000] {logging_mixin.py:190} INFO - [2026-04-21T05:27:07.598+0000] {dag.py:3239} INFO - Sync 1 DAGs
[2026-04-21T05:27:07.633+0000] {logging_mixin.py:190} INFO - [2026-04-21T05:27:07.632+0000] {dag.py:4180} INFO - Setting next_dagrun for kafka_producer to 2026-04-20 18:30:00+00:00, run_after=2026-04-21 18:30:00+00:00
[2026-04-21T05:27:07.663+0000] {processor.py:208} INFO - Processing /opt/airflow/dags/kafka_load.py took 0.144 seconds
[2026-04-21T05:27:37.896+0000] {processor.py:186} INFO - Started process (PID=328) to work on /opt/airflow/dags/kafka_load.py
[2026-04-21T05:27:37.897+0000] {processor.py:914} INFO - Processing file /opt/airflow/dags/kafka_load.py for tasks to queue
[2026-04-21T05:27:37.902+0000] {logging_mixin.py:190} INFO - [2026-04-21T05:27:37.901+0000] {dagbag.py:588} INFO - Filling up the DagBag from /opt/airflow/dags/kafka_load.py
[2026-04-21T05:27:37.939+0000] {processor.py:925} INFO - DAG(s) 'kafka_producer' retrieved from /opt/airflow/dags/kafka_load.py
[2026-04-21T05:27:37.975+0000] {logging_mixin.py:190} INFO - [2026-04-21T05:27:37.975+0000] {dag.py:3239} INFO - Sync 1 DAGs
[2026-04-21T05:27:38.018+0000] {logging_mixin.py:190} INFO - [2026-04-21T05:27:38.017+0000] {dag.py:4180} INFO - Setting next_dagrun for kafka_producer to 2026-04-20 18:30:00+00:00, run_after=2026-04-21 18:30:00+00:00
[2026-04-21T05:27:38.050+0000] {processor.py:208} INFO - Processing /opt/airflow/dags/kafka_load.py took 0.163 seconds
[2026-04-21T05:28:08.523+0000] {processor.py:186} INFO - Started process (PID=331) to work on /opt/airflow/dags/kafka_load.py
[2026-04-21T05:28:08.525+0000] {processor.py:914} INFO - Processing file /opt/airflow/dags/kafka_load.py for tasks to queue
[2026-04-21T05:28:08.528+0000] {logging_mixin.py:190} INFO - [2026-04-21T05:28:08.528+0000] {dagbag.py:588} INFO - Filling up the DagBag from /opt/airflow/dags/kafka_load.py
[2026-04-21T05:28:08.562+0000] {processor.py:925} INFO - DAG(s) 'kafka_producer' retrieved from /opt/airflow/dags/kafka_load.py
[2026-04-21T05:28:08.595+0000] {logging_mixin.py:190} INFO - [2026-04-21T05:28:08.595+0000] {dag.py:3239} INFO - Sync 1 DAGs
[2026-04-21T05:28:08.625+0000] {logging_mixin.py:190} INFO - [2026-04-21T05:28:08.624+0000] {dag.py:4180} INFO - Setting next_dagrun for kafka_producer to 2026-04-20 18:30:00+00:00, run_after=2026-04-21 18:30:00+00:00
[2026-04-21T05:28:08.650+0000] {processor.py:208} INFO - Processing /opt/airflow/dags/kafka_load.py took 0.135 seconds
[2026-04-21T05:28:39.054+0000] {processor.py:186} INFO - Started process (PID=334) to work on /opt/airflow/dags/kafka_load.py
[2026-04-21T05:28:39.056+0000] {processor.py:914} INFO - Processing file /opt/airflow/dags/kafka_load.py for tasks to queue
[2026-04-21T05:28:39.059+0000] {logging_mixin.py:190} INFO - [2026-04-21T05:28:39.058+0000] {dagbag.py:588} INFO - Filling up the DagBag from /opt/airflow/dags/kafka_load.py
[2026-04-21T05:28:39.105+0000] {processor.py:925} INFO - DAG(s) 'kafka_producer' retrieved from /opt/airflow/dags/kafka_load.py
[2026-04-21T05:28:39.138+0000] {logging_mixin.py:190} INFO - [2026-04-21T05:28:39.138+0000] {dag.py:3239} INFO - Sync 1 DAGs
[2026-04-21T05:28:39.171+0000] {logging_mixin.py:190} INFO - [2026-04-21T05:28:39.170+0000] {dag.py:4180} INFO - Setting next_dagrun for kafka_producer to 2026-04-20 18:30:00+00:00, run_after=2026-04-21 18:30:00+00:00
[2026-04-21T05:28:39.996+0000] {processor.py:208} INFO - Processing /opt/airflow/dags/kafka_load.py took 0.954 seconds
[2026-04-21T05:29:10.628+0000] {processor.py:186} INFO - Started process (PID=337) to work on /opt/airflow/dags/kafka_load.py
[2026-04-21T05:29:10.633+0000] {processor.py:914} INFO - Processing file /opt/airflow/dags/kafka_load.py for tasks to queue
[2026-04-21T05:29:10.645+0000] {logging_mixin.py:190} INFO - [2026-04-21T05:29:10.640+0000] {dagbag.py:588} INFO - Filling up the DagBag from /opt/airflow/dags/kafka_load.py
[2026-04-21T05:29:10.783+0000] {processor.py:925} INFO - DAG(s) 'kafka_producer' retrieved from /opt/airflow/dags/kafka_load.py
[2026-04-21T05:29:10.867+0000] {logging_mixin.py:190} INFO - [2026-04-21T05:29:10.867+0000] {dag.py:3239} INFO - Sync 1 DAGs
[2026-04-21T05:29:10.970+0000] {logging_mixin.py:190} INFO - [2026-04-21T05:29:10.969+0000] {dag.py:4180} INFO - Setting next_dagrun for kafka_producer to 2026-04-20 18:30:00+00:00, run_after=2026-04-21 18:30:00+00:00
[2026-04-21T05:29:11.016+0000] {processor.py:208} INFO - Processing /opt/airflow/dags/kafka_load.py took 0.399 seconds
[2026-04-21T05:29:41.330+0000] {processor.py:186} INFO - Started process (PID=340) to work on /opt/airflow/dags/kafka_load.py
[2026-04-21T05:29:41.332+0000] {processor.py:914} INFO - Processing file /opt/airflow/dags/kafka_load.py for tasks to queue
[2026-04-21T05:29:41.335+0000] {logging_mixin.py:190} INFO - [2026-04-21T05:29:41.335+0000] {dagbag.py:588} INFO - Filling up the DagBag from /opt/airflow/dags/kafka_load.py
[2026-04-21T05:29:41.373+0000] {processor.py:925} INFO - DAG(s) 'kafka_producer' retrieved from /opt/airflow/dags/kafka_load.py
[2026-04-21T05:29:41.405+0000] {logging_mixin.py:190} INFO - [2026-04-21T05:29:41.405+0000] {dag.py:3239} INFO - Sync 1 DAGs
[2026-04-21T05:29:41.440+0000] {logging_mixin.py:190} INFO - [2026-04-21T05:29:41.439+0000] {dag.py:4180} INFO - Setting next_dagrun for kafka_producer to 2026-04-20 18:30:00+00:00, run_after=2026-04-21 18:30:00+00:00
[2026-04-21T05:29:41.469+0000] {processor.py:208} INFO - Processing /opt/airflow/dags/kafka_load.py took 0.149 seconds
[2026-04-21T05:30:12.279+0000] {processor.py:186} INFO - Started process (PID=343) to work on /opt/airflow/dags/kafka_load.py
[2026-04-21T05:30:12.293+0000] {processor.py:914} INFO - Processing file /opt/airflow/dags/kafka_load.py for tasks to queue
[2026-04-21T05:30:12.298+0000] {logging_mixin.py:190} INFO - [2026-04-21T05:30:12.297+0000] {dagbag.py:588} INFO - Filling up the DagBag from /opt/airflow/dags/kafka_load.py
[2026-04-21T05:30:12.358+0000] {processor.py:925} INFO - DAG(s) 'kafka_producer' retrieved from /opt/airflow/dags/kafka_load.py
[2026-04-21T05:30:12.430+0000] {logging_mixin.py:190} INFO - [2026-04-21T05:30:12.429+0000] {dag.py:3239} INFO - Sync 1 DAGs
[2026-04-21T05:30:12.486+0000] {logging_mixin.py:190} INFO - [2026-04-21T05:30:12.486+0000] {dag.py:4180} INFO - Setting next_dagrun for kafka_producer to 2026-04-20 18:30:00+00:00, run_after=2026-04-21 18:30:00+00:00
[2026-04-21T05:30:12.550+0000] {processor.py:208} INFO - Processing /opt/airflow/dags/kafka_load.py took 0.293 seconds
[2026-04-21T05:30:42.922+0000] {processor.py:186} INFO - Started process (PID=346) to work on /opt/airflow/dags/kafka_load.py
[2026-04-21T05:30:42.923+0000] {processor.py:914} INFO - Processing file /opt/airflow/dags/kafka_load.py for tasks to queue
[2026-04-21T05:30:42.927+0000] {logging_mixin.py:190} INFO - [2026-04-21T05:30:42.926+0000] {dagbag.py:588} INFO - Filling up the DagBag from /opt/airflow/dags/kafka_load.py
[2026-04-21T05:30:42.974+0000] {processor.py:925} INFO - DAG(s) 'kafka_producer' retrieved from /opt/airflow/dags/kafka_load.py
[2026-04-21T05:30:43.010+0000] {logging_mixin.py:190} INFO - [2026-04-21T05:30:43.010+0000] {dag.py:3239} INFO - Sync 1 DAGs
[2026-04-21T05:30:43.047+0000] {logging_mixin.py:190} INFO - [2026-04-21T05:30:43.047+0000] {dag.py:4180} INFO - Setting next_dagrun for kafka_producer to 2026-04-20 18:30:00+00:00, run_after=2026-04-21 18:30:00+00:00
[2026-04-21T05:30:43.073+0000] {processor.py:208} INFO - Processing /opt/airflow/dags/kafka_load.py took 0.160 seconds
[2026-04-21T05:31:13.837+0000] {processor.py:186} INFO - Started process (PID=349) to work on /opt/airflow/dags/kafka_load.py
[2026-04-21T05:31:13.844+0000] {processor.py:914} INFO - Processing file /opt/airflow/dags/kafka_load.py for tasks to queue
[2026-04-21T05:31:13.850+0000] {logging_mixin.py:190} INFO - [2026-04-21T05:31:13.850+0000] {dagbag.py:588} INFO - Filling up the DagBag from /opt/airflow/dags/kafka_load.py
[2026-04-21T05:31:13.885+0000] {processor.py:925} INFO - DAG(s) 'kafka_producer' retrieved from /opt/airflow/dags/kafka_load.py
[2026-04-21T05:31:13.911+0000] {logging_mixin.py:190} INFO - [2026-04-21T05:31:13.910+0000] {dag.py:3239} INFO - Sync 1 DAGs
[2026-04-21T05:31:13.948+0000] {logging_mixin.py:190} INFO - [2026-04-21T05:31:13.947+0000] {dag.py:4180} INFO - Setting next_dagrun for kafka_producer to 2026-04-20 18:30:00+00:00, run_after=2026-04-21 18:30:00+00:00
[2026-04-21T05:31:13.972+0000] {processor.py:208} INFO - Processing /opt/airflow/dags/kafka_load.py took 0.147 seconds
[2026-04-21T05:31:44.662+0000] {processor.py:186} INFO - Started process (PID=352) to work on /opt/airflow/dags/kafka_load.py
[2026-04-21T05:31:44.664+0000] {processor.py:914} INFO - Processing file /opt/airflow/dags/kafka_load.py for tasks to queue
[2026-04-21T05:31:44.667+0000] {logging_mixin.py:190} INFO - [2026-04-21T05:31:44.667+0000] {dagbag.py:588} INFO - Filling up the DagBag from /opt/airflow/dags/kafka_load.py
[2026-04-21T05:31:44.708+0000] {processor.py:925} INFO - DAG(s) 'kafka_producer' retrieved from /opt/airflow/dags/kafka_load.py
[2026-04-21T05:31:44.739+0000] {logging_mixin.py:190} INFO - [2026-04-21T05:31:44.739+0000] {dag.py:3239} INFO - Sync 1 DAGs
[2026-04-21T05:31:44.773+0000] {logging_mixin.py:190} INFO - [2026-04-21T05:31:44.773+0000] {dag.py:4180} INFO - Setting next_dagrun for kafka_producer to 2026-04-20 18:30:00+00:00, run_after=2026-04-21 18:30:00+00:00
[2026-04-21T05:31:44.801+0000] {processor.py:208} INFO - Processing /opt/airflow/dags/kafka_load.py took 0.148 seconds
[2026-04-21T05:32:14.863+0000] {processor.py:186} INFO - Started process (PID=355) to work on /opt/airflow/dags/kafka_load.py
[2026-04-21T05:32:14.865+0000] {processor.py:914} INFO - Processing file /opt/airflow/dags/kafka_load.py for tasks to queue
[2026-04-21T05:32:14.868+0000] {logging_mixin.py:190} INFO - [2026-04-21T05:32:14.867+0000] {dagbag.py:588} INFO - Filling up the DagBag from /opt/airflow/dags/kafka_load.py
[2026-04-21T05:32:14.917+0000] {processor.py:925} INFO - DAG(s) 'kafka_producer' retrieved from /opt/airflow/dags/kafka_load.py
[2026-04-21T05:32:14.952+0000] {logging_mixin.py:190} INFO - [2026-04-21T05:32:14.952+0000] {dag.py:3239} INFO - Sync 1 DAGs
[2026-04-21T05:32:14.994+0000] {logging_mixin.py:190} INFO - [2026-04-21T05:32:14.994+0000] {dag.py:4180} INFO - Setting next_dagrun for kafka_producer to 2026-04-20 18:30:00+00:00, run_after=2026-04-21 18:30:00+00:00
[2026-04-21T05:32:15.031+0000] {processor.py:208} INFO - Processing /opt/airflow/dags/kafka_load.py took 0.177 seconds
[2026-04-21T05:32:45.154+0000] {processor.py:186} INFO - Started process (PID=358) to work on /opt/airflow/dags/kafka_load.py
[2026-04-21T05:32:45.156+0000] {processor.py:914} INFO - Processing file /opt/airflow/dags/kafka_load.py for tasks to queue
[2026-04-21T05:32:45.159+0000] {logging_mixin.py:190} INFO - [2026-04-21T05:32:45.159+0000] {dagbag.py:588} INFO - Filling up the DagBag from /opt/airflow/dags/kafka_load.py
[2026-04-21T05:32:45.198+0000] {processor.py:925} INFO - DAG(s) 'kafka_producer' retrieved from /opt/airflow/dags/kafka_load.py
[2026-04-21T05:32:45.240+0000] {logging_mixin.py:190} INFO - [2026-04-21T05:32:45.240+0000] {dag.py:3239} INFO - Sync 1 DAGs
[2026-04-21T05:32:45.287+0000] {logging_mixin.py:190} INFO - [2026-04-21T05:32:45.287+0000] {dag.py:4180} INFO - Setting next_dagrun for kafka_producer to 2026-04-20 18:30:00+00:00, run_after=2026-04-21 18:30:00+00:00
[2026-04-21T05:32:45.319+0000] {processor.py:208} INFO - Processing /opt/airflow/dags/kafka_load.py took 0.177 seconds
[2026-04-21T05:33:15.721+0000] {processor.py:186} INFO - Started process (PID=361) to work on /opt/airflow/dags/kafka_load.py
[2026-04-21T05:33:15.723+0000] {processor.py:914} INFO - Processing file /opt/airflow/dags/kafka_load.py for tasks to queue
[2026-04-21T05:33:15.726+0000] {logging_mixin.py:190} INFO - [2026-04-21T05:33:15.726+0000] {dagbag.py:588} INFO - Filling up the DagBag from /opt/airflow/dags/kafka_load.py
[2026-04-21T05:33:15.765+0000] {processor.py:925} INFO - DAG(s) 'kafka_producer' retrieved from /opt/airflow/dags/kafka_load.py
[2026-04-21T05:33:15.792+0000] {logging_mixin.py:190} INFO - [2026-04-21T05:33:15.791+0000] {dag.py:3239} INFO - Sync 1 DAGs
[2026-04-21T05:33:15.830+0000] {logging_mixin.py:190} INFO - [2026-04-21T05:33:15.829+0000] {dag.py:4180} INFO - Setting next_dagrun for kafka_producer to 2026-04-20 18:30:00+00:00, run_after=2026-04-21 18:30:00+00:00
[2026-04-21T05:33:15.863+0000] {processor.py:208} INFO - Processing /opt/airflow/dags/kafka_load.py took 0.154 seconds
[2026-04-21T05:33:46.510+0000] {processor.py:186} INFO - Started process (PID=364) to work on /opt/airflow/dags/kafka_load.py
[2026-04-21T05:33:46.512+0000] {processor.py:914} INFO - Processing file /opt/airflow/dags/kafka_load.py for tasks to queue
[2026-04-21T05:33:46.520+0000] {logging_mixin.py:190} INFO - [2026-04-21T05:33:46.520+0000] {dagbag.py:588} INFO - Filling up the DagBag from /opt/airflow/dags/kafka_load.py
[2026-04-21T05:33:46.575+0000] {processor.py:925} INFO - DAG(s) 'kafka_producer' retrieved from /opt/airflow/dags/kafka_load.py
[2026-04-21T05:33:46.624+0000] {logging_mixin.py:190} INFO - [2026-04-21T05:33:46.624+0000] {dag.py:3239} INFO - Sync 1 DAGs
[2026-04-21T05:33:46.684+0000] {logging_mixin.py:190} INFO - [2026-04-21T05:33:46.684+0000] {dag.py:4180} INFO - Setting next_dagrun for kafka_producer to 2026-04-20 18:30:00+00:00, run_after=2026-04-21 18:30:00+00:00
[2026-04-21T05:33:46.736+0000] {processor.py:208} INFO - Processing /opt/airflow/dags/kafka_load.py took 0.243 seconds
[2026-04-21T05:34:17.303+0000] {processor.py:186} INFO - Started process (PID=367) to work on /opt/airflow/dags/kafka_load.py
[2026-04-21T05:34:17.304+0000] {processor.py:914} INFO - Processing file /opt/airflow/dags/kafka_load.py for tasks to queue
[2026-04-21T05:34:17.308+0000] {logging_mixin.py:190} INFO - [2026-04-21T05:34:17.307+0000] {dagbag.py:588} INFO - Filling up the DagBag from /opt/airflow/dags/kafka_load.py
[2026-04-21T05:34:17.351+0000] {processor.py:925} INFO - DAG(s) 'kafka_producer' retrieved from /opt/airflow/dags/kafka_load.py
[2026-04-21T05:34:17.376+0000] {logging_mixin.py:190} INFO - [2026-04-21T05:34:17.376+0000] {dag.py:3239} INFO - Sync 1 DAGs
[2026-04-21T05:34:17.416+0000] {logging_mixin.py:190} INFO - [2026-04-21T05:34:17.415+0000] {dag.py:4180} INFO - Setting next_dagrun for kafka_producer to 2026-04-20 18:30:00+00:00, run_after=2026-04-21 18:30:00+00:00
[2026-04-21T05:34:22.194+0000] {processor.py:208} INFO - Processing /opt/airflow/dags/kafka_load.py took 4.903 seconds
[2026-04-21T05:35:09.207+0000] {processor.py:186} INFO - Started process (PID=370) to work on /opt/airflow/dags/kafka_load.py
[2026-04-21T05:35:09.220+0000] {processor.py:914} INFO - Processing file /opt/airflow/dags/kafka_load.py for tasks to queue
[2026-04-21T05:35:09.226+0000] {logging_mixin.py:190} INFO - [2026-04-21T05:35:09.226+0000] {dagbag.py:588} INFO - Filling up the DagBag from /opt/airflow/dags/kafka_load.py
[2026-04-21T05:35:09.495+0000] {processor.py:925} INFO - DAG(s) 'kafka_producer' retrieved from /opt/airflow/dags/kafka_load.py
[2026-04-21T05:35:09.681+0000] {logging_mixin.py:190} INFO - [2026-04-21T05:35:09.681+0000] {dag.py:3239} INFO - Sync 1 DAGs
[2026-04-21T05:35:09.810+0000] {logging_mixin.py:190} INFO - [2026-04-21T05:35:09.809+0000] {dag.py:4180} INFO - Setting next_dagrun for kafka_producer to 2026-04-20 18:30:00+00:00, run_after=2026-04-21 18:30:00+00:00
[2026-04-21T05:35:09.881+0000] {processor.py:208} INFO - Processing /opt/airflow/dags/kafka_load.py took 0.687 seconds
[2026-04-21T05:35:40.443+0000] {processor.py:186} INFO - Started process (PID=373) to work on /opt/airflow/dags/kafka_load.py
[2026-04-21T05:35:40.445+0000] {processor.py:914} INFO - Processing file /opt/airflow/dags/kafka_load.py for tasks to queue
[2026-04-21T05:35:40.449+0000] {logging_mixin.py:190} INFO - [2026-04-21T05:35:40.448+0000] {dagbag.py:588} INFO - Filling up the DagBag from /opt/airflow/dags/kafka_load.py
[2026-04-21T05:35:40.482+0000] {processor.py:925} INFO - DAG(s) 'kafka_producer' retrieved from /opt/airflow/dags/kafka_load.py
[2026-04-21T05:35:40.511+0000] {logging_mixin.py:190} INFO - [2026-04-21T05:35:40.510+0000] {dag.py:3239} INFO - Sync 1 DAGs
[2026-04-21T05:35:40.547+0000] {logging_mixin.py:190} INFO - [2026-04-21T05:35:40.547+0000] {dag.py:4180} INFO - Setting next_dagrun for kafka_producer to 2026-04-20 18:30:00+00:00, run_after=2026-04-21 18:30:00+00:00
[2026-04-21T05:35:40.574+0000] {processor.py:208} INFO - Processing /opt/airflow/dags/kafka_load.py took 0.139 seconds
[2026-04-21T05:36:11.063+0000] {processor.py:186} INFO - Started process (PID=376) to work on /opt/airflow/dags/kafka_load.py
[2026-04-21T05:36:11.065+0000] {processor.py:914} INFO - Processing file /opt/airflow/dags/kafka_load.py for tasks to queue
[2026-04-21T05:36:11.071+0000] {logging_mixin.py:190} INFO - [2026-04-21T05:36:11.071+0000] {dagbag.py:588} INFO - Filling up the DagBag from /opt/airflow/dags/kafka_load.py
[2026-04-21T05:36:11.114+0000] {processor.py:925} INFO - DAG(s) 'kafka_producer' retrieved from /opt/airflow/dags/kafka_load.py
[2026-04-21T05:36:11.150+0000] {logging_mixin.py:190} INFO - [2026-04-21T05:36:11.150+0000] {dag.py:3239} INFO - Sync 1 DAGs
[2026-04-21T05:36:11.244+0000] {logging_mixin.py:190} INFO - [2026-04-21T05:36:11.243+0000] {dag.py:4180} INFO - Setting next_dagrun for kafka_producer to 2026-04-20 18:30:00+00:00, run_after=2026-04-21 18:30:00+00:00
[2026-04-21T05:36:11.289+0000] {processor.py:208} INFO - Processing /opt/airflow/dags/kafka_load.py took 0.235 seconds
[2026-04-21T05:36:41.674+0000] {processor.py:186} INFO - Started process (PID=379) to work on /opt/airflow/dags/kafka_load.py
[2026-04-21T05:36:41.675+0000] {processor.py:914} INFO - Processing file /opt/airflow/dags/kafka_load.py for tasks to queue
[2026-04-21T05:36:41.679+0000] {logging_mixin.py:190} INFO - [2026-04-21T05:36:41.678+0000] {dagbag.py:588} INFO - Filling up the DagBag from /opt/airflow/dags/kafka_load.py
[2026-04-21T05:36:41.716+0000] {processor.py:925} INFO - DAG(s) 'kafka_producer' retrieved from /opt/airflow/dags/kafka_load.py
[2026-04-21T05:36:41.746+0000] {logging_mixin.py:190} INFO - [2026-04-21T05:36:41.746+0000] {dag.py:3239} INFO - Sync 1 DAGs
[2026-04-21T05:36:41.783+0000] {logging_mixin.py:190} INFO - [2026-04-21T05:36:41.783+0000] {dag.py:4180} INFO - Setting next_dagrun for kafka_producer to 2026-04-20 18:30:00+00:00, run_after=2026-04-21 18:30:00+00:00
[2026-04-21T05:36:41.813+0000] {processor.py:208} INFO - Processing /opt/airflow/dags/kafka_load.py took 0.149 seconds
[2026-04-21T05:37:12.401+0000] {processor.py:186} INFO - Started process (PID=382) to work on /opt/airflow/dags/kafka_load.py
[2026-04-21T05:37:12.403+0000] {processor.py:914} INFO - Processing file /opt/airflow/dags/kafka_load.py for tasks to queue
[2026-04-21T05:37:12.406+0000] {logging_mixin.py:190} INFO - [2026-04-21T05:37:12.406+0000] {dagbag.py:588} INFO - Filling up the DagBag from /opt/airflow/dags/kafka_load.py
[2026-04-21T05:37:12.445+0000] {processor.py:925} INFO - DAG(s) 'kafka_producer' retrieved from /opt/airflow/dags/kafka_load.py
[2026-04-21T05:37:12.479+0000] {logging_mixin.py:190} INFO - [2026-04-21T05:37:12.478+0000] {dag.py:3239} INFO - Sync 1 DAGs
[2026-04-21T05:37:12.513+0000] {logging_mixin.py:190} INFO - [2026-04-21T05:37:12.512+0000] {dag.py:4180} INFO - Setting next_dagrun for kafka_producer to 2026-04-20 18:30:00+00:00, run_after=2026-04-21 18:30:00+00:00
[2026-04-21T05:37:12.555+0000] {processor.py:208} INFO - Processing /opt/airflow/dags/kafka_load.py took 0.164 seconds
[2026-04-21T05:37:43.029+0000] {processor.py:186} INFO - Started process (PID=385) to work on /opt/airflow/dags/kafka_load.py
[2026-04-21T05:37:43.030+0000] {processor.py:914} INFO - Processing file /opt/airflow/dags/kafka_load.py for tasks to queue
[2026-04-21T05:37:43.034+0000] {logging_mixin.py:190} INFO - [2026-04-21T05:37:43.033+0000] {dagbag.py:588} INFO - Filling up the DagBag from /opt/airflow/dags/kafka_load.py
[2026-04-21T05:37:43.073+0000] {processor.py:925} INFO - DAG(s) 'kafka_producer' retrieved from /opt/airflow/dags/kafka_load.py
[2026-04-21T05:37:43.107+0000] {logging_mixin.py:190} INFO - [2026-04-21T05:37:43.106+0000] {dag.py:3239} INFO - Sync 1 DAGs
[2026-04-21T05:37:43.149+0000] {logging_mixin.py:190} INFO - [2026-04-21T05:37:43.149+0000] {dag.py:4180} INFO - Setting next_dagrun for kafka_producer to 2026-04-20 18:30:00+00:00, run_after=2026-04-21 18:30:00+00:00
[2026-04-21T05:37:43.178+0000] {processor.py:208} INFO - Processing /opt/airflow/dags/kafka_load.py took 0.159 seconds
[2026-04-21T05:38:13.616+0000] {processor.py:186} INFO - Started process (PID=388) to work on /opt/airflow/dags/kafka_load.py
[2026-04-21T05:38:13.617+0000] {processor.py:914} INFO - Processing file /opt/airflow/dags/kafka_load.py for tasks to queue
[2026-04-21T05:38:13.621+0000] {logging_mixin.py:190} INFO - [2026-04-21T05:38:13.621+0000] {dagbag.py:588} INFO - Filling up the DagBag from /opt/airflow/dags/kafka_load.py
[2026-04-21T05:38:13.662+0000] {processor.py:925} INFO - DAG(s) 'kafka_producer' retrieved from /opt/airflow/dags/kafka_load.py
[2026-04-21T05:38:13.693+0000] {logging_mixin.py:190} INFO - [2026-04-21T05:38:13.692+0000] {dag.py:3239} INFO - Sync 1 DAGs
[2026-04-21T05:38:13.726+0000] {logging_mixin.py:190} INFO - [2026-04-21T05:38:13.726+0000] {dag.py:4180} INFO - Setting next_dagrun for kafka_producer to 2026-04-20 18:30:00+00:00, run_after=2026-04-21 18:30:00+00:00
[2026-04-21T05:38:13.751+0000] {processor.py:208} INFO - Processing /opt/airflow/dags/kafka_load.py took 0.146 seconds
[2026-04-21T05:38:44.180+0000] {processor.py:186} INFO - Started process (PID=391) to work on /opt/airflow/dags/kafka_load.py
[2026-04-21T05:38:44.183+0000] {processor.py:914} INFO - Processing file /opt/airflow/dags/kafka_load.py for tasks to queue
[2026-04-21T05:38:44.187+0000] {logging_mixin.py:190} INFO - [2026-04-21T05:38:44.186+0000] {dagbag.py:588} INFO - Filling up the DagBag from /opt/airflow/dags/kafka_load.py
[2026-04-21T05:38:44.225+0000] {processor.py:925} INFO - DAG(s) 'kafka_producer' retrieved from /opt/airflow/dags/kafka_load.py
[2026-04-21T05:38:44.255+0000] {logging_mixin.py:190} INFO - [2026-04-21T05:38:44.255+0000] {dag.py:3239} INFO - Sync 1 DAGs
[2026-04-21T05:38:44.289+0000] {logging_mixin.py:190} INFO - [2026-04-21T05:38:44.288+0000] {dag.py:4180} INFO - Setting next_dagrun for kafka_producer to 2026-04-20 18:30:00+00:00, run_after=2026-04-21 18:30:00+00:00
[2026-04-21T05:38:44.316+0000] {processor.py:208} INFO - Processing /opt/airflow/dags/kafka_load.py took 0.144 seconds
[2026-04-21T05:39:14.850+0000] {processor.py:186} INFO - Started process (PID=394) to work on /opt/airflow/dags/kafka_load.py
[2026-04-21T05:39:14.855+0000] {processor.py:914} INFO - Processing file /opt/airflow/dags/kafka_load.py for tasks to queue
[2026-04-21T05:39:14.863+0000] {logging_mixin.py:190} INFO - [2026-04-21T05:39:14.863+0000] {dagbag.py:588} INFO - Filling up the DagBag from /opt/airflow/dags/kafka_load.py
[2026-04-21T05:39:14.922+0000] {processor.py:925} INFO - DAG(s) 'kafka_producer' retrieved from /opt/airflow/dags/kafka_load.py
[2026-04-21T05:39:14.984+0000] {logging_mixin.py:190} INFO - [2026-04-21T05:39:14.983+0000] {dag.py:3239} INFO - Sync 1 DAGs
[2026-04-21T05:39:15.121+0000] {logging_mixin.py:190} INFO - [2026-04-21T05:39:15.121+0000] {dag.py:4180} INFO - Setting next_dagrun for kafka_producer to 2026-04-20 18:30:00+00:00, run_after=2026-04-21 18:30:00+00:00
[2026-04-21T05:39:15.180+0000] {processor.py:208} INFO - Processing /opt/airflow/dags/kafka_load.py took 0.354 seconds
[2026-04-21T05:39:45.400+0000] {processor.py:186} INFO - Started process (PID=397) to work on /opt/airflow/dags/kafka_load.py
[2026-04-21T05:39:45.402+0000] {processor.py:914} INFO - Processing file /opt/airflow/dags/kafka_load.py for tasks to queue
[2026-04-21T05:39:45.409+0000] {logging_mixin.py:190} INFO - [2026-04-21T05:39:45.406+0000] {dagbag.py:588} INFO - Filling up the DagBag from /opt/airflow/dags/kafka_load.py
[2026-04-21T05:39:45.448+0000] {processor.py:925} INFO - DAG(s) 'kafka_producer' retrieved from /opt/airflow/dags/kafka_load.py
[2026-04-21T05:39:45.489+0000] {logging_mixin.py:190} INFO - [2026-04-21T05:39:45.489+0000] {dag.py:3239} INFO - Sync 1 DAGs
[2026-04-21T05:39:45.528+0000] {logging_mixin.py:190} INFO - [2026-04-21T05:39:45.528+0000] {dag.py:4180} INFO - Setting next_dagrun for kafka_producer to 2026-04-20 18:30:00+00:00, run_after=2026-04-21 18:30:00+00:00
[2026-04-21T05:39:45.557+0000] {processor.py:208} INFO - Processing /opt/airflow/dags/kafka_load.py took 0.171 seconds
[2026-04-21T05:40:15.930+0000] {processor.py:186} INFO - Started process (PID=400) to work on /opt/airflow/dags/kafka_load.py
[2026-04-21T05:40:15.932+0000] {processor.py:914} INFO - Processing file /opt/airflow/dags/kafka_load.py for tasks to queue
[2026-04-21T05:40:15.936+0000] {logging_mixin.py:190} INFO - [2026-04-21T05:40:15.936+0000] {dagbag.py:588} INFO - Filling up the DagBag from /opt/airflow/dags/kafka_load.py
[2026-04-21T05:40:15.975+0000] {processor.py:925} INFO - DAG(s) 'kafka_producer' retrieved from /opt/airflow/dags/kafka_load.py
[2026-04-21T05:40:16.009+0000] {logging_mixin.py:190} INFO - [2026-04-21T05:40:16.009+0000] {dag.py:3239} INFO - Sync 1 DAGs
[2026-04-21T05:40:16.044+0000] {logging_mixin.py:190} INFO - [2026-04-21T05:40:16.044+0000] {dag.py:4180} INFO - Setting next_dagrun for kafka_producer to 2026-04-20 18:30:00+00:00, run_after=2026-04-21 18:30:00+00:00
[2026-04-21T05:40:16.072+0000] {processor.py:208} INFO - Processing /opt/airflow/dags/kafka_load.py took 0.150 seconds
[2026-04-21T05:40:46.352+0000] {processor.py:186} INFO - Started process (PID=403) to work on /opt/airflow/dags/kafka_load.py
[2026-04-21T05:40:46.355+0000] {processor.py:914} INFO - Processing file /opt/airflow/dags/kafka_load.py for tasks to queue
[2026-04-21T05:40:46.359+0000] {logging_mixin.py:190} INFO - [2026-04-21T05:40:46.359+0000] {dagbag.py:588} INFO - Filling up the DagBag from /opt/airflow/dags/kafka_load.py
[2026-04-21T05:40:46.403+0000] {processor.py:925} INFO - DAG(s) 'kafka_producer' retrieved from /opt/airflow/dags/kafka_load.py
[2026-04-21T05:40:46.435+0000] {logging_mixin.py:190} INFO - [2026-04-21T05:40:46.434+0000] {dag.py:3239} INFO - Sync 1 DAGs
[2026-04-21T05:40:46.470+0000] {logging_mixin.py:190} INFO - [2026-04-21T05:40:46.470+0000] {dag.py:4180} INFO - Setting next_dagrun for kafka_producer to 2026-04-20 18:30:00+00:00, run_after=2026-04-21 18:30:00+00:00
[2026-04-21T05:40:46.500+0000] {processor.py:208} INFO - Processing /opt/airflow/dags/kafka_load.py took 0.160 seconds
[2026-04-21T05:41:17.202+0000] {processor.py:186} INFO - Started process (PID=406) to work on /opt/airflow/dags/kafka_load.py
[2026-04-21T05:41:17.203+0000] {processor.py:914} INFO - Processing file /opt/airflow/dags/kafka_load.py for tasks to queue
[2026-04-21T05:41:17.207+0000] {logging_mixin.py:190} INFO - [2026-04-21T05:41:17.206+0000] {dagbag.py:588} INFO - Filling up the DagBag from /opt/airflow/dags/kafka_load.py
[2026-04-21T05:41:17.235+0000] {processor.py:925} INFO - DAG(s) 'kafka_producer' retrieved from /opt/airflow/dags/kafka_load.py
[2026-04-21T05:41:17.264+0000] {logging_mixin.py:190} INFO - [2026-04-21T05:41:17.264+0000] {dag.py:3239} INFO - Sync 1 DAGs
[2026-04-21T05:41:17.299+0000] {logging_mixin.py:190} INFO - [2026-04-21T05:41:17.298+0000] {dag.py:4180} INFO - Setting next_dagrun for kafka_producer to 2026-04-20 18:30:00+00:00, run_after=2026-04-21 18:30:00+00:00
[2026-04-21T05:41:18.204+0000] {processor.py:208} INFO - Processing /opt/airflow/dags/kafka_load.py took 1.012 seconds
[2026-04-21T05:41:49.049+0000] {processor.py:186} INFO - Started process (PID=409) to work on /opt/airflow/dags/kafka_load.py
[2026-04-21T05:41:49.051+0000] {processor.py:914} INFO - Processing file /opt/airflow/dags/kafka_load.py for tasks to queue
[2026-04-21T05:41:49.055+0000] {logging_mixin.py:190} INFO - [2026-04-21T05:41:49.055+0000] {dagbag.py:588} INFO - Filling up the DagBag from /opt/airflow/dags/kafka_load.py
[2026-04-21T05:41:49.093+0000] {processor.py:925} INFO - DAG(s) 'kafka_producer' retrieved from /opt/airflow/dags/kafka_load.py
[2026-04-21T05:41:49.121+0000] {logging_mixin.py:190} INFO - [2026-04-21T05:41:49.120+0000] {dag.py:3239} INFO - Sync 1 DAGs
[2026-04-21T05:41:49.160+0000] {logging_mixin.py:190} INFO - [2026-04-21T05:41:49.159+0000] {dag.py:4180} INFO - Setting next_dagrun for kafka_producer to 2026-04-20 18:30:00+00:00, run_after=2026-04-21 18:30:00+00:00
[2026-04-21T05:41:49.212+0000] {processor.py:208} INFO - Processing /opt/airflow/dags/kafka_load.py took 0.173 seconds
[2026-04-21T05:42:19.629+0000] {processor.py:186} INFO - Started process (PID=412) to work on /opt/airflow/dags/kafka_load.py
[2026-04-21T05:42:19.633+0000] {processor.py:914} INFO - Processing file /opt/airflow/dags/kafka_load.py for tasks to queue
[2026-04-21T05:42:19.639+0000] {logging_mixin.py:190} INFO - [2026-04-21T05:42:19.639+0000] {dagbag.py:588} INFO - Filling up the DagBag from /opt/airflow/dags/kafka_load.py
[2026-04-21T05:42:19.672+0000] {processor.py:925} INFO - DAG(s) 'kafka_producer' retrieved from /opt/airflow/dags/kafka_load.py
[2026-04-21T05:42:19.703+0000] {logging_mixin.py:190} INFO - [2026-04-21T05:42:19.703+0000] {dag.py:3239} INFO - Sync 1 DAGs
[2026-04-21T05:42:19.736+0000] {logging_mixin.py:190} INFO - [2026-04-21T05:42:19.736+0000] {dag.py:4180} INFO - Setting next_dagrun for kafka_producer to 2026-04-20 18:30:00+00:00, run_after=2026-04-21 18:30:00+00:00
[2026-04-21T05:42:19.771+0000] {processor.py:208} INFO - Processing /opt/airflow/dags/kafka_load.py took 0.154 seconds
[2026-04-21T05:42:50.196+0000] {processor.py:186} INFO - Started process (PID=415) to work on /opt/airflow/dags/kafka_load.py
[2026-04-21T05:42:50.197+0000] {processor.py:914} INFO - Processing file /opt/airflow/dags/kafka_load.py for tasks to queue
[2026-04-21T05:42:50.201+0000] {logging_mixin.py:190} INFO - [2026-04-21T05:42:50.200+0000] {dagbag.py:588} INFO - Filling up the DagBag from /opt/airflow/dags/kafka_load.py
[2026-04-21T05:42:50.243+0000] {processor.py:925} INFO - DAG(s) 'kafka_producer' retrieved from /opt/airflow/dags/kafka_load.py
[2026-04-21T05:42:50.276+0000] {logging_mixin.py:190} INFO - [2026-04-21T05:42:50.275+0000] {dag.py:3239} INFO - Sync 1 DAGs
[2026-04-21T05:42:50.311+0000] {logging_mixin.py:190} INFO - [2026-04-21T05:42:50.310+0000] {dag.py:4180} INFO - Setting next_dagrun for kafka_producer to 2026-04-20 18:30:00+00:00, run_after=2026-04-21 18:30:00+00:00
[2026-04-21T05:42:50.335+0000] {processor.py:208} INFO - Processing /opt/airflow/dags/kafka_load.py took 0.149 seconds
[2026-04-21T05:43:20.907+0000] {processor.py:186} INFO - Started process (PID=418) to work on /opt/airflow/dags/kafka_load.py
[2026-04-21T05:43:20.909+0000] {processor.py:914} INFO - Processing file /opt/airflow/dags/kafka_load.py for tasks to queue
[2026-04-21T05:43:20.913+0000] {logging_mixin.py:190} INFO - [2026-04-21T05:43:20.912+0000] {dagbag.py:588} INFO - Filling up the DagBag from /opt/airflow/dags/kafka_load.py
[2026-04-21T05:43:20.954+0000] {processor.py:925} INFO - DAG(s) 'kafka_producer' retrieved from /opt/airflow/dags/kafka_load.py
[2026-04-21T05:43:20.983+0000] {logging_mixin.py:190} INFO - [2026-04-21T05:43:20.983+0000] {dag.py:3239} INFO - Sync 1 DAGs
[2026-04-21T05:43:21.014+0000] {logging_mixin.py:190} INFO - [2026-04-21T05:43:21.014+0000] {dag.py:4180} INFO - Setting next_dagrun for kafka_producer to 2026-04-20 18:30:00+00:00, run_after=2026-04-21 18:30:00+00:00
[2026-04-21T05:43:21.039+0000] {processor.py:208} INFO - Processing /opt/airflow/dags/kafka_load.py took 0.150 seconds
[2026-04-21T05:43:51.483+0000] {processor.py:186} INFO - Started process (PID=421) to work on /opt/airflow/dags/kafka_load.py
[2026-04-21T05:43:51.484+0000] {processor.py:914} INFO - Processing file /opt/airflow/dags/kafka_load.py for tasks to queue
[2026-04-21T05:43:51.488+0000] {logging_mixin.py:190} INFO - [2026-04-21T05:43:51.488+0000] {dagbag.py:588} INFO - Filling up the DagBag from /opt/airflow/dags/kafka_load.py
[2026-04-21T05:43:51.517+0000] {processor.py:925} INFO - DAG(s) 'kafka_producer' retrieved from /opt/airflow/dags/kafka_load.py
[2026-04-21T05:43:51.556+0000] {logging_mixin.py:190} INFO - [2026-04-21T05:43:51.556+0000] {dag.py:3239} INFO - Sync 1 DAGs
[2026-04-21T05:43:51.618+0000] {logging_mixin.py:190} INFO - [2026-04-21T05:43:51.618+0000] {dag.py:4180} INFO - Setting next_dagrun for kafka_producer to 2026-04-20 18:30:00+00:00, run_after=2026-04-21 18:30:00+00:00
[2026-04-21T05:43:51.649+0000] {processor.py:208} INFO - Processing /opt/airflow/dags/kafka_load.py took 0.179 seconds
[2026-04-21T05:44:22.160+0000] {processor.py:186} INFO - Started process (PID=424) to work on /opt/airflow/dags/kafka_load.py
[2026-04-21T05:44:22.161+0000] {processor.py:914} INFO - Processing file /opt/airflow/dags/kafka_load.py for tasks to queue
[2026-04-21T05:44:22.165+0000] {logging_mixin.py:190} INFO - [2026-04-21T05:44:22.164+0000] {dagbag.py:588} INFO - Filling up the DagBag from /opt/airflow/dags/kafka_load.py
[2026-04-21T05:44:22.201+0000] {processor.py:925} INFO - DAG(s) 'kafka_producer' retrieved from /opt/airflow/dags/kafka_load.py
[2026-04-21T05:44:22.230+0000] {logging_mixin.py:190} INFO - [2026-04-21T05:44:22.230+0000] {dag.py:3239} INFO - Sync 1 DAGs
[2026-04-21T05:44:22.270+0000] {logging_mixin.py:190} INFO - [2026-04-21T05:44:22.269+0000] {dag.py:4180} INFO - Setting next_dagrun for kafka_producer to 2026-04-20 18:30:00+00:00, run_after=2026-04-21 18:30:00+00:00
[2026-04-21T05:44:22.297+0000] {processor.py:208} INFO - Processing /opt/airflow/dags/kafka_load.py took 0.147 seconds
[2026-04-21T05:44:52.809+0000] {processor.py:186} INFO - Started process (PID=427) to work on /opt/airflow/dags/kafka_load.py
[2026-04-21T05:44:52.811+0000] {processor.py:914} INFO - Processing file /opt/airflow/dags/kafka_load.py for tasks to queue
[2026-04-21T05:44:52.815+0000] {logging_mixin.py:190} INFO - [2026-04-21T05:44:52.815+0000] {dagbag.py:588} INFO - Filling up the DagBag from /opt/airflow/dags/kafka_load.py
[2026-04-21T05:44:52.860+0000] {processor.py:925} INFO - DAG(s) 'kafka_producer' retrieved from /opt/airflow/dags/kafka_load.py
[2026-04-21T05:44:52.902+0000] {logging_mixin.py:190} INFO - [2026-04-21T05:44:52.901+0000] {dag.py:3239} INFO - Sync 1 DAGs
[2026-04-21T05:44:52.934+0000] {logging_mixin.py:190} INFO - [2026-04-21T05:44:52.933+0000] {dag.py:4180} INFO - Setting next_dagrun for kafka_producer to 2026-04-20 18:30:00+00:00, run_after=2026-04-21 18:30:00+00:00
[2026-04-21T05:44:52.970+0000] {processor.py:208} INFO - Processing /opt/airflow/dags/kafka_load.py took 0.170 seconds
[2026-04-21T05:45:23.539+0000] {processor.py:186} INFO - Started process (PID=430) to work on /opt/airflow/dags/kafka_load.py
[2026-04-21T05:45:23.542+0000] {processor.py:914} INFO - Processing file /opt/airflow/dags/kafka_load.py for tasks to queue
[2026-04-21T05:45:23.546+0000] {logging_mixin.py:190} INFO - [2026-04-21T05:45:23.545+0000] {dagbag.py:588} INFO - Filling up the DagBag from /opt/airflow/dags/kafka_load.py
[2026-04-21T05:45:23.584+0000] {processor.py:925} INFO - DAG(s) 'kafka_producer' retrieved from /opt/airflow/dags/kafka_load.py
[2026-04-21T05:45:23.622+0000] {logging_mixin.py:190} INFO - [2026-04-21T05:45:23.621+0000] {dag.py:3239} INFO - Sync 1 DAGs
[2026-04-21T05:45:23.664+0000] {logging_mixin.py:190} INFO - [2026-04-21T05:45:23.664+0000] {dag.py:4180} INFO - Setting next_dagrun for kafka_producer to 2026-04-20 18:30:00+00:00, run_after=2026-04-21 18:30:00+00:00
[2026-04-21T05:45:23.695+0000] {processor.py:208} INFO - Processing /opt/airflow/dags/kafka_load.py took 0.164 seconds
[2026-04-21T05:45:54.256+0000] {processor.py:186} INFO - Started process (PID=433) to work on /opt/airflow/dags/kafka_load.py
[2026-04-21T05:45:54.257+0000] {processor.py:914} INFO - Processing file /opt/airflow/dags/kafka_load.py for tasks to queue
[2026-04-21T05:45:54.261+0000] {logging_mixin.py:190} INFO - [2026-04-21T05:45:54.261+0000] {dagbag.py:588} INFO - Filling up the DagBag from /opt/airflow/dags/kafka_load.py
[2026-04-21T05:45:54.848+0000] {processor.py:925} INFO - DAG(s) 'kafka_producer' retrieved from /opt/airflow/dags/kafka_load.py
[2026-04-21T05:45:54.880+0000] {logging_mixin.py:190} INFO - [2026-04-21T05:45:54.880+0000] {dag.py:3239} INFO - Sync 1 DAGs
[2026-04-21T05:45:54.920+0000] {logging_mixin.py:190} INFO - [2026-04-21T05:45:54.920+0000] {dag.py:4180} INFO - Setting next_dagrun for kafka_producer to 2026-04-20 18:30:00+00:00, run_after=2026-04-21 18:30:00+00:00
[2026-04-21T05:45:55.612+0000] {processor.py:208} INFO - Processing /opt/airflow/dags/kafka_load.py took 1.364 seconds
[2026-04-21T05:46:26.502+0000] {processor.py:186} INFO - Started process (PID=436) to work on /opt/airflow/dags/kafka_load.py
[2026-04-21T05:46:26.503+0000] {processor.py:914} INFO - Processing file /opt/airflow/dags/kafka_load.py for tasks to queue
[2026-04-21T05:46:26.507+0000] {logging_mixin.py:190} INFO - [2026-04-21T05:46:26.507+0000] {dagbag.py:588} INFO - Filling up the DagBag from /opt/airflow/dags/kafka_load.py
[2026-04-21T05:46:26.548+0000] {processor.py:925} INFO - DAG(s) 'kafka_producer' retrieved from /opt/airflow/dags/kafka_load.py
[2026-04-21T05:46:26.578+0000] {logging_mixin.py:190} INFO - [2026-04-21T05:46:26.577+0000] {dag.py:3239} INFO - Sync 1 DAGs
[2026-04-21T05:46:26.612+0000] {logging_mixin.py:190} INFO - [2026-04-21T05:46:26.612+0000] {dag.py:4180} INFO - Setting next_dagrun for kafka_producer to 2026-04-20 18:30:00+00:00, run_after=2026-04-21 18:30:00+00:00
[2026-04-21T05:46:26.643+0000] {processor.py:208} INFO - Processing /opt/airflow/dags/kafka_load.py took 0.151 seconds
[2026-04-21T05:46:57.189+0000] {processor.py:186} INFO - Started process (PID=439) to work on /opt/airflow/dags/kafka_load.py
[2026-04-21T05:46:57.190+0000] {processor.py:914} INFO - Processing file /opt/airflow/dags/kafka_load.py for tasks to queue
[2026-04-21T05:46:57.194+0000] {logging_mixin.py:190} INFO - [2026-04-21T05:46:57.193+0000] {dagbag.py:588} INFO - Filling up the DagBag from /opt/airflow/dags/kafka_load.py
[2026-04-21T05:46:57.242+0000] {processor.py:925} INFO - DAG(s) 'kafka_producer' retrieved from /opt/airflow/dags/kafka_load.py
[2026-04-21T05:46:57.280+0000] {logging_mixin.py:190} INFO - [2026-04-21T05:46:57.278+0000] {dag.py:3239} INFO - Sync 1 DAGs
[2026-04-21T05:46:57.321+0000] {logging_mixin.py:190} INFO - [2026-04-21T05:46:57.321+0000] {dag.py:4180} INFO - Setting next_dagrun for kafka_producer to 2026-04-20 18:30:00+00:00, run_after=2026-04-21 18:30:00+00:00
[2026-04-21T05:46:57.350+0000] {processor.py:208} INFO - Processing /opt/airflow/dags/kafka_load.py took 0.170 seconds
[2026-04-21T05:47:27.959+0000] {processor.py:186} INFO - Started process (PID=442) to work on /opt/airflow/dags/kafka_load.py
[2026-04-21T05:47:27.961+0000] {processor.py:914} INFO - Processing file /opt/airflow/dags/kafka_load.py for tasks to queue
[2026-04-21T05:47:27.965+0000] {logging_mixin.py:190} INFO - [2026-04-21T05:47:27.965+0000] {dagbag.py:588} INFO - Filling up the DagBag from /opt/airflow/dags/kafka_load.py
[2026-04-21T05:47:28.001+0000] {processor.py:925} INFO - DAG(s) 'kafka_producer' retrieved from /opt/airflow/dags/kafka_load.py
[2026-04-21T05:47:28.033+0000] {logging_mixin.py:190} INFO - [2026-04-21T05:47:28.033+0000] {dag.py:3239} INFO - Sync 1 DAGs
[2026-04-21T05:47:28.073+0000] {logging_mixin.py:190} INFO - [2026-04-21T05:47:28.073+0000] {dag.py:4180} INFO - Setting next_dagrun for kafka_producer to 2026-04-20 18:30:00+00:00, run_after=2026-04-21 18:30:00+00:00
[2026-04-21T05:47:28.100+0000] {processor.py:208} INFO - Processing /opt/airflow/dags/kafka_load.py took 0.150 seconds
[2026-04-21T05:47:58.475+0000] {processor.py:186} INFO - Started process (PID=445) to work on /opt/airflow/dags/kafka_load.py
[2026-04-21T05:47:58.477+0000] {processor.py:914} INFO - Processing file /opt/airflow/dags/kafka_load.py for tasks to queue
[2026-04-21T05:47:58.481+0000] {logging_mixin.py:190} INFO - [2026-04-21T05:47:58.480+0000] {dagbag.py:588} INFO - Filling up the DagBag from /opt/airflow/dags/kafka_load.py
[2026-04-21T05:47:58.517+0000] {processor.py:925} INFO - DAG(s) 'kafka_producer' retrieved from /opt/airflow/dags/kafka_load.py
[2026-04-21T05:47:58.549+0000] {logging_mixin.py:190} INFO - [2026-04-21T05:47:58.549+0000] {dag.py:3239} INFO - Sync 1 DAGs
[2026-04-21T05:47:58.589+0000] {logging_mixin.py:190} INFO - [2026-04-21T05:47:58.588+0000] {dag.py:4180} INFO - Setting next_dagrun for kafka_producer to 2026-04-20 18:30:00+00:00, run_after=2026-04-21 18:30:00+00:00
[2026-04-21T05:47:58.621+0000] {processor.py:208} INFO - Processing /opt/airflow/dags/kafka_load.py took 0.154 seconds
[2026-04-21T05:48:29.128+0000] {processor.py:186} INFO - Started process (PID=448) to work on /opt/airflow/dags/kafka_load.py
[2026-04-21T05:48:29.129+0000] {processor.py:914} INFO - Processing file /opt/airflow/dags/kafka_load.py for tasks to queue
[2026-04-21T05:48:29.134+0000] {logging_mixin.py:190} INFO - [2026-04-21T05:48:29.134+0000] {dagbag.py:588} INFO - Filling up the DagBag from /opt/airflow/dags/kafka_load.py
[2026-04-21T05:48:29.176+0000] {processor.py:925} INFO - DAG(s) 'kafka_producer' retrieved from /opt/airflow/dags/kafka_load.py
[2026-04-21T05:48:29.206+0000] {logging_mixin.py:190} INFO - [2026-04-21T05:48:29.206+0000] {dag.py:3239} INFO - Sync 1 DAGs
[2026-04-21T05:48:29.242+0000] {logging_mixin.py:190} INFO - [2026-04-21T05:48:29.241+0000] {dag.py:4180} INFO - Setting next_dagrun for kafka_producer to 2026-04-20 18:30:00+00:00, run_after=2026-04-21 18:30:00+00:00
[2026-04-21T05:48:29.270+0000] {processor.py:208} INFO - Processing /opt/airflow/dags/kafka_load.py took 0.150 seconds
[2026-04-21T05:48:59.708+0000] {processor.py:186} INFO - Started process (PID=451) to work on /opt/airflow/dags/kafka_load.py
[2026-04-21T05:48:59.710+0000] {processor.py:914} INFO - Processing file /opt/airflow/dags/kafka_load.py for tasks to queue
[2026-04-21T05:48:59.721+0000] {logging_mixin.py:190} INFO - [2026-04-21T05:48:59.720+0000] {dagbag.py:588} INFO - Filling up the DagBag from /opt/airflow/dags/kafka_load.py
[2026-04-21T05:49:00.414+0000] {processor.py:925} INFO - DAG(s) 'kafka_producer' retrieved from /opt/airflow/dags/kafka_load.py
[2026-04-21T05:49:00.454+0000] {logging_mixin.py:190} INFO - [2026-04-21T05:49:00.454+0000] {dag.py:3239} INFO - Sync 1 DAGs
[2026-04-21T05:49:00.488+0000] {logging_mixin.py:190} INFO - [2026-04-21T05:49:00.488+0000] {dag.py:4180} INFO - Setting next_dagrun for kafka_producer to 2026-04-20 18:30:00+00:00, run_after=2026-04-21 18:30:00+00:00
[2026-04-21T05:49:00.516+0000] {processor.py:208} INFO - Processing /opt/airflow/dags/kafka_load.py took 0.828 seconds
[2026-04-21T05:49:31.045+0000] {processor.py:186} INFO - Started process (PID=454) to work on /opt/airflow/dags/kafka_load.py
[2026-04-21T05:49:31.047+0000] {processor.py:914} INFO - Processing file /opt/airflow/dags/kafka_load.py for tasks to queue
[2026-04-21T05:49:31.051+0000] {logging_mixin.py:190} INFO - [2026-04-21T05:49:31.051+0000] {dagbag.py:588} INFO - Filling up the DagBag from /opt/airflow/dags/kafka_load.py
[2026-04-21T05:49:31.093+0000] {processor.py:925} INFO - DAG(s) 'kafka_producer' retrieved from /opt/airflow/dags/kafka_load.py
[2026-04-21T05:49:31.125+0000] {logging_mixin.py:190} INFO - [2026-04-21T05:49:31.125+0000] {dag.py:3239} INFO - Sync 1 DAGs
[2026-04-21T05:49:31.159+0000] {logging_mixin.py:190} INFO - [2026-04-21T05:49:31.158+0000] {dag.py:4180} INFO - Setting next_dagrun for kafka_producer to 2026-04-20 18:30:00+00:00, run_after=2026-04-21 18:30:00+00:00
[2026-04-21T05:49:31.188+0000] {processor.py:208} INFO - Processing /opt/airflow/dags/kafka_load.py took 0.152 seconds
[2026-04-21T05:50:01.574+0000] {processor.py:186} INFO - Started process (PID=457) to work on /opt/airflow/dags/kafka_load.py
[2026-04-21T05:50:01.576+0000] {processor.py:914} INFO - Processing file /opt/airflow/dags/kafka_load.py for tasks to queue
[2026-04-21T05:50:01.581+0000] {logging_mixin.py:190} INFO - [2026-04-21T05:50:01.581+0000] {dagbag.py:588} INFO - Filling up the DagBag from /opt/airflow/dags/kafka_load.py
[2026-04-21T05:50:01.617+0000] {processor.py:925} INFO - DAG(s) 'kafka_producer' retrieved from /opt/airflow/dags/kafka_load.py
[2026-04-21T05:50:01.651+0000] {logging_mixin.py:190} INFO - [2026-04-21T05:50:01.650+0000] {dag.py:3239} INFO - Sync 1 DAGs
[2026-04-21T05:50:01.693+0000] {logging_mixin.py:190} INFO - [2026-04-21T05:50:01.692+0000] {dag.py:4180} INFO - Setting next_dagrun for kafka_producer to 2026-04-20 18:30:00+00:00, run_after=2026-04-21 18:30:00+00:00
[2026-04-21T05:50:01.718+0000] {processor.py:208} INFO - Processing /opt/airflow/dags/kafka_load.py took 0.153 seconds
[2026-04-21T05:50:31.780+0000] {processor.py:186} INFO - Started process (PID=460) to work on /opt/airflow/dags/kafka_load.py
[2026-04-21T05:50:31.782+0000] {processor.py:914} INFO - Processing file /opt/airflow/dags/kafka_load.py for tasks to queue
[2026-04-21T05:50:31.787+0000] {logging_mixin.py:190} INFO - [2026-04-21T05:50:31.786+0000] {dagbag.py:588} INFO - Filling up the DagBag from /opt/airflow/dags/kafka_load.py
[2026-04-21T05:50:31.865+0000] {processor.py:925} INFO - DAG(s) 'kafka_producer' retrieved from /opt/airflow/dags/kafka_load.py
[2026-04-21T05:50:31.897+0000] {logging_mixin.py:190} INFO - [2026-04-21T05:50:31.896+0000] {dag.py:3239} INFO - Sync 1 DAGs
[2026-04-21T05:50:31.930+0000] {logging_mixin.py:190} INFO - [2026-04-21T05:50:31.929+0000] {dag.py:4180} INFO - Setting next_dagrun for kafka_producer to 2026-04-20 18:30:00+00:00, run_after=2026-04-21 18:30:00+00:00
[2026-04-21T05:50:32.466+0000] {processor.py:208} INFO - Processing /opt/airflow/dags/kafka_load.py took 0.695 seconds
[2026-04-21T05:51:02.988+0000] {processor.py:186} INFO - Started process (PID=463) to work on /opt/airflow/dags/kafka_load.py
[2026-04-21T05:51:02.989+0000] {processor.py:914} INFO - Processing file /opt/airflow/dags/kafka_load.py for tasks to queue
[2026-04-21T05:51:02.994+0000] {logging_mixin.py:190} INFO - [2026-04-21T05:51:02.993+0000] {dagbag.py:588} INFO - Filling up the DagBag from /opt/airflow/dags/kafka_load.py
[2026-04-21T05:51:03.035+0000] {processor.py:925} INFO - DAG(s) 'kafka_producer' retrieved from /opt/airflow/dags/kafka_load.py
[2026-04-21T05:51:03.071+0000] {logging_mixin.py:190} INFO - [2026-04-21T05:51:03.070+0000] {dag.py:3239} INFO - Sync 1 DAGs
[2026-04-21T05:51:03.102+0000] {logging_mixin.py:190} INFO - [2026-04-21T05:51:03.101+0000] {dag.py:4180} INFO - Setting next_dagrun for kafka_producer to 2026-04-20 18:30:00+00:00, run_after=2026-04-21 18:30:00+00:00
[2026-04-21T05:51:03.126+0000] {processor.py:208} INFO - Processing /opt/airflow/dags/kafka_load.py took 0.149 seconds
[2026-04-21T05:51:33.528+0000] {processor.py:186} INFO - Started process (PID=466) to work on /opt/airflow/dags/kafka_load.py
[2026-04-21T05:51:33.531+0000] {processor.py:914} INFO - Processing file /opt/airflow/dags/kafka_load.py for tasks to queue
[2026-04-21T05:51:33.536+0000] {logging_mixin.py:190} INFO - [2026-04-21T05:51:33.536+0000] {dagbag.py:588} INFO - Filling up the DagBag from /opt/airflow/dags/kafka_load.py
[2026-04-21T05:51:33.574+0000] {processor.py:925} INFO - DAG(s) 'kafka_producer' retrieved from /opt/airflow/dags/kafka_load.py
[2026-04-21T05:51:33.607+0000] {logging_mixin.py:190} INFO - [2026-04-21T05:51:33.607+0000] {dag.py:3239} INFO - Sync 1 DAGs
[2026-04-21T05:51:33.640+0000] {logging_mixin.py:190} INFO - [2026-04-21T05:51:33.640+0000] {dag.py:4180} INFO - Setting next_dagrun for kafka_producer to 2026-04-20 18:30:00+00:00, run_after=2026-04-21 18:30:00+00:00
[2026-04-21T05:51:33.669+0000] {processor.py:208} INFO - Processing /opt/airflow/dags/kafka_load.py took 0.151 seconds
[2026-04-21T05:52:04.195+0000] {processor.py:186} INFO - Started process (PID=469) to work on /opt/airflow/dags/kafka_load.py
[2026-04-21T05:52:04.196+0000] {processor.py:914} INFO - Processing file /opt/airflow/dags/kafka_load.py for tasks to queue
[2026-04-21T05:52:04.202+0000] {logging_mixin.py:190} INFO - [2026-04-21T05:52:04.201+0000] {dagbag.py:588} INFO - Filling up the DagBag from /opt/airflow/dags/kafka_load.py
[2026-04-21T05:52:04.247+0000] {processor.py:925} INFO - DAG(s) 'kafka_producer' retrieved from /opt/airflow/dags/kafka_load.py
[2026-04-21T05:52:04.278+0000] {logging_mixin.py:190} INFO - [2026-04-21T05:52:04.277+0000] {dag.py:3239} INFO - Sync 1 DAGs
[2026-04-21T05:52:04.312+0000] {logging_mixin.py:190} INFO - [2026-04-21T05:52:04.312+0000] {dag.py:4180} INFO - Setting next_dagrun for kafka_producer to 2026-04-20 18:30:00+00:00, run_after=2026-04-21 18:30:00+00:00
[2026-04-21T05:52:05.593+0000] {processor.py:208} INFO - Processing /opt/airflow/dags/kafka_load.py took 1.408 seconds
[2026-04-21T05:52:36.013+0000] {processor.py:186} INFO - Started process (PID=472) to work on /opt/airflow/dags/kafka_load.py
[2026-04-21T05:52:36.014+0000] {processor.py:914} INFO - Processing file /opt/airflow/dags/kafka_load.py for tasks to queue
[2026-04-21T05:52:36.021+0000] {logging_mixin.py:190} INFO - [2026-04-21T05:52:36.020+0000] {dagbag.py:588} INFO - Filling up the DagBag from /opt/airflow/dags/kafka_load.py
[2026-04-21T05:52:36.062+0000] {processor.py:925} INFO - DAG(s) 'kafka_producer' retrieved from /opt/airflow/dags/kafka_load.py
[2026-04-21T05:52:36.091+0000] {logging_mixin.py:190} INFO - [2026-04-21T05:52:36.090+0000] {dag.py:3239} INFO - Sync 1 DAGs
[2026-04-21T05:52:36.122+0000] {logging_mixin.py:190} INFO - [2026-04-21T05:52:36.122+0000] {dag.py:4180} INFO - Setting next_dagrun for kafka_producer to 2026-04-20 18:30:00+00:00, run_after=2026-04-21 18:30:00+00:00
[2026-04-21T05:52:36.586+0000] {processor.py:208} INFO - Processing /opt/airflow/dags/kafka_load.py took 0.581 seconds
[2026-04-21T05:53:07.517+0000] {processor.py:186} INFO - Started process (PID=475) to work on /opt/airflow/dags/kafka_load.py
[2026-04-21T05:53:07.518+0000] {processor.py:914} INFO - Processing file /opt/airflow/dags/kafka_load.py for tasks to queue
[2026-04-21T05:53:07.522+0000] {logging_mixin.py:190} INFO - [2026-04-21T05:53:07.522+0000] {dagbag.py:588} INFO - Filling up the DagBag from /opt/airflow/dags/kafka_load.py
[2026-04-21T05:53:07.558+0000] {processor.py:925} INFO - DAG(s) 'kafka_producer' retrieved from /opt/airflow/dags/kafka_load.py
[2026-04-21T05:53:07.611+0000] {logging_mixin.py:190} INFO - [2026-04-21T05:53:07.611+0000] {dag.py:3239} INFO - Sync 1 DAGs
[2026-04-21T05:53:07.690+0000] {logging_mixin.py:190} INFO - [2026-04-21T05:53:07.689+0000] {dag.py:4180} INFO - Setting next_dagrun for kafka_producer to 2026-04-20 18:30:00+00:00, run_after=2026-04-21 18:30:00+00:00
[2026-04-21T05:53:07.727+0000] {processor.py:208} INFO - Processing /opt/airflow/dags/kafka_load.py took 0.221 seconds
[2026-04-21T05:53:38.163+0000] {processor.py:186} INFO - Started process (PID=478) to work on /opt/airflow/dags/kafka_load.py
[2026-04-21T05:53:38.164+0000] {processor.py:914} INFO - Processing file /opt/airflow/dags/kafka_load.py for tasks to queue
[2026-04-21T05:53:38.168+0000] {logging_mixin.py:190} INFO - [2026-04-21T05:53:38.168+0000] {dagbag.py:588} INFO - Filling up the DagBag from /opt/airflow/dags/kafka_load.py
[2026-04-21T05:53:38.214+0000] {processor.py:925} INFO - DAG(s) 'kafka_producer' retrieved from /opt/airflow/dags/kafka_load.py
[2026-04-21T05:53:38.246+0000] {logging_mixin.py:190} INFO - [2026-04-21T05:53:38.246+0000] {dag.py:3239} INFO - Sync 1 DAGs
[2026-04-21T05:53:38.282+0000] {logging_mixin.py:190} INFO - [2026-04-21T05:53:38.282+0000] {dag.py:4180} INFO - Setting next_dagrun for kafka_producer to 2026-04-20 18:30:00+00:00, run_after=2026-04-21 18:30:00+00:00
[2026-04-21T05:53:38.308+0000] {processor.py:208} INFO - Processing /opt/airflow/dags/kafka_load.py took 0.154 seconds
[2026-04-21T05:54:08.807+0000] {processor.py:186} INFO - Started process (PID=481) to work on /opt/airflow/dags/kafka_load.py
[2026-04-21T05:54:08.808+0000] {processor.py:914} INFO - Processing file /opt/airflow/dags/kafka_load.py for tasks to queue
[2026-04-21T05:54:08.812+0000] {logging_mixin.py:190} INFO - [2026-04-21T05:54:08.811+0000] {dagbag.py:588} INFO - Filling up the DagBag from /opt/airflow/dags/kafka_load.py
[2026-04-21T05:54:08.853+0000] {processor.py:925} INFO - DAG(s) 'kafka_producer' retrieved from /opt/airflow/dags/kafka_load.py
[2026-04-21T05:54:08.890+0000] {logging_mixin.py:190} INFO - [2026-04-21T05:54:08.890+0000] {dag.py:3239} INFO - Sync 1 DAGs
[2026-04-21T05:54:08.939+0000] {logging_mixin.py:190} INFO - [2026-04-21T05:54:08.938+0000] {dag.py:4180} INFO - Setting next_dagrun for kafka_producer to 2026-04-20 18:30:00+00:00, run_after=2026-04-21 18:30:00+00:00
[2026-04-21T05:54:08.995+0000] {processor.py:208} INFO - Processing /opt/airflow/dags/kafka_load.py took 0.199 seconds
[2026-04-21T05:54:39.415+0000] {processor.py:186} INFO - Started process (PID=484) to work on /opt/airflow/dags/kafka_load.py
[2026-04-21T05:54:39.416+0000] {processor.py:914} INFO - Processing file /opt/airflow/dags/kafka_load.py for tasks to queue
[2026-04-21T05:54:39.423+0000] {logging_mixin.py:190} INFO - [2026-04-21T05:54:39.422+0000] {dagbag.py:588} INFO - Filling up the DagBag from /opt/airflow/dags/kafka_load.py
[2026-04-21T05:54:39.467+0000] {processor.py:925} INFO - DAG(s) 'kafka_producer' retrieved from /opt/airflow/dags/kafka_load.py
[2026-04-21T05:54:39.504+0000] {logging_mixin.py:190} INFO - [2026-04-21T05:54:39.504+0000] {dag.py:3239} INFO - Sync 1 DAGs
[2026-04-21T05:54:39.539+0000] {logging_mixin.py:190} INFO - [2026-04-21T05:54:39.539+0000] {dag.py:4180} INFO - Setting next_dagrun for kafka_producer to 2026-04-20 18:30:00+00:00, run_after=2026-04-21 18:30:00+00:00
[2026-04-21T05:54:39.567+0000] {processor.py:208} INFO - Processing /opt/airflow/dags/kafka_load.py took 0.163 seconds
[2026-04-21T05:55:10.091+0000] {processor.py:186} INFO - Started process (PID=487) to work on /opt/airflow/dags/kafka_load.py
[2026-04-21T05:55:10.092+0000] {processor.py:914} INFO - Processing file /opt/airflow/dags/kafka_load.py for tasks to queue
[2026-04-21T05:55:10.096+0000] {logging_mixin.py:190} INFO - [2026-04-21T05:55:10.095+0000] {dagbag.py:588} INFO - Filling up the DagBag from /opt/airflow/dags/kafka_load.py
[2026-04-21T05:55:10.126+0000] {processor.py:925} INFO - DAG(s) 'kafka_producer' retrieved from /opt/airflow/dags/kafka_load.py
[2026-04-21T05:55:10.157+0000] {logging_mixin.py:190} INFO - [2026-04-21T05:55:10.157+0000] {dag.py:3239} INFO - Sync 1 DAGs
[2026-04-21T05:55:10.197+0000] {logging_mixin.py:190} INFO - [2026-04-21T05:55:10.197+0000] {dag.py:4180} INFO - Setting next_dagrun for kafka_producer to 2026-04-20 18:30:00+00:00, run_after=2026-04-21 18:30:00+00:00
[2026-04-21T05:55:10.230+0000] {processor.py:208} INFO - Processing /opt/airflow/dags/kafka_load.py took 0.148 seconds
[2026-04-21T05:55:41.056+0000] {processor.py:186} INFO - Started process (PID=490) to work on /opt/airflow/dags/kafka_load.py
[2026-04-21T05:55:41.057+0000] {processor.py:914} INFO - Processing file /opt/airflow/dags/kafka_load.py for tasks to queue
[2026-04-21T05:55:41.063+0000] {logging_mixin.py:190} INFO - [2026-04-21T05:55:41.062+0000] {dagbag.py:588} INFO - Filling up the DagBag from /opt/airflow/dags/kafka_load.py
[2026-04-21T05:55:41.104+0000] {processor.py:925} INFO - DAG(s) 'kafka_producer' retrieved from /opt/airflow/dags/kafka_load.py
[2026-04-21T05:55:41.142+0000] {logging_mixin.py:190} INFO - [2026-04-21T05:55:41.141+0000] {dag.py:3239} INFO - Sync 1 DAGs
[2026-04-21T05:55:41.172+0000] {logging_mixin.py:190} INFO - [2026-04-21T05:55:41.172+0000] {dag.py:4180} INFO - Setting next_dagrun for kafka_producer to 2026-04-20 18:30:00+00:00, run_after=2026-04-21 18:30:00+00:00
[2026-04-21T05:55:41.708+0000] {processor.py:208} INFO - Processing /opt/airflow/dags/kafka_load.py took 0.661 seconds
[2026-04-21T05:56:11.825+0000] {processor.py:186} INFO - Started process (PID=493) to work on /opt/airflow/dags/kafka_load.py
[2026-04-21T05:56:11.826+0000] {processor.py:914} INFO - Processing file /opt/airflow/dags/kafka_load.py for tasks to queue
[2026-04-21T05:56:11.832+0000] {logging_mixin.py:190} INFO - [2026-04-21T05:56:11.831+0000] {dagbag.py:588} INFO - Filling up the DagBag from /opt/airflow/dags/kafka_load.py
[2026-04-21T05:56:11.882+0000] {processor.py:925} INFO - DAG(s) 'kafka_producer' retrieved from /opt/airflow/dags/kafka_load.py
[2026-04-21T05:56:11.914+0000] {logging_mixin.py:190} INFO - [2026-04-21T05:56:11.913+0000] {dag.py:3239} INFO - Sync 1 DAGs
[2026-04-21T05:56:11.949+0000] {logging_mixin.py:190} INFO - [2026-04-21T05:56:11.949+0000] {dag.py:4180} INFO - Setting next_dagrun for kafka_producer to 2026-04-20 18:30:00+00:00, run_after=2026-04-21 18:30:00+00:00
[2026-04-21T05:56:11.976+0000] {processor.py:208} INFO - Processing /opt/airflow/dags/kafka_load.py took 0.160 seconds
[2026-04-21T05:56:42.723+0000] {processor.py:186} INFO - Started process (PID=496) to work on /opt/airflow/dags/kafka_load.py
[2026-04-21T05:56:42.725+0000] {processor.py:914} INFO - Processing file /opt/airflow/dags/kafka_load.py for tasks to queue
[2026-04-21T05:56:42.728+0000] {logging_mixin.py:190} INFO - [2026-04-21T05:56:42.728+0000] {dagbag.py:588} INFO - Filling up the DagBag from /opt/airflow/dags/kafka_load.py
[2026-04-21T05:56:42.783+0000] {processor.py:925} INFO - DAG(s) 'kafka_producer' retrieved from /opt/airflow/dags/kafka_load.py
[2026-04-21T05:56:42.852+0000] {logging_mixin.py:190} INFO - [2026-04-21T05:56:42.843+0000] {dag.py:3239} INFO - Sync 1 DAGs
[2026-04-21T05:56:42.912+0000] {logging_mixin.py:190} INFO - [2026-04-21T05:56:42.912+0000] {dag.py:4180} INFO - Setting next_dagrun for kafka_producer to 2026-04-20 18:30:00+00:00, run_after=2026-04-21 18:30:00+00:00
[2026-04-21T05:56:42.964+0000] {processor.py:208} INFO - Processing /opt/airflow/dags/kafka_load.py took 0.261 seconds
[2026-04-21T05:57:13.601+0000] {processor.py:186} INFO - Started process (PID=499) to work on /opt/airflow/dags/kafka_load.py
[2026-04-21T05:57:13.602+0000] {processor.py:914} INFO - Processing file /opt/airflow/dags/kafka_load.py for tasks to queue
[2026-04-21T05:57:13.605+0000] {logging_mixin.py:190} INFO - [2026-04-21T05:57:13.605+0000] {dagbag.py:588} INFO - Filling up the DagBag from /opt/airflow/dags/kafka_load.py
[2026-04-21T05:57:13.643+0000] {processor.py:925} INFO - DAG(s) 'kafka_producer' retrieved from /opt/airflow/dags/kafka_load.py
[2026-04-21T05:57:13.669+0000] {logging_mixin.py:190} INFO - [2026-04-21T05:57:13.669+0000] {dag.py:3239} INFO - Sync 1 DAGs
[2026-04-21T05:57:13.702+0000] {logging_mixin.py:190} INFO - [2026-04-21T05:57:13.702+0000] {dag.py:4180} INFO - Setting next_dagrun for kafka_producer to 2026-04-20 18:30:00+00:00, run_after=2026-04-21 18:30:00+00:00
[2026-04-21T05:57:13.729+0000] {processor.py:208} INFO - Processing /opt/airflow/dags/kafka_load.py took 0.138 seconds
[2026-04-21T05:57:44.215+0000] {processor.py:186} INFO - Started process (PID=502) to work on /opt/airflow/dags/kafka_load.py
[2026-04-21T05:57:44.216+0000] {processor.py:914} INFO - Processing file /opt/airflow/dags/kafka_load.py for tasks to queue
[2026-04-21T05:57:44.220+0000] {logging_mixin.py:190} INFO - [2026-04-21T05:57:44.219+0000] {dagbag.py:588} INFO - Filling up the DagBag from /opt/airflow/dags/kafka_load.py
[2026-04-21T05:57:44.258+0000] {processor.py:925} INFO - DAG(s) 'kafka_producer' retrieved from /opt/airflow/dags/kafka_load.py
[2026-04-21T05:57:44.287+0000] {logging_mixin.py:190} INFO - [2026-04-21T05:57:44.287+0000] {dag.py:3239} INFO - Sync 1 DAGs
[2026-04-21T05:57:44.321+0000] {logging_mixin.py:190} INFO - [2026-04-21T05:57:44.320+0000] {dag.py:4180} INFO - Setting next_dagrun for kafka_producer to 2026-04-20 18:30:00+00:00, run_after=2026-04-21 18:30:00+00:00
[2026-04-21T05:57:44.348+0000] {processor.py:208} INFO - Processing /opt/airflow/dags/kafka_load.py took 0.142 seconds
[2026-04-21T05:58:14.928+0000] {processor.py:186} INFO - Started process (PID=505) to work on /opt/airflow/dags/kafka_load.py
[2026-04-21T05:58:14.930+0000] {processor.py:914} INFO - Processing file /opt/airflow/dags/kafka_load.py for tasks to queue
[2026-04-21T05:58:14.933+0000] {logging_mixin.py:190} INFO - [2026-04-21T05:58:14.933+0000] {dagbag.py:588} INFO - Filling up the DagBag from /opt/airflow/dags/kafka_load.py
[2026-04-21T05:58:14.971+0000] {processor.py:925} INFO - DAG(s) 'kafka_producer' retrieved from /opt/airflow/dags/kafka_load.py
[2026-04-21T05:58:15.000+0000] {logging_mixin.py:190} INFO - [2026-04-21T05:58:15.000+0000] {dag.py:3239} INFO - Sync 1 DAGs
[2026-04-21T05:58:15.032+0000] {logging_mixin.py:190} INFO - [2026-04-21T05:58:15.031+0000] {dag.py:4180} INFO - Setting next_dagrun for kafka_producer to 2026-04-20 18:30:00+00:00, run_after=2026-04-21 18:30:00+00:00
[2026-04-21T05:58:15.058+0000] {processor.py:208} INFO - Processing /opt/airflow/dags/kafka_load.py took 0.138 seconds
[2026-04-21T05:58:45.514+0000] {processor.py:186} INFO - Started process (PID=508) to work on /opt/airflow/dags/kafka_load.py
[2026-04-21T05:58:45.516+0000] {processor.py:914} INFO - Processing file /opt/airflow/dags/kafka_load.py for tasks to queue
[2026-04-21T05:58:45.520+0000] {logging_mixin.py:190} INFO - [2026-04-21T05:58:45.519+0000] {dagbag.py:588} INFO - Filling up the DagBag from /opt/airflow/dags/kafka_load.py
[2026-04-21T05:58:45.556+0000] {processor.py:925} INFO - DAG(s) 'kafka_producer' retrieved from /opt/airflow/dags/kafka_load.py
[2026-04-21T05:58:45.590+0000] {logging_mixin.py:190} INFO - [2026-04-21T05:58:45.590+0000] {dag.py:3239} INFO - Sync 1 DAGs
[2026-04-21T05:58:45.626+0000] {logging_mixin.py:190} INFO - [2026-04-21T05:58:45.625+0000] {dag.py:4180} INFO - Setting next_dagrun for kafka_producer to 2026-04-20 18:30:00+00:00, run_after=2026-04-21 18:30:00+00:00
[2026-04-21T05:58:45.654+0000] {processor.py:208} INFO - Processing /opt/airflow/dags/kafka_load.py took 0.149 seconds
[2026-04-21T05:59:15.741+0000] {processor.py:186} INFO - Started process (PID=511) to work on /opt/airflow/dags/kafka_load.py
[2026-04-21T05:59:15.742+0000] {processor.py:914} INFO - Processing file /opt/airflow/dags/kafka_load.py for tasks to queue
[2026-04-21T05:59:15.746+0000] {logging_mixin.py:190} INFO - [2026-04-21T05:59:15.746+0000] {dagbag.py:588} INFO - Filling up the DagBag from /opt/airflow/dags/kafka_load.py
[2026-04-21T05:59:15.785+0000] {processor.py:925} INFO - DAG(s) 'kafka_producer' retrieved from /opt/airflow/dags/kafka_load.py
[2026-04-21T05:59:15.877+0000] {logging_mixin.py:190} INFO - [2026-04-21T05:59:15.877+0000] {dag.py:3239} INFO - Sync 1 DAGs
[2026-04-21T05:59:15.945+0000] {logging_mixin.py:190} INFO - [2026-04-21T05:59:15.945+0000] {dag.py:4180} INFO - Setting next_dagrun for kafka_producer to 2026-04-20 18:30:00+00:00, run_after=2026-04-21 18:30:00+00:00
[2026-04-21T05:59:16.006+0000] {processor.py:208} INFO - Processing /opt/airflow/dags/kafka_load.py took 0.276 seconds
[2026-04-21T05:59:46.270+0000] {processor.py:186} INFO - Started process (PID=514) to work on /opt/airflow/dags/kafka_load.py
[2026-04-21T05:59:46.272+0000] {processor.py:914} INFO - Processing file /opt/airflow/dags/kafka_load.py for tasks to queue
[2026-04-21T05:59:46.275+0000] {logging_mixin.py:190} INFO - [2026-04-21T05:59:46.275+0000] {dagbag.py:588} INFO - Filling up the DagBag from /opt/airflow/dags/kafka_load.py
[2026-04-21T05:59:46.310+0000] {processor.py:925} INFO - DAG(s) 'kafka_producer' retrieved from /opt/airflow/dags/kafka_load.py
[2026-04-21T05:59:46.341+0000] {logging_mixin.py:190} INFO - [2026-04-21T05:59:46.340+0000] {dag.py:3239} INFO - Sync 1 DAGs
[2026-04-21T05:59:46.373+0000] {logging_mixin.py:190} INFO - [2026-04-21T05:59:46.373+0000] {dag.py:4180} INFO - Setting next_dagrun for kafka_producer to 2026-04-20 18:30:00+00:00, run_after=2026-04-21 18:30:00+00:00
[2026-04-21T05:59:46.401+0000] {processor.py:208} INFO - Processing /opt/airflow/dags/kafka_load.py took 0.140 seconds
[2026-04-21T06:00:16.991+0000] {processor.py:186} INFO - Started process (PID=517) to work on /opt/airflow/dags/kafka_load.py
[2026-04-21T06:00:16.993+0000] {processor.py:914} INFO - Processing file /opt/airflow/dags/kafka_load.py for tasks to queue
[2026-04-21T06:00:16.996+0000] {logging_mixin.py:190} INFO - [2026-04-21T06:00:16.996+0000] {dagbag.py:588} INFO - Filling up the DagBag from /opt/airflow/dags/kafka_load.py
[2026-04-21T06:00:17.040+0000] {processor.py:925} INFO - DAG(s) 'kafka_producer' retrieved from /opt/airflow/dags/kafka_load.py
[2026-04-21T06:00:17.068+0000] {logging_mixin.py:190} INFO - [2026-04-21T06:00:17.068+0000] {dag.py:3239} INFO - Sync 1 DAGs
[2026-04-21T06:00:17.099+0000] {logging_mixin.py:190} INFO - [2026-04-21T06:00:17.098+0000] {dag.py:4180} INFO - Setting next_dagrun for kafka_producer to 2026-04-20 18:30:00+00:00, run_after=2026-04-21 18:30:00+00:00
[2026-04-21T06:00:17.126+0000] {processor.py:208} INFO - Processing /opt/airflow/dags/kafka_load.py took 0.144 seconds
[2026-04-21T06:00:47.655+0000] {processor.py:186} INFO - Started process (PID=520) to work on /opt/airflow/dags/kafka_load.py
[2026-04-21T06:00:47.657+0000] {processor.py:914} INFO - Processing file /opt/airflow/dags/kafka_load.py for tasks to queue
[2026-04-21T06:00:47.660+0000] {logging_mixin.py:190} INFO - [2026-04-21T06:00:47.659+0000] {dagbag.py:588} INFO - Filling up the DagBag from /opt/airflow/dags/kafka_load.py
[2026-04-21T06:00:47.696+0000] {processor.py:925} INFO - DAG(s) 'kafka_producer' retrieved from /opt/airflow/dags/kafka_load.py
[2026-04-21T06:00:47.729+0000] {logging_mixin.py:190} INFO - [2026-04-21T06:00:47.728+0000] {dag.py:3239} INFO - Sync 1 DAGs
[2026-04-21T06:00:47.775+0000] {logging_mixin.py:190} INFO - [2026-04-21T06:00:47.774+0000] {dag.py:4180} INFO - Setting next_dagrun for kafka_producer to 2026-04-20 18:30:00+00:00, run_after=2026-04-21 18:30:00+00:00
[2026-04-21T06:00:47.808+0000] {processor.py:208} INFO - Processing /opt/airflow/dags/kafka_load.py took 0.161 seconds
[2026-04-21T06:00:57.692+0000] {processor.py:186} INFO - Started process (PID=522) to work on /opt/airflow/dags/kafka_load.py
[2026-04-21T06:00:57.694+0000] {processor.py:914} INFO - Processing file /opt/airflow/dags/kafka_load.py for tasks to queue
[2026-04-21T06:00:57.697+0000] {logging_mixin.py:190} INFO - [2026-04-21T06:00:57.697+0000] {dagbag.py:588} INFO - Filling up the DagBag from /opt/airflow/dags/kafka_load.py
[2026-04-21T06:00:57.743+0000] {processor.py:925} INFO - DAG(s) 'kafka_producer' retrieved from /opt/airflow/dags/kafka_load.py
[2026-04-21T06:00:57.776+0000] {logging_mixin.py:190} INFO - [2026-04-21T06:00:57.776+0000] {dag.py:3239} INFO - Sync 1 DAGs
[2026-04-21T06:00:57.833+0000] {logging_mixin.py:190} INFO - [2026-04-21T06:00:57.833+0000] {dag.py:4180} INFO - Setting next_dagrun for kafka_producer to 2026-04-20 18:30:00+00:00, run_after=2026-04-21 18:30:00+00:00
[2026-04-21T06:00:58.495+0000] {processor.py:208} INFO - Processing /opt/airflow/dags/kafka_load.py took 0.812 seconds
[2026-04-21T06:01:29.168+0000] {processor.py:186} INFO - Started process (PID=525) to work on /opt/airflow/dags/kafka_load.py
[2026-04-21T06:01:29.170+0000] {processor.py:914} INFO - Processing file /opt/airflow/dags/kafka_load.py for tasks to queue
[2026-04-21T06:01:29.174+0000] {logging_mixin.py:190} INFO - [2026-04-21T06:01:29.174+0000] {dagbag.py:588} INFO - Filling up the DagBag from /opt/airflow/dags/kafka_load.py
[2026-04-21T06:01:29.218+0000] {processor.py:925} INFO - DAG(s) 'kafka_producer' retrieved from /opt/airflow/dags/kafka_load.py
[2026-04-21T06:01:29.249+0000] {logging_mixin.py:190} INFO - [2026-04-21T06:01:29.249+0000] {dag.py:3239} INFO - Sync 1 DAGs
[2026-04-21T06:01:29.290+0000] {logging_mixin.py:190} INFO - [2026-04-21T06:01:29.290+0000] {dag.py:4180} INFO - Setting next_dagrun for kafka_producer to 2026-04-20 18:30:00+00:00, run_after=2026-04-21 18:30:00+00:00
[2026-04-21T06:01:29.318+0000] {processor.py:208} INFO - Processing /opt/airflow/dags/kafka_load.py took 0.161 seconds
[2026-04-21T06:01:59.831+0000] {processor.py:186} INFO - Started process (PID=528) to work on /opt/airflow/dags/kafka_load.py
[2026-04-21T06:01:59.836+0000] {processor.py:914} INFO - Processing file /opt/airflow/dags/kafka_load.py for tasks to queue
[2026-04-21T06:01:59.840+0000] {logging_mixin.py:190} INFO - [2026-04-21T06:01:59.840+0000] {dagbag.py:588} INFO - Filling up the DagBag from /opt/airflow/dags/kafka_load.py
[2026-04-21T06:01:59.874+0000] {processor.py:925} INFO - DAG(s) 'kafka_producer' retrieved from /opt/airflow/dags/kafka_load.py
[2026-04-21T06:01:59.899+0000] {logging_mixin.py:190} INFO - [2026-04-21T06:01:59.898+0000] {dag.py:3239} INFO - Sync 1 DAGs
[2026-04-21T06:01:59.930+0000] {logging_mixin.py:190} INFO - [2026-04-21T06:01:59.930+0000] {dag.py:4180} INFO - Setting next_dagrun for kafka_producer to 2026-04-20 18:30:00+00:00, run_after=2026-04-21 18:30:00+00:00
[2026-04-21T06:01:59.953+0000] {processor.py:208} INFO - Processing /opt/airflow/dags/kafka_load.py took 0.141 seconds
[2026-04-21T06:02:30.370+0000] {processor.py:186} INFO - Started process (PID=531) to work on /opt/airflow/dags/kafka_load.py
[2026-04-21T06:02:30.371+0000] {processor.py:914} INFO - Processing file /opt/airflow/dags/kafka_load.py for tasks to queue
[2026-04-21T06:02:30.374+0000] {logging_mixin.py:190} INFO - [2026-04-21T06:02:30.374+0000] {dagbag.py:588} INFO - Filling up the DagBag from /opt/airflow/dags/kafka_load.py
[2026-04-21T06:02:30.402+0000] {processor.py:925} INFO - DAG(s) 'kafka_producer' retrieved from /opt/airflow/dags/kafka_load.py
[2026-04-21T06:02:30.430+0000] {logging_mixin.py:190} INFO - [2026-04-21T06:02:30.430+0000] {dag.py:3239} INFO - Sync 1 DAGs
[2026-04-21T06:02:30.465+0000] {logging_mixin.py:190} INFO - [2026-04-21T06:02:30.464+0000] {dag.py:4180} INFO - Setting next_dagrun for kafka_producer to 2026-04-20 18:30:00+00:00, run_after=2026-04-21 18:30:00+00:00
[2026-04-21T06:02:31.110+0000] {processor.py:208} INFO - Processing /opt/airflow/dags/kafka_load.py took 0.751 seconds
[2026-04-21T06:02:56.620+0000] {processor.py:186} INFO - Started process (PID=534) to work on /opt/airflow/dags/kafka_load.py
[2026-04-21T06:02:56.622+0000] {processor.py:914} INFO - Processing file /opt/airflow/dags/kafka_load.py for tasks to queue
[2026-04-21T06:02:56.625+0000] {logging_mixin.py:190} INFO - [2026-04-21T06:02:56.625+0000] {dagbag.py:588} INFO - Filling up the DagBag from /opt/airflow/dags/kafka_load.py
[2026-04-21T06:02:56.672+0000] {processor.py:925} INFO - DAG(s) 'kafka_producer' retrieved from /opt/airflow/dags/kafka_load.py
[2026-04-21T06:02:56.847+0000] {logging_mixin.py:190} INFO - [2026-04-21T06:02:56.846+0000] {dag.py:3239} INFO - Sync 1 DAGs
[2026-04-21T06:02:57.058+0000] {logging_mixin.py:190} INFO - [2026-04-21T06:02:57.057+0000] {dag.py:4180} INFO - Setting next_dagrun for kafka_producer to 2026-04-20 18:30:00+00:00, run_after=2026-04-21 18:30:00+00:00
[2026-04-21T06:02:57.091+0000] {processor.py:208} INFO - Processing /opt/airflow/dags/kafka_load.py took 0.479 seconds
[2026-04-21T06:03:07.303+0000] {processor.py:186} INFO - Started process (PID=535) to work on /opt/airflow/dags/kafka_load.py
[2026-04-21T06:03:07.304+0000] {processor.py:914} INFO - Processing file /opt/airflow/dags/kafka_load.py for tasks to queue
[2026-04-21T06:03:07.311+0000] {logging_mixin.py:190} INFO - [2026-04-21T06:03:07.310+0000] {dagbag.py:588} INFO - Filling up the DagBag from /opt/airflow/dags/kafka_load.py
[2026-04-21T06:03:07.363+0000] {processor.py:925} INFO - DAG(s) 'kafka_producer' retrieved from /opt/airflow/dags/kafka_load.py
[2026-04-21T06:03:07.404+0000] {logging_mixin.py:190} INFO - [2026-04-21T06:03:07.403+0000] {dag.py:3239} INFO - Sync 1 DAGs
[2026-04-21T06:03:07.463+0000] {logging_mixin.py:190} INFO - [2026-04-21T06:03:07.463+0000] {dag.py:4180} INFO - Setting next_dagrun for kafka_producer to 2026-04-20 18:30:00+00:00, run_after=2026-04-21 18:30:00+00:00
[2026-04-21T06:03:07.498+0000] {processor.py:208} INFO - Processing /opt/airflow/dags/kafka_load.py took 0.204 seconds
[2026-04-21T06:03:38.059+0000] {processor.py:186} INFO - Started process (PID=538) to work on /opt/airflow/dags/kafka_load.py
[2026-04-21T06:03:38.061+0000] {processor.py:914} INFO - Processing file /opt/airflow/dags/kafka_load.py for tasks to queue
[2026-04-21T06:03:38.065+0000] {logging_mixin.py:190} INFO - [2026-04-21T06:03:38.064+0000] {dagbag.py:588} INFO - Filling up the DagBag from /opt/airflow/dags/kafka_load.py
[2026-04-21T06:03:38.095+0000] {processor.py:925} INFO - DAG(s) 'kafka_producer' retrieved from /opt/airflow/dags/kafka_load.py
[2026-04-21T06:03:38.120+0000] {logging_mixin.py:190} INFO - [2026-04-21T06:03:38.120+0000] {dag.py:3239} INFO - Sync 1 DAGs
[2026-04-21T06:03:38.153+0000] {logging_mixin.py:190} INFO - [2026-04-21T06:03:38.152+0000] {dag.py:4180} INFO - Setting next_dagrun for kafka_producer to 2026-04-20 18:30:00+00:00, run_after=2026-04-21 18:30:00+00:00
[2026-04-21T06:03:38.178+0000] {processor.py:208} INFO - Processing /opt/airflow/dags/kafka_load.py took 0.156 seconds
[2026-04-21T06:03:57.644+0000] {processor.py:186} INFO - Started process (PID=541) to work on /opt/airflow/dags/kafka_load.py
[2026-04-21T06:03:57.648+0000] {processor.py:914} INFO - Processing file /opt/airflow/dags/kafka_load.py for tasks to queue
[2026-04-21T06:03:57.652+0000] {logging_mixin.py:190} INFO - [2026-04-21T06:03:57.652+0000] {dagbag.py:588} INFO - Filling up the DagBag from /opt/airflow/dags/kafka_load.py
[2026-04-21T06:03:57.692+0000] {processor.py:925} INFO - DAG(s) 'kafka_producer' retrieved from /opt/airflow/dags/kafka_load.py
[2026-04-21T06:03:58.095+0000] {logging_mixin.py:190} INFO - [2026-04-21T06:03:58.094+0000] {dag.py:3239} INFO - Sync 1 DAGs
[2026-04-21T06:03:58.133+0000] {logging_mixin.py:190} INFO - [2026-04-21T06:03:58.132+0000] {dag.py:4180} INFO - Setting next_dagrun for kafka_producer to 2026-04-20 18:30:00+00:00, run_after=2026-04-21 18:30:00+00:00
[2026-04-21T06:03:58.174+0000] {processor.py:208} INFO - Processing /opt/airflow/dags/kafka_load.py took 0.538 seconds
[2026-04-21T06:04:29.189+0000] {processor.py:186} INFO - Started process (PID=544) to work on /opt/airflow/dags/kafka_load.py
[2026-04-21T06:04:29.190+0000] {processor.py:914} INFO - Processing file /opt/airflow/dags/kafka_load.py for tasks to queue
[2026-04-21T06:04:29.193+0000] {logging_mixin.py:190} INFO - [2026-04-21T06:04:29.193+0000] {dagbag.py:588} INFO - Filling up the DagBag from /opt/airflow/dags/kafka_load.py
[2026-04-21T06:04:29.227+0000] {processor.py:925} INFO - DAG(s) 'kafka_producer' retrieved from /opt/airflow/dags/kafka_load.py
[2026-04-21T06:04:29.256+0000] {logging_mixin.py:190} INFO - [2026-04-21T06:04:29.255+0000] {dag.py:3239} INFO - Sync 1 DAGs
[2026-04-21T06:04:29.286+0000] {logging_mixin.py:190} INFO - [2026-04-21T06:04:29.286+0000] {dag.py:4180} INFO - Setting next_dagrun for kafka_producer to 2026-04-20 18:30:00+00:00, run_after=2026-04-21 18:30:00+00:00
[2026-04-21T06:04:29.314+0000] {processor.py:208} INFO - Processing /opt/airflow/dags/kafka_load.py took 0.134 seconds
[2026-04-21T06:04:59.798+0000] {processor.py:186} INFO - Started process (PID=547) to work on /opt/airflow/dags/kafka_load.py
[2026-04-21T06:04:59.800+0000] {processor.py:914} INFO - Processing file /opt/airflow/dags/kafka_load.py for tasks to queue
[2026-04-21T06:04:59.803+0000] {logging_mixin.py:190} INFO - [2026-04-21T06:04:59.802+0000] {dagbag.py:588} INFO - Filling up the DagBag from /opt/airflow/dags/kafka_load.py
[2026-04-21T06:04:59.845+0000] {processor.py:925} INFO - DAG(s) 'kafka_producer' retrieved from /opt/airflow/dags/kafka_load.py
[2026-04-21T06:04:59.874+0000] {logging_mixin.py:190} INFO - [2026-04-21T06:04:59.874+0000] {dag.py:3239} INFO - Sync 1 DAGs
[2026-04-21T06:04:59.908+0000] {logging_mixin.py:190} INFO - [2026-04-21T06:04:59.908+0000] {dag.py:4180} INFO - Setting next_dagrun for kafka_producer to 2026-04-20 18:30:00+00:00, run_after=2026-04-21 18:30:00+00:00
[2026-04-21T06:05:00.118+0000] {processor.py:208} INFO - Processing /opt/airflow/dags/kafka_load.py took 0.329 seconds
[2026-04-21T06:05:31.100+0000] {processor.py:186} INFO - Started process (PID=551) to work on /opt/airflow/dags/kafka_load.py
[2026-04-21T06:05:31.102+0000] {processor.py:914} INFO - Processing file /opt/airflow/dags/kafka_load.py for tasks to queue
[2026-04-21T06:05:31.108+0000] {logging_mixin.py:190} INFO - [2026-04-21T06:05:31.107+0000] {dagbag.py:588} INFO - Filling up the DagBag from /opt/airflow/dags/kafka_load.py
[2026-04-21T06:05:31.146+0000] {processor.py:925} INFO - DAG(s) 'kafka_producer' retrieved from /opt/airflow/dags/kafka_load.py
[2026-04-21T06:05:31.177+0000] {logging_mixin.py:190} INFO - [2026-04-21T06:05:31.177+0000] {dag.py:3239} INFO - Sync 1 DAGs
[2026-04-21T06:05:31.210+0000] {logging_mixin.py:190} INFO - [2026-04-21T06:05:31.209+0000] {dag.py:4180} INFO - Setting next_dagrun for kafka_producer to 2026-04-20 18:30:00+00:00, run_after=2026-04-21 18:30:00+00:00
[2026-04-21T06:05:31.238+0000] {processor.py:208} INFO - Processing /opt/airflow/dags/kafka_load.py took 0.146 seconds
[2026-04-21T06:06:01.828+0000] {processor.py:186} INFO - Started process (PID=554) to work on /opt/airflow/dags/kafka_load.py
[2026-04-21T06:06:01.829+0000] {processor.py:914} INFO - Processing file /opt/airflow/dags/kafka_load.py for tasks to queue
[2026-04-21T06:06:01.833+0000] {logging_mixin.py:190} INFO - [2026-04-21T06:06:01.833+0000] {dagbag.py:588} INFO - Filling up the DagBag from /opt/airflow/dags/kafka_load.py
[2026-04-21T06:06:01.883+0000] {processor.py:925} INFO - DAG(s) 'kafka_producer' retrieved from /opt/airflow/dags/kafka_load.py
[2026-04-21T06:06:01.923+0000] {logging_mixin.py:190} INFO - [2026-04-21T06:06:01.923+0000] {dag.py:3239} INFO - Sync 1 DAGs
[2026-04-21T06:06:01.964+0000] {logging_mixin.py:190} INFO - [2026-04-21T06:06:01.964+0000] {dag.py:4180} INFO - Setting next_dagrun for kafka_producer to 2026-04-20 18:30:00+00:00, run_after=2026-04-21 18:30:00+00:00
[2026-04-21T06:06:02.520+0000] {processor.py:208} INFO - Processing /opt/airflow/dags/kafka_load.py took 0.701 seconds
[2026-04-21T06:06:32.746+0000] {processor.py:186} INFO - Started process (PID=557) to work on /opt/airflow/dags/kafka_load.py
[2026-04-21T06:06:32.747+0000] {processor.py:914} INFO - Processing file /opt/airflow/dags/kafka_load.py for tasks to queue
[2026-04-21T06:06:32.753+0000] {logging_mixin.py:190} INFO - [2026-04-21T06:06:32.752+0000] {dagbag.py:588} INFO - Filling up the DagBag from /opt/airflow/dags/kafka_load.py
[2026-04-21T06:06:32.791+0000] {processor.py:925} INFO - DAG(s) 'kafka_producer' retrieved from /opt/airflow/dags/kafka_load.py
[2026-04-21T06:06:32.819+0000] {logging_mixin.py:190} INFO - [2026-04-21T06:06:32.819+0000] {dag.py:3239} INFO - Sync 1 DAGs
[2026-04-21T06:06:32.853+0000] {logging_mixin.py:190} INFO - [2026-04-21T06:06:32.853+0000] {dag.py:4180} INFO - Setting next_dagrun for kafka_producer to 2026-04-20 18:30:00+00:00, run_after=2026-04-21 18:30:00+00:00
[2026-04-21T06:06:33.131+0000] {processor.py:208} INFO - Processing /opt/airflow/dags/kafka_load.py took 0.395 seconds
[2026-04-21T06:07:03.391+0000] {processor.py:186} INFO - Started process (PID=560) to work on /opt/airflow/dags/kafka_load.py
[2026-04-21T06:07:03.393+0000] {processor.py:914} INFO - Processing file /opt/airflow/dags/kafka_load.py for tasks to queue
[2026-04-21T06:07:03.397+0000] {logging_mixin.py:190} INFO - [2026-04-21T06:07:03.396+0000] {dagbag.py:588} INFO - Filling up the DagBag from /opt/airflow/dags/kafka_load.py
[2026-04-21T06:07:03.459+0000] {processor.py:925} INFO - DAG(s) 'kafka_producer' retrieved from /opt/airflow/dags/kafka_load.py
[2026-04-21T06:07:03.497+0000] {logging_mixin.py:190} INFO - [2026-04-21T06:07:03.497+0000] {dag.py:3239} INFO - Sync 1 DAGs
[2026-04-21T06:07:03.535+0000] {logging_mixin.py:190} INFO - [2026-04-21T06:07:03.535+0000] {dag.py:4180} INFO - Setting next_dagrun for kafka_producer to 2026-04-20 18:30:00+00:00, run_after=2026-04-21 18:30:00+00:00
[2026-04-21T06:07:03.563+0000] {processor.py:208} INFO - Processing /opt/airflow/dags/kafka_load.py took 0.180 seconds
[2026-04-21T06:07:33.856+0000] {processor.py:186} INFO - Started process (PID=563) to work on /opt/airflow/dags/kafka_load.py
[2026-04-21T06:07:33.857+0000] {processor.py:914} INFO - Processing file /opt/airflow/dags/kafka_load.py for tasks to queue
[2026-04-21T06:07:33.861+0000] {logging_mixin.py:190} INFO - [2026-04-21T06:07:33.861+0000] {dagbag.py:588} INFO - Filling up the DagBag from /opt/airflow/dags/kafka_load.py
[2026-04-21T06:07:33.895+0000] {processor.py:925} INFO - DAG(s) 'kafka_producer' retrieved from /opt/airflow/dags/kafka_load.py
[2026-04-21T06:07:33.922+0000] {logging_mixin.py:190} INFO - [2026-04-21T06:07:33.922+0000] {dag.py:3239} INFO - Sync 1 DAGs
[2026-04-21T06:07:33.952+0000] {logging_mixin.py:190} INFO - [2026-04-21T06:07:33.952+0000] {dag.py:4180} INFO - Setting next_dagrun for kafka_producer to 2026-04-20 18:30:00+00:00, run_after=2026-04-21 18:30:00+00:00
[2026-04-21T06:07:33.977+0000] {processor.py:208} INFO - Processing /opt/airflow/dags/kafka_load.py took 0.130 seconds
[2026-04-21T06:08:04.409+0000] {processor.py:186} INFO - Started process (PID=566) to work on /opt/airflow/dags/kafka_load.py
[2026-04-21T06:08:04.411+0000] {processor.py:914} INFO - Processing file /opt/airflow/dags/kafka_load.py for tasks to queue
[2026-04-21T06:08:04.414+0000] {logging_mixin.py:190} INFO - [2026-04-21T06:08:04.414+0000] {dagbag.py:588} INFO - Filling up the DagBag from /opt/airflow/dags/kafka_load.py
[2026-04-21T06:08:04.458+0000] {processor.py:925} INFO - DAG(s) 'kafka_producer' retrieved from /opt/airflow/dags/kafka_load.py
[2026-04-21T06:08:04.495+0000] {logging_mixin.py:190} INFO - [2026-04-21T06:08:04.494+0000] {dag.py:3239} INFO - Sync 1 DAGs
[2026-04-21T06:08:04.830+0000] {logging_mixin.py:190} INFO - [2026-04-21T06:08:04.830+0000] {dag.py:4180} INFO - Setting next_dagrun for kafka_producer to 2026-04-20 18:30:00+00:00, run_after=2026-04-21 18:30:00+00:00
[2026-04-21T06:08:04.855+0000] {processor.py:208} INFO - Processing /opt/airflow/dags/kafka_load.py took 0.455 seconds
[2026-04-21T06:08:34.957+0000] {processor.py:186} INFO - Started process (PID=569) to work on /opt/airflow/dags/kafka_load.py
[2026-04-21T06:08:34.958+0000] {processor.py:914} INFO - Processing file /opt/airflow/dags/kafka_load.py for tasks to queue
[2026-04-21T06:08:34.962+0000] {logging_mixin.py:190} INFO - [2026-04-21T06:08:34.962+0000] {dagbag.py:588} INFO - Filling up the DagBag from /opt/airflow/dags/kafka_load.py
[2026-04-21T06:08:35.003+0000] {processor.py:925} INFO - DAG(s) 'kafka_producer' retrieved from /opt/airflow/dags/kafka_load.py
[2026-04-21T06:08:35.033+0000] {logging_mixin.py:190} INFO - [2026-04-21T06:08:35.033+0000] {dag.py:3239} INFO - Sync 1 DAGs
[2026-04-21T06:08:35.063+0000] {logging_mixin.py:190} INFO - [2026-04-21T06:08:35.063+0000] {dag.py:4180} INFO - Setting next_dagrun for kafka_producer to 2026-04-20 18:30:00+00:00, run_after=2026-04-21 18:30:00+00:00
[2026-04-21T06:08:35.091+0000] {processor.py:208} INFO - Processing /opt/airflow/dags/kafka_load.py took 0.142 seconds
[2026-04-21T06:09:05.715+0000] {processor.py:186} INFO - Started process (PID=572) to work on /opt/airflow/dags/kafka_load.py
[2026-04-21T06:09:05.716+0000] {processor.py:914} INFO - Processing file /opt/airflow/dags/kafka_load.py for tasks to queue
[2026-04-21T06:09:05.719+0000] {logging_mixin.py:190} INFO - [2026-04-21T06:09:05.718+0000] {dagbag.py:588} INFO - Filling up the DagBag from /opt/airflow/dags/kafka_load.py
[2026-04-21T06:09:05.753+0000] {processor.py:925} INFO - DAG(s) 'kafka_producer' retrieved from /opt/airflow/dags/kafka_load.py
[2026-04-21T06:09:05.781+0000] {logging_mixin.py:190} INFO - [2026-04-21T06:09:05.780+0000] {dag.py:3239} INFO - Sync 1 DAGs
[2026-04-21T06:09:05.815+0000] {logging_mixin.py:190} INFO - [2026-04-21T06:09:05.815+0000] {dag.py:4180} INFO - Setting next_dagrun for kafka_producer to 2026-04-20 18:30:00+00:00, run_after=2026-04-21 18:30:00+00:00
[2026-04-21T06:09:05.846+0000] {processor.py:208} INFO - Processing /opt/airflow/dags/kafka_load.py took 0.140 seconds
[2026-04-21T06:09:36.342+0000] {processor.py:186} INFO - Started process (PID=575) to work on /opt/airflow/dags/kafka_load.py
[2026-04-21T06:09:36.344+0000] {processor.py:914} INFO - Processing file /opt/airflow/dags/kafka_load.py for tasks to queue
[2026-04-21T06:09:36.347+0000] {logging_mixin.py:190} INFO - [2026-04-21T06:09:36.346+0000] {dagbag.py:588} INFO - Filling up the DagBag from /opt/airflow/dags/kafka_load.py
[2026-04-21T06:09:36.383+0000] {processor.py:925} INFO - DAG(s) 'kafka_producer' retrieved from /opt/airflow/dags/kafka_load.py
[2026-04-21T06:09:36.412+0000] {logging_mixin.py:190} INFO - [2026-04-21T06:09:36.412+0000] {dag.py:3239} INFO - Sync 1 DAGs
[2026-04-21T06:09:36.443+0000] {logging_mixin.py:190} INFO - [2026-04-21T06:09:36.442+0000] {dag.py:4180} INFO - Setting next_dagrun for kafka_producer to 2026-04-20 18:30:00+00:00, run_after=2026-04-21 18:30:00+00:00
[2026-04-21T06:09:37.024+0000] {processor.py:208} INFO - Processing /opt/airflow/dags/kafka_load.py took 0.691 seconds
[2026-04-21T06:10:07.212+0000] {processor.py:186} INFO - Started process (PID=578) to work on /opt/airflow/dags/kafka_load.py
[2026-04-21T06:10:07.215+0000] {processor.py:914} INFO - Processing file /opt/airflow/dags/kafka_load.py for tasks to queue
[2026-04-21T06:10:07.220+0000] {logging_mixin.py:190} INFO - [2026-04-21T06:10:07.219+0000] {dagbag.py:588} INFO - Filling up the DagBag from /opt/airflow/dags/kafka_load.py
[2026-04-21T06:10:07.285+0000] {processor.py:925} INFO - DAG(s) 'kafka_producer' retrieved from /opt/airflow/dags/kafka_load.py
[2026-04-21T06:10:07.315+0000] {logging_mixin.py:190} INFO - [2026-04-21T06:10:07.315+0000] {dag.py:3239} INFO - Sync 1 DAGs
[2026-04-21T06:10:07.350+0000] {logging_mixin.py:190} INFO - [2026-04-21T06:10:07.350+0000] {dag.py:4180} INFO - Setting next_dagrun for kafka_producer to 2026-04-20 18:30:00+00:00, run_after=2026-04-21 18:30:00+00:00
[2026-04-21T06:10:07.377+0000] {processor.py:208} INFO - Processing /opt/airflow/dags/kafka_load.py took 0.175 seconds
[2026-04-21T06:10:37.931+0000] {processor.py:186} INFO - Started process (PID=581) to work on /opt/airflow/dags/kafka_load.py
[2026-04-21T06:10:37.933+0000] {processor.py:914} INFO - Processing file /opt/airflow/dags/kafka_load.py for tasks to queue
[2026-04-21T06:10:37.937+0000] {logging_mixin.py:190} INFO - [2026-04-21T06:10:37.936+0000] {dagbag.py:588} INFO - Filling up the DagBag from /opt/airflow/dags/kafka_load.py
[2026-04-21T06:10:37.999+0000] {processor.py:925} INFO - DAG(s) 'kafka_producer' retrieved from /opt/airflow/dags/kafka_load.py
[2026-04-21T06:10:38.025+0000] {logging_mixin.py:190} INFO - [2026-04-21T06:10:38.025+0000] {dag.py:3239} INFO - Sync 1 DAGs
[2026-04-21T06:10:38.239+0000] {logging_mixin.py:190} INFO - [2026-04-21T06:10:38.238+0000] {dag.py:4180} INFO - Setting next_dagrun for kafka_producer to 2026-04-20 18:30:00+00:00, run_after=2026-04-21 18:30:00+00:00
[2026-04-21T06:10:38.263+0000] {processor.py:208} INFO - Processing /opt/airflow/dags/kafka_load.py took 0.371 seconds
[2026-04-21T06:11:08.639+0000] {processor.py:186} INFO - Started process (PID=584) to work on /opt/airflow/dags/kafka_load.py
[2026-04-21T06:11:08.641+0000] {processor.py:914} INFO - Processing file /opt/airflow/dags/kafka_load.py for tasks to queue
[2026-04-21T06:11:08.649+0000] {logging_mixin.py:190} INFO - [2026-04-21T06:11:08.648+0000] {dagbag.py:588} INFO - Filling up the DagBag from /opt/airflow/dags/kafka_load.py
[2026-04-21T06:11:08.690+0000] {processor.py:925} INFO - DAG(s) 'kafka_producer' retrieved from /opt/airflow/dags/kafka_load.py
[2026-04-21T06:11:08.718+0000] {logging_mixin.py:190} INFO - [2026-04-21T06:11:08.718+0000] {dag.py:3239} INFO - Sync 1 DAGs
[2026-04-21T06:11:08.748+0000] {logging_mixin.py:190} INFO - [2026-04-21T06:11:08.748+0000] {dag.py:4180} INFO - Setting next_dagrun for kafka_producer to 2026-04-20 18:30:00+00:00, run_after=2026-04-21 18:30:00+00:00
[2026-04-21T06:11:10.219+0000] {processor.py:208} INFO - Processing /opt/airflow/dags/kafka_load.py took 1.591 seconds
[2026-04-21T06:11:40.307+0000] {processor.py:186} INFO - Started process (PID=587) to work on /opt/airflow/dags/kafka_load.py
[2026-04-21T06:11:40.309+0000] {processor.py:914} INFO - Processing file /opt/airflow/dags/kafka_load.py for tasks to queue
[2026-04-21T06:11:40.314+0000] {logging_mixin.py:190} INFO - [2026-04-21T06:11:40.313+0000] {dagbag.py:588} INFO - Filling up the DagBag from /opt/airflow/dags/kafka_load.py
[2026-04-21T06:11:40.353+0000] {processor.py:925} INFO - DAG(s) 'kafka_producer' retrieved from /opt/airflow/dags/kafka_load.py
[2026-04-21T06:11:40.390+0000] {logging_mixin.py:190} INFO - [2026-04-21T06:11:40.389+0000] {dag.py:3239} INFO - Sync 1 DAGs
[2026-04-21T06:11:40.427+0000] {logging_mixin.py:190} INFO - [2026-04-21T06:11:40.427+0000] {dag.py:4180} INFO - Setting next_dagrun for kafka_producer to 2026-04-20 18:30:00+00:00, run_after=2026-04-21 18:30:00+00:00
[2026-04-21T06:11:40.457+0000] {processor.py:208} INFO - Processing /opt/airflow/dags/kafka_load.py took 0.160 seconds
[2026-04-21T06:12:11.102+0000] {processor.py:186} INFO - Started process (PID=590) to work on /opt/airflow/dags/kafka_load.py
[2026-04-21T06:12:11.105+0000] {processor.py:914} INFO - Processing file /opt/airflow/dags/kafka_load.py for tasks to queue
[2026-04-21T06:12:11.113+0000] {logging_mixin.py:190} INFO - [2026-04-21T06:12:11.112+0000] {dagbag.py:588} INFO - Filling up the DagBag from /opt/airflow/dags/kafka_load.py
[2026-04-21T06:12:11.175+0000] {processor.py:925} INFO - DAG(s) 'kafka_producer' retrieved from /opt/airflow/dags/kafka_load.py
[2026-04-21T06:12:11.209+0000] {logging_mixin.py:190} INFO - [2026-04-21T06:12:11.209+0000] {dag.py:3239} INFO - Sync 1 DAGs
[2026-04-21T06:12:11.244+0000] {logging_mixin.py:190} INFO - [2026-04-21T06:12:11.243+0000] {dag.py:4180} INFO - Setting next_dagrun for kafka_producer to 2026-04-20 18:30:00+00:00, run_after=2026-04-21 18:30:00+00:00
[2026-04-21T06:12:11.271+0000] {processor.py:208} INFO - Processing /opt/airflow/dags/kafka_load.py took 0.185 seconds
[2026-04-21T06:12:41.569+0000] {processor.py:186} INFO - Started process (PID=593) to work on /opt/airflow/dags/kafka_load.py
[2026-04-21T06:12:41.571+0000] {processor.py:914} INFO - Processing file /opt/airflow/dags/kafka_load.py for tasks to queue
[2026-04-21T06:12:41.574+0000] {logging_mixin.py:190} INFO - [2026-04-21T06:12:41.574+0000] {dagbag.py:588} INFO - Filling up the DagBag from /opt/airflow/dags/kafka_load.py
[2026-04-21T06:12:41.611+0000] {processor.py:925} INFO - DAG(s) 'kafka_producer' retrieved from /opt/airflow/dags/kafka_load.py
[2026-04-21T06:12:41.642+0000] {logging_mixin.py:190} INFO - [2026-04-21T06:12:41.641+0000] {dag.py:3239} INFO - Sync 1 DAGs
[2026-04-21T06:12:41.673+0000] {logging_mixin.py:190} INFO - [2026-04-21T06:12:41.673+0000] {dag.py:4180} INFO - Setting next_dagrun for kafka_producer to 2026-04-20 18:30:00+00:00, run_after=2026-04-21 18:30:00+00:00
[2026-04-21T06:12:41.699+0000] {processor.py:208} INFO - Processing /opt/airflow/dags/kafka_load.py took 0.137 seconds
[2026-04-21T06:13:12.217+0000] {processor.py:186} INFO - Started process (PID=596) to work on /opt/airflow/dags/kafka_load.py
[2026-04-21T06:13:12.224+0000] {processor.py:914} INFO - Processing file /opt/airflow/dags/kafka_load.py for tasks to queue
[2026-04-21T06:13:12.229+0000] {logging_mixin.py:190} INFO - [2026-04-21T06:13:12.228+0000] {dagbag.py:588} INFO - Filling up the DagBag from /opt/airflow/dags/kafka_load.py
[2026-04-21T06:13:12.284+0000] {processor.py:925} INFO - DAG(s) 'kafka_producer' retrieved from /opt/airflow/dags/kafka_load.py
[2026-04-21T06:13:12.355+0000] {logging_mixin.py:190} INFO - [2026-04-21T06:13:12.355+0000] {dag.py:3239} INFO - Sync 1 DAGs
[2026-04-21T06:13:12.724+0000] {logging_mixin.py:190} INFO - [2026-04-21T06:13:12.723+0000] {dag.py:4180} INFO - Setting next_dagrun for kafka_producer to 2026-04-20 18:30:00+00:00, run_after=2026-04-21 18:30:00+00:00
[2026-04-21T06:13:12.744+0000] {processor.py:208} INFO - Processing /opt/airflow/dags/kafka_load.py took 0.546 seconds
[2026-04-21T06:13:42.963+0000] {processor.py:186} INFO - Started process (PID=599) to work on /opt/airflow/dags/kafka_load.py
[2026-04-21T06:13:42.965+0000] {processor.py:914} INFO - Processing file /opt/airflow/dags/kafka_load.py for tasks to queue
[2026-04-21T06:13:42.968+0000] {logging_mixin.py:190} INFO - [2026-04-21T06:13:42.968+0000] {dagbag.py:588} INFO - Filling up the DagBag from /opt/airflow/dags/kafka_load.py
[2026-04-21T06:13:42.999+0000] {processor.py:925} INFO - DAG(s) 'kafka_producer' retrieved from /opt/airflow/dags/kafka_load.py
[2026-04-21T06:13:43.029+0000] {logging_mixin.py:190} INFO - [2026-04-21T06:13:43.028+0000] {dag.py:3239} INFO - Sync 1 DAGs
[2026-04-21T06:13:43.061+0000] {logging_mixin.py:190} INFO - [2026-04-21T06:13:43.061+0000] {dag.py:4180} INFO - Setting next_dagrun for kafka_producer to 2026-04-20 18:30:00+00:00, run_after=2026-04-21 18:30:00+00:00
[2026-04-21T06:13:43.089+0000] {processor.py:208} INFO - Processing /opt/airflow/dags/kafka_load.py took 0.137 seconds
[2026-04-21T06:14:13.374+0000] {processor.py:186} INFO - Started process (PID=602) to work on /opt/airflow/dags/kafka_load.py
[2026-04-21T06:14:13.383+0000] {processor.py:914} INFO - Processing file /opt/airflow/dags/kafka_load.py for tasks to queue
[2026-04-21T06:14:13.387+0000] {logging_mixin.py:190} INFO - [2026-04-21T06:14:13.386+0000] {dagbag.py:588} INFO - Filling up the DagBag from /opt/airflow/dags/kafka_load.py
[2026-04-21T06:14:13.422+0000] {processor.py:925} INFO - DAG(s) 'kafka_producer' retrieved from /opt/airflow/dags/kafka_load.py
[2026-04-21T06:14:13.451+0000] {logging_mixin.py:190} INFO - [2026-04-21T06:14:13.451+0000] {dag.py:3239} INFO - Sync 1 DAGs
[2026-04-21T06:14:13.484+0000] {logging_mixin.py:190} INFO - [2026-04-21T06:14:13.483+0000] {dag.py:4180} INFO - Setting next_dagrun for kafka_producer to 2026-04-20 18:30:00+00:00, run_after=2026-04-21 18:30:00+00:00
[2026-04-21T06:14:13.508+0000] {processor.py:208} INFO - Processing /opt/airflow/dags/kafka_load.py took 0.147 seconds
[2026-04-21T06:14:44.008+0000] {processor.py:186} INFO - Started process (PID=605) to work on /opt/airflow/dags/kafka_load.py
[2026-04-21T06:14:44.009+0000] {processor.py:914} INFO - Processing file /opt/airflow/dags/kafka_load.py for tasks to queue
[2026-04-21T06:14:44.016+0000] {logging_mixin.py:190} INFO - [2026-04-21T06:14:44.015+0000] {dagbag.py:588} INFO - Filling up the DagBag from /opt/airflow/dags/kafka_load.py
[2026-04-21T06:14:44.090+0000] {processor.py:925} INFO - DAG(s) 'kafka_producer' retrieved from /opt/airflow/dags/kafka_load.py
[2026-04-21T06:14:44.123+0000] {logging_mixin.py:190} INFO - [2026-04-21T06:14:44.122+0000] {dag.py:3239} INFO - Sync 1 DAGs
[2026-04-21T06:14:44.164+0000] {logging_mixin.py:190} INFO - [2026-04-21T06:14:44.163+0000] {dag.py:4180} INFO - Setting next_dagrun for kafka_producer to 2026-04-20 18:30:00+00:00, run_after=2026-04-21 18:30:00+00:00
[2026-04-21T06:14:44.197+0000] {processor.py:208} INFO - Processing /opt/airflow/dags/kafka_load.py took 0.199 seconds
[2026-04-21T06:15:14.721+0000] {processor.py:186} INFO - Started process (PID=608) to work on /opt/airflow/dags/kafka_load.py
[2026-04-21T06:15:14.723+0000] {processor.py:914} INFO - Processing file /opt/airflow/dags/kafka_load.py for tasks to queue
[2026-04-21T06:15:14.727+0000] {logging_mixin.py:190} INFO - [2026-04-21T06:15:14.726+0000] {dagbag.py:588} INFO - Filling up the DagBag from /opt/airflow/dags/kafka_load.py
[2026-04-21T06:15:14.760+0000] {processor.py:925} INFO - DAG(s) 'kafka_producer' retrieved from /opt/airflow/dags/kafka_load.py
[2026-04-21T06:15:14.799+0000] {logging_mixin.py:190} INFO - [2026-04-21T06:15:14.799+0000] {dag.py:3239} INFO - Sync 1 DAGs
[2026-04-21T06:15:14.830+0000] {logging_mixin.py:190} INFO - [2026-04-21T06:15:14.830+0000] {dag.py:4180} INFO - Setting next_dagrun for kafka_producer to 2026-04-20 18:30:00+00:00, run_after=2026-04-21 18:30:00+00:00
[2026-04-21T06:15:14.855+0000] {processor.py:208} INFO - Processing /opt/airflow/dags/kafka_load.py took 0.145 seconds
[2026-04-21T06:15:45.381+0000] {processor.py:186} INFO - Started process (PID=611) to work on /opt/airflow/dags/kafka_load.py
[2026-04-21T06:15:45.382+0000] {processor.py:914} INFO - Processing file /opt/airflow/dags/kafka_load.py for tasks to queue
[2026-04-21T06:15:45.387+0000] {logging_mixin.py:190} INFO - [2026-04-21T06:15:45.387+0000] {dagbag.py:588} INFO - Filling up the DagBag from /opt/airflow/dags/kafka_load.py
[2026-04-21T06:15:45.425+0000] {processor.py:925} INFO - DAG(s) 'kafka_producer' retrieved from /opt/airflow/dags/kafka_load.py
[2026-04-21T06:15:45.453+0000] {logging_mixin.py:190} INFO - [2026-04-21T06:15:45.453+0000] {dag.py:3239} INFO - Sync 1 DAGs
[2026-04-21T06:15:45.665+0000] {logging_mixin.py:190} INFO - [2026-04-21T06:15:45.665+0000] {dag.py:4180} INFO - Setting next_dagrun for kafka_producer to 2026-04-20 18:30:00+00:00, run_after=2026-04-21 18:30:00+00:00
[2026-04-21T06:15:45.695+0000] {processor.py:208} INFO - Processing /opt/airflow/dags/kafka_load.py took 0.322 seconds
[2026-04-21T06:16:16.028+0000] {processor.py:186} INFO - Started process (PID=614) to work on /opt/airflow/dags/kafka_load.py
[2026-04-21T06:16:16.030+0000] {processor.py:914} INFO - Processing file /opt/airflow/dags/kafka_load.py for tasks to queue
[2026-04-21T06:16:16.036+0000] {logging_mixin.py:190} INFO - [2026-04-21T06:16:16.035+0000] {dagbag.py:588} INFO - Filling up the DagBag from /opt/airflow/dags/kafka_load.py
[2026-04-21T06:16:16.081+0000] {processor.py:925} INFO - DAG(s) 'kafka_producer' retrieved from /opt/airflow/dags/kafka_load.py
[2026-04-21T06:16:16.111+0000] {logging_mixin.py:190} INFO - [2026-04-21T06:16:16.111+0000] {dag.py:3239} INFO - Sync 1 DAGs
[2026-04-21T06:16:16.354+0000] {logging_mixin.py:190} INFO - [2026-04-21T06:16:16.353+0000] {dag.py:4180} INFO - Setting next_dagrun for kafka_producer to 2026-04-20 18:30:00+00:00, run_after=2026-04-21 18:30:00+00:00
[2026-04-21T06:16:16.638+0000] {processor.py:208} INFO - Processing /opt/airflow/dags/kafka_load.py took 0.622 seconds
[2026-04-21T06:16:46.795+0000] {processor.py:186} INFO - Started process (PID=617) to work on /opt/airflow/dags/kafka_load.py
[2026-04-21T06:16:46.797+0000] {processor.py:914} INFO - Processing file /opt/airflow/dags/kafka_load.py for tasks to queue
[2026-04-21T06:16:46.800+0000] {logging_mixin.py:190} INFO - [2026-04-21T06:16:46.799+0000] {dagbag.py:588} INFO - Filling up the DagBag from /opt/airflow/dags/kafka_load.py
[2026-04-21T06:16:46.834+0000] {processor.py:925} INFO - DAG(s) 'kafka_producer' retrieved from /opt/airflow/dags/kafka_load.py
[2026-04-21T06:16:46.865+0000] {logging_mixin.py:190} INFO - [2026-04-21T06:16:46.865+0000] {dag.py:3239} INFO - Sync 1 DAGs
[2026-04-21T06:16:46.899+0000] {logging_mixin.py:190} INFO - [2026-04-21T06:16:46.898+0000] {dag.py:4180} INFO - Setting next_dagrun for kafka_producer to 2026-04-20 18:30:00+00:00, run_after=2026-04-21 18:30:00+00:00
[2026-04-21T06:16:49.030+0000] {processor.py:208} INFO - Processing /opt/airflow/dags/kafka_load.py took 2.244 seconds
[2026-04-21T06:17:19.111+0000] {processor.py:186} INFO - Started process (PID=620) to work on /opt/airflow/dags/kafka_load.py
[2026-04-21T06:17:19.113+0000] {processor.py:914} INFO - Processing file /opt/airflow/dags/kafka_load.py for tasks to queue
[2026-04-21T06:17:19.117+0000] {logging_mixin.py:190} INFO - [2026-04-21T06:17:19.117+0000] {dagbag.py:588} INFO - Filling up the DagBag from /opt/airflow/dags/kafka_load.py
[2026-04-21T06:17:19.159+0000] {processor.py:925} INFO - DAG(s) 'kafka_producer' retrieved from /opt/airflow/dags/kafka_load.py
[2026-04-21T06:17:19.191+0000] {logging_mixin.py:190} INFO - [2026-04-21T06:17:19.190+0000] {dag.py:3239} INFO - Sync 1 DAGs
[2026-04-21T06:17:19.219+0000] {logging_mixin.py:190} INFO - [2026-04-21T06:17:19.219+0000] {dag.py:4180} INFO - Setting next_dagrun for kafka_producer to 2026-04-20 18:30:00+00:00, run_after=2026-04-21 18:30:00+00:00
[2026-04-21T06:17:19.244+0000] {processor.py:208} INFO - Processing /opt/airflow/dags/kafka_load.py took 0.147 seconds
[2026-04-21T06:17:49.696+0000] {processor.py:186} INFO - Started process (PID=623) to work on /opt/airflow/dags/kafka_load.py
[2026-04-21T06:17:49.698+0000] {processor.py:914} INFO - Processing file /opt/airflow/dags/kafka_load.py for tasks to queue
[2026-04-21T06:17:49.701+0000] {logging_mixin.py:190} INFO - [2026-04-21T06:17:49.701+0000] {dagbag.py:588} INFO - Filling up the DagBag from /opt/airflow/dags/kafka_load.py
[2026-04-21T06:17:49.738+0000] {processor.py:925} INFO - DAG(s) 'kafka_producer' retrieved from /opt/airflow/dags/kafka_load.py
[2026-04-21T06:17:49.770+0000] {logging_mixin.py:190} INFO - [2026-04-21T06:17:49.770+0000] {dag.py:3239} INFO - Sync 1 DAGs
[2026-04-21T06:17:49.802+0000] {logging_mixin.py:190} INFO - [2026-04-21T06:17:49.801+0000] {dag.py:4180} INFO - Setting next_dagrun for kafka_producer to 2026-04-20 18:30:00+00:00, run_after=2026-04-21 18:30:00+00:00
[2026-04-21T06:17:49.831+0000] {processor.py:208} INFO - Processing /opt/airflow/dags/kafka_load.py took 0.144 seconds
[2026-04-21T06:18:20.356+0000] {processor.py:186} INFO - Started process (PID=626) to work on /opt/airflow/dags/kafka_load.py
[2026-04-21T06:18:20.358+0000] {processor.py:914} INFO - Processing file /opt/airflow/dags/kafka_load.py for tasks to queue
[2026-04-21T06:18:20.361+0000] {logging_mixin.py:190} INFO - [2026-04-21T06:18:20.361+0000] {dagbag.py:588} INFO - Filling up the DagBag from /opt/airflow/dags/kafka_load.py
[2026-04-21T06:18:20.402+0000] {processor.py:925} INFO - DAG(s) 'kafka_producer' retrieved from /opt/airflow/dags/kafka_load.py
[2026-04-21T06:18:20.430+0000] {logging_mixin.py:190} INFO - [2026-04-21T06:18:20.430+0000] {dag.py:3239} INFO - Sync 1 DAGs
[2026-04-21T06:18:20.647+0000] {logging_mixin.py:190} INFO - [2026-04-21T06:18:20.647+0000] {dag.py:4180} INFO - Setting next_dagrun for kafka_producer to 2026-04-20 18:30:00+00:00, run_after=2026-04-21 18:30:00+00:00
[2026-04-21T06:18:20.672+0000] {processor.py:208} INFO - Processing /opt/airflow/dags/kafka_load.py took 0.324 seconds
[2026-04-21T06:18:51.236+0000] {processor.py:186} INFO - Started process (PID=629) to work on /opt/airflow/dags/kafka_load.py
[2026-04-21T06:18:51.238+0000] {processor.py:914} INFO - Processing file /opt/airflow/dags/kafka_load.py for tasks to queue
[2026-04-21T06:18:51.242+0000] {logging_mixin.py:190} INFO - [2026-04-21T06:18:51.241+0000] {dagbag.py:588} INFO - Filling up the DagBag from /opt/airflow/dags/kafka_load.py
[2026-04-21T06:18:51.281+0000] {processor.py:925} INFO - DAG(s) 'kafka_producer' retrieved from /opt/airflow/dags/kafka_load.py
[2026-04-21T06:18:51.312+0000] {logging_mixin.py:190} INFO - [2026-04-21T06:18:51.311+0000] {dag.py:3239} INFO - Sync 1 DAGs
[2026-04-21T06:18:51.341+0000] {logging_mixin.py:190} INFO - [2026-04-21T06:18:51.341+0000] {dag.py:4180} INFO - Setting next_dagrun for kafka_producer to 2026-04-20 18:30:00+00:00, run_after=2026-04-21 18:30:00+00:00
[2026-04-21T06:18:51.369+0000] {processor.py:208} INFO - Processing /opt/airflow/dags/kafka_load.py took 0.142 seconds
[2026-04-21T06:19:21.810+0000] {processor.py:186} INFO - Started process (PID=632) to work on /opt/airflow/dags/kafka_load.py
[2026-04-21T06:19:21.812+0000] {processor.py:914} INFO - Processing file /opt/airflow/dags/kafka_load.py for tasks to queue
[2026-04-21T06:19:21.815+0000] {logging_mixin.py:190} INFO - [2026-04-21T06:19:21.815+0000] {dagbag.py:588} INFO - Filling up the DagBag from /opt/airflow/dags/kafka_load.py
[2026-04-21T06:19:21.853+0000] {processor.py:925} INFO - DAG(s) 'kafka_producer' retrieved from /opt/airflow/dags/kafka_load.py
[2026-04-21T06:19:21.882+0000] {logging_mixin.py:190} INFO - [2026-04-21T06:19:21.882+0000] {dag.py:3239} INFO - Sync 1 DAGs
[2026-04-21T06:19:21.913+0000] {logging_mixin.py:190} INFO - [2026-04-21T06:19:21.913+0000] {dag.py:4180} INFO - Setting next_dagrun for kafka_producer to 2026-04-20 18:30:00+00:00, run_after=2026-04-21 18:30:00+00:00
[2026-04-21T06:19:21.942+0000] {processor.py:208} INFO - Processing /opt/airflow/dags/kafka_load.py took 0.139 seconds
[2026-04-21T06:19:52.488+0000] {processor.py:186} INFO - Started process (PID=635) to work on /opt/airflow/dags/kafka_load.py
[2026-04-21T06:19:52.489+0000] {processor.py:914} INFO - Processing file /opt/airflow/dags/kafka_load.py for tasks to queue
[2026-04-21T06:19:52.493+0000] {logging_mixin.py:190} INFO - [2026-04-21T06:19:52.492+0000] {dagbag.py:588} INFO - Filling up the DagBag from /opt/airflow/dags/kafka_load.py
[2026-04-21T06:19:52.522+0000] {processor.py:925} INFO - DAG(s) 'kafka_producer' retrieved from /opt/airflow/dags/kafka_load.py
[2026-04-21T06:19:52.549+0000] {logging_mixin.py:190} INFO - [2026-04-21T06:19:52.548+0000] {dag.py:3239} INFO - Sync 1 DAGs
[2026-04-21T06:19:52.581+0000] {logging_mixin.py:190} INFO - [2026-04-21T06:19:52.580+0000] {dag.py:4180} INFO - Setting next_dagrun for kafka_producer to 2026-04-20 18:30:00+00:00, run_after=2026-04-21 18:30:00+00:00
[2026-04-21T06:19:53.791+0000] {processor.py:208} INFO - Processing /opt/airflow/dags/kafka_load.py took 1.313 seconds
[2026-04-21T06:20:24.044+0000] {processor.py:186} INFO - Started process (PID=638) to work on /opt/airflow/dags/kafka_load.py
[2026-04-21T06:20:24.045+0000] {processor.py:914} INFO - Processing file /opt/airflow/dags/kafka_load.py for tasks to queue
[2026-04-21T06:20:24.049+0000] {logging_mixin.py:190} INFO - [2026-04-21T06:20:24.048+0000] {dagbag.py:588} INFO - Filling up the DagBag from /opt/airflow/dags/kafka_load.py
[2026-04-21T06:20:24.084+0000] {processor.py:925} INFO - DAG(s) 'kafka_producer' retrieved from /opt/airflow/dags/kafka_load.py
[2026-04-21T06:20:24.113+0000] {logging_mixin.py:190} INFO - [2026-04-21T06:20:24.113+0000] {dag.py:3239} INFO - Sync 1 DAGs
[2026-04-21T06:20:24.144+0000] {logging_mixin.py:190} INFO - [2026-04-21T06:20:24.144+0000] {dag.py:4180} INFO - Setting next_dagrun for kafka_producer to 2026-04-20 18:30:00+00:00, run_after=2026-04-21 18:30:00+00:00
[2026-04-21T06:20:24.172+0000] {processor.py:208} INFO - Processing /opt/airflow/dags/kafka_load.py took 0.137 seconds
[2026-04-21T06:20:54.633+0000] {processor.py:186} INFO - Started process (PID=641) to work on /opt/airflow/dags/kafka_load.py
[2026-04-21T06:20:54.635+0000] {processor.py:914} INFO - Processing file /opt/airflow/dags/kafka_load.py for tasks to queue
[2026-04-21T06:20:54.638+0000] {logging_mixin.py:190} INFO - [2026-04-21T06:20:54.638+0000] {dagbag.py:588} INFO - Filling up the DagBag from /opt/airflow/dags/kafka_load.py
[2026-04-21T06:20:54.677+0000] {processor.py:925} INFO - DAG(s) 'kafka_producer' retrieved from /opt/airflow/dags/kafka_load.py
[2026-04-21T06:20:54.706+0000] {logging_mixin.py:190} INFO - [2026-04-21T06:20:54.705+0000] {dag.py:3239} INFO - Sync 1 DAGs
[2026-04-21T06:20:54.914+0000] {logging_mixin.py:190} INFO - [2026-04-21T06:20:54.914+0000] {dag.py:4180} INFO - Setting next_dagrun for kafka_producer to 2026-04-20 18:30:00+00:00, run_after=2026-04-21 18:30:00+00:00
[2026-04-21T06:20:54.939+0000] {processor.py:208} INFO - Processing /opt/airflow/dags/kafka_load.py took 0.314 seconds
[2026-04-21T06:21:25.534+0000] {processor.py:186} INFO - Started process (PID=644) to work on /opt/airflow/dags/kafka_load.py
[2026-04-21T06:21:25.536+0000] {processor.py:914} INFO - Processing file /opt/airflow/dags/kafka_load.py for tasks to queue
[2026-04-21T06:21:25.540+0000] {logging_mixin.py:190} INFO - [2026-04-21T06:21:25.539+0000] {dagbag.py:588} INFO - Filling up the DagBag from /opt/airflow/dags/kafka_load.py
[2026-04-21T06:21:25.578+0000] {processor.py:925} INFO - DAG(s) 'kafka_producer' retrieved from /opt/airflow/dags/kafka_load.py
[2026-04-21T06:21:25.608+0000] {logging_mixin.py:190} INFO - [2026-04-21T06:21:25.608+0000] {dag.py:3239} INFO - Sync 1 DAGs
[2026-04-21T06:21:25.640+0000] {logging_mixin.py:190} INFO - [2026-04-21T06:21:25.640+0000] {dag.py:4180} INFO - Setting next_dagrun for kafka_producer to 2026-04-20 18:30:00+00:00, run_after=2026-04-21 18:30:00+00:00
[2026-04-21T06:21:25.666+0000] {processor.py:208} INFO - Processing /opt/airflow/dags/kafka_load.py took 0.141 seconds
[2026-04-21T06:22:58.113+0000] {processor.py:186} INFO - Started process (PID=31) to work on /opt/airflow/dags/kafka_load.py
[2026-04-21T06:22:58.115+0000] {processor.py:914} INFO - Processing file /opt/airflow/dags/kafka_load.py for tasks to queue
[2026-04-21T06:22:58.118+0000] {logging_mixin.py:190} INFO - [2026-04-21T06:22:58.117+0000] {dagbag.py:588} INFO - Filling up the DagBag from /opt/airflow/dags/kafka_load.py
[2026-04-21T06:22:58.146+0000] {processor.py:925} INFO - DAG(s) 'kafka_producer' retrieved from /opt/airflow/dags/kafka_load.py
[2026-04-21T06:22:58.306+0000] {logging_mixin.py:190} INFO - [2026-04-21T06:22:58.306+0000] {override.py:1912} INFO - Created Permission View: can delete on DAG:kafka_producer
[2026-04-21T06:22:58.328+0000] {logging_mixin.py:190} INFO - [2026-04-21T06:22:58.327+0000] {override.py:1912} INFO - Created Permission View: can read on DAG:kafka_producer
[2026-04-21T06:22:58.341+0000] {logging_mixin.py:190} INFO - [2026-04-21T06:22:58.340+0000] {override.py:1912} INFO - Created Permission View: can edit on DAG:kafka_producer
[2026-04-21T06:22:58.357+0000] {logging_mixin.py:190} INFO - [2026-04-21T06:22:58.356+0000] {override.py:1912} INFO - Created Permission View: menu access on DAG Run:kafka_producer
[2026-04-21T06:22:58.370+0000] {logging_mixin.py:190} INFO - [2026-04-21T06:22:58.370+0000] {override.py:1912} INFO - Created Permission View: can create on DAG Run:kafka_producer
[2026-04-21T06:22:58.384+0000] {logging_mixin.py:190} INFO - [2026-04-21T06:22:58.384+0000] {override.py:1912} INFO - Created Permission View: can read on DAG Run:kafka_producer
[2026-04-21T06:22:58.411+0000] {logging_mixin.py:190} INFO - [2026-04-21T06:22:58.410+0000] {override.py:1912} INFO - Created Permission View: can delete on DAG Run:kafka_producer
[2026-04-21T06:22:58.413+0000] {logging_mixin.py:190} INFO - [2026-04-21T06:22:58.412+0000] {dag.py:3239} INFO - Sync 1 DAGs
[2026-04-21T06:22:58.432+0000] {logging_mixin.py:190} INFO - [2026-04-21T06:22:58.432+0000] {dag.py:3262} INFO - Creating ORM DAG for kafka_producer
[2026-04-21T06:22:58.446+0000] {logging_mixin.py:190} INFO - [2026-04-21T06:22:58.446+0000] {dag.py:4180} INFO - Setting next_dagrun for kafka_producer to 2026-04-19 18:30:00+00:00, run_after=2026-04-20 18:30:00+00:00
[2026-04-21T06:22:58.473+0000] {processor.py:208} INFO - Processing /opt/airflow/dags/kafka_load.py took 0.369 seconds
[2026-04-21T06:23:29.028+0000] {processor.py:186} INFO - Started process (PID=34) to work on /opt/airflow/dags/kafka_load.py
[2026-04-21T06:23:29.030+0000] {processor.py:914} INFO - Processing file /opt/airflow/dags/kafka_load.py for tasks to queue
[2026-04-21T06:23:29.035+0000] {logging_mixin.py:190} INFO - [2026-04-21T06:23:29.034+0000] {dagbag.py:588} INFO - Filling up the DagBag from /opt/airflow/dags/kafka_load.py
[2026-04-21T06:23:29.069+0000] {processor.py:925} INFO - DAG(s) 'kafka_producer' retrieved from /opt/airflow/dags/kafka_load.py
[2026-04-21T06:23:29.097+0000] {logging_mixin.py:190} INFO - [2026-04-21T06:23:29.097+0000] {dag.py:3239} INFO - Sync 1 DAGs
[2026-04-21T06:23:29.129+0000] {logging_mixin.py:190} INFO - [2026-04-21T06:23:29.129+0000] {dag.py:4180} INFO - Setting next_dagrun for kafka_producer to 2026-04-20 18:30:00+00:00, run_after=2026-04-21 18:30:00+00:00
[2026-04-21T06:23:29.153+0000] {processor.py:208} INFO - Processing /opt/airflow/dags/kafka_load.py took 0.135 seconds
[2026-04-21T06:23:59.612+0000] {processor.py:186} INFO - Started process (PID=37) to work on /opt/airflow/dags/kafka_load.py
[2026-04-21T06:23:59.613+0000] {processor.py:914} INFO - Processing file /opt/airflow/dags/kafka_load.py for tasks to queue
[2026-04-21T06:23:59.616+0000] {logging_mixin.py:190} INFO - [2026-04-21T06:23:59.616+0000] {dagbag.py:588} INFO - Filling up the DagBag from /opt/airflow/dags/kafka_load.py
[2026-04-21T06:23:59.647+0000] {processor.py:925} INFO - DAG(s) 'kafka_producer' retrieved from /opt/airflow/dags/kafka_load.py
[2026-04-21T06:23:59.675+0000] {logging_mixin.py:190} INFO - [2026-04-21T06:23:59.674+0000] {dag.py:3239} INFO - Sync 1 DAGs
[2026-04-21T06:23:59.707+0000] {logging_mixin.py:190} INFO - [2026-04-21T06:23:59.706+0000] {dag.py:4180} INFO - Setting next_dagrun for kafka_producer to 2026-04-20 18:30:00+00:00, run_after=2026-04-21 18:30:00+00:00
[2026-04-21T06:23:59.731+0000] {processor.py:208} INFO - Processing /opt/airflow/dags/kafka_load.py took 0.127 seconds
[2026-04-21T06:24:30.147+0000] {processor.py:186} INFO - Started process (PID=40) to work on /opt/airflow/dags/kafka_load.py
[2026-04-21T06:24:30.149+0000] {processor.py:914} INFO - Processing file /opt/airflow/dags/kafka_load.py for tasks to queue
[2026-04-21T06:24:30.152+0000] {logging_mixin.py:190} INFO - [2026-04-21T06:24:30.151+0000] {dagbag.py:588} INFO - Filling up the DagBag from /opt/airflow/dags/kafka_load.py
[2026-04-21T06:24:30.178+0000] {processor.py:925} INFO - DAG(s) 'kafka_producer' retrieved from /opt/airflow/dags/kafka_load.py
[2026-04-21T06:24:30.207+0000] {logging_mixin.py:190} INFO - [2026-04-21T06:24:30.207+0000] {dag.py:3239} INFO - Sync 1 DAGs
[2026-04-21T06:24:30.268+0000] {logging_mixin.py:190} INFO - [2026-04-21T06:24:30.267+0000] {dag.py:4180} INFO - Setting next_dagrun for kafka_producer to 2026-04-20 18:30:00+00:00, run_after=2026-04-21 18:30:00+00:00
[2026-04-21T06:24:30.293+0000] {processor.py:208} INFO - Processing /opt/airflow/dags/kafka_load.py took 0.153 seconds
[2026-04-21T06:25:00.691+0000] {processor.py:186} INFO - Started process (PID=43) to work on /opt/airflow/dags/kafka_load.py
[2026-04-21T06:25:00.692+0000] {processor.py:914} INFO - Processing file /opt/airflow/dags/kafka_load.py for tasks to queue
[2026-04-21T06:25:00.696+0000] {logging_mixin.py:190} INFO - [2026-04-21T06:25:00.695+0000] {dagbag.py:588} INFO - Filling up the DagBag from /opt/airflow/dags/kafka_load.py
[2026-04-21T06:25:00.745+0000] {processor.py:925} INFO - DAG(s) 'kafka_producer' retrieved from /opt/airflow/dags/kafka_load.py
[2026-04-21T06:25:00.782+0000] {logging_mixin.py:190} INFO - [2026-04-21T06:25:00.781+0000] {dag.py:3239} INFO - Sync 1 DAGs
[2026-04-21T06:25:00.821+0000] {logging_mixin.py:190} INFO - [2026-04-21T06:25:00.820+0000] {dag.py:4180} INFO - Setting next_dagrun for kafka_producer to 2026-04-20 18:30:00+00:00, run_after=2026-04-21 18:30:00+00:00
[2026-04-21T06:25:00.851+0000] {processor.py:208} INFO - Processing /opt/airflow/dags/kafka_load.py took 0.170 seconds
[2026-04-21T06:25:31.339+0000] {processor.py:186} INFO - Started process (PID=46) to work on /opt/airflow/dags/kafka_load.py
[2026-04-21T06:25:31.340+0000] {processor.py:914} INFO - Processing file /opt/airflow/dags/kafka_load.py for tasks to queue
[2026-04-21T06:25:31.343+0000] {logging_mixin.py:190} INFO - [2026-04-21T06:25:31.343+0000] {dagbag.py:588} INFO - Filling up the DagBag from /opt/airflow/dags/kafka_load.py
[2026-04-21T06:25:31.372+0000] {processor.py:925} INFO - DAG(s) 'kafka_producer' retrieved from /opt/airflow/dags/kafka_load.py
[2026-04-21T06:25:31.397+0000] {logging_mixin.py:190} INFO - [2026-04-21T06:25:31.397+0000] {dag.py:3239} INFO - Sync 1 DAGs
[2026-04-21T06:25:31.427+0000] {logging_mixin.py:190} INFO - [2026-04-21T06:25:31.427+0000] {dag.py:4180} INFO - Setting next_dagrun for kafka_producer to 2026-04-20 18:30:00+00:00, run_after=2026-04-21 18:30:00+00:00
[2026-04-21T06:25:31.453+0000] {processor.py:208} INFO - Processing /opt/airflow/dags/kafka_load.py took 0.122 seconds
[2026-04-21T06:26:01.947+0000] {processor.py:186} INFO - Started process (PID=49) to work on /opt/airflow/dags/kafka_load.py
[2026-04-21T06:26:01.950+0000] {processor.py:914} INFO - Processing file /opt/airflow/dags/kafka_load.py for tasks to queue
[2026-04-21T06:26:01.953+0000] {logging_mixin.py:190} INFO - [2026-04-21T06:26:01.953+0000] {dagbag.py:588} INFO - Filling up the DagBag from /opt/airflow/dags/kafka_load.py
[2026-04-21T06:26:01.985+0000] {processor.py:925} INFO - DAG(s) 'kafka_producer' retrieved from /opt/airflow/dags/kafka_load.py
[2026-04-21T06:26:02.011+0000] {logging_mixin.py:190} INFO - [2026-04-21T06:26:02.011+0000] {dag.py:3239} INFO - Sync 1 DAGs
[2026-04-21T06:26:02.050+0000] {logging_mixin.py:190} INFO - [2026-04-21T06:26:02.049+0000] {dag.py:4180} INFO - Setting next_dagrun for kafka_producer to 2026-04-20 18:30:00+00:00, run_after=2026-04-21 18:30:00+00:00
[2026-04-21T06:26:02.074+0000] {processor.py:208} INFO - Processing /opt/airflow/dags/kafka_load.py took 0.136 seconds
[2026-04-21T06:26:32.540+0000] {processor.py:186} INFO - Started process (PID=52) to work on /opt/airflow/dags/kafka_load.py
[2026-04-21T06:26:32.542+0000] {processor.py:914} INFO - Processing file /opt/airflow/dags/kafka_load.py for tasks to queue
[2026-04-21T06:26:32.544+0000] {logging_mixin.py:190} INFO - [2026-04-21T06:26:32.544+0000] {dagbag.py:588} INFO - Filling up the DagBag from /opt/airflow/dags/kafka_load.py
[2026-04-21T06:26:32.573+0000] {processor.py:925} INFO - DAG(s) 'kafka_producer' retrieved from /opt/airflow/dags/kafka_load.py
[2026-04-21T06:26:32.599+0000] {logging_mixin.py:190} INFO - [2026-04-21T06:26:32.599+0000] {dag.py:3239} INFO - Sync 1 DAGs
[2026-04-21T06:26:32.628+0000] {logging_mixin.py:190} INFO - [2026-04-21T06:26:32.628+0000] {dag.py:4180} INFO - Setting next_dagrun for kafka_producer to 2026-04-20 18:30:00+00:00, run_after=2026-04-21 18:30:00+00:00
[2026-04-21T06:26:32.655+0000] {processor.py:208} INFO - Processing /opt/airflow/dags/kafka_load.py took 0.123 seconds
[2026-04-21T06:27:03.087+0000] {processor.py:186} INFO - Started process (PID=55) to work on /opt/airflow/dags/kafka_load.py
[2026-04-21T06:27:03.089+0000] {processor.py:914} INFO - Processing file /opt/airflow/dags/kafka_load.py for tasks to queue
[2026-04-21T06:27:03.092+0000] {logging_mixin.py:190} INFO - [2026-04-21T06:27:03.092+0000] {dagbag.py:588} INFO - Filling up the DagBag from /opt/airflow/dags/kafka_load.py
[2026-04-21T06:27:03.130+0000] {processor.py:925} INFO - DAG(s) 'kafka_producer' retrieved from /opt/airflow/dags/kafka_load.py
[2026-04-21T06:27:03.163+0000] {logging_mixin.py:190} INFO - [2026-04-21T06:27:03.163+0000] {dag.py:3239} INFO - Sync 1 DAGs
[2026-04-21T06:27:03.198+0000] {logging_mixin.py:190} INFO - [2026-04-21T06:27:03.198+0000] {dag.py:4180} INFO - Setting next_dagrun for kafka_producer to 2026-04-20 18:30:00+00:00, run_after=2026-04-21 18:30:00+00:00
[2026-04-21T06:27:03.225+0000] {processor.py:208} INFO - Processing /opt/airflow/dags/kafka_load.py took 0.147 seconds
[2026-04-21T06:27:33.730+0000] {processor.py:186} INFO - Started process (PID=58) to work on /opt/airflow/dags/kafka_load.py
[2026-04-21T06:27:33.731+0000] {processor.py:914} INFO - Processing file /opt/airflow/dags/kafka_load.py for tasks to queue
[2026-04-21T06:27:33.734+0000] {logging_mixin.py:190} INFO - [2026-04-21T06:27:33.734+0000] {dagbag.py:588} INFO - Filling up the DagBag from /opt/airflow/dags/kafka_load.py
[2026-04-21T06:27:33.764+0000] {processor.py:925} INFO - DAG(s) 'kafka_producer' retrieved from /opt/airflow/dags/kafka_load.py
[2026-04-21T06:27:33.793+0000] {logging_mixin.py:190} INFO - [2026-04-21T06:27:33.792+0000] {dag.py:3239} INFO - Sync 1 DAGs
[2026-04-21T06:27:33.823+0000] {logging_mixin.py:190} INFO - [2026-04-21T06:27:33.823+0000] {dag.py:4180} INFO - Setting next_dagrun for kafka_producer to 2026-04-20 18:30:00+00:00, run_after=2026-04-21 18:30:00+00:00
[2026-04-21T06:27:33.855+0000] {processor.py:208} INFO - Processing /opt/airflow/dags/kafka_load.py took 0.134 seconds
[2026-04-21T06:28:04.289+0000] {processor.py:186} INFO - Started process (PID=61) to work on /opt/airflow/dags/kafka_load.py
[2026-04-21T06:28:04.290+0000] {processor.py:914} INFO - Processing file /opt/airflow/dags/kafka_load.py for tasks to queue
[2026-04-21T06:28:04.294+0000] {logging_mixin.py:190} INFO - [2026-04-21T06:28:04.293+0000] {dagbag.py:588} INFO - Filling up the DagBag from /opt/airflow/dags/kafka_load.py
[2026-04-21T06:28:04.324+0000] {processor.py:925} INFO - DAG(s) 'kafka_producer' retrieved from /opt/airflow/dags/kafka_load.py
[2026-04-21T06:28:04.354+0000] {logging_mixin.py:190} INFO - [2026-04-21T06:28:04.354+0000] {dag.py:3239} INFO - Sync 1 DAGs
[2026-04-21T06:28:04.385+0000] {logging_mixin.py:190} INFO - [2026-04-21T06:28:04.385+0000] {dag.py:4180} INFO - Setting next_dagrun for kafka_producer to 2026-04-20 18:30:00+00:00, run_after=2026-04-21 18:30:00+00:00
[2026-04-21T06:28:04.411+0000] {processor.py:208} INFO - Processing /opt/airflow/dags/kafka_load.py took 0.129 seconds
[2026-04-21T06:28:34.784+0000] {processor.py:186} INFO - Started process (PID=64) to work on /opt/airflow/dags/kafka_load.py
[2026-04-21T06:28:34.785+0000] {processor.py:914} INFO - Processing file /opt/airflow/dags/kafka_load.py for tasks to queue
[2026-04-21T06:28:34.789+0000] {logging_mixin.py:190} INFO - [2026-04-21T06:28:34.789+0000] {dagbag.py:588} INFO - Filling up the DagBag from /opt/airflow/dags/kafka_load.py
[2026-04-21T06:28:34.819+0000] {processor.py:925} INFO - DAG(s) 'kafka_producer' retrieved from /opt/airflow/dags/kafka_load.py
[2026-04-21T06:28:34.846+0000] {logging_mixin.py:190} INFO - [2026-04-21T06:28:34.846+0000] {dag.py:3239} INFO - Sync 1 DAGs
[2026-04-21T06:28:34.879+0000] {logging_mixin.py:190} INFO - [2026-04-21T06:28:34.878+0000] {dag.py:4180} INFO - Setting next_dagrun for kafka_producer to 2026-04-20 18:30:00+00:00, run_after=2026-04-21 18:30:00+00:00
[2026-04-21T06:28:34.905+0000] {processor.py:208} INFO - Processing /opt/airflow/dags/kafka_load.py took 0.132 seconds
[2026-04-21T06:29:05.373+0000] {processor.py:186} INFO - Started process (PID=67) to work on /opt/airflow/dags/kafka_load.py
[2026-04-21T06:29:05.374+0000] {processor.py:914} INFO - Processing file /opt/airflow/dags/kafka_load.py for tasks to queue
[2026-04-21T06:29:05.377+0000] {logging_mixin.py:190} INFO - [2026-04-21T06:29:05.377+0000] {dagbag.py:588} INFO - Filling up the DagBag from /opt/airflow/dags/kafka_load.py
[2026-04-21T06:29:05.404+0000] {processor.py:925} INFO - DAG(s) 'kafka_producer' retrieved from /opt/airflow/dags/kafka_load.py
[2026-04-21T06:29:05.430+0000] {logging_mixin.py:190} INFO - [2026-04-21T06:29:05.429+0000] {dag.py:3239} INFO - Sync 1 DAGs
[2026-04-21T06:29:05.461+0000] {logging_mixin.py:190} INFO - [2026-04-21T06:29:05.461+0000] {dag.py:4180} INFO - Setting next_dagrun for kafka_producer to 2026-04-20 18:30:00+00:00, run_after=2026-04-21 18:30:00+00:00
[2026-04-21T06:29:05.486+0000] {processor.py:208} INFO - Processing /opt/airflow/dags/kafka_load.py took 0.121 seconds
[2026-04-21T06:29:36.047+0000] {processor.py:186} INFO - Started process (PID=70) to work on /opt/airflow/dags/kafka_load.py
[2026-04-21T06:29:36.048+0000] {processor.py:914} INFO - Processing file /opt/airflow/dags/kafka_load.py for tasks to queue
[2026-04-21T06:29:36.053+0000] {logging_mixin.py:190} INFO - [2026-04-21T06:29:36.051+0000] {dagbag.py:588} INFO - Filling up the DagBag from /opt/airflow/dags/kafka_load.py
[2026-04-21T06:29:36.085+0000] {processor.py:925} INFO - DAG(s) 'kafka_producer' retrieved from /opt/airflow/dags/kafka_load.py
[2026-04-21T06:29:36.111+0000] {logging_mixin.py:190} INFO - [2026-04-21T06:29:36.110+0000] {dag.py:3239} INFO - Sync 1 DAGs
[2026-04-21T06:29:36.140+0000] {logging_mixin.py:190} INFO - [2026-04-21T06:29:36.139+0000] {dag.py:4180} INFO - Setting next_dagrun for kafka_producer to 2026-04-20 18:30:00+00:00, run_after=2026-04-21 18:30:00+00:00
[2026-04-21T06:29:36.165+0000] {processor.py:208} INFO - Processing /opt/airflow/dags/kafka_load.py took 0.126 seconds
[2026-04-21T06:30:06.578+0000] {processor.py:186} INFO - Started process (PID=73) to work on /opt/airflow/dags/kafka_load.py
[2026-04-21T06:30:06.579+0000] {processor.py:914} INFO - Processing file /opt/airflow/dags/kafka_load.py for tasks to queue
[2026-04-21T06:30:06.583+0000] {logging_mixin.py:190} INFO - [2026-04-21T06:30:06.582+0000] {dagbag.py:588} INFO - Filling up the DagBag from /opt/airflow/dags/kafka_load.py
[2026-04-21T06:30:06.617+0000] {processor.py:925} INFO - DAG(s) 'kafka_producer' retrieved from /opt/airflow/dags/kafka_load.py
[2026-04-21T06:30:06.650+0000] {logging_mixin.py:190} INFO - [2026-04-21T06:30:06.650+0000] {dag.py:3239} INFO - Sync 1 DAGs
[2026-04-21T06:30:06.687+0000] {logging_mixin.py:190} INFO - [2026-04-21T06:30:06.687+0000] {dag.py:4180} INFO - Setting next_dagrun for kafka_producer to 2026-04-20 18:30:00+00:00, run_after=2026-04-21 18:30:00+00:00
[2026-04-21T06:30:06.715+0000] {processor.py:208} INFO - Processing /opt/airflow/dags/kafka_load.py took 0.145 seconds
[2026-04-21T06:30:37.145+0000] {processor.py:186} INFO - Started process (PID=76) to work on /opt/airflow/dags/kafka_load.py
[2026-04-21T06:30:37.147+0000] {processor.py:914} INFO - Processing file /opt/airflow/dags/kafka_load.py for tasks to queue
[2026-04-21T06:30:37.150+0000] {logging_mixin.py:190} INFO - [2026-04-21T06:30:37.149+0000] {dagbag.py:588} INFO - Filling up the DagBag from /opt/airflow/dags/kafka_load.py
[2026-04-21T06:30:37.178+0000] {processor.py:925} INFO - DAG(s) 'kafka_producer' retrieved from /opt/airflow/dags/kafka_load.py
[2026-04-21T06:30:37.205+0000] {logging_mixin.py:190} INFO - [2026-04-21T06:30:37.205+0000] {dag.py:3239} INFO - Sync 1 DAGs
[2026-04-21T06:30:37.235+0000] {logging_mixin.py:190} INFO - [2026-04-21T06:30:37.235+0000] {dag.py:4180} INFO - Setting next_dagrun for kafka_producer to 2026-04-20 18:30:00+00:00, run_after=2026-04-21 18:30:00+00:00
[2026-04-21T06:30:37.262+0000] {processor.py:208} INFO - Processing /opt/airflow/dags/kafka_load.py took 0.125 seconds
[2026-04-21T06:31:11.215+0000] {processor.py:186} INFO - Started process (PID=79) to work on /opt/airflow/dags/kafka_load.py
[2026-04-21T06:31:11.219+0000] {processor.py:914} INFO - Processing file /opt/airflow/dags/kafka_load.py for tasks to queue
[2026-04-21T06:31:11.227+0000] {logging_mixin.py:190} INFO - [2026-04-21T06:31:11.226+0000] {dagbag.py:588} INFO - Filling up the DagBag from /opt/airflow/dags/kafka_load.py
[2026-04-21T06:31:11.278+0000] {processor.py:925} INFO - DAG(s) 'kafka_producer' retrieved from /opt/airflow/dags/kafka_load.py
[2026-04-21T06:31:11.303+0000] {logging_mixin.py:190} INFO - [2026-04-21T06:31:11.303+0000] {dag.py:3239} INFO - Sync 1 DAGs
[2026-04-21T06:31:11.336+0000] {logging_mixin.py:190} INFO - [2026-04-21T06:31:11.336+0000] {dag.py:4180} INFO - Setting next_dagrun for kafka_producer to 2026-04-20 18:30:00+00:00, run_after=2026-04-21 18:30:00+00:00
[2026-04-21T06:31:11.858+0000] {processor.py:208} INFO - Processing /opt/airflow/dags/kafka_load.py took 0.657 seconds
[2026-04-21T06:31:42.354+0000] {processor.py:186} INFO - Started process (PID=82) to work on /opt/airflow/dags/kafka_load.py
[2026-04-21T06:31:42.355+0000] {processor.py:914} INFO - Processing file /opt/airflow/dags/kafka_load.py for tasks to queue
[2026-04-21T06:31:42.358+0000] {logging_mixin.py:190} INFO - [2026-04-21T06:31:42.358+0000] {dagbag.py:588} INFO - Filling up the DagBag from /opt/airflow/dags/kafka_load.py
[2026-04-21T06:31:42.392+0000] {processor.py:925} INFO - DAG(s) 'kafka_producer' retrieved from /opt/airflow/dags/kafka_load.py
[2026-04-21T06:31:42.423+0000] {logging_mixin.py:190} INFO - [2026-04-21T06:31:42.423+0000] {dag.py:3239} INFO - Sync 1 DAGs
[2026-04-21T06:31:42.465+0000] {logging_mixin.py:190} INFO - [2026-04-21T06:31:42.465+0000] {dag.py:4180} INFO - Setting next_dagrun for kafka_producer to 2026-04-20 18:30:00+00:00, run_after=2026-04-21 18:30:00+00:00
[2026-04-21T06:31:42.499+0000] {processor.py:208} INFO - Processing /opt/airflow/dags/kafka_load.py took 0.157 seconds
[2026-04-21T06:32:13.036+0000] {processor.py:186} INFO - Started process (PID=85) to work on /opt/airflow/dags/kafka_load.py
[2026-04-21T06:32:13.037+0000] {processor.py:914} INFO - Processing file /opt/airflow/dags/kafka_load.py for tasks to queue
[2026-04-21T06:32:13.040+0000] {logging_mixin.py:190} INFO - [2026-04-21T06:32:13.040+0000] {dagbag.py:588} INFO - Filling up the DagBag from /opt/airflow/dags/kafka_load.py
[2026-04-21T06:32:13.077+0000] {processor.py:925} INFO - DAG(s) 'kafka_producer' retrieved from /opt/airflow/dags/kafka_load.py
[2026-04-21T06:32:13.104+0000] {logging_mixin.py:190} INFO - [2026-04-21T06:32:13.104+0000] {dag.py:3239} INFO - Sync 1 DAGs
[2026-04-21T06:32:13.134+0000] {logging_mixin.py:190} INFO - [2026-04-21T06:32:13.134+0000] {dag.py:4180} INFO - Setting next_dagrun for kafka_producer to 2026-04-20 18:30:00+00:00, run_after=2026-04-21 18:30:00+00:00
[2026-04-21T06:32:13.163+0000] {processor.py:208} INFO - Processing /opt/airflow/dags/kafka_load.py took 0.135 seconds
[2026-04-21T06:32:16.247+0000] {processor.py:186} INFO - Started process (PID=86) to work on /opt/airflow/dags/kafka_load.py
[2026-04-21T06:32:16.248+0000] {processor.py:914} INFO - Processing file /opt/airflow/dags/kafka_load.py for tasks to queue
[2026-04-21T06:32:16.251+0000] {logging_mixin.py:190} INFO - [2026-04-21T06:32:16.251+0000] {dagbag.py:588} INFO - Filling up the DagBag from /opt/airflow/dags/kafka_load.py
[2026-04-21T06:32:16.297+0000] {processor.py:925} INFO - DAG(s) 'kafka_producer' retrieved from /opt/airflow/dags/kafka_load.py
[2026-04-21T06:32:16.327+0000] {logging_mixin.py:190} INFO - [2026-04-21T06:32:16.327+0000] {dag.py:3239} INFO - Sync 1 DAGs
[2026-04-21T06:32:16.360+0000] {logging_mixin.py:190} INFO - [2026-04-21T06:32:16.360+0000] {dag.py:4180} INFO - Setting next_dagrun for kafka_producer to 2026-04-20 18:30:00+00:00, run_after=2026-04-21 18:30:00+00:00
[2026-04-21T06:32:16.392+0000] {processor.py:208} INFO - Processing /opt/airflow/dags/kafka_load.py took 0.153 seconds
[2026-04-21T06:32:46.829+0000] {processor.py:186} INFO - Started process (PID=89) to work on /opt/airflow/dags/kafka_load.py
[2026-04-21T06:32:46.831+0000] {processor.py:914} INFO - Processing file /opt/airflow/dags/kafka_load.py for tasks to queue
[2026-04-21T06:32:46.835+0000] {logging_mixin.py:190} INFO - [2026-04-21T06:32:46.834+0000] {dagbag.py:588} INFO - Filling up the DagBag from /opt/airflow/dags/kafka_load.py
[2026-04-21T06:32:46.884+0000] {processor.py:925} INFO - DAG(s) 'kafka_producer' retrieved from /opt/airflow/dags/kafka_load.py
[2026-04-21T06:32:46.931+0000] {logging_mixin.py:190} INFO - [2026-04-21T06:32:46.930+0000] {dag.py:3239} INFO - Sync 1 DAGs
[2026-04-21T06:32:47.019+0000] {logging_mixin.py:190} INFO - [2026-04-21T06:32:47.018+0000] {dag.py:4180} INFO - Setting next_dagrun for kafka_producer to 2026-04-20 18:30:00+00:00, run_after=2026-04-21 18:30:00+00:00
[2026-04-21T06:32:47.068+0000] {processor.py:208} INFO - Processing /opt/airflow/dags/kafka_load.py took 0.249 seconds
[2026-04-21T06:33:17.187+0000] {processor.py:186} INFO - Started process (PID=92) to work on /opt/airflow/dags/kafka_load.py
[2026-04-21T06:33:17.189+0000] {processor.py:914} INFO - Processing file /opt/airflow/dags/kafka_load.py for tasks to queue
[2026-04-21T06:33:17.193+0000] {logging_mixin.py:190} INFO - [2026-04-21T06:33:17.192+0000] {dagbag.py:588} INFO - Filling up the DagBag from /opt/airflow/dags/kafka_load.py
[2026-04-21T06:33:17.227+0000] {processor.py:925} INFO - DAG(s) 'kafka_producer' retrieved from /opt/airflow/dags/kafka_load.py
[2026-04-21T06:33:17.260+0000] {logging_mixin.py:190} INFO - [2026-04-21T06:33:17.259+0000] {dag.py:3239} INFO - Sync 1 DAGs
[2026-04-21T06:33:17.291+0000] {logging_mixin.py:190} INFO - [2026-04-21T06:33:17.291+0000] {dag.py:4180} INFO - Setting next_dagrun for kafka_producer to 2026-04-20 18:30:00+00:00, run_after=2026-04-21 18:30:00+00:00
[2026-04-21T06:33:17.318+0000] {processor.py:208} INFO - Processing /opt/airflow/dags/kafka_load.py took 0.141 seconds
[2026-04-21T06:33:47.763+0000] {processor.py:186} INFO - Started process (PID=95) to work on /opt/airflow/dags/kafka_load.py
[2026-04-21T06:33:47.764+0000] {processor.py:914} INFO - Processing file /opt/airflow/dags/kafka_load.py for tasks to queue
[2026-04-21T06:33:47.767+0000] {logging_mixin.py:190} INFO - [2026-04-21T06:33:47.767+0000] {dagbag.py:588} INFO - Filling up the DagBag from /opt/airflow/dags/kafka_load.py
[2026-04-21T06:33:47.797+0000] {processor.py:925} INFO - DAG(s) 'kafka_producer' retrieved from /opt/airflow/dags/kafka_load.py
[2026-04-21T06:33:47.824+0000] {logging_mixin.py:190} INFO - [2026-04-21T06:33:47.824+0000] {dag.py:3239} INFO - Sync 1 DAGs
[2026-04-21T06:33:47.853+0000] {logging_mixin.py:190} INFO - [2026-04-21T06:33:47.852+0000] {dag.py:4180} INFO - Setting next_dagrun for kafka_producer to 2026-04-20 18:30:00+00:00, run_after=2026-04-21 18:30:00+00:00
[2026-04-21T06:33:47.889+0000] {processor.py:208} INFO - Processing /opt/airflow/dags/kafka_load.py took 0.139 seconds
[2026-04-21T06:34:17.982+0000] {processor.py:186} INFO - Started process (PID=98) to work on /opt/airflow/dags/kafka_load.py
[2026-04-21T06:34:17.984+0000] {processor.py:914} INFO - Processing file /opt/airflow/dags/kafka_load.py for tasks to queue
[2026-04-21T06:34:17.987+0000] {logging_mixin.py:190} INFO - [2026-04-21T06:34:17.987+0000] {dagbag.py:588} INFO - Filling up the DagBag from /opt/airflow/dags/kafka_load.py
[2026-04-21T06:34:18.027+0000] {processor.py:925} INFO - DAG(s) 'kafka_producer' retrieved from /opt/airflow/dags/kafka_load.py
[2026-04-21T06:34:18.060+0000] {logging_mixin.py:190} INFO - [2026-04-21T06:34:18.060+0000] {dag.py:3239} INFO - Sync 1 DAGs
[2026-04-21T06:34:18.092+0000] {logging_mixin.py:190} INFO - [2026-04-21T06:34:18.091+0000] {dag.py:4180} INFO - Setting next_dagrun for kafka_producer to 2026-04-20 18:30:00+00:00, run_after=2026-04-21 18:30:00+00:00
[2026-04-21T06:34:18.252+0000] {processor.py:208} INFO - Processing /opt/airflow/dags/kafka_load.py took 0.277 seconds
[2026-04-21T06:34:48.728+0000] {processor.py:186} INFO - Started process (PID=101) to work on /opt/airflow/dags/kafka_load.py
[2026-04-21T06:34:48.736+0000] {processor.py:914} INFO - Processing file /opt/airflow/dags/kafka_load.py for tasks to queue
[2026-04-21T06:34:48.742+0000] {logging_mixin.py:190} INFO - [2026-04-21T06:34:48.742+0000] {dagbag.py:588} INFO - Filling up the DagBag from /opt/airflow/dags/kafka_load.py
[2026-04-21T06:34:48.860+0000] {processor.py:925} INFO - DAG(s) 'kafka_producer' retrieved from /opt/airflow/dags/kafka_load.py
[2026-04-21T06:34:48.896+0000] {logging_mixin.py:190} INFO - [2026-04-21T06:34:48.896+0000] {dag.py:3239} INFO - Sync 1 DAGs
[2026-04-21T06:34:48.929+0000] {logging_mixin.py:190} INFO - [2026-04-21T06:34:48.928+0000] {dag.py:4180} INFO - Setting next_dagrun for kafka_producer to 2026-04-20 18:30:00+00:00, run_after=2026-04-21 18:30:00+00:00
[2026-04-21T06:34:48.951+0000] {processor.py:208} INFO - Processing /opt/airflow/dags/kafka_load.py took 0.234 seconds
[2026-04-21T06:35:19.331+0000] {processor.py:186} INFO - Started process (PID=104) to work on /opt/airflow/dags/kafka_load.py
[2026-04-21T06:35:19.333+0000] {processor.py:914} INFO - Processing file /opt/airflow/dags/kafka_load.py for tasks to queue
[2026-04-21T06:35:19.336+0000] {logging_mixin.py:190} INFO - [2026-04-21T06:35:19.336+0000] {dagbag.py:588} INFO - Filling up the DagBag from /opt/airflow/dags/kafka_load.py
[2026-04-21T06:35:19.368+0000] {processor.py:925} INFO - DAG(s) 'kafka_producer' retrieved from /opt/airflow/dags/kafka_load.py
[2026-04-21T06:35:19.392+0000] {logging_mixin.py:190} INFO - [2026-04-21T06:35:19.391+0000] {dag.py:3239} INFO - Sync 1 DAGs
[2026-04-21T06:35:19.420+0000] {logging_mixin.py:190} INFO - [2026-04-21T06:35:19.420+0000] {dag.py:4180} INFO - Setting next_dagrun for kafka_producer to 2026-04-20 18:30:00+00:00, run_after=2026-04-21 18:30:00+00:00
[2026-04-21T06:35:19.448+0000] {processor.py:208} INFO - Processing /opt/airflow/dags/kafka_load.py took 0.125 seconds
[2026-04-21T06:35:49.907+0000] {processor.py:186} INFO - Started process (PID=107) to work on /opt/airflow/dags/kafka_load.py
[2026-04-21T06:35:49.909+0000] {processor.py:914} INFO - Processing file /opt/airflow/dags/kafka_load.py for tasks to queue
[2026-04-21T06:35:49.912+0000] {logging_mixin.py:190} INFO - [2026-04-21T06:35:49.911+0000] {dagbag.py:588} INFO - Filling up the DagBag from /opt/airflow/dags/kafka_load.py
[2026-04-21T06:35:49.950+0000] {processor.py:925} INFO - DAG(s) 'kafka_producer' retrieved from /opt/airflow/dags/kafka_load.py
[2026-04-21T06:35:49.977+0000] {logging_mixin.py:190} INFO - [2026-04-21T06:35:49.977+0000] {dag.py:3239} INFO - Sync 1 DAGs
[2026-04-21T06:35:50.012+0000] {logging_mixin.py:190} INFO - [2026-04-21T06:35:50.011+0000] {dag.py:4180} INFO - Setting next_dagrun for kafka_producer to 2026-04-20 18:30:00+00:00, run_after=2026-04-21 18:30:00+00:00
[2026-04-21T06:35:50.046+0000] {processor.py:208} INFO - Processing /opt/airflow/dags/kafka_load.py took 0.149 seconds
[2026-04-21T06:36:20.331+0000] {processor.py:186} INFO - Started process (PID=110) to work on /opt/airflow/dags/kafka_load.py
[2026-04-21T06:36:20.333+0000] {processor.py:914} INFO - Processing file /opt/airflow/dags/kafka_load.py for tasks to queue
[2026-04-21T06:36:20.336+0000] {logging_mixin.py:190} INFO - [2026-04-21T06:36:20.336+0000] {dagbag.py:588} INFO - Filling up the DagBag from /opt/airflow/dags/kafka_load.py
[2026-04-21T06:36:20.378+0000] {processor.py:925} INFO - DAG(s) 'kafka_producer' retrieved from /opt/airflow/dags/kafka_load.py
[2026-04-21T06:36:20.408+0000] {logging_mixin.py:190} INFO - [2026-04-21T06:36:20.408+0000] {dag.py:3239} INFO - Sync 1 DAGs
[2026-04-21T06:36:20.442+0000] {logging_mixin.py:190} INFO - [2026-04-21T06:36:20.442+0000] {dag.py:4180} INFO - Setting next_dagrun for kafka_producer to 2026-04-20 18:30:00+00:00, run_after=2026-04-21 18:30:00+00:00
[2026-04-21T06:36:20.475+0000] {processor.py:208} INFO - Processing /opt/airflow/dags/kafka_load.py took 0.153 seconds
[2026-04-21T06:36:50.929+0000] {processor.py:186} INFO - Started process (PID=113) to work on /opt/airflow/dags/kafka_load.py
[2026-04-21T06:36:50.931+0000] {processor.py:914} INFO - Processing file /opt/airflow/dags/kafka_load.py for tasks to queue
[2026-04-21T06:36:50.936+0000] {logging_mixin.py:190} INFO - [2026-04-21T06:36:50.935+0000] {dagbag.py:588} INFO - Filling up the DagBag from /opt/airflow/dags/kafka_load.py
[2026-04-21T06:36:50.969+0000] {processor.py:925} INFO - DAG(s) 'kafka_producer' retrieved from /opt/airflow/dags/kafka_load.py
[2026-04-21T06:36:50.999+0000] {logging_mixin.py:190} INFO - [2026-04-21T06:36:50.999+0000] {dag.py:3239} INFO - Sync 1 DAGs
[2026-04-21T06:36:51.032+0000] {logging_mixin.py:190} INFO - [2026-04-21T06:36:51.032+0000] {dag.py:4180} INFO - Setting next_dagrun for kafka_producer to 2026-04-20 18:30:00+00:00, run_after=2026-04-21 18:30:00+00:00
[2026-04-21T06:36:51.058+0000] {processor.py:208} INFO - Processing /opt/airflow/dags/kafka_load.py took 0.137 seconds
[2026-04-21T06:37:21.627+0000] {processor.py:186} INFO - Started process (PID=116) to work on /opt/airflow/dags/kafka_load.py
[2026-04-21T06:37:21.629+0000] {processor.py:914} INFO - Processing file /opt/airflow/dags/kafka_load.py for tasks to queue
[2026-04-21T06:37:21.633+0000] {logging_mixin.py:190} INFO - [2026-04-21T06:37:21.633+0000] {dagbag.py:588} INFO - Filling up the DagBag from /opt/airflow/dags/kafka_load.py
[2026-04-21T06:37:21.681+0000] {processor.py:925} INFO - DAG(s) 'kafka_producer' retrieved from /opt/airflow/dags/kafka_load.py
[2026-04-21T06:37:21.708+0000] {logging_mixin.py:190} INFO - [2026-04-21T06:37:21.708+0000] {dag.py:3239} INFO - Sync 1 DAGs
[2026-04-21T06:37:21.740+0000] {logging_mixin.py:190} INFO - [2026-04-21T06:37:21.739+0000] {dag.py:4180} INFO - Setting next_dagrun for kafka_producer to 2026-04-20 18:30:00+00:00, run_after=2026-04-21 18:30:00+00:00
[2026-04-21T06:37:21.772+0000] {processor.py:208} INFO - Processing /opt/airflow/dags/kafka_load.py took 0.156 seconds
[2026-04-21T06:37:52.451+0000] {processor.py:186} INFO - Started process (PID=119) to work on /opt/airflow/dags/kafka_load.py
[2026-04-21T06:37:52.452+0000] {processor.py:914} INFO - Processing file /opt/airflow/dags/kafka_load.py for tasks to queue
[2026-04-21T06:37:52.456+0000] {logging_mixin.py:190} INFO - [2026-04-21T06:37:52.455+0000] {dagbag.py:588} INFO - Filling up the DagBag from /opt/airflow/dags/kafka_load.py
[2026-04-21T06:37:52.490+0000] {processor.py:925} INFO - DAG(s) 'kafka_producer' retrieved from /opt/airflow/dags/kafka_load.py
[2026-04-21T06:37:52.515+0000] {logging_mixin.py:190} INFO - [2026-04-21T06:37:52.515+0000] {dag.py:3239} INFO - Sync 1 DAGs
[2026-04-21T06:37:52.544+0000] {logging_mixin.py:190} INFO - [2026-04-21T06:37:52.544+0000] {dag.py:4180} INFO - Setting next_dagrun for kafka_producer to 2026-04-20 18:30:00+00:00, run_after=2026-04-21 18:30:00+00:00
[2026-04-21T06:37:52.571+0000] {processor.py:208} INFO - Processing /opt/airflow/dags/kafka_load.py took 0.128 seconds
[2026-04-21T06:38:23.117+0000] {processor.py:186} INFO - Started process (PID=122) to work on /opt/airflow/dags/kafka_load.py
[2026-04-21T06:38:23.119+0000] {processor.py:914} INFO - Processing file /opt/airflow/dags/kafka_load.py for tasks to queue
[2026-04-21T06:38:23.124+0000] {logging_mixin.py:190} INFO - [2026-04-21T06:38:23.123+0000] {dagbag.py:588} INFO - Filling up the DagBag from /opt/airflow/dags/kafka_load.py
[2026-04-21T06:38:23.158+0000] {processor.py:925} INFO - DAG(s) 'kafka_producer' retrieved from /opt/airflow/dags/kafka_load.py
[2026-04-21T06:38:23.188+0000] {logging_mixin.py:190} INFO - [2026-04-21T06:38:23.187+0000] {dag.py:3239} INFO - Sync 1 DAGs
[2026-04-21T06:38:23.225+0000] {logging_mixin.py:190} INFO - [2026-04-21T06:38:23.225+0000] {dag.py:4180} INFO - Setting next_dagrun for kafka_producer to 2026-04-20 18:30:00+00:00, run_after=2026-04-21 18:30:00+00:00
[2026-04-21T06:38:23.256+0000] {processor.py:208} INFO - Processing /opt/airflow/dags/kafka_load.py took 0.148 seconds
[2026-04-21T06:38:53.626+0000] {processor.py:186} INFO - Started process (PID=125) to work on /opt/airflow/dags/kafka_load.py
[2026-04-21T06:38:53.628+0000] {processor.py:914} INFO - Processing file /opt/airflow/dags/kafka_load.py for tasks to queue
[2026-04-21T06:38:53.631+0000] {logging_mixin.py:190} INFO - [2026-04-21T06:38:53.631+0000] {dagbag.py:588} INFO - Filling up the DagBag from /opt/airflow/dags/kafka_load.py
[2026-04-21T06:38:53.674+0000] {processor.py:925} INFO - DAG(s) 'kafka_producer' retrieved from /opt/airflow/dags/kafka_load.py
[2026-04-21T06:38:53.703+0000] {logging_mixin.py:190} INFO - [2026-04-21T06:38:53.703+0000] {dag.py:3239} INFO - Sync 1 DAGs
[2026-04-21T06:38:53.734+0000] {logging_mixin.py:190} INFO - [2026-04-21T06:38:53.734+0000] {dag.py:4180} INFO - Setting next_dagrun for kafka_producer to 2026-04-20 18:30:00+00:00, run_after=2026-04-21 18:30:00+00:00
[2026-04-21T06:38:53.768+0000] {processor.py:208} INFO - Processing /opt/airflow/dags/kafka_load.py took 0.152 seconds
[2026-04-21T06:39:24.282+0000] {processor.py:186} INFO - Started process (PID=128) to work on /opt/airflow/dags/kafka_load.py
[2026-04-21T06:39:24.283+0000] {processor.py:914} INFO - Processing file /opt/airflow/dags/kafka_load.py for tasks to queue
[2026-04-21T06:39:24.286+0000] {logging_mixin.py:190} INFO - [2026-04-21T06:39:24.286+0000] {dagbag.py:588} INFO - Filling up the DagBag from /opt/airflow/dags/kafka_load.py
[2026-04-21T06:39:24.317+0000] {processor.py:925} INFO - DAG(s) 'kafka_producer' retrieved from /opt/airflow/dags/kafka_load.py
[2026-04-21T06:39:24.341+0000] {logging_mixin.py:190} INFO - [2026-04-21T06:39:24.340+0000] {dag.py:3239} INFO - Sync 1 DAGs
[2026-04-21T06:39:24.371+0000] {logging_mixin.py:190} INFO - [2026-04-21T06:39:24.371+0000] {dag.py:4180} INFO - Setting next_dagrun for kafka_producer to 2026-04-20 18:30:00+00:00, run_after=2026-04-21 18:30:00+00:00
[2026-04-21T06:39:24.398+0000] {processor.py:208} INFO - Processing /opt/airflow/dags/kafka_load.py took 0.125 seconds
[2026-04-21T06:39:54.846+0000] {processor.py:186} INFO - Started process (PID=131) to work on /opt/airflow/dags/kafka_load.py
[2026-04-21T06:39:54.847+0000] {processor.py:914} INFO - Processing file /opt/airflow/dags/kafka_load.py for tasks to queue
[2026-04-21T06:39:54.851+0000] {logging_mixin.py:190} INFO - [2026-04-21T06:39:54.850+0000] {dagbag.py:588} INFO - Filling up the DagBag from /opt/airflow/dags/kafka_load.py
[2026-04-21T06:39:54.893+0000] {processor.py:925} INFO - DAG(s) 'kafka_producer' retrieved from /opt/airflow/dags/kafka_load.py
[2026-04-21T06:39:54.923+0000] {logging_mixin.py:190} INFO - [2026-04-21T06:39:54.923+0000] {dag.py:3239} INFO - Sync 1 DAGs
[2026-04-21T06:39:54.955+0000] {logging_mixin.py:190} INFO - [2026-04-21T06:39:54.955+0000] {dag.py:4180} INFO - Setting next_dagrun for kafka_producer to 2026-04-20 18:30:00+00:00, run_after=2026-04-21 18:30:00+00:00
[2026-04-21T06:39:54.982+0000] {processor.py:208} INFO - Processing /opt/airflow/dags/kafka_load.py took 0.144 seconds
[2026-04-21T06:40:25.615+0000] {processor.py:186} INFO - Started process (PID=134) to work on /opt/airflow/dags/kafka_load.py
[2026-04-21T06:40:25.616+0000] {processor.py:914} INFO - Processing file /opt/airflow/dags/kafka_load.py for tasks to queue
[2026-04-21T06:40:25.619+0000] {logging_mixin.py:190} INFO - [2026-04-21T06:40:25.619+0000] {dagbag.py:588} INFO - Filling up the DagBag from /opt/airflow/dags/kafka_load.py
[2026-04-21T06:40:25.651+0000] {processor.py:925} INFO - DAG(s) 'kafka_producer' retrieved from /opt/airflow/dags/kafka_load.py
[2026-04-21T06:40:25.682+0000] {logging_mixin.py:190} INFO - [2026-04-21T06:40:25.681+0000] {dag.py:3239} INFO - Sync 1 DAGs
[2026-04-21T06:40:25.717+0000] {logging_mixin.py:190} INFO - [2026-04-21T06:40:25.717+0000] {dag.py:4180} INFO - Setting next_dagrun for kafka_producer to 2026-04-20 18:30:00+00:00, run_after=2026-04-21 18:30:00+00:00
[2026-04-21T06:40:25.761+0000] {processor.py:208} INFO - Processing /opt/airflow/dags/kafka_load.py took 0.154 seconds
[2026-04-21T06:40:56.048+0000] {processor.py:186} INFO - Started process (PID=137) to work on /opt/airflow/dags/kafka_load.py
[2026-04-21T06:40:56.049+0000] {processor.py:914} INFO - Processing file /opt/airflow/dags/kafka_load.py for tasks to queue
[2026-04-21T06:40:56.053+0000] {logging_mixin.py:190} INFO - [2026-04-21T06:40:56.052+0000] {dagbag.py:588} INFO - Filling up the DagBag from /opt/airflow/dags/kafka_load.py
[2026-04-21T06:40:56.090+0000] {processor.py:925} INFO - DAG(s) 'kafka_producer' retrieved from /opt/airflow/dags/kafka_load.py
[2026-04-21T06:40:56.119+0000] {logging_mixin.py:190} INFO - [2026-04-21T06:40:56.119+0000] {dag.py:3239} INFO - Sync 1 DAGs
[2026-04-21T06:40:56.149+0000] {logging_mixin.py:190} INFO - [2026-04-21T06:40:56.149+0000] {dag.py:4180} INFO - Setting next_dagrun for kafka_producer to 2026-04-20 18:30:00+00:00, run_after=2026-04-21 18:30:00+00:00
[2026-04-21T06:40:56.175+0000] {processor.py:208} INFO - Processing /opt/airflow/dags/kafka_load.py took 0.136 seconds
[2026-04-21T06:41:26.664+0000] {processor.py:186} INFO - Started process (PID=140) to work on /opt/airflow/dags/kafka_load.py
[2026-04-21T06:41:26.666+0000] {processor.py:914} INFO - Processing file /opt/airflow/dags/kafka_load.py for tasks to queue
[2026-04-21T06:41:26.669+0000] {logging_mixin.py:190} INFO - [2026-04-21T06:41:26.669+0000] {dagbag.py:588} INFO - Filling up the DagBag from /opt/airflow/dags/kafka_load.py
[2026-04-21T06:41:26.707+0000] {processor.py:925} INFO - DAG(s) 'kafka_producer' retrieved from /opt/airflow/dags/kafka_load.py
[2026-04-21T06:41:26.737+0000] {logging_mixin.py:190} INFO - [2026-04-21T06:41:26.737+0000] {dag.py:3239} INFO - Sync 1 DAGs
[2026-04-21T06:41:26.768+0000] {logging_mixin.py:190} INFO - [2026-04-21T06:41:26.768+0000] {dag.py:4180} INFO - Setting next_dagrun for kafka_producer to 2026-04-20 18:30:00+00:00, run_after=2026-04-21 18:30:00+00:00
[2026-04-21T06:41:26.795+0000] {processor.py:208} INFO - Processing /opt/airflow/dags/kafka_load.py took 0.139 seconds
[2026-04-21T06:41:57.214+0000] {processor.py:186} INFO - Started process (PID=143) to work on /opt/airflow/dags/kafka_load.py
[2026-04-21T06:41:57.216+0000] {processor.py:914} INFO - Processing file /opt/airflow/dags/kafka_load.py for tasks to queue
[2026-04-21T06:41:57.219+0000] {logging_mixin.py:190} INFO - [2026-04-21T06:41:57.218+0000] {dagbag.py:588} INFO - Filling up the DagBag from /opt/airflow/dags/kafka_load.py
[2026-04-21T06:41:57.257+0000] {processor.py:925} INFO - DAG(s) 'kafka_producer' retrieved from /opt/airflow/dags/kafka_load.py
[2026-04-21T06:41:57.287+0000] {logging_mixin.py:190} INFO - [2026-04-21T06:41:57.286+0000] {dag.py:3239} INFO - Sync 1 DAGs
[2026-04-21T06:41:57.324+0000] {logging_mixin.py:190} INFO - [2026-04-21T06:41:57.324+0000] {dag.py:4180} INFO - Setting next_dagrun for kafka_producer to 2026-04-20 18:30:00+00:00, run_after=2026-04-21 18:30:00+00:00
[2026-04-21T06:41:57.350+0000] {processor.py:208} INFO - Processing /opt/airflow/dags/kafka_load.py took 0.144 seconds
[2026-04-21T06:42:27.814+0000] {processor.py:186} INFO - Started process (PID=146) to work on /opt/airflow/dags/kafka_load.py
[2026-04-21T06:42:27.816+0000] {processor.py:914} INFO - Processing file /opt/airflow/dags/kafka_load.py for tasks to queue
[2026-04-21T06:42:27.820+0000] {logging_mixin.py:190} INFO - [2026-04-21T06:42:27.820+0000] {dagbag.py:588} INFO - Filling up the DagBag from /opt/airflow/dags/kafka_load.py
[2026-04-21T06:42:27.855+0000] {processor.py:925} INFO - DAG(s) 'kafka_producer' retrieved from /opt/airflow/dags/kafka_load.py
[2026-04-21T06:42:27.888+0000] {logging_mixin.py:190} INFO - [2026-04-21T06:42:27.888+0000] {dag.py:3239} INFO - Sync 1 DAGs
[2026-04-21T06:42:27.922+0000] {logging_mixin.py:190} INFO - [2026-04-21T06:42:27.921+0000] {dag.py:4180} INFO - Setting next_dagrun for kafka_producer to 2026-04-20 18:30:00+00:00, run_after=2026-04-21 18:30:00+00:00
[2026-04-21T06:42:27.953+0000] {processor.py:208} INFO - Processing /opt/airflow/dags/kafka_load.py took 0.151 seconds
[2026-04-21T06:42:58.506+0000] {processor.py:186} INFO - Started process (PID=149) to work on /opt/airflow/dags/kafka_load.py
[2026-04-21T06:42:58.508+0000] {processor.py:914} INFO - Processing file /opt/airflow/dags/kafka_load.py for tasks to queue
[2026-04-21T06:42:58.511+0000] {logging_mixin.py:190} INFO - [2026-04-21T06:42:58.510+0000] {dagbag.py:588} INFO - Filling up the DagBag from /opt/airflow/dags/kafka_load.py
[2026-04-21T06:42:58.546+0000] {processor.py:925} INFO - DAG(s) 'kafka_producer' retrieved from /opt/airflow/dags/kafka_load.py
[2026-04-21T06:42:58.573+0000] {logging_mixin.py:190} INFO - [2026-04-21T06:42:58.573+0000] {dag.py:3239} INFO - Sync 1 DAGs
[2026-04-21T06:42:58.604+0000] {logging_mixin.py:190} INFO - [2026-04-21T06:42:58.604+0000] {dag.py:4180} INFO - Setting next_dagrun for kafka_producer to 2026-04-20 18:30:00+00:00, run_after=2026-04-21 18:30:00+00:00
[2026-04-21T06:42:58.630+0000] {processor.py:208} INFO - Processing /opt/airflow/dags/kafka_load.py took 0.131 seconds
[2026-04-21T06:43:29.243+0000] {processor.py:186} INFO - Started process (PID=152) to work on /opt/airflow/dags/kafka_load.py
[2026-04-21T06:43:29.244+0000] {processor.py:914} INFO - Processing file /opt/airflow/dags/kafka_load.py for tasks to queue
[2026-04-21T06:43:29.247+0000] {logging_mixin.py:190} INFO - [2026-04-21T06:43:29.247+0000] {dagbag.py:588} INFO - Filling up the DagBag from /opt/airflow/dags/kafka_load.py
[2026-04-21T06:43:29.275+0000] {processor.py:925} INFO - DAG(s) 'kafka_producer' retrieved from /opt/airflow/dags/kafka_load.py
[2026-04-21T06:43:29.300+0000] {logging_mixin.py:190} INFO - [2026-04-21T06:43:29.300+0000] {dag.py:3239} INFO - Sync 1 DAGs
[2026-04-21T06:43:29.330+0000] {logging_mixin.py:190} INFO - [2026-04-21T06:43:29.330+0000] {dag.py:4180} INFO - Setting next_dagrun for kafka_producer to 2026-04-20 18:30:00+00:00, run_after=2026-04-21 18:30:00+00:00
[2026-04-21T06:43:29.354+0000] {processor.py:208} INFO - Processing /opt/airflow/dags/kafka_load.py took 0.119 seconds
[2026-04-21T06:43:59.830+0000] {processor.py:186} INFO - Started process (PID=155) to work on /opt/airflow/dags/kafka_load.py
[2026-04-21T06:43:59.832+0000] {processor.py:914} INFO - Processing file /opt/airflow/dags/kafka_load.py for tasks to queue
[2026-04-21T06:43:59.835+0000] {logging_mixin.py:190} INFO - [2026-04-21T06:43:59.835+0000] {dagbag.py:588} INFO - Filling up the DagBag from /opt/airflow/dags/kafka_load.py
[2026-04-21T06:43:59.865+0000] {processor.py:925} INFO - DAG(s) 'kafka_producer' retrieved from /opt/airflow/dags/kafka_load.py
[2026-04-21T06:43:59.888+0000] {logging_mixin.py:190} INFO - [2026-04-21T06:43:59.888+0000] {dag.py:3239} INFO - Sync 1 DAGs
[2026-04-21T06:43:59.918+0000] {logging_mixin.py:190} INFO - [2026-04-21T06:43:59.917+0000] {dag.py:4180} INFO - Setting next_dagrun for kafka_producer to 2026-04-20 18:30:00+00:00, run_after=2026-04-21 18:30:00+00:00
[2026-04-21T06:43:59.942+0000] {processor.py:208} INFO - Processing /opt/airflow/dags/kafka_load.py took 0.123 seconds
[2026-04-21T06:44:30.520+0000] {processor.py:186} INFO - Started process (PID=158) to work on /opt/airflow/dags/kafka_load.py
[2026-04-21T06:44:30.521+0000] {processor.py:914} INFO - Processing file /opt/airflow/dags/kafka_load.py for tasks to queue
[2026-04-21T06:44:30.525+0000] {logging_mixin.py:190} INFO - [2026-04-21T06:44:30.524+0000] {dagbag.py:588} INFO - Filling up the DagBag from /opt/airflow/dags/kafka_load.py
[2026-04-21T06:44:30.559+0000] {processor.py:925} INFO - DAG(s) 'kafka_producer' retrieved from /opt/airflow/dags/kafka_load.py
[2026-04-21T06:44:30.585+0000] {logging_mixin.py:190} INFO - [2026-04-21T06:44:30.584+0000] {dag.py:3239} INFO - Sync 1 DAGs
[2026-04-21T06:44:30.622+0000] {logging_mixin.py:190} INFO - [2026-04-21T06:44:30.622+0000] {dag.py:4180} INFO - Setting next_dagrun for kafka_producer to 2026-04-20 18:30:00+00:00, run_after=2026-04-21 18:30:00+00:00
[2026-04-21T06:44:30.652+0000] {processor.py:208} INFO - Processing /opt/airflow/dags/kafka_load.py took 0.140 seconds
[2026-04-21T06:45:01.119+0000] {processor.py:186} INFO - Started process (PID=161) to work on /opt/airflow/dags/kafka_load.py
[2026-04-21T06:45:01.120+0000] {processor.py:914} INFO - Processing file /opt/airflow/dags/kafka_load.py for tasks to queue
[2026-04-21T06:45:01.124+0000] {logging_mixin.py:190} INFO - [2026-04-21T06:45:01.123+0000] {dagbag.py:588} INFO - Filling up the DagBag from /opt/airflow/dags/kafka_load.py
[2026-04-21T06:45:01.155+0000] {processor.py:925} INFO - DAG(s) 'kafka_producer' retrieved from /opt/airflow/dags/kafka_load.py
[2026-04-21T06:45:01.180+0000] {logging_mixin.py:190} INFO - [2026-04-21T06:45:01.180+0000] {dag.py:3239} INFO - Sync 1 DAGs
[2026-04-21T06:45:01.210+0000] {logging_mixin.py:190} INFO - [2026-04-21T06:45:01.209+0000] {dag.py:4180} INFO - Setting next_dagrun for kafka_producer to 2026-04-20 18:30:00+00:00, run_after=2026-04-21 18:30:00+00:00
[2026-04-21T06:45:01.264+0000] {processor.py:208} INFO - Processing /opt/airflow/dags/kafka_load.py took 0.153 seconds
[2026-04-21T06:45:31.639+0000] {processor.py:186} INFO - Started process (PID=164) to work on /opt/airflow/dags/kafka_load.py
[2026-04-21T06:45:31.641+0000] {processor.py:914} INFO - Processing file /opt/airflow/dags/kafka_load.py for tasks to queue
[2026-04-21T06:45:31.645+0000] {logging_mixin.py:190} INFO - [2026-04-21T06:45:31.644+0000] {dagbag.py:588} INFO - Filling up the DagBag from /opt/airflow/dags/kafka_load.py
[2026-04-21T06:45:31.691+0000] {processor.py:925} INFO - DAG(s) 'kafka_producer' retrieved from /opt/airflow/dags/kafka_load.py
[2026-04-21T06:45:31.744+0000] {logging_mixin.py:190} INFO - [2026-04-21T06:45:31.744+0000] {dag.py:3239} INFO - Sync 1 DAGs
[2026-04-21T06:45:31.784+0000] {logging_mixin.py:190} INFO - [2026-04-21T06:45:31.784+0000] {dag.py:4180} INFO - Setting next_dagrun for kafka_producer to 2026-04-20 18:30:00+00:00, run_after=2026-04-21 18:30:00+00:00
[2026-04-21T06:45:31.814+0000] {processor.py:208} INFO - Processing /opt/airflow/dags/kafka_load.py took 0.188 seconds
[2026-04-21T06:46:02.328+0000] {processor.py:186} INFO - Started process (PID=167) to work on /opt/airflow/dags/kafka_load.py
[2026-04-21T06:46:02.329+0000] {processor.py:914} INFO - Processing file /opt/airflow/dags/kafka_load.py for tasks to queue
[2026-04-21T06:46:02.333+0000] {logging_mixin.py:190} INFO - [2026-04-21T06:46:02.332+0000] {dagbag.py:588} INFO - Filling up the DagBag from /opt/airflow/dags/kafka_load.py
[2026-04-21T06:46:02.372+0000] {processor.py:925} INFO - DAG(s) 'kafka_producer' retrieved from /opt/airflow/dags/kafka_load.py
[2026-04-21T06:46:02.400+0000] {logging_mixin.py:190} INFO - [2026-04-21T06:46:02.400+0000] {dag.py:3239} INFO - Sync 1 DAGs
[2026-04-21T06:46:02.431+0000] {logging_mixin.py:190} INFO - [2026-04-21T06:46:02.431+0000] {dag.py:4180} INFO - Setting next_dagrun for kafka_producer to 2026-04-20 18:30:00+00:00, run_after=2026-04-21 18:30:00+00:00
[2026-04-21T06:46:02.459+0000] {processor.py:208} INFO - Processing /opt/airflow/dags/kafka_load.py took 0.139 seconds
[2026-04-21T06:46:32.964+0000] {processor.py:186} INFO - Started process (PID=170) to work on /opt/airflow/dags/kafka_load.py
[2026-04-21T06:46:32.965+0000] {processor.py:914} INFO - Processing file /opt/airflow/dags/kafka_load.py for tasks to queue
[2026-04-21T06:46:32.969+0000] {logging_mixin.py:190} INFO - [2026-04-21T06:46:32.969+0000] {dagbag.py:588} INFO - Filling up the DagBag from /opt/airflow/dags/kafka_load.py
[2026-04-21T06:46:33.005+0000] {processor.py:925} INFO - DAG(s) 'kafka_producer' retrieved from /opt/airflow/dags/kafka_load.py
[2026-04-21T06:46:33.034+0000] {logging_mixin.py:190} INFO - [2026-04-21T06:46:33.033+0000] {dag.py:3239} INFO - Sync 1 DAGs
[2026-04-21T06:46:33.078+0000] {logging_mixin.py:190} INFO - [2026-04-21T06:46:33.078+0000] {dag.py:4180} INFO - Setting next_dagrun for kafka_producer to 2026-04-20 18:30:00+00:00, run_after=2026-04-21 18:30:00+00:00
[2026-04-21T06:46:33.113+0000] {processor.py:208} INFO - Processing /opt/airflow/dags/kafka_load.py took 0.161 seconds
[2026-04-21T06:47:03.562+0000] {processor.py:186} INFO - Started process (PID=173) to work on /opt/airflow/dags/kafka_load.py
[2026-04-21T06:47:03.563+0000] {processor.py:914} INFO - Processing file /opt/airflow/dags/kafka_load.py for tasks to queue
[2026-04-21T06:47:03.567+0000] {logging_mixin.py:190} INFO - [2026-04-21T06:47:03.566+0000] {dagbag.py:588} INFO - Filling up the DagBag from /opt/airflow/dags/kafka_load.py
[2026-04-21T06:47:03.602+0000] {processor.py:925} INFO - DAG(s) 'kafka_producer' retrieved from /opt/airflow/dags/kafka_load.py
[2026-04-21T06:47:03.629+0000] {logging_mixin.py:190} INFO - [2026-04-21T06:47:03.629+0000] {dag.py:3239} INFO - Sync 1 DAGs
[2026-04-21T06:47:03.660+0000] {logging_mixin.py:190} INFO - [2026-04-21T06:47:03.660+0000] {dag.py:4180} INFO - Setting next_dagrun for kafka_producer to 2026-04-20 18:30:00+00:00, run_after=2026-04-21 18:30:00+00:00
[2026-04-21T06:47:03.688+0000] {processor.py:208} INFO - Processing /opt/airflow/dags/kafka_load.py took 0.134 seconds
[2026-04-21T06:47:34.089+0000] {processor.py:186} INFO - Started process (PID=176) to work on /opt/airflow/dags/kafka_load.py
[2026-04-21T06:47:34.090+0000] {processor.py:914} INFO - Processing file /opt/airflow/dags/kafka_load.py for tasks to queue
[2026-04-21T06:47:34.094+0000] {logging_mixin.py:190} INFO - [2026-04-21T06:47:34.094+0000] {dagbag.py:588} INFO - Filling up the DagBag from /opt/airflow/dags/kafka_load.py
[2026-04-21T06:47:34.135+0000] {processor.py:925} INFO - DAG(s) 'kafka_producer' retrieved from /opt/airflow/dags/kafka_load.py
[2026-04-21T06:47:34.164+0000] {logging_mixin.py:190} INFO - [2026-04-21T06:47:34.164+0000] {dag.py:3239} INFO - Sync 1 DAGs
[2026-04-21T06:47:34.196+0000] {logging_mixin.py:190} INFO - [2026-04-21T06:47:34.195+0000] {dag.py:4180} INFO - Setting next_dagrun for kafka_producer to 2026-04-20 18:30:00+00:00, run_after=2026-04-21 18:30:00+00:00
[2026-04-21T06:47:34.252+0000] {processor.py:208} INFO - Processing /opt/airflow/dags/kafka_load.py took 0.172 seconds
[2026-04-21T06:48:04.459+0000] {processor.py:186} INFO - Started process (PID=179) to work on /opt/airflow/dags/kafka_load.py
[2026-04-21T06:48:04.461+0000] {processor.py:914} INFO - Processing file /opt/airflow/dags/kafka_load.py for tasks to queue
[2026-04-21T06:48:04.465+0000] {logging_mixin.py:190} INFO - [2026-04-21T06:48:04.465+0000] {dagbag.py:588} INFO - Filling up the DagBag from /opt/airflow/dags/kafka_load.py
[2026-04-21T06:48:04.504+0000] {processor.py:925} INFO - DAG(s) 'kafka_producer' retrieved from /opt/airflow/dags/kafka_load.py
[2026-04-21T06:48:04.533+0000] {logging_mixin.py:190} INFO - [2026-04-21T06:48:04.533+0000] {dag.py:3239} INFO - Sync 1 DAGs
[2026-04-21T06:48:04.567+0000] {logging_mixin.py:190} INFO - [2026-04-21T06:48:04.566+0000] {dag.py:4180} INFO - Setting next_dagrun for kafka_producer to 2026-04-20 18:30:00+00:00, run_after=2026-04-21 18:30:00+00:00
[2026-04-21T06:48:04.931+0000] {processor.py:208} INFO - Processing /opt/airflow/dags/kafka_load.py took 0.481 seconds
[2026-04-21T06:48:35.219+0000] {processor.py:186} INFO - Started process (PID=182) to work on /opt/airflow/dags/kafka_load.py
[2026-04-21T06:48:35.221+0000] {processor.py:914} INFO - Processing file /opt/airflow/dags/kafka_load.py for tasks to queue
[2026-04-21T06:48:35.225+0000] {logging_mixin.py:190} INFO - [2026-04-21T06:48:35.224+0000] {dagbag.py:588} INFO - Filling up the DagBag from /opt/airflow/dags/kafka_load.py
[2026-04-21T06:48:35.267+0000] {processor.py:925} INFO - DAG(s) 'kafka_producer' retrieved from /opt/airflow/dags/kafka_load.py
[2026-04-21T06:48:35.294+0000] {logging_mixin.py:190} INFO - [2026-04-21T06:48:35.294+0000] {dag.py:3239} INFO - Sync 1 DAGs
[2026-04-21T06:48:35.326+0000] {logging_mixin.py:190} INFO - [2026-04-21T06:48:35.325+0000] {dag.py:4180} INFO - Setting next_dagrun for kafka_producer to 2026-04-20 18:30:00+00:00, run_after=2026-04-21 18:30:00+00:00
[2026-04-21T06:48:35.353+0000] {processor.py:208} INFO - Processing /opt/airflow/dags/kafka_load.py took 0.141 seconds
[2026-04-21T06:49:05.834+0000] {processor.py:186} INFO - Started process (PID=185) to work on /opt/airflow/dags/kafka_load.py
[2026-04-21T06:49:05.836+0000] {processor.py:914} INFO - Processing file /opt/airflow/dags/kafka_load.py for tasks to queue
[2026-04-21T06:49:05.839+0000] {logging_mixin.py:190} INFO - [2026-04-21T06:49:05.839+0000] {dagbag.py:588} INFO - Filling up the DagBag from /opt/airflow/dags/kafka_load.py
[2026-04-21T06:49:05.874+0000] {processor.py:925} INFO - DAG(s) 'kafka_producer' retrieved from /opt/airflow/dags/kafka_load.py
[2026-04-21T06:49:05.905+0000] {logging_mixin.py:190} INFO - [2026-04-21T06:49:05.904+0000] {dag.py:3239} INFO - Sync 1 DAGs
[2026-04-21T06:49:05.934+0000] {logging_mixin.py:190} INFO - [2026-04-21T06:49:05.934+0000] {dag.py:4180} INFO - Setting next_dagrun for kafka_producer to 2026-04-20 18:30:00+00:00, run_after=2026-04-21 18:30:00+00:00
[2026-04-21T06:49:05.959+0000] {processor.py:208} INFO - Processing /opt/airflow/dags/kafka_load.py took 0.135 seconds
[2026-04-21T06:49:36.517+0000] {processor.py:186} INFO - Started process (PID=188) to work on /opt/airflow/dags/kafka_load.py
[2026-04-21T06:49:36.518+0000] {processor.py:914} INFO - Processing file /opt/airflow/dags/kafka_load.py for tasks to queue
[2026-04-21T06:49:36.524+0000] {logging_mixin.py:190} INFO - [2026-04-21T06:49:36.522+0000] {dagbag.py:588} INFO - Filling up the DagBag from /opt/airflow/dags/kafka_load.py
[2026-04-21T06:49:36.565+0000] {processor.py:925} INFO - DAG(s) 'kafka_producer' retrieved from /opt/airflow/dags/kafka_load.py
[2026-04-21T06:49:36.595+0000] {logging_mixin.py:190} INFO - [2026-04-21T06:49:36.595+0000] {dag.py:3239} INFO - Sync 1 DAGs
[2026-04-21T06:49:36.628+0000] {logging_mixin.py:190} INFO - [2026-04-21T06:49:36.627+0000] {dag.py:4180} INFO - Setting next_dagrun for kafka_producer to 2026-04-20 18:30:00+00:00, run_after=2026-04-21 18:30:00+00:00
[2026-04-21T06:49:36.655+0000] {processor.py:208} INFO - Processing /opt/airflow/dags/kafka_load.py took 0.147 seconds
[2026-04-21T06:50:07.180+0000] {processor.py:186} INFO - Started process (PID=191) to work on /opt/airflow/dags/kafka_load.py
[2026-04-21T06:50:07.182+0000] {processor.py:914} INFO - Processing file /opt/airflow/dags/kafka_load.py for tasks to queue
[2026-04-21T06:50:07.186+0000] {logging_mixin.py:190} INFO - [2026-04-21T06:50:07.185+0000] {dagbag.py:588} INFO - Filling up the DagBag from /opt/airflow/dags/kafka_load.py
[2026-04-21T06:50:07.221+0000] {processor.py:925} INFO - DAG(s) 'kafka_producer' retrieved from /opt/airflow/dags/kafka_load.py
[2026-04-21T06:50:07.250+0000] {logging_mixin.py:190} INFO - [2026-04-21T06:50:07.250+0000] {dag.py:3239} INFO - Sync 1 DAGs
[2026-04-21T06:50:07.285+0000] {logging_mixin.py:190} INFO - [2026-04-21T06:50:07.284+0000] {dag.py:4180} INFO - Setting next_dagrun for kafka_producer to 2026-04-20 18:30:00+00:00, run_after=2026-04-21 18:30:00+00:00
[2026-04-21T06:50:07.313+0000] {processor.py:208} INFO - Processing /opt/airflow/dags/kafka_load.py took 0.141 seconds
[2026-04-21T06:50:37.744+0000] {processor.py:186} INFO - Started process (PID=194) to work on /opt/airflow/dags/kafka_load.py
[2026-04-21T06:50:37.746+0000] {processor.py:914} INFO - Processing file /opt/airflow/dags/kafka_load.py for tasks to queue
[2026-04-21T06:50:37.751+0000] {logging_mixin.py:190} INFO - [2026-04-21T06:50:37.751+0000] {dagbag.py:588} INFO - Filling up the DagBag from /opt/airflow/dags/kafka_load.py
[2026-04-21T06:50:37.785+0000] {processor.py:925} INFO - DAG(s) 'kafka_producer' retrieved from /opt/airflow/dags/kafka_load.py
[2026-04-21T06:50:37.811+0000] {logging_mixin.py:190} INFO - [2026-04-21T06:50:37.811+0000] {dag.py:3239} INFO - Sync 1 DAGs
[2026-04-21T06:50:37.844+0000] {logging_mixin.py:190} INFO - [2026-04-21T06:50:37.844+0000] {dag.py:4180} INFO - Setting next_dagrun for kafka_producer to 2026-04-20 18:30:00+00:00, run_after=2026-04-21 18:30:00+00:00
[2026-04-21T06:50:37.870+0000] {processor.py:208} INFO - Processing /opt/airflow/dags/kafka_load.py took 0.134 seconds
[2026-04-21T06:51:08.542+0000] {processor.py:186} INFO - Started process (PID=197) to work on /opt/airflow/dags/kafka_load.py
[2026-04-21T06:51:08.544+0000] {processor.py:914} INFO - Processing file /opt/airflow/dags/kafka_load.py for tasks to queue
[2026-04-21T06:51:08.548+0000] {logging_mixin.py:190} INFO - [2026-04-21T06:51:08.547+0000] {dagbag.py:588} INFO - Filling up the DagBag from /opt/airflow/dags/kafka_load.py
[2026-04-21T06:51:08.579+0000] {processor.py:925} INFO - DAG(s) 'kafka_producer' retrieved from /opt/airflow/dags/kafka_load.py
[2026-04-21T06:51:08.609+0000] {logging_mixin.py:190} INFO - [2026-04-21T06:51:08.608+0000] {dag.py:3239} INFO - Sync 1 DAGs
[2026-04-21T06:51:08.645+0000] {logging_mixin.py:190} INFO - [2026-04-21T06:51:08.644+0000] {dag.py:4180} INFO - Setting next_dagrun for kafka_producer to 2026-04-20 18:30:00+00:00, run_after=2026-04-21 18:30:00+00:00
[2026-04-21T06:51:08.668+0000] {processor.py:208} INFO - Processing /opt/airflow/dags/kafka_load.py took 0.136 seconds
[2026-04-21T06:51:39.416+0000] {processor.py:186} INFO - Started process (PID=200) to work on /opt/airflow/dags/kafka_load.py
[2026-04-21T06:51:39.417+0000] {processor.py:914} INFO - Processing file /opt/airflow/dags/kafka_load.py for tasks to queue
[2026-04-21T06:51:39.421+0000] {logging_mixin.py:190} INFO - [2026-04-21T06:51:39.420+0000] {dagbag.py:588} INFO - Filling up the DagBag from /opt/airflow/dags/kafka_load.py
[2026-04-21T06:51:39.463+0000] {processor.py:925} INFO - DAG(s) 'kafka_producer' retrieved from /opt/airflow/dags/kafka_load.py
[2026-04-21T06:51:39.533+0000] {logging_mixin.py:190} INFO - [2026-04-21T06:51:39.531+0000] {dag.py:3239} INFO - Sync 1 DAGs
[2026-04-21T06:51:39.584+0000] {logging_mixin.py:190} INFO - [2026-04-21T06:51:39.583+0000] {dag.py:4180} INFO - Setting next_dagrun for kafka_producer to 2026-04-20 18:30:00+00:00, run_after=2026-04-21 18:30:00+00:00
[2026-04-21T06:51:39.608+0000] {processor.py:208} INFO - Processing /opt/airflow/dags/kafka_load.py took 0.201 seconds
[2026-04-21T06:52:10.130+0000] {processor.py:186} INFO - Started process (PID=203) to work on /opt/airflow/dags/kafka_load.py
[2026-04-21T06:52:10.132+0000] {processor.py:914} INFO - Processing file /opt/airflow/dags/kafka_load.py for tasks to queue
[2026-04-21T06:52:10.136+0000] {logging_mixin.py:190} INFO - [2026-04-21T06:52:10.135+0000] {dagbag.py:588} INFO - Filling up the DagBag from /opt/airflow/dags/kafka_load.py
[2026-04-21T06:52:10.167+0000] {processor.py:925} INFO - DAG(s) 'kafka_producer' retrieved from /opt/airflow/dags/kafka_load.py
[2026-04-21T06:52:10.198+0000] {logging_mixin.py:190} INFO - [2026-04-21T06:52:10.197+0000] {dag.py:3239} INFO - Sync 1 DAGs
[2026-04-21T06:52:10.230+0000] {logging_mixin.py:190} INFO - [2026-04-21T06:52:10.230+0000] {dag.py:4180} INFO - Setting next_dagrun for kafka_producer to 2026-04-20 18:30:00+00:00, run_after=2026-04-21 18:30:00+00:00
[2026-04-21T06:52:10.256+0000] {processor.py:208} INFO - Processing /opt/airflow/dags/kafka_load.py took 0.137 seconds
[2026-04-21T06:52:40.545+0000] {processor.py:186} INFO - Started process (PID=206) to work on /opt/airflow/dags/kafka_load.py
[2026-04-21T06:52:40.546+0000] {processor.py:914} INFO - Processing file /opt/airflow/dags/kafka_load.py for tasks to queue
[2026-04-21T06:52:40.551+0000] {logging_mixin.py:190} INFO - [2026-04-21T06:52:40.550+0000] {dagbag.py:588} INFO - Filling up the DagBag from /opt/airflow/dags/kafka_load.py
[2026-04-21T06:52:40.580+0000] {processor.py:925} INFO - DAG(s) 'kafka_producer' retrieved from /opt/airflow/dags/kafka_load.py
[2026-04-21T06:52:40.611+0000] {logging_mixin.py:190} INFO - [2026-04-21T06:52:40.611+0000] {dag.py:3239} INFO - Sync 1 DAGs
[2026-04-21T06:52:40.645+0000] {logging_mixin.py:190} INFO - [2026-04-21T06:52:40.645+0000] {dag.py:4180} INFO - Setting next_dagrun for kafka_producer to 2026-04-20 18:30:00+00:00, run_after=2026-04-21 18:30:00+00:00
[2026-04-21T06:52:40.671+0000] {processor.py:208} INFO - Processing /opt/airflow/dags/kafka_load.py took 0.134 seconds
[2026-04-21T06:53:11.318+0000] {processor.py:186} INFO - Started process (PID=209) to work on /opt/airflow/dags/kafka_load.py
[2026-04-21T06:53:11.321+0000] {processor.py:914} INFO - Processing file /opt/airflow/dags/kafka_load.py for tasks to queue
[2026-04-21T06:53:11.327+0000] {logging_mixin.py:190} INFO - [2026-04-21T06:53:11.326+0000] {dagbag.py:588} INFO - Filling up the DagBag from /opt/airflow/dags/kafka_load.py
[2026-04-21T06:53:11.382+0000] {processor.py:925} INFO - DAG(s) 'kafka_producer' retrieved from /opt/airflow/dags/kafka_load.py
[2026-04-21T06:53:11.446+0000] {logging_mixin.py:190} INFO - [2026-04-21T06:53:11.445+0000] {dag.py:3239} INFO - Sync 1 DAGs
[2026-04-21T06:53:11.502+0000] {logging_mixin.py:190} INFO - [2026-04-21T06:53:11.502+0000] {dag.py:4180} INFO - Setting next_dagrun for kafka_producer to 2026-04-20 18:30:00+00:00, run_after=2026-04-21 18:30:00+00:00
[2026-04-21T06:53:11.601+0000] {processor.py:208} INFO - Processing /opt/airflow/dags/kafka_load.py took 0.297 seconds
[2026-04-21T06:53:42.239+0000] {processor.py:186} INFO - Started process (PID=212) to work on /opt/airflow/dags/kafka_load.py
[2026-04-21T06:53:42.240+0000] {processor.py:914} INFO - Processing file /opt/airflow/dags/kafka_load.py for tasks to queue
[2026-04-21T06:53:42.244+0000] {logging_mixin.py:190} INFO - [2026-04-21T06:53:42.243+0000] {dagbag.py:588} INFO - Filling up the DagBag from /opt/airflow/dags/kafka_load.py
[2026-04-21T06:53:42.281+0000] {processor.py:925} INFO - DAG(s) 'kafka_producer' retrieved from /opt/airflow/dags/kafka_load.py
[2026-04-21T06:53:42.318+0000] {logging_mixin.py:190} INFO - [2026-04-21T06:53:42.318+0000] {dag.py:3239} INFO - Sync 1 DAGs
[2026-04-21T06:53:42.351+0000] {logging_mixin.py:190} INFO - [2026-04-21T06:53:42.350+0000] {dag.py:4180} INFO - Setting next_dagrun for kafka_producer to 2026-04-20 18:30:00+00:00, run_after=2026-04-21 18:30:00+00:00
[2026-04-21T06:53:42.380+0000] {processor.py:208} INFO - Processing /opt/airflow/dags/kafka_load.py took 0.152 seconds
[2026-04-21T06:54:12.649+0000] {processor.py:186} INFO - Started process (PID=215) to work on /opt/airflow/dags/kafka_load.py
[2026-04-21T06:54:12.651+0000] {processor.py:914} INFO - Processing file /opt/airflow/dags/kafka_load.py for tasks to queue
[2026-04-21T06:54:12.654+0000] {logging_mixin.py:190} INFO - [2026-04-21T06:54:12.654+0000] {dagbag.py:588} INFO - Filling up the DagBag from /opt/airflow/dags/kafka_load.py
[2026-04-21T06:54:12.693+0000] {processor.py:925} INFO - DAG(s) 'kafka_producer' retrieved from /opt/airflow/dags/kafka_load.py
[2026-04-21T06:54:12.721+0000] {logging_mixin.py:190} INFO - [2026-04-21T06:54:12.721+0000] {dag.py:3239} INFO - Sync 1 DAGs
[2026-04-21T06:54:12.750+0000] {logging_mixin.py:190} INFO - [2026-04-21T06:54:12.750+0000] {dag.py:4180} INFO - Setting next_dagrun for kafka_producer to 2026-04-20 18:30:00+00:00, run_after=2026-04-21 18:30:00+00:00
[2026-04-21T06:54:12.777+0000] {processor.py:208} INFO - Processing /opt/airflow/dags/kafka_load.py took 0.136 seconds
[2026-04-21T06:54:43.378+0000] {processor.py:186} INFO - Started process (PID=218) to work on /opt/airflow/dags/kafka_load.py
[2026-04-21T06:54:43.381+0000] {processor.py:914} INFO - Processing file /opt/airflow/dags/kafka_load.py for tasks to queue
[2026-04-21T06:54:43.386+0000] {logging_mixin.py:190} INFO - [2026-04-21T06:54:43.385+0000] {dagbag.py:588} INFO - Filling up the DagBag from /opt/airflow/dags/kafka_load.py
[2026-04-21T06:54:43.417+0000] {processor.py:925} INFO - DAG(s) 'kafka_producer' retrieved from /opt/airflow/dags/kafka_load.py
[2026-04-21T06:54:43.446+0000] {logging_mixin.py:190} INFO - [2026-04-21T06:54:43.446+0000] {dag.py:3239} INFO - Sync 1 DAGs
[2026-04-21T06:54:43.476+0000] {logging_mixin.py:190} INFO - [2026-04-21T06:54:43.475+0000] {dag.py:4180} INFO - Setting next_dagrun for kafka_producer to 2026-04-20 18:30:00+00:00, run_after=2026-04-21 18:30:00+00:00
[2026-04-21T06:54:43.499+0000] {processor.py:208} INFO - Processing /opt/airflow/dags/kafka_load.py took 0.129 seconds
[2026-04-21T06:55:13.934+0000] {processor.py:186} INFO - Started process (PID=221) to work on /opt/airflow/dags/kafka_load.py
[2026-04-21T06:55:13.935+0000] {processor.py:914} INFO - Processing file /opt/airflow/dags/kafka_load.py for tasks to queue
[2026-04-21T06:55:13.939+0000] {logging_mixin.py:190} INFO - [2026-04-21T06:55:13.939+0000] {dagbag.py:588} INFO - Filling up the DagBag from /opt/airflow/dags/kafka_load.py
[2026-04-21T06:55:13.979+0000] {processor.py:925} INFO - DAG(s) 'kafka_producer' retrieved from /opt/airflow/dags/kafka_load.py
[2026-04-21T06:55:14.011+0000] {logging_mixin.py:190} INFO - [2026-04-21T06:55:14.011+0000] {dag.py:3239} INFO - Sync 1 DAGs
[2026-04-21T06:55:14.048+0000] {logging_mixin.py:190} INFO - [2026-04-21T06:55:14.048+0000] {dag.py:4180} INFO - Setting next_dagrun for kafka_producer to 2026-04-20 18:30:00+00:00, run_after=2026-04-21 18:30:00+00:00
[2026-04-21T06:55:14.075+0000] {processor.py:208} INFO - Processing /opt/airflow/dags/kafka_load.py took 0.153 seconds
[2026-04-21T06:55:44.608+0000] {processor.py:186} INFO - Started process (PID=224) to work on /opt/airflow/dags/kafka_load.py
[2026-04-21T06:55:44.610+0000] {processor.py:914} INFO - Processing file /opt/airflow/dags/kafka_load.py for tasks to queue
[2026-04-21T06:55:44.614+0000] {logging_mixin.py:190} INFO - [2026-04-21T06:55:44.614+0000] {dagbag.py:588} INFO - Filling up the DagBag from /opt/airflow/dags/kafka_load.py
[2026-04-21T06:55:44.652+0000] {processor.py:925} INFO - DAG(s) 'kafka_producer' retrieved from /opt/airflow/dags/kafka_load.py
[2026-04-21T06:55:44.680+0000] {logging_mixin.py:190} INFO - [2026-04-21T06:55:44.680+0000] {dag.py:3239} INFO - Sync 1 DAGs
[2026-04-21T06:55:44.709+0000] {logging_mixin.py:190} INFO - [2026-04-21T06:55:44.709+0000] {dag.py:4180} INFO - Setting next_dagrun for kafka_producer to 2026-04-20 18:30:00+00:00, run_after=2026-04-21 18:30:00+00:00
[2026-04-21T06:55:44.736+0000] {processor.py:208} INFO - Processing /opt/airflow/dags/kafka_load.py took 0.136 seconds
[2026-04-21T06:56:15.182+0000] {processor.py:186} INFO - Started process (PID=227) to work on /opt/airflow/dags/kafka_load.py
[2026-04-21T06:56:15.184+0000] {processor.py:914} INFO - Processing file /opt/airflow/dags/kafka_load.py for tasks to queue
[2026-04-21T06:56:15.187+0000] {logging_mixin.py:190} INFO - [2026-04-21T06:56:15.187+0000] {dagbag.py:588} INFO - Filling up the DagBag from /opt/airflow/dags/kafka_load.py
[2026-04-21T06:56:15.221+0000] {processor.py:925} INFO - DAG(s) 'kafka_producer' retrieved from /opt/airflow/dags/kafka_load.py
[2026-04-21T06:56:15.251+0000] {logging_mixin.py:190} INFO - [2026-04-21T06:56:15.251+0000] {dag.py:3239} INFO - Sync 1 DAGs
[2026-04-21T06:56:15.282+0000] {logging_mixin.py:190} INFO - [2026-04-21T06:56:15.282+0000] {dag.py:4180} INFO - Setting next_dagrun for kafka_producer to 2026-04-20 18:30:00+00:00, run_after=2026-04-21 18:30:00+00:00
[2026-04-21T06:56:15.310+0000] {processor.py:208} INFO - Processing /opt/airflow/dags/kafka_load.py took 0.138 seconds
[2026-04-21T06:56:45.817+0000] {processor.py:186} INFO - Started process (PID=230) to work on /opt/airflow/dags/kafka_load.py
[2026-04-21T06:56:45.819+0000] {processor.py:914} INFO - Processing file /opt/airflow/dags/kafka_load.py for tasks to queue
[2026-04-21T06:56:45.826+0000] {logging_mixin.py:190} INFO - [2026-04-21T06:56:45.826+0000] {dagbag.py:588} INFO - Filling up the DagBag from /opt/airflow/dags/kafka_load.py
[2026-04-21T06:56:45.864+0000] {processor.py:925} INFO - DAG(s) 'kafka_producer' retrieved from /opt/airflow/dags/kafka_load.py
[2026-04-21T06:56:45.892+0000] {logging_mixin.py:190} INFO - [2026-04-21T06:56:45.891+0000] {dag.py:3239} INFO - Sync 1 DAGs
[2026-04-21T06:56:45.933+0000] {logging_mixin.py:190} INFO - [2026-04-21T06:56:45.932+0000] {dag.py:4180} INFO - Setting next_dagrun for kafka_producer to 2026-04-20 18:30:00+00:00, run_after=2026-04-21 18:30:00+00:00
[2026-04-21T06:56:45.964+0000] {processor.py:208} INFO - Processing /opt/airflow/dags/kafka_load.py took 0.158 seconds
[2026-04-21T06:57:16.430+0000] {processor.py:186} INFO - Started process (PID=233) to work on /opt/airflow/dags/kafka_load.py
[2026-04-21T06:57:16.431+0000] {processor.py:914} INFO - Processing file /opt/airflow/dags/kafka_load.py for tasks to queue
[2026-04-21T06:57:16.435+0000] {logging_mixin.py:190} INFO - [2026-04-21T06:57:16.434+0000] {dagbag.py:588} INFO - Filling up the DagBag from /opt/airflow/dags/kafka_load.py
[2026-04-21T06:57:16.472+0000] {processor.py:925} INFO - DAG(s) 'kafka_producer' retrieved from /opt/airflow/dags/kafka_load.py
[2026-04-21T06:57:16.499+0000] {logging_mixin.py:190} INFO - [2026-04-21T06:57:16.498+0000] {dag.py:3239} INFO - Sync 1 DAGs
[2026-04-21T06:57:16.532+0000] {logging_mixin.py:190} INFO - [2026-04-21T06:57:16.532+0000] {dag.py:4180} INFO - Setting next_dagrun for kafka_producer to 2026-04-20 18:30:00+00:00, run_after=2026-04-21 18:30:00+00:00
[2026-04-21T06:57:16.558+0000] {processor.py:208} INFO - Processing /opt/airflow/dags/kafka_load.py took 0.137 seconds
[2026-04-21T06:57:47.145+0000] {processor.py:186} INFO - Started process (PID=236) to work on /opt/airflow/dags/kafka_load.py
[2026-04-21T06:57:47.146+0000] {processor.py:914} INFO - Processing file /opt/airflow/dags/kafka_load.py for tasks to queue
[2026-04-21T06:57:47.150+0000] {logging_mixin.py:190} INFO - [2026-04-21T06:57:47.150+0000] {dagbag.py:588} INFO - Filling up the DagBag from /opt/airflow/dags/kafka_load.py
[2026-04-21T06:57:47.187+0000] {processor.py:925} INFO - DAG(s) 'kafka_producer' retrieved from /opt/airflow/dags/kafka_load.py
[2026-04-21T06:57:47.224+0000] {logging_mixin.py:190} INFO - [2026-04-21T06:57:47.223+0000] {dag.py:3239} INFO - Sync 1 DAGs
[2026-04-21T06:57:47.257+0000] {logging_mixin.py:190} INFO - [2026-04-21T06:57:47.256+0000] {dag.py:4180} INFO - Setting next_dagrun for kafka_producer to 2026-04-20 18:30:00+00:00, run_after=2026-04-21 18:30:00+00:00
[2026-04-21T06:57:47.283+0000] {processor.py:208} INFO - Processing /opt/airflow/dags/kafka_load.py took 0.150 seconds
[2026-04-21T06:58:18.156+0000] {processor.py:186} INFO - Started process (PID=239) to work on /opt/airflow/dags/kafka_load.py
[2026-04-21T06:58:18.158+0000] {processor.py:914} INFO - Processing file /opt/airflow/dags/kafka_load.py for tasks to queue
[2026-04-21T06:58:18.161+0000] {logging_mixin.py:190} INFO - [2026-04-21T06:58:18.161+0000] {dagbag.py:588} INFO - Filling up the DagBag from /opt/airflow/dags/kafka_load.py
[2026-04-21T06:58:18.205+0000] {processor.py:925} INFO - DAG(s) 'kafka_producer' retrieved from /opt/airflow/dags/kafka_load.py
[2026-04-21T06:58:18.249+0000] {logging_mixin.py:190} INFO - [2026-04-21T06:58:18.248+0000] {dag.py:3239} INFO - Sync 1 DAGs
[2026-04-21T06:58:18.294+0000] {logging_mixin.py:190} INFO - [2026-04-21T06:58:18.293+0000] {dag.py:4180} INFO - Setting next_dagrun for kafka_producer to 2026-04-20 18:30:00+00:00, run_after=2026-04-21 18:30:00+00:00
[2026-04-21T06:58:19.634+0000] {processor.py:208} INFO - Processing /opt/airflow/dags/kafka_load.py took 1.489 seconds
[2026-04-21T06:58:50.356+0000] {processor.py:186} INFO - Started process (PID=242) to work on /opt/airflow/dags/kafka_load.py
[2026-04-21T06:58:50.358+0000] {processor.py:914} INFO - Processing file /opt/airflow/dags/kafka_load.py for tasks to queue
[2026-04-21T06:58:50.362+0000] {logging_mixin.py:190} INFO - [2026-04-21T06:58:50.361+0000] {dagbag.py:588} INFO - Filling up the DagBag from /opt/airflow/dags/kafka_load.py
[2026-04-21T06:58:50.403+0000] {processor.py:925} INFO - DAG(s) 'kafka_producer' retrieved from /opt/airflow/dags/kafka_load.py
[2026-04-21T06:58:50.431+0000] {logging_mixin.py:190} INFO - [2026-04-21T06:58:50.431+0000] {dag.py:3239} INFO - Sync 1 DAGs
[2026-04-21T06:58:50.463+0000] {logging_mixin.py:190} INFO - [2026-04-21T06:58:50.463+0000] {dag.py:4180} INFO - Setting next_dagrun for kafka_producer to 2026-04-20 18:30:00+00:00, run_after=2026-04-21 18:30:00+00:00
[2026-04-21T06:58:50.493+0000] {processor.py:208} INFO - Processing /opt/airflow/dags/kafka_load.py took 0.145 seconds
[2026-04-21T06:59:21.056+0000] {processor.py:186} INFO - Started process (PID=245) to work on /opt/airflow/dags/kafka_load.py
[2026-04-21T06:59:21.062+0000] {processor.py:914} INFO - Processing file /opt/airflow/dags/kafka_load.py for tasks to queue
[2026-04-21T06:59:21.066+0000] {logging_mixin.py:190} INFO - [2026-04-21T06:59:21.065+0000] {dagbag.py:588} INFO - Filling up the DagBag from /opt/airflow/dags/kafka_load.py
[2026-04-21T06:59:21.094+0000] {processor.py:925} INFO - DAG(s) 'kafka_producer' retrieved from /opt/airflow/dags/kafka_load.py
[2026-04-21T06:59:21.126+0000] {logging_mixin.py:190} INFO - [2026-04-21T06:59:21.126+0000] {dag.py:3239} INFO - Sync 1 DAGs
[2026-04-21T06:59:21.155+0000] {logging_mixin.py:190} INFO - [2026-04-21T06:59:21.155+0000] {dag.py:4180} INFO - Setting next_dagrun for kafka_producer to 2026-04-20 18:30:00+00:00, run_after=2026-04-21 18:30:00+00:00
[2026-04-21T06:59:21.180+0000] {processor.py:208} INFO - Processing /opt/airflow/dags/kafka_load.py took 0.139 seconds
[2026-04-21T06:59:51.795+0000] {processor.py:186} INFO - Started process (PID=248) to work on /opt/airflow/dags/kafka_load.py
[2026-04-21T06:59:51.796+0000] {processor.py:914} INFO - Processing file /opt/airflow/dags/kafka_load.py for tasks to queue
[2026-04-21T06:59:51.801+0000] {logging_mixin.py:190} INFO - [2026-04-21T06:59:51.800+0000] {dagbag.py:588} INFO - Filling up the DagBag from /opt/airflow/dags/kafka_load.py
[2026-04-21T06:59:51.838+0000] {processor.py:925} INFO - DAG(s) 'kafka_producer' retrieved from /opt/airflow/dags/kafka_load.py
[2026-04-21T06:59:51.873+0000] {logging_mixin.py:190} INFO - [2026-04-21T06:59:51.873+0000] {dag.py:3239} INFO - Sync 1 DAGs
[2026-04-21T06:59:51.911+0000] {logging_mixin.py:190} INFO - [2026-04-21T06:59:51.910+0000] {dag.py:4180} INFO - Setting next_dagrun for kafka_producer to 2026-04-20 18:30:00+00:00, run_after=2026-04-21 18:30:00+00:00
[2026-04-21T06:59:51.939+0000] {processor.py:208} INFO - Processing /opt/airflow/dags/kafka_load.py took 0.155 seconds
[2026-04-21T07:00:22.422+0000] {processor.py:186} INFO - Started process (PID=251) to work on /opt/airflow/dags/kafka_load.py
[2026-04-21T07:00:22.424+0000] {processor.py:914} INFO - Processing file /opt/airflow/dags/kafka_load.py for tasks to queue
[2026-04-21T07:00:22.437+0000] {logging_mixin.py:190} INFO - [2026-04-21T07:00:22.436+0000] {dagbag.py:588} INFO - Filling up the DagBag from /opt/airflow/dags/kafka_load.py
[2026-04-21T07:00:22.489+0000] {processor.py:925} INFO - DAG(s) 'kafka_producer' retrieved from /opt/airflow/dags/kafka_load.py
[2026-04-21T07:00:22.522+0000] {logging_mixin.py:190} INFO - [2026-04-21T07:00:22.522+0000] {dag.py:3239} INFO - Sync 1 DAGs
[2026-04-21T07:00:22.560+0000] {logging_mixin.py:190} INFO - [2026-04-21T07:00:22.560+0000] {dag.py:4180} INFO - Setting next_dagrun for kafka_producer to 2026-04-20 18:30:00+00:00, run_after=2026-04-21 18:30:00+00:00
[2026-04-21T07:00:22.588+0000] {processor.py:208} INFO - Processing /opt/airflow/dags/kafka_load.py took 0.176 seconds
[2026-04-21T07:00:52.994+0000] {processor.py:186} INFO - Started process (PID=254) to work on /opt/airflow/dags/kafka_load.py
[2026-04-21T07:00:52.995+0000] {processor.py:914} INFO - Processing file /opt/airflow/dags/kafka_load.py for tasks to queue
[2026-04-21T07:00:52.998+0000] {logging_mixin.py:190} INFO - [2026-04-21T07:00:52.998+0000] {dagbag.py:588} INFO - Filling up the DagBag from /opt/airflow/dags/kafka_load.py
[2026-04-21T07:00:53.036+0000] {processor.py:925} INFO - DAG(s) 'kafka_producer' retrieved from /opt/airflow/dags/kafka_load.py
[2026-04-21T07:00:53.065+0000] {logging_mixin.py:190} INFO - [2026-04-21T07:00:53.065+0000] {dag.py:3239} INFO - Sync 1 DAGs
[2026-04-21T07:00:53.097+0000] {logging_mixin.py:190} INFO - [2026-04-21T07:00:53.097+0000] {dag.py:4180} INFO - Setting next_dagrun for kafka_producer to 2026-04-20 18:30:00+00:00, run_after=2026-04-21 18:30:00+00:00
[2026-04-21T07:00:53.123+0000] {processor.py:208} INFO - Processing /opt/airflow/dags/kafka_load.py took 0.141 seconds
[2026-04-21T07:01:23.582+0000] {processor.py:186} INFO - Started process (PID=257) to work on /opt/airflow/dags/kafka_load.py
[2026-04-21T07:01:23.584+0000] {processor.py:914} INFO - Processing file /opt/airflow/dags/kafka_load.py for tasks to queue
[2026-04-21T07:01:23.588+0000] {logging_mixin.py:190} INFO - [2026-04-21T07:01:23.587+0000] {dagbag.py:588} INFO - Filling up the DagBag from /opt/airflow/dags/kafka_load.py
[2026-04-21T07:01:23.629+0000] {processor.py:925} INFO - DAG(s) 'kafka_producer' retrieved from /opt/airflow/dags/kafka_load.py
[2026-04-21T07:01:23.667+0000] {logging_mixin.py:190} INFO - [2026-04-21T07:01:23.666+0000] {dag.py:3239} INFO - Sync 1 DAGs
[2026-04-21T07:01:23.709+0000] {logging_mixin.py:190} INFO - [2026-04-21T07:01:23.709+0000] {dag.py:4180} INFO - Setting next_dagrun for kafka_producer to 2026-04-20 18:30:00+00:00, run_after=2026-04-21 18:30:00+00:00
[2026-04-21T07:01:23.735+0000] {processor.py:208} INFO - Processing /opt/airflow/dags/kafka_load.py took 0.162 seconds
[2026-04-21T07:01:54.237+0000] {processor.py:186} INFO - Started process (PID=260) to work on /opt/airflow/dags/kafka_load.py
[2026-04-21T07:01:54.240+0000] {processor.py:914} INFO - Processing file /opt/airflow/dags/kafka_load.py for tasks to queue
[2026-04-21T07:01:54.245+0000] {logging_mixin.py:190} INFO - [2026-04-21T07:01:54.244+0000] {dagbag.py:588} INFO - Filling up the DagBag from /opt/airflow/dags/kafka_load.py
[2026-04-21T07:01:54.281+0000] {processor.py:925} INFO - DAG(s) 'kafka_producer' retrieved from /opt/airflow/dags/kafka_load.py
[2026-04-21T07:01:54.315+0000] {logging_mixin.py:190} INFO - [2026-04-21T07:01:54.314+0000] {dag.py:3239} INFO - Sync 1 DAGs
[2026-04-21T07:01:54.354+0000] {logging_mixin.py:190} INFO - [2026-04-21T07:01:54.354+0000] {dag.py:4180} INFO - Setting next_dagrun for kafka_producer to 2026-04-20 18:30:00+00:00, run_after=2026-04-21 18:30:00+00:00
[2026-04-21T07:01:54.379+0000] {processor.py:208} INFO - Processing /opt/airflow/dags/kafka_load.py took 0.151 seconds
[2026-04-21T07:02:24.799+0000] {processor.py:186} INFO - Started process (PID=263) to work on /opt/airflow/dags/kafka_load.py
[2026-04-21T07:02:24.801+0000] {processor.py:914} INFO - Processing file /opt/airflow/dags/kafka_load.py for tasks to queue
[2026-04-21T07:02:24.805+0000] {logging_mixin.py:190} INFO - [2026-04-21T07:02:24.804+0000] {dagbag.py:588} INFO - Filling up the DagBag from /opt/airflow/dags/kafka_load.py
[2026-04-21T07:02:24.837+0000] {processor.py:925} INFO - DAG(s) 'kafka_producer' retrieved from /opt/airflow/dags/kafka_load.py
[2026-04-21T07:02:24.868+0000] {logging_mixin.py:190} INFO - [2026-04-21T07:02:24.867+0000] {dag.py:3239} INFO - Sync 1 DAGs
[2026-04-21T07:02:24.910+0000] {logging_mixin.py:190} INFO - [2026-04-21T07:02:24.910+0000] {dag.py:4180} INFO - Setting next_dagrun for kafka_producer to 2026-04-20 18:30:00+00:00, run_after=2026-04-21 18:30:00+00:00
[2026-04-21T07:02:24.938+0000] {processor.py:208} INFO - Processing /opt/airflow/dags/kafka_load.py took 0.149 seconds
[2026-04-21T07:02:55.498+0000] {processor.py:186} INFO - Started process (PID=266) to work on /opt/airflow/dags/kafka_load.py
[2026-04-21T07:02:55.501+0000] {processor.py:914} INFO - Processing file /opt/airflow/dags/kafka_load.py for tasks to queue
[2026-04-21T07:02:55.506+0000] {logging_mixin.py:190} INFO - [2026-04-21T07:02:55.506+0000] {dagbag.py:588} INFO - Filling up the DagBag from /opt/airflow/dags/kafka_load.py
[2026-04-21T07:02:55.560+0000] {processor.py:925} INFO - DAG(s) 'kafka_producer' retrieved from /opt/airflow/dags/kafka_load.py
[2026-04-21T07:02:55.594+0000] {logging_mixin.py:190} INFO - [2026-04-21T07:02:55.594+0000] {dag.py:3239} INFO - Sync 1 DAGs
[2026-04-21T07:02:55.633+0000] {logging_mixin.py:190} INFO - [2026-04-21T07:02:55.632+0000] {dag.py:4180} INFO - Setting next_dagrun for kafka_producer to 2026-04-20 18:30:00+00:00, run_after=2026-04-21 18:30:00+00:00
[2026-04-21T07:02:55.662+0000] {processor.py:208} INFO - Processing /opt/airflow/dags/kafka_load.py took 0.175 seconds
[2026-04-21T07:03:26.069+0000] {processor.py:186} INFO - Started process (PID=269) to work on /opt/airflow/dags/kafka_load.py
[2026-04-21T07:03:26.071+0000] {processor.py:914} INFO - Processing file /opt/airflow/dags/kafka_load.py for tasks to queue
[2026-04-21T07:03:26.074+0000] {logging_mixin.py:190} INFO - [2026-04-21T07:03:26.074+0000] {dagbag.py:588} INFO - Filling up the DagBag from /opt/airflow/dags/kafka_load.py
[2026-04-21T07:03:26.111+0000] {processor.py:925} INFO - DAG(s) 'kafka_producer' retrieved from /opt/airflow/dags/kafka_load.py
[2026-04-21T07:03:26.138+0000] {logging_mixin.py:190} INFO - [2026-04-21T07:03:26.138+0000] {dag.py:3239} INFO - Sync 1 DAGs
[2026-04-21T07:03:26.172+0000] {logging_mixin.py:190} INFO - [2026-04-21T07:03:26.172+0000] {dag.py:4180} INFO - Setting next_dagrun for kafka_producer to 2026-04-20 18:30:00+00:00, run_after=2026-04-21 18:30:00+00:00
[2026-04-21T07:03:26.199+0000] {processor.py:208} INFO - Processing /opt/airflow/dags/kafka_load.py took 0.138 seconds
[2026-04-21T07:03:37.314+0000] {processor.py:186} INFO - Started process (PID=270) to work on /opt/airflow/dags/kafka_load.py
[2026-04-21T07:03:37.316+0000] {processor.py:914} INFO - Processing file /opt/airflow/dags/kafka_load.py for tasks to queue
[2026-04-21T07:03:37.320+0000] {logging_mixin.py:190} INFO - [2026-04-21T07:03:37.319+0000] {dagbag.py:588} INFO - Filling up the DagBag from /opt/airflow/dags/kafka_load.py
[2026-04-21T07:03:37.369+0000] {processor.py:925} INFO - DAG(s) 'kafka_producer' retrieved from /opt/airflow/dags/kafka_load.py
[2026-04-21T07:03:37.397+0000] {logging_mixin.py:190} INFO - [2026-04-21T07:03:37.397+0000] {dag.py:3239} INFO - Sync 1 DAGs
[2026-04-21T07:03:37.428+0000] {logging_mixin.py:190} INFO - [2026-04-21T07:03:37.428+0000] {dag.py:4180} INFO - Setting next_dagrun for kafka_producer to 2026-04-20 18:30:00+00:00, run_after=2026-04-21 18:30:00+00:00
[2026-04-21T07:03:37.458+0000] {processor.py:208} INFO - Processing /opt/airflow/dags/kafka_load.py took 0.153 seconds
[2026-04-21T07:03:56.794+0000] {processor.py:186} INFO - Started process (PID=273) to work on /opt/airflow/dags/kafka_load.py
[2026-04-21T07:03:56.797+0000] {processor.py:914} INFO - Processing file /opt/airflow/dags/kafka_load.py for tasks to queue
[2026-04-21T07:03:56.800+0000] {logging_mixin.py:190} INFO - [2026-04-21T07:03:56.800+0000] {dagbag.py:588} INFO - Filling up the DagBag from /opt/airflow/dags/kafka_load.py
[2026-04-21T07:03:56.847+0000] {processor.py:925} INFO - DAG(s) 'kafka_producer' retrieved from /opt/airflow/dags/kafka_load.py
[2026-04-21T07:03:56.880+0000] {logging_mixin.py:190} INFO - [2026-04-21T07:03:56.880+0000] {dag.py:3239} INFO - Sync 1 DAGs
[2026-04-21T07:03:56.917+0000] {logging_mixin.py:190} INFO - [2026-04-21T07:03:56.916+0000] {dag.py:4180} INFO - Setting next_dagrun for kafka_producer to 2026-04-20 18:30:00+00:00, run_after=2026-04-21 18:30:00+00:00
[2026-04-21T07:03:56.945+0000] {processor.py:208} INFO - Processing /opt/airflow/dags/kafka_load.py took 0.163 seconds
[2026-04-21T07:04:27.939+0000] {processor.py:186} INFO - Started process (PID=276) to work on /opt/airflow/dags/kafka_load.py
[2026-04-21T07:04:27.941+0000] {processor.py:914} INFO - Processing file /opt/airflow/dags/kafka_load.py for tasks to queue
[2026-04-21T07:04:27.945+0000] {logging_mixin.py:190} INFO - [2026-04-21T07:04:27.944+0000] {dagbag.py:588} INFO - Filling up the DagBag from /opt/airflow/dags/kafka_load.py
[2026-04-21T07:04:27.998+0000] {processor.py:925} INFO - DAG(s) 'kafka_producer' retrieved from /opt/airflow/dags/kafka_load.py
[2026-04-21T07:04:28.062+0000] {logging_mixin.py:190} INFO - [2026-04-21T07:04:28.061+0000] {dag.py:3239} INFO - Sync 1 DAGs
[2026-04-21T07:04:28.123+0000] {logging_mixin.py:190} INFO - [2026-04-21T07:04:28.123+0000] {dag.py:4180} INFO - Setting next_dagrun for kafka_producer to 2026-04-20 18:30:00+00:00, run_after=2026-04-21 18:30:00+00:00
[2026-04-21T07:04:28.165+0000] {processor.py:208} INFO - Processing /opt/airflow/dags/kafka_load.py took 0.242 seconds
[2026-04-21T07:04:58.659+0000] {processor.py:186} INFO - Started process (PID=279) to work on /opt/airflow/dags/kafka_load.py
[2026-04-21T07:04:58.661+0000] {processor.py:914} INFO - Processing file /opt/airflow/dags/kafka_load.py for tasks to queue
[2026-04-21T07:04:58.665+0000] {logging_mixin.py:190} INFO - [2026-04-21T07:04:58.665+0000] {dagbag.py:588} INFO - Filling up the DagBag from /opt/airflow/dags/kafka_load.py
[2026-04-21T07:04:58.705+0000] {processor.py:925} INFO - DAG(s) 'kafka_producer' retrieved from /opt/airflow/dags/kafka_load.py
[2026-04-21T07:04:58.731+0000] {logging_mixin.py:190} INFO - [2026-04-21T07:04:58.730+0000] {dag.py:3239} INFO - Sync 1 DAGs
[2026-04-21T07:04:58.763+0000] {logging_mixin.py:190} INFO - [2026-04-21T07:04:58.763+0000] {dag.py:4180} INFO - Setting next_dagrun for kafka_producer to 2026-04-20 18:30:00+00:00, run_after=2026-04-21 18:30:00+00:00
[2026-04-21T07:04:58.791+0000] {processor.py:208} INFO - Processing /opt/airflow/dags/kafka_load.py took 0.145 seconds
[2026-04-21T07:05:29.188+0000] {processor.py:186} INFO - Started process (PID=282) to work on /opt/airflow/dags/kafka_load.py
[2026-04-21T07:05:29.190+0000] {processor.py:914} INFO - Processing file /opt/airflow/dags/kafka_load.py for tasks to queue
[2026-04-21T07:05:29.193+0000] {logging_mixin.py:190} INFO - [2026-04-21T07:05:29.193+0000] {dagbag.py:588} INFO - Filling up the DagBag from /opt/airflow/dags/kafka_load.py
[2026-04-21T07:05:29.226+0000] {processor.py:925} INFO - DAG(s) 'kafka_producer' retrieved from /opt/airflow/dags/kafka_load.py
[2026-04-21T07:05:29.253+0000] {logging_mixin.py:190} INFO - [2026-04-21T07:05:29.253+0000] {dag.py:3239} INFO - Sync 1 DAGs
[2026-04-21T07:05:29.284+0000] {logging_mixin.py:190} INFO - [2026-04-21T07:05:29.284+0000] {dag.py:4180} INFO - Setting next_dagrun for kafka_producer to 2026-04-20 18:30:00+00:00, run_after=2026-04-21 18:30:00+00:00
[2026-04-21T07:05:29.309+0000] {processor.py:208} INFO - Processing /opt/airflow/dags/kafka_load.py took 0.131 seconds
[2026-04-21T07:05:59.579+0000] {processor.py:186} INFO - Started process (PID=285) to work on /opt/airflow/dags/kafka_load.py
[2026-04-21T07:05:59.582+0000] {processor.py:914} INFO - Processing file /opt/airflow/dags/kafka_load.py for tasks to queue
[2026-04-21T07:05:59.586+0000] {logging_mixin.py:190} INFO - [2026-04-21T07:05:59.585+0000] {dagbag.py:588} INFO - Filling up the DagBag from /opt/airflow/dags/kafka_load.py
[2026-04-21T07:05:59.620+0000] {processor.py:925} INFO - DAG(s) 'kafka_producer' retrieved from /opt/airflow/dags/kafka_load.py
[2026-04-21T07:05:59.650+0000] {logging_mixin.py:190} INFO - [2026-04-21T07:05:59.650+0000] {dag.py:3239} INFO - Sync 1 DAGs
[2026-04-21T07:05:59.681+0000] {logging_mixin.py:190} INFO - [2026-04-21T07:05:59.681+0000] {dag.py:4180} INFO - Setting next_dagrun for kafka_producer to 2026-04-20 18:30:00+00:00, run_after=2026-04-21 18:30:00+00:00
[2026-04-21T07:05:59.705+0000] {processor.py:208} INFO - Processing /opt/airflow/dags/kafka_load.py took 0.135 seconds
[2026-04-21T07:06:30.291+0000] {processor.py:186} INFO - Started process (PID=288) to work on /opt/airflow/dags/kafka_load.py
[2026-04-21T07:06:30.297+0000] {processor.py:914} INFO - Processing file /opt/airflow/dags/kafka_load.py for tasks to queue
[2026-04-21T07:06:30.326+0000] {logging_mixin.py:190} INFO - [2026-04-21T07:06:30.309+0000] {dagbag.py:588} INFO - Filling up the DagBag from /opt/airflow/dags/kafka_load.py
[2026-04-21T07:06:30.448+0000] {processor.py:925} INFO - DAG(s) 'kafka_producer' retrieved from /opt/airflow/dags/kafka_load.py
[2026-04-21T07:06:30.500+0000] {logging_mixin.py:190} INFO - [2026-04-21T07:06:30.499+0000] {dag.py:3239} INFO - Sync 1 DAGs
[2026-04-21T07:06:30.530+0000] {logging_mixin.py:190} INFO - [2026-04-21T07:06:30.530+0000] {dag.py:4180} INFO - Setting next_dagrun for kafka_producer to 2026-04-20 18:30:00+00:00, run_after=2026-04-21 18:30:00+00:00
[2026-04-21T07:06:30.554+0000] {processor.py:208} INFO - Processing /opt/airflow/dags/kafka_load.py took 0.293 seconds
[2026-04-21T07:07:01.054+0000] {processor.py:186} INFO - Started process (PID=291) to work on /opt/airflow/dags/kafka_load.py
[2026-04-21T07:07:01.056+0000] {processor.py:914} INFO - Processing file /opt/airflow/dags/kafka_load.py for tasks to queue
[2026-04-21T07:07:01.060+0000] {logging_mixin.py:190} INFO - [2026-04-21T07:07:01.059+0000] {dagbag.py:588} INFO - Filling up the DagBag from /opt/airflow/dags/kafka_load.py
[2026-04-21T07:07:01.101+0000] {processor.py:925} INFO - DAG(s) 'kafka_producer' retrieved from /opt/airflow/dags/kafka_load.py
[2026-04-21T07:07:01.131+0000] {logging_mixin.py:190} INFO - [2026-04-21T07:07:01.131+0000] {dag.py:3239} INFO - Sync 1 DAGs
[2026-04-21T07:07:01.169+0000] {logging_mixin.py:190} INFO - [2026-04-21T07:07:01.169+0000] {dag.py:4180} INFO - Setting next_dagrun for kafka_producer to 2026-04-20 18:30:00+00:00, run_after=2026-04-21 18:30:00+00:00
[2026-04-21T07:07:01.199+0000] {processor.py:208} INFO - Processing /opt/airflow/dags/kafka_load.py took 0.157 seconds
[2026-04-21T07:07:31.407+0000] {processor.py:186} INFO - Started process (PID=294) to work on /opt/airflow/dags/kafka_load.py
[2026-04-21T07:07:31.409+0000] {processor.py:914} INFO - Processing file /opt/airflow/dags/kafka_load.py for tasks to queue
[2026-04-21T07:07:31.413+0000] {logging_mixin.py:190} INFO - [2026-04-21T07:07:31.412+0000] {dagbag.py:588} INFO - Filling up the DagBag from /opt/airflow/dags/kafka_load.py
[2026-04-21T07:07:31.450+0000] {processor.py:925} INFO - DAG(s) 'kafka_producer' retrieved from /opt/airflow/dags/kafka_load.py
[2026-04-21T07:07:31.477+0000] {logging_mixin.py:190} INFO - [2026-04-21T07:07:31.476+0000] {dag.py:3239} INFO - Sync 1 DAGs
[2026-04-21T07:07:31.506+0000] {logging_mixin.py:190} INFO - [2026-04-21T07:07:31.506+0000] {dag.py:4180} INFO - Setting next_dagrun for kafka_producer to 2026-04-20 18:30:00+00:00, run_after=2026-04-21 18:30:00+00:00
[2026-04-21T07:07:31.533+0000] {processor.py:208} INFO - Processing /opt/airflow/dags/kafka_load.py took 0.135 seconds
[2026-04-21T07:08:02.111+0000] {processor.py:186} INFO - Started process (PID=297) to work on /opt/airflow/dags/kafka_load.py
[2026-04-21T07:08:02.113+0000] {processor.py:914} INFO - Processing file /opt/airflow/dags/kafka_load.py for tasks to queue
[2026-04-21T07:08:02.118+0000] {logging_mixin.py:190} INFO - [2026-04-21T07:08:02.117+0000] {dagbag.py:588} INFO - Filling up the DagBag from /opt/airflow/dags/kafka_load.py
[2026-04-21T07:08:02.162+0000] {processor.py:925} INFO - DAG(s) 'kafka_producer' retrieved from /opt/airflow/dags/kafka_load.py
[2026-04-21T07:08:02.189+0000] {logging_mixin.py:190} INFO - [2026-04-21T07:08:02.189+0000] {dag.py:3239} INFO - Sync 1 DAGs
[2026-04-21T07:08:02.225+0000] {logging_mixin.py:190} INFO - [2026-04-21T07:08:02.224+0000] {dag.py:4180} INFO - Setting next_dagrun for kafka_producer to 2026-04-20 18:30:00+00:00, run_after=2026-04-21 18:30:00+00:00
[2026-04-21T07:08:02.249+0000] {processor.py:208} INFO - Processing /opt/airflow/dags/kafka_load.py took 0.149 seconds
[2026-04-21T07:08:32.736+0000] {processor.py:186} INFO - Started process (PID=300) to work on /opt/airflow/dags/kafka_load.py
[2026-04-21T07:08:32.738+0000] {processor.py:914} INFO - Processing file /opt/airflow/dags/kafka_load.py for tasks to queue
[2026-04-21T07:08:32.742+0000] {logging_mixin.py:190} INFO - [2026-04-21T07:08:32.741+0000] {dagbag.py:588} INFO - Filling up the DagBag from /opt/airflow/dags/kafka_load.py
[2026-04-21T07:08:32.794+0000] {processor.py:925} INFO - DAG(s) 'kafka_producer' retrieved from /opt/airflow/dags/kafka_load.py
[2026-04-21T07:08:32.864+0000] {logging_mixin.py:190} INFO - [2026-04-21T07:08:32.863+0000] {dag.py:3239} INFO - Sync 1 DAGs
[2026-04-21T07:08:32.954+0000] {logging_mixin.py:190} INFO - [2026-04-21T07:08:32.954+0000] {dag.py:4180} INFO - Setting next_dagrun for kafka_producer to 2026-04-20 18:30:00+00:00, run_after=2026-04-21 18:30:00+00:00
[2026-04-21T07:08:33.010+0000] {processor.py:208} INFO - Processing /opt/airflow/dags/kafka_load.py took 0.283 seconds
[2026-04-21T07:09:03.528+0000] {processor.py:186} INFO - Started process (PID=303) to work on /opt/airflow/dags/kafka_load.py
[2026-04-21T07:09:03.530+0000] {processor.py:914} INFO - Processing file /opt/airflow/dags/kafka_load.py for tasks to queue
[2026-04-21T07:09:03.540+0000] {logging_mixin.py:190} INFO - [2026-04-21T07:09:03.539+0000] {dagbag.py:588} INFO - Filling up the DagBag from /opt/airflow/dags/kafka_load.py
[2026-04-21T07:09:03.590+0000] {processor.py:925} INFO - DAG(s) 'kafka_producer' retrieved from /opt/airflow/dags/kafka_load.py
[2026-04-21T07:09:03.617+0000] {logging_mixin.py:190} INFO - [2026-04-21T07:09:03.616+0000] {dag.py:3239} INFO - Sync 1 DAGs
[2026-04-21T07:09:03.647+0000] {logging_mixin.py:190} INFO - [2026-04-21T07:09:03.646+0000] {dag.py:4180} INFO - Setting next_dagrun for kafka_producer to 2026-04-20 18:30:00+00:00, run_after=2026-04-21 18:30:00+00:00
[2026-04-21T07:09:03.676+0000] {processor.py:208} INFO - Processing /opt/airflow/dags/kafka_load.py took 0.163 seconds
[2026-04-21T07:09:34.115+0000] {processor.py:186} INFO - Started process (PID=306) to work on /opt/airflow/dags/kafka_load.py
[2026-04-21T07:09:34.117+0000] {processor.py:914} INFO - Processing file /opt/airflow/dags/kafka_load.py for tasks to queue
[2026-04-21T07:09:34.121+0000] {logging_mixin.py:190} INFO - [2026-04-21T07:09:34.120+0000] {dagbag.py:588} INFO - Filling up the DagBag from /opt/airflow/dags/kafka_load.py
[2026-04-21T07:09:34.163+0000] {processor.py:925} INFO - DAG(s) 'kafka_producer' retrieved from /opt/airflow/dags/kafka_load.py
[2026-04-21T07:09:34.194+0000] {logging_mixin.py:190} INFO - [2026-04-21T07:09:34.194+0000] {dag.py:3239} INFO - Sync 1 DAGs
[2026-04-21T07:09:34.228+0000] {logging_mixin.py:190} INFO - [2026-04-21T07:09:34.228+0000] {dag.py:4180} INFO - Setting next_dagrun for kafka_producer to 2026-04-20 18:30:00+00:00, run_after=2026-04-21 18:30:00+00:00
[2026-04-21T07:09:34.254+0000] {processor.py:208} INFO - Processing /opt/airflow/dags/kafka_load.py took 0.152 seconds
[2026-04-21T07:10:04.736+0000] {processor.py:186} INFO - Started process (PID=309) to work on /opt/airflow/dags/kafka_load.py
[2026-04-21T07:10:04.738+0000] {processor.py:914} INFO - Processing file /opt/airflow/dags/kafka_load.py for tasks to queue
[2026-04-21T07:10:04.742+0000] {logging_mixin.py:190} INFO - [2026-04-21T07:10:04.741+0000] {dagbag.py:588} INFO - Filling up the DagBag from /opt/airflow/dags/kafka_load.py
[2026-04-21T07:10:04.785+0000] {processor.py:925} INFO - DAG(s) 'kafka_producer' retrieved from /opt/airflow/dags/kafka_load.py
[2026-04-21T07:10:04.812+0000] {logging_mixin.py:190} INFO - [2026-04-21T07:10:04.812+0000] {dag.py:3239} INFO - Sync 1 DAGs
[2026-04-21T07:10:04.843+0000] {logging_mixin.py:190} INFO - [2026-04-21T07:10:04.843+0000] {dag.py:4180} INFO - Setting next_dagrun for kafka_producer to 2026-04-20 18:30:00+00:00, run_after=2026-04-21 18:30:00+00:00
[2026-04-21T07:10:04.870+0000] {processor.py:208} INFO - Processing /opt/airflow/dags/kafka_load.py took 0.143 seconds
[2026-04-21T07:10:35.305+0000] {processor.py:186} INFO - Started process (PID=312) to work on /opt/airflow/dags/kafka_load.py
[2026-04-21T07:10:35.306+0000] {processor.py:914} INFO - Processing file /opt/airflow/dags/kafka_load.py for tasks to queue
[2026-04-21T07:10:35.310+0000] {logging_mixin.py:190} INFO - [2026-04-21T07:10:35.310+0000] {dagbag.py:588} INFO - Filling up the DagBag from /opt/airflow/dags/kafka_load.py
[2026-04-21T07:10:35.338+0000] {processor.py:925} INFO - DAG(s) 'kafka_producer' retrieved from /opt/airflow/dags/kafka_load.py
[2026-04-21T07:10:35.364+0000] {logging_mixin.py:190} INFO - [2026-04-21T07:10:35.364+0000] {dag.py:3239} INFO - Sync 1 DAGs
[2026-04-21T07:10:35.395+0000] {logging_mixin.py:190} INFO - [2026-04-21T07:10:35.395+0000] {dag.py:4180} INFO - Setting next_dagrun for kafka_producer to 2026-04-20 18:30:00+00:00, run_after=2026-04-21 18:30:00+00:00
[2026-04-21T07:10:35.420+0000] {processor.py:208} INFO - Processing /opt/airflow/dags/kafka_load.py took 0.123 seconds
[2026-04-21T07:11:05.945+0000] {processor.py:186} INFO - Started process (PID=315) to work on /opt/airflow/dags/kafka_load.py
[2026-04-21T07:11:05.948+0000] {processor.py:914} INFO - Processing file /opt/airflow/dags/kafka_load.py for tasks to queue
[2026-04-21T07:11:05.953+0000] {logging_mixin.py:190} INFO - [2026-04-21T07:11:05.953+0000] {dagbag.py:588} INFO - Filling up the DagBag from /opt/airflow/dags/kafka_load.py
[2026-04-21T07:11:05.989+0000] {processor.py:925} INFO - DAG(s) 'kafka_producer' retrieved from /opt/airflow/dags/kafka_load.py
[2026-04-21T07:11:06.024+0000] {logging_mixin.py:190} INFO - [2026-04-21T07:11:06.023+0000] {dag.py:3239} INFO - Sync 1 DAGs
[2026-04-21T07:11:06.062+0000] {logging_mixin.py:190} INFO - [2026-04-21T07:11:06.061+0000] {dag.py:4180} INFO - Setting next_dagrun for kafka_producer to 2026-04-20 18:30:00+00:00, run_after=2026-04-21 18:30:00+00:00
[2026-04-21T07:11:06.087+0000] {processor.py:208} INFO - Processing /opt/airflow/dags/kafka_load.py took 0.159 seconds
[2026-04-21T07:11:36.521+0000] {processor.py:186} INFO - Started process (PID=318) to work on /opt/airflow/dags/kafka_load.py
[2026-04-21T07:11:36.523+0000] {processor.py:914} INFO - Processing file /opt/airflow/dags/kafka_load.py for tasks to queue
[2026-04-21T07:11:36.526+0000] {logging_mixin.py:190} INFO - [2026-04-21T07:11:36.526+0000] {dagbag.py:588} INFO - Filling up the DagBag from /opt/airflow/dags/kafka_load.py
[2026-04-21T07:11:36.564+0000] {processor.py:925} INFO - DAG(s) 'kafka_producer' retrieved from /opt/airflow/dags/kafka_load.py
[2026-04-21T07:11:36.593+0000] {logging_mixin.py:190} INFO - [2026-04-21T07:11:36.593+0000] {dag.py:3239} INFO - Sync 1 DAGs
[2026-04-21T07:11:36.625+0000] {logging_mixin.py:190} INFO - [2026-04-21T07:11:36.625+0000] {dag.py:4180} INFO - Setting next_dagrun for kafka_producer to 2026-04-20 18:30:00+00:00, run_after=2026-04-21 18:30:00+00:00
[2026-04-21T07:11:36.650+0000] {processor.py:208} INFO - Processing /opt/airflow/dags/kafka_load.py took 0.137 seconds
[2026-04-21T07:12:07.097+0000] {processor.py:186} INFO - Started process (PID=321) to work on /opt/airflow/dags/kafka_load.py
[2026-04-21T07:12:07.100+0000] {processor.py:914} INFO - Processing file /opt/airflow/dags/kafka_load.py for tasks to queue
[2026-04-21T07:12:07.113+0000] {logging_mixin.py:190} INFO - [2026-04-21T07:12:07.112+0000] {dagbag.py:588} INFO - Filling up the DagBag from /opt/airflow/dags/kafka_load.py
[2026-04-21T07:12:07.165+0000] {processor.py:925} INFO - DAG(s) 'kafka_producer' retrieved from /opt/airflow/dags/kafka_load.py
[2026-04-21T07:12:07.204+0000] {logging_mixin.py:190} INFO - [2026-04-21T07:12:07.204+0000] {dag.py:3239} INFO - Sync 1 DAGs
[2026-04-21T07:12:07.250+0000] {logging_mixin.py:190} INFO - [2026-04-21T07:12:07.249+0000] {dag.py:4180} INFO - Setting next_dagrun for kafka_producer to 2026-04-20 18:30:00+00:00, run_after=2026-04-21 18:30:00+00:00
[2026-04-21T07:12:07.287+0000] {processor.py:208} INFO - Processing /opt/airflow/dags/kafka_load.py took 0.201 seconds
[2026-04-21T07:12:37.919+0000] {processor.py:186} INFO - Started process (PID=324) to work on /opt/airflow/dags/kafka_load.py
[2026-04-21T07:12:37.921+0000] {processor.py:914} INFO - Processing file /opt/airflow/dags/kafka_load.py for tasks to queue
[2026-04-21T07:12:37.925+0000] {logging_mixin.py:190} INFO - [2026-04-21T07:12:37.924+0000] {dagbag.py:588} INFO - Filling up the DagBag from /opt/airflow/dags/kafka_load.py
[2026-04-21T07:12:37.963+0000] {processor.py:925} INFO - DAG(s) 'kafka_producer' retrieved from /opt/airflow/dags/kafka_load.py
[2026-04-21T07:12:37.989+0000] {logging_mixin.py:190} INFO - [2026-04-21T07:12:37.989+0000] {dag.py:3239} INFO - Sync 1 DAGs
[2026-04-21T07:12:38.021+0000] {logging_mixin.py:190} INFO - [2026-04-21T07:12:38.021+0000] {dag.py:4180} INFO - Setting next_dagrun for kafka_producer to 2026-04-20 18:30:00+00:00, run_after=2026-04-21 18:30:00+00:00
[2026-04-21T07:12:38.046+0000] {processor.py:208} INFO - Processing /opt/airflow/dags/kafka_load.py took 0.141 seconds
[2026-04-21T07:13:08.669+0000] {processor.py:186} INFO - Started process (PID=327) to work on /opt/airflow/dags/kafka_load.py
[2026-04-21T07:13:08.671+0000] {processor.py:914} INFO - Processing file /opt/airflow/dags/kafka_load.py for tasks to queue
[2026-04-21T07:13:08.675+0000] {logging_mixin.py:190} INFO - [2026-04-21T07:13:08.675+0000] {dagbag.py:588} INFO - Filling up the DagBag from /opt/airflow/dags/kafka_load.py
[2026-04-21T07:13:08.713+0000] {processor.py:925} INFO - DAG(s) 'kafka_producer' retrieved from /opt/airflow/dags/kafka_load.py
[2026-04-21T07:13:08.737+0000] {logging_mixin.py:190} INFO - [2026-04-21T07:13:08.737+0000] {dag.py:3239} INFO - Sync 1 DAGs
[2026-04-21T07:13:08.774+0000] {logging_mixin.py:190} INFO - [2026-04-21T07:13:08.773+0000] {dag.py:4180} INFO - Setting next_dagrun for kafka_producer to 2026-04-20 18:30:00+00:00, run_after=2026-04-21 18:30:00+00:00
[2026-04-21T07:13:08.814+0000] {processor.py:208} INFO - Processing /opt/airflow/dags/kafka_load.py took 0.155 seconds
[2026-04-21T07:13:39.256+0000] {processor.py:186} INFO - Started process (PID=330) to work on /opt/airflow/dags/kafka_load.py
[2026-04-21T07:13:39.257+0000] {processor.py:914} INFO - Processing file /opt/airflow/dags/kafka_load.py for tasks to queue
[2026-04-21T07:13:39.265+0000] {logging_mixin.py:190} INFO - [2026-04-21T07:13:39.262+0000] {dagbag.py:588} INFO - Filling up the DagBag from /opt/airflow/dags/kafka_load.py
[2026-04-21T07:13:39.302+0000] {processor.py:925} INFO - DAG(s) 'kafka_producer' retrieved from /opt/airflow/dags/kafka_load.py
[2026-04-21T07:13:39.336+0000] {logging_mixin.py:190} INFO - [2026-04-21T07:13:39.336+0000] {dag.py:3239} INFO - Sync 1 DAGs
[2026-04-21T07:13:39.373+0000] {logging_mixin.py:190} INFO - [2026-04-21T07:13:39.373+0000] {dag.py:4180} INFO - Setting next_dagrun for kafka_producer to 2026-04-20 18:30:00+00:00, run_after=2026-04-21 18:30:00+00:00
[2026-04-21T07:13:39.402+0000] {processor.py:208} INFO - Processing /opt/airflow/dags/kafka_load.py took 0.172 seconds
[2026-04-21T07:14:09.929+0000] {processor.py:186} INFO - Started process (PID=333) to work on /opt/airflow/dags/kafka_load.py
[2026-04-21T07:14:09.931+0000] {processor.py:914} INFO - Processing file /opt/airflow/dags/kafka_load.py for tasks to queue
[2026-04-21T07:14:09.935+0000] {logging_mixin.py:190} INFO - [2026-04-21T07:14:09.934+0000] {dagbag.py:588} INFO - Filling up the DagBag from /opt/airflow/dags/kafka_load.py
[2026-04-21T07:14:09.974+0000] {processor.py:925} INFO - DAG(s) 'kafka_producer' retrieved from /opt/airflow/dags/kafka_load.py
[2026-04-21T07:14:10.005+0000] {logging_mixin.py:190} INFO - [2026-04-21T07:14:10.005+0000] {dag.py:3239} INFO - Sync 1 DAGs
[2026-04-21T07:14:10.038+0000] {logging_mixin.py:190} INFO - [2026-04-21T07:14:10.038+0000] {dag.py:4180} INFO - Setting next_dagrun for kafka_producer to 2026-04-20 18:30:00+00:00, run_after=2026-04-21 18:30:00+00:00
[2026-04-21T07:14:10.069+0000] {processor.py:208} INFO - Processing /opt/airflow/dags/kafka_load.py took 0.150 seconds
[2026-04-21T07:14:40.528+0000] {processor.py:186} INFO - Started process (PID=336) to work on /opt/airflow/dags/kafka_load.py
[2026-04-21T07:14:40.530+0000] {processor.py:914} INFO - Processing file /opt/airflow/dags/kafka_load.py for tasks to queue
[2026-04-21T07:14:40.535+0000] {logging_mixin.py:190} INFO - [2026-04-21T07:14:40.534+0000] {dagbag.py:588} INFO - Filling up the DagBag from /opt/airflow/dags/kafka_load.py
[2026-04-21T07:14:40.618+0000] {processor.py:925} INFO - DAG(s) 'kafka_producer' retrieved from /opt/airflow/dags/kafka_load.py
[2026-04-21T07:14:40.679+0000] {logging_mixin.py:190} INFO - [2026-04-21T07:14:40.679+0000] {dag.py:3239} INFO - Sync 1 DAGs
[2026-04-21T07:14:40.723+0000] {logging_mixin.py:190} INFO - [2026-04-21T07:14:40.723+0000] {dag.py:4180} INFO - Setting next_dagrun for kafka_producer to 2026-04-20 18:30:00+00:00, run_after=2026-04-21 18:30:00+00:00
[2026-04-21T07:14:40.749+0000] {processor.py:208} INFO - Processing /opt/airflow/dags/kafka_load.py took 0.233 seconds
[2026-04-21T07:15:11.313+0000] {processor.py:186} INFO - Started process (PID=339) to work on /opt/airflow/dags/kafka_load.py
[2026-04-21T07:15:11.315+0000] {processor.py:914} INFO - Processing file /opt/airflow/dags/kafka_load.py for tasks to queue
[2026-04-21T07:15:11.319+0000] {logging_mixin.py:190} INFO - [2026-04-21T07:15:11.319+0000] {dagbag.py:588} INFO - Filling up the DagBag from /opt/airflow/dags/kafka_load.py
[2026-04-21T07:15:11.359+0000] {processor.py:925} INFO - DAG(s) 'kafka_producer' retrieved from /opt/airflow/dags/kafka_load.py
[2026-04-21T07:15:11.386+0000] {logging_mixin.py:190} INFO - [2026-04-21T07:15:11.386+0000] {dag.py:3239} INFO - Sync 1 DAGs
[2026-04-21T07:15:11.422+0000] {logging_mixin.py:190} INFO - [2026-04-21T07:15:11.421+0000] {dag.py:4180} INFO - Setting next_dagrun for kafka_producer to 2026-04-20 18:30:00+00:00, run_after=2026-04-21 18:30:00+00:00
[2026-04-21T07:15:11.459+0000] {processor.py:208} INFO - Processing /opt/airflow/dags/kafka_load.py took 0.156 seconds
[2026-04-21T07:15:42.042+0000] {processor.py:186} INFO - Started process (PID=342) to work on /opt/airflow/dags/kafka_load.py
[2026-04-21T07:15:42.043+0000] {processor.py:914} INFO - Processing file /opt/airflow/dags/kafka_load.py for tasks to queue
[2026-04-21T07:15:42.047+0000] {logging_mixin.py:190} INFO - [2026-04-21T07:15:42.046+0000] {dagbag.py:588} INFO - Filling up the DagBag from /opt/airflow/dags/kafka_load.py
[2026-04-21T07:15:42.085+0000] {processor.py:925} INFO - DAG(s) 'kafka_producer' retrieved from /opt/airflow/dags/kafka_load.py
[2026-04-21T07:15:42.114+0000] {logging_mixin.py:190} INFO - [2026-04-21T07:15:42.113+0000] {dag.py:3239} INFO - Sync 1 DAGs
[2026-04-21T07:15:42.145+0000] {logging_mixin.py:190} INFO - [2026-04-21T07:15:42.145+0000] {dag.py:4180} INFO - Setting next_dagrun for kafka_producer to 2026-04-20 18:30:00+00:00, run_after=2026-04-21 18:30:00+00:00
[2026-04-21T07:15:42.172+0000] {processor.py:208} INFO - Processing /opt/airflow/dags/kafka_load.py took 0.143 seconds
[2026-04-21T07:16:12.833+0000] {processor.py:186} INFO - Started process (PID=345) to work on /opt/airflow/dags/kafka_load.py
[2026-04-21T07:16:12.837+0000] {processor.py:914} INFO - Processing file /opt/airflow/dags/kafka_load.py for tasks to queue
[2026-04-21T07:16:12.849+0000] {logging_mixin.py:190} INFO - [2026-04-21T07:16:12.848+0000] {dagbag.py:588} INFO - Filling up the DagBag from /opt/airflow/dags/kafka_load.py
[2026-04-21T07:16:12.896+0000] {processor.py:925} INFO - DAG(s) 'kafka_producer' retrieved from /opt/airflow/dags/kafka_load.py
[2026-04-21T07:16:12.941+0000] {logging_mixin.py:190} INFO - [2026-04-21T07:16:12.941+0000] {dag.py:3239} INFO - Sync 1 DAGs
[2026-04-21T07:16:13.013+0000] {logging_mixin.py:190} INFO - [2026-04-21T07:16:13.012+0000] {dag.py:4180} INFO - Setting next_dagrun for kafka_producer to 2026-04-20 18:30:00+00:00, run_after=2026-04-21 18:30:00+00:00
[2026-04-21T07:16:13.046+0000] {processor.py:208} INFO - Processing /opt/airflow/dags/kafka_load.py took 0.234 seconds
[2026-04-21T07:16:43.507+0000] {processor.py:186} INFO - Started process (PID=348) to work on /opt/airflow/dags/kafka_load.py
[2026-04-21T07:16:43.509+0000] {processor.py:914} INFO - Processing file /opt/airflow/dags/kafka_load.py for tasks to queue
[2026-04-21T07:16:43.514+0000] {logging_mixin.py:190} INFO - [2026-04-21T07:16:43.513+0000] {dagbag.py:588} INFO - Filling up the DagBag from /opt/airflow/dags/kafka_load.py
[2026-04-21T07:16:43.567+0000] {processor.py:925} INFO - DAG(s) 'kafka_producer' retrieved from /opt/airflow/dags/kafka_load.py
[2026-04-21T07:16:43.611+0000] {logging_mixin.py:190} INFO - [2026-04-21T07:16:43.611+0000] {dag.py:3239} INFO - Sync 1 DAGs
[2026-04-21T07:16:43.658+0000] {logging_mixin.py:190} INFO - [2026-04-21T07:16:43.657+0000] {dag.py:4180} INFO - Setting next_dagrun for kafka_producer to 2026-04-20 18:30:00+00:00, run_after=2026-04-21 18:30:00+00:00
[2026-04-21T07:16:43.690+0000] {processor.py:208} INFO - Processing /opt/airflow/dags/kafka_load.py took 0.194 seconds
[2026-04-21T07:17:14.618+0000] {processor.py:186} INFO - Started process (PID=351) to work on /opt/airflow/dags/kafka_load.py
[2026-04-21T07:17:14.621+0000] {processor.py:914} INFO - Processing file /opt/airflow/dags/kafka_load.py for tasks to queue
[2026-04-21T07:17:14.628+0000] {logging_mixin.py:190} INFO - [2026-04-21T07:17:14.627+0000] {dagbag.py:588} INFO - Filling up the DagBag from /opt/airflow/dags/kafka_load.py
[2026-04-21T07:17:15.337+0000] {processor.py:925} INFO - DAG(s) 'kafka_producer' retrieved from /opt/airflow/dags/kafka_load.py
[2026-04-21T07:17:15.379+0000] {logging_mixin.py:190} INFO - [2026-04-21T07:17:15.379+0000] {dag.py:3239} INFO - Sync 1 DAGs
[2026-04-21T07:17:15.421+0000] {logging_mixin.py:190} INFO - [2026-04-21T07:17:15.421+0000] {dag.py:4180} INFO - Setting next_dagrun for kafka_producer to 2026-04-20 18:30:00+00:00, run_after=2026-04-21 18:30:00+00:00
[2026-04-21T07:17:17.504+0000] {processor.py:208} INFO - Processing /opt/airflow/dags/kafka_load.py took 3.348 seconds
[2026-04-21T07:17:47.999+0000] {processor.py:186} INFO - Started process (PID=355) to work on /opt/airflow/dags/kafka_load.py
[2026-04-21T07:17:48.004+0000] {processor.py:914} INFO - Processing file /opt/airflow/dags/kafka_load.py for tasks to queue
[2026-04-21T07:17:48.010+0000] {logging_mixin.py:190} INFO - [2026-04-21T07:17:48.009+0000] {dagbag.py:588} INFO - Filling up the DagBag from /opt/airflow/dags/kafka_load.py
[2026-04-21T07:17:48.070+0000] {processor.py:925} INFO - DAG(s) 'kafka_producer' retrieved from /opt/airflow/dags/kafka_load.py
[2026-04-21T07:17:48.107+0000] {logging_mixin.py:190} INFO - [2026-04-21T07:17:48.107+0000] {dag.py:3239} INFO - Sync 1 DAGs
[2026-04-21T07:17:48.159+0000] {logging_mixin.py:190} INFO - [2026-04-21T07:17:48.159+0000] {dag.py:4180} INFO - Setting next_dagrun for kafka_producer to 2026-04-20 18:30:00+00:00, run_after=2026-04-21 18:30:00+00:00
[2026-04-21T07:17:48.195+0000] {processor.py:208} INFO - Processing /opt/airflow/dags/kafka_load.py took 0.205 seconds
[2026-04-21T07:18:18.715+0000] {processor.py:186} INFO - Started process (PID=358) to work on /opt/airflow/dags/kafka_load.py
[2026-04-21T07:18:18.724+0000] {processor.py:914} INFO - Processing file /opt/airflow/dags/kafka_load.py for tasks to queue
[2026-04-21T07:18:18.734+0000] {logging_mixin.py:190} INFO - [2026-04-21T07:18:18.733+0000] {dagbag.py:588} INFO - Filling up the DagBag from /opt/airflow/dags/kafka_load.py
[2026-04-21T07:18:18.773+0000] {processor.py:925} INFO - DAG(s) 'kafka_producer' retrieved from /opt/airflow/dags/kafka_load.py
[2026-04-21T07:18:18.802+0000] {logging_mixin.py:190} INFO - [2026-04-21T07:18:18.801+0000] {dag.py:3239} INFO - Sync 1 DAGs
[2026-04-21T07:18:18.837+0000] {logging_mixin.py:190} INFO - [2026-04-21T07:18:18.837+0000] {dag.py:4180} INFO - Setting next_dagrun for kafka_producer to 2026-04-20 18:30:00+00:00, run_after=2026-04-21 18:30:00+00:00
[2026-04-21T07:18:18.868+0000] {processor.py:208} INFO - Processing /opt/airflow/dags/kafka_load.py took 0.171 seconds
[2026-04-21T07:18:49.483+0000] {processor.py:186} INFO - Started process (PID=361) to work on /opt/airflow/dags/kafka_load.py
[2026-04-21T07:18:49.485+0000] {processor.py:914} INFO - Processing file /opt/airflow/dags/kafka_load.py for tasks to queue
[2026-04-21T07:18:49.488+0000] {logging_mixin.py:190} INFO - [2026-04-21T07:18:49.488+0000] {dagbag.py:588} INFO - Filling up the DagBag from /opt/airflow/dags/kafka_load.py
[2026-04-21T07:18:49.525+0000] {processor.py:925} INFO - DAG(s) 'kafka_producer' retrieved from /opt/airflow/dags/kafka_load.py
[2026-04-21T07:18:49.553+0000] {logging_mixin.py:190} INFO - [2026-04-21T07:18:49.552+0000] {dag.py:3239} INFO - Sync 1 DAGs
[2026-04-21T07:18:49.585+0000] {logging_mixin.py:190} INFO - [2026-04-21T07:18:49.585+0000] {dag.py:4180} INFO - Setting next_dagrun for kafka_producer to 2026-04-20 18:30:00+00:00, run_after=2026-04-21 18:30:00+00:00
[2026-04-21T07:18:49.609+0000] {processor.py:208} INFO - Processing /opt/airflow/dags/kafka_load.py took 0.135 seconds
[2026-04-21T07:19:20.149+0000] {processor.py:186} INFO - Started process (PID=364) to work on /opt/airflow/dags/kafka_load.py
[2026-04-21T07:19:20.156+0000] {processor.py:914} INFO - Processing file /opt/airflow/dags/kafka_load.py for tasks to queue
[2026-04-21T07:19:20.160+0000] {logging_mixin.py:190} INFO - [2026-04-21T07:19:20.159+0000] {dagbag.py:588} INFO - Filling up the DagBag from /opt/airflow/dags/kafka_load.py
[2026-04-21T07:19:20.194+0000] {processor.py:925} INFO - DAG(s) 'kafka_producer' retrieved from /opt/airflow/dags/kafka_load.py
[2026-04-21T07:19:20.220+0000] {logging_mixin.py:190} INFO - [2026-04-21T07:19:20.219+0000] {dag.py:3239} INFO - Sync 1 DAGs
[2026-04-21T07:19:20.261+0000] {logging_mixin.py:190} INFO - [2026-04-21T07:19:20.261+0000] {dag.py:4180} INFO - Setting next_dagrun for kafka_producer to 2026-04-20 18:30:00+00:00, run_after=2026-04-21 18:30:00+00:00
[2026-04-21T07:19:20.289+0000] {processor.py:208} INFO - Processing /opt/airflow/dags/kafka_load.py took 0.151 seconds
[2026-04-21T07:19:50.670+0000] {processor.py:186} INFO - Started process (PID=367) to work on /opt/airflow/dags/kafka_load.py
[2026-04-21T07:19:50.679+0000] {processor.py:914} INFO - Processing file /opt/airflow/dags/kafka_load.py for tasks to queue
[2026-04-21T07:19:50.696+0000] {logging_mixin.py:190} INFO - [2026-04-21T07:19:50.693+0000] {dagbag.py:588} INFO - Filling up the DagBag from /opt/airflow/dags/kafka_load.py
[2026-04-21T07:19:50.777+0000] {processor.py:925} INFO - DAG(s) 'kafka_producer' retrieved from /opt/airflow/dags/kafka_load.py
[2026-04-21T07:19:50.848+0000] {logging_mixin.py:190} INFO - [2026-04-21T07:19:50.848+0000] {dag.py:3239} INFO - Sync 1 DAGs
[2026-04-21T07:19:50.909+0000] {logging_mixin.py:190} INFO - [2026-04-21T07:19:50.909+0000] {dag.py:4180} INFO - Setting next_dagrun for kafka_producer to 2026-04-20 18:30:00+00:00, run_after=2026-04-21 18:30:00+00:00
[2026-04-21T07:19:50.946+0000] {processor.py:208} INFO - Processing /opt/airflow/dags/kafka_load.py took 0.286 seconds
[2026-04-21T07:20:21.136+0000] {processor.py:186} INFO - Started process (PID=370) to work on /opt/airflow/dags/kafka_load.py
[2026-04-21T07:20:21.138+0000] {processor.py:914} INFO - Processing file /opt/airflow/dags/kafka_load.py for tasks to queue
[2026-04-21T07:20:21.142+0000] {logging_mixin.py:190} INFO - [2026-04-21T07:20:21.141+0000] {dagbag.py:588} INFO - Filling up the DagBag from /opt/airflow/dags/kafka_load.py
[2026-04-21T07:20:21.176+0000] {processor.py:925} INFO - DAG(s) 'kafka_producer' retrieved from /opt/airflow/dags/kafka_load.py
[2026-04-21T07:20:21.205+0000] {logging_mixin.py:190} INFO - [2026-04-21T07:20:21.204+0000] {dag.py:3239} INFO - Sync 1 DAGs
[2026-04-21T07:20:21.237+0000] {logging_mixin.py:190} INFO - [2026-04-21T07:20:21.236+0000] {dag.py:4180} INFO - Setting next_dagrun for kafka_producer to 2026-04-20 18:30:00+00:00, run_after=2026-04-21 18:30:00+00:00
[2026-04-21T07:20:21.263+0000] {processor.py:208} INFO - Processing /opt/airflow/dags/kafka_load.py took 0.136 seconds
[2026-04-21T07:20:51.840+0000] {processor.py:186} INFO - Started process (PID=373) to work on /opt/airflow/dags/kafka_load.py
[2026-04-21T07:20:51.842+0000] {processor.py:914} INFO - Processing file /opt/airflow/dags/kafka_load.py for tasks to queue
[2026-04-21T07:20:51.845+0000] {logging_mixin.py:190} INFO - [2026-04-21T07:20:51.845+0000] {dagbag.py:588} INFO - Filling up the DagBag from /opt/airflow/dags/kafka_load.py
[2026-04-21T07:20:51.885+0000] {processor.py:925} INFO - DAG(s) 'kafka_producer' retrieved from /opt/airflow/dags/kafka_load.py
[2026-04-21T07:20:51.915+0000] {logging_mixin.py:190} INFO - [2026-04-21T07:20:51.915+0000] {dag.py:3239} INFO - Sync 1 DAGs
[2026-04-21T07:20:51.955+0000] {logging_mixin.py:190} INFO - [2026-04-21T07:20:51.954+0000] {dag.py:4180} INFO - Setting next_dagrun for kafka_producer to 2026-04-20 18:30:00+00:00, run_after=2026-04-21 18:30:00+00:00
[2026-04-21T07:20:51.981+0000] {processor.py:208} INFO - Processing /opt/airflow/dags/kafka_load.py took 0.150 seconds
[2026-04-21T07:21:22.352+0000] {processor.py:186} INFO - Started process (PID=376) to work on /opt/airflow/dags/kafka_load.py
[2026-04-21T07:21:22.354+0000] {processor.py:914} INFO - Processing file /opt/airflow/dags/kafka_load.py for tasks to queue
[2026-04-21T07:21:22.359+0000] {logging_mixin.py:190} INFO - [2026-04-21T07:21:22.359+0000] {dagbag.py:588} INFO - Filling up the DagBag from /opt/airflow/dags/kafka_load.py
[2026-04-21T07:21:22.402+0000] {processor.py:925} INFO - DAG(s) 'kafka_producer' retrieved from /opt/airflow/dags/kafka_load.py
[2026-04-21T07:21:22.434+0000] {logging_mixin.py:190} INFO - [2026-04-21T07:21:22.434+0000] {dag.py:3239} INFO - Sync 1 DAGs
[2026-04-21T07:21:22.475+0000] {logging_mixin.py:190} INFO - [2026-04-21T07:21:22.475+0000] {dag.py:4180} INFO - Setting next_dagrun for kafka_producer to 2026-04-20 18:30:00+00:00, run_after=2026-04-21 18:30:00+00:00
[2026-04-21T07:21:22.505+0000] {processor.py:208} INFO - Processing /opt/airflow/dags/kafka_load.py took 0.162 seconds
[2026-04-21T07:21:52.752+0000] {processor.py:186} INFO - Started process (PID=379) to work on /opt/airflow/dags/kafka_load.py
[2026-04-21T07:21:52.754+0000] {processor.py:914} INFO - Processing file /opt/airflow/dags/kafka_load.py for tasks to queue
[2026-04-21T07:21:52.757+0000] {logging_mixin.py:190} INFO - [2026-04-21T07:21:52.757+0000] {dagbag.py:588} INFO - Filling up the DagBag from /opt/airflow/dags/kafka_load.py
[2026-04-21T07:21:52.796+0000] {processor.py:925} INFO - DAG(s) 'kafka_producer' retrieved from /opt/airflow/dags/kafka_load.py
[2026-04-21T07:21:52.829+0000] {logging_mixin.py:190} INFO - [2026-04-21T07:21:52.828+0000] {dag.py:3239} INFO - Sync 1 DAGs
[2026-04-21T07:21:52.875+0000] {logging_mixin.py:190} INFO - [2026-04-21T07:21:52.875+0000] {dag.py:4180} INFO - Setting next_dagrun for kafka_producer to 2026-04-20 18:30:00+00:00, run_after=2026-04-21 18:30:00+00:00
[2026-04-21T07:21:52.899+0000] {processor.py:208} INFO - Processing /opt/airflow/dags/kafka_load.py took 0.155 seconds
[2026-04-21T07:22:23.313+0000] {processor.py:186} INFO - Started process (PID=382) to work on /opt/airflow/dags/kafka_load.py
[2026-04-21T07:22:23.315+0000] {processor.py:914} INFO - Processing file /opt/airflow/dags/kafka_load.py for tasks to queue
[2026-04-21T07:22:23.322+0000] {logging_mixin.py:190} INFO - [2026-04-21T07:22:23.320+0000] {dagbag.py:588} INFO - Filling up the DagBag from /opt/airflow/dags/kafka_load.py
[2026-04-21T07:22:23.373+0000] {processor.py:925} INFO - DAG(s) 'kafka_producer' retrieved from /opt/airflow/dags/kafka_load.py
[2026-04-21T07:22:23.400+0000] {logging_mixin.py:190} INFO - [2026-04-21T07:22:23.400+0000] {dag.py:3239} INFO - Sync 1 DAGs
[2026-04-21T07:22:23.430+0000] {logging_mixin.py:190} INFO - [2026-04-21T07:22:23.430+0000] {dag.py:4180} INFO - Setting next_dagrun for kafka_producer to 2026-04-20 18:30:00+00:00, run_after=2026-04-21 18:30:00+00:00
[2026-04-21T07:22:23.454+0000] {processor.py:208} INFO - Processing /opt/airflow/dags/kafka_load.py took 0.152 seconds
[2026-04-21T07:22:53.934+0000] {processor.py:186} INFO - Started process (PID=385) to work on /opt/airflow/dags/kafka_load.py
[2026-04-21T07:22:53.936+0000] {processor.py:914} INFO - Processing file /opt/airflow/dags/kafka_load.py for tasks to queue
[2026-04-21T07:22:53.942+0000] {logging_mixin.py:190} INFO - [2026-04-21T07:22:53.941+0000] {dagbag.py:588} INFO - Filling up the DagBag from /opt/airflow/dags/kafka_load.py
[2026-04-21T07:22:53.976+0000] {processor.py:925} INFO - DAG(s) 'kafka_producer' retrieved from /opt/airflow/dags/kafka_load.py
[2026-04-21T07:22:54.008+0000] {logging_mixin.py:190} INFO - [2026-04-21T07:22:54.008+0000] {dag.py:3239} INFO - Sync 1 DAGs
[2026-04-21T07:22:54.049+0000] {logging_mixin.py:190} INFO - [2026-04-21T07:22:54.049+0000] {dag.py:4180} INFO - Setting next_dagrun for kafka_producer to 2026-04-20 18:30:00+00:00, run_after=2026-04-21 18:30:00+00:00
[2026-04-21T07:22:54.074+0000] {processor.py:208} INFO - Processing /opt/airflow/dags/kafka_load.py took 0.152 seconds
[2026-04-21T07:23:24.564+0000] {processor.py:186} INFO - Started process (PID=388) to work on /opt/airflow/dags/kafka_load.py
[2026-04-21T07:23:24.566+0000] {processor.py:914} INFO - Processing file /opt/airflow/dags/kafka_load.py for tasks to queue
[2026-04-21T07:23:24.569+0000] {logging_mixin.py:190} INFO - [2026-04-21T07:23:24.569+0000] {dagbag.py:588} INFO - Filling up the DagBag from /opt/airflow/dags/kafka_load.py
[2026-04-21T07:23:24.605+0000] {processor.py:925} INFO - DAG(s) 'kafka_producer' retrieved from /opt/airflow/dags/kafka_load.py
[2026-04-21T07:23:24.633+0000] {logging_mixin.py:190} INFO - [2026-04-21T07:23:24.632+0000] {dag.py:3239} INFO - Sync 1 DAGs
[2026-04-21T07:23:24.663+0000] {logging_mixin.py:190} INFO - [2026-04-21T07:23:24.663+0000] {dag.py:4180} INFO - Setting next_dagrun for kafka_producer to 2026-04-20 18:30:00+00:00, run_after=2026-04-21 18:30:00+00:00
[2026-04-21T07:23:24.691+0000] {processor.py:208} INFO - Processing /opt/airflow/dags/kafka_load.py took 0.135 seconds
[2026-04-21T07:23:55.240+0000] {processor.py:186} INFO - Started process (PID=391) to work on /opt/airflow/dags/kafka_load.py
[2026-04-21T07:23:55.242+0000] {processor.py:914} INFO - Processing file /opt/airflow/dags/kafka_load.py for tasks to queue
[2026-04-21T07:23:55.246+0000] {logging_mixin.py:190} INFO - [2026-04-21T07:23:55.245+0000] {dagbag.py:588} INFO - Filling up the DagBag from /opt/airflow/dags/kafka_load.py
[2026-04-21T07:23:55.285+0000] {processor.py:925} INFO - DAG(s) 'kafka_producer' retrieved from /opt/airflow/dags/kafka_load.py
[2026-04-21T07:23:55.314+0000] {logging_mixin.py:190} INFO - [2026-04-21T07:23:55.314+0000] {dag.py:3239} INFO - Sync 1 DAGs
[2026-04-21T07:23:55.348+0000] {logging_mixin.py:190} INFO - [2026-04-21T07:23:55.348+0000] {dag.py:4180} INFO - Setting next_dagrun for kafka_producer to 2026-04-20 18:30:00+00:00, run_after=2026-04-21 18:30:00+00:00
[2026-04-21T07:23:55.373+0000] {processor.py:208} INFO - Processing /opt/airflow/dags/kafka_load.py took 0.141 seconds
[2026-04-21T07:24:25.921+0000] {processor.py:186} INFO - Started process (PID=394) to work on /opt/airflow/dags/kafka_load.py
[2026-04-21T07:24:25.925+0000] {processor.py:914} INFO - Processing file /opt/airflow/dags/kafka_load.py for tasks to queue
[2026-04-21T07:24:25.937+0000] {logging_mixin.py:190} INFO - [2026-04-21T07:24:25.936+0000] {dagbag.py:588} INFO - Filling up the DagBag from /opt/airflow/dags/kafka_load.py
[2026-04-21T07:24:25.994+0000] {processor.py:925} INFO - DAG(s) 'kafka_producer' retrieved from /opt/airflow/dags/kafka_load.py
[2026-04-21T07:24:26.019+0000] {logging_mixin.py:190} INFO - [2026-04-21T07:24:26.019+0000] {dag.py:3239} INFO - Sync 1 DAGs
[2026-04-21T07:24:26.051+0000] {logging_mixin.py:190} INFO - [2026-04-21T07:24:26.050+0000] {dag.py:4180} INFO - Setting next_dagrun for kafka_producer to 2026-04-20 18:30:00+00:00, run_after=2026-04-21 18:30:00+00:00
[2026-04-21T07:24:26.076+0000] {processor.py:208} INFO - Processing /opt/airflow/dags/kafka_load.py took 0.186 seconds
[2026-04-21T07:24:56.463+0000] {processor.py:186} INFO - Started process (PID=397) to work on /opt/airflow/dags/kafka_load.py
[2026-04-21T07:24:56.465+0000] {processor.py:914} INFO - Processing file /opt/airflow/dags/kafka_load.py for tasks to queue
[2026-04-21T07:24:56.469+0000] {logging_mixin.py:190} INFO - [2026-04-21T07:24:56.469+0000] {dagbag.py:588} INFO - Filling up the DagBag from /opt/airflow/dags/kafka_load.py
[2026-04-21T07:24:56.521+0000] {processor.py:925} INFO - DAG(s) 'kafka_producer' retrieved from /opt/airflow/dags/kafka_load.py
[2026-04-21T07:24:56.567+0000] {logging_mixin.py:190} INFO - [2026-04-21T07:24:56.567+0000] {dag.py:3239} INFO - Sync 1 DAGs
[2026-04-21T07:24:56.612+0000] {logging_mixin.py:190} INFO - [2026-04-21T07:24:56.611+0000] {dag.py:4180} INFO - Setting next_dagrun for kafka_producer to 2026-04-20 18:30:00+00:00, run_after=2026-04-21 18:30:00+00:00
[2026-04-21T07:24:56.642+0000] {processor.py:208} INFO - Processing /opt/airflow/dags/kafka_load.py took 0.191 seconds
[2026-04-21T07:25:27.127+0000] {processor.py:186} INFO - Started process (PID=400) to work on /opt/airflow/dags/kafka_load.py
[2026-04-21T07:25:27.130+0000] {processor.py:914} INFO - Processing file /opt/airflow/dags/kafka_load.py for tasks to queue
[2026-04-21T07:25:27.133+0000] {logging_mixin.py:190} INFO - [2026-04-21T07:25:27.133+0000] {dagbag.py:588} INFO - Filling up the DagBag from /opt/airflow/dags/kafka_load.py
[2026-04-21T07:25:27.168+0000] {processor.py:925} INFO - DAG(s) 'kafka_producer' retrieved from /opt/airflow/dags/kafka_load.py
[2026-04-21T07:25:27.198+0000] {logging_mixin.py:190} INFO - [2026-04-21T07:25:27.198+0000] {dag.py:3239} INFO - Sync 1 DAGs
[2026-04-21T07:25:27.230+0000] {logging_mixin.py:190} INFO - [2026-04-21T07:25:27.230+0000] {dag.py:4180} INFO - Setting next_dagrun for kafka_producer to 2026-04-20 18:30:00+00:00, run_after=2026-04-21 18:30:00+00:00
[2026-04-21T07:25:27.255+0000] {processor.py:208} INFO - Processing /opt/airflow/dags/kafka_load.py took 0.140 seconds
[2026-04-21T07:25:57.727+0000] {processor.py:186} INFO - Started process (PID=403) to work on /opt/airflow/dags/kafka_load.py
[2026-04-21T07:25:57.729+0000] {processor.py:914} INFO - Processing file /opt/airflow/dags/kafka_load.py for tasks to queue
[2026-04-21T07:25:57.732+0000] {logging_mixin.py:190} INFO - [2026-04-21T07:25:57.731+0000] {dagbag.py:588} INFO - Filling up the DagBag from /opt/airflow/dags/kafka_load.py
[2026-04-21T07:25:57.771+0000] {processor.py:925} INFO - DAG(s) 'kafka_producer' retrieved from /opt/airflow/dags/kafka_load.py
[2026-04-21T07:25:57.807+0000] {logging_mixin.py:190} INFO - [2026-04-21T07:25:57.807+0000] {dag.py:3239} INFO - Sync 1 DAGs
[2026-04-21T07:25:57.838+0000] {logging_mixin.py:190} INFO - [2026-04-21T07:25:57.838+0000] {dag.py:4180} INFO - Setting next_dagrun for kafka_producer to 2026-04-20 18:30:00+00:00, run_after=2026-04-21 18:30:00+00:00
[2026-04-21T07:25:57.865+0000] {processor.py:208} INFO - Processing /opt/airflow/dags/kafka_load.py took 0.146 seconds
[2026-04-21T07:26:28.362+0000] {processor.py:186} INFO - Started process (PID=406) to work on /opt/airflow/dags/kafka_load.py
[2026-04-21T07:26:28.364+0000] {processor.py:914} INFO - Processing file /opt/airflow/dags/kafka_load.py for tasks to queue
[2026-04-21T07:26:28.368+0000] {logging_mixin.py:190} INFO - [2026-04-21T07:26:28.367+0000] {dagbag.py:588} INFO - Filling up the DagBag from /opt/airflow/dags/kafka_load.py
[2026-04-21T07:26:28.413+0000] {processor.py:925} INFO - DAG(s) 'kafka_producer' retrieved from /opt/airflow/dags/kafka_load.py
[2026-04-21T07:26:28.442+0000] {logging_mixin.py:190} INFO - [2026-04-21T07:26:28.441+0000] {dag.py:3239} INFO - Sync 1 DAGs
[2026-04-21T07:26:28.481+0000] {logging_mixin.py:190} INFO - [2026-04-21T07:26:28.481+0000] {dag.py:4180} INFO - Setting next_dagrun for kafka_producer to 2026-04-20 18:30:00+00:00, run_after=2026-04-21 18:30:00+00:00
[2026-04-21T07:26:29.697+0000] {processor.py:208} INFO - Processing /opt/airflow/dags/kafka_load.py took 1.343 seconds
[2026-04-21T07:27:00.068+0000] {processor.py:186} INFO - Started process (PID=409) to work on /opt/airflow/dags/kafka_load.py
[2026-04-21T07:27:00.070+0000] {processor.py:914} INFO - Processing file /opt/airflow/dags/kafka_load.py for tasks to queue
[2026-04-21T07:27:00.073+0000] {logging_mixin.py:190} INFO - [2026-04-21T07:27:00.072+0000] {dagbag.py:588} INFO - Filling up the DagBag from /opt/airflow/dags/kafka_load.py
[2026-04-21T07:27:00.113+0000] {processor.py:925} INFO - DAG(s) 'kafka_producer' retrieved from /opt/airflow/dags/kafka_load.py
[2026-04-21T07:27:00.139+0000] {logging_mixin.py:190} INFO - [2026-04-21T07:27:00.139+0000] {dag.py:3239} INFO - Sync 1 DAGs
[2026-04-21T07:27:00.171+0000] {logging_mixin.py:190} INFO - [2026-04-21T07:27:00.170+0000] {dag.py:4180} INFO - Setting next_dagrun for kafka_producer to 2026-04-20 18:30:00+00:00, run_after=2026-04-21 18:30:00+00:00
[2026-04-21T07:27:00.195+0000] {processor.py:208} INFO - Processing /opt/airflow/dags/kafka_load.py took 0.135 seconds
[2026-04-21T07:27:11.379+0000] {processor.py:186} INFO - Started process (PID=411) to work on /opt/airflow/dags/kafka_load.py
[2026-04-21T07:27:11.381+0000] {processor.py:914} INFO - Processing file /opt/airflow/dags/kafka_load.py for tasks to queue
[2026-04-21T07:27:11.384+0000] {logging_mixin.py:190} INFO - [2026-04-21T07:27:11.383+0000] {dagbag.py:588} INFO - Filling up the DagBag from /opt/airflow/dags/kafka_load.py
[2026-04-21T07:27:11.421+0000] {processor.py:925} INFO - DAG(s) 'kafka_producer' retrieved from /opt/airflow/dags/kafka_load.py
[2026-04-21T07:27:11.452+0000] {logging_mixin.py:190} INFO - [2026-04-21T07:27:11.452+0000] {dag.py:3239} INFO - Sync 1 DAGs
[2026-04-21T07:27:11.485+0000] {logging_mixin.py:190} INFO - [2026-04-21T07:27:11.484+0000] {dag.py:4180} INFO - Setting next_dagrun for kafka_producer to 2026-04-20 18:30:00+00:00, run_after=2026-04-21 18:30:00+00:00
[2026-04-21T07:27:11.517+0000] {processor.py:208} INFO - Processing /opt/airflow/dags/kafka_load.py took 0.146 seconds
[2026-04-21T07:27:41.949+0000] {processor.py:186} INFO - Started process (PID=414) to work on /opt/airflow/dags/kafka_load.py
[2026-04-21T07:27:41.950+0000] {processor.py:914} INFO - Processing file /opt/airflow/dags/kafka_load.py for tasks to queue
[2026-04-21T07:27:41.953+0000] {logging_mixin.py:190} INFO - [2026-04-21T07:27:41.953+0000] {dagbag.py:588} INFO - Filling up the DagBag from /opt/airflow/dags/kafka_load.py
[2026-04-21T07:27:41.991+0000] {processor.py:925} INFO - DAG(s) 'kafka_producer' retrieved from /opt/airflow/dags/kafka_load.py
[2026-04-21T07:27:42.021+0000] {logging_mixin.py:190} INFO - [2026-04-21T07:27:42.021+0000] {dag.py:3239} INFO - Sync 1 DAGs
[2026-04-21T07:27:42.056+0000] {logging_mixin.py:190} INFO - [2026-04-21T07:27:42.056+0000] {dag.py:4180} INFO - Setting next_dagrun for kafka_producer to 2026-04-20 18:30:00+00:00, run_after=2026-04-21 18:30:00+00:00
[2026-04-21T07:27:42.087+0000] {processor.py:208} INFO - Processing /opt/airflow/dags/kafka_load.py took 0.148 seconds
[2026-04-21T07:28:12.633+0000] {processor.py:186} INFO - Started process (PID=417) to work on /opt/airflow/dags/kafka_load.py
[2026-04-21T07:28:12.635+0000] {processor.py:914} INFO - Processing file /opt/airflow/dags/kafka_load.py for tasks to queue
[2026-04-21T07:28:12.638+0000] {logging_mixin.py:190} INFO - [2026-04-21T07:28:12.638+0000] {dagbag.py:588} INFO - Filling up the DagBag from /opt/airflow/dags/kafka_load.py
[2026-04-21T07:28:12.674+0000] {processor.py:925} INFO - DAG(s) 'kafka_producer' retrieved from /opt/airflow/dags/kafka_load.py
[2026-04-21T07:28:12.701+0000] {logging_mixin.py:190} INFO - [2026-04-21T07:28:12.700+0000] {dag.py:3239} INFO - Sync 1 DAGs
[2026-04-21T07:28:12.732+0000] {logging_mixin.py:190} INFO - [2026-04-21T07:28:12.732+0000] {dag.py:4180} INFO - Setting next_dagrun for kafka_producer to 2026-04-20 18:30:00+00:00, run_after=2026-04-21 18:30:00+00:00
[2026-04-21T07:28:12.757+0000] {processor.py:208} INFO - Processing /opt/airflow/dags/kafka_load.py took 0.134 seconds
[2026-04-21T07:28:27.911+0000] {processor.py:186} INFO - Started process (PID=418) to work on /opt/airflow/dags/kafka_load.py
[2026-04-21T07:28:27.914+0000] {processor.py:914} INFO - Processing file /opt/airflow/dags/kafka_load.py for tasks to queue
[2026-04-21T07:28:27.917+0000] {logging_mixin.py:190} INFO - [2026-04-21T07:28:27.917+0000] {dagbag.py:588} INFO - Filling up the DagBag from /opt/airflow/dags/kafka_load.py
[2026-04-21T07:28:27.970+0000] {processor.py:925} INFO - DAG(s) 'kafka_producer' retrieved from /opt/airflow/dags/kafka_load.py
[2026-04-21T07:28:27.998+0000] {logging_mixin.py:190} INFO - [2026-04-21T07:28:27.998+0000] {dag.py:3239} INFO - Sync 1 DAGs
[2026-04-21T07:28:28.036+0000] {logging_mixin.py:190} INFO - [2026-04-21T07:28:28.036+0000] {dag.py:4180} INFO - Setting next_dagrun for kafka_producer to 2026-04-20 18:30:00+00:00, run_after=2026-04-21 18:30:00+00:00
[2026-04-21T07:28:28.069+0000] {processor.py:208} INFO - Processing /opt/airflow/dags/kafka_load.py took 0.169 seconds
[2026-04-21T07:28:31.236+0000] {processor.py:186} INFO - Started process (PID=420) to work on /opt/airflow/dags/kafka_load.py
[2026-04-21T07:28:31.242+0000] {processor.py:914} INFO - Processing file /opt/airflow/dags/kafka_load.py for tasks to queue
[2026-04-21T07:28:31.267+0000] {logging_mixin.py:190} INFO - [2026-04-21T07:28:31.266+0000] {dagbag.py:588} INFO - Filling up the DagBag from /opt/airflow/dags/kafka_load.py
[2026-04-21T07:28:31.354+0000] {processor.py:925} INFO - DAG(s) 'kafka_producer' retrieved from /opt/airflow/dags/kafka_load.py
[2026-04-21T07:28:31.433+0000] {logging_mixin.py:190} INFO - [2026-04-21T07:28:31.433+0000] {dag.py:3239} INFO - Sync 1 DAGs
[2026-04-21T07:28:31.521+0000] {logging_mixin.py:190} INFO - [2026-04-21T07:28:31.520+0000] {dag.py:4180} INFO - Setting next_dagrun for kafka_producer to 2026-04-20 18:30:00+00:00, run_after=2026-04-21 18:30:00+00:00
[2026-04-21T07:28:31.616+0000] {processor.py:208} INFO - Processing /opt/airflow/dags/kafka_load.py took 0.403 seconds
[2026-04-21T07:29:02.355+0000] {processor.py:186} INFO - Started process (PID=423) to work on /opt/airflow/dags/kafka_load.py
[2026-04-21T07:29:02.357+0000] {processor.py:914} INFO - Processing file /opt/airflow/dags/kafka_load.py for tasks to queue
[2026-04-21T07:29:02.369+0000] {logging_mixin.py:190} INFO - [2026-04-21T07:29:02.369+0000] {dagbag.py:588} INFO - Filling up the DagBag from /opt/airflow/dags/kafka_load.py
[2026-04-21T07:29:02.477+0000] {processor.py:925} INFO - DAG(s) 'kafka_producer' retrieved from /opt/airflow/dags/kafka_load.py
[2026-04-21T07:29:02.545+0000] {logging_mixin.py:190} INFO - [2026-04-21T07:29:02.540+0000] {dag.py:3239} INFO - Sync 1 DAGs
[2026-04-21T07:29:02.624+0000] {logging_mixin.py:190} INFO - [2026-04-21T07:29:02.624+0000] {dag.py:4180} INFO - Setting next_dagrun for kafka_producer to 2026-04-20 18:30:00+00:00, run_after=2026-04-21 18:30:00+00:00
[2026-04-21T07:29:03.333+0000] {processor.py:208} INFO - Processing /opt/airflow/dags/kafka_load.py took 0.995 seconds
[2026-04-21T07:29:33.894+0000] {processor.py:186} INFO - Started process (PID=426) to work on /opt/airflow/dags/kafka_load.py
[2026-04-21T07:29:33.901+0000] {processor.py:914} INFO - Processing file /opt/airflow/dags/kafka_load.py for tasks to queue
[2026-04-21T07:29:33.910+0000] {logging_mixin.py:190} INFO - [2026-04-21T07:29:33.909+0000] {dagbag.py:588} INFO - Filling up the DagBag from /opt/airflow/dags/kafka_load.py
[2026-04-21T07:29:33.984+0000] {processor.py:925} INFO - DAG(s) 'kafka_producer' retrieved from /opt/airflow/dags/kafka_load.py
[2026-04-21T07:29:34.057+0000] {logging_mixin.py:190} INFO - [2026-04-21T07:29:34.056+0000] {dag.py:3239} INFO - Sync 1 DAGs
[2026-04-21T07:29:34.131+0000] {logging_mixin.py:190} INFO - [2026-04-21T07:29:34.131+0000] {dag.py:4180} INFO - Setting next_dagrun for kafka_producer to 2026-04-20 18:30:00+00:00, run_after=2026-04-21 18:30:00+00:00
[2026-04-21T07:29:34.222+0000] {processor.py:208} INFO - Processing /opt/airflow/dags/kafka_load.py took 0.349 seconds
[2026-04-21T07:30:04.418+0000] {processor.py:186} INFO - Started process (PID=429) to work on /opt/airflow/dags/kafka_load.py
[2026-04-21T07:30:04.420+0000] {processor.py:914} INFO - Processing file /opt/airflow/dags/kafka_load.py for tasks to queue
[2026-04-21T07:30:04.423+0000] {logging_mixin.py:190} INFO - [2026-04-21T07:30:04.423+0000] {dagbag.py:588} INFO - Filling up the DagBag from /opt/airflow/dags/kafka_load.py
[2026-04-21T07:30:04.463+0000] {processor.py:925} INFO - DAG(s) 'kafka_producer' retrieved from /opt/airflow/dags/kafka_load.py
[2026-04-21T07:30:04.494+0000] {logging_mixin.py:190} INFO - [2026-04-21T07:30:04.493+0000] {dag.py:3239} INFO - Sync 1 DAGs
[2026-04-21T07:30:04.528+0000] {logging_mixin.py:190} INFO - [2026-04-21T07:30:04.528+0000] {dag.py:4180} INFO - Setting next_dagrun for kafka_producer to 2026-04-20 18:30:00+00:00, run_after=2026-04-21 18:30:00+00:00
[2026-04-21T07:30:04.565+0000] {processor.py:208} INFO - Processing /opt/airflow/dags/kafka_load.py took 0.154 seconds
[2026-04-21T07:30:35.008+0000] {processor.py:186} INFO - Started process (PID=432) to work on /opt/airflow/dags/kafka_load.py
[2026-04-21T07:30:35.010+0000] {processor.py:914} INFO - Processing file /opt/airflow/dags/kafka_load.py for tasks to queue
[2026-04-21T07:30:35.014+0000] {logging_mixin.py:190} INFO - [2026-04-21T07:30:35.013+0000] {dagbag.py:588} INFO - Filling up the DagBag from /opt/airflow/dags/kafka_load.py
[2026-04-21T07:30:35.052+0000] {processor.py:925} INFO - DAG(s) 'kafka_producer' retrieved from /opt/airflow/dags/kafka_load.py
[2026-04-21T07:30:35.083+0000] {logging_mixin.py:190} INFO - [2026-04-21T07:30:35.083+0000] {dag.py:3239} INFO - Sync 1 DAGs
[2026-04-21T07:30:35.121+0000] {logging_mixin.py:190} INFO - [2026-04-21T07:30:35.120+0000] {dag.py:4180} INFO - Setting next_dagrun for kafka_producer to 2026-04-20 18:30:00+00:00, run_after=2026-04-21 18:30:00+00:00
[2026-04-21T07:30:35.160+0000] {processor.py:208} INFO - Processing /opt/airflow/dags/kafka_load.py took 0.162 seconds
[2026-04-21T07:31:05.726+0000] {processor.py:186} INFO - Started process (PID=435) to work on /opt/airflow/dags/kafka_load.py
[2026-04-21T07:31:05.727+0000] {processor.py:914} INFO - Processing file /opt/airflow/dags/kafka_load.py for tasks to queue
[2026-04-21T07:31:05.730+0000] {logging_mixin.py:190} INFO - [2026-04-21T07:31:05.730+0000] {dagbag.py:588} INFO - Filling up the DagBag from /opt/airflow/dags/kafka_load.py
[2026-04-21T07:31:05.766+0000] {processor.py:925} INFO - DAG(s) 'kafka_producer' retrieved from /opt/airflow/dags/kafka_load.py
[2026-04-21T07:31:05.792+0000] {logging_mixin.py:190} INFO - [2026-04-21T07:31:05.792+0000] {dag.py:3239} INFO - Sync 1 DAGs
[2026-04-21T07:31:05.869+0000] {logging_mixin.py:190} INFO - [2026-04-21T07:31:05.869+0000] {dag.py:4180} INFO - Setting next_dagrun for kafka_producer to 2026-04-20 18:30:00+00:00, run_after=2026-04-21 18:30:00+00:00
[2026-04-21T07:31:05.934+0000] {processor.py:208} INFO - Processing /opt/airflow/dags/kafka_load.py took 0.216 seconds
[2026-04-21T07:31:36.126+0000] {processor.py:186} INFO - Started process (PID=438) to work on /opt/airflow/dags/kafka_load.py
[2026-04-21T07:31:36.128+0000] {processor.py:914} INFO - Processing file /opt/airflow/dags/kafka_load.py for tasks to queue
[2026-04-21T07:31:36.132+0000] {logging_mixin.py:190} INFO - [2026-04-21T07:31:36.131+0000] {dagbag.py:588} INFO - Filling up the DagBag from /opt/airflow/dags/kafka_load.py
[2026-04-21T07:31:36.173+0000] {processor.py:925} INFO - DAG(s) 'kafka_producer' retrieved from /opt/airflow/dags/kafka_load.py
[2026-04-21T07:31:36.205+0000] {logging_mixin.py:190} INFO - [2026-04-21T07:31:36.205+0000] {dag.py:3239} INFO - Sync 1 DAGs
[2026-04-21T07:31:36.247+0000] {logging_mixin.py:190} INFO - [2026-04-21T07:31:36.247+0000] {dag.py:4180} INFO - Setting next_dagrun for kafka_producer to 2026-04-20 18:30:00+00:00, run_after=2026-04-21 18:30:00+00:00
[2026-04-21T07:31:36.688+0000] {processor.py:208} INFO - Processing /opt/airflow/dags/kafka_load.py took 0.573 seconds
[2026-04-21T07:32:06.791+0000] {processor.py:186} INFO - Started process (PID=441) to work on /opt/airflow/dags/kafka_load.py
[2026-04-21T07:32:06.792+0000] {processor.py:914} INFO - Processing file /opt/airflow/dags/kafka_load.py for tasks to queue
[2026-04-21T07:32:06.796+0000] {logging_mixin.py:190} INFO - [2026-04-21T07:32:06.795+0000] {dagbag.py:588} INFO - Filling up the DagBag from /opt/airflow/dags/kafka_load.py
[2026-04-21T07:32:06.835+0000] {processor.py:925} INFO - DAG(s) 'kafka_producer' retrieved from /opt/airflow/dags/kafka_load.py
[2026-04-21T07:32:06.865+0000] {logging_mixin.py:190} INFO - [2026-04-21T07:32:06.864+0000] {dag.py:3239} INFO - Sync 1 DAGs
[2026-04-21T07:32:06.896+0000] {logging_mixin.py:190} INFO - [2026-04-21T07:32:06.896+0000] {dag.py:4180} INFO - Setting next_dagrun for kafka_producer to 2026-04-20 18:30:00+00:00, run_after=2026-04-21 18:30:00+00:00
[2026-04-21T07:32:06.924+0000] {processor.py:208} INFO - Processing /opt/airflow/dags/kafka_load.py took 0.143 seconds
[2026-04-21T07:33:39.225+0000] {processor.py:186} INFO - Started process (PID=30) to work on /opt/airflow/dags/kafka_load.py
[2026-04-21T07:33:39.232+0000] {processor.py:914} INFO - Processing file /opt/airflow/dags/kafka_load.py for tasks to queue
[2026-04-21T07:33:39.243+0000] {logging_mixin.py:190} INFO - [2026-04-21T07:33:39.243+0000] {dagbag.py:588} INFO - Filling up the DagBag from /opt/airflow/dags/kafka_load.py
[2026-04-21T07:33:39.329+0000] {processor.py:925} INFO - DAG(s) 'kafka_producer' retrieved from /opt/airflow/dags/kafka_load.py
[2026-04-21T07:33:39.743+0000] {logging_mixin.py:190} INFO - [2026-04-21T07:33:39.742+0000] {override.py:1912} INFO - Created Permission View: can read on DAG:kafka_producer
[2026-04-21T07:33:39.761+0000] {logging_mixin.py:190} INFO - [2026-04-21T07:33:39.761+0000] {override.py:1912} INFO - Created Permission View: can delete on DAG:kafka_producer
[2026-04-21T07:33:39.775+0000] {logging_mixin.py:190} INFO - [2026-04-21T07:33:39.775+0000] {override.py:1912} INFO - Created Permission View: can edit on DAG:kafka_producer
[2026-04-21T07:33:39.791+0000] {logging_mixin.py:190} INFO - [2026-04-21T07:33:39.791+0000] {override.py:1912} INFO - Created Permission View: can read on DAG Run:kafka_producer
[2026-04-21T07:33:39.835+0000] {logging_mixin.py:190} INFO - [2026-04-21T07:33:39.835+0000] {override.py:1912} INFO - Created Permission View: can delete on DAG Run:kafka_producer
[2026-04-21T07:33:39.865+0000] {logging_mixin.py:190} INFO - [2026-04-21T07:33:39.865+0000] {override.py:1912} INFO - Created Permission View: can create on DAG Run:kafka_producer
[2026-04-21T07:33:39.878+0000] {logging_mixin.py:190} INFO - [2026-04-21T07:33:39.878+0000] {override.py:1912} INFO - Created Permission View: menu access on DAG Run:kafka_producer
[2026-04-21T07:33:39.880+0000] {logging_mixin.py:190} INFO - [2026-04-21T07:33:39.880+0000] {dag.py:3239} INFO - Sync 1 DAGs
[2026-04-21T07:33:39.902+0000] {logging_mixin.py:190} INFO - [2026-04-21T07:33:39.901+0000] {dag.py:3262} INFO - Creating ORM DAG for kafka_producer
[2026-04-21T07:33:39.930+0000] {logging_mixin.py:190} INFO - [2026-04-21T07:33:39.929+0000] {dag.py:4180} INFO - Setting next_dagrun for kafka_producer to 2026-04-19 18:30:00+00:00, run_after=2026-04-20 18:30:00+00:00
[2026-04-21T07:33:39.974+0000] {processor.py:208} INFO - Processing /opt/airflow/dags/kafka_load.py took 0.768 seconds
[2026-04-21T07:34:10.475+0000] {processor.py:186} INFO - Started process (PID=33) to work on /opt/airflow/dags/kafka_load.py
[2026-04-21T07:34:10.477+0000] {processor.py:914} INFO - Processing file /opt/airflow/dags/kafka_load.py for tasks to queue
[2026-04-21T07:34:10.492+0000] {logging_mixin.py:190} INFO - [2026-04-21T07:34:10.491+0000] {dagbag.py:588} INFO - Filling up the DagBag from /opt/airflow/dags/kafka_load.py
[2026-04-21T07:34:10.565+0000] {processor.py:925} INFO - DAG(s) 'kafka_producer' retrieved from /opt/airflow/dags/kafka_load.py
[2026-04-21T07:34:10.639+0000] {logging_mixin.py:190} INFO - [2026-04-21T07:34:10.639+0000] {dag.py:3239} INFO - Sync 1 DAGs
[2026-04-21T07:34:10.684+0000] {logging_mixin.py:190} INFO - [2026-04-21T07:34:10.683+0000] {dag.py:4180} INFO - Setting next_dagrun for kafka_producer to 2026-04-20 18:30:00+00:00, run_after=2026-04-21 18:30:00+00:00
[2026-04-21T07:34:10.737+0000] {processor.py:208} INFO - Processing /opt/airflow/dags/kafka_load.py took 0.295 seconds
[2026-04-21T07:34:41.322+0000] {processor.py:186} INFO - Started process (PID=36) to work on /opt/airflow/dags/kafka_load.py
[2026-04-21T07:34:41.324+0000] {processor.py:914} INFO - Processing file /opt/airflow/dags/kafka_load.py for tasks to queue
[2026-04-21T07:34:41.328+0000] {logging_mixin.py:190} INFO - [2026-04-21T07:34:41.327+0000] {dagbag.py:588} INFO - Filling up the DagBag from /opt/airflow/dags/kafka_load.py
[2026-04-21T07:34:41.370+0000] {processor.py:925} INFO - DAG(s) 'kafka_producer' retrieved from /opt/airflow/dags/kafka_load.py
[2026-04-21T07:34:41.398+0000] {logging_mixin.py:190} INFO - [2026-04-21T07:34:41.398+0000] {dag.py:3239} INFO - Sync 1 DAGs
[2026-04-21T07:34:41.431+0000] {logging_mixin.py:190} INFO - [2026-04-21T07:34:41.431+0000] {dag.py:4180} INFO - Setting next_dagrun for kafka_producer to 2026-04-20 18:30:00+00:00, run_after=2026-04-21 18:30:00+00:00
[2026-04-21T07:34:41.454+0000] {processor.py:208} INFO - Processing /opt/airflow/dags/kafka_load.py took 0.146 seconds
[2026-04-21T07:35:11.879+0000] {processor.py:186} INFO - Started process (PID=39) to work on /opt/airflow/dags/kafka_load.py
[2026-04-21T07:35:11.884+0000] {processor.py:914} INFO - Processing file /opt/airflow/dags/kafka_load.py for tasks to queue
[2026-04-21T07:35:11.888+0000] {logging_mixin.py:190} INFO - [2026-04-21T07:35:11.887+0000] {dagbag.py:588} INFO - Filling up the DagBag from /opt/airflow/dags/kafka_load.py
[2026-04-21T07:35:11.924+0000] {processor.py:925} INFO - DAG(s) 'kafka_producer' retrieved from /opt/airflow/dags/kafka_load.py
[2026-04-21T07:35:11.960+0000] {logging_mixin.py:190} INFO - [2026-04-21T07:35:11.959+0000] {dag.py:3239} INFO - Sync 1 DAGs
[2026-04-21T07:35:11.995+0000] {logging_mixin.py:190} INFO - [2026-04-21T07:35:11.994+0000] {dag.py:4180} INFO - Setting next_dagrun for kafka_producer to 2026-04-20 18:30:00+00:00, run_after=2026-04-21 18:30:00+00:00
[2026-04-21T07:35:12.025+0000] {processor.py:208} INFO - Processing /opt/airflow/dags/kafka_load.py took 0.156 seconds
[2026-04-21T07:35:27.394+0000] {processor.py:186} INFO - Started process (PID=42) to work on /opt/airflow/dags/kafka_load.py
[2026-04-21T07:35:27.396+0000] {processor.py:914} INFO - Processing file /opt/airflow/dags/kafka_load.py for tasks to queue
[2026-04-21T07:35:27.399+0000] {logging_mixin.py:190} INFO - [2026-04-21T07:35:27.399+0000] {dagbag.py:588} INFO - Filling up the DagBag from /opt/airflow/dags/kafka_load.py
[2026-04-21T07:35:27.439+0000] {processor.py:925} INFO - DAG(s) 'kafka_producer' retrieved from /opt/airflow/dags/kafka_load.py
[2026-04-21T07:35:27.465+0000] {logging_mixin.py:190} INFO - [2026-04-21T07:35:27.464+0000] {dag.py:3239} INFO - Sync 1 DAGs
[2026-04-21T07:35:27.507+0000] {logging_mixin.py:190} INFO - [2026-04-21T07:35:27.506+0000] {dag.py:4180} INFO - Setting next_dagrun for kafka_producer to 2026-04-20 18:30:00+00:00, run_after=2026-04-21 18:30:00+00:00
[2026-04-21T07:35:27.559+0000] {processor.py:208} INFO - Processing /opt/airflow/dags/kafka_load.py took 0.177 seconds
[2026-04-21T07:35:32.527+0000] {processor.py:186} INFO - Started process (PID=43) to work on /opt/airflow/dags/kafka_load.py
[2026-04-21T07:35:32.529+0000] {processor.py:914} INFO - Processing file /opt/airflow/dags/kafka_load.py for tasks to queue
[2026-04-21T07:35:32.536+0000] {logging_mixin.py:190} INFO - [2026-04-21T07:35:32.535+0000] {dagbag.py:588} INFO - Filling up the DagBag from /opt/airflow/dags/kafka_load.py
[2026-04-21T07:35:32.574+0000] {processor.py:925} INFO - DAG(s) 'kafka_producer' retrieved from /opt/airflow/dags/kafka_load.py
[2026-04-21T07:35:32.612+0000] {logging_mixin.py:190} INFO - [2026-04-21T07:35:32.611+0000] {dag.py:3239} INFO - Sync 1 DAGs
[2026-04-21T07:35:32.655+0000] {logging_mixin.py:190} INFO - [2026-04-21T07:35:32.655+0000] {dag.py:4180} INFO - Setting next_dagrun for kafka_producer to 2026-04-20 18:30:00+00:00, run_after=2026-04-21 18:30:00+00:00
[2026-04-21T07:35:32.691+0000] {processor.py:208} INFO - Processing /opt/airflow/dags/kafka_load.py took 0.177 seconds
[2026-04-21T07:36:03.253+0000] {processor.py:186} INFO - Started process (PID=46) to work on /opt/airflow/dags/kafka_load.py
[2026-04-21T07:36:03.255+0000] {processor.py:914} INFO - Processing file /opt/airflow/dags/kafka_load.py for tasks to queue
[2026-04-21T07:36:03.259+0000] {logging_mixin.py:190} INFO - [2026-04-21T07:36:03.258+0000] {dagbag.py:588} INFO - Filling up the DagBag from /opt/airflow/dags/kafka_load.py
[2026-04-21T07:36:03.294+0000] {processor.py:925} INFO - DAG(s) 'kafka_producer' retrieved from /opt/airflow/dags/kafka_load.py
[2026-04-21T07:36:03.334+0000] {logging_mixin.py:190} INFO - [2026-04-21T07:36:03.334+0000] {dag.py:3239} INFO - Sync 1 DAGs
[2026-04-21T07:36:03.368+0000] {logging_mixin.py:190} INFO - [2026-04-21T07:36:03.368+0000] {dag.py:4180} INFO - Setting next_dagrun for kafka_producer to 2026-04-20 18:30:00+00:00, run_after=2026-04-21 18:30:00+00:00
[2026-04-21T07:36:03.490+0000] {processor.py:208} INFO - Processing /opt/airflow/dags/kafka_load.py took 0.246 seconds
[2026-04-21T07:36:33.936+0000] {processor.py:186} INFO - Started process (PID=49) to work on /opt/airflow/dags/kafka_load.py
[2026-04-21T07:36:33.937+0000] {processor.py:914} INFO - Processing file /opt/airflow/dags/kafka_load.py for tasks to queue
[2026-04-21T07:36:33.940+0000] {logging_mixin.py:190} INFO - [2026-04-21T07:36:33.940+0000] {dagbag.py:588} INFO - Filling up the DagBag from /opt/airflow/dags/kafka_load.py
[2026-04-21T07:36:33.971+0000] {processor.py:925} INFO - DAG(s) 'kafka_producer' retrieved from /opt/airflow/dags/kafka_load.py
[2026-04-21T07:36:34.003+0000] {logging_mixin.py:190} INFO - [2026-04-21T07:36:34.003+0000] {dag.py:3239} INFO - Sync 1 DAGs
[2026-04-21T07:36:34.039+0000] {logging_mixin.py:190} INFO - [2026-04-21T07:36:34.039+0000] {dag.py:4180} INFO - Setting next_dagrun for kafka_producer to 2026-04-20 18:30:00+00:00, run_after=2026-04-21 18:30:00+00:00
[2026-04-21T07:36:34.069+0000] {processor.py:208} INFO - Processing /opt/airflow/dags/kafka_load.py took 0.142 seconds
[2026-04-21T07:37:04.573+0000] {processor.py:186} INFO - Started process (PID=52) to work on /opt/airflow/dags/kafka_load.py
[2026-04-21T07:37:04.575+0000] {processor.py:914} INFO - Processing file /opt/airflow/dags/kafka_load.py for tasks to queue
[2026-04-21T07:37:04.578+0000] {logging_mixin.py:190} INFO - [2026-04-21T07:37:04.578+0000] {dagbag.py:588} INFO - Filling up the DagBag from /opt/airflow/dags/kafka_load.py
[2026-04-21T07:37:04.615+0000] {processor.py:925} INFO - DAG(s) 'kafka_producer' retrieved from /opt/airflow/dags/kafka_load.py
[2026-04-21T07:37:04.644+0000] {logging_mixin.py:190} INFO - [2026-04-21T07:37:04.644+0000] {dag.py:3239} INFO - Sync 1 DAGs
[2026-04-21T07:37:04.676+0000] {logging_mixin.py:190} INFO - [2026-04-21T07:37:04.676+0000] {dag.py:4180} INFO - Setting next_dagrun for kafka_producer to 2026-04-20 18:30:00+00:00, run_after=2026-04-21 18:30:00+00:00
[2026-04-21T07:37:04.703+0000] {processor.py:208} INFO - Processing /opt/airflow/dags/kafka_load.py took 0.140 seconds
[2026-04-21T07:37:35.108+0000] {processor.py:186} INFO - Started process (PID=55) to work on /opt/airflow/dags/kafka_load.py
[2026-04-21T07:37:35.110+0000] {processor.py:914} INFO - Processing file /opt/airflow/dags/kafka_load.py for tasks to queue
[2026-04-21T07:37:35.113+0000] {logging_mixin.py:190} INFO - [2026-04-21T07:37:35.112+0000] {dagbag.py:588} INFO - Filling up the DagBag from /opt/airflow/dags/kafka_load.py
[2026-04-21T07:37:35.147+0000] {processor.py:925} INFO - DAG(s) 'kafka_producer' retrieved from /opt/airflow/dags/kafka_load.py
[2026-04-21T07:37:35.179+0000] {logging_mixin.py:190} INFO - [2026-04-21T07:37:35.179+0000] {dag.py:3239} INFO - Sync 1 DAGs
[2026-04-21T07:37:35.214+0000] {logging_mixin.py:190} INFO - [2026-04-21T07:37:35.213+0000] {dag.py:4180} INFO - Setting next_dagrun for kafka_producer to 2026-04-20 18:30:00+00:00, run_after=2026-04-21 18:30:00+00:00
[2026-04-21T07:37:35.238+0000] {processor.py:208} INFO - Processing /opt/airflow/dags/kafka_load.py took 0.138 seconds
[2026-04-21T07:38:05.754+0000] {processor.py:186} INFO - Started process (PID=58) to work on /opt/airflow/dags/kafka_load.py
[2026-04-21T07:38:05.756+0000] {processor.py:914} INFO - Processing file /opt/airflow/dags/kafka_load.py for tasks to queue
[2026-04-21T07:38:05.760+0000] {logging_mixin.py:190} INFO - [2026-04-21T07:38:05.759+0000] {dagbag.py:588} INFO - Filling up the DagBag from /opt/airflow/dags/kafka_load.py
[2026-04-21T07:38:05.800+0000] {processor.py:925} INFO - DAG(s) 'kafka_producer' retrieved from /opt/airflow/dags/kafka_load.py
[2026-04-21T07:38:05.842+0000] {logging_mixin.py:190} INFO - [2026-04-21T07:38:05.842+0000] {dag.py:3239} INFO - Sync 1 DAGs
[2026-04-21T07:38:05.889+0000] {logging_mixin.py:190} INFO - [2026-04-21T07:38:05.889+0000] {dag.py:4180} INFO - Setting next_dagrun for kafka_producer to 2026-04-20 18:30:00+00:00, run_after=2026-04-21 18:30:00+00:00
[2026-04-21T07:38:05.918+0000] {processor.py:208} INFO - Processing /opt/airflow/dags/kafka_load.py took 0.173 seconds
[2026-04-21T07:38:36.405+0000] {processor.py:186} INFO - Started process (PID=61) to work on /opt/airflow/dags/kafka_load.py
[2026-04-21T07:38:36.407+0000] {processor.py:914} INFO - Processing file /opt/airflow/dags/kafka_load.py for tasks to queue
[2026-04-21T07:38:36.410+0000] {logging_mixin.py:190} INFO - [2026-04-21T07:38:36.409+0000] {dagbag.py:588} INFO - Filling up the DagBag from /opt/airflow/dags/kafka_load.py
[2026-04-21T07:38:36.451+0000] {processor.py:925} INFO - DAG(s) 'kafka_producer' retrieved from /opt/airflow/dags/kafka_load.py
[2026-04-21T07:38:36.527+0000] {logging_mixin.py:190} INFO - [2026-04-21T07:38:36.526+0000] {dag.py:3239} INFO - Sync 1 DAGs
[2026-04-21T07:38:36.581+0000] {logging_mixin.py:190} INFO - [2026-04-21T07:38:36.581+0000] {dag.py:4180} INFO - Setting next_dagrun for kafka_producer to 2026-04-20 18:30:00+00:00, run_after=2026-04-21 18:30:00+00:00
[2026-04-21T07:38:37.328+0000] {processor.py:208} INFO - Processing /opt/airflow/dags/kafka_load.py took 0.931 seconds
[2026-04-21T07:39:08.005+0000] {processor.py:186} INFO - Started process (PID=64) to work on /opt/airflow/dags/kafka_load.py
[2026-04-21T07:39:08.006+0000] {processor.py:914} INFO - Processing file /opt/airflow/dags/kafka_load.py for tasks to queue
[2026-04-21T07:39:08.010+0000] {logging_mixin.py:190} INFO - [2026-04-21T07:39:08.009+0000] {dagbag.py:588} INFO - Filling up the DagBag from /opt/airflow/dags/kafka_load.py
[2026-04-21T07:39:08.047+0000] {processor.py:925} INFO - DAG(s) 'kafka_producer' retrieved from /opt/airflow/dags/kafka_load.py
[2026-04-21T07:39:08.075+0000] {logging_mixin.py:190} INFO - [2026-04-21T07:39:08.074+0000] {dag.py:3239} INFO - Sync 1 DAGs
[2026-04-21T07:39:08.107+0000] {logging_mixin.py:190} INFO - [2026-04-21T07:39:08.107+0000] {dag.py:4180} INFO - Setting next_dagrun for kafka_producer to 2026-04-20 18:30:00+00:00, run_after=2026-04-21 18:30:00+00:00
[2026-04-21T07:39:08.131+0000] {processor.py:208} INFO - Processing /opt/airflow/dags/kafka_load.py took 0.136 seconds
[2026-04-21T07:39:38.554+0000] {processor.py:186} INFO - Started process (PID=67) to work on /opt/airflow/dags/kafka_load.py
[2026-04-21T07:39:38.555+0000] {processor.py:914} INFO - Processing file /opt/airflow/dags/kafka_load.py for tasks to queue
[2026-04-21T07:39:38.559+0000] {logging_mixin.py:190} INFO - [2026-04-21T07:39:38.558+0000] {dagbag.py:588} INFO - Filling up the DagBag from /opt/airflow/dags/kafka_load.py
[2026-04-21T07:39:38.589+0000] {processor.py:925} INFO - DAG(s) 'kafka_producer' retrieved from /opt/airflow/dags/kafka_load.py
[2026-04-21T07:39:38.619+0000] {logging_mixin.py:190} INFO - [2026-04-21T07:39:38.619+0000] {dag.py:3239} INFO - Sync 1 DAGs
[2026-04-21T07:39:38.652+0000] {logging_mixin.py:190} INFO - [2026-04-21T07:39:38.652+0000] {dag.py:4180} INFO - Setting next_dagrun for kafka_producer to 2026-04-20 18:30:00+00:00, run_after=2026-04-21 18:30:00+00:00
[2026-04-21T07:39:38.679+0000] {processor.py:208} INFO - Processing /opt/airflow/dags/kafka_load.py took 0.134 seconds
[2026-04-21T07:40:08.282+0000] {processor.py:186} INFO - Started process (PID=70) to work on /opt/airflow/dags/kafka_load.py
[2026-04-21T07:40:08.284+0000] {processor.py:914} INFO - Processing file /opt/airflow/dags/kafka_load.py for tasks to queue
[2026-04-21T07:40:08.287+0000] {logging_mixin.py:190} INFO - [2026-04-21T07:40:08.287+0000] {dagbag.py:588} INFO - Filling up the DagBag from /opt/airflow/dags/kafka_load.py
[2026-04-21T07:40:08.329+0000] {processor.py:925} INFO - DAG(s) 'kafka_producer' retrieved from /opt/airflow/dags/kafka_load.py
[2026-04-21T07:40:08.356+0000] {logging_mixin.py:190} INFO - [2026-04-21T07:40:08.356+0000] {dag.py:3239} INFO - Sync 1 DAGs
[2026-04-21T07:40:08.386+0000] {logging_mixin.py:190} INFO - [2026-04-21T07:40:08.386+0000] {dag.py:4180} INFO - Setting next_dagrun for kafka_producer to 2026-04-20 18:30:00+00:00, run_after=2026-04-21 18:30:00+00:00
[2026-04-21T07:40:08.432+0000] {processor.py:208} INFO - Processing /opt/airflow/dags/kafka_load.py took 0.158 seconds
[2026-04-21T07:40:38.957+0000] {processor.py:186} INFO - Started process (PID=73) to work on /opt/airflow/dags/kafka_load.py
[2026-04-21T07:40:38.958+0000] {processor.py:914} INFO - Processing file /opt/airflow/dags/kafka_load.py for tasks to queue
[2026-04-21T07:40:38.961+0000] {logging_mixin.py:190} INFO - [2026-04-21T07:40:38.961+0000] {dagbag.py:588} INFO - Filling up the DagBag from /opt/airflow/dags/kafka_load.py
[2026-04-21T07:40:39.003+0000] {processor.py:925} INFO - DAG(s) 'kafka_producer' retrieved from /opt/airflow/dags/kafka_load.py
[2026-04-21T07:40:39.080+0000] {logging_mixin.py:190} INFO - [2026-04-21T07:40:39.079+0000] {dag.py:3239} INFO - Sync 1 DAGs
[2026-04-21T07:40:39.122+0000] {logging_mixin.py:190} INFO - [2026-04-21T07:40:39.122+0000] {dag.py:4180} INFO - Setting next_dagrun for kafka_producer to 2026-04-20 18:30:00+00:00, run_after=2026-04-21 18:30:00+00:00
[2026-04-21T07:40:39.151+0000] {processor.py:208} INFO - Processing /opt/airflow/dags/kafka_load.py took 0.203 seconds
[2026-04-21T07:40:56.785+0000] {processor.py:186} INFO - Started process (PID=76) to work on /opt/airflow/dags/kafka_load.py
[2026-04-21T07:40:56.786+0000] {processor.py:914} INFO - Processing file /opt/airflow/dags/kafka_load.py for tasks to queue
[2026-04-21T07:40:56.790+0000] {logging_mixin.py:190} INFO - [2026-04-21T07:40:56.789+0000] {dagbag.py:588} INFO - Filling up the DagBag from /opt/airflow/dags/kafka_load.py
[2026-04-21T07:40:56.888+0000] {processor.py:925} INFO - DAG(s) 'kafka_producer' retrieved from /opt/airflow/dags/kafka_load.py
[2026-04-21T07:40:57.643+0000] {logging_mixin.py:190} INFO - [2026-04-21T07:40:57.642+0000] {dag.py:3239} INFO - Sync 1 DAGs
[2026-04-21T07:40:57.679+0000] {logging_mixin.py:190} INFO - [2026-04-21T07:40:57.679+0000] {dag.py:4180} INFO - Setting next_dagrun for kafka_producer to 2026-04-20 18:30:00+00:00, run_after=2026-04-21 18:30:00+00:00
[2026-04-21T07:40:57.708+0000] {processor.py:208} INFO - Processing /opt/airflow/dags/kafka_load.py took 0.936 seconds
[2026-04-21T07:41:17.895+0000] {processor.py:186} INFO - Started process (PID=78) to work on /opt/airflow/dags/kafka_load.py
[2026-04-21T07:41:17.896+0000] {processor.py:914} INFO - Processing file /opt/airflow/dags/kafka_load.py for tasks to queue
[2026-04-21T07:41:17.900+0000] {logging_mixin.py:190} INFO - [2026-04-21T07:41:17.899+0000] {dagbag.py:588} INFO - Filling up the DagBag from /opt/airflow/dags/kafka_load.py
[2026-04-21T07:41:17.941+0000] {processor.py:925} INFO - DAG(s) 'kafka_producer' retrieved from /opt/airflow/dags/kafka_load.py
[2026-04-21T07:41:17.978+0000] {logging_mixin.py:190} INFO - [2026-04-21T07:41:17.977+0000] {dag.py:3239} INFO - Sync 1 DAGs
[2026-04-21T07:41:18.013+0000] {logging_mixin.py:190} INFO - [2026-04-21T07:41:18.013+0000] {dag.py:4180} INFO - Setting next_dagrun for kafka_producer to 2026-04-20 18:30:00+00:00, run_after=2026-04-21 18:30:00+00:00
[2026-04-21T07:41:18.047+0000] {processor.py:208} INFO - Processing /opt/airflow/dags/kafka_load.py took 0.161 seconds
[2026-04-21T07:41:22.181+0000] {processor.py:186} INFO - Started process (PID=80) to work on /opt/airflow/dags/kafka_load.py
[2026-04-21T07:41:22.182+0000] {processor.py:914} INFO - Processing file /opt/airflow/dags/kafka_load.py for tasks to queue
[2026-04-21T07:41:22.185+0000] {logging_mixin.py:190} INFO - [2026-04-21T07:41:22.185+0000] {dagbag.py:588} INFO - Filling up the DagBag from /opt/airflow/dags/kafka_load.py
[2026-04-21T07:41:22.220+0000] {processor.py:925} INFO - DAG(s) 'kafka_producer' retrieved from /opt/airflow/dags/kafka_load.py
[2026-04-21T07:41:22.251+0000] {logging_mixin.py:190} INFO - [2026-04-21T07:41:22.250+0000] {dag.py:3239} INFO - Sync 1 DAGs
[2026-04-21T07:41:22.282+0000] {logging_mixin.py:190} INFO - [2026-04-21T07:41:22.282+0000] {dag.py:4180} INFO - Setting next_dagrun for kafka_producer to 2026-04-20 18:30:00+00:00, run_after=2026-04-21 18:30:00+00:00
[2026-04-21T07:41:22.314+0000] {processor.py:208} INFO - Processing /opt/airflow/dags/kafka_load.py took 0.141 seconds
[2026-04-21T07:41:52.694+0000] {processor.py:186} INFO - Started process (PID=83) to work on /opt/airflow/dags/kafka_load.py
[2026-04-21T07:41:52.696+0000] {processor.py:914} INFO - Processing file /opt/airflow/dags/kafka_load.py for tasks to queue
[2026-04-21T07:41:52.699+0000] {logging_mixin.py:190} INFO - [2026-04-21T07:41:52.699+0000] {dagbag.py:588} INFO - Filling up the DagBag from /opt/airflow/dags/kafka_load.py
[2026-04-21T07:41:52.737+0000] {processor.py:925} INFO - DAG(s) 'kafka_producer' retrieved from /opt/airflow/dags/kafka_load.py
[2026-04-21T07:41:52.769+0000] {logging_mixin.py:190} INFO - [2026-04-21T07:41:52.768+0000] {dag.py:3239} INFO - Sync 1 DAGs
[2026-04-21T07:41:52.801+0000] {logging_mixin.py:190} INFO - [2026-04-21T07:41:52.801+0000] {dag.py:4180} INFO - Setting next_dagrun for kafka_producer to 2026-04-20 18:30:00+00:00, run_after=2026-04-21 18:30:00+00:00
[2026-04-21T07:41:52.826+0000] {processor.py:208} INFO - Processing /opt/airflow/dags/kafka_load.py took 0.140 seconds
[2026-04-21T07:42:23.423+0000] {processor.py:186} INFO - Started process (PID=86) to work on /opt/airflow/dags/kafka_load.py
[2026-04-21T07:42:23.425+0000] {processor.py:914} INFO - Processing file /opt/airflow/dags/kafka_load.py for tasks to queue
[2026-04-21T07:42:23.431+0000] {logging_mixin.py:190} INFO - [2026-04-21T07:42:23.430+0000] {dagbag.py:588} INFO - Filling up the DagBag from /opt/airflow/dags/kafka_load.py
[2026-04-21T07:42:23.466+0000] {processor.py:925} INFO - DAG(s) 'kafka_producer' retrieved from /opt/airflow/dags/kafka_load.py
[2026-04-21T07:42:23.495+0000] {logging_mixin.py:190} INFO - [2026-04-21T07:42:23.494+0000] {dag.py:3239} INFO - Sync 1 DAGs
[2026-04-21T07:42:23.528+0000] {logging_mixin.py:190} INFO - [2026-04-21T07:42:23.528+0000] {dag.py:4180} INFO - Setting next_dagrun for kafka_producer to 2026-04-20 18:30:00+00:00, run_after=2026-04-21 18:30:00+00:00
[2026-04-21T07:42:23.552+0000] {processor.py:208} INFO - Processing /opt/airflow/dags/kafka_load.py took 0.140 seconds
[2026-04-21T07:42:33.662+0000] {processor.py:186} INFO - Started process (PID=87) to work on /opt/airflow/dags/kafka_load.py
[2026-04-21T07:42:33.664+0000] {processor.py:914} INFO - Processing file /opt/airflow/dags/kafka_load.py for tasks to queue
[2026-04-21T07:42:33.668+0000] {logging_mixin.py:190} INFO - [2026-04-21T07:42:33.668+0000] {dagbag.py:588} INFO - Filling up the DagBag from /opt/airflow/dags/kafka_load.py
[2026-04-21T07:42:33.715+0000] {processor.py:925} INFO - DAG(s) 'kafka_producer' retrieved from /opt/airflow/dags/kafka_load.py
[2026-04-21T07:42:33.748+0000] {logging_mixin.py:190} INFO - [2026-04-21T07:42:33.748+0000] {dag.py:3239} INFO - Sync 1 DAGs
[2026-04-21T07:42:33.778+0000] {logging_mixin.py:190} INFO - [2026-04-21T07:42:33.778+0000] {dag.py:4180} INFO - Setting next_dagrun for kafka_producer to 2026-04-20 18:30:00+00:00, run_after=2026-04-21 18:30:00+00:00
[2026-04-21T07:42:35.071+0000] {processor.py:208} INFO - Processing /opt/airflow/dags/kafka_load.py took 1.419 seconds
[2026-04-21T07:42:44.333+0000] {processor.py:186} INFO - Started process (PID=88) to work on /opt/airflow/dags/kafka_load.py
[2026-04-21T07:42:44.335+0000] {processor.py:914} INFO - Processing file /opt/airflow/dags/kafka_load.py for tasks to queue
[2026-04-21T07:42:44.342+0000] {logging_mixin.py:190} INFO - [2026-04-21T07:42:44.341+0000] {dagbag.py:588} INFO - Filling up the DagBag from /opt/airflow/dags/kafka_load.py
[2026-04-21T07:42:44.383+0000] {processor.py:925} INFO - DAG(s) 'kafka_producer' retrieved from /opt/airflow/dags/kafka_load.py
[2026-04-21T07:42:44.408+0000] {logging_mixin.py:190} INFO - [2026-04-21T07:42:44.408+0000] {dag.py:3239} INFO - Sync 1 DAGs
[2026-04-21T07:42:44.440+0000] {logging_mixin.py:190} INFO - [2026-04-21T07:42:44.440+0000] {dag.py:4180} INFO - Setting next_dagrun for kafka_producer to 2026-04-20 18:30:00+00:00, run_after=2026-04-21 18:30:00+00:00
[2026-04-21T07:42:44.472+0000] {processor.py:208} INFO - Processing /opt/airflow/dags/kafka_load.py took 0.151 seconds
[2026-04-21T07:43:15.024+0000] {processor.py:186} INFO - Started process (PID=91) to work on /opt/airflow/dags/kafka_load.py
[2026-04-21T07:43:15.025+0000] {processor.py:914} INFO - Processing file /opt/airflow/dags/kafka_load.py for tasks to queue
[2026-04-21T07:43:15.029+0000] {logging_mixin.py:190} INFO - [2026-04-21T07:43:15.028+0000] {dagbag.py:588} INFO - Filling up the DagBag from /opt/airflow/dags/kafka_load.py
[2026-04-21T07:43:15.061+0000] {processor.py:925} INFO - DAG(s) 'kafka_producer' retrieved from /opt/airflow/dags/kafka_load.py
[2026-04-21T07:43:15.088+0000] {logging_mixin.py:190} INFO - [2026-04-21T07:43:15.088+0000] {dag.py:3239} INFO - Sync 1 DAGs
[2026-04-21T07:43:15.117+0000] {logging_mixin.py:190} INFO - [2026-04-21T07:43:15.116+0000] {dag.py:4180} INFO - Setting next_dagrun for kafka_producer to 2026-04-20 18:30:00+00:00, run_after=2026-04-21 18:30:00+00:00
[2026-04-21T07:43:15.143+0000] {processor.py:208} INFO - Processing /opt/airflow/dags/kafka_load.py took 0.127 seconds
[2026-04-21T07:43:22.435+0000] {processor.py:186} INFO - Started process (PID=94) to work on /opt/airflow/dags/kafka_load.py
[2026-04-21T07:43:22.437+0000] {processor.py:914} INFO - Processing file /opt/airflow/dags/kafka_load.py for tasks to queue
[2026-04-21T07:43:22.443+0000] {logging_mixin.py:190} INFO - [2026-04-21T07:43:22.442+0000] {dagbag.py:588} INFO - Filling up the DagBag from /opt/airflow/dags/kafka_load.py
[2026-04-21T07:43:22.485+0000] {processor.py:925} INFO - DAG(s) 'kafka_producer' retrieved from /opt/airflow/dags/kafka_load.py
[2026-04-21T07:43:22.515+0000] {logging_mixin.py:190} INFO - [2026-04-21T07:43:22.514+0000] {dag.py:3239} INFO - Sync 1 DAGs
[2026-04-21T07:43:22.585+0000] {logging_mixin.py:190} INFO - [2026-04-21T07:43:22.585+0000] {dag.py:4180} INFO - Setting next_dagrun for kafka_producer to 2026-04-20 18:30:00+00:00, run_after=2026-04-21 18:30:00+00:00
[2026-04-21T07:43:22.681+0000] {processor.py:208} INFO - Processing /opt/airflow/dags/kafka_load.py took 0.256 seconds
[2026-04-21T07:43:24.481+0000] {processor.py:186} INFO - Started process (PID=95) to work on /opt/airflow/dags/kafka_load.py
[2026-04-21T07:43:24.482+0000] {processor.py:914} INFO - Processing file /opt/airflow/dags/kafka_load.py for tasks to queue
[2026-04-21T07:43:24.485+0000] {logging_mixin.py:190} INFO - [2026-04-21T07:43:24.485+0000] {dagbag.py:588} INFO - Filling up the DagBag from /opt/airflow/dags/kafka_load.py
[2026-04-21T07:43:24.524+0000] {processor.py:925} INFO - DAG(s) 'kafka_producer' retrieved from /opt/airflow/dags/kafka_load.py
[2026-04-21T07:43:24.553+0000] {logging_mixin.py:190} INFO - [2026-04-21T07:43:24.553+0000] {dag.py:3239} INFO - Sync 1 DAGs
[2026-04-21T07:43:24.586+0000] {logging_mixin.py:190} INFO - [2026-04-21T07:43:24.586+0000] {dag.py:4180} INFO - Setting next_dagrun for kafka_producer to 2026-04-20 18:30:00+00:00, run_after=2026-04-21 18:30:00+00:00
[2026-04-21T07:43:24.616+0000] {processor.py:208} INFO - Processing /opt/airflow/dags/kafka_load.py took 0.146 seconds
[2026-04-21T07:43:55.310+0000] {processor.py:186} INFO - Started process (PID=98) to work on /opt/airflow/dags/kafka_load.py
[2026-04-21T07:43:55.311+0000] {processor.py:914} INFO - Processing file /opt/airflow/dags/kafka_load.py for tasks to queue
[2026-04-21T07:43:55.315+0000] {logging_mixin.py:190} INFO - [2026-04-21T07:43:55.314+0000] {dagbag.py:588} INFO - Filling up the DagBag from /opt/airflow/dags/kafka_load.py
[2026-04-21T07:43:55.352+0000] {processor.py:925} INFO - DAG(s) 'kafka_producer' retrieved from /opt/airflow/dags/kafka_load.py
[2026-04-21T07:43:55.380+0000] {logging_mixin.py:190} INFO - [2026-04-21T07:43:55.380+0000] {dag.py:3239} INFO - Sync 1 DAGs
[2026-04-21T07:43:55.412+0000] {logging_mixin.py:190} INFO - [2026-04-21T07:43:55.412+0000] {dag.py:4180} INFO - Setting next_dagrun for kafka_producer to 2026-04-20 18:30:00+00:00, run_after=2026-04-21 18:30:00+00:00
[2026-04-21T07:43:55.441+0000] {processor.py:208} INFO - Processing /opt/airflow/dags/kafka_load.py took 0.141 seconds
[2026-04-21T07:44:25.883+0000] {processor.py:186} INFO - Started process (PID=101) to work on /opt/airflow/dags/kafka_load.py
[2026-04-21T07:44:25.884+0000] {processor.py:914} INFO - Processing file /opt/airflow/dags/kafka_load.py for tasks to queue
[2026-04-21T07:44:25.887+0000] {logging_mixin.py:190} INFO - [2026-04-21T07:44:25.887+0000] {dagbag.py:588} INFO - Filling up the DagBag from /opt/airflow/dags/kafka_load.py
[2026-04-21T07:44:25.915+0000] {processor.py:925} INFO - DAG(s) 'kafka_producer' retrieved from /opt/airflow/dags/kafka_load.py
[2026-04-21T07:44:25.941+0000] {logging_mixin.py:190} INFO - [2026-04-21T07:44:25.941+0000] {dag.py:3239} INFO - Sync 1 DAGs
[2026-04-21T07:44:25.972+0000] {logging_mixin.py:190} INFO - [2026-04-21T07:44:25.972+0000] {dag.py:4180} INFO - Setting next_dagrun for kafka_producer to 2026-04-20 18:30:00+00:00, run_after=2026-04-21 18:30:00+00:00
[2026-04-21T07:44:25.995+0000] {processor.py:208} INFO - Processing /opt/airflow/dags/kafka_load.py took 0.121 seconds
[2026-04-21T07:44:56.509+0000] {processor.py:186} INFO - Started process (PID=104) to work on /opt/airflow/dags/kafka_load.py
[2026-04-21T07:44:56.531+0000] {processor.py:914} INFO - Processing file /opt/airflow/dags/kafka_load.py for tasks to queue
[2026-04-21T07:44:56.536+0000] {logging_mixin.py:190} INFO - [2026-04-21T07:44:56.535+0000] {dagbag.py:588} INFO - Filling up the DagBag from /opt/airflow/dags/kafka_load.py
[2026-04-21T07:44:56.576+0000] {processor.py:925} INFO - DAG(s) 'kafka_producer' retrieved from /opt/airflow/dags/kafka_load.py
[2026-04-21T07:44:56.609+0000] {logging_mixin.py:190} INFO - [2026-04-21T07:44:56.608+0000] {dag.py:3239} INFO - Sync 1 DAGs
[2026-04-21T07:44:56.648+0000] {logging_mixin.py:190} INFO - [2026-04-21T07:44:56.648+0000] {dag.py:4180} INFO - Setting next_dagrun for kafka_producer to 2026-04-20 18:30:00+00:00, run_after=2026-04-21 18:30:00+00:00
[2026-04-21T07:44:57.254+0000] {processor.py:208} INFO - Processing /opt/airflow/dags/kafka_load.py took 0.757 seconds
[2026-04-21T07:45:16.687+0000] {processor.py:186} INFO - Started process (PID=105) to work on /opt/airflow/dags/kafka_load.py
[2026-04-21T07:45:16.688+0000] {processor.py:914} INFO - Processing file /opt/airflow/dags/kafka_load.py for tasks to queue
[2026-04-21T07:45:16.694+0000] {logging_mixin.py:190} INFO - [2026-04-21T07:45:16.693+0000] {dagbag.py:588} INFO - Filling up the DagBag from /opt/airflow/dags/kafka_load.py
[2026-04-21T07:45:16.742+0000] {processor.py:925} INFO - DAG(s) 'kafka_producer' retrieved from /opt/airflow/dags/kafka_load.py
[2026-04-21T07:45:16.771+0000] {logging_mixin.py:190} INFO - [2026-04-21T07:45:16.770+0000] {dag.py:3239} INFO - Sync 1 DAGs
[2026-04-21T07:45:16.802+0000] {logging_mixin.py:190} INFO - [2026-04-21T07:45:16.802+0000] {dag.py:4180} INFO - Setting next_dagrun for kafka_producer to 2026-04-20 18:30:00+00:00, run_after=2026-04-21 18:30:00+00:00
[2026-04-21T07:45:16.833+0000] {processor.py:208} INFO - Processing /opt/airflow/dags/kafka_load.py took 0.155 seconds
[2026-04-21T07:45:23.001+0000] {processor.py:186} INFO - Started process (PID=107) to work on /opt/airflow/dags/kafka_load.py
[2026-04-21T07:45:23.003+0000] {processor.py:914} INFO - Processing file /opt/airflow/dags/kafka_load.py for tasks to queue
[2026-04-21T07:45:23.008+0000] {logging_mixin.py:190} INFO - [2026-04-21T07:45:23.008+0000] {dagbag.py:588} INFO - Filling up the DagBag from /opt/airflow/dags/kafka_load.py
[2026-04-21T07:45:23.061+0000] {processor.py:925} INFO - DAG(s) 'kafka_producer' retrieved from /opt/airflow/dags/kafka_load.py
[2026-04-21T07:45:23.102+0000] {logging_mixin.py:190} INFO - [2026-04-21T07:45:23.100+0000] {dag.py:3239} INFO - Sync 1 DAGs
[2026-04-21T07:45:23.135+0000] {logging_mixin.py:190} INFO - [2026-04-21T07:45:23.135+0000] {dag.py:4180} INFO - Setting next_dagrun for kafka_producer to 2026-04-20 18:30:00+00:00, run_after=2026-04-21 18:30:00+00:00
[2026-04-21T07:45:23.170+0000] {processor.py:208} INFO - Processing /opt/airflow/dags/kafka_load.py took 0.181 seconds
[2026-04-21T07:45:29.396+0000] {processor.py:186} INFO - Started process (PID=109) to work on /opt/airflow/dags/kafka_load.py
[2026-04-21T07:45:29.398+0000] {processor.py:914} INFO - Processing file /opt/airflow/dags/kafka_load.py for tasks to queue
[2026-04-21T07:45:29.401+0000] {logging_mixin.py:190} INFO - [2026-04-21T07:45:29.401+0000] {dagbag.py:588} INFO - Filling up the DagBag from /opt/airflow/dags/kafka_load.py
[2026-04-21T07:45:29.441+0000] {processor.py:925} INFO - DAG(s) 'kafka_producer' retrieved from /opt/airflow/dags/kafka_load.py
[2026-04-21T07:45:29.488+0000] {logging_mixin.py:190} INFO - [2026-04-21T07:45:29.488+0000] {dag.py:3239} INFO - Sync 1 DAGs
[2026-04-21T07:45:29.520+0000] {logging_mixin.py:190} INFO - [2026-04-21T07:45:29.520+0000] {dag.py:4180} INFO - Setting next_dagrun for kafka_producer to 2026-04-20 18:30:00+00:00, run_after=2026-04-21 18:30:00+00:00
[2026-04-21T07:45:29.549+0000] {processor.py:208} INFO - Processing /opt/airflow/dags/kafka_load.py took 0.166 seconds
[2026-04-21T07:46:00.069+0000] {processor.py:186} INFO - Started process (PID=112) to work on /opt/airflow/dags/kafka_load.py
[2026-04-21T07:46:00.071+0000] {processor.py:914} INFO - Processing file /opt/airflow/dags/kafka_load.py for tasks to queue
[2026-04-21T07:46:00.074+0000] {logging_mixin.py:190} INFO - [2026-04-21T07:46:00.074+0000] {dagbag.py:588} INFO - Filling up the DagBag from /opt/airflow/dags/kafka_load.py
[2026-04-21T07:46:00.106+0000] {processor.py:925} INFO - DAG(s) 'kafka_producer' retrieved from /opt/airflow/dags/kafka_load.py
[2026-04-21T07:46:00.134+0000] {logging_mixin.py:190} INFO - [2026-04-21T07:46:00.133+0000] {dag.py:3239} INFO - Sync 1 DAGs
[2026-04-21T07:46:00.166+0000] {logging_mixin.py:190} INFO - [2026-04-21T07:46:00.166+0000] {dag.py:4180} INFO - Setting next_dagrun for kafka_producer to 2026-04-20 18:30:00+00:00, run_after=2026-04-21 18:30:00+00:00
[2026-04-21T07:46:00.189+0000] {processor.py:208} INFO - Processing /opt/airflow/dags/kafka_load.py took 0.128 seconds
[2026-04-21T07:46:09.285+0000] {processor.py:186} INFO - Started process (PID=113) to work on /opt/airflow/dags/kafka_load.py
[2026-04-21T07:46:09.293+0000] {processor.py:914} INFO - Processing file /opt/airflow/dags/kafka_load.py for tasks to queue
[2026-04-21T07:46:09.301+0000] {logging_mixin.py:190} INFO - [2026-04-21T07:46:09.300+0000] {dagbag.py:588} INFO - Filling up the DagBag from /opt/airflow/dags/kafka_load.py
[2026-04-21T07:46:09.356+0000] {processor.py:925} INFO - DAG(s) 'kafka_producer' retrieved from /opt/airflow/dags/kafka_load.py
[2026-04-21T07:46:09.395+0000] {logging_mixin.py:190} INFO - [2026-04-21T07:46:09.394+0000] {dag.py:3239} INFO - Sync 1 DAGs
[2026-04-21T07:46:09.431+0000] {logging_mixin.py:190} INFO - [2026-04-21T07:46:09.431+0000] {dag.py:4180} INFO - Setting next_dagrun for kafka_producer to 2026-04-20 18:30:00+00:00, run_after=2026-04-21 18:30:00+00:00
[2026-04-21T07:46:09.464+0000] {processor.py:208} INFO - Processing /opt/airflow/dags/kafka_load.py took 0.200 seconds
[2026-04-21T07:48:08.099+0000] {processor.py:186} INFO - Started process (PID=29) to work on /opt/airflow/dags/kafka_load.py
[2026-04-21T07:48:08.101+0000] {processor.py:914} INFO - Processing file /opt/airflow/dags/kafka_load.py for tasks to queue
[2026-04-21T07:48:08.108+0000] {logging_mixin.py:190} INFO - [2026-04-21T07:48:08.107+0000] {dagbag.py:588} INFO - Filling up the DagBag from /opt/airflow/dags/kafka_load.py
[2026-04-21T07:48:08.440+0000] {processor.py:925} INFO - DAG(s) 'kafka_producer' retrieved from /opt/airflow/dags/kafka_load.py
[2026-04-21T07:48:09.380+0000] {logging_mixin.py:190} INFO - [2026-04-21T07:48:09.380+0000] {override.py:1912} INFO - Created Permission View: can edit on DAG:kafka_producer
[2026-04-21T07:48:09.530+0000] {logging_mixin.py:190} INFO - [2026-04-21T07:48:09.530+0000] {override.py:1912} INFO - Created Permission View: can delete on DAG:kafka_producer
[2026-04-21T07:48:09.614+0000] {logging_mixin.py:190} INFO - [2026-04-21T07:48:09.607+0000] {override.py:1912} INFO - Created Permission View: can read on DAG:kafka_producer
[2026-04-21T07:48:09.655+0000] {logging_mixin.py:190} INFO - [2026-04-21T07:48:09.654+0000] {override.py:1912} INFO - Created Permission View: menu access on DAG Run:kafka_producer
[2026-04-21T07:48:09.695+0000] {logging_mixin.py:190} INFO - [2026-04-21T07:48:09.694+0000] {override.py:1912} INFO - Created Permission View: can delete on DAG Run:kafka_producer
[2026-04-21T07:48:09.731+0000] {logging_mixin.py:190} INFO - [2026-04-21T07:48:09.730+0000] {override.py:1912} INFO - Created Permission View: can create on DAG Run:kafka_producer
[2026-04-21T07:48:09.749+0000] {logging_mixin.py:190} INFO - [2026-04-21T07:48:09.748+0000] {override.py:1912} INFO - Created Permission View: can read on DAG Run:kafka_producer
[2026-04-21T07:48:09.756+0000] {logging_mixin.py:190} INFO - [2026-04-21T07:48:09.756+0000] {dag.py:3239} INFO - Sync 1 DAGs
[2026-04-21T07:48:09.791+0000] {logging_mixin.py:190} INFO - [2026-04-21T07:48:09.791+0000] {dag.py:3262} INFO - Creating ORM DAG for kafka_producer
[2026-04-21T07:48:09.848+0000] {logging_mixin.py:190} INFO - [2026-04-21T07:48:09.848+0000] {dag.py:4180} INFO - Setting next_dagrun for kafka_producer to 2026-04-19 18:30:00+00:00, run_after=2026-04-20 18:30:00+00:00
[2026-04-21T07:48:10.085+0000] {processor.py:208} INFO - Processing /opt/airflow/dags/kafka_load.py took 2.000 seconds
[2026-04-21T07:48:26.749+0000] {processor.py:186} INFO - Started process (PID=32) to work on /opt/airflow/dags/kafka_load.py
[2026-04-21T07:48:26.751+0000] {processor.py:914} INFO - Processing file /opt/airflow/dags/kafka_load.py for tasks to queue
[2026-04-21T07:48:26.755+0000] {logging_mixin.py:190} INFO - [2026-04-21T07:48:26.754+0000] {dagbag.py:588} INFO - Filling up the DagBag from /opt/airflow/dags/kafka_load.py
[2026-04-21T07:48:26.802+0000] {processor.py:925} INFO - DAG(s) 'kafka_producer' retrieved from /opt/airflow/dags/kafka_load.py
[2026-04-21T07:48:26.819+0000] {logging_mixin.py:190} INFO - [2026-04-21T07:48:26.819+0000] {dag.py:3239} INFO - Sync 1 DAGs
[2026-04-21T07:48:26.856+0000] {logging_mixin.py:190} INFO - [2026-04-21T07:48:26.856+0000] {dag.py:4180} INFO - Setting next_dagrun for kafka_producer to 2026-04-20 18:30:00+00:00, run_after=2026-04-21 18:30:00+00:00
[2026-04-21T07:48:26.892+0000] {processor.py:208} INFO - Processing /opt/airflow/dags/kafka_load.py took 0.158 seconds
[2026-04-21T07:48:57.137+0000] {processor.py:186} INFO - Started process (PID=35) to work on /opt/airflow/dags/kafka_load.py
[2026-04-21T07:48:57.140+0000] {processor.py:914} INFO - Processing file /opt/airflow/dags/kafka_load.py for tasks to queue
[2026-04-21T07:48:57.154+0000] {logging_mixin.py:190} INFO - [2026-04-21T07:48:57.153+0000] {dagbag.py:588} INFO - Filling up the DagBag from /opt/airflow/dags/kafka_load.py
[2026-04-21T07:48:57.195+0000] {processor.py:925} INFO - DAG(s) 'kafka_producer' retrieved from /opt/airflow/dags/kafka_load.py
[2026-04-21T07:48:57.240+0000] {logging_mixin.py:190} INFO - [2026-04-21T07:48:57.239+0000] {dag.py:3239} INFO - Sync 1 DAGs
[2026-04-21T07:48:57.278+0000] {logging_mixin.py:190} INFO - [2026-04-21T07:48:57.278+0000] {dag.py:4180} INFO - Setting next_dagrun for kafka_producer to 2026-04-20 18:30:00+00:00, run_after=2026-04-21 18:30:00+00:00
[2026-04-21T07:48:57.310+0000] {processor.py:208} INFO - Processing /opt/airflow/dags/kafka_load.py took 0.192 seconds
[2026-04-21T07:49:27.789+0000] {processor.py:186} INFO - Started process (PID=38) to work on /opt/airflow/dags/kafka_load.py
[2026-04-21T07:49:27.791+0000] {processor.py:914} INFO - Processing file /opt/airflow/dags/kafka_load.py for tasks to queue
[2026-04-21T07:49:27.796+0000] {logging_mixin.py:190} INFO - [2026-04-21T07:49:27.795+0000] {dagbag.py:588} INFO - Filling up the DagBag from /opt/airflow/dags/kafka_load.py
[2026-04-21T07:49:27.851+0000] {processor.py:925} INFO - DAG(s) 'kafka_producer' retrieved from /opt/airflow/dags/kafka_load.py
[2026-04-21T07:49:27.923+0000] {logging_mixin.py:190} INFO - [2026-04-21T07:49:27.923+0000] {dag.py:3239} INFO - Sync 1 DAGs
[2026-04-21T07:49:27.958+0000] {logging_mixin.py:190} INFO - [2026-04-21T07:49:27.958+0000] {dag.py:4180} INFO - Setting next_dagrun for kafka_producer to 2026-04-20 18:30:00+00:00, run_after=2026-04-21 18:30:00+00:00
[2026-04-21T07:49:27.986+0000] {processor.py:208} INFO - Processing /opt/airflow/dags/kafka_load.py took 0.205 seconds
[2026-04-21T07:49:58.577+0000] {processor.py:186} INFO - Started process (PID=41) to work on /opt/airflow/dags/kafka_load.py
[2026-04-21T07:49:58.578+0000] {processor.py:914} INFO - Processing file /opt/airflow/dags/kafka_load.py for tasks to queue
[2026-04-21T07:49:58.581+0000] {logging_mixin.py:190} INFO - [2026-04-21T07:49:58.581+0000] {dagbag.py:588} INFO - Filling up the DagBag from /opt/airflow/dags/kafka_load.py
[2026-04-21T07:49:58.615+0000] {processor.py:925} INFO - DAG(s) 'kafka_producer' retrieved from /opt/airflow/dags/kafka_load.py
[2026-04-21T07:49:58.645+0000] {logging_mixin.py:190} INFO - [2026-04-21T07:49:58.645+0000] {dag.py:3239} INFO - Sync 1 DAGs
[2026-04-21T07:49:58.680+0000] {logging_mixin.py:190} INFO - [2026-04-21T07:49:58.680+0000] {dag.py:4180} INFO - Setting next_dagrun for kafka_producer to 2026-04-20 18:30:00+00:00, run_after=2026-04-21 18:30:00+00:00
[2026-04-21T07:49:58.707+0000] {processor.py:208} INFO - Processing /opt/airflow/dags/kafka_load.py took 0.140 seconds
[2026-04-21T07:50:29.257+0000] {processor.py:186} INFO - Started process (PID=44) to work on /opt/airflow/dags/kafka_load.py
[2026-04-21T07:50:29.262+0000] {processor.py:914} INFO - Processing file /opt/airflow/dags/kafka_load.py for tasks to queue
[2026-04-21T07:50:29.269+0000] {logging_mixin.py:190} INFO - [2026-04-21T07:50:29.267+0000] {dagbag.py:588} INFO - Filling up the DagBag from /opt/airflow/dags/kafka_load.py
[2026-04-21T07:50:29.304+0000] {processor.py:925} INFO - DAG(s) 'kafka_producer' retrieved from /opt/airflow/dags/kafka_load.py
[2026-04-21T07:50:29.330+0000] {logging_mixin.py:190} INFO - [2026-04-21T07:50:29.330+0000] {dag.py:3239} INFO - Sync 1 DAGs
[2026-04-21T07:50:29.359+0000] {logging_mixin.py:190} INFO - [2026-04-21T07:50:29.359+0000] {dag.py:4180} INFO - Setting next_dagrun for kafka_producer to 2026-04-20 18:30:00+00:00, run_after=2026-04-21 18:30:00+00:00
[2026-04-21T07:50:29.389+0000] {processor.py:208} INFO - Processing /opt/airflow/dags/kafka_load.py took 0.150 seconds
[2026-04-21T07:50:59.924+0000] {processor.py:186} INFO - Started process (PID=47) to work on /opt/airflow/dags/kafka_load.py
[2026-04-21T07:50:59.926+0000] {processor.py:914} INFO - Processing file /opt/airflow/dags/kafka_load.py for tasks to queue
[2026-04-21T07:50:59.930+0000] {logging_mixin.py:190} INFO - [2026-04-21T07:50:59.930+0000] {dagbag.py:588} INFO - Filling up the DagBag from /opt/airflow/dags/kafka_load.py
[2026-04-21T07:50:59.965+0000] {processor.py:925} INFO - DAG(s) 'kafka_producer' retrieved from /opt/airflow/dags/kafka_load.py
[2026-04-21T07:50:59.995+0000] {logging_mixin.py:190} INFO - [2026-04-21T07:50:59.995+0000] {dag.py:3239} INFO - Sync 1 DAGs
[2026-04-21T07:51:00.038+0000] {logging_mixin.py:190} INFO - [2026-04-21T07:51:00.038+0000] {dag.py:4180} INFO - Setting next_dagrun for kafka_producer to 2026-04-20 18:30:00+00:00, run_after=2026-04-21 18:30:00+00:00
[2026-04-21T07:51:00.066+0000] {processor.py:208} INFO - Processing /opt/airflow/dags/kafka_load.py took 0.150 seconds
[2026-04-21T07:51:30.297+0000] {processor.py:186} INFO - Started process (PID=50) to work on /opt/airflow/dags/kafka_load.py
[2026-04-21T07:51:30.299+0000] {processor.py:914} INFO - Processing file /opt/airflow/dags/kafka_load.py for tasks to queue
[2026-04-21T07:51:30.303+0000] {logging_mixin.py:190} INFO - [2026-04-21T07:51:30.302+0000] {dagbag.py:588} INFO - Filling up the DagBag from /opt/airflow/dags/kafka_load.py
[2026-04-21T07:51:30.347+0000] {processor.py:925} INFO - DAG(s) 'kafka_producer' retrieved from /opt/airflow/dags/kafka_load.py
[2026-04-21T07:51:30.379+0000] {logging_mixin.py:190} INFO - [2026-04-21T07:51:30.379+0000] {dag.py:3239} INFO - Sync 1 DAGs
[2026-04-21T07:51:30.412+0000] {logging_mixin.py:190} INFO - [2026-04-21T07:51:30.412+0000] {dag.py:4180} INFO - Setting next_dagrun for kafka_producer to 2026-04-20 18:30:00+00:00, run_after=2026-04-21 18:30:00+00:00
[2026-04-21T07:51:30.443+0000] {processor.py:208} INFO - Processing /opt/airflow/dags/kafka_load.py took 0.155 seconds
[2026-04-21T07:52:00.813+0000] {processor.py:186} INFO - Started process (PID=53) to work on /opt/airflow/dags/kafka_load.py
[2026-04-21T07:52:00.815+0000] {processor.py:914} INFO - Processing file /opt/airflow/dags/kafka_load.py for tasks to queue
[2026-04-21T07:52:00.819+0000] {logging_mixin.py:190} INFO - [2026-04-21T07:52:00.818+0000] {dagbag.py:588} INFO - Filling up the DagBag from /opt/airflow/dags/kafka_load.py
[2026-04-21T07:52:00.858+0000] {processor.py:925} INFO - DAG(s) 'kafka_producer' retrieved from /opt/airflow/dags/kafka_load.py
[2026-04-21T07:52:00.886+0000] {logging_mixin.py:190} INFO - [2026-04-21T07:52:00.885+0000] {dag.py:3239} INFO - Sync 1 DAGs
[2026-04-21T07:52:00.924+0000] {logging_mixin.py:190} INFO - [2026-04-21T07:52:00.923+0000] {dag.py:4180} INFO - Setting next_dagrun for kafka_producer to 2026-04-20 18:30:00+00:00, run_after=2026-04-21 18:30:00+00:00
[2026-04-21T07:52:00.951+0000] {processor.py:208} INFO - Processing /opt/airflow/dags/kafka_load.py took 0.146 seconds
[2026-04-21T07:52:31.346+0000] {processor.py:186} INFO - Started process (PID=56) to work on /opt/airflow/dags/kafka_load.py
[2026-04-21T07:52:31.348+0000] {processor.py:914} INFO - Processing file /opt/airflow/dags/kafka_load.py for tasks to queue
[2026-04-21T07:52:31.352+0000] {logging_mixin.py:190} INFO - [2026-04-21T07:52:31.351+0000] {dagbag.py:588} INFO - Filling up the DagBag from /opt/airflow/dags/kafka_load.py
[2026-04-21T07:52:31.396+0000] {processor.py:925} INFO - DAG(s) 'kafka_producer' retrieved from /opt/airflow/dags/kafka_load.py
[2026-04-21T07:52:31.429+0000] {logging_mixin.py:190} INFO - [2026-04-21T07:52:31.429+0000] {dag.py:3239} INFO - Sync 1 DAGs
[2026-04-21T07:52:31.477+0000] {logging_mixin.py:190} INFO - [2026-04-21T07:52:31.477+0000] {dag.py:4180} INFO - Setting next_dagrun for kafka_producer to 2026-04-20 18:30:00+00:00, run_after=2026-04-21 18:30:00+00:00
[2026-04-21T07:52:31.509+0000] {processor.py:208} INFO - Processing /opt/airflow/dags/kafka_load.py took 0.174 seconds
[2026-04-21T07:53:02.046+0000] {processor.py:186} INFO - Started process (PID=59) to work on /opt/airflow/dags/kafka_load.py
[2026-04-21T07:53:02.048+0000] {processor.py:914} INFO - Processing file /opt/airflow/dags/kafka_load.py for tasks to queue
[2026-04-21T07:53:02.053+0000] {logging_mixin.py:190} INFO - [2026-04-21T07:53:02.052+0000] {dagbag.py:588} INFO - Filling up the DagBag from /opt/airflow/dags/kafka_load.py
[2026-04-21T07:53:02.091+0000] {processor.py:925} INFO - DAG(s) 'kafka_producer' retrieved from /opt/airflow/dags/kafka_load.py
[2026-04-21T07:53:02.118+0000] {logging_mixin.py:190} INFO - [2026-04-21T07:53:02.118+0000] {dag.py:3239} INFO - Sync 1 DAGs
[2026-04-21T07:53:02.148+0000] {logging_mixin.py:190} INFO - [2026-04-21T07:53:02.148+0000] {dag.py:4180} INFO - Setting next_dagrun for kafka_producer to 2026-04-20 18:30:00+00:00, run_after=2026-04-21 18:30:00+00:00
[2026-04-21T07:53:02.177+0000] {processor.py:208} INFO - Processing /opt/airflow/dags/kafka_load.py took 0.139 seconds
[2026-04-21T07:53:32.813+0000] {processor.py:186} INFO - Started process (PID=62) to work on /opt/airflow/dags/kafka_load.py
[2026-04-21T07:53:32.815+0000] {processor.py:914} INFO - Processing file /opt/airflow/dags/kafka_load.py for tasks to queue
[2026-04-21T07:53:32.818+0000] {logging_mixin.py:190} INFO - [2026-04-21T07:53:32.817+0000] {dagbag.py:588} INFO - Filling up the DagBag from /opt/airflow/dags/kafka_load.py
[2026-04-21T07:53:32.861+0000] {processor.py:925} INFO - DAG(s) 'kafka_producer' retrieved from /opt/airflow/dags/kafka_load.py
[2026-04-21T07:53:32.888+0000] {logging_mixin.py:190} INFO - [2026-04-21T07:53:32.888+0000] {dag.py:3239} INFO - Sync 1 DAGs
[2026-04-21T07:53:32.916+0000] {logging_mixin.py:190} INFO - [2026-04-21T07:53:32.916+0000] {dag.py:4180} INFO - Setting next_dagrun for kafka_producer to 2026-04-20 18:30:00+00:00, run_after=2026-04-21 18:30:00+00:00
[2026-04-21T07:53:32.940+0000] {processor.py:208} INFO - Processing /opt/airflow/dags/kafka_load.py took 0.134 seconds
[2026-04-21T07:54:03.397+0000] {processor.py:186} INFO - Started process (PID=65) to work on /opt/airflow/dags/kafka_load.py
[2026-04-21T07:54:03.399+0000] {processor.py:914} INFO - Processing file /opt/airflow/dags/kafka_load.py for tasks to queue
[2026-04-21T07:54:03.402+0000] {logging_mixin.py:190} INFO - [2026-04-21T07:54:03.401+0000] {dagbag.py:588} INFO - Filling up the DagBag from /opt/airflow/dags/kafka_load.py
[2026-04-21T07:54:03.439+0000] {processor.py:925} INFO - DAG(s) 'kafka_producer' retrieved from /opt/airflow/dags/kafka_load.py
[2026-04-21T07:54:03.470+0000] {logging_mixin.py:190} INFO - [2026-04-21T07:54:03.469+0000] {dag.py:3239} INFO - Sync 1 DAGs
[2026-04-21T07:54:03.517+0000] {logging_mixin.py:190} INFO - [2026-04-21T07:54:03.516+0000] {dag.py:4180} INFO - Setting next_dagrun for kafka_producer to 2026-04-20 18:30:00+00:00, run_after=2026-04-21 18:30:00+00:00
[2026-04-21T07:54:03.551+0000] {processor.py:208} INFO - Processing /opt/airflow/dags/kafka_load.py took 0.162 seconds
[2026-04-21T07:54:34.075+0000] {processor.py:186} INFO - Started process (PID=68) to work on /opt/airflow/dags/kafka_load.py
[2026-04-21T07:54:34.077+0000] {processor.py:914} INFO - Processing file /opt/airflow/dags/kafka_load.py for tasks to queue
[2026-04-21T07:54:34.080+0000] {logging_mixin.py:190} INFO - [2026-04-21T07:54:34.080+0000] {dagbag.py:588} INFO - Filling up the DagBag from /opt/airflow/dags/kafka_load.py
[2026-04-21T07:54:34.119+0000] {processor.py:925} INFO - DAG(s) 'kafka_producer' retrieved from /opt/airflow/dags/kafka_load.py
[2026-04-21T07:54:34.151+0000] {logging_mixin.py:190} INFO - [2026-04-21T07:54:34.151+0000] {dag.py:3239} INFO - Sync 1 DAGs
[2026-04-21T07:54:34.183+0000] {logging_mixin.py:190} INFO - [2026-04-21T07:54:34.182+0000] {dag.py:4180} INFO - Setting next_dagrun for kafka_producer to 2026-04-20 18:30:00+00:00, run_after=2026-04-21 18:30:00+00:00
[2026-04-21T07:54:34.210+0000] {processor.py:208} INFO - Processing /opt/airflow/dags/kafka_load.py took 0.151 seconds
[2026-04-21T07:55:04.716+0000] {processor.py:186} INFO - Started process (PID=71) to work on /opt/airflow/dags/kafka_load.py
[2026-04-21T07:55:04.718+0000] {processor.py:914} INFO - Processing file /opt/airflow/dags/kafka_load.py for tasks to queue
[2026-04-21T07:55:04.723+0000] {logging_mixin.py:190} INFO - [2026-04-21T07:55:04.723+0000] {dagbag.py:588} INFO - Filling up the DagBag from /opt/airflow/dags/kafka_load.py
[2026-04-21T07:55:04.763+0000] {processor.py:925} INFO - DAG(s) 'kafka_producer' retrieved from /opt/airflow/dags/kafka_load.py
[2026-04-21T07:55:04.792+0000] {logging_mixin.py:190} INFO - [2026-04-21T07:55:04.792+0000] {dag.py:3239} INFO - Sync 1 DAGs
[2026-04-21T07:55:04.826+0000] {logging_mixin.py:190} INFO - [2026-04-21T07:55:04.826+0000] {dag.py:4180} INFO - Setting next_dagrun for kafka_producer to 2026-04-20 18:30:00+00:00, run_after=2026-04-21 18:30:00+00:00
[2026-04-21T07:55:04.852+0000] {processor.py:208} INFO - Processing /opt/airflow/dags/kafka_load.py took 0.153 seconds
[2026-04-21T07:55:35.314+0000] {processor.py:186} INFO - Started process (PID=74) to work on /opt/airflow/dags/kafka_load.py
[2026-04-21T07:55:35.316+0000] {processor.py:914} INFO - Processing file /opt/airflow/dags/kafka_load.py for tasks to queue
[2026-04-21T07:55:35.319+0000] {logging_mixin.py:190} INFO - [2026-04-21T07:55:35.319+0000] {dagbag.py:588} INFO - Filling up the DagBag from /opt/airflow/dags/kafka_load.py
[2026-04-21T07:55:35.347+0000] {processor.py:925} INFO - DAG(s) 'kafka_producer' retrieved from /opt/airflow/dags/kafka_load.py
[2026-04-21T07:55:35.375+0000] {logging_mixin.py:190} INFO - [2026-04-21T07:55:35.375+0000] {dag.py:3239} INFO - Sync 1 DAGs
[2026-04-21T07:55:35.407+0000] {logging_mixin.py:190} INFO - [2026-04-21T07:55:35.406+0000] {dag.py:4180} INFO - Setting next_dagrun for kafka_producer to 2026-04-20 18:30:00+00:00, run_after=2026-04-21 18:30:00+00:00
[2026-04-21T07:55:35.436+0000] {processor.py:208} INFO - Processing /opt/airflow/dags/kafka_load.py took 0.131 seconds
[2026-04-21T07:56:06.113+0000] {processor.py:186} INFO - Started process (PID=77) to work on /opt/airflow/dags/kafka_load.py
[2026-04-21T07:56:06.115+0000] {processor.py:914} INFO - Processing file /opt/airflow/dags/kafka_load.py for tasks to queue
[2026-04-21T07:56:06.128+0000] {logging_mixin.py:190} INFO - [2026-04-21T07:56:06.126+0000] {dagbag.py:588} INFO - Filling up the DagBag from /opt/airflow/dags/kafka_load.py
[2026-04-21T07:56:06.205+0000] {processor.py:925} INFO - DAG(s) 'kafka_producer' retrieved from /opt/airflow/dags/kafka_load.py
[2026-04-21T07:56:06.302+0000] {logging_mixin.py:190} INFO - [2026-04-21T07:56:06.301+0000] {dag.py:3239} INFO - Sync 1 DAGs
[2026-04-21T07:56:06.404+0000] {logging_mixin.py:190} INFO - [2026-04-21T07:56:06.404+0000] {dag.py:4180} INFO - Setting next_dagrun for kafka_producer to 2026-04-20 18:30:00+00:00, run_after=2026-04-21 18:30:00+00:00
[2026-04-21T07:56:06.521+0000] {processor.py:208} INFO - Processing /opt/airflow/dags/kafka_load.py took 0.417 seconds
[2026-04-21T07:56:37.224+0000] {processor.py:186} INFO - Started process (PID=80) to work on /opt/airflow/dags/kafka_load.py
[2026-04-21T07:56:37.225+0000] {processor.py:914} INFO - Processing file /opt/airflow/dags/kafka_load.py for tasks to queue
[2026-04-21T07:56:37.229+0000] {logging_mixin.py:190} INFO - [2026-04-21T07:56:37.228+0000] {dagbag.py:588} INFO - Filling up the DagBag from /opt/airflow/dags/kafka_load.py
[2026-04-21T07:56:37.262+0000] {processor.py:925} INFO - DAG(s) 'kafka_producer' retrieved from /opt/airflow/dags/kafka_load.py
[2026-04-21T07:56:37.290+0000] {logging_mixin.py:190} INFO - [2026-04-21T07:56:37.289+0000] {dag.py:3239} INFO - Sync 1 DAGs
[2026-04-21T07:56:37.318+0000] {logging_mixin.py:190} INFO - [2026-04-21T07:56:37.318+0000] {dag.py:4180} INFO - Setting next_dagrun for kafka_producer to 2026-04-20 18:30:00+00:00, run_after=2026-04-21 18:30:00+00:00
[2026-04-21T07:56:37.339+0000] {processor.py:208} INFO - Processing /opt/airflow/dags/kafka_load.py took 0.125 seconds
[2026-04-21T07:57:07.842+0000] {processor.py:186} INFO - Started process (PID=83) to work on /opt/airflow/dags/kafka_load.py
[2026-04-21T07:57:07.844+0000] {processor.py:914} INFO - Processing file /opt/airflow/dags/kafka_load.py for tasks to queue
[2026-04-21T07:57:07.847+0000] {logging_mixin.py:190} INFO - [2026-04-21T07:57:07.847+0000] {dagbag.py:588} INFO - Filling up the DagBag from /opt/airflow/dags/kafka_load.py
[2026-04-21T07:57:07.882+0000] {processor.py:925} INFO - DAG(s) 'kafka_producer' retrieved from /opt/airflow/dags/kafka_load.py
[2026-04-21T07:57:07.912+0000] {logging_mixin.py:190} INFO - [2026-04-21T07:57:07.912+0000] {dag.py:3239} INFO - Sync 1 DAGs
[2026-04-21T07:57:07.951+0000] {logging_mixin.py:190} INFO - [2026-04-21T07:57:07.951+0000] {dag.py:4180} INFO - Setting next_dagrun for kafka_producer to 2026-04-20 18:30:00+00:00, run_after=2026-04-21 18:30:00+00:00
[2026-04-21T07:57:07.976+0000] {processor.py:208} INFO - Processing /opt/airflow/dags/kafka_load.py took 0.143 seconds
[2026-04-21T07:57:38.656+0000] {processor.py:186} INFO - Started process (PID=86) to work on /opt/airflow/dags/kafka_load.py
[2026-04-21T07:57:38.658+0000] {processor.py:914} INFO - Processing file /opt/airflow/dags/kafka_load.py for tasks to queue
[2026-04-21T07:57:38.663+0000] {logging_mixin.py:190} INFO - [2026-04-21T07:57:38.662+0000] {dagbag.py:588} INFO - Filling up the DagBag from /opt/airflow/dags/kafka_load.py
[2026-04-21T07:57:38.723+0000] {processor.py:925} INFO - DAG(s) 'kafka_producer' retrieved from /opt/airflow/dags/kafka_load.py
[2026-04-21T07:57:38.761+0000] {logging_mixin.py:190} INFO - [2026-04-21T07:57:38.761+0000] {dag.py:3239} INFO - Sync 1 DAGs
[2026-04-21T07:57:38.801+0000] {logging_mixin.py:190} INFO - [2026-04-21T07:57:38.801+0000] {dag.py:4180} INFO - Setting next_dagrun for kafka_producer to 2026-04-20 18:30:00+00:00, run_after=2026-04-21 18:30:00+00:00
[2026-04-21T07:57:38.835+0000] {processor.py:208} INFO - Processing /opt/airflow/dags/kafka_load.py took 0.189 seconds
[2026-04-21T07:58:09.385+0000] {processor.py:186} INFO - Started process (PID=89) to work on /opt/airflow/dags/kafka_load.py
[2026-04-21T07:58:09.387+0000] {processor.py:914} INFO - Processing file /opt/airflow/dags/kafka_load.py for tasks to queue
[2026-04-21T07:58:09.391+0000] {logging_mixin.py:190} INFO - [2026-04-21T07:58:09.390+0000] {dagbag.py:588} INFO - Filling up the DagBag from /opt/airflow/dags/kafka_load.py
[2026-04-21T07:58:09.435+0000] {processor.py:925} INFO - DAG(s) 'kafka_producer' retrieved from /opt/airflow/dags/kafka_load.py
[2026-04-21T07:58:09.463+0000] {logging_mixin.py:190} INFO - [2026-04-21T07:58:09.462+0000] {dag.py:3239} INFO - Sync 1 DAGs
[2026-04-21T07:58:09.490+0000] {logging_mixin.py:190} INFO - [2026-04-21T07:58:09.490+0000] {dag.py:4180} INFO - Setting next_dagrun for kafka_producer to 2026-04-20 18:30:00+00:00, run_after=2026-04-21 18:30:00+00:00
[2026-04-21T07:58:09.513+0000] {processor.py:208} INFO - Processing /opt/airflow/dags/kafka_load.py took 0.137 seconds
[2026-04-21T07:58:39.972+0000] {processor.py:186} INFO - Started process (PID=92) to work on /opt/airflow/dags/kafka_load.py
[2026-04-21T07:58:39.974+0000] {processor.py:914} INFO - Processing file /opt/airflow/dags/kafka_load.py for tasks to queue
[2026-04-21T07:58:39.977+0000] {logging_mixin.py:190} INFO - [2026-04-21T07:58:39.976+0000] {dagbag.py:588} INFO - Filling up the DagBag from /opt/airflow/dags/kafka_load.py
[2026-04-21T07:58:40.014+0000] {processor.py:925} INFO - DAG(s) 'kafka_producer' retrieved from /opt/airflow/dags/kafka_load.py
[2026-04-21T07:58:40.045+0000] {logging_mixin.py:190} INFO - [2026-04-21T07:58:40.044+0000] {dag.py:3239} INFO - Sync 1 DAGs
[2026-04-21T07:58:40.076+0000] {logging_mixin.py:190} INFO - [2026-04-21T07:58:40.076+0000] {dag.py:4180} INFO - Setting next_dagrun for kafka_producer to 2026-04-20 18:30:00+00:00, run_after=2026-04-21 18:30:00+00:00
[2026-04-21T07:58:40.107+0000] {processor.py:208} INFO - Processing /opt/airflow/dags/kafka_load.py took 0.143 seconds
[2026-04-21T07:59:10.655+0000] {processor.py:186} INFO - Started process (PID=95) to work on /opt/airflow/dags/kafka_load.py
[2026-04-21T07:59:10.656+0000] {processor.py:914} INFO - Processing file /opt/airflow/dags/kafka_load.py for tasks to queue
[2026-04-21T07:59:10.660+0000] {logging_mixin.py:190} INFO - [2026-04-21T07:59:10.659+0000] {dagbag.py:588} INFO - Filling up the DagBag from /opt/airflow/dags/kafka_load.py
[2026-04-21T07:59:10.695+0000] {processor.py:925} INFO - DAG(s) 'kafka_producer' retrieved from /opt/airflow/dags/kafka_load.py
[2026-04-21T07:59:10.723+0000] {logging_mixin.py:190} INFO - [2026-04-21T07:59:10.722+0000] {dag.py:3239} INFO - Sync 1 DAGs
[2026-04-21T07:59:10.750+0000] {logging_mixin.py:190} INFO - [2026-04-21T07:59:10.750+0000] {dag.py:4180} INFO - Setting next_dagrun for kafka_producer to 2026-04-20 18:30:00+00:00, run_after=2026-04-21 18:30:00+00:00
[2026-04-21T07:59:10.779+0000] {processor.py:208} INFO - Processing /opt/airflow/dags/kafka_load.py took 0.132 seconds
[2026-04-21T07:59:41.157+0000] {processor.py:186} INFO - Started process (PID=98) to work on /opt/airflow/dags/kafka_load.py
[2026-04-21T07:59:41.160+0000] {processor.py:914} INFO - Processing file /opt/airflow/dags/kafka_load.py for tasks to queue
[2026-04-21T07:59:41.165+0000] {logging_mixin.py:190} INFO - [2026-04-21T07:59:41.164+0000] {dagbag.py:588} INFO - Filling up the DagBag from /opt/airflow/dags/kafka_load.py
[2026-04-21T07:59:41.205+0000] {processor.py:925} INFO - DAG(s) 'kafka_producer' retrieved from /opt/airflow/dags/kafka_load.py
[2026-04-21T07:59:41.239+0000] {logging_mixin.py:190} INFO - [2026-04-21T07:59:41.239+0000] {dag.py:3239} INFO - Sync 1 DAGs
[2026-04-21T07:59:41.270+0000] {logging_mixin.py:190} INFO - [2026-04-21T07:59:41.269+0000] {dag.py:4180} INFO - Setting next_dagrun for kafka_producer to 2026-04-20 18:30:00+00:00, run_after=2026-04-21 18:30:00+00:00
[2026-04-21T07:59:41.795+0000] {processor.py:208} INFO - Processing /opt/airflow/dags/kafka_load.py took 0.648 seconds
[2026-04-21T08:00:12.771+0000] {processor.py:186} INFO - Started process (PID=101) to work on /opt/airflow/dags/kafka_load.py
[2026-04-21T08:00:12.772+0000] {processor.py:914} INFO - Processing file /opt/airflow/dags/kafka_load.py for tasks to queue
[2026-04-21T08:00:12.776+0000] {logging_mixin.py:190} INFO - [2026-04-21T08:00:12.775+0000] {dagbag.py:588} INFO - Filling up the DagBag from /opt/airflow/dags/kafka_load.py
[2026-04-21T08:00:12.819+0000] {processor.py:925} INFO - DAG(s) 'kafka_producer' retrieved from /opt/airflow/dags/kafka_load.py
[2026-04-21T08:00:12.851+0000] {logging_mixin.py:190} INFO - [2026-04-21T08:00:12.851+0000] {dag.py:3239} INFO - Sync 1 DAGs
[2026-04-21T08:00:12.888+0000] {logging_mixin.py:190} INFO - [2026-04-21T08:00:12.887+0000] {dag.py:4180} INFO - Setting next_dagrun for kafka_producer to 2026-04-20 18:30:00+00:00, run_after=2026-04-21 18:30:00+00:00
[2026-04-21T08:00:12.915+0000] {processor.py:208} INFO - Processing /opt/airflow/dags/kafka_load.py took 0.153 seconds
[2026-04-21T08:00:43.499+0000] {processor.py:186} INFO - Started process (PID=104) to work on /opt/airflow/dags/kafka_load.py
[2026-04-21T08:00:43.500+0000] {processor.py:914} INFO - Processing file /opt/airflow/dags/kafka_load.py for tasks to queue
[2026-04-21T08:00:43.504+0000] {logging_mixin.py:190} INFO - [2026-04-21T08:00:43.504+0000] {dagbag.py:588} INFO - Filling up the DagBag from /opt/airflow/dags/kafka_load.py
[2026-04-21T08:00:43.544+0000] {processor.py:925} INFO - DAG(s) 'kafka_producer' retrieved from /opt/airflow/dags/kafka_load.py
[2026-04-21T08:00:43.576+0000] {logging_mixin.py:190} INFO - [2026-04-21T08:00:43.576+0000] {dag.py:3239} INFO - Sync 1 DAGs
[2026-04-21T08:00:43.610+0000] {logging_mixin.py:190} INFO - [2026-04-21T08:00:43.609+0000] {dag.py:4180} INFO - Setting next_dagrun for kafka_producer to 2026-04-20 18:30:00+00:00, run_after=2026-04-21 18:30:00+00:00
[2026-04-21T08:00:43.637+0000] {processor.py:208} INFO - Processing /opt/airflow/dags/kafka_load.py took 0.148 seconds
[2026-04-21T08:01:14.228+0000] {processor.py:186} INFO - Started process (PID=107) to work on /opt/airflow/dags/kafka_load.py
[2026-04-21T08:01:14.230+0000] {processor.py:914} INFO - Processing file /opt/airflow/dags/kafka_load.py for tasks to queue
[2026-04-21T08:01:14.233+0000] {logging_mixin.py:190} INFO - [2026-04-21T08:01:14.232+0000] {dagbag.py:588} INFO - Filling up the DagBag from /opt/airflow/dags/kafka_load.py
[2026-04-21T08:01:14.260+0000] {processor.py:925} INFO - DAG(s) 'kafka_producer' retrieved from /opt/airflow/dags/kafka_load.py
[2026-04-21T08:01:14.286+0000] {logging_mixin.py:190} INFO - [2026-04-21T08:01:14.285+0000] {dag.py:3239} INFO - Sync 1 DAGs
[2026-04-21T08:01:14.316+0000] {logging_mixin.py:190} INFO - [2026-04-21T08:01:14.316+0000] {dag.py:4180} INFO - Setting next_dagrun for kafka_producer to 2026-04-20 18:30:00+00:00, run_after=2026-04-21 18:30:00+00:00
[2026-04-21T08:01:14.340+0000] {processor.py:208} INFO - Processing /opt/airflow/dags/kafka_load.py took 0.121 seconds
[2026-04-21T08:01:44.909+0000] {processor.py:186} INFO - Started process (PID=110) to work on /opt/airflow/dags/kafka_load.py
[2026-04-21T08:01:44.910+0000] {processor.py:914} INFO - Processing file /opt/airflow/dags/kafka_load.py for tasks to queue
[2026-04-21T08:01:44.915+0000] {logging_mixin.py:190} INFO - [2026-04-21T08:01:44.914+0000] {dagbag.py:588} INFO - Filling up the DagBag from /opt/airflow/dags/kafka_load.py
[2026-04-21T08:01:44.951+0000] {processor.py:925} INFO - DAG(s) 'kafka_producer' retrieved from /opt/airflow/dags/kafka_load.py
[2026-04-21T08:01:44.977+0000] {logging_mixin.py:190} INFO - [2026-04-21T08:01:44.977+0000] {dag.py:3239} INFO - Sync 1 DAGs
[2026-04-21T08:01:45.009+0000] {logging_mixin.py:190} INFO - [2026-04-21T08:01:45.008+0000] {dag.py:4180} INFO - Setting next_dagrun for kafka_producer to 2026-04-20 18:30:00+00:00, run_after=2026-04-21 18:30:00+00:00
[2026-04-21T08:01:45.036+0000] {processor.py:208} INFO - Processing /opt/airflow/dags/kafka_load.py took 0.136 seconds
[2026-04-21T08:02:15.560+0000] {processor.py:186} INFO - Started process (PID=113) to work on /opt/airflow/dags/kafka_load.py
[2026-04-21T08:02:15.561+0000] {processor.py:914} INFO - Processing file /opt/airflow/dags/kafka_load.py for tasks to queue
[2026-04-21T08:02:15.564+0000] {logging_mixin.py:190} INFO - [2026-04-21T08:02:15.564+0000] {dagbag.py:588} INFO - Filling up the DagBag from /opt/airflow/dags/kafka_load.py
[2026-04-21T08:02:15.599+0000] {processor.py:925} INFO - DAG(s) 'kafka_producer' retrieved from /opt/airflow/dags/kafka_load.py
[2026-04-21T08:02:15.627+0000] {logging_mixin.py:190} INFO - [2026-04-21T08:02:15.627+0000] {dag.py:3239} INFO - Sync 1 DAGs
[2026-04-21T08:02:15.658+0000] {logging_mixin.py:190} INFO - [2026-04-21T08:02:15.658+0000] {dag.py:4180} INFO - Setting next_dagrun for kafka_producer to 2026-04-20 18:30:00+00:00, run_after=2026-04-21 18:30:00+00:00
[2026-04-21T08:02:15.687+0000] {processor.py:208} INFO - Processing /opt/airflow/dags/kafka_load.py took 0.134 seconds
[2026-04-21T08:02:45.843+0000] {processor.py:186} INFO - Started process (PID=116) to work on /opt/airflow/dags/kafka_load.py
[2026-04-21T08:02:45.845+0000] {processor.py:914} INFO - Processing file /opt/airflow/dags/kafka_load.py for tasks to queue
[2026-04-21T08:02:45.848+0000] {logging_mixin.py:190} INFO - [2026-04-21T08:02:45.847+0000] {dagbag.py:588} INFO - Filling up the DagBag from /opt/airflow/dags/kafka_load.py
[2026-04-21T08:02:45.888+0000] {processor.py:925} INFO - DAG(s) 'kafka_producer' retrieved from /opt/airflow/dags/kafka_load.py
[2026-04-21T08:02:45.921+0000] {logging_mixin.py:190} INFO - [2026-04-21T08:02:45.921+0000] {dag.py:3239} INFO - Sync 1 DAGs
[2026-04-21T08:02:45.957+0000] {logging_mixin.py:190} INFO - [2026-04-21T08:02:45.956+0000] {dag.py:4180} INFO - Setting next_dagrun for kafka_producer to 2026-04-20 18:30:00+00:00, run_after=2026-04-21 18:30:00+00:00
[2026-04-21T08:02:45.989+0000] {processor.py:208} INFO - Processing /opt/airflow/dags/kafka_load.py took 0.154 seconds
[2026-04-21T08:03:16.630+0000] {processor.py:186} INFO - Started process (PID=119) to work on /opt/airflow/dags/kafka_load.py
[2026-04-21T08:03:16.631+0000] {processor.py:914} INFO - Processing file /opt/airflow/dags/kafka_load.py for tasks to queue
[2026-04-21T08:03:16.634+0000] {logging_mixin.py:190} INFO - [2026-04-21T08:03:16.633+0000] {dagbag.py:588} INFO - Filling up the DagBag from /opt/airflow/dags/kafka_load.py
[2026-04-21T08:03:16.665+0000] {processor.py:925} INFO - DAG(s) 'kafka_producer' retrieved from /opt/airflow/dags/kafka_load.py
[2026-04-21T08:03:16.692+0000] {logging_mixin.py:190} INFO - [2026-04-21T08:03:16.691+0000] {dag.py:3239} INFO - Sync 1 DAGs
[2026-04-21T08:03:16.725+0000] {logging_mixin.py:190} INFO - [2026-04-21T08:03:16.724+0000] {dag.py:4180} INFO - Setting next_dagrun for kafka_producer to 2026-04-20 18:30:00+00:00, run_after=2026-04-21 18:30:00+00:00
[2026-04-21T08:03:16.752+0000] {processor.py:208} INFO - Processing /opt/airflow/dags/kafka_load.py took 0.135 seconds
[2026-04-21T08:03:47.214+0000] {processor.py:186} INFO - Started process (PID=122) to work on /opt/airflow/dags/kafka_load.py
[2026-04-21T08:03:47.216+0000] {processor.py:914} INFO - Processing file /opt/airflow/dags/kafka_load.py for tasks to queue
[2026-04-21T08:03:47.219+0000] {logging_mixin.py:190} INFO - [2026-04-21T08:03:47.219+0000] {dagbag.py:588} INFO - Filling up the DagBag from /opt/airflow/dags/kafka_load.py
[2026-04-21T08:03:47.253+0000] {processor.py:925} INFO - DAG(s) 'kafka_producer' retrieved from /opt/airflow/dags/kafka_load.py
[2026-04-21T08:03:47.280+0000] {logging_mixin.py:190} INFO - [2026-04-21T08:03:47.280+0000] {dag.py:3239} INFO - Sync 1 DAGs
[2026-04-21T08:03:47.308+0000] {logging_mixin.py:190} INFO - [2026-04-21T08:03:47.308+0000] {dag.py:4180} INFO - Setting next_dagrun for kafka_producer to 2026-04-20 18:30:00+00:00, run_after=2026-04-21 18:30:00+00:00
[2026-04-21T08:03:47.332+0000] {processor.py:208} INFO - Processing /opt/airflow/dags/kafka_load.py took 0.127 seconds
[2026-04-21T08:04:10.880+0000] {processor.py:186} INFO - Started process (PID=125) to work on /opt/airflow/dags/kafka_load.py
[2026-04-21T08:04:10.882+0000] {processor.py:914} INFO - Processing file /opt/airflow/dags/kafka_load.py for tasks to queue
[2026-04-21T08:04:10.885+0000] {logging_mixin.py:190} INFO - [2026-04-21T08:04:10.885+0000] {dagbag.py:588} INFO - Filling up the DagBag from /opt/airflow/dags/kafka_load.py
[2026-04-21T08:04:10.938+0000] {processor.py:925} INFO - DAG(s) 'kafka_producer' retrieved from /opt/airflow/dags/kafka_load.py
[2026-04-21T08:04:10.984+0000] {logging_mixin.py:190} INFO - [2026-04-21T08:04:10.984+0000] {dag.py:3239} INFO - Sync 1 DAGs
[2026-04-21T08:04:11.018+0000] {logging_mixin.py:190} INFO - [2026-04-21T08:04:11.018+0000] {dag.py:4180} INFO - Setting next_dagrun for kafka_producer to 2026-04-20 18:30:00+00:00, run_after=2026-04-21 18:30:00+00:00
[2026-04-21T08:04:11.045+0000] {processor.py:208} INFO - Processing /opt/airflow/dags/kafka_load.py took 0.177 seconds
[2026-04-21T08:04:23.208+0000] {processor.py:186} INFO - Started process (PID=126) to work on /opt/airflow/dags/kafka_load.py
[2026-04-21T08:04:23.213+0000] {processor.py:914} INFO - Processing file /opt/airflow/dags/kafka_load.py for tasks to queue
[2026-04-21T08:04:23.217+0000] {logging_mixin.py:190} INFO - [2026-04-21T08:04:23.216+0000] {dagbag.py:588} INFO - Filling up the DagBag from /opt/airflow/dags/kafka_load.py
[2026-04-21T08:04:23.268+0000] {processor.py:925} INFO - DAG(s) 'kafka_producer' retrieved from /opt/airflow/dags/kafka_load.py
[2026-04-21T08:04:23.296+0000] {logging_mixin.py:190} INFO - [2026-04-21T08:04:23.296+0000] {dag.py:3239} INFO - Sync 1 DAGs
[2026-04-21T08:04:23.346+0000] {logging_mixin.py:190} INFO - [2026-04-21T08:04:23.345+0000] {dag.py:4180} INFO - Setting next_dagrun for kafka_producer to 2026-04-20 18:30:00+00:00, run_after=2026-04-21 18:30:00+00:00
[2026-04-21T08:04:23.404+0000] {processor.py:208} INFO - Processing /opt/airflow/dags/kafka_load.py took 0.206 seconds
[2026-04-21T08:04:54.353+0000] {processor.py:186} INFO - Started process (PID=129) to work on /opt/airflow/dags/kafka_load.py
[2026-04-21T08:04:54.354+0000] {processor.py:914} INFO - Processing file /opt/airflow/dags/kafka_load.py for tasks to queue
[2026-04-21T08:04:54.357+0000] {logging_mixin.py:190} INFO - [2026-04-21T08:04:54.356+0000] {dagbag.py:588} INFO - Filling up the DagBag from /opt/airflow/dags/kafka_load.py
[2026-04-21T08:04:54.389+0000] {processor.py:925} INFO - DAG(s) 'kafka_producer' retrieved from /opt/airflow/dags/kafka_load.py
[2026-04-21T08:04:54.417+0000] {logging_mixin.py:190} INFO - [2026-04-21T08:04:54.416+0000] {dag.py:3239} INFO - Sync 1 DAGs
[2026-04-21T08:04:54.452+0000] {logging_mixin.py:190} INFO - [2026-04-21T08:04:54.452+0000] {dag.py:4180} INFO - Setting next_dagrun for kafka_producer to 2026-04-20 18:30:00+00:00, run_after=2026-04-21 18:30:00+00:00
[2026-04-21T08:04:54.481+0000] {processor.py:208} INFO - Processing /opt/airflow/dags/kafka_load.py took 0.138 seconds
[2026-04-21T08:05:25.123+0000] {processor.py:186} INFO - Started process (PID=132) to work on /opt/airflow/dags/kafka_load.py
[2026-04-21T08:05:25.125+0000] {processor.py:914} INFO - Processing file /opt/airflow/dags/kafka_load.py for tasks to queue
[2026-04-21T08:05:25.128+0000] {logging_mixin.py:190} INFO - [2026-04-21T08:05:25.128+0000] {dagbag.py:588} INFO - Filling up the DagBag from /opt/airflow/dags/kafka_load.py
[2026-04-21T08:05:25.169+0000] {processor.py:925} INFO - DAG(s) 'kafka_producer' retrieved from /opt/airflow/dags/kafka_load.py
[2026-04-21T08:05:25.197+0000] {logging_mixin.py:190} INFO - [2026-04-21T08:05:25.197+0000] {dag.py:3239} INFO - Sync 1 DAGs
[2026-04-21T08:05:25.228+0000] {logging_mixin.py:190} INFO - [2026-04-21T08:05:25.227+0000] {dag.py:4180} INFO - Setting next_dagrun for kafka_producer to 2026-04-20 18:30:00+00:00, run_after=2026-04-21 18:30:00+00:00
[2026-04-21T08:05:25.252+0000] {processor.py:208} INFO - Processing /opt/airflow/dags/kafka_load.py took 0.137 seconds
[2026-04-21T08:05:55.683+0000] {processor.py:186} INFO - Started process (PID=135) to work on /opt/airflow/dags/kafka_load.py
[2026-04-21T08:05:55.684+0000] {processor.py:914} INFO - Processing file /opt/airflow/dags/kafka_load.py for tasks to queue
[2026-04-21T08:05:55.688+0000] {logging_mixin.py:190} INFO - [2026-04-21T08:05:55.688+0000] {dagbag.py:588} INFO - Filling up the DagBag from /opt/airflow/dags/kafka_load.py
[2026-04-21T08:05:55.729+0000] {processor.py:925} INFO - DAG(s) 'kafka_producer' retrieved from /opt/airflow/dags/kafka_load.py
[2026-04-21T08:05:55.765+0000] {logging_mixin.py:190} INFO - [2026-04-21T08:05:55.765+0000] {dag.py:3239} INFO - Sync 1 DAGs
[2026-04-21T08:05:55.804+0000] {logging_mixin.py:190} INFO - [2026-04-21T08:05:55.804+0000] {dag.py:4180} INFO - Setting next_dagrun for kafka_producer to 2026-04-20 18:30:00+00:00, run_after=2026-04-21 18:30:00+00:00
[2026-04-21T08:05:55.835+0000] {processor.py:208} INFO - Processing /opt/airflow/dags/kafka_load.py took 0.161 seconds
[2026-04-21T08:06:26.319+0000] {processor.py:186} INFO - Started process (PID=138) to work on /opt/airflow/dags/kafka_load.py
[2026-04-21T08:06:26.320+0000] {processor.py:914} INFO - Processing file /opt/airflow/dags/kafka_load.py for tasks to queue
[2026-04-21T08:06:26.324+0000] {logging_mixin.py:190} INFO - [2026-04-21T08:06:26.323+0000] {dagbag.py:588} INFO - Filling up the DagBag from /opt/airflow/dags/kafka_load.py
[2026-04-21T08:06:26.358+0000] {processor.py:925} INFO - DAG(s) 'kafka_producer' retrieved from /opt/airflow/dags/kafka_load.py
[2026-04-21T08:06:26.387+0000] {logging_mixin.py:190} INFO - [2026-04-21T08:06:26.387+0000] {dag.py:3239} INFO - Sync 1 DAGs
[2026-04-21T08:06:26.418+0000] {logging_mixin.py:190} INFO - [2026-04-21T08:06:26.418+0000] {dag.py:4180} INFO - Setting next_dagrun for kafka_producer to 2026-04-20 18:30:00+00:00, run_after=2026-04-21 18:30:00+00:00
[2026-04-21T08:06:26.452+0000] {processor.py:208} INFO - Processing /opt/airflow/dags/kafka_load.py took 0.143 seconds
[2026-04-21T08:06:57.169+0000] {processor.py:186} INFO - Started process (PID=141) to work on /opt/airflow/dags/kafka_load.py
[2026-04-21T08:06:57.171+0000] {processor.py:914} INFO - Processing file /opt/airflow/dags/kafka_load.py for tasks to queue
[2026-04-21T08:06:57.174+0000] {logging_mixin.py:190} INFO - [2026-04-21T08:06:57.173+0000] {dagbag.py:588} INFO - Filling up the DagBag from /opt/airflow/dags/kafka_load.py
[2026-04-21T08:06:57.204+0000] {processor.py:925} INFO - DAG(s) 'kafka_producer' retrieved from /opt/airflow/dags/kafka_load.py
[2026-04-21T08:06:57.230+0000] {logging_mixin.py:190} INFO - [2026-04-21T08:06:57.229+0000] {dag.py:3239} INFO - Sync 1 DAGs
[2026-04-21T08:06:57.266+0000] {logging_mixin.py:190} INFO - [2026-04-21T08:06:57.265+0000] {dag.py:4180} INFO - Setting next_dagrun for kafka_producer to 2026-04-20 18:30:00+00:00, run_after=2026-04-21 18:30:00+00:00
[2026-04-21T08:06:57.293+0000] {processor.py:208} INFO - Processing /opt/airflow/dags/kafka_load.py took 0.132 seconds
[2026-04-21T08:07:27.821+0000] {processor.py:186} INFO - Started process (PID=144) to work on /opt/airflow/dags/kafka_load.py
[2026-04-21T08:07:27.824+0000] {processor.py:914} INFO - Processing file /opt/airflow/dags/kafka_load.py for tasks to queue
[2026-04-21T08:07:27.828+0000] {logging_mixin.py:190} INFO - [2026-04-21T08:07:27.827+0000] {dagbag.py:588} INFO - Filling up the DagBag from /opt/airflow/dags/kafka_load.py
[2026-04-21T08:07:27.862+0000] {processor.py:925} INFO - DAG(s) 'kafka_producer' retrieved from /opt/airflow/dags/kafka_load.py
[2026-04-21T08:07:27.898+0000] {logging_mixin.py:190} INFO - [2026-04-21T08:07:27.898+0000] {dag.py:3239} INFO - Sync 1 DAGs
[2026-04-21T08:07:27.941+0000] {logging_mixin.py:190} INFO - [2026-04-21T08:07:27.940+0000] {dag.py:4180} INFO - Setting next_dagrun for kafka_producer to 2026-04-20 18:30:00+00:00, run_after=2026-04-21 18:30:00+00:00
[2026-04-21T08:07:27.983+0000] {processor.py:208} INFO - Processing /opt/airflow/dags/kafka_load.py took 0.171 seconds
[2026-04-21T08:07:58.545+0000] {processor.py:186} INFO - Started process (PID=147) to work on /opt/airflow/dags/kafka_load.py
[2026-04-21T08:07:58.567+0000] {processor.py:914} INFO - Processing file /opt/airflow/dags/kafka_load.py for tasks to queue
[2026-04-21T08:07:58.574+0000] {logging_mixin.py:190} INFO - [2026-04-21T08:07:58.573+0000] {dagbag.py:588} INFO - Filling up the DagBag from /opt/airflow/dags/kafka_load.py
[2026-04-21T08:07:58.643+0000] {processor.py:925} INFO - DAG(s) 'kafka_producer' retrieved from /opt/airflow/dags/kafka_load.py
[2026-04-21T08:07:58.697+0000] {logging_mixin.py:190} INFO - [2026-04-21T08:07:58.697+0000] {dag.py:3239} INFO - Sync 1 DAGs
[2026-04-21T08:07:58.761+0000] {logging_mixin.py:190} INFO - [2026-04-21T08:07:58.761+0000] {dag.py:4180} INFO - Setting next_dagrun for kafka_producer to 2026-04-20 18:30:00+00:00, run_after=2026-04-21 18:30:00+00:00
[2026-04-21T08:07:58.789+0000] {processor.py:208} INFO - Processing /opt/airflow/dags/kafka_load.py took 0.264 seconds
[2026-04-21T08:08:09.326+0000] {processor.py:186} INFO - Started process (PID=150) to work on /opt/airflow/dags/kafka_load.py
[2026-04-21T08:08:09.327+0000] {processor.py:914} INFO - Processing file /opt/airflow/dags/kafka_load.py for tasks to queue
[2026-04-21T08:08:09.331+0000] {logging_mixin.py:190} INFO - [2026-04-21T08:08:09.331+0000] {dagbag.py:588} INFO - Filling up the DagBag from /opt/airflow/dags/kafka_load.py
[2026-04-21T08:08:09.373+0000] {processor.py:925} INFO - DAG(s) 'kafka_producer' retrieved from /opt/airflow/dags/kafka_load.py
[2026-04-21T08:08:09.400+0000] {logging_mixin.py:190} INFO - [2026-04-21T08:08:09.400+0000] {dag.py:3239} INFO - Sync 1 DAGs
[2026-04-21T08:08:09.434+0000] {logging_mixin.py:190} INFO - [2026-04-21T08:08:09.430+0000] {dag.py:4180} INFO - Setting next_dagrun for kafka_producer to 2026-04-20 18:30:00+00:00, run_after=2026-04-21 18:30:00+00:00
[2026-04-21T08:08:09.488+0000] {processor.py:208} INFO - Processing /opt/airflow/dags/kafka_load.py took 0.174 seconds
[2026-04-21T08:08:15.465+0000] {processor.py:186} INFO - Started process (PID=151) to work on /opt/airflow/dags/kafka_load.py
[2026-04-21T08:08:15.470+0000] {processor.py:914} INFO - Processing file /opt/airflow/dags/kafka_load.py for tasks to queue
[2026-04-21T08:08:15.474+0000] {logging_mixin.py:190} INFO - [2026-04-21T08:08:15.474+0000] {dagbag.py:588} INFO - Filling up the DagBag from /opt/airflow/dags/kafka_load.py
[2026-04-21T08:08:15.565+0000] {processor.py:925} INFO - DAG(s) 'kafka_producer' retrieved from /opt/airflow/dags/kafka_load.py
[2026-04-21T08:08:15.611+0000] {logging_mixin.py:190} INFO - [2026-04-21T08:08:15.611+0000] {dag.py:3239} INFO - Sync 1 DAGs
[2026-04-21T08:08:15.650+0000] {logging_mixin.py:190} INFO - [2026-04-21T08:08:15.650+0000] {dag.py:4180} INFO - Setting next_dagrun for kafka_producer to 2026-04-20 18:30:00+00:00, run_after=2026-04-21 18:30:00+00:00
[2026-04-21T08:08:15.675+0000] {processor.py:208} INFO - Processing /opt/airflow/dags/kafka_load.py took 0.227 seconds
[2026-04-21T08:08:17.688+0000] {processor.py:186} INFO - Started process (PID=152) to work on /opt/airflow/dags/kafka_load.py
[2026-04-21T08:08:17.690+0000] {processor.py:914} INFO - Processing file /opt/airflow/dags/kafka_load.py for tasks to queue
[2026-04-21T08:08:17.694+0000] {logging_mixin.py:190} INFO - [2026-04-21T08:08:17.694+0000] {dagbag.py:588} INFO - Filling up the DagBag from /opt/airflow/dags/kafka_load.py
[2026-04-21T08:08:17.743+0000] {processor.py:925} INFO - DAG(s) 'kafka_producer' retrieved from /opt/airflow/dags/kafka_load.py
[2026-04-21T08:08:17.778+0000] {logging_mixin.py:190} INFO - [2026-04-21T08:08:17.777+0000] {dag.py:3239} INFO - Sync 1 DAGs
[2026-04-21T08:08:17.831+0000] {logging_mixin.py:190} INFO - [2026-04-21T08:08:17.831+0000] {dag.py:4180} INFO - Setting next_dagrun for kafka_producer to 2026-04-20 18:30:00+00:00, run_after=2026-04-21 18:30:00+00:00
[2026-04-21T08:08:17.895+0000] {processor.py:208} INFO - Processing /opt/airflow/dags/kafka_load.py took 0.223 seconds
[2026-04-21T08:08:48.616+0000] {processor.py:186} INFO - Started process (PID=155) to work on /opt/airflow/dags/kafka_load.py
[2026-04-21T08:08:48.617+0000] {processor.py:914} INFO - Processing file /opt/airflow/dags/kafka_load.py for tasks to queue
[2026-04-21T08:08:48.623+0000] {logging_mixin.py:190} INFO - [2026-04-21T08:08:48.621+0000] {dagbag.py:588} INFO - Filling up the DagBag from /opt/airflow/dags/kafka_load.py
[2026-04-21T08:08:48.661+0000] {processor.py:925} INFO - DAG(s) 'kafka_producer' retrieved from /opt/airflow/dags/kafka_load.py
[2026-04-21T08:08:48.691+0000] {logging_mixin.py:190} INFO - [2026-04-21T08:08:48.691+0000] {dag.py:3239} INFO - Sync 1 DAGs
[2026-04-21T08:08:48.722+0000] {logging_mixin.py:190} INFO - [2026-04-21T08:08:48.722+0000] {dag.py:4180} INFO - Setting next_dagrun for kafka_producer to 2026-04-20 18:30:00+00:00, run_after=2026-04-21 18:30:00+00:00
[2026-04-21T08:08:48.748+0000] {processor.py:208} INFO - Processing /opt/airflow/dags/kafka_load.py took 0.147 seconds
[2026-04-21T08:09:19.256+0000] {processor.py:186} INFO - Started process (PID=158) to work on /opt/airflow/dags/kafka_load.py
[2026-04-21T08:09:19.258+0000] {processor.py:914} INFO - Processing file /opt/airflow/dags/kafka_load.py for tasks to queue
[2026-04-21T08:09:19.262+0000] {logging_mixin.py:190} INFO - [2026-04-21T08:09:19.261+0000] {dagbag.py:588} INFO - Filling up the DagBag from /opt/airflow/dags/kafka_load.py
[2026-04-21T08:09:19.300+0000] {processor.py:925} INFO - DAG(s) 'kafka_producer' retrieved from /opt/airflow/dags/kafka_load.py
[2026-04-21T08:09:19.331+0000] {logging_mixin.py:190} INFO - [2026-04-21T08:09:19.331+0000] {dag.py:3239} INFO - Sync 1 DAGs
[2026-04-21T08:09:19.364+0000] {logging_mixin.py:190} INFO - [2026-04-21T08:09:19.364+0000] {dag.py:4180} INFO - Setting next_dagrun for kafka_producer to 2026-04-20 18:30:00+00:00, run_after=2026-04-21 18:30:00+00:00
[2026-04-21T08:09:19.394+0000] {processor.py:208} INFO - Processing /opt/airflow/dags/kafka_load.py took 0.146 seconds
[2026-04-21T08:09:49.989+0000] {processor.py:186} INFO - Started process (PID=161) to work on /opt/airflow/dags/kafka_load.py
[2026-04-21T08:09:49.992+0000] {processor.py:914} INFO - Processing file /opt/airflow/dags/kafka_load.py for tasks to queue
[2026-04-21T08:09:49.995+0000] {logging_mixin.py:190} INFO - [2026-04-21T08:09:49.994+0000] {dagbag.py:588} INFO - Filling up the DagBag from /opt/airflow/dags/kafka_load.py
[2026-04-21T08:09:50.037+0000] {processor.py:925} INFO - DAG(s) 'kafka_producer' retrieved from /opt/airflow/dags/kafka_load.py
[2026-04-21T08:09:50.069+0000] {logging_mixin.py:190} INFO - [2026-04-21T08:09:50.068+0000] {dag.py:3239} INFO - Sync 1 DAGs
[2026-04-21T08:09:50.116+0000] {logging_mixin.py:190} INFO - [2026-04-21T08:09:50.116+0000] {dag.py:4180} INFO - Setting next_dagrun for kafka_producer to 2026-04-20 18:30:00+00:00, run_after=2026-04-21 18:30:00+00:00
[2026-04-21T08:09:50.150+0000] {processor.py:208} INFO - Processing /opt/airflow/dags/kafka_load.py took 0.169 seconds
[2026-04-21T08:10:20.355+0000] {processor.py:186} INFO - Started process (PID=164) to work on /opt/airflow/dags/kafka_load.py
[2026-04-21T08:10:20.356+0000] {processor.py:914} INFO - Processing file /opt/airflow/dags/kafka_load.py for tasks to queue
[2026-04-21T08:10:20.359+0000] {logging_mixin.py:190} INFO - [2026-04-21T08:10:20.359+0000] {dagbag.py:588} INFO - Filling up the DagBag from /opt/airflow/dags/kafka_load.py
[2026-04-21T08:10:20.393+0000] {processor.py:925} INFO - DAG(s) 'kafka_producer' retrieved from /opt/airflow/dags/kafka_load.py
[2026-04-21T08:10:20.422+0000] {logging_mixin.py:190} INFO - [2026-04-21T08:10:20.421+0000] {dag.py:3239} INFO - Sync 1 DAGs
[2026-04-21T08:10:20.451+0000] {logging_mixin.py:190} INFO - [2026-04-21T08:10:20.451+0000] {dag.py:4180} INFO - Setting next_dagrun for kafka_producer to 2026-04-20 18:30:00+00:00, run_after=2026-04-21 18:30:00+00:00
[2026-04-21T08:10:20.481+0000] {processor.py:208} INFO - Processing /opt/airflow/dags/kafka_load.py took 0.135 seconds
[2026-04-21T08:10:51.211+0000] {processor.py:186} INFO - Started process (PID=167) to work on /opt/airflow/dags/kafka_load.py
[2026-04-21T08:10:51.224+0000] {processor.py:914} INFO - Processing file /opt/airflow/dags/kafka_load.py for tasks to queue
[2026-04-21T08:10:51.227+0000] {logging_mixin.py:190} INFO - [2026-04-21T08:10:51.227+0000] {dagbag.py:588} INFO - Filling up the DagBag from /opt/airflow/dags/kafka_load.py
[2026-04-21T08:10:51.266+0000] {processor.py:925} INFO - DAG(s) 'kafka_producer' retrieved from /opt/airflow/dags/kafka_load.py
[2026-04-21T08:10:51.301+0000] {logging_mixin.py:190} INFO - [2026-04-21T08:10:51.301+0000] {dag.py:3239} INFO - Sync 1 DAGs
[2026-04-21T08:10:51.378+0000] {logging_mixin.py:190} INFO - [2026-04-21T08:10:51.378+0000] {dag.py:4180} INFO - Setting next_dagrun for kafka_producer to 2026-04-20 18:30:00+00:00, run_after=2026-04-21 18:30:00+00:00
[2026-04-21T08:10:51.426+0000] {processor.py:208} INFO - Processing /opt/airflow/dags/kafka_load.py took 0.223 seconds
[2026-04-21T08:10:57.293+0000] {processor.py:186} INFO - Started process (PID=168) to work on /opt/airflow/dags/kafka_load.py
[2026-04-21T08:10:57.294+0000] {processor.py:914} INFO - Processing file /opt/airflow/dags/kafka_load.py for tasks to queue
[2026-04-21T08:10:57.298+0000] {logging_mixin.py:190} INFO - [2026-04-21T08:10:57.297+0000] {dagbag.py:588} INFO - Filling up the DagBag from /opt/airflow/dags/kafka_load.py
[2026-04-21T08:10:57.341+0000] {processor.py:925} INFO - DAG(s) 'kafka_producer' retrieved from /opt/airflow/dags/kafka_load.py
[2026-04-21T08:10:57.375+0000] {logging_mixin.py:190} INFO - [2026-04-21T08:10:57.375+0000] {dag.py:3239} INFO - Sync 1 DAGs
[2026-04-21T08:10:57.407+0000] {logging_mixin.py:190} INFO - [2026-04-21T08:10:57.407+0000] {dag.py:4180} INFO - Setting next_dagrun for kafka_producer to 2026-04-20 18:30:00+00:00, run_after=2026-04-21 18:30:00+00:00
[2026-04-21T08:10:57.441+0000] {processor.py:208} INFO - Processing /opt/airflow/dags/kafka_load.py took 0.158 seconds
[2026-04-21T08:11:03.485+0000] {processor.py:186} INFO - Started process (PID=169) to work on /opt/airflow/dags/kafka_load.py
[2026-04-21T08:11:03.486+0000] {processor.py:914} INFO - Processing file /opt/airflow/dags/kafka_load.py for tasks to queue
[2026-04-21T08:11:03.492+0000] {logging_mixin.py:190} INFO - [2026-04-21T08:11:03.490+0000] {dagbag.py:588} INFO - Filling up the DagBag from /opt/airflow/dags/kafka_load.py
[2026-04-21T08:11:03.562+0000] {processor.py:925} INFO - DAG(s) 'kafka_producer' retrieved from /opt/airflow/dags/kafka_load.py
[2026-04-21T08:11:03.607+0000] {logging_mixin.py:190} INFO - [2026-04-21T08:11:03.607+0000] {dag.py:3239} INFO - Sync 1 DAGs
[2026-04-21T08:11:03.697+0000] {logging_mixin.py:190} INFO - [2026-04-21T08:11:03.696+0000] {dag.py:4180} INFO - Setting next_dagrun for kafka_producer to 2026-04-20 18:30:00+00:00, run_after=2026-04-21 18:30:00+00:00
[2026-04-21T08:11:03.738+0000] {processor.py:208} INFO - Processing /opt/airflow/dags/kafka_load.py took 0.269 seconds
[2026-04-21T08:11:34.112+0000] {processor.py:186} INFO - Started process (PID=172) to work on /opt/airflow/dags/kafka_load.py
[2026-04-21T08:11:34.113+0000] {processor.py:914} INFO - Processing file /opt/airflow/dags/kafka_load.py for tasks to queue
[2026-04-21T08:11:34.116+0000] {logging_mixin.py:190} INFO - [2026-04-21T08:11:34.116+0000] {dagbag.py:588} INFO - Filling up the DagBag from /opt/airflow/dags/kafka_load.py
[2026-04-21T08:11:34.154+0000] {processor.py:925} INFO - DAG(s) 'kafka_producer' retrieved from /opt/airflow/dags/kafka_load.py
[2026-04-21T08:11:34.193+0000] {logging_mixin.py:190} INFO - [2026-04-21T08:11:34.193+0000] {dag.py:3239} INFO - Sync 1 DAGs
[2026-04-21T08:11:34.225+0000] {logging_mixin.py:190} INFO - [2026-04-21T08:11:34.225+0000] {dag.py:4180} INFO - Setting next_dagrun for kafka_producer to 2026-04-20 18:30:00+00:00, run_after=2026-04-21 18:30:00+00:00
[2026-04-21T08:11:34.256+0000] {processor.py:208} INFO - Processing /opt/airflow/dags/kafka_load.py took 0.154 seconds
[2026-04-21T08:12:04.753+0000] {processor.py:186} INFO - Started process (PID=175) to work on /opt/airflow/dags/kafka_load.py
[2026-04-21T08:12:04.754+0000] {processor.py:914} INFO - Processing file /opt/airflow/dags/kafka_load.py for tasks to queue
[2026-04-21T08:12:04.758+0000] {logging_mixin.py:190} INFO - [2026-04-21T08:12:04.757+0000] {dagbag.py:588} INFO - Filling up the DagBag from /opt/airflow/dags/kafka_load.py
[2026-04-21T08:12:04.790+0000] {processor.py:925} INFO - DAG(s) 'kafka_producer' retrieved from /opt/airflow/dags/kafka_load.py
[2026-04-21T08:12:04.818+0000] {logging_mixin.py:190} INFO - [2026-04-21T08:12:04.817+0000] {dag.py:3239} INFO - Sync 1 DAGs
[2026-04-21T08:12:04.853+0000] {logging_mixin.py:190} INFO - [2026-04-21T08:12:04.852+0000] {dag.py:4180} INFO - Setting next_dagrun for kafka_producer to 2026-04-20 18:30:00+00:00, run_after=2026-04-21 18:30:00+00:00
[2026-04-21T08:12:04.877+0000] {processor.py:208} INFO - Processing /opt/airflow/dags/kafka_load.py took 0.133 seconds
[2026-04-21T08:12:20.437+0000] {processor.py:186} INFO - Started process (PID=178) to work on /opt/airflow/dags/kafka_load.py
[2026-04-21T08:12:20.444+0000] {processor.py:914} INFO - Processing file /opt/airflow/dags/kafka_load.py for tasks to queue
[2026-04-21T08:12:20.450+0000] {logging_mixin.py:190} INFO - [2026-04-21T08:12:20.449+0000] {dagbag.py:588} INFO - Filling up the DagBag from /opt/airflow/dags/kafka_load.py
[2026-04-21T08:12:20.509+0000] {processor.py:925} INFO - DAG(s) 'kafka_producer' retrieved from /opt/airflow/dags/kafka_load.py
[2026-04-21T08:12:20.539+0000] {logging_mixin.py:190} INFO - [2026-04-21T08:12:20.539+0000] {dag.py:3239} INFO - Sync 1 DAGs
[2026-04-21T08:12:20.596+0000] {logging_mixin.py:190} INFO - [2026-04-21T08:12:20.596+0000] {dag.py:4180} INFO - Setting next_dagrun for kafka_producer to 2026-04-20 18:30:00+00:00, run_after=2026-04-21 18:30:00+00:00
[2026-04-21T08:12:21.364+0000] {processor.py:208} INFO - Processing /opt/airflow/dags/kafka_load.py took 0.942 seconds
[2026-04-21T08:12:33.590+0000] {processor.py:186} INFO - Started process (PID=179) to work on /opt/airflow/dags/kafka_load.py
[2026-04-21T08:12:33.592+0000] {processor.py:914} INFO - Processing file /opt/airflow/dags/kafka_load.py for tasks to queue
[2026-04-21T08:12:33.601+0000] {logging_mixin.py:190} INFO - [2026-04-21T08:12:33.598+0000] {dagbag.py:588} INFO - Filling up the DagBag from /opt/airflow/dags/kafka_load.py
[2026-04-21T08:12:33.658+0000] {processor.py:925} INFO - DAG(s) 'kafka_producer' retrieved from /opt/airflow/dags/kafka_load.py
[2026-04-21T08:12:33.695+0000] {logging_mixin.py:190} INFO - [2026-04-21T08:12:33.695+0000] {dag.py:3239} INFO - Sync 1 DAGs
[2026-04-21T08:12:33.749+0000] {logging_mixin.py:190} INFO - [2026-04-21T08:12:33.749+0000] {dag.py:4180} INFO - Setting next_dagrun for kafka_producer to 2026-04-20 18:30:00+00:00, run_after=2026-04-21 18:30:00+00:00
[2026-04-21T08:12:33.779+0000] {processor.py:208} INFO - Processing /opt/airflow/dags/kafka_load.py took 0.198 seconds
[2026-04-21T08:13:04.195+0000] {processor.py:186} INFO - Started process (PID=182) to work on /opt/airflow/dags/kafka_load.py
[2026-04-21T08:13:04.197+0000] {processor.py:914} INFO - Processing file /opt/airflow/dags/kafka_load.py for tasks to queue
[2026-04-21T08:13:04.201+0000] {logging_mixin.py:190} INFO - [2026-04-21T08:13:04.200+0000] {dagbag.py:588} INFO - Filling up the DagBag from /opt/airflow/dags/kafka_load.py
[2026-04-21T08:13:04.297+0000] {processor.py:925} INFO - DAG(s) 'kafka_producer' retrieved from /opt/airflow/dags/kafka_load.py
[2026-04-21T08:13:04.361+0000] {logging_mixin.py:190} INFO - [2026-04-21T08:13:04.360+0000] {dag.py:3239} INFO - Sync 1 DAGs
[2026-04-21T08:13:04.413+0000] {logging_mixin.py:190} INFO - [2026-04-21T08:13:04.412+0000] {dag.py:4180} INFO - Setting next_dagrun for kafka_producer to 2026-04-20 18:30:00+00:00, run_after=2026-04-21 18:30:00+00:00
[2026-04-21T08:13:04.455+0000] {processor.py:208} INFO - Processing /opt/airflow/dags/kafka_load.py took 0.282 seconds
[2026-04-21T08:13:35.002+0000] {processor.py:186} INFO - Started process (PID=185) to work on /opt/airflow/dags/kafka_load.py
[2026-04-21T08:13:35.004+0000] {processor.py:914} INFO - Processing file /opt/airflow/dags/kafka_load.py for tasks to queue
[2026-04-21T08:13:35.008+0000] {logging_mixin.py:190} INFO - [2026-04-21T08:13:35.007+0000] {dagbag.py:588} INFO - Filling up the DagBag from /opt/airflow/dags/kafka_load.py
[2026-04-21T08:13:35.044+0000] {processor.py:925} INFO - DAG(s) 'kafka_producer' retrieved from /opt/airflow/dags/kafka_load.py
[2026-04-21T08:13:35.072+0000] {logging_mixin.py:190} INFO - [2026-04-21T08:13:35.072+0000] {dag.py:3239} INFO - Sync 1 DAGs
[2026-04-21T08:13:35.104+0000] {logging_mixin.py:190} INFO - [2026-04-21T08:13:35.104+0000] {dag.py:4180} INFO - Setting next_dagrun for kafka_producer to 2026-04-20 18:30:00+00:00, run_after=2026-04-21 18:30:00+00:00
[2026-04-21T08:13:35.132+0000] {processor.py:208} INFO - Processing /opt/airflow/dags/kafka_load.py took 0.139 seconds
[2026-04-21T08:14:03.730+0000] {processor.py:186} INFO - Started process (PID=188) to work on /opt/airflow/dags/kafka_load.py
[2026-04-21T08:14:03.732+0000] {processor.py:914} INFO - Processing file /opt/airflow/dags/kafka_load.py for tasks to queue
[2026-04-21T08:14:03.737+0000] {logging_mixin.py:190} INFO - [2026-04-21T08:14:03.736+0000] {dagbag.py:588} INFO - Filling up the DagBag from /opt/airflow/dags/kafka_load.py
[2026-04-21T08:14:03.772+0000] {processor.py:925} INFO - DAG(s) 'kafka_producer' retrieved from /opt/airflow/dags/kafka_load.py
[2026-04-21T08:14:03.798+0000] {logging_mixin.py:190} INFO - [2026-04-21T08:14:03.798+0000] {dag.py:3239} INFO - Sync 1 DAGs
[2026-04-21T08:14:03.833+0000] {logging_mixin.py:190} INFO - [2026-04-21T08:14:03.832+0000] {dag.py:4180} INFO - Setting next_dagrun for kafka_producer to 2026-04-20 18:30:00+00:00, run_after=2026-04-21 18:30:00+00:00
[2026-04-21T08:14:03.865+0000] {processor.py:208} INFO - Processing /opt/airflow/dags/kafka_load.py took 0.143 seconds
[2026-04-21T08:14:34.429+0000] {processor.py:186} INFO - Started process (PID=191) to work on /opt/airflow/dags/kafka_load.py
[2026-04-21T08:14:34.431+0000] {processor.py:914} INFO - Processing file /opt/airflow/dags/kafka_load.py for tasks to queue
[2026-04-21T08:14:34.434+0000] {logging_mixin.py:190} INFO - [2026-04-21T08:14:34.434+0000] {dagbag.py:588} INFO - Filling up the DagBag from /opt/airflow/dags/kafka_load.py
[2026-04-21T08:14:34.472+0000] {processor.py:925} INFO - DAG(s) 'kafka_producer' retrieved from /opt/airflow/dags/kafka_load.py
[2026-04-21T08:14:34.497+0000] {logging_mixin.py:190} INFO - [2026-04-21T08:14:34.496+0000] {dag.py:3239} INFO - Sync 1 DAGs
[2026-04-21T08:14:34.530+0000] {logging_mixin.py:190} INFO - [2026-04-21T08:14:34.530+0000] {dag.py:4180} INFO - Setting next_dagrun for kafka_producer to 2026-04-20 18:30:00+00:00, run_after=2026-04-21 18:30:00+00:00
[2026-04-21T08:14:34.558+0000] {processor.py:208} INFO - Processing /opt/airflow/dags/kafka_load.py took 0.137 seconds
[2026-04-21T08:14:38.526+0000] {processor.py:186} INFO - Started process (PID=192) to work on /opt/airflow/dags/kafka_load.py
[2026-04-21T08:14:38.527+0000] {processor.py:914} INFO - Processing file /opt/airflow/dags/kafka_load.py for tasks to queue
[2026-04-21T08:14:38.530+0000] {logging_mixin.py:190} INFO - [2026-04-21T08:14:38.530+0000] {dagbag.py:588} INFO - Filling up the DagBag from /opt/airflow/dags/kafka_load.py
[2026-04-21T08:14:38.579+0000] {processor.py:925} INFO - DAG(s) 'kafka_producer' retrieved from /opt/airflow/dags/kafka_load.py
[2026-04-21T08:14:38.618+0000] {logging_mixin.py:190} INFO - [2026-04-21T08:14:38.618+0000] {dag.py:3239} INFO - Sync 1 DAGs
[2026-04-21T08:14:38.660+0000] {logging_mixin.py:190} INFO - [2026-04-21T08:14:38.659+0000] {dag.py:4180} INFO - Setting next_dagrun for kafka_producer to 2026-04-20 18:30:00+00:00, run_after=2026-04-21 18:30:00+00:00
[2026-04-21T08:14:38.697+0000] {processor.py:208} INFO - Processing /opt/airflow/dags/kafka_load.py took 0.178 seconds
[2026-04-21T08:14:43.774+0000] {processor.py:186} INFO - Started process (PID=193) to work on /opt/airflow/dags/kafka_load.py
[2026-04-21T08:14:43.778+0000] {processor.py:914} INFO - Processing file /opt/airflow/dags/kafka_load.py for tasks to queue
[2026-04-21T08:14:43.802+0000] {logging_mixin.py:190} INFO - [2026-04-21T08:14:43.802+0000] {dagbag.py:588} INFO - Filling up the DagBag from /opt/airflow/dags/kafka_load.py
[2026-04-21T08:14:43.882+0000] {processor.py:925} INFO - DAG(s) 'kafka_producer' retrieved from /opt/airflow/dags/kafka_load.py
[2026-04-21T08:14:43.929+0000] {logging_mixin.py:190} INFO - [2026-04-21T08:14:43.929+0000] {dag.py:3239} INFO - Sync 1 DAGs
[2026-04-21T08:14:43.967+0000] {logging_mixin.py:190} INFO - [2026-04-21T08:14:43.967+0000] {dag.py:4180} INFO - Setting next_dagrun for kafka_producer to 2026-04-20 18:30:00+00:00, run_after=2026-04-21 18:30:00+00:00
[2026-04-21T08:14:44.008+0000] {processor.py:208} INFO - Processing /opt/airflow/dags/kafka_load.py took 0.256 seconds
[2026-04-21T08:14:45.098+0000] {processor.py:186} INFO - Started process (PID=194) to work on /opt/airflow/dags/kafka_load.py
[2026-04-21T08:14:45.100+0000] {processor.py:914} INFO - Processing file /opt/airflow/dags/kafka_load.py for tasks to queue
[2026-04-21T08:14:45.105+0000] {logging_mixin.py:190} INFO - [2026-04-21T08:14:45.104+0000] {dagbag.py:588} INFO - Filling up the DagBag from /opt/airflow/dags/kafka_load.py
[2026-04-21T08:14:45.185+0000] {processor.py:925} INFO - DAG(s) 'kafka_producer' retrieved from /opt/airflow/dags/kafka_load.py
[2026-04-21T08:14:45.275+0000] {logging_mixin.py:190} INFO - [2026-04-21T08:14:45.265+0000] {dag.py:3239} INFO - Sync 1 DAGs
[2026-04-21T08:14:45.347+0000] {logging_mixin.py:190} INFO - [2026-04-21T08:14:45.345+0000] {dag.py:4180} INFO - Setting next_dagrun for kafka_producer to 2026-04-20 18:30:00+00:00, run_after=2026-04-21 18:30:00+00:00
[2026-04-21T08:14:45.387+0000] {processor.py:208} INFO - Processing /opt/airflow/dags/kafka_load.py took 0.310 seconds
[2026-04-21T08:15:15.992+0000] {processor.py:186} INFO - Started process (PID=197) to work on /opt/airflow/dags/kafka_load.py
[2026-04-21T08:15:15.993+0000] {processor.py:914} INFO - Processing file /opt/airflow/dags/kafka_load.py for tasks to queue
[2026-04-21T08:15:15.999+0000] {logging_mixin.py:190} INFO - [2026-04-21T08:15:15.996+0000] {dagbag.py:588} INFO - Filling up the DagBag from /opt/airflow/dags/kafka_load.py
[2026-04-21T08:15:16.047+0000] {processor.py:925} INFO - DAG(s) 'kafka_producer' retrieved from /opt/airflow/dags/kafka_load.py
[2026-04-21T08:15:16.072+0000] {logging_mixin.py:190} INFO - [2026-04-21T08:15:16.072+0000] {dag.py:3239} INFO - Sync 1 DAGs
[2026-04-21T08:15:16.103+0000] {logging_mixin.py:190} INFO - [2026-04-21T08:15:16.102+0000] {dag.py:4180} INFO - Setting next_dagrun for kafka_producer to 2026-04-20 18:30:00+00:00, run_after=2026-04-21 18:30:00+00:00
[2026-04-21T08:15:16.131+0000] {processor.py:208} INFO - Processing /opt/airflow/dags/kafka_load.py took 0.149 seconds
[2026-04-21T08:15:46.816+0000] {processor.py:186} INFO - Started process (PID=200) to work on /opt/airflow/dags/kafka_load.py
[2026-04-21T08:15:46.818+0000] {processor.py:914} INFO - Processing file /opt/airflow/dags/kafka_load.py for tasks to queue
[2026-04-21T08:15:46.821+0000] {logging_mixin.py:190} INFO - [2026-04-21T08:15:46.821+0000] {dagbag.py:588} INFO - Filling up the DagBag from /opt/airflow/dags/kafka_load.py
[2026-04-21T08:15:46.860+0000] {processor.py:925} INFO - DAG(s) 'kafka_producer' retrieved from /opt/airflow/dags/kafka_load.py
[2026-04-21T08:15:46.891+0000] {logging_mixin.py:190} INFO - [2026-04-21T08:15:46.890+0000] {dag.py:3239} INFO - Sync 1 DAGs
[2026-04-21T08:15:46.934+0000] {logging_mixin.py:190} INFO - [2026-04-21T08:15:46.933+0000] {dag.py:4180} INFO - Setting next_dagrun for kafka_producer to 2026-04-20 18:30:00+00:00, run_after=2026-04-21 18:30:00+00:00
[2026-04-21T08:15:46.977+0000] {processor.py:208} INFO - Processing /opt/airflow/dags/kafka_load.py took 0.169 seconds
[2026-04-21T08:16:17.372+0000] {processor.py:186} INFO - Started process (PID=203) to work on /opt/airflow/dags/kafka_load.py
[2026-04-21T08:16:17.373+0000] {processor.py:914} INFO - Processing file /opt/airflow/dags/kafka_load.py for tasks to queue
[2026-04-21T08:16:17.379+0000] {logging_mixin.py:190} INFO - [2026-04-21T08:16:17.378+0000] {dagbag.py:588} INFO - Filling up the DagBag from /opt/airflow/dags/kafka_load.py
[2026-04-21T08:16:17.411+0000] {processor.py:925} INFO - DAG(s) 'kafka_producer' retrieved from /opt/airflow/dags/kafka_load.py
[2026-04-21T08:16:17.441+0000] {logging_mixin.py:190} INFO - [2026-04-21T08:16:17.441+0000] {dag.py:3239} INFO - Sync 1 DAGs
[2026-04-21T08:16:17.474+0000] {logging_mixin.py:190} INFO - [2026-04-21T08:16:17.473+0000] {dag.py:4180} INFO - Setting next_dagrun for kafka_producer to 2026-04-20 18:30:00+00:00, run_after=2026-04-21 18:30:00+00:00
[2026-04-21T08:16:17.506+0000] {processor.py:208} INFO - Processing /opt/airflow/dags/kafka_load.py took 0.147 seconds
[2026-04-21T08:16:47.955+0000] {processor.py:186} INFO - Started process (PID=206) to work on /opt/airflow/dags/kafka_load.py
[2026-04-21T08:16:47.957+0000] {processor.py:914} INFO - Processing file /opt/airflow/dags/kafka_load.py for tasks to queue
[2026-04-21T08:16:47.960+0000] {logging_mixin.py:190} INFO - [2026-04-21T08:16:47.959+0000] {dagbag.py:588} INFO - Filling up the DagBag from /opt/airflow/dags/kafka_load.py
[2026-04-21T08:16:47.995+0000] {processor.py:925} INFO - DAG(s) 'kafka_producer' retrieved from /opt/airflow/dags/kafka_load.py
[2026-04-21T08:16:48.022+0000] {logging_mixin.py:190} INFO - [2026-04-21T08:16:48.021+0000] {dag.py:3239} INFO - Sync 1 DAGs
[2026-04-21T08:16:48.057+0000] {logging_mixin.py:190} INFO - [2026-04-21T08:16:48.057+0000] {dag.py:4180} INFO - Setting next_dagrun for kafka_producer to 2026-04-20 18:30:00+00:00, run_after=2026-04-21 18:30:00+00:00
[2026-04-21T08:16:48.089+0000] {processor.py:208} INFO - Processing /opt/airflow/dags/kafka_load.py took 0.142 seconds
[2026-04-21T08:17:00.521+0000] {processor.py:186} INFO - Started process (PID=209) to work on /opt/airflow/dags/kafka_load.py
[2026-04-21T08:17:00.528+0000] {processor.py:914} INFO - Processing file /opt/airflow/dags/kafka_load.py for tasks to queue
[2026-04-21T08:17:00.533+0000] {logging_mixin.py:190} INFO - [2026-04-21T08:17:00.532+0000] {dagbag.py:588} INFO - Filling up the DagBag from /opt/airflow/dags/kafka_load.py
[2026-04-21T08:17:00.588+0000] {processor.py:925} INFO - DAG(s) 'kafka_producer' retrieved from /opt/airflow/dags/kafka_load.py
[2026-04-21T08:17:00.627+0000] {logging_mixin.py:190} INFO - [2026-04-21T08:17:00.626+0000] {dag.py:3239} INFO - Sync 1 DAGs
[2026-04-21T08:17:00.661+0000] {logging_mixin.py:190} INFO - [2026-04-21T08:17:00.661+0000] {dag.py:4180} INFO - Setting next_dagrun for kafka_producer to 2026-04-20 18:30:00+00:00, run_after=2026-04-21 18:30:00+00:00
[2026-04-21T08:17:00.697+0000] {processor.py:208} INFO - Processing /opt/airflow/dags/kafka_load.py took 0.184 seconds
[2026-04-21T08:17:06.658+0000] {processor.py:186} INFO - Started process (PID=210) to work on /opt/airflow/dags/kafka_load.py
[2026-04-21T08:17:06.659+0000] {processor.py:914} INFO - Processing file /opt/airflow/dags/kafka_load.py for tasks to queue
[2026-04-21T08:17:06.662+0000] {logging_mixin.py:190} INFO - [2026-04-21T08:17:06.662+0000] {dagbag.py:588} INFO - Filling up the DagBag from /opt/airflow/dags/kafka_load.py
[2026-04-21T08:17:06.699+0000] {processor.py:925} INFO - DAG(s) 'kafka_producer' retrieved from /opt/airflow/dags/kafka_load.py
[2026-04-21T08:17:06.729+0000] {logging_mixin.py:190} INFO - [2026-04-21T08:17:06.729+0000] {dag.py:3239} INFO - Sync 1 DAGs
[2026-04-21T08:17:06.764+0000] {logging_mixin.py:190} INFO - [2026-04-21T08:17:06.764+0000] {dag.py:4180} INFO - Setting next_dagrun for kafka_producer to 2026-04-20 18:30:00+00:00, run_after=2026-04-21 18:30:00+00:00
[2026-04-21T08:17:06.795+0000] {processor.py:208} INFO - Processing /opt/airflow/dags/kafka_load.py took 0.147 seconds
[2026-04-21T08:17:36.973+0000] {processor.py:186} INFO - Started process (PID=213) to work on /opt/airflow/dags/kafka_load.py
[2026-04-21T08:17:36.975+0000] {processor.py:914} INFO - Processing file /opt/airflow/dags/kafka_load.py for tasks to queue
[2026-04-21T08:17:36.979+0000] {logging_mixin.py:190} INFO - [2026-04-21T08:17:36.978+0000] {dagbag.py:588} INFO - Filling up the DagBag from /opt/airflow/dags/kafka_load.py
[2026-04-21T08:17:37.037+0000] {processor.py:925} INFO - DAG(s) 'kafka_producer' retrieved from /opt/airflow/dags/kafka_load.py
[2026-04-21T08:17:37.089+0000] {logging_mixin.py:190} INFO - [2026-04-21T08:17:37.088+0000] {dag.py:3239} INFO - Sync 1 DAGs
[2026-04-21T08:17:37.128+0000] {logging_mixin.py:190} INFO - [2026-04-21T08:17:37.128+0000] {dag.py:4180} INFO - Setting next_dagrun for kafka_producer to 2026-04-20 18:30:00+00:00, run_after=2026-04-21 18:30:00+00:00
[2026-04-21T08:17:37.217+0000] {processor.py:208} INFO - Processing /opt/airflow/dags/kafka_load.py took 0.259 seconds
[2026-04-21T08:17:43.057+0000] {processor.py:186} INFO - Started process (PID=214) to work on /opt/airflow/dags/kafka_load.py
[2026-04-21T08:17:43.059+0000] {processor.py:914} INFO - Processing file /opt/airflow/dags/kafka_load.py for tasks to queue
[2026-04-21T08:17:43.062+0000] {logging_mixin.py:190} INFO - [2026-04-21T08:17:43.062+0000] {dagbag.py:588} INFO - Filling up the DagBag from /opt/airflow/dags/kafka_load.py
[2026-04-21T08:17:43.113+0000] {processor.py:925} INFO - DAG(s) 'kafka_producer' retrieved from /opt/airflow/dags/kafka_load.py
[2026-04-21T08:17:43.142+0000] {logging_mixin.py:190} INFO - [2026-04-21T08:17:43.141+0000] {dag.py:3239} INFO - Sync 1 DAGs
[2026-04-21T08:17:43.174+0000] {logging_mixin.py:190} INFO - [2026-04-21T08:17:43.174+0000] {dag.py:4180} INFO - Setting next_dagrun for kafka_producer to 2026-04-20 18:30:00+00:00, run_after=2026-04-21 18:30:00+00:00
[2026-04-21T08:17:43.209+0000] {processor.py:208} INFO - Processing /opt/airflow/dags/kafka_load.py took 0.161 seconds
[2026-04-21T08:17:59.365+0000] {processor.py:186} INFO - Started process (PID=217) to work on /opt/airflow/dags/kafka_load.py
[2026-04-21T08:17:59.368+0000] {processor.py:914} INFO - Processing file /opt/airflow/dags/kafka_load.py for tasks to queue
[2026-04-21T08:17:59.371+0000] {logging_mixin.py:190} INFO - [2026-04-21T08:17:59.371+0000] {dagbag.py:588} INFO - Filling up the DagBag from /opt/airflow/dags/kafka_load.py
[2026-04-21T08:17:59.419+0000] {processor.py:925} INFO - DAG(s) 'kafka_producer' retrieved from /opt/airflow/dags/kafka_load.py
[2026-04-21T08:17:59.465+0000] {logging_mixin.py:190} INFO - [2026-04-21T08:17:59.465+0000] {dag.py:3239} INFO - Sync 1 DAGs
[2026-04-21T08:17:59.510+0000] {logging_mixin.py:190} INFO - [2026-04-21T08:17:59.510+0000] {dag.py:4180} INFO - Setting next_dagrun for kafka_producer to 2026-04-20 18:30:00+00:00, run_after=2026-04-21 18:30:00+00:00
[2026-04-21T08:17:59.539+0000] {processor.py:208} INFO - Processing /opt/airflow/dags/kafka_load.py took 0.189 seconds
[2026-04-21T08:18:30.147+0000] {processor.py:186} INFO - Started process (PID=220) to work on /opt/airflow/dags/kafka_load.py
[2026-04-21T08:18:30.148+0000] {processor.py:914} INFO - Processing file /opt/airflow/dags/kafka_load.py for tasks to queue
[2026-04-21T08:18:30.152+0000] {logging_mixin.py:190} INFO - [2026-04-21T08:18:30.151+0000] {dagbag.py:588} INFO - Filling up the DagBag from /opt/airflow/dags/kafka_load.py
[2026-04-21T08:18:30.204+0000] {processor.py:925} INFO - DAG(s) 'kafka_producer' retrieved from /opt/airflow/dags/kafka_load.py
[2026-04-21T08:18:30.267+0000] {logging_mixin.py:190} INFO - [2026-04-21T08:18:30.266+0000] {dag.py:3239} INFO - Sync 1 DAGs
[2026-04-21T08:18:30.312+0000] {logging_mixin.py:190} INFO - [2026-04-21T08:18:30.312+0000] {dag.py:4180} INFO - Setting next_dagrun for kafka_producer to 2026-04-20 18:30:00+00:00, run_after=2026-04-21 18:30:00+00:00
[2026-04-21T08:18:30.335+0000] {processor.py:208} INFO - Processing /opt/airflow/dags/kafka_load.py took 0.198 seconds
[2026-04-21T08:19:00.713+0000] {processor.py:186} INFO - Started process (PID=223) to work on /opt/airflow/dags/kafka_load.py
[2026-04-21T08:19:00.714+0000] {processor.py:914} INFO - Processing file /opt/airflow/dags/kafka_load.py for tasks to queue
[2026-04-21T08:19:00.718+0000] {logging_mixin.py:190} INFO - [2026-04-21T08:19:00.717+0000] {dagbag.py:588} INFO - Filling up the DagBag from /opt/airflow/dags/kafka_load.py
[2026-04-21T08:19:00.751+0000] {processor.py:925} INFO - DAG(s) 'kafka_producer' retrieved from /opt/airflow/dags/kafka_load.py
[2026-04-21T08:19:00.781+0000] {logging_mixin.py:190} INFO - [2026-04-21T08:19:00.781+0000] {dag.py:3239} INFO - Sync 1 DAGs
[2026-04-21T08:19:00.814+0000] {logging_mixin.py:190} INFO - [2026-04-21T08:19:00.814+0000] {dag.py:4180} INFO - Setting next_dagrun for kafka_producer to 2026-04-20 18:30:00+00:00, run_after=2026-04-21 18:30:00+00:00
[2026-04-21T08:19:00.845+0000] {processor.py:208} INFO - Processing /opt/airflow/dags/kafka_load.py took 0.145 seconds
[2026-04-21T08:19:16.031+0000] {processor.py:186} INFO - Started process (PID=224) to work on /opt/airflow/dags/kafka_load.py
[2026-04-21T08:19:16.032+0000] {processor.py:914} INFO - Processing file /opt/airflow/dags/kafka_load.py for tasks to queue
[2026-04-21T08:19:16.035+0000] {logging_mixin.py:190} INFO - [2026-04-21T08:19:16.035+0000] {dagbag.py:588} INFO - Filling up the DagBag from /opt/airflow/dags/kafka_load.py
[2026-04-21T08:19:16.076+0000] {processor.py:925} INFO - DAG(s) 'kafka_producer' retrieved from /opt/airflow/dags/kafka_load.py
[2026-04-21T08:19:16.105+0000] {logging_mixin.py:190} INFO - [2026-04-21T08:19:16.105+0000] {dag.py:3239} INFO - Sync 1 DAGs
[2026-04-21T08:19:16.136+0000] {logging_mixin.py:190} INFO - [2026-04-21T08:19:16.136+0000] {dag.py:4180} INFO - Setting next_dagrun for kafka_producer to 2026-04-20 18:30:00+00:00, run_after=2026-04-21 18:30:00+00:00
[2026-04-21T08:19:16.168+0000] {processor.py:208} INFO - Processing /opt/airflow/dags/kafka_load.py took 0.148 seconds
[2026-04-21T08:19:24.295+0000] {processor.py:186} INFO - Started process (PID=225) to work on /opt/airflow/dags/kafka_load.py
[2026-04-21T08:19:24.298+0000] {processor.py:914} INFO - Processing file /opt/airflow/dags/kafka_load.py for tasks to queue
[2026-04-21T08:19:24.322+0000] {logging_mixin.py:190} INFO - [2026-04-21T08:19:24.322+0000] {dagbag.py:588} INFO - Filling up the DagBag from /opt/airflow/dags/kafka_load.py
[2026-04-21T08:19:24.415+0000] {processor.py:925} INFO - DAG(s) 'kafka_producer' retrieved from /opt/airflow/dags/kafka_load.py
[2026-04-21T08:19:24.453+0000] {logging_mixin.py:190} INFO - [2026-04-21T08:19:24.452+0000] {dag.py:3239} INFO - Sync 1 DAGs
[2026-04-21T08:19:24.511+0000] {logging_mixin.py:190} INFO - [2026-04-21T08:19:24.510+0000] {dag.py:4180} INFO - Setting next_dagrun for kafka_producer to 2026-04-20 18:30:00+00:00, run_after=2026-04-21 18:30:00+00:00
[2026-04-21T08:19:25.281+0000] {processor.py:208} INFO - Processing /opt/airflow/dags/kafka_load.py took 1.012 seconds
[2026-04-21T08:19:55.822+0000] {processor.py:186} INFO - Started process (PID=229) to work on /opt/airflow/dags/kafka_load.py
[2026-04-21T08:19:55.824+0000] {processor.py:914} INFO - Processing file /opt/airflow/dags/kafka_load.py for tasks to queue
[2026-04-21T08:19:55.828+0000] {logging_mixin.py:190} INFO - [2026-04-21T08:19:55.827+0000] {dagbag.py:588} INFO - Filling up the DagBag from /opt/airflow/dags/kafka_load.py
[2026-04-21T08:19:55.885+0000] {processor.py:925} INFO - DAG(s) 'kafka_producer' retrieved from /opt/airflow/dags/kafka_load.py
[2026-04-21T08:19:55.918+0000] {logging_mixin.py:190} INFO - [2026-04-21T08:19:55.918+0000] {dag.py:3239} INFO - Sync 1 DAGs
[2026-04-21T08:19:55.958+0000] {logging_mixin.py:190} INFO - [2026-04-21T08:19:55.957+0000] {dag.py:4180} INFO - Setting next_dagrun for kafka_producer to 2026-04-20 18:30:00+00:00, run_after=2026-04-21 18:30:00+00:00
[2026-04-21T08:19:55.984+0000] {processor.py:208} INFO - Processing /opt/airflow/dags/kafka_load.py took 0.174 seconds
[2026-04-21T08:20:19.422+0000] {processor.py:186} INFO - Started process (PID=231) to work on /opt/airflow/dags/kafka_load.py
[2026-04-21T08:20:19.424+0000] {processor.py:914} INFO - Processing file /opt/airflow/dags/kafka_load.py for tasks to queue
[2026-04-21T08:20:19.429+0000] {logging_mixin.py:190} INFO - [2026-04-21T08:20:19.428+0000] {dagbag.py:588} INFO - Filling up the DagBag from /opt/airflow/dags/kafka_load.py
[2026-04-21T08:20:19.475+0000] {processor.py:925} INFO - DAG(s) 'kafka_producer' retrieved from /opt/airflow/dags/kafka_load.py
[2026-04-21T08:20:19.507+0000] {logging_mixin.py:190} INFO - [2026-04-21T08:20:19.507+0000] {dag.py:3239} INFO - Sync 1 DAGs
[2026-04-21T08:20:19.542+0000] {logging_mixin.py:190} INFO - [2026-04-21T08:20:19.542+0000] {dag.py:4180} INFO - Setting next_dagrun for kafka_producer to 2026-04-20 18:30:00+00:00, run_after=2026-04-21 18:30:00+00:00
[2026-04-21T08:20:19.584+0000] {processor.py:208} INFO - Processing /opt/airflow/dags/kafka_load.py took 0.172 seconds
[2026-04-21T08:20:21.537+0000] {processor.py:186} INFO - Started process (PID=232) to work on /opt/airflow/dags/kafka_load.py
[2026-04-21T08:20:21.539+0000] {processor.py:914} INFO - Processing file /opt/airflow/dags/kafka_load.py for tasks to queue
[2026-04-21T08:20:21.547+0000] {logging_mixin.py:190} INFO - [2026-04-21T08:20:21.546+0000] {dagbag.py:588} INFO - Filling up the DagBag from /opt/airflow/dags/kafka_load.py
[2026-04-21T08:20:21.619+0000] {processor.py:925} INFO - DAG(s) 'kafka_producer' retrieved from /opt/airflow/dags/kafka_load.py
[2026-04-21T08:20:21.663+0000] {logging_mixin.py:190} INFO - [2026-04-21T08:20:21.662+0000] {dag.py:3239} INFO - Sync 1 DAGs
[2026-04-21T08:20:21.698+0000] {logging_mixin.py:190} INFO - [2026-04-21T08:20:21.698+0000] {dag.py:4180} INFO - Setting next_dagrun for kafka_producer to 2026-04-20 18:30:00+00:00, run_after=2026-04-21 18:30:00+00:00
[2026-04-21T08:20:21.729+0000] {processor.py:208} INFO - Processing /opt/airflow/dags/kafka_load.py took 0.211 seconds
[2026-04-21T08:20:22.730+0000] {processor.py:186} INFO - Started process (PID=233) to work on /opt/airflow/dags/kafka_load.py
[2026-04-21T08:20:22.731+0000] {processor.py:914} INFO - Processing file /opt/airflow/dags/kafka_load.py for tasks to queue
[2026-04-21T08:20:22.734+0000] {logging_mixin.py:190} INFO - [2026-04-21T08:20:22.734+0000] {dagbag.py:588} INFO - Filling up the DagBag from /opt/airflow/dags/kafka_load.py
[2026-04-21T08:20:22.770+0000] {processor.py:925} INFO - DAG(s) 'kafka_producer' retrieved from /opt/airflow/dags/kafka_load.py
[2026-04-21T08:20:22.799+0000] {logging_mixin.py:190} INFO - [2026-04-21T08:20:22.798+0000] {dag.py:3239} INFO - Sync 1 DAGs
[2026-04-21T08:20:22.834+0000] {logging_mixin.py:190} INFO - [2026-04-21T08:20:22.834+0000] {dag.py:4180} INFO - Setting next_dagrun for kafka_producer to 2026-04-20 18:30:00+00:00, run_after=2026-04-21 18:30:00+00:00
[2026-04-21T08:20:22.858+0000] {processor.py:208} INFO - Processing /opt/airflow/dags/kafka_load.py took 0.140 seconds
[2026-04-21T08:20:53.495+0000] {processor.py:186} INFO - Started process (PID=236) to work on /opt/airflow/dags/kafka_load.py
[2026-04-21T08:20:53.497+0000] {processor.py:914} INFO - Processing file /opt/airflow/dags/kafka_load.py for tasks to queue
[2026-04-21T08:20:53.502+0000] {logging_mixin.py:190} INFO - [2026-04-21T08:20:53.500+0000] {dagbag.py:588} INFO - Filling up the DagBag from /opt/airflow/dags/kafka_load.py
[2026-04-21T08:20:53.591+0000] {processor.py:925} INFO - DAG(s) 'kafka_producer' retrieved from /opt/airflow/dags/kafka_load.py
[2026-04-21T08:20:53.622+0000] {logging_mixin.py:190} INFO - [2026-04-21T08:20:53.622+0000] {dag.py:3239} INFO - Sync 1 DAGs
[2026-04-21T08:20:53.659+0000] {logging_mixin.py:190} INFO - [2026-04-21T08:20:53.659+0000] {dag.py:4180} INFO - Setting next_dagrun for kafka_producer to 2026-04-20 18:30:00+00:00, run_after=2026-04-21 18:30:00+00:00
[2026-04-21T08:20:53.686+0000] {processor.py:208} INFO - Processing /opt/airflow/dags/kafka_load.py took 0.204 seconds
[2026-04-21T08:21:24.154+0000] {processor.py:186} INFO - Started process (PID=239) to work on /opt/airflow/dags/kafka_load.py
[2026-04-21T08:21:24.155+0000] {processor.py:914} INFO - Processing file /opt/airflow/dags/kafka_load.py for tasks to queue
[2026-04-21T08:21:24.159+0000] {logging_mixin.py:190} INFO - [2026-04-21T08:21:24.158+0000] {dagbag.py:588} INFO - Filling up the DagBag from /opt/airflow/dags/kafka_load.py
[2026-04-21T08:21:24.194+0000] {processor.py:925} INFO - DAG(s) 'kafka_producer' retrieved from /opt/airflow/dags/kafka_load.py
[2026-04-21T08:21:24.222+0000] {logging_mixin.py:190} INFO - [2026-04-21T08:21:24.221+0000] {dag.py:3239} INFO - Sync 1 DAGs
[2026-04-21T08:21:24.256+0000] {logging_mixin.py:190} INFO - [2026-04-21T08:21:24.256+0000] {dag.py:4180} INFO - Setting next_dagrun for kafka_producer to 2026-04-20 18:30:00+00:00, run_after=2026-04-21 18:30:00+00:00
[2026-04-21T08:21:24.281+0000] {processor.py:208} INFO - Processing /opt/airflow/dags/kafka_load.py took 0.137 seconds
[2026-04-21T08:21:25.241+0000] {processor.py:186} INFO - Started process (PID=240) to work on /opt/airflow/dags/kafka_load.py
[2026-04-21T08:21:25.242+0000] {processor.py:914} INFO - Processing file /opt/airflow/dags/kafka_load.py for tasks to queue
[2026-04-21T08:21:25.249+0000] {logging_mixin.py:190} INFO - [2026-04-21T08:21:25.249+0000] {dagbag.py:588} INFO - Filling up the DagBag from /opt/airflow/dags/kafka_load.py
[2026-04-21T08:21:25.305+0000] {processor.py:925} INFO - DAG(s) 'kafka_producer' retrieved from /opt/airflow/dags/kafka_load.py
[2026-04-21T08:21:25.347+0000] {logging_mixin.py:190} INFO - [2026-04-21T08:21:25.347+0000] {dag.py:3239} INFO - Sync 1 DAGs
[2026-04-21T08:21:25.394+0000] {logging_mixin.py:190} INFO - [2026-04-21T08:21:25.394+0000] {dag.py:4180} INFO - Setting next_dagrun for kafka_producer to 2026-04-20 18:30:00+00:00, run_after=2026-04-21 18:30:00+00:00
[2026-04-21T08:21:25.449+0000] {processor.py:208} INFO - Processing /opt/airflow/dags/kafka_load.py took 0.219 seconds
[2026-04-21T08:21:26.539+0000] {processor.py:186} INFO - Started process (PID=242) to work on /opt/airflow/dags/kafka_load.py
[2026-04-21T08:21:26.544+0000] {processor.py:914} INFO - Processing file /opt/airflow/dags/kafka_load.py for tasks to queue
[2026-04-21T08:21:26.561+0000] {logging_mixin.py:190} INFO - [2026-04-21T08:21:26.560+0000] {dagbag.py:588} INFO - Filling up the DagBag from /opt/airflow/dags/kafka_load.py
[2026-04-21T08:21:26.640+0000] {processor.py:925} INFO - DAG(s) 'kafka_producer' retrieved from /opt/airflow/dags/kafka_load.py
[2026-04-21T08:21:26.681+0000] {logging_mixin.py:190} INFO - [2026-04-21T08:21:26.680+0000] {dag.py:3239} INFO - Sync 1 DAGs
[2026-04-21T08:21:26.716+0000] {logging_mixin.py:190} INFO - [2026-04-21T08:21:26.716+0000] {dag.py:4180} INFO - Setting next_dagrun for kafka_producer to 2026-04-20 18:30:00+00:00, run_after=2026-04-21 18:30:00+00:00
[2026-04-21T08:21:26.778+0000] {processor.py:208} INFO - Processing /opt/airflow/dags/kafka_load.py took 0.260 seconds
[2026-04-21T08:21:32.697+0000] {processor.py:186} INFO - Started process (PID=244) to work on /opt/airflow/dags/kafka_load.py
[2026-04-21T08:21:32.699+0000] {processor.py:914} INFO - Processing file /opt/airflow/dags/kafka_load.py for tasks to queue
[2026-04-21T08:21:32.702+0000] {logging_mixin.py:190} INFO - [2026-04-21T08:21:32.701+0000] {dagbag.py:588} INFO - Filling up the DagBag from /opt/airflow/dags/kafka_load.py
[2026-04-21T08:21:32.737+0000] {processor.py:925} INFO - DAG(s) 'kafka_producer' retrieved from /opt/airflow/dags/kafka_load.py
[2026-04-21T08:21:32.768+0000] {logging_mixin.py:190} INFO - [2026-04-21T08:21:32.767+0000] {dag.py:3239} INFO - Sync 1 DAGs
[2026-04-21T08:21:32.804+0000] {logging_mixin.py:190} INFO - [2026-04-21T08:21:32.803+0000] {dag.py:4180} INFO - Setting next_dagrun for kafka_producer to 2026-04-20 18:30:00+00:00, run_after=2026-04-21 18:30:00+00:00
[2026-04-21T08:21:32.830+0000] {processor.py:208} INFO - Processing /opt/airflow/dags/kafka_load.py took 0.143 seconds
[2026-04-21T08:22:03.650+0000] {processor.py:186} INFO - Started process (PID=247) to work on /opt/airflow/dags/kafka_load.py
[2026-04-21T08:22:03.651+0000] {processor.py:914} INFO - Processing file /opt/airflow/dags/kafka_load.py for tasks to queue
[2026-04-21T08:22:03.655+0000] {logging_mixin.py:190} INFO - [2026-04-21T08:22:03.654+0000] {dagbag.py:588} INFO - Filling up the DagBag from /opt/airflow/dags/kafka_load.py
[2026-04-21T08:22:03.705+0000] {processor.py:925} INFO - DAG(s) 'kafka_producer' retrieved from /opt/airflow/dags/kafka_load.py
[2026-04-21T08:22:03.732+0000] {logging_mixin.py:190} INFO - [2026-04-21T08:22:03.732+0000] {dag.py:3239} INFO - Sync 1 DAGs
[2026-04-21T08:22:03.779+0000] {logging_mixin.py:190} INFO - [2026-04-21T08:22:03.779+0000] {dag.py:4180} INFO - Setting next_dagrun for kafka_producer to 2026-04-20 18:30:00+00:00, run_after=2026-04-21 18:30:00+00:00
[2026-04-21T08:22:03.815+0000] {processor.py:208} INFO - Processing /opt/airflow/dags/kafka_load.py took 0.177 seconds
[2026-04-21T08:22:26.995+0000] {processor.py:186} INFO - Started process (PID=248) to work on /opt/airflow/dags/kafka_load.py
[2026-04-21T08:22:26.997+0000] {processor.py:914} INFO - Processing file /opt/airflow/dags/kafka_load.py for tasks to queue
[2026-04-21T08:22:27.000+0000] {logging_mixin.py:190} INFO - [2026-04-21T08:22:27.000+0000] {dagbag.py:588} INFO - Filling up the DagBag from /opt/airflow/dags/kafka_load.py
[2026-04-21T08:22:27.049+0000] {processor.py:925} INFO - DAG(s) 'kafka_producer' retrieved from /opt/airflow/dags/kafka_load.py
[2026-04-21T08:22:27.079+0000] {logging_mixin.py:190} INFO - [2026-04-21T08:22:27.079+0000] {dag.py:3239} INFO - Sync 1 DAGs
[2026-04-21T08:22:27.110+0000] {logging_mixin.py:190} INFO - [2026-04-21T08:22:27.110+0000] {dag.py:4180} INFO - Setting next_dagrun for kafka_producer to 2026-04-20 18:30:00+00:00, run_after=2026-04-21 18:30:00+00:00
[2026-04-21T08:22:27.145+0000] {processor.py:208} INFO - Processing /opt/airflow/dags/kafka_load.py took 0.159 seconds
[2026-04-21T08:22:32.291+0000] {processor.py:186} INFO - Started process (PID=250) to work on /opt/airflow/dags/kafka_load.py
[2026-04-21T08:22:32.292+0000] {processor.py:914} INFO - Processing file /opt/airflow/dags/kafka_load.py for tasks to queue
[2026-04-21T08:22:32.297+0000] {logging_mixin.py:190} INFO - [2026-04-21T08:22:32.297+0000] {dagbag.py:588} INFO - Filling up the DagBag from /opt/airflow/dags/kafka_load.py
[2026-04-21T08:22:32.342+0000] {processor.py:925} INFO - DAG(s) 'kafka_producer' retrieved from /opt/airflow/dags/kafka_load.py
[2026-04-21T08:22:32.380+0000] {logging_mixin.py:190} INFO - [2026-04-21T08:22:32.379+0000] {dag.py:3239} INFO - Sync 1 DAGs
[2026-04-21T08:22:32.418+0000] {logging_mixin.py:190} INFO - [2026-04-21T08:22:32.417+0000] {dag.py:4180} INFO - Setting next_dagrun for kafka_producer to 2026-04-20 18:30:00+00:00, run_after=2026-04-21 18:30:00+00:00
[2026-04-21T08:22:32.460+0000] {processor.py:208} INFO - Processing /opt/airflow/dags/kafka_load.py took 0.177 seconds
[2026-04-21T08:22:33.522+0000] {processor.py:186} INFO - Started process (PID=252) to work on /opt/airflow/dags/kafka_load.py
[2026-04-21T08:22:33.523+0000] {processor.py:914} INFO - Processing file /opt/airflow/dags/kafka_load.py for tasks to queue
[2026-04-21T08:22:33.530+0000] {logging_mixin.py:190} INFO - [2026-04-21T08:22:33.529+0000] {dagbag.py:588} INFO - Filling up the DagBag from /opt/airflow/dags/kafka_load.py
[2026-04-21T08:22:33.564+0000] {processor.py:925} INFO - DAG(s) 'kafka_producer' retrieved from /opt/airflow/dags/kafka_load.py
[2026-04-21T08:22:33.592+0000] {logging_mixin.py:190} INFO - [2026-04-21T08:22:33.592+0000] {dag.py:3239} INFO - Sync 1 DAGs
[2026-04-21T08:22:33.629+0000] {logging_mixin.py:190} INFO - [2026-04-21T08:22:33.626+0000] {dag.py:4180} INFO - Setting next_dagrun for kafka_producer to 2026-04-20 18:30:00+00:00, run_after=2026-04-21 18:30:00+00:00
[2026-04-21T08:22:33.654+0000] {processor.py:208} INFO - Processing /opt/airflow/dags/kafka_load.py took 0.139 seconds
[2026-04-21T08:22:36.764+0000] {processor.py:186} INFO - Started process (PID=253) to work on /opt/airflow/dags/kafka_load.py
[2026-04-21T08:22:36.766+0000] {processor.py:914} INFO - Processing file /opt/airflow/dags/kafka_load.py for tasks to queue
[2026-04-21T08:22:36.770+0000] {logging_mixin.py:190} INFO - [2026-04-21T08:22:36.769+0000] {dagbag.py:588} INFO - Filling up the DagBag from /opt/airflow/dags/kafka_load.py
[2026-04-21T08:22:36.839+0000] {processor.py:925} INFO - DAG(s) 'kafka_producer' retrieved from /opt/airflow/dags/kafka_load.py
[2026-04-21T08:22:36.886+0000] {logging_mixin.py:190} INFO - [2026-04-21T08:22:36.885+0000] {dag.py:3239} INFO - Sync 1 DAGs
[2026-04-21T08:22:36.929+0000] {logging_mixin.py:190} INFO - [2026-04-21T08:22:36.926+0000] {dag.py:4180} INFO - Setting next_dagrun for kafka_producer to 2026-04-20 18:30:00+00:00, run_after=2026-04-21 18:30:00+00:00
[2026-04-21T08:22:36.963+0000] {processor.py:208} INFO - Processing /opt/airflow/dags/kafka_load.py took 0.212 seconds
[2026-04-21T08:23:07.354+0000] {processor.py:186} INFO - Started process (PID=256) to work on /opt/airflow/dags/kafka_load.py
[2026-04-21T08:23:07.356+0000] {processor.py:914} INFO - Processing file /opt/airflow/dags/kafka_load.py for tasks to queue
[2026-04-21T08:23:07.360+0000] {logging_mixin.py:190} INFO - [2026-04-21T08:23:07.360+0000] {dagbag.py:588} INFO - Filling up the DagBag from /opt/airflow/dags/kafka_load.py
[2026-04-21T08:23:07.442+0000] {processor.py:925} INFO - DAG(s) 'kafka_producer' retrieved from /opt/airflow/dags/kafka_load.py
[2026-04-21T08:23:07.511+0000] {logging_mixin.py:190} INFO - [2026-04-21T08:23:07.510+0000] {dag.py:3239} INFO - Sync 1 DAGs
[2026-04-21T08:23:07.579+0000] {logging_mixin.py:190} INFO - [2026-04-21T08:23:07.578+0000] {dag.py:4180} INFO - Setting next_dagrun for kafka_producer to 2026-04-20 18:30:00+00:00, run_after=2026-04-21 18:30:00+00:00
[2026-04-21T08:23:08.885+0000] {processor.py:208} INFO - Processing /opt/airflow/dags/kafka_load.py took 1.547 seconds
[2026-04-21T08:23:39.731+0000] {processor.py:186} INFO - Started process (PID=259) to work on /opt/airflow/dags/kafka_load.py
[2026-04-21T08:23:39.733+0000] {processor.py:914} INFO - Processing file /opt/airflow/dags/kafka_load.py for tasks to queue
[2026-04-21T08:23:39.736+0000] {logging_mixin.py:190} INFO - [2026-04-21T08:23:39.736+0000] {dagbag.py:588} INFO - Filling up the DagBag from /opt/airflow/dags/kafka_load.py
[2026-04-21T08:23:39.769+0000] {processor.py:925} INFO - DAG(s) 'kafka_producer' retrieved from /opt/airflow/dags/kafka_load.py
[2026-04-21T08:23:39.798+0000] {logging_mixin.py:190} INFO - [2026-04-21T08:23:39.798+0000] {dag.py:3239} INFO - Sync 1 DAGs
[2026-04-21T08:23:39.833+0000] {logging_mixin.py:190} INFO - [2026-04-21T08:23:39.833+0000] {dag.py:4180} INFO - Setting next_dagrun for kafka_producer to 2026-04-20 18:30:00+00:00, run_after=2026-04-21 18:30:00+00:00
[2026-04-21T08:23:39.855+0000] {processor.py:208} INFO - Processing /opt/airflow/dags/kafka_load.py took 0.134 seconds
[2026-04-21T08:24:10.393+0000] {processor.py:186} INFO - Started process (PID=262) to work on /opt/airflow/dags/kafka_load.py
[2026-04-21T08:24:10.394+0000] {processor.py:914} INFO - Processing file /opt/airflow/dags/kafka_load.py for tasks to queue
[2026-04-21T08:24:10.399+0000] {logging_mixin.py:190} INFO - [2026-04-21T08:24:10.399+0000] {dagbag.py:588} INFO - Filling up the DagBag from /opt/airflow/dags/kafka_load.py
[2026-04-21T08:24:10.446+0000] {processor.py:925} INFO - DAG(s) 'kafka_producer' retrieved from /opt/airflow/dags/kafka_load.py
[2026-04-21T08:24:10.479+0000] {logging_mixin.py:190} INFO - [2026-04-21T08:24:10.479+0000] {dag.py:3239} INFO - Sync 1 DAGs
[2026-04-21T08:24:10.514+0000] {logging_mixin.py:190} INFO - [2026-04-21T08:24:10.514+0000] {dag.py:4180} INFO - Setting next_dagrun for kafka_producer to 2026-04-20 18:30:00+00:00, run_after=2026-04-21 18:30:00+00:00
[2026-04-21T08:24:10.548+0000] {processor.py:208} INFO - Processing /opt/airflow/dags/kafka_load.py took 0.168 seconds
[2026-04-21T08:24:40.939+0000] {processor.py:186} INFO - Started process (PID=265) to work on /opt/airflow/dags/kafka_load.py
[2026-04-21T08:24:40.940+0000] {processor.py:914} INFO - Processing file /opt/airflow/dags/kafka_load.py for tasks to queue
[2026-04-21T08:24:40.944+0000] {logging_mixin.py:190} INFO - [2026-04-21T08:24:40.944+0000] {dagbag.py:588} INFO - Filling up the DagBag from /opt/airflow/dags/kafka_load.py
[2026-04-21T08:24:40.977+0000] {processor.py:925} INFO - DAG(s) 'kafka_producer' retrieved from /opt/airflow/dags/kafka_load.py
[2026-04-21T08:24:41.007+0000] {logging_mixin.py:190} INFO - [2026-04-21T08:24:41.007+0000] {dag.py:3239} INFO - Sync 1 DAGs
[2026-04-21T08:24:41.041+0000] {logging_mixin.py:190} INFO - [2026-04-21T08:24:41.041+0000] {dag.py:4180} INFO - Setting next_dagrun for kafka_producer to 2026-04-20 18:30:00+00:00, run_after=2026-04-21 18:30:00+00:00
[2026-04-21T08:24:41.072+0000] {processor.py:208} INFO - Processing /opt/airflow/dags/kafka_load.py took 0.141 seconds
[2026-04-21T08:25:11.672+0000] {processor.py:186} INFO - Started process (PID=268) to work on /opt/airflow/dags/kafka_load.py
[2026-04-21T08:25:11.673+0000] {processor.py:914} INFO - Processing file /opt/airflow/dags/kafka_load.py for tasks to queue
[2026-04-21T08:25:11.677+0000] {logging_mixin.py:190} INFO - [2026-04-21T08:25:11.676+0000] {dagbag.py:588} INFO - Filling up the DagBag from /opt/airflow/dags/kafka_load.py
[2026-04-21T08:25:11.712+0000] {processor.py:925} INFO - DAG(s) 'kafka_producer' retrieved from /opt/airflow/dags/kafka_load.py
[2026-04-21T08:25:11.741+0000] {logging_mixin.py:190} INFO - [2026-04-21T08:25:11.740+0000] {dag.py:3239} INFO - Sync 1 DAGs
[2026-04-21T08:25:11.773+0000] {logging_mixin.py:190} INFO - [2026-04-21T08:25:11.772+0000] {dag.py:4180} INFO - Setting next_dagrun for kafka_producer to 2026-04-20 18:30:00+00:00, run_after=2026-04-21 18:30:00+00:00
[2026-04-21T08:25:11.798+0000] {processor.py:208} INFO - Processing /opt/airflow/dags/kafka_load.py took 0.138 seconds
[2026-04-21T08:25:42.228+0000] {processor.py:186} INFO - Started process (PID=271) to work on /opt/airflow/dags/kafka_load.py
[2026-04-21T08:25:42.229+0000] {processor.py:914} INFO - Processing file /opt/airflow/dags/kafka_load.py for tasks to queue
[2026-04-21T08:25:42.234+0000] {logging_mixin.py:190} INFO - [2026-04-21T08:25:42.233+0000] {dagbag.py:588} INFO - Filling up the DagBag from /opt/airflow/dags/kafka_load.py
[2026-04-21T08:25:42.272+0000] {processor.py:925} INFO - DAG(s) 'kafka_producer' retrieved from /opt/airflow/dags/kafka_load.py
[2026-04-21T08:25:42.300+0000] {logging_mixin.py:190} INFO - [2026-04-21T08:25:42.300+0000] {dag.py:3239} INFO - Sync 1 DAGs
[2026-04-21T08:25:42.331+0000] {logging_mixin.py:190} INFO - [2026-04-21T08:25:42.331+0000] {dag.py:4180} INFO - Setting next_dagrun for kafka_producer to 2026-04-20 18:30:00+00:00, run_after=2026-04-21 18:30:00+00:00
[2026-04-21T08:25:42.357+0000] {processor.py:208} INFO - Processing /opt/airflow/dags/kafka_load.py took 0.137 seconds
[2026-04-21T08:26:13.239+0000] {processor.py:186} INFO - Started process (PID=274) to work on /opt/airflow/dags/kafka_load.py
[2026-04-21T08:26:13.241+0000] {processor.py:914} INFO - Processing file /opt/airflow/dags/kafka_load.py for tasks to queue
[2026-04-21T08:26:13.245+0000] {logging_mixin.py:190} INFO - [2026-04-21T08:26:13.244+0000] {dagbag.py:588} INFO - Filling up the DagBag from /opt/airflow/dags/kafka_load.py
[2026-04-21T08:26:13.287+0000] {processor.py:925} INFO - DAG(s) 'kafka_producer' retrieved from /opt/airflow/dags/kafka_load.py
[2026-04-21T08:26:13.315+0000] {logging_mixin.py:190} INFO - [2026-04-21T08:26:13.315+0000] {dag.py:3239} INFO - Sync 1 DAGs
[2026-04-21T08:26:13.344+0000] {logging_mixin.py:190} INFO - [2026-04-21T08:26:13.344+0000] {dag.py:4180} INFO - Setting next_dagrun for kafka_producer to 2026-04-20 18:30:00+00:00, run_after=2026-04-21 18:30:00+00:00
[2026-04-21T08:26:13.369+0000] {processor.py:208} INFO - Processing /opt/airflow/dags/kafka_load.py took 0.141 seconds
[2026-04-21T08:26:43.816+0000] {processor.py:186} INFO - Started process (PID=277) to work on /opt/airflow/dags/kafka_load.py
[2026-04-21T08:26:43.818+0000] {processor.py:914} INFO - Processing file /opt/airflow/dags/kafka_load.py for tasks to queue
[2026-04-21T08:26:43.821+0000] {logging_mixin.py:190} INFO - [2026-04-21T08:26:43.820+0000] {dagbag.py:588} INFO - Filling up the DagBag from /opt/airflow/dags/kafka_load.py
[2026-04-21T08:26:43.851+0000] {processor.py:925} INFO - DAG(s) 'kafka_producer' retrieved from /opt/airflow/dags/kafka_load.py
[2026-04-21T08:26:43.879+0000] {logging_mixin.py:190} INFO - [2026-04-21T08:26:43.879+0000] {dag.py:3239} INFO - Sync 1 DAGs
[2026-04-21T08:26:43.910+0000] {logging_mixin.py:190} INFO - [2026-04-21T08:26:43.910+0000] {dag.py:4180} INFO - Setting next_dagrun for kafka_producer to 2026-04-20 18:30:00+00:00, run_after=2026-04-21 18:30:00+00:00
[2026-04-21T08:26:43.934+0000] {processor.py:208} INFO - Processing /opt/airflow/dags/kafka_load.py took 0.128 seconds
[2026-04-21T08:27:14.436+0000] {processor.py:186} INFO - Started process (PID=280) to work on /opt/airflow/dags/kafka_load.py
[2026-04-21T08:27:14.438+0000] {processor.py:914} INFO - Processing file /opt/airflow/dags/kafka_load.py for tasks to queue
[2026-04-21T08:27:14.442+0000] {logging_mixin.py:190} INFO - [2026-04-21T08:27:14.442+0000] {dagbag.py:588} INFO - Filling up the DagBag from /opt/airflow/dags/kafka_load.py
[2026-04-21T08:27:14.477+0000] {processor.py:925} INFO - DAG(s) 'kafka_producer' retrieved from /opt/airflow/dags/kafka_load.py
[2026-04-21T08:27:14.504+0000] {logging_mixin.py:190} INFO - [2026-04-21T08:27:14.504+0000] {dag.py:3239} INFO - Sync 1 DAGs
[2026-04-21T08:27:14.535+0000] {logging_mixin.py:190} INFO - [2026-04-21T08:27:14.535+0000] {dag.py:4180} INFO - Setting next_dagrun for kafka_producer to 2026-04-20 18:30:00+00:00, run_after=2026-04-21 18:30:00+00:00
[2026-04-21T08:27:14.562+0000] {processor.py:208} INFO - Processing /opt/airflow/dags/kafka_load.py took 0.136 seconds
[2026-04-21T08:27:45.035+0000] {processor.py:186} INFO - Started process (PID=283) to work on /opt/airflow/dags/kafka_load.py
[2026-04-21T08:27:45.037+0000] {processor.py:914} INFO - Processing file /opt/airflow/dags/kafka_load.py for tasks to queue
[2026-04-21T08:27:45.041+0000] {logging_mixin.py:190} INFO - [2026-04-21T08:27:45.041+0000] {dagbag.py:588} INFO - Filling up the DagBag from /opt/airflow/dags/kafka_load.py
[2026-04-21T08:27:45.085+0000] {processor.py:925} INFO - DAG(s) 'kafka_producer' retrieved from /opt/airflow/dags/kafka_load.py
[2026-04-21T08:27:45.119+0000] {logging_mixin.py:190} INFO - [2026-04-21T08:27:45.119+0000] {dag.py:3239} INFO - Sync 1 DAGs
[2026-04-21T08:27:45.150+0000] {logging_mixin.py:190} INFO - [2026-04-21T08:27:45.150+0000] {dag.py:4180} INFO - Setting next_dagrun for kafka_producer to 2026-04-20 18:30:00+00:00, run_after=2026-04-21 18:30:00+00:00
[2026-04-21T08:27:45.178+0000] {processor.py:208} INFO - Processing /opt/airflow/dags/kafka_load.py took 0.154 seconds
[2026-04-21T08:28:15.707+0000] {processor.py:186} INFO - Started process (PID=286) to work on /opt/airflow/dags/kafka_load.py
[2026-04-21T08:28:15.708+0000] {processor.py:914} INFO - Processing file /opt/airflow/dags/kafka_load.py for tasks to queue
[2026-04-21T08:28:15.712+0000] {logging_mixin.py:190} INFO - [2026-04-21T08:28:15.711+0000] {dagbag.py:588} INFO - Filling up the DagBag from /opt/airflow/dags/kafka_load.py
[2026-04-21T08:28:15.742+0000] {processor.py:925} INFO - DAG(s) 'kafka_producer' retrieved from /opt/airflow/dags/kafka_load.py
[2026-04-21T08:28:15.770+0000] {logging_mixin.py:190} INFO - [2026-04-21T08:28:15.769+0000] {dag.py:3239} INFO - Sync 1 DAGs
[2026-04-21T08:28:15.802+0000] {logging_mixin.py:190} INFO - [2026-04-21T08:28:15.802+0000] {dag.py:4180} INFO - Setting next_dagrun for kafka_producer to 2026-04-20 18:30:00+00:00, run_after=2026-04-21 18:30:00+00:00
[2026-04-21T08:28:15.831+0000] {processor.py:208} INFO - Processing /opt/airflow/dags/kafka_load.py took 0.136 seconds
[2026-04-21T08:28:46.296+0000] {processor.py:186} INFO - Started process (PID=289) to work on /opt/airflow/dags/kafka_load.py
[2026-04-21T08:28:46.298+0000] {processor.py:914} INFO - Processing file /opt/airflow/dags/kafka_load.py for tasks to queue
[2026-04-21T08:28:46.301+0000] {logging_mixin.py:190} INFO - [2026-04-21T08:28:46.301+0000] {dagbag.py:588} INFO - Filling up the DagBag from /opt/airflow/dags/kafka_load.py
[2026-04-21T08:28:46.341+0000] {processor.py:925} INFO - DAG(s) 'kafka_producer' retrieved from /opt/airflow/dags/kafka_load.py
[2026-04-21T08:28:46.370+0000] {logging_mixin.py:190} INFO - [2026-04-21T08:28:46.369+0000] {dag.py:3239} INFO - Sync 1 DAGs
[2026-04-21T08:28:46.404+0000] {logging_mixin.py:190} INFO - [2026-04-21T08:28:46.403+0000] {dag.py:4180} INFO - Setting next_dagrun for kafka_producer to 2026-04-20 18:30:00+00:00, run_after=2026-04-21 18:30:00+00:00
[2026-04-21T08:28:46.429+0000] {processor.py:208} INFO - Processing /opt/airflow/dags/kafka_load.py took 0.141 seconds
[2026-04-21T08:28:57.525+0000] {processor.py:186} INFO - Started process (PID=290) to work on /opt/airflow/dags/kafka_load.py
[2026-04-21T08:28:57.527+0000] {processor.py:914} INFO - Processing file /opt/airflow/dags/kafka_load.py for tasks to queue
[2026-04-21T08:28:57.532+0000] {logging_mixin.py:190} INFO - [2026-04-21T08:28:57.531+0000] {dagbag.py:588} INFO - Filling up the DagBag from /opt/airflow/dags/kafka_load.py
[2026-04-21T08:28:57.616+0000] {processor.py:925} INFO - DAG(s) 'kafka_producer' retrieved from /opt/airflow/dags/kafka_load.py
[2026-04-21T08:28:57.648+0000] {logging_mixin.py:190} INFO - [2026-04-21T08:28:57.647+0000] {dag.py:3239} INFO - Sync 1 DAGs
[2026-04-21T08:28:57.707+0000] {logging_mixin.py:190} INFO - [2026-04-21T08:28:57.706+0000] {dag.py:4180} INFO - Setting next_dagrun for kafka_producer to 2026-04-20 18:30:00+00:00, run_after=2026-04-21 18:30:00+00:00
[2026-04-21T08:28:57.746+0000] {processor.py:208} INFO - Processing /opt/airflow/dags/kafka_load.py took 0.235 seconds
[2026-04-21T08:29:28.444+0000] {processor.py:186} INFO - Started process (PID=293) to work on /opt/airflow/dags/kafka_load.py
[2026-04-21T08:29:28.446+0000] {processor.py:914} INFO - Processing file /opt/airflow/dags/kafka_load.py for tasks to queue
[2026-04-21T08:29:28.449+0000] {logging_mixin.py:190} INFO - [2026-04-21T08:29:28.448+0000] {dagbag.py:588} INFO - Filling up the DagBag from /opt/airflow/dags/kafka_load.py
[2026-04-21T08:29:28.478+0000] {processor.py:925} INFO - DAG(s) 'kafka_producer' retrieved from /opt/airflow/dags/kafka_load.py
[2026-04-21T08:29:28.504+0000] {logging_mixin.py:190} INFO - [2026-04-21T08:29:28.504+0000] {dag.py:3239} INFO - Sync 1 DAGs
[2026-04-21T08:29:28.532+0000] {logging_mixin.py:190} INFO - [2026-04-21T08:29:28.532+0000] {dag.py:4180} INFO - Setting next_dagrun for kafka_producer to 2026-04-20 18:30:00+00:00, run_after=2026-04-21 18:30:00+00:00
[2026-04-21T08:29:28.560+0000] {processor.py:208} INFO - Processing /opt/airflow/dags/kafka_load.py took 0.125 seconds
[2026-04-21T08:29:59.013+0000] {processor.py:186} INFO - Started process (PID=296) to work on /opt/airflow/dags/kafka_load.py
[2026-04-21T08:29:59.014+0000] {processor.py:914} INFO - Processing file /opt/airflow/dags/kafka_load.py for tasks to queue
[2026-04-21T08:29:59.018+0000] {logging_mixin.py:190} INFO - [2026-04-21T08:29:59.018+0000] {dagbag.py:588} INFO - Filling up the DagBag from /opt/airflow/dags/kafka_load.py
[2026-04-21T08:29:59.055+0000] {processor.py:925} INFO - DAG(s) 'kafka_producer' retrieved from /opt/airflow/dags/kafka_load.py
[2026-04-21T08:29:59.086+0000] {logging_mixin.py:190} INFO - [2026-04-21T08:29:59.086+0000] {dag.py:3239} INFO - Sync 1 DAGs
[2026-04-21T08:29:59.118+0000] {logging_mixin.py:190} INFO - [2026-04-21T08:29:59.117+0000] {dag.py:4180} INFO - Setting next_dagrun for kafka_producer to 2026-04-20 18:30:00+00:00, run_after=2026-04-21 18:30:00+00:00
[2026-04-21T08:29:59.146+0000] {processor.py:208} INFO - Processing /opt/airflow/dags/kafka_load.py took 0.142 seconds
[2026-04-21T08:30:29.614+0000] {processor.py:186} INFO - Started process (PID=299) to work on /opt/airflow/dags/kafka_load.py
[2026-04-21T08:30:29.616+0000] {processor.py:914} INFO - Processing file /opt/airflow/dags/kafka_load.py for tasks to queue
[2026-04-21T08:30:29.619+0000] {logging_mixin.py:190} INFO - [2026-04-21T08:30:29.619+0000] {dagbag.py:588} INFO - Filling up the DagBag from /opt/airflow/dags/kafka_load.py
[2026-04-21T08:30:29.657+0000] {processor.py:925} INFO - DAG(s) 'kafka_producer' retrieved from /opt/airflow/dags/kafka_load.py
[2026-04-21T08:30:29.688+0000] {logging_mixin.py:190} INFO - [2026-04-21T08:30:29.687+0000] {dag.py:3239} INFO - Sync 1 DAGs
[2026-04-21T08:30:29.720+0000] {logging_mixin.py:190} INFO - [2026-04-21T08:30:29.720+0000] {dag.py:4180} INFO - Setting next_dagrun for kafka_producer to 2026-04-20 18:30:00+00:00, run_after=2026-04-21 18:30:00+00:00
[2026-04-21T08:30:29.746+0000] {processor.py:208} INFO - Processing /opt/airflow/dags/kafka_load.py took 0.140 seconds
[2026-04-21T08:31:00.257+0000] {processor.py:186} INFO - Started process (PID=302) to work on /opt/airflow/dags/kafka_load.py
[2026-04-21T08:31:00.259+0000] {processor.py:914} INFO - Processing file /opt/airflow/dags/kafka_load.py for tasks to queue
[2026-04-21T08:31:00.262+0000] {logging_mixin.py:190} INFO - [2026-04-21T08:31:00.261+0000] {dagbag.py:588} INFO - Filling up the DagBag from /opt/airflow/dags/kafka_load.py
[2026-04-21T08:31:00.298+0000] {processor.py:925} INFO - DAG(s) 'kafka_producer' retrieved from /opt/airflow/dags/kafka_load.py
[2026-04-21T08:31:00.326+0000] {logging_mixin.py:190} INFO - [2026-04-21T08:31:00.326+0000] {dag.py:3239} INFO - Sync 1 DAGs
[2026-04-21T08:31:00.356+0000] {logging_mixin.py:190} INFO - [2026-04-21T08:31:00.356+0000] {dag.py:4180} INFO - Setting next_dagrun for kafka_producer to 2026-04-20 18:30:00+00:00, run_after=2026-04-21 18:30:00+00:00
[2026-04-21T08:31:00.388+0000] {processor.py:208} INFO - Processing /opt/airflow/dags/kafka_load.py took 0.139 seconds
[2026-04-21T08:31:30.943+0000] {processor.py:186} INFO - Started process (PID=305) to work on /opt/airflow/dags/kafka_load.py
[2026-04-21T08:31:30.944+0000] {processor.py:914} INFO - Processing file /opt/airflow/dags/kafka_load.py for tasks to queue
[2026-04-21T08:31:30.947+0000] {logging_mixin.py:190} INFO - [2026-04-21T08:31:30.947+0000] {dagbag.py:588} INFO - Filling up the DagBag from /opt/airflow/dags/kafka_load.py
[2026-04-21T08:31:30.986+0000] {processor.py:925} INFO - DAG(s) 'kafka_producer' retrieved from /opt/airflow/dags/kafka_load.py
[2026-04-21T08:31:31.015+0000] {logging_mixin.py:190} INFO - [2026-04-21T08:31:31.014+0000] {dag.py:3239} INFO - Sync 1 DAGs
[2026-04-21T08:31:31.046+0000] {logging_mixin.py:190} INFO - [2026-04-21T08:31:31.045+0000] {dag.py:4180} INFO - Setting next_dagrun for kafka_producer to 2026-04-20 18:30:00+00:00, run_after=2026-04-21 18:30:00+00:00
[2026-04-21T08:31:31.077+0000] {processor.py:208} INFO - Processing /opt/airflow/dags/kafka_load.py took 0.142 seconds
[2026-04-21T08:32:01.577+0000] {processor.py:186} INFO - Started process (PID=308) to work on /opt/airflow/dags/kafka_load.py
[2026-04-21T08:32:01.578+0000] {processor.py:914} INFO - Processing file /opt/airflow/dags/kafka_load.py for tasks to queue
[2026-04-21T08:32:01.582+0000] {logging_mixin.py:190} INFO - [2026-04-21T08:32:01.582+0000] {dagbag.py:588} INFO - Filling up the DagBag from /opt/airflow/dags/kafka_load.py
[2026-04-21T08:32:01.621+0000] {processor.py:925} INFO - DAG(s) 'kafka_producer' retrieved from /opt/airflow/dags/kafka_load.py
[2026-04-21T08:32:01.664+0000] {logging_mixin.py:190} INFO - [2026-04-21T08:32:01.664+0000] {dag.py:3239} INFO - Sync 1 DAGs
[2026-04-21T08:32:01.699+0000] {logging_mixin.py:190} INFO - [2026-04-21T08:32:01.699+0000] {dag.py:4180} INFO - Setting next_dagrun for kafka_producer to 2026-04-20 18:30:00+00:00, run_after=2026-04-21 18:30:00+00:00
[2026-04-21T08:32:01.721+0000] {processor.py:208} INFO - Processing /opt/airflow/dags/kafka_load.py took 0.156 seconds
[2026-04-21T08:32:10.800+0000] {processor.py:186} INFO - Started process (PID=309) to work on /opt/airflow/dags/kafka_load.py
[2026-04-21T08:32:10.804+0000] {processor.py:914} INFO - Processing file /opt/airflow/dags/kafka_load.py for tasks to queue
[2026-04-21T08:32:10.808+0000] {logging_mixin.py:190} INFO - [2026-04-21T08:32:10.807+0000] {dagbag.py:588} INFO - Filling up the DagBag from /opt/airflow/dags/kafka_load.py
[2026-04-21T08:32:10.853+0000] {processor.py:925} INFO - DAG(s) 'kafka_producer' retrieved from /opt/airflow/dags/kafka_load.py
[2026-04-21T08:32:10.882+0000] {logging_mixin.py:190} INFO - [2026-04-21T08:32:10.881+0000] {dag.py:3239} INFO - Sync 1 DAGs
[2026-04-21T08:32:10.915+0000] {logging_mixin.py:190} INFO - [2026-04-21T08:32:10.915+0000] {dag.py:4180} INFO - Setting next_dagrun for kafka_producer to 2026-04-20 18:30:00+00:00, run_after=2026-04-21 18:30:00+00:00
[2026-04-21T08:32:10.948+0000] {processor.py:208} INFO - Processing /opt/airflow/dags/kafka_load.py took 0.159 seconds
[2026-04-21T08:32:38.366+0000] {processor.py:186} INFO - Started process (PID=312) to work on /opt/airflow/dags/kafka_load.py
[2026-04-21T08:32:38.368+0000] {processor.py:914} INFO - Processing file /opt/airflow/dags/kafka_load.py for tasks to queue
[2026-04-21T08:32:38.372+0000] {logging_mixin.py:190} INFO - [2026-04-21T08:32:38.371+0000] {dagbag.py:588} INFO - Filling up the DagBag from /opt/airflow/dags/kafka_load.py
[2026-04-21T08:32:38.417+0000] {processor.py:925} INFO - DAG(s) 'kafka_producer' retrieved from /opt/airflow/dags/kafka_load.py
[2026-04-21T08:32:38.446+0000] {logging_mixin.py:190} INFO - [2026-04-21T08:32:38.445+0000] {dag.py:3239} INFO - Sync 1 DAGs
[2026-04-21T08:32:38.480+0000] {logging_mixin.py:190} INFO - [2026-04-21T08:32:38.480+0000] {dag.py:4180} INFO - Setting next_dagrun for kafka_producer to 2026-04-20 18:30:00+00:00, run_after=2026-04-21 18:30:00+00:00
[2026-04-21T08:32:38.523+0000] {processor.py:208} INFO - Processing /opt/airflow/dags/kafka_load.py took 0.165 seconds
