[2026-04-12T14:24:26.325+0000] {processor.py:186} INFO - Started process (PID=30) to work on /opt/airflow/dags/kafka_load.py
[2026-04-12T14:24:26.331+0000] {processor.py:914} INFO - Processing file /opt/airflow/dags/kafka_load.py for tasks to queue
[2026-04-12T14:24:26.341+0000] {logging_mixin.py:190} INFO - [2026-04-12T14:24:26.340+0000] {dagbag.py:588} INFO - Filling up the DagBag from /opt/airflow/dags/kafka_load.py
[2026-04-12T14:24:26.449+0000] {processor.py:925} INFO - DAG(s) 'kafka_producer' retrieved from /opt/airflow/dags/kafka_load.py
[2026-04-12T14:24:26.752+0000] {logging_mixin.py:190} INFO - [2026-04-12T14:24:26.751+0000] {dag.py:3239} INFO - Sync 1 DAGs
[2026-04-12T14:24:26.785+0000] {logging_mixin.py:190} INFO - [2026-04-12T14:24:26.785+0000] {dag.py:4180} INFO - Setting next_dagrun for kafka_producer to 2026-04-11 18:30:00+00:00, run_after=2026-04-12 18:30:00+00:00
[2026-04-12T14:24:26.816+0000] {processor.py:208} INFO - Processing /opt/airflow/dags/kafka_load.py took 0.527 seconds
[2026-04-12T14:24:57.478+0000] {processor.py:186} INFO - Started process (PID=41) to work on /opt/airflow/dags/kafka_load.py
[2026-04-12T14:24:57.486+0000] {processor.py:914} INFO - Processing file /opt/airflow/dags/kafka_load.py for tasks to queue
[2026-04-12T14:24:57.496+0000] {logging_mixin.py:190} INFO - [2026-04-12T14:24:57.495+0000] {dagbag.py:588} INFO - Filling up the DagBag from /opt/airflow/dags/kafka_load.py
[2026-04-12T14:24:57.581+0000] {processor.py:925} INFO - DAG(s) 'kafka_producer' retrieved from /opt/airflow/dags/kafka_load.py
[2026-04-12T14:24:57.706+0000] {logging_mixin.py:190} INFO - [2026-04-12T14:24:57.706+0000] {dag.py:3239} INFO - Sync 1 DAGs
[2026-04-12T14:24:57.775+0000] {logging_mixin.py:190} INFO - [2026-04-12T14:24:57.775+0000] {dag.py:4180} INFO - Setting next_dagrun for kafka_producer to 2026-04-11 18:30:00+00:00, run_after=2026-04-12 18:30:00+00:00
[2026-04-12T14:24:57.824+0000] {processor.py:208} INFO - Processing /opt/airflow/dags/kafka_load.py took 0.363 seconds
[2026-04-12T14:25:28.377+0000] {processor.py:186} INFO - Started process (PID=44) to work on /opt/airflow/dags/kafka_load.py
[2026-04-12T14:25:28.380+0000] {processor.py:914} INFO - Processing file /opt/airflow/dags/kafka_load.py for tasks to queue
[2026-04-12T14:25:28.385+0000] {logging_mixin.py:190} INFO - [2026-04-12T14:25:28.385+0000] {dagbag.py:588} INFO - Filling up the DagBag from /opt/airflow/dags/kafka_load.py
[2026-04-12T14:25:28.434+0000] {processor.py:925} INFO - DAG(s) 'kafka_producer' retrieved from /opt/airflow/dags/kafka_load.py
[2026-04-12T14:25:28.484+0000] {logging_mixin.py:190} INFO - [2026-04-12T14:25:28.484+0000] {dag.py:3239} INFO - Sync 1 DAGs
[2026-04-12T14:25:28.562+0000] {logging_mixin.py:190} INFO - [2026-04-12T14:25:28.561+0000] {dag.py:4180} INFO - Setting next_dagrun for kafka_producer to 2026-04-11 18:30:00+00:00, run_after=2026-04-12 18:30:00+00:00
[2026-04-12T14:25:28.618+0000] {processor.py:208} INFO - Processing /opt/airflow/dags/kafka_load.py took 0.251 seconds
[2026-04-12T14:25:59.007+0000] {processor.py:186} INFO - Started process (PID=47) to work on /opt/airflow/dags/kafka_load.py
[2026-04-12T14:25:59.009+0000] {processor.py:914} INFO - Processing file /opt/airflow/dags/kafka_load.py for tasks to queue
[2026-04-12T14:25:59.019+0000] {logging_mixin.py:190} INFO - [2026-04-12T14:25:59.016+0000] {dagbag.py:588} INFO - Filling up the DagBag from /opt/airflow/dags/kafka_load.py
[2026-04-12T14:25:59.075+0000] {processor.py:925} INFO - DAG(s) 'kafka_producer' retrieved from /opt/airflow/dags/kafka_load.py
[2026-04-12T14:25:59.112+0000] {logging_mixin.py:190} INFO - [2026-04-12T14:25:59.112+0000] {dag.py:3239} INFO - Sync 1 DAGs
[2026-04-12T14:25:59.146+0000] {logging_mixin.py:190} INFO - [2026-04-12T14:25:59.146+0000] {dag.py:4180} INFO - Setting next_dagrun for kafka_producer to 2026-04-11 18:30:00+00:00, run_after=2026-04-12 18:30:00+00:00
[2026-04-12T14:25:59.487+0000] {processor.py:208} INFO - Processing /opt/airflow/dags/kafka_load.py took 0.491 seconds
[2026-04-12T14:26:29.675+0000] {processor.py:186} INFO - Started process (PID=50) to work on /opt/airflow/dags/kafka_load.py
[2026-04-12T14:26:29.677+0000] {processor.py:914} INFO - Processing file /opt/airflow/dags/kafka_load.py for tasks to queue
[2026-04-12T14:26:29.686+0000] {logging_mixin.py:190} INFO - [2026-04-12T14:26:29.682+0000] {dagbag.py:588} INFO - Filling up the DagBag from /opt/airflow/dags/kafka_load.py
[2026-04-12T14:26:29.723+0000] {processor.py:925} INFO - DAG(s) 'kafka_producer' retrieved from /opt/airflow/dags/kafka_load.py
[2026-04-12T14:26:29.757+0000] {logging_mixin.py:190} INFO - [2026-04-12T14:26:29.757+0000] {dag.py:3239} INFO - Sync 1 DAGs
[2026-04-12T14:26:29.805+0000] {logging_mixin.py:190} INFO - [2026-04-12T14:26:29.805+0000] {dag.py:4180} INFO - Setting next_dagrun for kafka_producer to 2026-04-11 18:30:00+00:00, run_after=2026-04-12 18:30:00+00:00
[2026-04-12T14:26:29.828+0000] {processor.py:208} INFO - Processing /opt/airflow/dags/kafka_load.py took 0.166 seconds
[2026-04-12T14:27:00.285+0000] {processor.py:186} INFO - Started process (PID=53) to work on /opt/airflow/dags/kafka_load.py
[2026-04-12T14:27:00.286+0000] {processor.py:914} INFO - Processing file /opt/airflow/dags/kafka_load.py for tasks to queue
[2026-04-12T14:27:00.290+0000] {logging_mixin.py:190} INFO - [2026-04-12T14:27:00.289+0000] {dagbag.py:588} INFO - Filling up the DagBag from /opt/airflow/dags/kafka_load.py
[2026-04-12T14:27:00.323+0000] {processor.py:925} INFO - DAG(s) 'kafka_producer' retrieved from /opt/airflow/dags/kafka_load.py
[2026-04-12T14:27:00.354+0000] {logging_mixin.py:190} INFO - [2026-04-12T14:27:00.354+0000] {dag.py:3239} INFO - Sync 1 DAGs
[2026-04-12T14:27:00.388+0000] {logging_mixin.py:190} INFO - [2026-04-12T14:27:00.388+0000] {dag.py:4180} INFO - Setting next_dagrun for kafka_producer to 2026-04-11 18:30:00+00:00, run_after=2026-04-12 18:30:00+00:00
[2026-04-12T14:27:00.413+0000] {processor.py:208} INFO - Processing /opt/airflow/dags/kafka_load.py took 0.136 seconds
[2026-04-12T14:27:30.848+0000] {processor.py:186} INFO - Started process (PID=56) to work on /opt/airflow/dags/kafka_load.py
[2026-04-12T14:27:30.849+0000] {processor.py:914} INFO - Processing file /opt/airflow/dags/kafka_load.py for tasks to queue
[2026-04-12T14:27:30.854+0000] {logging_mixin.py:190} INFO - [2026-04-12T14:27:30.853+0000] {dagbag.py:588} INFO - Filling up the DagBag from /opt/airflow/dags/kafka_load.py
[2026-04-12T14:27:30.894+0000] {processor.py:925} INFO - DAG(s) 'kafka_producer' retrieved from /opt/airflow/dags/kafka_load.py
[2026-04-12T14:27:30.926+0000] {logging_mixin.py:190} INFO - [2026-04-12T14:27:30.926+0000] {dag.py:3239} INFO - Sync 1 DAGs
[2026-04-12T14:27:30.965+0000] {logging_mixin.py:190} INFO - [2026-04-12T14:27:30.965+0000] {dag.py:4180} INFO - Setting next_dagrun for kafka_producer to 2026-04-11 18:30:00+00:00, run_after=2026-04-12 18:30:00+00:00
[2026-04-12T14:27:30.992+0000] {processor.py:208} INFO - Processing /opt/airflow/dags/kafka_load.py took 0.154 seconds
[2026-04-12T14:28:01.431+0000] {processor.py:186} INFO - Started process (PID=59) to work on /opt/airflow/dags/kafka_load.py
[2026-04-12T14:28:01.433+0000] {processor.py:914} INFO - Processing file /opt/airflow/dags/kafka_load.py for tasks to queue
[2026-04-12T14:28:01.437+0000] {logging_mixin.py:190} INFO - [2026-04-12T14:28:01.436+0000] {dagbag.py:588} INFO - Filling up the DagBag from /opt/airflow/dags/kafka_load.py
[2026-04-12T14:28:01.471+0000] {processor.py:925} INFO - DAG(s) 'kafka_producer' retrieved from /opt/airflow/dags/kafka_load.py
[2026-04-12T14:28:01.508+0000] {logging_mixin.py:190} INFO - [2026-04-12T14:28:01.507+0000] {dag.py:3239} INFO - Sync 1 DAGs
[2026-04-12T14:28:01.545+0000] {logging_mixin.py:190} INFO - [2026-04-12T14:28:01.544+0000] {dag.py:4180} INFO - Setting next_dagrun for kafka_producer to 2026-04-11 18:30:00+00:00, run_after=2026-04-12 18:30:00+00:00
[2026-04-12T14:28:01.574+0000] {processor.py:208} INFO - Processing /opt/airflow/dags/kafka_load.py took 0.151 seconds
[2026-04-12T14:28:31.967+0000] {processor.py:186} INFO - Started process (PID=62) to work on /opt/airflow/dags/kafka_load.py
[2026-04-12T14:28:31.970+0000] {processor.py:914} INFO - Processing file /opt/airflow/dags/kafka_load.py for tasks to queue
[2026-04-12T14:28:31.975+0000] {logging_mixin.py:190} INFO - [2026-04-12T14:28:31.974+0000] {dagbag.py:588} INFO - Filling up the DagBag from /opt/airflow/dags/kafka_load.py
[2026-04-12T14:28:32.012+0000] {processor.py:925} INFO - DAG(s) 'kafka_producer' retrieved from /opt/airflow/dags/kafka_load.py
[2026-04-12T14:28:32.058+0000] {logging_mixin.py:190} INFO - [2026-04-12T14:28:32.058+0000] {dag.py:3239} INFO - Sync 1 DAGs
[2026-04-12T14:28:32.100+0000] {logging_mixin.py:190} INFO - [2026-04-12T14:28:32.100+0000] {dag.py:4180} INFO - Setting next_dagrun for kafka_producer to 2026-04-11 18:30:00+00:00, run_after=2026-04-12 18:30:00+00:00
[2026-04-12T14:28:32.134+0000] {processor.py:208} INFO - Processing /opt/airflow/dags/kafka_load.py took 0.176 seconds
[2026-04-12T14:29:02.558+0000] {processor.py:186} INFO - Started process (PID=65) to work on /opt/airflow/dags/kafka_load.py
[2026-04-12T14:29:02.560+0000] {processor.py:914} INFO - Processing file /opt/airflow/dags/kafka_load.py for tasks to queue
[2026-04-12T14:29:02.564+0000] {logging_mixin.py:190} INFO - [2026-04-12T14:29:02.563+0000] {dagbag.py:588} INFO - Filling up the DagBag from /opt/airflow/dags/kafka_load.py
[2026-04-12T14:29:02.594+0000] {processor.py:925} INFO - DAG(s) 'kafka_producer' retrieved from /opt/airflow/dags/kafka_load.py
[2026-04-12T14:29:02.625+0000] {logging_mixin.py:190} INFO - [2026-04-12T14:29:02.624+0000] {dag.py:3239} INFO - Sync 1 DAGs
[2026-04-12T14:29:02.661+0000] {logging_mixin.py:190} INFO - [2026-04-12T14:29:02.661+0000] {dag.py:4180} INFO - Setting next_dagrun for kafka_producer to 2026-04-11 18:30:00+00:00, run_after=2026-04-12 18:30:00+00:00
[2026-04-12T14:29:02.832+0000] {processor.py:208} INFO - Processing /opt/airflow/dags/kafka_load.py took 0.283 seconds
[2026-04-12T14:29:33.220+0000] {processor.py:186} INFO - Started process (PID=68) to work on /opt/airflow/dags/kafka_load.py
[2026-04-12T14:29:33.222+0000] {processor.py:914} INFO - Processing file /opt/airflow/dags/kafka_load.py for tasks to queue
[2026-04-12T14:29:33.226+0000] {logging_mixin.py:190} INFO - [2026-04-12T14:29:33.225+0000] {dagbag.py:588} INFO - Filling up the DagBag from /opt/airflow/dags/kafka_load.py
[2026-04-12T14:29:33.262+0000] {processor.py:925} INFO - DAG(s) 'kafka_producer' retrieved from /opt/airflow/dags/kafka_load.py
[2026-04-12T14:29:33.295+0000] {logging_mixin.py:190} INFO - [2026-04-12T14:29:33.295+0000] {dag.py:3239} INFO - Sync 1 DAGs
[2026-04-12T14:29:33.329+0000] {logging_mixin.py:190} INFO - [2026-04-12T14:29:33.329+0000] {dag.py:4180} INFO - Setting next_dagrun for kafka_producer to 2026-04-11 18:30:00+00:00, run_after=2026-04-12 18:30:00+00:00
[2026-04-12T14:29:33.355+0000] {processor.py:208} INFO - Processing /opt/airflow/dags/kafka_load.py took 0.144 seconds
[2026-04-12T14:30:03.836+0000] {processor.py:186} INFO - Started process (PID=71) to work on /opt/airflow/dags/kafka_load.py
[2026-04-12T14:30:03.838+0000] {processor.py:914} INFO - Processing file /opt/airflow/dags/kafka_load.py for tasks to queue
[2026-04-12T14:30:03.842+0000] {logging_mixin.py:190} INFO - [2026-04-12T14:30:03.841+0000] {dagbag.py:588} INFO - Filling up the DagBag from /opt/airflow/dags/kafka_load.py
[2026-04-12T14:30:03.879+0000] {processor.py:925} INFO - DAG(s) 'kafka_producer' retrieved from /opt/airflow/dags/kafka_load.py
[2026-04-12T14:30:03.917+0000] {logging_mixin.py:190} INFO - [2026-04-12T14:30:03.916+0000] {dag.py:3239} INFO - Sync 1 DAGs
[2026-04-12T14:30:03.952+0000] {logging_mixin.py:190} INFO - [2026-04-12T14:30:03.952+0000] {dag.py:4180} INFO - Setting next_dagrun for kafka_producer to 2026-04-11 18:30:00+00:00, run_after=2026-04-12 18:30:00+00:00
[2026-04-12T14:30:03.975+0000] {processor.py:208} INFO - Processing /opt/airflow/dags/kafka_load.py took 0.152 seconds
[2026-04-12T14:30:34.424+0000] {processor.py:186} INFO - Started process (PID=74) to work on /opt/airflow/dags/kafka_load.py
[2026-04-12T14:30:34.425+0000] {processor.py:914} INFO - Processing file /opt/airflow/dags/kafka_load.py for tasks to queue
[2026-04-12T14:30:34.431+0000] {logging_mixin.py:190} INFO - [2026-04-12T14:30:34.430+0000] {dagbag.py:588} INFO - Filling up the DagBag from /opt/airflow/dags/kafka_load.py
[2026-04-12T14:30:34.467+0000] {processor.py:925} INFO - DAG(s) 'kafka_producer' retrieved from /opt/airflow/dags/kafka_load.py
[2026-04-12T14:30:34.500+0000] {logging_mixin.py:190} INFO - [2026-04-12T14:30:34.499+0000] {dag.py:3239} INFO - Sync 1 DAGs
[2026-04-12T14:30:34.530+0000] {logging_mixin.py:190} INFO - [2026-04-12T14:30:34.530+0000] {dag.py:4180} INFO - Setting next_dagrun for kafka_producer to 2026-04-11 18:30:00+00:00, run_after=2026-04-12 18:30:00+00:00
[2026-04-12T14:30:34.552+0000] {processor.py:208} INFO - Processing /opt/airflow/dags/kafka_load.py took 0.139 seconds
[2026-04-12T14:31:05.062+0000] {processor.py:186} INFO - Started process (PID=77) to work on /opt/airflow/dags/kafka_load.py
[2026-04-12T14:31:05.063+0000] {processor.py:914} INFO - Processing file /opt/airflow/dags/kafka_load.py for tasks to queue
[2026-04-12T14:31:05.067+0000] {logging_mixin.py:190} INFO - [2026-04-12T14:31:05.066+0000] {dagbag.py:588} INFO - Filling up the DagBag from /opt/airflow/dags/kafka_load.py
[2026-04-12T14:31:05.102+0000] {processor.py:925} INFO - DAG(s) 'kafka_producer' retrieved from /opt/airflow/dags/kafka_load.py
[2026-04-12T14:31:05.180+0000] {logging_mixin.py:190} INFO - [2026-04-12T14:31:05.180+0000] {dag.py:3239} INFO - Sync 1 DAGs
[2026-04-12T14:31:05.266+0000] {logging_mixin.py:190} INFO - [2026-04-12T14:31:05.265+0000] {dag.py:4180} INFO - Setting next_dagrun for kafka_producer to 2026-04-11 18:30:00+00:00, run_after=2026-04-12 18:30:00+00:00
[2026-04-12T14:31:05.353+0000] {processor.py:208} INFO - Processing /opt/airflow/dags/kafka_load.py took 0.303 seconds
[2026-04-12T14:31:35.756+0000] {processor.py:186} INFO - Started process (PID=80) to work on /opt/airflow/dags/kafka_load.py
[2026-04-12T14:31:35.757+0000] {processor.py:914} INFO - Processing file /opt/airflow/dags/kafka_load.py for tasks to queue
[2026-04-12T14:31:35.761+0000] {logging_mixin.py:190} INFO - [2026-04-12T14:31:35.760+0000] {dagbag.py:588} INFO - Filling up the DagBag from /opt/airflow/dags/kafka_load.py
[2026-04-12T14:31:35.793+0000] {processor.py:925} INFO - DAG(s) 'kafka_producer' retrieved from /opt/airflow/dags/kafka_load.py
[2026-04-12T14:31:35.827+0000] {logging_mixin.py:190} INFO - [2026-04-12T14:31:35.826+0000] {dag.py:3239} INFO - Sync 1 DAGs
[2026-04-12T14:31:35.862+0000] {logging_mixin.py:190} INFO - [2026-04-12T14:31:35.862+0000] {dag.py:4180} INFO - Setting next_dagrun for kafka_producer to 2026-04-11 18:30:00+00:00, run_after=2026-04-12 18:30:00+00:00
[2026-04-12T14:31:35.887+0000] {processor.py:208} INFO - Processing /opt/airflow/dags/kafka_load.py took 0.140 seconds
[2026-04-12T14:32:06.282+0000] {processor.py:186} INFO - Started process (PID=83) to work on /opt/airflow/dags/kafka_load.py
[2026-04-12T14:32:06.283+0000] {processor.py:914} INFO - Processing file /opt/airflow/dags/kafka_load.py for tasks to queue
[2026-04-12T14:32:06.287+0000] {logging_mixin.py:190} INFO - [2026-04-12T14:32:06.286+0000] {dagbag.py:588} INFO - Filling up the DagBag from /opt/airflow/dags/kafka_load.py
[2026-04-12T14:32:06.317+0000] {processor.py:925} INFO - DAG(s) 'kafka_producer' retrieved from /opt/airflow/dags/kafka_load.py
[2026-04-12T14:32:06.348+0000] {logging_mixin.py:190} INFO - [2026-04-12T14:32:06.347+0000] {dag.py:3239} INFO - Sync 1 DAGs
[2026-04-12T14:32:06.383+0000] {logging_mixin.py:190} INFO - [2026-04-12T14:32:06.383+0000] {dag.py:4180} INFO - Setting next_dagrun for kafka_producer to 2026-04-11 18:30:00+00:00, run_after=2026-04-12 18:30:00+00:00
[2026-04-12T14:32:06.408+0000] {processor.py:208} INFO - Processing /opt/airflow/dags/kafka_load.py took 0.139 seconds
[2026-04-12T14:32:36.845+0000] {processor.py:186} INFO - Started process (PID=86) to work on /opt/airflow/dags/kafka_load.py
[2026-04-12T14:32:36.847+0000] {processor.py:914} INFO - Processing file /opt/airflow/dags/kafka_load.py for tasks to queue
[2026-04-12T14:32:36.851+0000] {logging_mixin.py:190} INFO - [2026-04-12T14:32:36.850+0000] {dagbag.py:588} INFO - Filling up the DagBag from /opt/airflow/dags/kafka_load.py
[2026-04-12T14:32:36.895+0000] {processor.py:925} INFO - DAG(s) 'kafka_producer' retrieved from /opt/airflow/dags/kafka_load.py
[2026-04-12T14:32:36.944+0000] {logging_mixin.py:190} INFO - [2026-04-12T14:32:36.943+0000] {dag.py:3239} INFO - Sync 1 DAGs
[2026-04-12T14:32:36.990+0000] {logging_mixin.py:190} INFO - [2026-04-12T14:32:36.990+0000] {dag.py:4180} INFO - Setting next_dagrun for kafka_producer to 2026-04-11 18:30:00+00:00, run_after=2026-04-12 18:30:00+00:00
[2026-04-12T14:32:37.011+0000] {processor.py:208} INFO - Processing /opt/airflow/dags/kafka_load.py took 0.180 seconds
[2026-04-12T14:33:07.410+0000] {processor.py:186} INFO - Started process (PID=89) to work on /opt/airflow/dags/kafka_load.py
[2026-04-12T14:33:07.412+0000] {processor.py:914} INFO - Processing file /opt/airflow/dags/kafka_load.py for tasks to queue
[2026-04-12T14:33:07.418+0000] {logging_mixin.py:190} INFO - [2026-04-12T14:33:07.417+0000] {dagbag.py:588} INFO - Filling up the DagBag from /opt/airflow/dags/kafka_load.py
[2026-04-12T14:33:07.453+0000] {processor.py:925} INFO - DAG(s) 'kafka_producer' retrieved from /opt/airflow/dags/kafka_load.py
[2026-04-12T14:33:07.529+0000] {logging_mixin.py:190} INFO - [2026-04-12T14:33:07.529+0000] {dag.py:3239} INFO - Sync 1 DAGs
[2026-04-12T14:33:07.575+0000] {logging_mixin.py:190} INFO - [2026-04-12T14:33:07.574+0000] {dag.py:4180} INFO - Setting next_dagrun for kafka_producer to 2026-04-11 18:30:00+00:00, run_after=2026-04-12 18:30:00+00:00
[2026-04-12T14:33:07.601+0000] {processor.py:208} INFO - Processing /opt/airflow/dags/kafka_load.py took 0.199 seconds
[2026-04-12T14:33:38.120+0000] {processor.py:186} INFO - Started process (PID=92) to work on /opt/airflow/dags/kafka_load.py
[2026-04-12T14:33:38.122+0000] {processor.py:914} INFO - Processing file /opt/airflow/dags/kafka_load.py for tasks to queue
[2026-04-12T14:33:38.126+0000] {logging_mixin.py:190} INFO - [2026-04-12T14:33:38.126+0000] {dagbag.py:588} INFO - Filling up the DagBag from /opt/airflow/dags/kafka_load.py
[2026-04-12T14:33:38.166+0000] {processor.py:925} INFO - DAG(s) 'kafka_producer' retrieved from /opt/airflow/dags/kafka_load.py
[2026-04-12T14:33:38.211+0000] {logging_mixin.py:190} INFO - [2026-04-12T14:33:38.211+0000] {dag.py:3239} INFO - Sync 1 DAGs
[2026-04-12T14:33:38.262+0000] {logging_mixin.py:190} INFO - [2026-04-12T14:33:38.261+0000] {dag.py:4180} INFO - Setting next_dagrun for kafka_producer to 2026-04-11 18:30:00+00:00, run_after=2026-04-12 18:30:00+00:00
[2026-04-12T14:33:38.307+0000] {processor.py:208} INFO - Processing /opt/airflow/dags/kafka_load.py took 0.198 seconds
[2026-04-12T14:34:08.738+0000] {processor.py:186} INFO - Started process (PID=95) to work on /opt/airflow/dags/kafka_load.py
[2026-04-12T14:34:08.740+0000] {processor.py:914} INFO - Processing file /opt/airflow/dags/kafka_load.py for tasks to queue
[2026-04-12T14:34:08.743+0000] {logging_mixin.py:190} INFO - [2026-04-12T14:34:08.743+0000] {dagbag.py:588} INFO - Filling up the DagBag from /opt/airflow/dags/kafka_load.py
[2026-04-12T14:34:08.779+0000] {processor.py:925} INFO - DAG(s) 'kafka_producer' retrieved from /opt/airflow/dags/kafka_load.py
[2026-04-12T14:34:08.810+0000] {logging_mixin.py:190} INFO - [2026-04-12T14:34:08.809+0000] {dag.py:3239} INFO - Sync 1 DAGs
[2026-04-12T14:34:08.853+0000] {logging_mixin.py:190} INFO - [2026-04-12T14:34:08.853+0000] {dag.py:4180} INFO - Setting next_dagrun for kafka_producer to 2026-04-11 18:30:00+00:00, run_after=2026-04-12 18:30:00+00:00
[2026-04-12T14:34:08.875+0000] {processor.py:208} INFO - Processing /opt/airflow/dags/kafka_load.py took 0.147 seconds
[2026-04-12T14:34:39.523+0000] {processor.py:186} INFO - Started process (PID=98) to work on /opt/airflow/dags/kafka_load.py
[2026-04-12T14:34:39.524+0000] {processor.py:914} INFO - Processing file /opt/airflow/dags/kafka_load.py for tasks to queue
[2026-04-12T14:34:39.529+0000] {logging_mixin.py:190} INFO - [2026-04-12T14:34:39.528+0000] {dagbag.py:588} INFO - Filling up the DagBag from /opt/airflow/dags/kafka_load.py
[2026-04-12T14:34:39.566+0000] {processor.py:925} INFO - DAG(s) 'kafka_producer' retrieved from /opt/airflow/dags/kafka_load.py
[2026-04-12T14:34:39.600+0000] {logging_mixin.py:190} INFO - [2026-04-12T14:34:39.600+0000] {dag.py:3239} INFO - Sync 1 DAGs
[2026-04-12T14:34:39.636+0000] {logging_mixin.py:190} INFO - [2026-04-12T14:34:39.636+0000] {dag.py:4180} INFO - Setting next_dagrun for kafka_producer to 2026-04-11 18:30:00+00:00, run_after=2026-04-12 18:30:00+00:00
[2026-04-12T14:34:39.660+0000] {processor.py:208} INFO - Processing /opt/airflow/dags/kafka_load.py took 0.145 seconds
[2026-04-12T14:35:10.046+0000] {processor.py:186} INFO - Started process (PID=101) to work on /opt/airflow/dags/kafka_load.py
[2026-04-12T14:35:10.047+0000] {processor.py:914} INFO - Processing file /opt/airflow/dags/kafka_load.py for tasks to queue
[2026-04-12T14:35:10.052+0000] {logging_mixin.py:190} INFO - [2026-04-12T14:35:10.051+0000] {dagbag.py:588} INFO - Filling up the DagBag from /opt/airflow/dags/kafka_load.py
[2026-04-12T14:35:10.085+0000] {processor.py:925} INFO - DAG(s) 'kafka_producer' retrieved from /opt/airflow/dags/kafka_load.py
[2026-04-12T14:35:10.111+0000] {logging_mixin.py:190} INFO - [2026-04-12T14:35:10.111+0000] {dag.py:3239} INFO - Sync 1 DAGs
[2026-04-12T14:35:10.140+0000] {logging_mixin.py:190} INFO - [2026-04-12T14:35:10.140+0000] {dag.py:4180} INFO - Setting next_dagrun for kafka_producer to 2026-04-11 18:30:00+00:00, run_after=2026-04-12 18:30:00+00:00
[2026-04-12T14:35:10.163+0000] {processor.py:208} INFO - Processing /opt/airflow/dags/kafka_load.py took 0.126 seconds
[2026-04-12T14:35:40.672+0000] {processor.py:186} INFO - Started process (PID=104) to work on /opt/airflow/dags/kafka_load.py
[2026-04-12T14:35:40.674+0000] {processor.py:914} INFO - Processing file /opt/airflow/dags/kafka_load.py for tasks to queue
[2026-04-12T14:35:40.678+0000] {logging_mixin.py:190} INFO - [2026-04-12T14:35:40.678+0000] {dagbag.py:588} INFO - Filling up the DagBag from /opt/airflow/dags/kafka_load.py
[2026-04-12T14:35:40.714+0000] {processor.py:925} INFO - DAG(s) 'kafka_producer' retrieved from /opt/airflow/dags/kafka_load.py
[2026-04-12T14:35:40.740+0000] {logging_mixin.py:190} INFO - [2026-04-12T14:35:40.740+0000] {dag.py:3239} INFO - Sync 1 DAGs
[2026-04-12T14:35:40.772+0000] {logging_mixin.py:190} INFO - [2026-04-12T14:35:40.772+0000] {dag.py:4180} INFO - Setting next_dagrun for kafka_producer to 2026-04-11 18:30:00+00:00, run_after=2026-04-12 18:30:00+00:00
[2026-04-12T14:35:40.798+0000] {processor.py:208} INFO - Processing /opt/airflow/dags/kafka_load.py took 0.137 seconds
[2026-04-12T14:36:11.176+0000] {processor.py:186} INFO - Started process (PID=107) to work on /opt/airflow/dags/kafka_load.py
[2026-04-12T14:36:11.178+0000] {processor.py:914} INFO - Processing file /opt/airflow/dags/kafka_load.py for tasks to queue
[2026-04-12T14:36:11.182+0000] {logging_mixin.py:190} INFO - [2026-04-12T14:36:11.182+0000] {dagbag.py:588} INFO - Filling up the DagBag from /opt/airflow/dags/kafka_load.py
[2026-04-12T14:36:11.218+0000] {processor.py:925} INFO - DAG(s) 'kafka_producer' retrieved from /opt/airflow/dags/kafka_load.py
[2026-04-12T14:36:11.247+0000] {logging_mixin.py:190} INFO - [2026-04-12T14:36:11.247+0000] {dag.py:3239} INFO - Sync 1 DAGs
[2026-04-12T14:36:11.286+0000] {logging_mixin.py:190} INFO - [2026-04-12T14:36:11.286+0000] {dag.py:4180} INFO - Setting next_dagrun for kafka_producer to 2026-04-11 18:30:00+00:00, run_after=2026-04-12 18:30:00+00:00
[2026-04-12T14:36:11.310+0000] {processor.py:208} INFO - Processing /opt/airflow/dags/kafka_load.py took 0.145 seconds
[2026-04-12T14:36:41.532+0000] {processor.py:186} INFO - Started process (PID=110) to work on /opt/airflow/dags/kafka_load.py
[2026-04-12T14:36:41.533+0000] {processor.py:914} INFO - Processing file /opt/airflow/dags/kafka_load.py for tasks to queue
[2026-04-12T14:36:41.536+0000] {logging_mixin.py:190} INFO - [2026-04-12T14:36:41.536+0000] {dagbag.py:588} INFO - Filling up the DagBag from /opt/airflow/dags/kafka_load.py
[2026-04-12T14:36:41.566+0000] {processor.py:925} INFO - DAG(s) 'kafka_producer' retrieved from /opt/airflow/dags/kafka_load.py
[2026-04-12T14:36:41.595+0000] {logging_mixin.py:190} INFO - [2026-04-12T14:36:41.594+0000] {dag.py:3239} INFO - Sync 1 DAGs
[2026-04-12T14:36:41.628+0000] {logging_mixin.py:190} INFO - [2026-04-12T14:36:41.627+0000] {dag.py:4180} INFO - Setting next_dagrun for kafka_producer to 2026-04-11 18:30:00+00:00, run_after=2026-04-12 18:30:00+00:00
[2026-04-12T14:36:41.652+0000] {processor.py:208} INFO - Processing /opt/airflow/dags/kafka_load.py took 0.128 seconds
[2026-04-12T14:37:12.074+0000] {processor.py:186} INFO - Started process (PID=113) to work on /opt/airflow/dags/kafka_load.py
[2026-04-12T14:37:12.075+0000] {processor.py:914} INFO - Processing file /opt/airflow/dags/kafka_load.py for tasks to queue
[2026-04-12T14:37:12.078+0000] {logging_mixin.py:190} INFO - [2026-04-12T14:37:12.077+0000] {dagbag.py:588} INFO - Filling up the DagBag from /opt/airflow/dags/kafka_load.py
[2026-04-12T14:37:12.105+0000] {processor.py:925} INFO - DAG(s) 'kafka_producer' retrieved from /opt/airflow/dags/kafka_load.py
[2026-04-12T14:37:12.133+0000] {logging_mixin.py:190} INFO - [2026-04-12T14:37:12.133+0000] {dag.py:3239} INFO - Sync 1 DAGs
[2026-04-12T14:37:12.165+0000] {logging_mixin.py:190} INFO - [2026-04-12T14:37:12.164+0000] {dag.py:4180} INFO - Setting next_dagrun for kafka_producer to 2026-04-11 18:30:00+00:00, run_after=2026-04-12 18:30:00+00:00
[2026-04-12T14:37:12.192+0000] {processor.py:208} INFO - Processing /opt/airflow/dags/kafka_load.py took 0.126 seconds
[2026-04-12T14:37:42.564+0000] {processor.py:186} INFO - Started process (PID=116) to work on /opt/airflow/dags/kafka_load.py
[2026-04-12T14:37:42.566+0000] {processor.py:914} INFO - Processing file /opt/airflow/dags/kafka_load.py for tasks to queue
[2026-04-12T14:37:42.569+0000] {logging_mixin.py:190} INFO - [2026-04-12T14:37:42.568+0000] {dagbag.py:588} INFO - Filling up the DagBag from /opt/airflow/dags/kafka_load.py
[2026-04-12T14:37:42.599+0000] {processor.py:925} INFO - DAG(s) 'kafka_producer' retrieved from /opt/airflow/dags/kafka_load.py
[2026-04-12T14:37:42.629+0000] {logging_mixin.py:190} INFO - [2026-04-12T14:37:42.629+0000] {dag.py:3239} INFO - Sync 1 DAGs
[2026-04-12T14:37:42.667+0000] {logging_mixin.py:190} INFO - [2026-04-12T14:37:42.666+0000] {dag.py:4180} INFO - Setting next_dagrun for kafka_producer to 2026-04-11 18:30:00+00:00, run_after=2026-04-12 18:30:00+00:00
[2026-04-12T14:37:42.698+0000] {processor.py:208} INFO - Processing /opt/airflow/dags/kafka_load.py took 0.142 seconds
[2026-04-12T14:38:13.127+0000] {processor.py:186} INFO - Started process (PID=119) to work on /opt/airflow/dags/kafka_load.py
[2026-04-12T14:38:13.129+0000] {processor.py:914} INFO - Processing file /opt/airflow/dags/kafka_load.py for tasks to queue
[2026-04-12T14:38:13.131+0000] {logging_mixin.py:190} INFO - [2026-04-12T14:38:13.131+0000] {dagbag.py:588} INFO - Filling up the DagBag from /opt/airflow/dags/kafka_load.py
[2026-04-12T14:38:13.165+0000] {processor.py:925} INFO - DAG(s) 'kafka_producer' retrieved from /opt/airflow/dags/kafka_load.py
[2026-04-12T14:38:13.189+0000] {logging_mixin.py:190} INFO - [2026-04-12T14:38:13.188+0000] {dag.py:3239} INFO - Sync 1 DAGs
[2026-04-12T14:38:13.218+0000] {logging_mixin.py:190} INFO - [2026-04-12T14:38:13.218+0000] {dag.py:4180} INFO - Setting next_dagrun for kafka_producer to 2026-04-11 18:30:00+00:00, run_after=2026-04-12 18:30:00+00:00
[2026-04-12T14:38:13.242+0000] {processor.py:208} INFO - Processing /opt/airflow/dags/kafka_load.py took 0.124 seconds
[2026-04-12T14:38:43.691+0000] {processor.py:186} INFO - Started process (PID=122) to work on /opt/airflow/dags/kafka_load.py
[2026-04-12T14:38:43.692+0000] {processor.py:914} INFO - Processing file /opt/airflow/dags/kafka_load.py for tasks to queue
[2026-04-12T14:38:43.695+0000] {logging_mixin.py:190} INFO - [2026-04-12T14:38:43.694+0000] {dagbag.py:588} INFO - Filling up the DagBag from /opt/airflow/dags/kafka_load.py
[2026-04-12T14:38:43.724+0000] {processor.py:925} INFO - DAG(s) 'kafka_producer' retrieved from /opt/airflow/dags/kafka_load.py
[2026-04-12T14:38:43.757+0000] {logging_mixin.py:190} INFO - [2026-04-12T14:38:43.757+0000] {dag.py:3239} INFO - Sync 1 DAGs
[2026-04-12T14:38:43.789+0000] {logging_mixin.py:190} INFO - [2026-04-12T14:38:43.789+0000] {dag.py:4180} INFO - Setting next_dagrun for kafka_producer to 2026-04-11 18:30:00+00:00, run_after=2026-04-12 18:30:00+00:00
[2026-04-12T14:38:43.813+0000] {processor.py:208} INFO - Processing /opt/airflow/dags/kafka_load.py took 0.130 seconds
[2026-04-12T14:39:14.366+0000] {processor.py:186} INFO - Started process (PID=125) to work on /opt/airflow/dags/kafka_load.py
[2026-04-12T14:39:14.367+0000] {processor.py:914} INFO - Processing file /opt/airflow/dags/kafka_load.py for tasks to queue
[2026-04-12T14:39:14.371+0000] {logging_mixin.py:190} INFO - [2026-04-12T14:39:14.370+0000] {dagbag.py:588} INFO - Filling up the DagBag from /opt/airflow/dags/kafka_load.py
[2026-04-12T14:39:14.403+0000] {processor.py:925} INFO - DAG(s) 'kafka_producer' retrieved from /opt/airflow/dags/kafka_load.py
[2026-04-12T14:39:14.436+0000] {logging_mixin.py:190} INFO - [2026-04-12T14:39:14.436+0000] {dag.py:3239} INFO - Sync 1 DAGs
[2026-04-12T14:39:14.468+0000] {logging_mixin.py:190} INFO - [2026-04-12T14:39:14.468+0000] {dag.py:4180} INFO - Setting next_dagrun for kafka_producer to 2026-04-11 18:30:00+00:00, run_after=2026-04-12 18:30:00+00:00
[2026-04-12T14:39:14.493+0000] {processor.py:208} INFO - Processing /opt/airflow/dags/kafka_load.py took 0.136 seconds
[2026-04-12T14:39:45.016+0000] {processor.py:186} INFO - Started process (PID=128) to work on /opt/airflow/dags/kafka_load.py
[2026-04-12T14:39:45.018+0000] {processor.py:914} INFO - Processing file /opt/airflow/dags/kafka_load.py for tasks to queue
[2026-04-12T14:39:45.021+0000] {logging_mixin.py:190} INFO - [2026-04-12T14:39:45.021+0000] {dagbag.py:588} INFO - Filling up the DagBag from /opt/airflow/dags/kafka_load.py
[2026-04-12T14:39:45.055+0000] {processor.py:925} INFO - DAG(s) 'kafka_producer' retrieved from /opt/airflow/dags/kafka_load.py
[2026-04-12T14:39:45.084+0000] {logging_mixin.py:190} INFO - [2026-04-12T14:39:45.084+0000] {dag.py:3239} INFO - Sync 1 DAGs
[2026-04-12T14:39:45.117+0000] {logging_mixin.py:190} INFO - [2026-04-12T14:39:45.116+0000] {dag.py:4180} INFO - Setting next_dagrun for kafka_producer to 2026-04-11 18:30:00+00:00, run_after=2026-04-12 18:30:00+00:00
[2026-04-12T14:39:45.140+0000] {processor.py:208} INFO - Processing /opt/airflow/dags/kafka_load.py took 0.133 seconds
[2026-04-12T14:40:15.733+0000] {processor.py:186} INFO - Started process (PID=131) to work on /opt/airflow/dags/kafka_load.py
[2026-04-12T14:40:15.737+0000] {processor.py:914} INFO - Processing file /opt/airflow/dags/kafka_load.py for tasks to queue
[2026-04-12T14:40:15.742+0000] {logging_mixin.py:190} INFO - [2026-04-12T14:40:15.741+0000] {dagbag.py:588} INFO - Filling up the DagBag from /opt/airflow/dags/kafka_load.py
[2026-04-12T14:40:15.847+0000] {processor.py:925} INFO - DAG(s) 'kafka_producer' retrieved from /opt/airflow/dags/kafka_load.py
[2026-04-12T14:40:15.896+0000] {logging_mixin.py:190} INFO - [2026-04-12T14:40:15.895+0000] {dag.py:3239} INFO - Sync 1 DAGs
[2026-04-12T14:40:15.980+0000] {logging_mixin.py:190} INFO - [2026-04-12T14:40:15.979+0000] {dag.py:4180} INFO - Setting next_dagrun for kafka_producer to 2026-04-11 18:30:00+00:00, run_after=2026-04-12 18:30:00+00:00
[2026-04-12T14:40:16.053+0000] {processor.py:208} INFO - Processing /opt/airflow/dags/kafka_load.py took 0.336 seconds
[2026-04-12T14:40:46.311+0000] {processor.py:186} INFO - Started process (PID=134) to work on /opt/airflow/dags/kafka_load.py
[2026-04-12T14:40:46.312+0000] {processor.py:914} INFO - Processing file /opt/airflow/dags/kafka_load.py for tasks to queue
[2026-04-12T14:40:46.315+0000] {logging_mixin.py:190} INFO - [2026-04-12T14:40:46.315+0000] {dagbag.py:588} INFO - Filling up the DagBag from /opt/airflow/dags/kafka_load.py
[2026-04-12T14:40:46.350+0000] {processor.py:925} INFO - DAG(s) 'kafka_producer' retrieved from /opt/airflow/dags/kafka_load.py
[2026-04-12T14:40:46.381+0000] {logging_mixin.py:190} INFO - [2026-04-12T14:40:46.381+0000] {dag.py:3239} INFO - Sync 1 DAGs
[2026-04-12T14:40:46.411+0000] {logging_mixin.py:190} INFO - [2026-04-12T14:40:46.411+0000] {dag.py:4180} INFO - Setting next_dagrun for kafka_producer to 2026-04-11 18:30:00+00:00, run_after=2026-04-12 18:30:00+00:00
[2026-04-12T14:40:46.436+0000] {processor.py:208} INFO - Processing /opt/airflow/dags/kafka_load.py took 0.135 seconds
[2026-04-12T14:41:16.808+0000] {processor.py:186} INFO - Started process (PID=137) to work on /opt/airflow/dags/kafka_load.py
[2026-04-12T14:41:16.810+0000] {processor.py:914} INFO - Processing file /opt/airflow/dags/kafka_load.py for tasks to queue
[2026-04-12T14:41:16.813+0000] {logging_mixin.py:190} INFO - [2026-04-12T14:41:16.812+0000] {dagbag.py:588} INFO - Filling up the DagBag from /opt/airflow/dags/kafka_load.py
[2026-04-12T14:41:16.842+0000] {processor.py:925} INFO - DAG(s) 'kafka_producer' retrieved from /opt/airflow/dags/kafka_load.py
[2026-04-12T14:41:16.870+0000] {logging_mixin.py:190} INFO - [2026-04-12T14:41:16.870+0000] {dag.py:3239} INFO - Sync 1 DAGs
[2026-04-12T14:41:16.901+0000] {logging_mixin.py:190} INFO - [2026-04-12T14:41:16.901+0000] {dag.py:4180} INFO - Setting next_dagrun for kafka_producer to 2026-04-11 18:30:00+00:00, run_after=2026-04-12 18:30:00+00:00
[2026-04-12T14:41:16.930+0000] {processor.py:208} INFO - Processing /opt/airflow/dags/kafka_load.py took 0.130 seconds
[2026-04-12T14:41:47.286+0000] {processor.py:186} INFO - Started process (PID=140) to work on /opt/airflow/dags/kafka_load.py
[2026-04-12T14:41:47.287+0000] {processor.py:914} INFO - Processing file /opt/airflow/dags/kafka_load.py for tasks to queue
[2026-04-12T14:41:47.291+0000] {logging_mixin.py:190} INFO - [2026-04-12T14:41:47.290+0000] {dagbag.py:588} INFO - Filling up the DagBag from /opt/airflow/dags/kafka_load.py
[2026-04-12T14:41:47.326+0000] {processor.py:925} INFO - DAG(s) 'kafka_producer' retrieved from /opt/airflow/dags/kafka_load.py
[2026-04-12T14:41:47.367+0000] {logging_mixin.py:190} INFO - [2026-04-12T14:41:47.366+0000] {dag.py:3239} INFO - Sync 1 DAGs
[2026-04-12T14:41:47.418+0000] {logging_mixin.py:190} INFO - [2026-04-12T14:41:47.418+0000] {dag.py:4180} INFO - Setting next_dagrun for kafka_producer to 2026-04-11 18:30:00+00:00, run_after=2026-04-12 18:30:00+00:00
[2026-04-12T14:41:47.463+0000] {processor.py:208} INFO - Processing /opt/airflow/dags/kafka_load.py took 0.186 seconds
[2026-04-12T14:42:17.781+0000] {processor.py:186} INFO - Started process (PID=143) to work on /opt/airflow/dags/kafka_load.py
[2026-04-12T14:42:17.782+0000] {processor.py:914} INFO - Processing file /opt/airflow/dags/kafka_load.py for tasks to queue
[2026-04-12T14:42:17.785+0000] {logging_mixin.py:190} INFO - [2026-04-12T14:42:17.785+0000] {dagbag.py:588} INFO - Filling up the DagBag from /opt/airflow/dags/kafka_load.py
[2026-04-12T14:42:17.812+0000] {processor.py:925} INFO - DAG(s) 'kafka_producer' retrieved from /opt/airflow/dags/kafka_load.py
[2026-04-12T14:42:17.837+0000] {logging_mixin.py:190} INFO - [2026-04-12T14:42:17.837+0000] {dag.py:3239} INFO - Sync 1 DAGs
[2026-04-12T14:42:17.870+0000] {logging_mixin.py:190} INFO - [2026-04-12T14:42:17.869+0000] {dag.py:4180} INFO - Setting next_dagrun for kafka_producer to 2026-04-11 18:30:00+00:00, run_after=2026-04-12 18:30:00+00:00
[2026-04-12T14:42:17.897+0000] {processor.py:208} INFO - Processing /opt/airflow/dags/kafka_load.py took 0.124 seconds
[2026-04-12T14:42:48.276+0000] {processor.py:186} INFO - Started process (PID=146) to work on /opt/airflow/dags/kafka_load.py
[2026-04-12T14:42:48.277+0000] {processor.py:914} INFO - Processing file /opt/airflow/dags/kafka_load.py for tasks to queue
[2026-04-12T14:42:48.280+0000] {logging_mixin.py:190} INFO - [2026-04-12T14:42:48.280+0000] {dagbag.py:588} INFO - Filling up the DagBag from /opt/airflow/dags/kafka_load.py
[2026-04-12T14:42:48.315+0000] {processor.py:925} INFO - DAG(s) 'kafka_producer' retrieved from /opt/airflow/dags/kafka_load.py
[2026-04-12T14:42:48.344+0000] {logging_mixin.py:190} INFO - [2026-04-12T14:42:48.343+0000] {dag.py:3239} INFO - Sync 1 DAGs
[2026-04-12T14:42:48.375+0000] {logging_mixin.py:190} INFO - [2026-04-12T14:42:48.374+0000] {dag.py:4180} INFO - Setting next_dagrun for kafka_producer to 2026-04-11 18:30:00+00:00, run_after=2026-04-12 18:30:00+00:00
[2026-04-12T14:42:48.402+0000] {processor.py:208} INFO - Processing /opt/airflow/dags/kafka_load.py took 0.134 seconds
[2026-04-12T14:43:18.836+0000] {processor.py:186} INFO - Started process (PID=149) to work on /opt/airflow/dags/kafka_load.py
[2026-04-12T14:43:18.837+0000] {processor.py:914} INFO - Processing file /opt/airflow/dags/kafka_load.py for tasks to queue
[2026-04-12T14:43:18.841+0000] {logging_mixin.py:190} INFO - [2026-04-12T14:43:18.840+0000] {dagbag.py:588} INFO - Filling up the DagBag from /opt/airflow/dags/kafka_load.py
[2026-04-12T14:43:18.868+0000] {processor.py:925} INFO - DAG(s) 'kafka_producer' retrieved from /opt/airflow/dags/kafka_load.py
[2026-04-12T14:43:18.894+0000] {logging_mixin.py:190} INFO - [2026-04-12T14:43:18.894+0000] {dag.py:3239} INFO - Sync 1 DAGs
[2026-04-12T14:43:18.923+0000] {logging_mixin.py:190} INFO - [2026-04-12T14:43:18.922+0000] {dag.py:4180} INFO - Setting next_dagrun for kafka_producer to 2026-04-11 18:30:00+00:00, run_after=2026-04-12 18:30:00+00:00
[2026-04-12T14:43:18.950+0000] {processor.py:208} INFO - Processing /opt/airflow/dags/kafka_load.py took 0.123 seconds
[2026-04-12T14:43:49.319+0000] {processor.py:186} INFO - Started process (PID=152) to work on /opt/airflow/dags/kafka_load.py
[2026-04-12T14:43:49.321+0000] {processor.py:914} INFO - Processing file /opt/airflow/dags/kafka_load.py for tasks to queue
[2026-04-12T14:43:49.324+0000] {logging_mixin.py:190} INFO - [2026-04-12T14:43:49.323+0000] {dagbag.py:588} INFO - Filling up the DagBag from /opt/airflow/dags/kafka_load.py
[2026-04-12T14:43:49.357+0000] {processor.py:925} INFO - DAG(s) 'kafka_producer' retrieved from /opt/airflow/dags/kafka_load.py
[2026-04-12T14:43:49.387+0000] {logging_mixin.py:190} INFO - [2026-04-12T14:43:49.387+0000] {dag.py:3239} INFO - Sync 1 DAGs
[2026-04-12T14:43:49.432+0000] {logging_mixin.py:190} INFO - [2026-04-12T14:43:49.431+0000] {dag.py:4180} INFO - Setting next_dagrun for kafka_producer to 2026-04-11 18:30:00+00:00, run_after=2026-04-12 18:30:00+00:00
[2026-04-12T14:43:49.471+0000] {processor.py:208} INFO - Processing /opt/airflow/dags/kafka_load.py took 0.161 seconds
[2026-04-12T14:44:19.853+0000] {processor.py:186} INFO - Started process (PID=155) to work on /opt/airflow/dags/kafka_load.py
[2026-04-12T14:44:19.855+0000] {processor.py:914} INFO - Processing file /opt/airflow/dags/kafka_load.py for tasks to queue
[2026-04-12T14:44:19.858+0000] {logging_mixin.py:190} INFO - [2026-04-12T14:44:19.857+0000] {dagbag.py:588} INFO - Filling up the DagBag from /opt/airflow/dags/kafka_load.py
[2026-04-12T14:44:19.888+0000] {processor.py:925} INFO - DAG(s) 'kafka_producer' retrieved from /opt/airflow/dags/kafka_load.py
[2026-04-12T14:44:19.916+0000] {logging_mixin.py:190} INFO - [2026-04-12T14:44:19.916+0000] {dag.py:3239} INFO - Sync 1 DAGs
[2026-04-12T14:44:19.947+0000] {logging_mixin.py:190} INFO - [2026-04-12T14:44:19.946+0000] {dag.py:4180} INFO - Setting next_dagrun for kafka_producer to 2026-04-11 18:30:00+00:00, run_after=2026-04-12 18:30:00+00:00
[2026-04-12T14:44:19.971+0000] {processor.py:208} INFO - Processing /opt/airflow/dags/kafka_load.py took 0.127 seconds
[2026-04-12T14:44:50.458+0000] {processor.py:186} INFO - Started process (PID=158) to work on /opt/airflow/dags/kafka_load.py
[2026-04-12T14:44:50.460+0000] {processor.py:914} INFO - Processing file /opt/airflow/dags/kafka_load.py for tasks to queue
[2026-04-12T14:44:50.463+0000] {logging_mixin.py:190} INFO - [2026-04-12T14:44:50.462+0000] {dagbag.py:588} INFO - Filling up the DagBag from /opt/airflow/dags/kafka_load.py
[2026-04-12T14:44:50.492+0000] {processor.py:925} INFO - DAG(s) 'kafka_producer' retrieved from /opt/airflow/dags/kafka_load.py
[2026-04-12T14:44:50.529+0000] {logging_mixin.py:190} INFO - [2026-04-12T14:44:50.529+0000] {dag.py:3239} INFO - Sync 1 DAGs
[2026-04-12T14:44:50.587+0000] {logging_mixin.py:190} INFO - [2026-04-12T14:44:50.587+0000] {dag.py:4180} INFO - Setting next_dagrun for kafka_producer to 2026-04-11 18:30:00+00:00, run_after=2026-04-12 18:30:00+00:00
[2026-04-12T14:44:50.616+0000] {processor.py:208} INFO - Processing /opt/airflow/dags/kafka_load.py took 0.166 seconds
[2026-04-12T14:45:21.007+0000] {processor.py:186} INFO - Started process (PID=161) to work on /opt/airflow/dags/kafka_load.py
[2026-04-12T14:45:21.008+0000] {processor.py:914} INFO - Processing file /opt/airflow/dags/kafka_load.py for tasks to queue
[2026-04-12T14:45:21.012+0000] {logging_mixin.py:190} INFO - [2026-04-12T14:45:21.011+0000] {dagbag.py:588} INFO - Filling up the DagBag from /opt/airflow/dags/kafka_load.py
[2026-04-12T14:45:21.039+0000] {processor.py:925} INFO - DAG(s) 'kafka_producer' retrieved from /opt/airflow/dags/kafka_load.py
[2026-04-12T14:45:21.065+0000] {logging_mixin.py:190} INFO - [2026-04-12T14:45:21.065+0000] {dag.py:3239} INFO - Sync 1 DAGs
[2026-04-12T14:45:21.095+0000] {logging_mixin.py:190} INFO - [2026-04-12T14:45:21.094+0000] {dag.py:4180} INFO - Setting next_dagrun for kafka_producer to 2026-04-11 18:30:00+00:00, run_after=2026-04-12 18:30:00+00:00
[2026-04-12T14:45:21.120+0000] {processor.py:208} INFO - Processing /opt/airflow/dags/kafka_load.py took 0.122 seconds
[2026-04-12T14:45:51.568+0000] {processor.py:186} INFO - Started process (PID=164) to work on /opt/airflow/dags/kafka_load.py
[2026-04-12T14:45:51.569+0000] {processor.py:914} INFO - Processing file /opt/airflow/dags/kafka_load.py for tasks to queue
[2026-04-12T14:45:51.573+0000] {logging_mixin.py:190} INFO - [2026-04-12T14:45:51.572+0000] {dagbag.py:588} INFO - Filling up the DagBag from /opt/airflow/dags/kafka_load.py
[2026-04-12T14:45:51.601+0000] {processor.py:925} INFO - DAG(s) 'kafka_producer' retrieved from /opt/airflow/dags/kafka_load.py
[2026-04-12T14:45:51.626+0000] {logging_mixin.py:190} INFO - [2026-04-12T14:45:51.626+0000] {dag.py:3239} INFO - Sync 1 DAGs
[2026-04-12T14:45:51.658+0000] {logging_mixin.py:190} INFO - [2026-04-12T14:45:51.657+0000] {dag.py:4180} INFO - Setting next_dagrun for kafka_producer to 2026-04-11 18:30:00+00:00, run_after=2026-04-12 18:30:00+00:00
[2026-04-12T14:45:51.682+0000] {processor.py:208} INFO - Processing /opt/airflow/dags/kafka_load.py took 0.123 seconds
[2026-04-12T14:46:22.111+0000] {processor.py:186} INFO - Started process (PID=167) to work on /opt/airflow/dags/kafka_load.py
[2026-04-12T14:46:22.113+0000] {processor.py:914} INFO - Processing file /opt/airflow/dags/kafka_load.py for tasks to queue
[2026-04-12T14:46:22.116+0000] {logging_mixin.py:190} INFO - [2026-04-12T14:46:22.115+0000] {dagbag.py:588} INFO - Filling up the DagBag from /opt/airflow/dags/kafka_load.py
[2026-04-12T14:46:22.143+0000] {processor.py:925} INFO - DAG(s) 'kafka_producer' retrieved from /opt/airflow/dags/kafka_load.py
[2026-04-12T14:46:22.176+0000] {logging_mixin.py:190} INFO - [2026-04-12T14:46:22.176+0000] {dag.py:3239} INFO - Sync 1 DAGs
[2026-04-12T14:46:22.222+0000] {logging_mixin.py:190} INFO - [2026-04-12T14:46:22.222+0000] {dag.py:4180} INFO - Setting next_dagrun for kafka_producer to 2026-04-11 18:30:00+00:00, run_after=2026-04-12 18:30:00+00:00
[2026-04-12T14:46:22.259+0000] {processor.py:208} INFO - Processing /opt/airflow/dags/kafka_load.py took 0.156 seconds
[2026-04-12T14:46:52.593+0000] {processor.py:186} INFO - Started process (PID=170) to work on /opt/airflow/dags/kafka_load.py
[2026-04-12T14:46:52.595+0000] {processor.py:914} INFO - Processing file /opt/airflow/dags/kafka_load.py for tasks to queue
[2026-04-12T14:46:52.599+0000] {logging_mixin.py:190} INFO - [2026-04-12T14:46:52.598+0000] {dagbag.py:588} INFO - Filling up the DagBag from /opt/airflow/dags/kafka_load.py
[2026-04-12T14:46:52.628+0000] {processor.py:925} INFO - DAG(s) 'kafka_producer' retrieved from /opt/airflow/dags/kafka_load.py
[2026-04-12T14:46:52.656+0000] {logging_mixin.py:190} INFO - [2026-04-12T14:46:52.656+0000] {dag.py:3239} INFO - Sync 1 DAGs
[2026-04-12T14:46:52.689+0000] {logging_mixin.py:190} INFO - [2026-04-12T14:46:52.689+0000] {dag.py:4180} INFO - Setting next_dagrun for kafka_producer to 2026-04-11 18:30:00+00:00, run_after=2026-04-12 18:30:00+00:00
[2026-04-12T14:46:52.723+0000] {processor.py:208} INFO - Processing /opt/airflow/dags/kafka_load.py took 0.138 seconds
[2026-04-12T14:47:23.113+0000] {processor.py:186} INFO - Started process (PID=173) to work on /opt/airflow/dags/kafka_load.py
[2026-04-12T14:47:23.115+0000] {processor.py:914} INFO - Processing file /opt/airflow/dags/kafka_load.py for tasks to queue
[2026-04-12T14:47:23.119+0000] {logging_mixin.py:190} INFO - [2026-04-12T14:47:23.117+0000] {dagbag.py:588} INFO - Filling up the DagBag from /opt/airflow/dags/kafka_load.py
[2026-04-12T14:47:23.150+0000] {processor.py:925} INFO - DAG(s) 'kafka_producer' retrieved from /opt/airflow/dags/kafka_load.py
[2026-04-12T14:47:23.179+0000] {logging_mixin.py:190} INFO - [2026-04-12T14:47:23.179+0000] {dag.py:3239} INFO - Sync 1 DAGs
[2026-04-12T14:47:23.207+0000] {logging_mixin.py:190} INFO - [2026-04-12T14:47:23.207+0000] {dag.py:4180} INFO - Setting next_dagrun for kafka_producer to 2026-04-11 18:30:00+00:00, run_after=2026-04-12 18:30:00+00:00
[2026-04-12T14:47:23.229+0000] {processor.py:208} INFO - Processing /opt/airflow/dags/kafka_load.py took 0.125 seconds
[2026-04-12T14:47:53.682+0000] {processor.py:186} INFO - Started process (PID=176) to work on /opt/airflow/dags/kafka_load.py
[2026-04-12T14:47:53.683+0000] {processor.py:914} INFO - Processing file /opt/airflow/dags/kafka_load.py for tasks to queue
[2026-04-12T14:47:53.687+0000] {logging_mixin.py:190} INFO - [2026-04-12T14:47:53.686+0000] {dagbag.py:588} INFO - Filling up the DagBag from /opt/airflow/dags/kafka_load.py
[2026-04-12T14:47:53.726+0000] {processor.py:925} INFO - DAG(s) 'kafka_producer' retrieved from /opt/airflow/dags/kafka_load.py
[2026-04-12T14:47:53.787+0000] {logging_mixin.py:190} INFO - [2026-04-12T14:47:53.787+0000] {dag.py:3239} INFO - Sync 1 DAGs
[2026-04-12T14:47:53.823+0000] {logging_mixin.py:190} INFO - [2026-04-12T14:47:53.822+0000] {dag.py:4180} INFO - Setting next_dagrun for kafka_producer to 2026-04-11 18:30:00+00:00, run_after=2026-04-12 18:30:00+00:00
[2026-04-12T14:47:53.859+0000] {processor.py:208} INFO - Processing /opt/airflow/dags/kafka_load.py took 0.185 seconds
[2026-04-12T14:48:24.230+0000] {processor.py:186} INFO - Started process (PID=179) to work on /opt/airflow/dags/kafka_load.py
[2026-04-12T14:48:24.231+0000] {processor.py:914} INFO - Processing file /opt/airflow/dags/kafka_load.py for tasks to queue
[2026-04-12T14:48:24.234+0000] {logging_mixin.py:190} INFO - [2026-04-12T14:48:24.234+0000] {dagbag.py:588} INFO - Filling up the DagBag from /opt/airflow/dags/kafka_load.py
[2026-04-12T14:48:24.270+0000] {processor.py:925} INFO - DAG(s) 'kafka_producer' retrieved from /opt/airflow/dags/kafka_load.py
[2026-04-12T14:48:24.299+0000] {logging_mixin.py:190} INFO - [2026-04-12T14:48:24.299+0000] {dag.py:3239} INFO - Sync 1 DAGs
[2026-04-12T14:48:24.337+0000] {logging_mixin.py:190} INFO - [2026-04-12T14:48:24.336+0000] {dag.py:4180} INFO - Setting next_dagrun for kafka_producer to 2026-04-11 18:30:00+00:00, run_after=2026-04-12 18:30:00+00:00
[2026-04-12T14:48:24.384+0000] {processor.py:208} INFO - Processing /opt/airflow/dags/kafka_load.py took 0.164 seconds
[2026-04-12T14:48:54.700+0000] {processor.py:186} INFO - Started process (PID=182) to work on /opt/airflow/dags/kafka_load.py
[2026-04-12T14:48:54.702+0000] {processor.py:914} INFO - Processing file /opt/airflow/dags/kafka_load.py for tasks to queue
[2026-04-12T14:48:54.705+0000] {logging_mixin.py:190} INFO - [2026-04-12T14:48:54.704+0000] {dagbag.py:588} INFO - Filling up the DagBag from /opt/airflow/dags/kafka_load.py
[2026-04-12T14:48:54.733+0000] {processor.py:925} INFO - DAG(s) 'kafka_producer' retrieved from /opt/airflow/dags/kafka_load.py
[2026-04-12T14:48:54.759+0000] {logging_mixin.py:190} INFO - [2026-04-12T14:48:54.759+0000] {dag.py:3239} INFO - Sync 1 DAGs
[2026-04-12T14:48:54.788+0000] {logging_mixin.py:190} INFO - [2026-04-12T14:48:54.788+0000] {dag.py:4180} INFO - Setting next_dagrun for kafka_producer to 2026-04-11 18:30:00+00:00, run_after=2026-04-12 18:30:00+00:00
[2026-04-12T14:48:54.813+0000] {processor.py:208} INFO - Processing /opt/airflow/dags/kafka_load.py took 0.122 seconds
[2026-04-12T14:49:25.234+0000] {processor.py:186} INFO - Started process (PID=185) to work on /opt/airflow/dags/kafka_load.py
[2026-04-12T14:49:25.236+0000] {processor.py:914} INFO - Processing file /opt/airflow/dags/kafka_load.py for tasks to queue
[2026-04-12T14:49:25.240+0000] {logging_mixin.py:190} INFO - [2026-04-12T14:49:25.239+0000] {dagbag.py:588} INFO - Filling up the DagBag from /opt/airflow/dags/kafka_load.py
[2026-04-12T14:49:25.277+0000] {processor.py:925} INFO - DAG(s) 'kafka_producer' retrieved from /opt/airflow/dags/kafka_load.py
[2026-04-12T14:49:25.303+0000] {logging_mixin.py:190} INFO - [2026-04-12T14:49:25.303+0000] {dag.py:3239} INFO - Sync 1 DAGs
[2026-04-12T14:49:25.334+0000] {logging_mixin.py:190} INFO - [2026-04-12T14:49:25.333+0000] {dag.py:4180} INFO - Setting next_dagrun for kafka_producer to 2026-04-11 18:30:00+00:00, run_after=2026-04-12 18:30:00+00:00
[2026-04-12T14:49:25.360+0000] {processor.py:208} INFO - Processing /opt/airflow/dags/kafka_load.py took 0.137 seconds
[2026-04-12T14:49:55.811+0000] {processor.py:186} INFO - Started process (PID=188) to work on /opt/airflow/dags/kafka_load.py
[2026-04-12T14:49:55.812+0000] {processor.py:914} INFO - Processing file /opt/airflow/dags/kafka_load.py for tasks to queue
[2026-04-12T14:49:55.815+0000] {logging_mixin.py:190} INFO - [2026-04-12T14:49:55.815+0000] {dagbag.py:588} INFO - Filling up the DagBag from /opt/airflow/dags/kafka_load.py
[2026-04-12T14:49:55.856+0000] {processor.py:925} INFO - DAG(s) 'kafka_producer' retrieved from /opt/airflow/dags/kafka_load.py
[2026-04-12T14:49:55.888+0000] {logging_mixin.py:190} INFO - [2026-04-12T14:49:55.888+0000] {dag.py:3239} INFO - Sync 1 DAGs
[2026-04-12T14:49:55.924+0000] {logging_mixin.py:190} INFO - [2026-04-12T14:49:55.924+0000] {dag.py:4180} INFO - Setting next_dagrun for kafka_producer to 2026-04-11 18:30:00+00:00, run_after=2026-04-12 18:30:00+00:00
[2026-04-12T14:49:55.953+0000] {processor.py:208} INFO - Processing /opt/airflow/dags/kafka_load.py took 0.154 seconds
[2026-04-12T14:50:26.278+0000] {processor.py:186} INFO - Started process (PID=191) to work on /opt/airflow/dags/kafka_load.py
[2026-04-12T14:50:26.279+0000] {processor.py:914} INFO - Processing file /opt/airflow/dags/kafka_load.py for tasks to queue
[2026-04-12T14:50:26.282+0000] {logging_mixin.py:190} INFO - [2026-04-12T14:50:26.282+0000] {dagbag.py:588} INFO - Filling up the DagBag from /opt/airflow/dags/kafka_load.py
[2026-04-12T14:50:26.313+0000] {processor.py:925} INFO - DAG(s) 'kafka_producer' retrieved from /opt/airflow/dags/kafka_load.py
[2026-04-12T14:50:26.345+0000] {logging_mixin.py:190} INFO - [2026-04-12T14:50:26.344+0000] {dag.py:3239} INFO - Sync 1 DAGs
[2026-04-12T14:50:26.388+0000] {logging_mixin.py:190} INFO - [2026-04-12T14:50:26.388+0000] {dag.py:4180} INFO - Setting next_dagrun for kafka_producer to 2026-04-11 18:30:00+00:00, run_after=2026-04-12 18:30:00+00:00
[2026-04-12T14:50:26.413+0000] {processor.py:208} INFO - Processing /opt/airflow/dags/kafka_load.py took 0.143 seconds
[2026-04-12T14:50:56.853+0000] {processor.py:186} INFO - Started process (PID=194) to work on /opt/airflow/dags/kafka_load.py
[2026-04-12T14:50:56.855+0000] {processor.py:914} INFO - Processing file /opt/airflow/dags/kafka_load.py for tasks to queue
[2026-04-12T14:50:56.858+0000] {logging_mixin.py:190} INFO - [2026-04-12T14:50:56.858+0000] {dagbag.py:588} INFO - Filling up the DagBag from /opt/airflow/dags/kafka_load.py
[2026-04-12T14:50:56.891+0000] {processor.py:925} INFO - DAG(s) 'kafka_producer' retrieved from /opt/airflow/dags/kafka_load.py
[2026-04-12T14:50:56.926+0000] {logging_mixin.py:190} INFO - [2026-04-12T14:50:56.926+0000] {dag.py:3239} INFO - Sync 1 DAGs
[2026-04-12T14:50:56.957+0000] {logging_mixin.py:190} INFO - [2026-04-12T14:50:56.957+0000] {dag.py:4180} INFO - Setting next_dagrun for kafka_producer to 2026-04-11 18:30:00+00:00, run_after=2026-04-12 18:30:00+00:00
[2026-04-12T14:50:56.983+0000] {processor.py:208} INFO - Processing /opt/airflow/dags/kafka_load.py took 0.139 seconds
[2026-04-12T14:51:27.396+0000] {processor.py:186} INFO - Started process (PID=197) to work on /opt/airflow/dags/kafka_load.py
[2026-04-12T14:51:27.397+0000] {processor.py:914} INFO - Processing file /opt/airflow/dags/kafka_load.py for tasks to queue
[2026-04-12T14:51:27.400+0000] {logging_mixin.py:190} INFO - [2026-04-12T14:51:27.400+0000] {dagbag.py:588} INFO - Filling up the DagBag from /opt/airflow/dags/kafka_load.py
[2026-04-12T14:51:27.429+0000] {processor.py:925} INFO - DAG(s) 'kafka_producer' retrieved from /opt/airflow/dags/kafka_load.py
[2026-04-12T14:51:27.454+0000] {logging_mixin.py:190} INFO - [2026-04-12T14:51:27.454+0000] {dag.py:3239} INFO - Sync 1 DAGs
[2026-04-12T14:51:27.482+0000] {logging_mixin.py:190} INFO - [2026-04-12T14:51:27.482+0000] {dag.py:4180} INFO - Setting next_dagrun for kafka_producer to 2026-04-11 18:30:00+00:00, run_after=2026-04-12 18:30:00+00:00
[2026-04-12T14:51:27.506+0000] {processor.py:208} INFO - Processing /opt/airflow/dags/kafka_load.py took 0.118 seconds
[2026-04-12T14:51:57.911+0000] {processor.py:186} INFO - Started process (PID=200) to work on /opt/airflow/dags/kafka_load.py
[2026-04-12T14:51:57.912+0000] {processor.py:914} INFO - Processing file /opt/airflow/dags/kafka_load.py for tasks to queue
[2026-04-12T14:51:57.915+0000] {logging_mixin.py:190} INFO - [2026-04-12T14:51:57.914+0000] {dagbag.py:588} INFO - Filling up the DagBag from /opt/airflow/dags/kafka_load.py
[2026-04-12T14:51:57.942+0000] {processor.py:925} INFO - DAG(s) 'kafka_producer' retrieved from /opt/airflow/dags/kafka_load.py
[2026-04-12T14:51:57.970+0000] {logging_mixin.py:190} INFO - [2026-04-12T14:51:57.969+0000] {dag.py:3239} INFO - Sync 1 DAGs
[2026-04-12T14:51:58.002+0000] {logging_mixin.py:190} INFO - [2026-04-12T14:51:58.002+0000] {dag.py:4180} INFO - Setting next_dagrun for kafka_producer to 2026-04-11 18:30:00+00:00, run_after=2026-04-12 18:30:00+00:00
[2026-04-12T14:51:58.027+0000] {processor.py:208} INFO - Processing /opt/airflow/dags/kafka_load.py took 0.124 seconds
[2026-04-12T14:52:28.443+0000] {processor.py:186} INFO - Started process (PID=203) to work on /opt/airflow/dags/kafka_load.py
[2026-04-12T14:52:28.445+0000] {processor.py:914} INFO - Processing file /opt/airflow/dags/kafka_load.py for tasks to queue
[2026-04-12T14:52:28.449+0000] {logging_mixin.py:190} INFO - [2026-04-12T14:52:28.449+0000] {dagbag.py:588} INFO - Filling up the DagBag from /opt/airflow/dags/kafka_load.py
[2026-04-12T14:52:28.487+0000] {processor.py:925} INFO - DAG(s) 'kafka_producer' retrieved from /opt/airflow/dags/kafka_load.py
[2026-04-12T14:52:28.528+0000] {logging_mixin.py:190} INFO - [2026-04-12T14:52:28.527+0000] {dag.py:3239} INFO - Sync 1 DAGs
[2026-04-12T14:52:28.574+0000] {logging_mixin.py:190} INFO - [2026-04-12T14:52:28.574+0000] {dag.py:4180} INFO - Setting next_dagrun for kafka_producer to 2026-04-11 18:30:00+00:00, run_after=2026-04-12 18:30:00+00:00
[2026-04-12T14:52:28.650+0000] {processor.py:208} INFO - Processing /opt/airflow/dags/kafka_load.py took 0.217 seconds
[2026-04-12T14:52:59.183+0000] {processor.py:186} INFO - Started process (PID=206) to work on /opt/airflow/dags/kafka_load.py
[2026-04-12T14:52:59.184+0000] {processor.py:914} INFO - Processing file /opt/airflow/dags/kafka_load.py for tasks to queue
[2026-04-12T14:52:59.190+0000] {logging_mixin.py:190} INFO - [2026-04-12T14:52:59.188+0000] {dagbag.py:588} INFO - Filling up the DagBag from /opt/airflow/dags/kafka_load.py
[2026-04-12T14:52:59.235+0000] {processor.py:925} INFO - DAG(s) 'kafka_producer' retrieved from /opt/airflow/dags/kafka_load.py
[2026-04-12T14:52:59.307+0000] {logging_mixin.py:190} INFO - [2026-04-12T14:52:59.307+0000] {dag.py:3239} INFO - Sync 1 DAGs
[2026-04-12T14:52:59.371+0000] {logging_mixin.py:190} INFO - [2026-04-12T14:52:59.371+0000] {dag.py:4180} INFO - Setting next_dagrun for kafka_producer to 2026-04-11 18:30:00+00:00, run_after=2026-04-12 18:30:00+00:00
[2026-04-12T14:52:59.422+0000] {processor.py:208} INFO - Processing /opt/airflow/dags/kafka_load.py took 0.256 seconds
[2026-04-12T14:53:29.949+0000] {processor.py:186} INFO - Started process (PID=209) to work on /opt/airflow/dags/kafka_load.py
[2026-04-12T14:53:29.950+0000] {processor.py:914} INFO - Processing file /opt/airflow/dags/kafka_load.py for tasks to queue
[2026-04-12T14:53:29.953+0000] {logging_mixin.py:190} INFO - [2026-04-12T14:53:29.953+0000] {dagbag.py:588} INFO - Filling up the DagBag from /opt/airflow/dags/kafka_load.py
[2026-04-12T14:53:29.986+0000] {processor.py:925} INFO - DAG(s) 'kafka_producer' retrieved from /opt/airflow/dags/kafka_load.py
[2026-04-12T14:53:30.019+0000] {logging_mixin.py:190} INFO - [2026-04-12T14:53:30.019+0000] {dag.py:3239} INFO - Sync 1 DAGs
[2026-04-12T14:53:30.050+0000] {logging_mixin.py:190} INFO - [2026-04-12T14:53:30.050+0000] {dag.py:4180} INFO - Setting next_dagrun for kafka_producer to 2026-04-11 18:30:00+00:00, run_after=2026-04-12 18:30:00+00:00
[2026-04-12T14:53:30.572+0000] {processor.py:208} INFO - Processing /opt/airflow/dags/kafka_load.py took 0.633 seconds
[2026-04-12T14:54:01.208+0000] {processor.py:186} INFO - Started process (PID=212) to work on /opt/airflow/dags/kafka_load.py
[2026-04-12T14:54:01.209+0000] {processor.py:914} INFO - Processing file /opt/airflow/dags/kafka_load.py for tasks to queue
[2026-04-12T14:54:01.213+0000] {logging_mixin.py:190} INFO - [2026-04-12T14:54:01.212+0000] {dagbag.py:588} INFO - Filling up the DagBag from /opt/airflow/dags/kafka_load.py
[2026-04-12T14:54:01.244+0000] {processor.py:925} INFO - DAG(s) 'kafka_producer' retrieved from /opt/airflow/dags/kafka_load.py
[2026-04-12T14:54:01.270+0000] {logging_mixin.py:190} INFO - [2026-04-12T14:54:01.269+0000] {dag.py:3239} INFO - Sync 1 DAGs
[2026-04-12T14:54:01.309+0000] {logging_mixin.py:190} INFO - [2026-04-12T14:54:01.309+0000] {dag.py:4180} INFO - Setting next_dagrun for kafka_producer to 2026-04-11 18:30:00+00:00, run_after=2026-04-12 18:30:00+00:00
[2026-04-12T14:54:01.335+0000] {processor.py:208} INFO - Processing /opt/airflow/dags/kafka_load.py took 0.137 seconds
[2026-04-12T14:54:32.164+0000] {processor.py:186} INFO - Started process (PID=215) to work on /opt/airflow/dags/kafka_load.py
[2026-04-12T14:54:32.167+0000] {processor.py:914} INFO - Processing file /opt/airflow/dags/kafka_load.py for tasks to queue
[2026-04-12T14:54:32.171+0000] {logging_mixin.py:190} INFO - [2026-04-12T14:54:32.171+0000] {dagbag.py:588} INFO - Filling up the DagBag from /opt/airflow/dags/kafka_load.py
[2026-04-12T14:54:32.471+0000] {processor.py:925} INFO - DAG(s) 'kafka_producer' retrieved from /opt/airflow/dags/kafka_load.py
[2026-04-12T14:54:32.519+0000] {logging_mixin.py:190} INFO - [2026-04-12T14:54:32.519+0000] {dag.py:3239} INFO - Sync 1 DAGs
[2026-04-12T14:54:32.601+0000] {logging_mixin.py:190} INFO - [2026-04-12T14:54:32.601+0000] {dag.py:4180} INFO - Setting next_dagrun for kafka_producer to 2026-04-11 18:30:00+00:00, run_after=2026-04-12 18:30:00+00:00
[2026-04-12T14:54:32.665+0000] {processor.py:208} INFO - Processing /opt/airflow/dags/kafka_load.py took 0.520 seconds
[2026-04-12T14:55:03.306+0000] {processor.py:186} INFO - Started process (PID=218) to work on /opt/airflow/dags/kafka_load.py
[2026-04-12T14:55:03.309+0000] {processor.py:914} INFO - Processing file /opt/airflow/dags/kafka_load.py for tasks to queue
[2026-04-12T14:55:03.313+0000] {logging_mixin.py:190} INFO - [2026-04-12T14:55:03.313+0000] {dagbag.py:588} INFO - Filling up the DagBag from /opt/airflow/dags/kafka_load.py
[2026-04-12T14:55:03.349+0000] {processor.py:925} INFO - DAG(s) 'kafka_producer' retrieved from /opt/airflow/dags/kafka_load.py
[2026-04-12T14:55:03.379+0000] {logging_mixin.py:190} INFO - [2026-04-12T14:55:03.378+0000] {dag.py:3239} INFO - Sync 1 DAGs
[2026-04-12T14:55:03.409+0000] {logging_mixin.py:190} INFO - [2026-04-12T14:55:03.408+0000] {dag.py:4180} INFO - Setting next_dagrun for kafka_producer to 2026-04-11 18:30:00+00:00, run_after=2026-04-12 18:30:00+00:00
[2026-04-12T14:55:03.432+0000] {processor.py:208} INFO - Processing /opt/airflow/dags/kafka_load.py took 0.134 seconds
[2026-04-12T14:55:33.866+0000] {processor.py:186} INFO - Started process (PID=221) to work on /opt/airflow/dags/kafka_load.py
[2026-04-12T14:55:33.867+0000] {processor.py:914} INFO - Processing file /opt/airflow/dags/kafka_load.py for tasks to queue
[2026-04-12T14:55:33.870+0000] {logging_mixin.py:190} INFO - [2026-04-12T14:55:33.870+0000] {dagbag.py:588} INFO - Filling up the DagBag from /opt/airflow/dags/kafka_load.py
[2026-04-12T14:55:33.914+0000] {processor.py:925} INFO - DAG(s) 'kafka_producer' retrieved from /opt/airflow/dags/kafka_load.py
[2026-04-12T14:55:33.941+0000] {logging_mixin.py:190} INFO - [2026-04-12T14:55:33.940+0000] {dag.py:3239} INFO - Sync 1 DAGs
[2026-04-12T14:55:33.971+0000] {logging_mixin.py:190} INFO - [2026-04-12T14:55:33.971+0000] {dag.py:4180} INFO - Setting next_dagrun for kafka_producer to 2026-04-11 18:30:00+00:00, run_after=2026-04-12 18:30:00+00:00
[2026-04-12T14:55:33.997+0000] {processor.py:208} INFO - Processing /opt/airflow/dags/kafka_load.py took 0.140 seconds
[2026-04-12T14:56:04.391+0000] {processor.py:186} INFO - Started process (PID=224) to work on /opt/airflow/dags/kafka_load.py
[2026-04-12T14:56:04.393+0000] {processor.py:914} INFO - Processing file /opt/airflow/dags/kafka_load.py for tasks to queue
[2026-04-12T14:56:04.399+0000] {logging_mixin.py:190} INFO - [2026-04-12T14:56:04.399+0000] {dagbag.py:588} INFO - Filling up the DagBag from /opt/airflow/dags/kafka_load.py
[2026-04-12T14:56:04.437+0000] {processor.py:925} INFO - DAG(s) 'kafka_producer' retrieved from /opt/airflow/dags/kafka_load.py
[2026-04-12T14:56:04.464+0000] {logging_mixin.py:190} INFO - [2026-04-12T14:56:04.464+0000] {dag.py:3239} INFO - Sync 1 DAGs
[2026-04-12T14:56:04.495+0000] {logging_mixin.py:190} INFO - [2026-04-12T14:56:04.495+0000] {dag.py:4180} INFO - Setting next_dagrun for kafka_producer to 2026-04-11 18:30:00+00:00, run_after=2026-04-12 18:30:00+00:00
[2026-04-12T14:56:04.516+0000] {processor.py:208} INFO - Processing /opt/airflow/dags/kafka_load.py took 0.136 seconds
[2026-04-12T14:56:35.145+0000] {processor.py:186} INFO - Started process (PID=227) to work on /opt/airflow/dags/kafka_load.py
[2026-04-12T14:56:35.147+0000] {processor.py:914} INFO - Processing file /opt/airflow/dags/kafka_load.py for tasks to queue
[2026-04-12T14:56:35.150+0000] {logging_mixin.py:190} INFO - [2026-04-12T14:56:35.149+0000] {dagbag.py:588} INFO - Filling up the DagBag from /opt/airflow/dags/kafka_load.py
[2026-04-12T14:56:35.825+0000] {processor.py:925} INFO - DAG(s) 'kafka_producer' retrieved from /opt/airflow/dags/kafka_load.py
[2026-04-12T14:56:35.862+0000] {logging_mixin.py:190} INFO - [2026-04-12T14:56:35.861+0000] {dag.py:3239} INFO - Sync 1 DAGs
[2026-04-12T14:56:35.903+0000] {logging_mixin.py:190} INFO - [2026-04-12T14:56:35.903+0000] {dag.py:4180} INFO - Setting next_dagrun for kafka_producer to 2026-04-11 18:30:00+00:00, run_after=2026-04-12 18:30:00+00:00
[2026-04-12T14:56:36.525+0000] {processor.py:208} INFO - Processing /opt/airflow/dags/kafka_load.py took 1.391 seconds
[2026-04-12T14:57:06.690+0000] {processor.py:186} INFO - Started process (PID=230) to work on /opt/airflow/dags/kafka_load.py
[2026-04-12T14:57:06.693+0000] {processor.py:914} INFO - Processing file /opt/airflow/dags/kafka_load.py for tasks to queue
[2026-04-12T14:57:06.701+0000] {logging_mixin.py:190} INFO - [2026-04-12T14:57:06.697+0000] {dagbag.py:588} INFO - Filling up the DagBag from /opt/airflow/dags/kafka_load.py
[2026-04-12T14:57:06.750+0000] {processor.py:925} INFO - DAG(s) 'kafka_producer' retrieved from /opt/airflow/dags/kafka_load.py
[2026-04-12T14:57:06.789+0000] {logging_mixin.py:190} INFO - [2026-04-12T14:57:06.789+0000] {dag.py:3239} INFO - Sync 1 DAGs
[2026-04-12T14:57:06.855+0000] {logging_mixin.py:190} INFO - [2026-04-12T14:57:06.855+0000] {dag.py:4180} INFO - Setting next_dagrun for kafka_producer to 2026-04-11 18:30:00+00:00, run_after=2026-04-12 18:30:00+00:00
[2026-04-12T14:57:06.910+0000] {processor.py:208} INFO - Processing /opt/airflow/dags/kafka_load.py took 0.229 seconds
[2026-04-12T14:57:37.271+0000] {processor.py:186} INFO - Started process (PID=233) to work on /opt/airflow/dags/kafka_load.py
[2026-04-12T14:57:37.272+0000] {processor.py:914} INFO - Processing file /opt/airflow/dags/kafka_load.py for tasks to queue
[2026-04-12T14:57:37.276+0000] {logging_mixin.py:190} INFO - [2026-04-12T14:57:37.276+0000] {dagbag.py:588} INFO - Filling up the DagBag from /opt/airflow/dags/kafka_load.py
[2026-04-12T14:57:37.308+0000] {processor.py:925} INFO - DAG(s) 'kafka_producer' retrieved from /opt/airflow/dags/kafka_load.py
[2026-04-12T14:57:37.333+0000] {logging_mixin.py:190} INFO - [2026-04-12T14:57:37.333+0000] {dag.py:3239} INFO - Sync 1 DAGs
[2026-04-12T14:57:37.362+0000] {logging_mixin.py:190} INFO - [2026-04-12T14:57:37.362+0000] {dag.py:4180} INFO - Setting next_dagrun for kafka_producer to 2026-04-11 18:30:00+00:00, run_after=2026-04-12 18:30:00+00:00
[2026-04-12T14:57:37.388+0000] {processor.py:208} INFO - Processing /opt/airflow/dags/kafka_load.py took 0.126 seconds
[2026-04-12T14:59:57.414+0000] {processor.py:186} INFO - Started process (PID=31) to work on /opt/airflow/dags/kafka_load.py
[2026-04-12T14:59:57.416+0000] {processor.py:914} INFO - Processing file /opt/airflow/dags/kafka_load.py for tasks to queue
[2026-04-12T14:59:57.420+0000] {logging_mixin.py:190} INFO - [2026-04-12T14:59:57.419+0000] {dagbag.py:588} INFO - Filling up the DagBag from /opt/airflow/dags/kafka_load.py
[2026-04-12T14:59:57.461+0000] {processor.py:925} INFO - DAG(s) 'kafka_producer' retrieved from /opt/airflow/dags/kafka_load.py
[2026-04-12T14:59:57.636+0000] {logging_mixin.py:190} INFO - [2026-04-12T14:59:57.635+0000] {override.py:1912} INFO - Created Permission View: can read on DAG:kafka_producer
[2026-04-12T14:59:57.654+0000] {logging_mixin.py:190} INFO - [2026-04-12T14:59:57.654+0000] {override.py:1912} INFO - Created Permission View: can delete on DAG:kafka_producer
[2026-04-12T14:59:57.667+0000] {logging_mixin.py:190} INFO - [2026-04-12T14:59:57.666+0000] {override.py:1912} INFO - Created Permission View: can edit on DAG:kafka_producer
[2026-04-12T14:59:57.678+0000] {logging_mixin.py:190} INFO - [2026-04-12T14:59:57.677+0000] {override.py:1912} INFO - Created Permission View: menu access on DAG Run:kafka_producer
[2026-04-12T14:59:57.688+0000] {logging_mixin.py:190} INFO - [2026-04-12T14:59:57.688+0000] {override.py:1912} INFO - Created Permission View: can read on DAG Run:kafka_producer
[2026-04-12T14:59:57.702+0000] {logging_mixin.py:190} INFO - [2026-04-12T14:59:57.702+0000] {override.py:1912} INFO - Created Permission View: can delete on DAG Run:kafka_producer
[2026-04-12T14:59:57.717+0000] {logging_mixin.py:190} INFO - [2026-04-12T14:59:57.716+0000] {override.py:1912} INFO - Created Permission View: can create on DAG Run:kafka_producer
[2026-04-12T14:59:57.717+0000] {logging_mixin.py:190} INFO - [2026-04-12T14:59:57.717+0000] {dag.py:3239} INFO - Sync 1 DAGs
[2026-04-12T14:59:57.739+0000] {logging_mixin.py:190} INFO - [2026-04-12T14:59:57.738+0000] {dag.py:3262} INFO - Creating ORM DAG for kafka_producer
[2026-04-12T14:59:57.755+0000] {logging_mixin.py:190} INFO - [2026-04-12T14:59:57.755+0000] {dag.py:4180} INFO - Setting next_dagrun for kafka_producer to 2026-04-10 18:30:00+00:00, run_after=2026-04-11 18:30:00+00:00
[2026-04-12T14:59:57.780+0000] {processor.py:208} INFO - Processing /opt/airflow/dags/kafka_load.py took 0.378 seconds
[2026-04-12T15:00:28.071+0000] {processor.py:186} INFO - Started process (PID=34) to work on /opt/airflow/dags/kafka_load.py
[2026-04-12T15:00:28.073+0000] {processor.py:914} INFO - Processing file /opt/airflow/dags/kafka_load.py for tasks to queue
[2026-04-12T15:00:28.076+0000] {logging_mixin.py:190} INFO - [2026-04-12T15:00:28.076+0000] {dagbag.py:588} INFO - Filling up the DagBag from /opt/airflow/dags/kafka_load.py
[2026-04-12T15:00:28.110+0000] {processor.py:925} INFO - DAG(s) 'kafka_producer' retrieved from /opt/airflow/dags/kafka_load.py
[2026-04-12T15:00:28.143+0000] {logging_mixin.py:190} INFO - [2026-04-12T15:00:28.142+0000] {dag.py:3239} INFO - Sync 1 DAGs
[2026-04-12T15:00:28.178+0000] {logging_mixin.py:190} INFO - [2026-04-12T15:00:28.177+0000] {dag.py:4180} INFO - Setting next_dagrun for kafka_producer to 2026-04-10 18:30:00+00:00, run_after=2026-04-11 18:30:00+00:00
[2026-04-12T15:00:28.204+0000] {processor.py:208} INFO - Processing /opt/airflow/dags/kafka_load.py took 0.141 seconds
[2026-04-12T15:00:58.602+0000] {processor.py:186} INFO - Started process (PID=37) to work on /opt/airflow/dags/kafka_load.py
[2026-04-12T15:00:58.604+0000] {processor.py:914} INFO - Processing file /opt/airflow/dags/kafka_load.py for tasks to queue
[2026-04-12T15:00:58.607+0000] {logging_mixin.py:190} INFO - [2026-04-12T15:00:58.607+0000] {dagbag.py:588} INFO - Filling up the DagBag from /opt/airflow/dags/kafka_load.py
[2026-04-12T15:00:58.638+0000] {processor.py:925} INFO - DAG(s) 'kafka_producer' retrieved from /opt/airflow/dags/kafka_load.py
[2026-04-12T15:00:58.667+0000] {logging_mixin.py:190} INFO - [2026-04-12T15:00:58.667+0000] {dag.py:3239} INFO - Sync 1 DAGs
[2026-04-12T15:00:58.696+0000] {logging_mixin.py:190} INFO - [2026-04-12T15:00:58.696+0000] {dag.py:4180} INFO - Setting next_dagrun for kafka_producer to 2026-04-10 18:30:00+00:00, run_after=2026-04-11 18:30:00+00:00
[2026-04-12T15:00:58.721+0000] {processor.py:208} INFO - Processing /opt/airflow/dags/kafka_load.py took 0.128 seconds
[2026-04-12T15:01:29.250+0000] {processor.py:186} INFO - Started process (PID=40) to work on /opt/airflow/dags/kafka_load.py
[2026-04-12T15:01:29.251+0000] {processor.py:914} INFO - Processing file /opt/airflow/dags/kafka_load.py for tasks to queue
[2026-04-12T15:01:29.254+0000] {logging_mixin.py:190} INFO - [2026-04-12T15:01:29.254+0000] {dagbag.py:588} INFO - Filling up the DagBag from /opt/airflow/dags/kafka_load.py
[2026-04-12T15:01:29.281+0000] {processor.py:925} INFO - DAG(s) 'kafka_producer' retrieved from /opt/airflow/dags/kafka_load.py
[2026-04-12T15:01:29.308+0000] {logging_mixin.py:190} INFO - [2026-04-12T15:01:29.307+0000] {dag.py:3239} INFO - Sync 1 DAGs
[2026-04-12T15:01:29.336+0000] {logging_mixin.py:190} INFO - [2026-04-12T15:01:29.336+0000] {dag.py:4180} INFO - Setting next_dagrun for kafka_producer to 2026-04-10 18:30:00+00:00, run_after=2026-04-11 18:30:00+00:00
[2026-04-12T15:01:29.361+0000] {processor.py:208} INFO - Processing /opt/airflow/dags/kafka_load.py took 0.119 seconds
[2026-04-12T15:01:37.372+0000] {processor.py:186} INFO - Started process (PID=41) to work on /opt/airflow/dags/kafka_load.py
[2026-04-12T15:01:37.374+0000] {processor.py:914} INFO - Processing file /opt/airflow/dags/kafka_load.py for tasks to queue
[2026-04-12T15:01:37.379+0000] {logging_mixin.py:190} INFO - [2026-04-12T15:01:37.378+0000] {dagbag.py:588} INFO - Filling up the DagBag from /opt/airflow/dags/kafka_load.py
[2026-04-12T15:01:37.446+0000] {processor.py:925} INFO - DAG(s) 'kafka_producer' retrieved from /opt/airflow/dags/kafka_load.py
[2026-04-12T15:01:37.482+0000] {logging_mixin.py:190} INFO - [2026-04-12T15:01:37.482+0000] {dag.py:3239} INFO - Sync 1 DAGs
[2026-04-12T15:01:37.526+0000] {logging_mixin.py:190} INFO - [2026-04-12T15:01:37.525+0000] {dag.py:4180} INFO - Setting next_dagrun for kafka_producer to 2026-04-10 18:30:00+00:00, run_after=2026-04-11 18:30:00+00:00
[2026-04-12T15:01:37.551+0000] {processor.py:208} INFO - Processing /opt/airflow/dags/kafka_load.py took 0.189 seconds
[2026-04-12T15:01:58.824+0000] {processor.py:186} INFO - Started process (PID=42) to work on /opt/airflow/dags/kafka_load.py
[2026-04-12T15:01:58.825+0000] {processor.py:914} INFO - Processing file /opt/airflow/dags/kafka_load.py for tasks to queue
[2026-04-12T15:01:58.834+0000] {logging_mixin.py:190} INFO - [2026-04-12T15:01:58.833+0000] {dagbag.py:588} INFO - Filling up the DagBag from /opt/airflow/dags/kafka_load.py
[2026-04-12T15:01:58.912+0000] {processor.py:925} INFO - DAG(s) 'kafka_producer' retrieved from /opt/airflow/dags/kafka_load.py
[2026-04-12T15:01:59.002+0000] {logging_mixin.py:190} INFO - [2026-04-12T15:01:59.001+0000] {dag.py:3239} INFO - Sync 1 DAGs
[2026-04-12T15:01:59.055+0000] {logging_mixin.py:190} INFO - [2026-04-12T15:01:59.055+0000] {dag.py:4180} INFO - Setting next_dagrun for kafka_producer to 2026-04-10 18:30:00+00:00, run_after=2026-04-11 18:30:00+00:00
[2026-04-12T15:01:59.103+0000] {processor.py:208} INFO - Processing /opt/airflow/dags/kafka_load.py took 0.291 seconds
[2026-04-12T15:02:29.355+0000] {processor.py:186} INFO - Started process (PID=53) to work on /opt/airflow/dags/kafka_load.py
[2026-04-12T15:02:29.357+0000] {processor.py:914} INFO - Processing file /opt/airflow/dags/kafka_load.py for tasks to queue
[2026-04-12T15:02:29.368+0000] {logging_mixin.py:190} INFO - [2026-04-12T15:02:29.368+0000] {dagbag.py:588} INFO - Filling up the DagBag from /opt/airflow/dags/kafka_load.py
[2026-04-12T15:02:29.414+0000] {processor.py:925} INFO - DAG(s) 'kafka_producer' retrieved from /opt/airflow/dags/kafka_load.py
[2026-04-12T15:02:29.440+0000] {logging_mixin.py:190} INFO - [2026-04-12T15:02:29.440+0000] {dag.py:3239} INFO - Sync 1 DAGs
[2026-04-12T15:02:29.471+0000] {logging_mixin.py:190} INFO - [2026-04-12T15:02:29.471+0000] {dag.py:4180} INFO - Setting next_dagrun for kafka_producer to 2026-04-11 18:30:00+00:00, run_after=2026-04-12 18:30:00+00:00
[2026-04-12T15:02:29.498+0000] {processor.py:208} INFO - Processing /opt/airflow/dags/kafka_load.py took 0.156 seconds
[2026-04-12T15:03:00.169+0000] {processor.py:186} INFO - Started process (PID=56) to work on /opt/airflow/dags/kafka_load.py
[2026-04-12T15:03:00.172+0000] {processor.py:914} INFO - Processing file /opt/airflow/dags/kafka_load.py for tasks to queue
[2026-04-12T15:03:00.176+0000] {logging_mixin.py:190} INFO - [2026-04-12T15:03:00.176+0000] {dagbag.py:588} INFO - Filling up the DagBag from /opt/airflow/dags/kafka_load.py
[2026-04-12T15:03:00.210+0000] {processor.py:925} INFO - DAG(s) 'kafka_producer' retrieved from /opt/airflow/dags/kafka_load.py
[2026-04-12T15:03:00.237+0000] {logging_mixin.py:190} INFO - [2026-04-12T15:03:00.237+0000] {dag.py:3239} INFO - Sync 1 DAGs
[2026-04-12T15:03:00.268+0000] {logging_mixin.py:190} INFO - [2026-04-12T15:03:00.267+0000] {dag.py:4180} INFO - Setting next_dagrun for kafka_producer to 2026-04-11 18:30:00+00:00, run_after=2026-04-12 18:30:00+00:00
[2026-04-12T15:03:00.298+0000] {processor.py:208} INFO - Processing /opt/airflow/dags/kafka_load.py took 0.137 seconds
[2026-04-12T15:03:30.811+0000] {processor.py:186} INFO - Started process (PID=63) to work on /opt/airflow/dags/kafka_load.py
[2026-04-12T15:03:30.813+0000] {processor.py:914} INFO - Processing file /opt/airflow/dags/kafka_load.py for tasks to queue
[2026-04-12T15:03:30.829+0000] {logging_mixin.py:190} INFO - [2026-04-12T15:03:30.828+0000] {dagbag.py:588} INFO - Filling up the DagBag from /opt/airflow/dags/kafka_load.py
[2026-04-12T15:03:30.919+0000] {processor.py:925} INFO - DAG(s) 'kafka_producer' retrieved from /opt/airflow/dags/kafka_load.py
[2026-04-12T15:03:30.967+0000] {logging_mixin.py:190} INFO - [2026-04-12T15:03:30.966+0000] {dag.py:3239} INFO - Sync 1 DAGs
[2026-04-12T15:03:31.046+0000] {logging_mixin.py:190} INFO - [2026-04-12T15:03:31.045+0000] {dag.py:4180} INFO - Setting next_dagrun for kafka_producer to 2026-04-11 18:30:00+00:00, run_after=2026-04-12 18:30:00+00:00
[2026-04-12T15:03:31.125+0000] {processor.py:208} INFO - Processing /opt/airflow/dags/kafka_load.py took 0.334 seconds
[2026-04-12T15:04:01.306+0000] {processor.py:186} INFO - Started process (PID=66) to work on /opt/airflow/dags/kafka_load.py
[2026-04-12T15:04:01.308+0000] {processor.py:914} INFO - Processing file /opt/airflow/dags/kafka_load.py for tasks to queue
[2026-04-12T15:04:01.311+0000] {logging_mixin.py:190} INFO - [2026-04-12T15:04:01.310+0000] {dagbag.py:588} INFO - Filling up the DagBag from /opt/airflow/dags/kafka_load.py
[2026-04-12T15:04:01.349+0000] {processor.py:925} INFO - DAG(s) 'kafka_producer' retrieved from /opt/airflow/dags/kafka_load.py
[2026-04-12T15:04:01.376+0000] {logging_mixin.py:190} INFO - [2026-04-12T15:04:01.376+0000] {dag.py:3239} INFO - Sync 1 DAGs
[2026-04-12T15:04:01.408+0000] {logging_mixin.py:190} INFO - [2026-04-12T15:04:01.407+0000] {dag.py:4180} INFO - Setting next_dagrun for kafka_producer to 2026-04-11 18:30:00+00:00, run_after=2026-04-12 18:30:00+00:00
[2026-04-12T15:04:01.434+0000] {processor.py:208} INFO - Processing /opt/airflow/dags/kafka_load.py took 0.137 seconds
[2026-04-12T15:04:31.946+0000] {processor.py:186} INFO - Started process (PID=69) to work on /opt/airflow/dags/kafka_load.py
[2026-04-12T15:04:31.948+0000] {processor.py:914} INFO - Processing file /opt/airflow/dags/kafka_load.py for tasks to queue
[2026-04-12T15:04:31.952+0000] {logging_mixin.py:190} INFO - [2026-04-12T15:04:31.952+0000] {dagbag.py:588} INFO - Filling up the DagBag from /opt/airflow/dags/kafka_load.py
[2026-04-12T15:04:31.999+0000] {processor.py:925} INFO - DAG(s) 'kafka_producer' retrieved from /opt/airflow/dags/kafka_load.py
[2026-04-12T15:04:32.034+0000] {logging_mixin.py:190} INFO - [2026-04-12T15:04:32.033+0000] {dag.py:3239} INFO - Sync 1 DAGs
[2026-04-12T15:04:32.074+0000] {logging_mixin.py:190} INFO - [2026-04-12T15:04:32.074+0000] {dag.py:4180} INFO - Setting next_dagrun for kafka_producer to 2026-04-11 18:30:00+00:00, run_after=2026-04-12 18:30:00+00:00
[2026-04-12T15:04:32.106+0000] {processor.py:208} INFO - Processing /opt/airflow/dags/kafka_load.py took 0.173 seconds
[2026-04-12T15:05:02.418+0000] {processor.py:186} INFO - Started process (PID=72) to work on /opt/airflow/dags/kafka_load.py
[2026-04-12T15:05:02.420+0000] {processor.py:914} INFO - Processing file /opt/airflow/dags/kafka_load.py for tasks to queue
[2026-04-12T15:05:02.423+0000] {logging_mixin.py:190} INFO - [2026-04-12T15:05:02.423+0000] {dagbag.py:588} INFO - Filling up the DagBag from /opt/airflow/dags/kafka_load.py
[2026-04-12T15:05:02.456+0000] {processor.py:925} INFO - DAG(s) 'kafka_producer' retrieved from /opt/airflow/dags/kafka_load.py
[2026-04-12T15:05:02.484+0000] {logging_mixin.py:190} INFO - [2026-04-12T15:05:02.483+0000] {dag.py:3239} INFO - Sync 1 DAGs
[2026-04-12T15:05:02.514+0000] {logging_mixin.py:190} INFO - [2026-04-12T15:05:02.514+0000] {dag.py:4180} INFO - Setting next_dagrun for kafka_producer to 2026-04-11 18:30:00+00:00, run_after=2026-04-12 18:30:00+00:00
[2026-04-12T15:05:02.540+0000] {processor.py:208} INFO - Processing /opt/airflow/dags/kafka_load.py took 0.130 seconds
[2026-04-12T15:05:32.998+0000] {processor.py:186} INFO - Started process (PID=75) to work on /opt/airflow/dags/kafka_load.py
[2026-04-12T15:05:32.999+0000] {processor.py:914} INFO - Processing file /opt/airflow/dags/kafka_load.py for tasks to queue
[2026-04-12T15:05:33.005+0000] {logging_mixin.py:190} INFO - [2026-04-12T15:05:33.005+0000] {dagbag.py:588} INFO - Filling up the DagBag from /opt/airflow/dags/kafka_load.py
[2026-04-12T15:05:33.038+0000] {processor.py:925} INFO - DAG(s) 'kafka_producer' retrieved from /opt/airflow/dags/kafka_load.py
[2026-04-12T15:05:33.064+0000] {logging_mixin.py:190} INFO - [2026-04-12T15:05:33.064+0000] {dag.py:3239} INFO - Sync 1 DAGs
[2026-04-12T15:05:33.096+0000] {logging_mixin.py:190} INFO - [2026-04-12T15:05:33.095+0000] {dag.py:4180} INFO - Setting next_dagrun for kafka_producer to 2026-04-11 18:30:00+00:00, run_after=2026-04-12 18:30:00+00:00
[2026-04-12T15:05:33.125+0000] {processor.py:208} INFO - Processing /opt/airflow/dags/kafka_load.py took 0.135 seconds
[2026-04-12T15:06:03.578+0000] {processor.py:186} INFO - Started process (PID=78) to work on /opt/airflow/dags/kafka_load.py
[2026-04-12T15:06:03.579+0000] {processor.py:914} INFO - Processing file /opt/airflow/dags/kafka_load.py for tasks to queue
[2026-04-12T15:06:03.583+0000] {logging_mixin.py:190} INFO - [2026-04-12T15:06:03.583+0000] {dagbag.py:588} INFO - Filling up the DagBag from /opt/airflow/dags/kafka_load.py
[2026-04-12T15:06:03.623+0000] {processor.py:925} INFO - DAG(s) 'kafka_producer' retrieved from /opt/airflow/dags/kafka_load.py
[2026-04-12T15:06:03.657+0000] {logging_mixin.py:190} INFO - [2026-04-12T15:06:03.657+0000] {dag.py:3239} INFO - Sync 1 DAGs
[2026-04-12T15:06:03.695+0000] {logging_mixin.py:190} INFO - [2026-04-12T15:06:03.695+0000] {dag.py:4180} INFO - Setting next_dagrun for kafka_producer to 2026-04-11 18:30:00+00:00, run_after=2026-04-12 18:30:00+00:00
[2026-04-12T15:06:03.725+0000] {processor.py:208} INFO - Processing /opt/airflow/dags/kafka_load.py took 0.155 seconds
[2026-04-12T15:07:36.411+0000] {processor.py:186} INFO - Started process (PID=29) to work on /opt/airflow/dags/kafka_load.py
[2026-04-12T15:07:36.413+0000] {processor.py:914} INFO - Processing file /opt/airflow/dags/kafka_load.py for tasks to queue
[2026-04-12T15:07:36.418+0000] {logging_mixin.py:190} INFO - [2026-04-12T15:07:36.417+0000] {dagbag.py:588} INFO - Filling up the DagBag from /opt/airflow/dags/kafka_load.py
[2026-04-12T15:07:36.464+0000] {processor.py:925} INFO - DAG(s) 'kafka_producer' retrieved from /opt/airflow/dags/kafka_load.py
[2026-04-12T15:07:44.266+0000] {logging_mixin.py:190} INFO - [2026-04-12T15:07:44.265+0000] {override.py:1912} INFO - Created Permission View: can edit on DAG:kafka_producer
[2026-04-12T15:07:44.306+0000] {logging_mixin.py:190} INFO - [2026-04-12T15:07:44.306+0000] {override.py:1912} INFO - Created Permission View: can read on DAG:kafka_producer
[2026-04-12T15:07:44.353+0000] {logging_mixin.py:190} INFO - [2026-04-12T15:07:44.352+0000] {override.py:1912} INFO - Created Permission View: can delete on DAG:kafka_producer
[2026-04-12T15:07:44.385+0000] {logging_mixin.py:190} INFO - [2026-04-12T15:07:44.384+0000] {override.py:1912} INFO - Created Permission View: menu access on DAG Run:kafka_producer
[2026-04-12T15:07:44.402+0000] {logging_mixin.py:190} INFO - [2026-04-12T15:07:44.402+0000] {override.py:1912} INFO - Created Permission View: can read on DAG Run:kafka_producer
[2026-04-12T15:07:44.427+0000] {logging_mixin.py:190} INFO - [2026-04-12T15:07:44.427+0000] {override.py:1912} INFO - Created Permission View: can delete on DAG Run:kafka_producer
[2026-04-12T15:07:44.446+0000] {logging_mixin.py:190} INFO - [2026-04-12T15:07:44.444+0000] {override.py:1760} ERROR - Add Permission: (psycopg2.errors.UniqueViolation) duplicate key value violates unique constraint "ab_permission_name_uq"
DETAIL:  Key (name)=(can_create) already exists.

[SQL: INSERT INTO ab_permission (name) VALUES (%(name)s) RETURNING ab_permission.id]
[parameters: {'name': 'can_create'}]
(Background on this error at: https://sqlalche.me/e/14/gkpj)
[2026-04-12T15:07:44.466+0000] {logging_mixin.py:190} INFO - [2026-04-12T15:07:44.465+0000] {override.py:1912} INFO - Created Permission View: None on DAG Run:kafka_producer
[2026-04-12T15:07:44.484+0000] {logging_mixin.py:190} INFO - [2026-04-12T15:07:44.483+0000] {dag.py:3239} INFO - Sync 1 DAGs
[2026-04-12T15:07:44.507+0000] {logging_mixin.py:190} INFO - [2026-04-12T15:07:44.506+0000] {dag.py:3262} INFO - Creating ORM DAG for kafka_producer
[2026-04-12T15:07:44.534+0000] {logging_mixin.py:190} INFO - [2026-04-12T15:07:44.531+0000] {dag.py:4180} INFO - Setting next_dagrun for kafka_producer to 2026-04-10 18:30:00+00:00, run_after=2026-04-11 18:30:00+00:00
[2026-04-12T15:07:44.604+0000] {processor.py:208} INFO - Processing /opt/airflow/dags/kafka_load.py took 8.206 seconds
[2026-04-12T15:08:15.226+0000] {processor.py:186} INFO - Started process (PID=32) to work on /opt/airflow/dags/kafka_load.py
[2026-04-12T15:08:15.228+0000] {processor.py:914} INFO - Processing file /opt/airflow/dags/kafka_load.py for tasks to queue
[2026-04-12T15:08:15.241+0000] {logging_mixin.py:190} INFO - [2026-04-12T15:08:15.240+0000] {dagbag.py:588} INFO - Filling up the DagBag from /opt/airflow/dags/kafka_load.py
[2026-04-12T15:08:15.296+0000] {processor.py:925} INFO - DAG(s) 'kafka_producer' retrieved from /opt/airflow/dags/kafka_load.py
[2026-04-12T15:08:15.336+0000] {logging_mixin.py:190} INFO - [2026-04-12T15:08:15.336+0000] {dag.py:3239} INFO - Sync 1 DAGs
[2026-04-12T15:08:15.386+0000] {logging_mixin.py:190} INFO - [2026-04-12T15:08:15.386+0000] {dag.py:4180} INFO - Setting next_dagrun for kafka_producer to 2026-04-10 18:30:00+00:00, run_after=2026-04-11 18:30:00+00:00
[2026-04-12T15:08:15.424+0000] {processor.py:208} INFO - Processing /opt/airflow/dags/kafka_load.py took 0.220 seconds
[2026-04-12T15:08:45.953+0000] {processor.py:186} INFO - Started process (PID=35) to work on /opt/airflow/dags/kafka_load.py
[2026-04-12T15:08:45.955+0000] {processor.py:914} INFO - Processing file /opt/airflow/dags/kafka_load.py for tasks to queue
[2026-04-12T15:08:45.963+0000] {logging_mixin.py:190} INFO - [2026-04-12T15:08:45.963+0000] {dagbag.py:588} INFO - Filling up the DagBag from /opt/airflow/dags/kafka_load.py
[2026-04-12T15:08:45.996+0000] {processor.py:925} INFO - DAG(s) 'kafka_producer' retrieved from /opt/airflow/dags/kafka_load.py
[2026-04-12T15:08:46.052+0000] {logging_mixin.py:190} INFO - [2026-04-12T15:08:46.052+0000] {dag.py:3239} INFO - Sync 1 DAGs
[2026-04-12T15:08:46.123+0000] {logging_mixin.py:190} INFO - [2026-04-12T15:08:46.122+0000] {dag.py:4180} INFO - Setting next_dagrun for kafka_producer to 2026-04-10 18:30:00+00:00, run_after=2026-04-11 18:30:00+00:00
[2026-04-12T15:08:46.161+0000] {processor.py:208} INFO - Processing /opt/airflow/dags/kafka_load.py took 0.216 seconds
[2026-04-12T15:09:16.580+0000] {processor.py:186} INFO - Started process (PID=38) to work on /opt/airflow/dags/kafka_load.py
[2026-04-12T15:09:16.581+0000] {processor.py:914} INFO - Processing file /opt/airflow/dags/kafka_load.py for tasks to queue
[2026-04-12T15:09:16.585+0000] {logging_mixin.py:190} INFO - [2026-04-12T15:09:16.584+0000] {dagbag.py:588} INFO - Filling up the DagBag from /opt/airflow/dags/kafka_load.py
[2026-04-12T15:09:16.621+0000] {processor.py:925} INFO - DAG(s) 'kafka_producer' retrieved from /opt/airflow/dags/kafka_load.py
[2026-04-12T15:09:16.648+0000] {logging_mixin.py:190} INFO - [2026-04-12T15:09:16.647+0000] {dag.py:3239} INFO - Sync 1 DAGs
[2026-04-12T15:09:16.680+0000] {logging_mixin.py:190} INFO - [2026-04-12T15:09:16.679+0000] {dag.py:4180} INFO - Setting next_dagrun for kafka_producer to 2026-04-10 18:30:00+00:00, run_after=2026-04-11 18:30:00+00:00
[2026-04-12T15:09:16.708+0000] {processor.py:208} INFO - Processing /opt/airflow/dags/kafka_load.py took 0.138 seconds
[2026-04-12T15:09:47.188+0000] {processor.py:186} INFO - Started process (PID=41) to work on /opt/airflow/dags/kafka_load.py
[2026-04-12T15:09:47.192+0000] {processor.py:914} INFO - Processing file /opt/airflow/dags/kafka_load.py for tasks to queue
[2026-04-12T15:09:47.196+0000] {logging_mixin.py:190} INFO - [2026-04-12T15:09:47.195+0000] {dagbag.py:588} INFO - Filling up the DagBag from /opt/airflow/dags/kafka_load.py
[2026-04-12T15:09:47.234+0000] {processor.py:925} INFO - DAG(s) 'kafka_producer' retrieved from /opt/airflow/dags/kafka_load.py
[2026-04-12T15:09:47.261+0000] {logging_mixin.py:190} INFO - [2026-04-12T15:09:47.261+0000] {dag.py:3239} INFO - Sync 1 DAGs
[2026-04-12T15:09:47.293+0000] {logging_mixin.py:190} INFO - [2026-04-12T15:09:47.292+0000] {dag.py:4180} INFO - Setting next_dagrun for kafka_producer to 2026-04-10 18:30:00+00:00, run_after=2026-04-11 18:30:00+00:00
[2026-04-12T15:09:47.320+0000] {processor.py:208} INFO - Processing /opt/airflow/dags/kafka_load.py took 0.146 seconds
[2026-04-12T15:10:17.790+0000] {processor.py:186} INFO - Started process (PID=44) to work on /opt/airflow/dags/kafka_load.py
[2026-04-12T15:10:17.791+0000] {processor.py:914} INFO - Processing file /opt/airflow/dags/kafka_load.py for tasks to queue
[2026-04-12T15:10:17.794+0000] {logging_mixin.py:190} INFO - [2026-04-12T15:10:17.794+0000] {dagbag.py:588} INFO - Filling up the DagBag from /opt/airflow/dags/kafka_load.py
[2026-04-12T15:10:17.836+0000] {processor.py:925} INFO - DAG(s) 'kafka_producer' retrieved from /opt/airflow/dags/kafka_load.py
[2026-04-12T15:10:17.863+0000] {logging_mixin.py:190} INFO - [2026-04-12T15:10:17.863+0000] {dag.py:3239} INFO - Sync 1 DAGs
[2026-04-12T15:10:17.893+0000] {logging_mixin.py:190} INFO - [2026-04-12T15:10:17.893+0000] {dag.py:4180} INFO - Setting next_dagrun for kafka_producer to 2026-04-10 18:30:00+00:00, run_after=2026-04-11 18:30:00+00:00
[2026-04-12T15:10:17.916+0000] {processor.py:208} INFO - Processing /opt/airflow/dags/kafka_load.py took 0.136 seconds
[2026-04-12T15:10:48.312+0000] {processor.py:186} INFO - Started process (PID=47) to work on /opt/airflow/dags/kafka_load.py
[2026-04-12T15:10:48.314+0000] {processor.py:914} INFO - Processing file /opt/airflow/dags/kafka_load.py for tasks to queue
[2026-04-12T15:10:48.319+0000] {logging_mixin.py:190} INFO - [2026-04-12T15:10:48.318+0000] {dagbag.py:588} INFO - Filling up the DagBag from /opt/airflow/dags/kafka_load.py
[2026-04-12T15:10:48.357+0000] {processor.py:925} INFO - DAG(s) 'kafka_producer' retrieved from /opt/airflow/dags/kafka_load.py
[2026-04-12T15:10:48.398+0000] {logging_mixin.py:190} INFO - [2026-04-12T15:10:48.397+0000] {dag.py:3239} INFO - Sync 1 DAGs
[2026-04-12T15:10:48.431+0000] {logging_mixin.py:190} INFO - [2026-04-12T15:10:48.431+0000] {dag.py:4180} INFO - Setting next_dagrun for kafka_producer to 2026-04-10 18:30:00+00:00, run_after=2026-04-11 18:30:00+00:00
[2026-04-12T15:10:48.461+0000] {processor.py:208} INFO - Processing /opt/airflow/dags/kafka_load.py took 0.158 seconds
[2026-04-12T15:11:18.933+0000] {processor.py:186} INFO - Started process (PID=50) to work on /opt/airflow/dags/kafka_load.py
[2026-04-12T15:11:18.935+0000] {processor.py:914} INFO - Processing file /opt/airflow/dags/kafka_load.py for tasks to queue
[2026-04-12T15:11:18.941+0000] {logging_mixin.py:190} INFO - [2026-04-12T15:11:18.941+0000] {dagbag.py:588} INFO - Filling up the DagBag from /opt/airflow/dags/kafka_load.py
[2026-04-12T15:11:18.979+0000] {processor.py:925} INFO - DAG(s) 'kafka_producer' retrieved from /opt/airflow/dags/kafka_load.py
[2026-04-12T15:11:19.039+0000] {logging_mixin.py:190} INFO - [2026-04-12T15:11:19.037+0000] {dag.py:3239} INFO - Sync 1 DAGs
[2026-04-12T15:11:19.081+0000] {logging_mixin.py:190} INFO - [2026-04-12T15:11:19.081+0000] {dag.py:4180} INFO - Setting next_dagrun for kafka_producer to 2026-04-10 18:30:00+00:00, run_after=2026-04-11 18:30:00+00:00
[2026-04-12T15:11:19.106+0000] {processor.py:208} INFO - Processing /opt/airflow/dags/kafka_load.py took 0.182 seconds
[2026-04-12T15:11:49.547+0000] {processor.py:186} INFO - Started process (PID=53) to work on /opt/airflow/dags/kafka_load.py
[2026-04-12T15:11:49.548+0000] {processor.py:914} INFO - Processing file /opt/airflow/dags/kafka_load.py for tasks to queue
[2026-04-12T15:11:49.552+0000] {logging_mixin.py:190} INFO - [2026-04-12T15:11:49.552+0000] {dagbag.py:588} INFO - Filling up the DagBag from /opt/airflow/dags/kafka_load.py
[2026-04-12T15:11:49.598+0000] {processor.py:925} INFO - DAG(s) 'kafka_producer' retrieved from /opt/airflow/dags/kafka_load.py
[2026-04-12T15:11:49.628+0000] {logging_mixin.py:190} INFO - [2026-04-12T15:11:49.628+0000] {dag.py:3239} INFO - Sync 1 DAGs
[2026-04-12T15:11:49.668+0000] {logging_mixin.py:190} INFO - [2026-04-12T15:11:49.668+0000] {dag.py:4180} INFO - Setting next_dagrun for kafka_producer to 2026-04-10 18:30:00+00:00, run_after=2026-04-11 18:30:00+00:00
[2026-04-12T15:11:49.694+0000] {processor.py:208} INFO - Processing /opt/airflow/dags/kafka_load.py took 0.157 seconds
[2026-04-12T15:12:20.124+0000] {processor.py:186} INFO - Started process (PID=56) to work on /opt/airflow/dags/kafka_load.py
[2026-04-12T15:12:20.125+0000] {processor.py:914} INFO - Processing file /opt/airflow/dags/kafka_load.py for tasks to queue
[2026-04-12T15:12:20.129+0000] {logging_mixin.py:190} INFO - [2026-04-12T15:12:20.128+0000] {dagbag.py:588} INFO - Filling up the DagBag from /opt/airflow/dags/kafka_load.py
[2026-04-12T15:12:20.168+0000] {processor.py:925} INFO - DAG(s) 'kafka_producer' retrieved from /opt/airflow/dags/kafka_load.py
[2026-04-12T15:12:20.202+0000] {logging_mixin.py:190} INFO - [2026-04-12T15:12:20.201+0000] {dag.py:3239} INFO - Sync 1 DAGs
[2026-04-12T15:12:20.236+0000] {logging_mixin.py:190} INFO - [2026-04-12T15:12:20.236+0000] {dag.py:4180} INFO - Setting next_dagrun for kafka_producer to 2026-04-10 18:30:00+00:00, run_after=2026-04-11 18:30:00+00:00
[2026-04-12T15:12:20.261+0000] {processor.py:208} INFO - Processing /opt/airflow/dags/kafka_load.py took 0.146 seconds
[2026-04-12T15:12:50.795+0000] {processor.py:186} INFO - Started process (PID=59) to work on /opt/airflow/dags/kafka_load.py
[2026-04-12T15:12:50.796+0000] {processor.py:914} INFO - Processing file /opt/airflow/dags/kafka_load.py for tasks to queue
[2026-04-12T15:12:50.800+0000] {logging_mixin.py:190} INFO - [2026-04-12T15:12:50.800+0000] {dagbag.py:588} INFO - Filling up the DagBag from /opt/airflow/dags/kafka_load.py
[2026-04-12T15:12:50.839+0000] {processor.py:925} INFO - DAG(s) 'kafka_producer' retrieved from /opt/airflow/dags/kafka_load.py
[2026-04-12T15:12:50.871+0000] {logging_mixin.py:190} INFO - [2026-04-12T15:12:50.870+0000] {dag.py:3239} INFO - Sync 1 DAGs
[2026-04-12T15:12:50.905+0000] {logging_mixin.py:190} INFO - [2026-04-12T15:12:50.905+0000] {dag.py:4180} INFO - Setting next_dagrun for kafka_producer to 2026-04-10 18:30:00+00:00, run_after=2026-04-11 18:30:00+00:00
[2026-04-12T15:12:50.937+0000] {processor.py:208} INFO - Processing /opt/airflow/dags/kafka_load.py took 0.150 seconds
[2026-04-12T15:14:15.002+0000] {processor.py:186} INFO - Started process (PID=30) to work on /opt/airflow/dags/kafka_load.py
[2026-04-12T15:14:15.005+0000] {processor.py:914} INFO - Processing file /opt/airflow/dags/kafka_load.py for tasks to queue
[2026-04-12T15:14:15.012+0000] {logging_mixin.py:190} INFO - [2026-04-12T15:14:15.012+0000] {dagbag.py:588} INFO - Filling up the DagBag from /opt/airflow/dags/kafka_load.py
[2026-04-12T15:14:15.065+0000] {processor.py:925} INFO - DAG(s) 'kafka_producer' retrieved from /opt/airflow/dags/kafka_load.py
[2026-04-12T15:14:15.386+0000] {logging_mixin.py:190} INFO - [2026-04-12T15:14:15.384+0000] {override.py:1912} INFO - Created Permission View: can delete on DAG:kafka_producer
[2026-04-12T15:14:15.407+0000] {logging_mixin.py:190} INFO - [2026-04-12T15:14:15.407+0000] {override.py:1912} INFO - Created Permission View: can edit on DAG:kafka_producer
[2026-04-12T15:14:15.419+0000] {logging_mixin.py:190} INFO - [2026-04-12T15:14:15.418+0000] {override.py:1912} INFO - Created Permission View: can read on DAG:kafka_producer
[2026-04-12T15:14:15.432+0000] {logging_mixin.py:190} INFO - [2026-04-12T15:14:15.431+0000] {override.py:1912} INFO - Created Permission View: can delete on DAG Run:kafka_producer
[2026-04-12T15:14:15.445+0000] {logging_mixin.py:190} INFO - [2026-04-12T15:14:15.445+0000] {override.py:1912} INFO - Created Permission View: can create on DAG Run:kafka_producer
[2026-04-12T15:14:15.464+0000] {logging_mixin.py:190} INFO - [2026-04-12T15:14:15.464+0000] {override.py:1912} INFO - Created Permission View: can read on DAG Run:kafka_producer
[2026-04-12T15:14:15.482+0000] {logging_mixin.py:190} INFO - [2026-04-12T15:14:15.481+0000] {override.py:1912} INFO - Created Permission View: menu access on DAG Run:kafka_producer
[2026-04-12T15:14:15.483+0000] {logging_mixin.py:190} INFO - [2026-04-12T15:14:15.482+0000] {dag.py:3239} INFO - Sync 1 DAGs
[2026-04-12T15:14:15.514+0000] {logging_mixin.py:190} INFO - [2026-04-12T15:14:15.514+0000] {dag.py:3262} INFO - Creating ORM DAG for kafka_producer
[2026-04-12T15:14:15.535+0000] {logging_mixin.py:190} INFO - [2026-04-12T15:14:15.535+0000] {dag.py:4180} INFO - Setting next_dagrun for kafka_producer to 2026-04-10 18:30:00+00:00, run_after=2026-04-11 18:30:00+00:00
[2026-04-12T15:14:15.586+0000] {processor.py:208} INFO - Processing /opt/airflow/dags/kafka_load.py took 0.594 seconds
[2026-04-12T15:14:46.423+0000] {processor.py:186} INFO - Started process (PID=33) to work on /opt/airflow/dags/kafka_load.py
[2026-04-12T15:14:46.425+0000] {processor.py:914} INFO - Processing file /opt/airflow/dags/kafka_load.py for tasks to queue
[2026-04-12T15:14:46.429+0000] {logging_mixin.py:190} INFO - [2026-04-12T15:14:46.429+0000] {dagbag.py:588} INFO - Filling up the DagBag from /opt/airflow/dags/kafka_load.py
[2026-04-12T15:14:46.466+0000] {processor.py:925} INFO - DAG(s) 'kafka_producer' retrieved from /opt/airflow/dags/kafka_load.py
[2026-04-12T15:14:46.498+0000] {logging_mixin.py:190} INFO - [2026-04-12T15:14:46.498+0000] {dag.py:3239} INFO - Sync 1 DAGs
[2026-04-12T15:14:46.530+0000] {logging_mixin.py:190} INFO - [2026-04-12T15:14:46.530+0000] {dag.py:4180} INFO - Setting next_dagrun for kafka_producer to 2026-04-10 18:30:00+00:00, run_after=2026-04-11 18:30:00+00:00
[2026-04-12T15:14:46.693+0000] {processor.py:208} INFO - Processing /opt/airflow/dags/kafka_load.py took 0.283 seconds
[2026-04-12T15:15:17.092+0000] {processor.py:186} INFO - Started process (PID=36) to work on /opt/airflow/dags/kafka_load.py
[2026-04-12T15:15:17.094+0000] {processor.py:914} INFO - Processing file /opt/airflow/dags/kafka_load.py for tasks to queue
[2026-04-12T15:15:17.099+0000] {logging_mixin.py:190} INFO - [2026-04-12T15:15:17.098+0000] {dagbag.py:588} INFO - Filling up the DagBag from /opt/airflow/dags/kafka_load.py
[2026-04-12T15:15:17.140+0000] {processor.py:925} INFO - DAG(s) 'kafka_producer' retrieved from /opt/airflow/dags/kafka_load.py
[2026-04-12T15:15:17.173+0000] {logging_mixin.py:190} INFO - [2026-04-12T15:15:17.173+0000] {dag.py:3239} INFO - Sync 1 DAGs
[2026-04-12T15:15:17.206+0000] {logging_mixin.py:190} INFO - [2026-04-12T15:15:17.206+0000] {dag.py:4180} INFO - Setting next_dagrun for kafka_producer to 2026-04-10 18:30:00+00:00, run_after=2026-04-11 18:30:00+00:00
[2026-04-12T15:15:17.235+0000] {processor.py:208} INFO - Processing /opt/airflow/dags/kafka_load.py took 0.155 seconds
[2026-04-12T15:15:21.416+0000] {processor.py:186} INFO - Started process (PID=39) to work on /opt/airflow/dags/kafka_load.py
[2026-04-12T15:15:21.417+0000] {processor.py:914} INFO - Processing file /opt/airflow/dags/kafka_load.py for tasks to queue
[2026-04-12T15:15:21.421+0000] {logging_mixin.py:190} INFO - [2026-04-12T15:15:21.421+0000] {dagbag.py:588} INFO - Filling up the DagBag from /opt/airflow/dags/kafka_load.py
[2026-04-12T15:15:21.476+0000] {processor.py:925} INFO - DAG(s) 'kafka_producer' retrieved from /opt/airflow/dags/kafka_load.py
[2026-04-12T15:15:21.517+0000] {logging_mixin.py:190} INFO - [2026-04-12T15:15:21.517+0000] {dag.py:3239} INFO - Sync 1 DAGs
[2026-04-12T15:15:21.565+0000] {logging_mixin.py:190} INFO - [2026-04-12T15:15:21.565+0000] {dag.py:4180} INFO - Setting next_dagrun for kafka_producer to 2026-04-10 18:30:00+00:00, run_after=2026-04-11 18:30:00+00:00
[2026-04-12T15:15:21.601+0000] {processor.py:208} INFO - Processing /opt/airflow/dags/kafka_load.py took 0.202 seconds
[2026-04-12T15:15:52.106+0000] {processor.py:186} INFO - Started process (PID=42) to work on /opt/airflow/dags/kafka_load.py
[2026-04-12T15:15:52.109+0000] {processor.py:914} INFO - Processing file /opt/airflow/dags/kafka_load.py for tasks to queue
[2026-04-12T15:15:52.112+0000] {logging_mixin.py:190} INFO - [2026-04-12T15:15:52.112+0000] {dagbag.py:588} INFO - Filling up the DagBag from /opt/airflow/dags/kafka_load.py
[2026-04-12T15:15:52.153+0000] {processor.py:925} INFO - DAG(s) 'kafka_producer' retrieved from /opt/airflow/dags/kafka_load.py
[2026-04-12T15:15:52.194+0000] {logging_mixin.py:190} INFO - [2026-04-12T15:15:52.194+0000] {dag.py:3239} INFO - Sync 1 DAGs
[2026-04-12T15:15:52.233+0000] {logging_mixin.py:190} INFO - [2026-04-12T15:15:52.233+0000] {dag.py:4180} INFO - Setting next_dagrun for kafka_producer to 2026-04-11 18:30:00+00:00, run_after=2026-04-12 18:30:00+00:00
[2026-04-12T15:15:52.267+0000] {processor.py:208} INFO - Processing /opt/airflow/dags/kafka_load.py took 0.171 seconds
[2026-04-12T15:16:22.706+0000] {processor.py:186} INFO - Started process (PID=45) to work on /opt/airflow/dags/kafka_load.py
[2026-04-12T15:16:22.708+0000] {processor.py:914} INFO - Processing file /opt/airflow/dags/kafka_load.py for tasks to queue
[2026-04-12T15:16:22.711+0000] {logging_mixin.py:190} INFO - [2026-04-12T15:16:22.711+0000] {dagbag.py:588} INFO - Filling up the DagBag from /opt/airflow/dags/kafka_load.py
[2026-04-12T15:16:22.764+0000] {processor.py:925} INFO - DAG(s) 'kafka_producer' retrieved from /opt/airflow/dags/kafka_load.py
[2026-04-12T15:16:22.798+0000] {logging_mixin.py:190} INFO - [2026-04-12T15:16:22.798+0000] {dag.py:3239} INFO - Sync 1 DAGs
[2026-04-12T15:16:22.832+0000] {logging_mixin.py:190} INFO - [2026-04-12T15:16:22.831+0000] {dag.py:4180} INFO - Setting next_dagrun for kafka_producer to 2026-04-11 18:30:00+00:00, run_after=2026-04-12 18:30:00+00:00
[2026-04-12T15:16:22.856+0000] {processor.py:208} INFO - Processing /opt/airflow/dags/kafka_load.py took 0.158 seconds
[2026-04-12T15:16:53.306+0000] {processor.py:186} INFO - Started process (PID=48) to work on /opt/airflow/dags/kafka_load.py
[2026-04-12T15:16:53.308+0000] {processor.py:914} INFO - Processing file /opt/airflow/dags/kafka_load.py for tasks to queue
[2026-04-12T15:16:53.312+0000] {logging_mixin.py:190} INFO - [2026-04-12T15:16:53.311+0000] {dagbag.py:588} INFO - Filling up the DagBag from /opt/airflow/dags/kafka_load.py
[2026-04-12T15:16:53.354+0000] {processor.py:925} INFO - DAG(s) 'kafka_producer' retrieved from /opt/airflow/dags/kafka_load.py
[2026-04-12T15:16:53.381+0000] {logging_mixin.py:190} INFO - [2026-04-12T15:16:53.381+0000] {dag.py:3239} INFO - Sync 1 DAGs
[2026-04-12T15:16:53.414+0000] {logging_mixin.py:190} INFO - [2026-04-12T15:16:53.413+0000] {dag.py:4180} INFO - Setting next_dagrun for kafka_producer to 2026-04-11 18:30:00+00:00, run_after=2026-04-12 18:30:00+00:00
[2026-04-12T15:16:53.440+0000] {processor.py:208} INFO - Processing /opt/airflow/dags/kafka_load.py took 0.143 seconds
[2026-04-12T15:17:23.955+0000] {processor.py:186} INFO - Started process (PID=51) to work on /opt/airflow/dags/kafka_load.py
[2026-04-12T15:17:23.956+0000] {processor.py:914} INFO - Processing file /opt/airflow/dags/kafka_load.py for tasks to queue
[2026-04-12T15:17:23.960+0000] {logging_mixin.py:190} INFO - [2026-04-12T15:17:23.959+0000] {dagbag.py:588} INFO - Filling up the DagBag from /opt/airflow/dags/kafka_load.py
[2026-04-12T15:17:24.003+0000] {processor.py:925} INFO - DAG(s) 'kafka_producer' retrieved from /opt/airflow/dags/kafka_load.py
[2026-04-12T15:17:24.042+0000] {logging_mixin.py:190} INFO - [2026-04-12T15:17:24.041+0000] {dag.py:3239} INFO - Sync 1 DAGs
[2026-04-12T15:17:24.074+0000] {logging_mixin.py:190} INFO - [2026-04-12T15:17:24.074+0000] {dag.py:4180} INFO - Setting next_dagrun for kafka_producer to 2026-04-11 18:30:00+00:00, run_after=2026-04-12 18:30:00+00:00
[2026-04-12T15:17:24.103+0000] {processor.py:208} INFO - Processing /opt/airflow/dags/kafka_load.py took 0.156 seconds
[2026-04-12T15:17:54.895+0000] {processor.py:186} INFO - Started process (PID=54) to work on /opt/airflow/dags/kafka_load.py
[2026-04-12T15:17:54.908+0000] {processor.py:914} INFO - Processing file /opt/airflow/dags/kafka_load.py for tasks to queue
[2026-04-12T15:17:54.920+0000] {logging_mixin.py:190} INFO - [2026-04-12T15:17:54.919+0000] {dagbag.py:588} INFO - Filling up the DagBag from /opt/airflow/dags/kafka_load.py
[2026-04-12T15:17:54.973+0000] {processor.py:925} INFO - DAG(s) 'kafka_producer' retrieved from /opt/airflow/dags/kafka_load.py
[2026-04-12T15:17:55.000+0000] {logging_mixin.py:190} INFO - [2026-04-12T15:17:55.000+0000] {dag.py:3239} INFO - Sync 1 DAGs
[2026-04-12T15:17:55.033+0000] {logging_mixin.py:190} INFO - [2026-04-12T15:17:55.033+0000] {dag.py:4180} INFO - Setting next_dagrun for kafka_producer to 2026-04-11 18:30:00+00:00, run_after=2026-04-12 18:30:00+00:00
[2026-04-12T15:17:55.059+0000] {processor.py:208} INFO - Processing /opt/airflow/dags/kafka_load.py took 0.183 seconds
[2026-04-12T15:18:25.621+0000] {processor.py:186} INFO - Started process (PID=57) to work on /opt/airflow/dags/kafka_load.py
[2026-04-12T15:18:25.623+0000] {processor.py:914} INFO - Processing file /opt/airflow/dags/kafka_load.py for tasks to queue
[2026-04-12T15:18:25.629+0000] {logging_mixin.py:190} INFO - [2026-04-12T15:18:25.628+0000] {dagbag.py:588} INFO - Filling up the DagBag from /opt/airflow/dags/kafka_load.py
[2026-04-12T15:18:25.688+0000] {processor.py:925} INFO - DAG(s) 'kafka_producer' retrieved from /opt/airflow/dags/kafka_load.py
[2026-04-12T15:18:25.725+0000] {logging_mixin.py:190} INFO - [2026-04-12T15:18:25.725+0000] {dag.py:3239} INFO - Sync 1 DAGs
[2026-04-12T15:18:25.766+0000] {logging_mixin.py:190} INFO - [2026-04-12T15:18:25.766+0000] {dag.py:4180} INFO - Setting next_dagrun for kafka_producer to 2026-04-11 18:30:00+00:00, run_after=2026-04-12 18:30:00+00:00
[2026-04-12T15:18:25.797+0000] {processor.py:208} INFO - Processing /opt/airflow/dags/kafka_load.py took 0.193 seconds
[2026-04-12T15:18:56.156+0000] {processor.py:186} INFO - Started process (PID=60) to work on /opt/airflow/dags/kafka_load.py
[2026-04-12T15:18:56.158+0000] {processor.py:914} INFO - Processing file /opt/airflow/dags/kafka_load.py for tasks to queue
[2026-04-12T15:18:56.163+0000] {logging_mixin.py:190} INFO - [2026-04-12T15:18:56.162+0000] {dagbag.py:588} INFO - Filling up the DagBag from /opt/airflow/dags/kafka_load.py
[2026-04-12T15:18:56.199+0000] {processor.py:925} INFO - DAG(s) 'kafka_producer' retrieved from /opt/airflow/dags/kafka_load.py
[2026-04-12T15:18:56.232+0000] {logging_mixin.py:190} INFO - [2026-04-12T15:18:56.231+0000] {dag.py:3239} INFO - Sync 1 DAGs
[2026-04-12T15:18:56.262+0000] {logging_mixin.py:190} INFO - [2026-04-12T15:18:56.262+0000] {dag.py:4180} INFO - Setting next_dagrun for kafka_producer to 2026-04-11 18:30:00+00:00, run_after=2026-04-12 18:30:00+00:00
[2026-04-12T15:18:56.287+0000] {processor.py:208} INFO - Processing /opt/airflow/dags/kafka_load.py took 0.142 seconds
[2026-04-12T15:19:26.893+0000] {processor.py:186} INFO - Started process (PID=63) to work on /opt/airflow/dags/kafka_load.py
[2026-04-12T15:19:26.895+0000] {processor.py:914} INFO - Processing file /opt/airflow/dags/kafka_load.py for tasks to queue
[2026-04-12T15:19:26.900+0000] {logging_mixin.py:190} INFO - [2026-04-12T15:19:26.900+0000] {dagbag.py:588} INFO - Filling up the DagBag from /opt/airflow/dags/kafka_load.py
[2026-04-12T15:19:26.942+0000] {processor.py:925} INFO - DAG(s) 'kafka_producer' retrieved from /opt/airflow/dags/kafka_load.py
[2026-04-12T15:19:26.979+0000] {logging_mixin.py:190} INFO - [2026-04-12T15:19:26.979+0000] {dag.py:3239} INFO - Sync 1 DAGs
[2026-04-12T15:19:27.019+0000] {logging_mixin.py:190} INFO - [2026-04-12T15:19:27.019+0000] {dag.py:4180} INFO - Setting next_dagrun for kafka_producer to 2026-04-11 18:30:00+00:00, run_after=2026-04-12 18:30:00+00:00
[2026-04-12T15:19:27.054+0000] {processor.py:208} INFO - Processing /opt/airflow/dags/kafka_load.py took 0.173 seconds
[2026-04-12T15:19:57.455+0000] {processor.py:186} INFO - Started process (PID=66) to work on /opt/airflow/dags/kafka_load.py
[2026-04-12T15:19:57.456+0000] {processor.py:914} INFO - Processing file /opt/airflow/dags/kafka_load.py for tasks to queue
[2026-04-12T15:19:57.460+0000] {logging_mixin.py:190} INFO - [2026-04-12T15:19:57.459+0000] {dagbag.py:588} INFO - Filling up the DagBag from /opt/airflow/dags/kafka_load.py
[2026-04-12T15:19:57.489+0000] {processor.py:925} INFO - DAG(s) 'kafka_producer' retrieved from /opt/airflow/dags/kafka_load.py
[2026-04-12T15:19:57.514+0000] {logging_mixin.py:190} INFO - [2026-04-12T15:19:57.514+0000] {dag.py:3239} INFO - Sync 1 DAGs
[2026-04-12T15:19:57.543+0000] {logging_mixin.py:190} INFO - [2026-04-12T15:19:57.543+0000] {dag.py:4180} INFO - Setting next_dagrun for kafka_producer to 2026-04-11 18:30:00+00:00, run_after=2026-04-12 18:30:00+00:00
[2026-04-12T15:19:57.573+0000] {processor.py:208} INFO - Processing /opt/airflow/dags/kafka_load.py took 0.135 seconds
[2026-04-12T15:20:57.576+0000] {processor.py:186} INFO - Started process (PID=29) to work on /opt/airflow/dags/kafka_load.py
[2026-04-12T15:20:57.577+0000] {processor.py:914} INFO - Processing file /opt/airflow/dags/kafka_load.py for tasks to queue
[2026-04-12T15:20:57.582+0000] {logging_mixin.py:190} INFO - [2026-04-12T15:20:57.582+0000] {dagbag.py:588} INFO - Filling up the DagBag from /opt/airflow/dags/kafka_load.py
[2026-04-12T15:20:57.622+0000] {processor.py:925} INFO - DAG(s) 'kafka_producer' retrieved from /opt/airflow/dags/kafka_load.py
[2026-04-12T15:20:58.170+0000] {logging_mixin.py:190} INFO - [2026-04-12T15:20:58.168+0000] {override.py:1912} INFO - Created Permission View: can delete on DAG:kafka_producer
[2026-04-12T15:20:58.189+0000] {logging_mixin.py:190} INFO - [2026-04-12T15:20:58.189+0000] {override.py:1912} INFO - Created Permission View: can edit on DAG:kafka_producer
[2026-04-12T15:20:58.205+0000] {logging_mixin.py:190} INFO - [2026-04-12T15:20:58.205+0000] {override.py:1912} INFO - Created Permission View: can read on DAG:kafka_producer
[2026-04-12T15:20:58.223+0000] {logging_mixin.py:190} INFO - [2026-04-12T15:20:58.222+0000] {override.py:1912} INFO - Created Permission View: can delete on DAG Run:kafka_producer
[2026-04-12T15:20:58.244+0000] {logging_mixin.py:190} INFO - [2026-04-12T15:20:58.243+0000] {override.py:1912} INFO - Created Permission View: menu access on DAG Run:kafka_producer
[2026-04-12T15:20:58.264+0000] {logging_mixin.py:190} INFO - [2026-04-12T15:20:58.261+0000] {override.py:1912} INFO - Created Permission View: can create on DAG Run:kafka_producer
[2026-04-12T15:20:58.276+0000] {logging_mixin.py:190} INFO - [2026-04-12T15:20:58.275+0000] {override.py:1912} INFO - Created Permission View: can read on DAG Run:kafka_producer
[2026-04-12T15:20:58.277+0000] {logging_mixin.py:190} INFO - [2026-04-12T15:20:58.276+0000] {dag.py:3239} INFO - Sync 1 DAGs
[2026-04-12T15:20:58.298+0000] {logging_mixin.py:190} INFO - [2026-04-12T15:20:58.297+0000] {dag.py:3262} INFO - Creating ORM DAG for kafka_producer
[2026-04-12T15:20:58.326+0000] {logging_mixin.py:190} INFO - [2026-04-12T15:20:58.326+0000] {dag.py:4180} INFO - Setting next_dagrun for kafka_producer to 2026-04-10 18:30:00+00:00, run_after=2026-04-11 18:30:00+00:00
[2026-04-12T15:20:58.375+0000] {processor.py:208} INFO - Processing /opt/airflow/dags/kafka_load.py took 0.809 seconds
[2026-04-12T15:21:29.286+0000] {processor.py:186} INFO - Started process (PID=32) to work on /opt/airflow/dags/kafka_load.py
[2026-04-12T15:21:29.289+0000] {processor.py:914} INFO - Processing file /opt/airflow/dags/kafka_load.py for tasks to queue
[2026-04-12T15:21:29.315+0000] {logging_mixin.py:190} INFO - [2026-04-12T15:21:29.314+0000] {dagbag.py:588} INFO - Filling up the DagBag from /opt/airflow/dags/kafka_load.py
[2026-04-12T15:21:29.574+0000] {processor.py:925} INFO - DAG(s) 'kafka_producer' retrieved from /opt/airflow/dags/kafka_load.py
[2026-04-12T15:21:29.636+0000] {logging_mixin.py:190} INFO - [2026-04-12T15:21:29.635+0000] {dag.py:3239} INFO - Sync 1 DAGs
[2026-04-12T15:21:29.708+0000] {logging_mixin.py:190} INFO - [2026-04-12T15:21:29.708+0000] {dag.py:4180} INFO - Setting next_dagrun for kafka_producer to 2026-04-10 18:30:00+00:00, run_after=2026-04-11 18:30:00+00:00
[2026-04-12T15:21:29.755+0000] {processor.py:208} INFO - Processing /opt/airflow/dags/kafka_load.py took 0.509 seconds
[2026-04-12T15:22:00.175+0000] {processor.py:186} INFO - Started process (PID=35) to work on /opt/airflow/dags/kafka_load.py
[2026-04-12T15:22:00.183+0000] {processor.py:914} INFO - Processing file /opt/airflow/dags/kafka_load.py for tasks to queue
[2026-04-12T15:22:00.188+0000] {logging_mixin.py:190} INFO - [2026-04-12T15:22:00.187+0000] {dagbag.py:588} INFO - Filling up the DagBag from /opt/airflow/dags/kafka_load.py
[2026-04-12T15:22:00.254+0000] {processor.py:925} INFO - DAG(s) 'kafka_producer' retrieved from /opt/airflow/dags/kafka_load.py
[2026-04-12T15:22:00.341+0000] {logging_mixin.py:190} INFO - [2026-04-12T15:22:00.341+0000] {dag.py:3239} INFO - Sync 1 DAGs
[2026-04-12T15:22:00.387+0000] {logging_mixin.py:190} INFO - [2026-04-12T15:22:00.387+0000] {dag.py:4180} INFO - Setting next_dagrun for kafka_producer to 2026-04-10 18:30:00+00:00, run_after=2026-04-11 18:30:00+00:00
[2026-04-12T15:22:00.419+0000] {processor.py:208} INFO - Processing /opt/airflow/dags/kafka_load.py took 0.260 seconds
[2026-04-12T15:22:30.931+0000] {processor.py:186} INFO - Started process (PID=38) to work on /opt/airflow/dags/kafka_load.py
[2026-04-12T15:22:30.932+0000] {processor.py:914} INFO - Processing file /opt/airflow/dags/kafka_load.py for tasks to queue
[2026-04-12T15:22:30.936+0000] {logging_mixin.py:190} INFO - [2026-04-12T15:22:30.935+0000] {dagbag.py:588} INFO - Filling up the DagBag from /opt/airflow/dags/kafka_load.py
[2026-04-12T15:22:30.978+0000] {processor.py:925} INFO - DAG(s) 'kafka_producer' retrieved from /opt/airflow/dags/kafka_load.py
[2026-04-12T15:22:31.022+0000] {logging_mixin.py:190} INFO - [2026-04-12T15:22:31.021+0000] {dag.py:3239} INFO - Sync 1 DAGs
[2026-04-12T15:22:31.064+0000] {logging_mixin.py:190} INFO - [2026-04-12T15:22:31.063+0000] {dag.py:4180} INFO - Setting next_dagrun for kafka_producer to 2026-04-10 18:30:00+00:00, run_after=2026-04-11 18:30:00+00:00
[2026-04-12T15:22:31.159+0000] {processor.py:208} INFO - Processing /opt/airflow/dags/kafka_load.py took 0.241 seconds
[2026-04-12T15:23:01.705+0000] {processor.py:186} INFO - Started process (PID=41) to work on /opt/airflow/dags/kafka_load.py
[2026-04-12T15:23:01.707+0000] {processor.py:914} INFO - Processing file /opt/airflow/dags/kafka_load.py for tasks to queue
[2026-04-12T15:23:01.710+0000] {logging_mixin.py:190} INFO - [2026-04-12T15:23:01.710+0000] {dagbag.py:588} INFO - Filling up the DagBag from /opt/airflow/dags/kafka_load.py
[2026-04-12T15:23:01.747+0000] {processor.py:925} INFO - DAG(s) 'kafka_producer' retrieved from /opt/airflow/dags/kafka_load.py
[2026-04-12T15:23:01.777+0000] {logging_mixin.py:190} INFO - [2026-04-12T15:23:01.777+0000] {dag.py:3239} INFO - Sync 1 DAGs
[2026-04-12T15:23:01.809+0000] {logging_mixin.py:190} INFO - [2026-04-12T15:23:01.809+0000] {dag.py:4180} INFO - Setting next_dagrun for kafka_producer to 2026-04-10 18:30:00+00:00, run_after=2026-04-11 18:30:00+00:00
[2026-04-12T15:23:01.838+0000] {processor.py:208} INFO - Processing /opt/airflow/dags/kafka_load.py took 0.142 seconds
[2026-04-12T15:24:36.556+0000] {processor.py:186} INFO - Started process (PID=29) to work on /opt/airflow/dags/kafka_load.py
[2026-04-12T15:24:36.560+0000] {processor.py:914} INFO - Processing file /opt/airflow/dags/kafka_load.py for tasks to queue
[2026-04-12T15:24:36.567+0000] {logging_mixin.py:190} INFO - [2026-04-12T15:24:36.567+0000] {dagbag.py:588} INFO - Filling up the DagBag from /opt/airflow/dags/kafka_load.py
[2026-04-12T15:24:36.639+0000] {processor.py:925} INFO - DAG(s) 'kafka_producer' retrieved from /opt/airflow/dags/kafka_load.py
[2026-04-12T15:24:37.106+0000] {logging_mixin.py:190} INFO - [2026-04-12T15:24:37.105+0000] {override.py:1912} INFO - Created Permission View: can edit on DAG:kafka_producer
[2026-04-12T15:24:37.123+0000] {logging_mixin.py:190} INFO - [2026-04-12T15:24:37.123+0000] {override.py:1912} INFO - Created Permission View: can delete on DAG:kafka_producer
[2026-04-12T15:24:37.145+0000] {logging_mixin.py:190} INFO - [2026-04-12T15:24:37.145+0000] {override.py:1912} INFO - Created Permission View: can read on DAG:kafka_producer
[2026-04-12T15:24:37.186+0000] {logging_mixin.py:190} INFO - [2026-04-12T15:24:37.185+0000] {override.py:1912} INFO - Created Permission View: can create on DAG Run:kafka_producer
[2026-04-12T15:24:37.200+0000] {logging_mixin.py:190} INFO - [2026-04-12T15:24:37.199+0000] {override.py:1912} INFO - Created Permission View: can delete on DAG Run:kafka_producer
[2026-04-12T15:24:37.215+0000] {logging_mixin.py:190} INFO - [2026-04-12T15:24:37.214+0000] {override.py:1912} INFO - Created Permission View: menu access on DAG Run:kafka_producer
[2026-04-12T15:24:37.243+0000] {logging_mixin.py:190} INFO - [2026-04-12T15:24:37.242+0000] {override.py:1912} INFO - Created Permission View: can read on DAG Run:kafka_producer
[2026-04-12T15:24:37.245+0000] {logging_mixin.py:190} INFO - [2026-04-12T15:24:37.245+0000] {dag.py:3239} INFO - Sync 1 DAGs
[2026-04-12T15:24:37.287+0000] {logging_mixin.py:190} INFO - [2026-04-12T15:24:37.287+0000] {dag.py:3262} INFO - Creating ORM DAG for kafka_producer
[2026-04-12T15:24:37.367+0000] {logging_mixin.py:190} INFO - [2026-04-12T15:24:37.366+0000] {dag.py:4180} INFO - Setting next_dagrun for kafka_producer to 2026-04-10 18:30:00+00:00, run_after=2026-04-11 18:30:00+00:00
[2026-04-12T15:24:37.496+0000] {processor.py:208} INFO - Processing /opt/airflow/dags/kafka_load.py took 0.954 seconds
[2026-04-12T15:25:08.057+0000] {processor.py:186} INFO - Started process (PID=32) to work on /opt/airflow/dags/kafka_load.py
[2026-04-12T15:25:08.059+0000] {processor.py:914} INFO - Processing file /opt/airflow/dags/kafka_load.py for tasks to queue
[2026-04-12T15:25:08.063+0000] {logging_mixin.py:190} INFO - [2026-04-12T15:25:08.062+0000] {dagbag.py:588} INFO - Filling up the DagBag from /opt/airflow/dags/kafka_load.py
[2026-04-12T15:25:08.096+0000] {processor.py:925} INFO - DAG(s) 'kafka_producer' retrieved from /opt/airflow/dags/kafka_load.py
[2026-04-12T15:25:08.127+0000] {logging_mixin.py:190} INFO - [2026-04-12T15:25:08.127+0000] {dag.py:3239} INFO - Sync 1 DAGs
[2026-04-12T15:25:08.161+0000] {logging_mixin.py:190} INFO - [2026-04-12T15:25:08.161+0000] {dag.py:4180} INFO - Setting next_dagrun for kafka_producer to 2026-04-10 18:30:00+00:00, run_after=2026-04-11 18:30:00+00:00
[2026-04-12T15:25:08.522+0000] {processor.py:208} INFO - Processing /opt/airflow/dags/kafka_load.py took 0.478 seconds
[2026-04-12T15:25:38.981+0000] {processor.py:186} INFO - Started process (PID=35) to work on /opt/airflow/dags/kafka_load.py
[2026-04-12T15:25:38.983+0000] {processor.py:914} INFO - Processing file /opt/airflow/dags/kafka_load.py for tasks to queue
[2026-04-12T15:25:38.987+0000] {logging_mixin.py:190} INFO - [2026-04-12T15:25:38.987+0000] {dagbag.py:588} INFO - Filling up the DagBag from /opt/airflow/dags/kafka_load.py
[2026-04-12T15:25:39.027+0000] {processor.py:925} INFO - DAG(s) 'kafka_producer' retrieved from /opt/airflow/dags/kafka_load.py
[2026-04-12T15:25:39.065+0000] {logging_mixin.py:190} INFO - [2026-04-12T15:25:39.064+0000] {dag.py:3239} INFO - Sync 1 DAGs
[2026-04-12T15:25:39.100+0000] {logging_mixin.py:190} INFO - [2026-04-12T15:25:39.100+0000] {dag.py:4180} INFO - Setting next_dagrun for kafka_producer to 2026-04-10 18:30:00+00:00, run_after=2026-04-11 18:30:00+00:00
[2026-04-12T15:25:39.143+0000] {processor.py:208} INFO - Processing /opt/airflow/dags/kafka_load.py took 0.174 seconds
[2026-04-12T15:26:09.607+0000] {processor.py:186} INFO - Started process (PID=38) to work on /opt/airflow/dags/kafka_load.py
[2026-04-12T15:26:09.609+0000] {processor.py:914} INFO - Processing file /opt/airflow/dags/kafka_load.py for tasks to queue
[2026-04-12T15:26:09.613+0000] {logging_mixin.py:190} INFO - [2026-04-12T15:26:09.612+0000] {dagbag.py:588} INFO - Filling up the DagBag from /opt/airflow/dags/kafka_load.py
[2026-04-12T15:26:09.652+0000] {processor.py:925} INFO - DAG(s) 'kafka_producer' retrieved from /opt/airflow/dags/kafka_load.py
[2026-04-12T15:26:09.687+0000] {logging_mixin.py:190} INFO - [2026-04-12T15:26:09.686+0000] {dag.py:3239} INFO - Sync 1 DAGs
[2026-04-12T15:26:09.727+0000] {logging_mixin.py:190} INFO - [2026-04-12T15:26:09.726+0000] {dag.py:4180} INFO - Setting next_dagrun for kafka_producer to 2026-04-10 18:30:00+00:00, run_after=2026-04-11 18:30:00+00:00
[2026-04-12T15:26:10.469+0000] {processor.py:208} INFO - Processing /opt/airflow/dags/kafka_load.py took 0.873 seconds
[2026-04-12T15:26:40.588+0000] {processor.py:186} INFO - Started process (PID=41) to work on /opt/airflow/dags/kafka_load.py
[2026-04-12T15:26:40.590+0000] {processor.py:914} INFO - Processing file /opt/airflow/dags/kafka_load.py for tasks to queue
[2026-04-12T15:26:40.594+0000] {logging_mixin.py:190} INFO - [2026-04-12T15:26:40.593+0000] {dagbag.py:588} INFO - Filling up the DagBag from /opt/airflow/dags/kafka_load.py
[2026-04-12T15:26:40.656+0000] {processor.py:925} INFO - DAG(s) 'kafka_producer' retrieved from /opt/airflow/dags/kafka_load.py
[2026-04-12T15:26:40.707+0000] {logging_mixin.py:190} INFO - [2026-04-12T15:26:40.707+0000] {dag.py:3239} INFO - Sync 1 DAGs
[2026-04-12T15:26:40.753+0000] {logging_mixin.py:190} INFO - [2026-04-12T15:26:40.752+0000] {dag.py:4180} INFO - Setting next_dagrun for kafka_producer to 2026-04-11 18:30:00+00:00, run_after=2026-04-12 18:30:00+00:00
[2026-04-12T15:26:40.791+0000] {processor.py:208} INFO - Processing /opt/airflow/dags/kafka_load.py took 0.215 seconds
[2026-04-12T15:27:11.376+0000] {processor.py:186} INFO - Started process (PID=44) to work on /opt/airflow/dags/kafka_load.py
[2026-04-12T15:27:11.378+0000] {processor.py:914} INFO - Processing file /opt/airflow/dags/kafka_load.py for tasks to queue
[2026-04-12T15:27:11.382+0000] {logging_mixin.py:190} INFO - [2026-04-12T15:27:11.382+0000] {dagbag.py:588} INFO - Filling up the DagBag from /opt/airflow/dags/kafka_load.py
[2026-04-12T15:27:11.428+0000] {processor.py:925} INFO - DAG(s) 'kafka_producer' retrieved from /opt/airflow/dags/kafka_load.py
[2026-04-12T15:27:11.481+0000] {logging_mixin.py:190} INFO - [2026-04-12T15:27:11.481+0000] {dag.py:3239} INFO - Sync 1 DAGs
[2026-04-12T15:27:11.541+0000] {logging_mixin.py:190} INFO - [2026-04-12T15:27:11.540+0000] {dag.py:4180} INFO - Setting next_dagrun for kafka_producer to 2026-04-11 18:30:00+00:00, run_after=2026-04-12 18:30:00+00:00
[2026-04-12T15:27:11.570+0000] {processor.py:208} INFO - Processing /opt/airflow/dags/kafka_load.py took 0.204 seconds
[2026-04-12T15:27:41.989+0000] {processor.py:186} INFO - Started process (PID=47) to work on /opt/airflow/dags/kafka_load.py
[2026-04-12T15:27:41.990+0000] {processor.py:914} INFO - Processing file /opt/airflow/dags/kafka_load.py for tasks to queue
[2026-04-12T15:27:41.994+0000] {logging_mixin.py:190} INFO - [2026-04-12T15:27:41.993+0000] {dagbag.py:588} INFO - Filling up the DagBag from /opt/airflow/dags/kafka_load.py
[2026-04-12T15:27:42.033+0000] {processor.py:925} INFO - DAG(s) 'kafka_producer' retrieved from /opt/airflow/dags/kafka_load.py
[2026-04-12T15:27:42.061+0000] {logging_mixin.py:190} INFO - [2026-04-12T15:27:42.061+0000] {dag.py:3239} INFO - Sync 1 DAGs
[2026-04-12T15:27:42.094+0000] {logging_mixin.py:190} INFO - [2026-04-12T15:27:42.094+0000] {dag.py:4180} INFO - Setting next_dagrun for kafka_producer to 2026-04-11 18:30:00+00:00, run_after=2026-04-12 18:30:00+00:00
[2026-04-12T15:27:42.122+0000] {processor.py:208} INFO - Processing /opt/airflow/dags/kafka_load.py took 0.143 seconds
[2026-04-12T15:28:12.537+0000] {processor.py:186} INFO - Started process (PID=50) to work on /opt/airflow/dags/kafka_load.py
[2026-04-12T15:28:12.539+0000] {processor.py:914} INFO - Processing file /opt/airflow/dags/kafka_load.py for tasks to queue
[2026-04-12T15:28:12.542+0000] {logging_mixin.py:190} INFO - [2026-04-12T15:28:12.542+0000] {dagbag.py:588} INFO - Filling up the DagBag from /opt/airflow/dags/kafka_load.py
[2026-04-12T15:28:12.590+0000] {processor.py:925} INFO - DAG(s) 'kafka_producer' retrieved from /opt/airflow/dags/kafka_load.py
[2026-04-12T15:28:12.621+0000] {logging_mixin.py:190} INFO - [2026-04-12T15:28:12.620+0000] {dag.py:3239} INFO - Sync 1 DAGs
[2026-04-12T15:28:12.653+0000] {logging_mixin.py:190} INFO - [2026-04-12T15:28:12.653+0000] {dag.py:4180} INFO - Setting next_dagrun for kafka_producer to 2026-04-11 18:30:00+00:00, run_after=2026-04-12 18:30:00+00:00
[2026-04-12T15:28:13.987+0000] {processor.py:208} INFO - Processing /opt/airflow/dags/kafka_load.py took 1.463 seconds
[2026-04-12T15:28:44.097+0000] {processor.py:186} INFO - Started process (PID=53) to work on /opt/airflow/dags/kafka_load.py
[2026-04-12T15:28:44.099+0000] {processor.py:914} INFO - Processing file /opt/airflow/dags/kafka_load.py for tasks to queue
[2026-04-12T15:28:44.103+0000] {logging_mixin.py:190} INFO - [2026-04-12T15:28:44.103+0000] {dagbag.py:588} INFO - Filling up the DagBag from /opt/airflow/dags/kafka_load.py
[2026-04-12T15:28:44.139+0000] {processor.py:925} INFO - DAG(s) 'kafka_producer' retrieved from /opt/airflow/dags/kafka_load.py
[2026-04-12T15:28:44.170+0000] {logging_mixin.py:190} INFO - [2026-04-12T15:28:44.169+0000] {dag.py:3239} INFO - Sync 1 DAGs
[2026-04-12T15:28:44.205+0000] {logging_mixin.py:190} INFO - [2026-04-12T15:28:44.205+0000] {dag.py:4180} INFO - Setting next_dagrun for kafka_producer to 2026-04-11 18:30:00+00:00, run_after=2026-04-12 18:30:00+00:00
[2026-04-12T15:28:44.235+0000] {processor.py:208} INFO - Processing /opt/airflow/dags/kafka_load.py took 0.148 seconds
[2026-04-12T15:29:14.727+0000] {processor.py:186} INFO - Started process (PID=56) to work on /opt/airflow/dags/kafka_load.py
[2026-04-12T15:29:14.729+0000] {processor.py:914} INFO - Processing file /opt/airflow/dags/kafka_load.py for tasks to queue
[2026-04-12T15:29:14.733+0000] {logging_mixin.py:190} INFO - [2026-04-12T15:29:14.733+0000] {dagbag.py:588} INFO - Filling up the DagBag from /opt/airflow/dags/kafka_load.py
[2026-04-12T15:29:14.771+0000] {processor.py:925} INFO - DAG(s) 'kafka_producer' retrieved from /opt/airflow/dags/kafka_load.py
[2026-04-12T15:29:14.809+0000] {logging_mixin.py:190} INFO - [2026-04-12T15:29:14.809+0000] {dag.py:3239} INFO - Sync 1 DAGs
[2026-04-12T15:29:14.845+0000] {logging_mixin.py:190} INFO - [2026-04-12T15:29:14.844+0000] {dag.py:4180} INFO - Setting next_dagrun for kafka_producer to 2026-04-11 18:30:00+00:00, run_after=2026-04-12 18:30:00+00:00
[2026-04-12T15:29:14.876+0000] {processor.py:208} INFO - Processing /opt/airflow/dags/kafka_load.py took 0.159 seconds
[2026-04-12T15:29:45.644+0000] {processor.py:186} INFO - Started process (PID=59) to work on /opt/airflow/dags/kafka_load.py
[2026-04-12T15:29:45.646+0000] {processor.py:914} INFO - Processing file /opt/airflow/dags/kafka_load.py for tasks to queue
[2026-04-12T15:29:45.656+0000] {logging_mixin.py:190} INFO - [2026-04-12T15:29:45.654+0000] {dagbag.py:588} INFO - Filling up the DagBag from /opt/airflow/dags/kafka_load.py
[2026-04-12T15:29:45.712+0000] {processor.py:925} INFO - DAG(s) 'kafka_producer' retrieved from /opt/airflow/dags/kafka_load.py
[2026-04-12T15:29:45.768+0000] {logging_mixin.py:190} INFO - [2026-04-12T15:29:45.768+0000] {dag.py:3239} INFO - Sync 1 DAGs
[2026-04-12T15:29:45.840+0000] {logging_mixin.py:190} INFO - [2026-04-12T15:29:45.840+0000] {dag.py:4180} INFO - Setting next_dagrun for kafka_producer to 2026-04-11 18:30:00+00:00, run_after=2026-04-12 18:30:00+00:00
[2026-04-12T15:29:45.913+0000] {processor.py:208} INFO - Processing /opt/airflow/dags/kafka_load.py took 0.282 seconds
[2026-04-12T15:30:16.061+0000] {processor.py:186} INFO - Started process (PID=62) to work on /opt/airflow/dags/kafka_load.py
[2026-04-12T15:30:16.063+0000] {processor.py:914} INFO - Processing file /opt/airflow/dags/kafka_load.py for tasks to queue
[2026-04-12T15:30:16.066+0000] {logging_mixin.py:190} INFO - [2026-04-12T15:30:16.065+0000] {dagbag.py:588} INFO - Filling up the DagBag from /opt/airflow/dags/kafka_load.py
[2026-04-12T15:30:16.118+0000] {processor.py:925} INFO - DAG(s) 'kafka_producer' retrieved from /opt/airflow/dags/kafka_load.py
[2026-04-12T15:30:16.208+0000] {logging_mixin.py:190} INFO - [2026-04-12T15:30:16.207+0000] {dag.py:3239} INFO - Sync 1 DAGs
[2026-04-12T15:30:16.268+0000] {logging_mixin.py:190} INFO - [2026-04-12T15:30:16.268+0000] {dag.py:4180} INFO - Setting next_dagrun for kafka_producer to 2026-04-10 18:30:00+00:00, run_after=2026-04-11 18:30:00+00:00
[2026-04-12T15:30:16.950+0000] {processor.py:208} INFO - Processing /opt/airflow/dags/kafka_load.py took 0.901 seconds
[2026-04-12T15:30:47.342+0000] {processor.py:186} INFO - Started process (PID=65) to work on /opt/airflow/dags/kafka_load.py
[2026-04-12T15:30:47.343+0000] {processor.py:914} INFO - Processing file /opt/airflow/dags/kafka_load.py for tasks to queue
[2026-04-12T15:30:47.348+0000] {logging_mixin.py:190} INFO - [2026-04-12T15:30:47.347+0000] {dagbag.py:588} INFO - Filling up the DagBag from /opt/airflow/dags/kafka_load.py
[2026-04-12T15:30:47.391+0000] {processor.py:925} INFO - DAG(s) 'kafka_producer' retrieved from /opt/airflow/dags/kafka_load.py
[2026-04-12T15:30:47.427+0000] {logging_mixin.py:190} INFO - [2026-04-12T15:30:47.427+0000] {dag.py:3239} INFO - Sync 1 DAGs
[2026-04-12T15:30:47.466+0000] {logging_mixin.py:190} INFO - [2026-04-12T15:30:47.466+0000] {dag.py:4180} INFO - Setting next_dagrun for kafka_producer to 2026-04-11 18:30:00+00:00, run_after=2026-04-12 18:30:00+00:00
[2026-04-12T15:30:47.502+0000] {processor.py:208} INFO - Processing /opt/airflow/dags/kafka_load.py took 0.172 seconds
[2026-04-12T15:31:17.895+0000] {processor.py:186} INFO - Started process (PID=68) to work on /opt/airflow/dags/kafka_load.py
[2026-04-12T15:31:17.897+0000] {processor.py:914} INFO - Processing file /opt/airflow/dags/kafka_load.py for tasks to queue
[2026-04-12T15:31:17.901+0000] {logging_mixin.py:190} INFO - [2026-04-12T15:31:17.901+0000] {dagbag.py:588} INFO - Filling up the DagBag from /opt/airflow/dags/kafka_load.py
[2026-04-12T15:31:17.943+0000] {processor.py:925} INFO - DAG(s) 'kafka_producer' retrieved from /opt/airflow/dags/kafka_load.py
[2026-04-12T15:31:17.975+0000] {logging_mixin.py:190} INFO - [2026-04-12T15:31:17.974+0000] {dag.py:3239} INFO - Sync 1 DAGs
[2026-04-12T15:31:18.010+0000] {logging_mixin.py:190} INFO - [2026-04-12T15:31:18.010+0000] {dag.py:4180} INFO - Setting next_dagrun for kafka_producer to 2026-04-11 18:30:00+00:00, run_after=2026-04-12 18:30:00+00:00
[2026-04-12T15:31:18.043+0000] {processor.py:208} INFO - Processing /opt/airflow/dags/kafka_load.py took 0.159 seconds
[2026-04-12T15:31:48.438+0000] {processor.py:186} INFO - Started process (PID=71) to work on /opt/airflow/dags/kafka_load.py
[2026-04-12T15:31:48.460+0000] {processor.py:914} INFO - Processing file /opt/airflow/dags/kafka_load.py for tasks to queue
[2026-04-12T15:31:48.481+0000] {logging_mixin.py:190} INFO - [2026-04-12T15:31:48.473+0000] {dagbag.py:588} INFO - Filling up the DagBag from /opt/airflow/dags/kafka_load.py
[2026-04-12T15:31:48.576+0000] {processor.py:925} INFO - DAG(s) 'kafka_producer' retrieved from /opt/airflow/dags/kafka_load.py
[2026-04-12T15:31:48.612+0000] {logging_mixin.py:190} INFO - [2026-04-12T15:31:48.612+0000] {dag.py:3239} INFO - Sync 1 DAGs
[2026-04-12T15:31:48.667+0000] {logging_mixin.py:190} INFO - [2026-04-12T15:31:48.666+0000] {dag.py:4180} INFO - Setting next_dagrun for kafka_producer to 2026-04-11 18:30:00+00:00, run_after=2026-04-12 18:30:00+00:00
[2026-04-12T15:31:48.722+0000] {processor.py:208} INFO - Processing /opt/airflow/dags/kafka_load.py took 0.307 seconds
[2026-04-12T15:32:19.203+0000] {processor.py:186} INFO - Started process (PID=74) to work on /opt/airflow/dags/kafka_load.py
[2026-04-12T15:32:19.207+0000] {processor.py:914} INFO - Processing file /opt/airflow/dags/kafka_load.py for tasks to queue
[2026-04-12T15:32:19.214+0000] {logging_mixin.py:190} INFO - [2026-04-12T15:32:19.213+0000] {dagbag.py:588} INFO - Filling up the DagBag from /opt/airflow/dags/kafka_load.py
[2026-04-12T15:32:19.250+0000] {processor.py:925} INFO - DAG(s) 'kafka_producer' retrieved from /opt/airflow/dags/kafka_load.py
[2026-04-12T15:32:19.280+0000] {logging_mixin.py:190} INFO - [2026-04-12T15:32:19.280+0000] {dag.py:3239} INFO - Sync 1 DAGs
[2026-04-12T15:32:19.319+0000] {logging_mixin.py:190} INFO - [2026-04-12T15:32:19.319+0000] {dag.py:4180} INFO - Setting next_dagrun for kafka_producer to 2026-04-11 18:30:00+00:00, run_after=2026-04-12 18:30:00+00:00
[2026-04-12T15:32:19.352+0000] {processor.py:208} INFO - Processing /opt/airflow/dags/kafka_load.py took 0.165 seconds
[2026-04-12T15:32:49.848+0000] {processor.py:186} INFO - Started process (PID=77) to work on /opt/airflow/dags/kafka_load.py
[2026-04-12T15:32:49.849+0000] {processor.py:914} INFO - Processing file /opt/airflow/dags/kafka_load.py for tasks to queue
[2026-04-12T15:32:49.853+0000] {logging_mixin.py:190} INFO - [2026-04-12T15:32:49.852+0000] {dagbag.py:588} INFO - Filling up the DagBag from /opt/airflow/dags/kafka_load.py
[2026-04-12T15:32:49.889+0000] {processor.py:925} INFO - DAG(s) 'kafka_producer' retrieved from /opt/airflow/dags/kafka_load.py
[2026-04-12T15:32:49.917+0000] {logging_mixin.py:190} INFO - [2026-04-12T15:32:49.917+0000] {dag.py:3239} INFO - Sync 1 DAGs
[2026-04-12T15:32:49.959+0000] {logging_mixin.py:190} INFO - [2026-04-12T15:32:49.959+0000] {dag.py:4180} INFO - Setting next_dagrun for kafka_producer to 2026-04-10 18:30:00+00:00, run_after=2026-04-11 18:30:00+00:00
[2026-04-12T15:32:49.988+0000] {processor.py:208} INFO - Processing /opt/airflow/dags/kafka_load.py took 0.153 seconds
[2026-04-12T15:33:20.500+0000] {processor.py:186} INFO - Started process (PID=80) to work on /opt/airflow/dags/kafka_load.py
[2026-04-12T15:33:20.511+0000] {processor.py:914} INFO - Processing file /opt/airflow/dags/kafka_load.py for tasks to queue
[2026-04-12T15:33:20.518+0000] {logging_mixin.py:190} INFO - [2026-04-12T15:33:20.514+0000] {dagbag.py:588} INFO - Filling up the DagBag from /opt/airflow/dags/kafka_load.py
[2026-04-12T15:33:20.858+0000] {processor.py:925} INFO - DAG(s) 'kafka_producer' retrieved from /opt/airflow/dags/kafka_load.py
[2026-04-12T15:33:20.929+0000] {logging_mixin.py:190} INFO - [2026-04-12T15:33:20.929+0000] {dag.py:3239} INFO - Sync 1 DAGs
[2026-04-12T15:33:20.993+0000] {logging_mixin.py:190} INFO - [2026-04-12T15:33:20.993+0000] {dag.py:4180} INFO - Setting next_dagrun for kafka_producer to 2026-04-11 18:30:00+00:00, run_after=2026-04-12 18:30:00+00:00
[2026-04-12T15:33:21.024+0000] {processor.py:208} INFO - Processing /opt/airflow/dags/kafka_load.py took 0.544 seconds
[2026-04-12T15:33:51.416+0000] {processor.py:186} INFO - Started process (PID=83) to work on /opt/airflow/dags/kafka_load.py
[2026-04-12T15:33:51.418+0000] {processor.py:914} INFO - Processing file /opt/airflow/dags/kafka_load.py for tasks to queue
[2026-04-12T15:33:51.422+0000] {logging_mixin.py:190} INFO - [2026-04-12T15:33:51.421+0000] {dagbag.py:588} INFO - Filling up the DagBag from /opt/airflow/dags/kafka_load.py
[2026-04-12T15:33:51.461+0000] {processor.py:925} INFO - DAG(s) 'kafka_producer' retrieved from /opt/airflow/dags/kafka_load.py
[2026-04-12T15:33:51.499+0000] {logging_mixin.py:190} INFO - [2026-04-12T15:33:51.498+0000] {dag.py:3239} INFO - Sync 1 DAGs
[2026-04-12T15:33:51.550+0000] {logging_mixin.py:190} INFO - [2026-04-12T15:33:51.549+0000] {dag.py:4180} INFO - Setting next_dagrun for kafka_producer to 2026-04-11 18:30:00+00:00, run_after=2026-04-12 18:30:00+00:00
[2026-04-12T15:33:51.604+0000] {processor.py:208} INFO - Processing /opt/airflow/dags/kafka_load.py took 0.199 seconds
[2026-04-12T15:34:22.203+0000] {processor.py:186} INFO - Started process (PID=86) to work on /opt/airflow/dags/kafka_load.py
[2026-04-12T15:34:22.205+0000] {processor.py:914} INFO - Processing file /opt/airflow/dags/kafka_load.py for tasks to queue
[2026-04-12T15:34:22.208+0000] {logging_mixin.py:190} INFO - [2026-04-12T15:34:22.208+0000] {dagbag.py:588} INFO - Filling up the DagBag from /opt/airflow/dags/kafka_load.py
[2026-04-12T15:34:22.275+0000] {processor.py:925} INFO - DAG(s) 'kafka_producer' retrieved from /opt/airflow/dags/kafka_load.py
[2026-04-12T15:34:22.318+0000] {logging_mixin.py:190} INFO - [2026-04-12T15:34:22.318+0000] {dag.py:3239} INFO - Sync 1 DAGs
[2026-04-12T15:34:22.380+0000] {logging_mixin.py:190} INFO - [2026-04-12T15:34:22.380+0000] {dag.py:4180} INFO - Setting next_dagrun for kafka_producer to 2026-04-11 18:30:00+00:00, run_after=2026-04-12 18:30:00+00:00
[2026-04-12T15:34:22.411+0000] {processor.py:208} INFO - Processing /opt/airflow/dags/kafka_load.py took 0.225 seconds
[2026-04-12T15:34:53.006+0000] {processor.py:186} INFO - Started process (PID=90) to work on /opt/airflow/dags/kafka_load.py
[2026-04-12T15:34:53.010+0000] {processor.py:914} INFO - Processing file /opt/airflow/dags/kafka_load.py for tasks to queue
[2026-04-12T15:34:53.015+0000] {logging_mixin.py:190} INFO - [2026-04-12T15:34:53.015+0000] {dagbag.py:588} INFO - Filling up the DagBag from /opt/airflow/dags/kafka_load.py
[2026-04-12T15:34:53.056+0000] {processor.py:925} INFO - DAG(s) 'kafka_producer' retrieved from /opt/airflow/dags/kafka_load.py
[2026-04-12T15:34:53.086+0000] {logging_mixin.py:190} INFO - [2026-04-12T15:34:53.086+0000] {dag.py:3239} INFO - Sync 1 DAGs
[2026-04-12T15:34:53.120+0000] {logging_mixin.py:190} INFO - [2026-04-12T15:34:53.120+0000] {dag.py:4180} INFO - Setting next_dagrun for kafka_producer to 2026-04-11 18:30:00+00:00, run_after=2026-04-12 18:30:00+00:00
[2026-04-12T15:34:53.210+0000] {processor.py:208} INFO - Processing /opt/airflow/dags/kafka_load.py took 0.219 seconds
[2026-04-12T15:35:23.859+0000] {processor.py:186} INFO - Started process (PID=94) to work on /opt/airflow/dags/kafka_load.py
[2026-04-12T15:35:23.861+0000] {processor.py:914} INFO - Processing file /opt/airflow/dags/kafka_load.py for tasks to queue
[2026-04-12T15:35:23.865+0000] {logging_mixin.py:190} INFO - [2026-04-12T15:35:23.865+0000] {dagbag.py:588} INFO - Filling up the DagBag from /opt/airflow/dags/kafka_load.py
[2026-04-12T15:35:23.901+0000] {processor.py:925} INFO - DAG(s) 'kafka_producer' retrieved from /opt/airflow/dags/kafka_load.py
[2026-04-12T15:35:23.927+0000] {logging_mixin.py:190} INFO - [2026-04-12T15:35:23.927+0000] {dag.py:3239} INFO - Sync 1 DAGs
[2026-04-12T15:35:23.958+0000] {logging_mixin.py:190} INFO - [2026-04-12T15:35:23.957+0000] {dag.py:4180} INFO - Setting next_dagrun for kafka_producer to 2026-04-11 18:30:00+00:00, run_after=2026-04-12 18:30:00+00:00
[2026-04-12T15:35:23.988+0000] {processor.py:208} INFO - Processing /opt/airflow/dags/kafka_load.py took 0.150 seconds
[2026-04-12T15:35:54.520+0000] {processor.py:186} INFO - Started process (PID=97) to work on /opt/airflow/dags/kafka_load.py
[2026-04-12T15:35:54.523+0000] {processor.py:914} INFO - Processing file /opt/airflow/dags/kafka_load.py for tasks to queue
[2026-04-12T15:35:54.526+0000] {logging_mixin.py:190} INFO - [2026-04-12T15:35:54.526+0000] {dagbag.py:588} INFO - Filling up the DagBag from /opt/airflow/dags/kafka_load.py
[2026-04-12T15:35:54.571+0000] {processor.py:925} INFO - DAG(s) 'kafka_producer' retrieved from /opt/airflow/dags/kafka_load.py
[2026-04-12T15:35:54.605+0000] {logging_mixin.py:190} INFO - [2026-04-12T15:35:54.605+0000] {dag.py:3239} INFO - Sync 1 DAGs
[2026-04-12T15:35:54.636+0000] {logging_mixin.py:190} INFO - [2026-04-12T15:35:54.636+0000] {dag.py:4180} INFO - Setting next_dagrun for kafka_producer to 2026-04-11 18:30:00+00:00, run_after=2026-04-12 18:30:00+00:00
[2026-04-12T15:35:54.661+0000] {processor.py:208} INFO - Processing /opt/airflow/dags/kafka_load.py took 0.155 seconds
[2026-04-12T15:36:25.166+0000] {processor.py:186} INFO - Started process (PID=100) to work on /opt/airflow/dags/kafka_load.py
[2026-04-12T15:36:25.168+0000] {processor.py:914} INFO - Processing file /opt/airflow/dags/kafka_load.py for tasks to queue
[2026-04-12T15:36:25.172+0000] {logging_mixin.py:190} INFO - [2026-04-12T15:36:25.172+0000] {dagbag.py:588} INFO - Filling up the DagBag from /opt/airflow/dags/kafka_load.py
[2026-04-12T15:36:25.266+0000] {processor.py:925} INFO - DAG(s) 'kafka_producer' retrieved from /opt/airflow/dags/kafka_load.py
[2026-04-12T15:36:25.301+0000] {logging_mixin.py:190} INFO - [2026-04-12T15:36:25.301+0000] {dag.py:3239} INFO - Sync 1 DAGs
[2026-04-12T15:36:25.342+0000] {logging_mixin.py:190} INFO - [2026-04-12T15:36:25.341+0000] {dag.py:4180} INFO - Setting next_dagrun for kafka_producer to 2026-04-11 18:30:00+00:00, run_after=2026-04-12 18:30:00+00:00
[2026-04-12T15:36:25.379+0000] {processor.py:208} INFO - Processing /opt/airflow/dags/kafka_load.py took 0.233 seconds
[2026-04-12T15:36:55.825+0000] {processor.py:186} INFO - Started process (PID=103) to work on /opt/airflow/dags/kafka_load.py
[2026-04-12T15:36:55.839+0000] {processor.py:914} INFO - Processing file /opt/airflow/dags/kafka_load.py for tasks to queue
[2026-04-12T15:36:55.853+0000] {logging_mixin.py:190} INFO - [2026-04-12T15:36:55.852+0000] {dagbag.py:588} INFO - Filling up the DagBag from /opt/airflow/dags/kafka_load.py
[2026-04-12T15:36:55.957+0000] {processor.py:925} INFO - DAG(s) 'kafka_producer' retrieved from /opt/airflow/dags/kafka_load.py
[2026-04-12T15:36:56.004+0000] {logging_mixin.py:190} INFO - [2026-04-12T15:36:56.003+0000] {dag.py:3239} INFO - Sync 1 DAGs
[2026-04-12T15:36:56.086+0000] {logging_mixin.py:190} INFO - [2026-04-12T15:36:56.085+0000] {dag.py:4180} INFO - Setting next_dagrun for kafka_producer to 2026-04-11 18:30:00+00:00, run_after=2026-04-12 18:30:00+00:00
[2026-04-12T15:36:56.138+0000] {processor.py:208} INFO - Processing /opt/airflow/dags/kafka_load.py took 0.333 seconds
[2026-04-12T15:37:26.686+0000] {processor.py:186} INFO - Started process (PID=106) to work on /opt/airflow/dags/kafka_load.py
[2026-04-12T15:37:26.690+0000] {processor.py:914} INFO - Processing file /opt/airflow/dags/kafka_load.py for tasks to queue
[2026-04-12T15:37:26.699+0000] {logging_mixin.py:190} INFO - [2026-04-12T15:37:26.699+0000] {dagbag.py:588} INFO - Filling up the DagBag from /opt/airflow/dags/kafka_load.py
[2026-04-12T15:37:26.741+0000] {processor.py:925} INFO - DAG(s) 'kafka_producer' retrieved from /opt/airflow/dags/kafka_load.py
[2026-04-12T15:37:26.783+0000] {logging_mixin.py:190} INFO - [2026-04-12T15:37:26.782+0000] {dag.py:3239} INFO - Sync 1 DAGs
[2026-04-12T15:37:26.835+0000] {logging_mixin.py:190} INFO - [2026-04-12T15:37:26.834+0000] {dag.py:4180} INFO - Setting next_dagrun for kafka_producer to 2026-04-11 18:30:00+00:00, run_after=2026-04-12 18:30:00+00:00
[2026-04-12T15:37:26.948+0000] {processor.py:208} INFO - Processing /opt/airflow/dags/kafka_load.py took 0.297 seconds
[2026-04-12T15:37:57.565+0000] {processor.py:186} INFO - Started process (PID=109) to work on /opt/airflow/dags/kafka_load.py
[2026-04-12T15:37:57.578+0000] {processor.py:914} INFO - Processing file /opt/airflow/dags/kafka_load.py for tasks to queue
[2026-04-12T15:37:57.584+0000] {logging_mixin.py:190} INFO - [2026-04-12T15:37:57.584+0000] {dagbag.py:588} INFO - Filling up the DagBag from /opt/airflow/dags/kafka_load.py
[2026-04-12T15:37:57.645+0000] {processor.py:925} INFO - DAG(s) 'kafka_producer' retrieved from /opt/airflow/dags/kafka_load.py
[2026-04-12T15:37:57.701+0000] {logging_mixin.py:190} INFO - [2026-04-12T15:37:57.700+0000] {dag.py:3239} INFO - Sync 1 DAGs
[2026-04-12T15:37:57.793+0000] {logging_mixin.py:190} INFO - [2026-04-12T15:37:57.793+0000] {dag.py:4180} INFO - Setting next_dagrun for kafka_producer to 2026-04-11 18:30:00+00:00, run_after=2026-04-12 18:30:00+00:00
[2026-04-12T15:37:57.863+0000] {processor.py:208} INFO - Processing /opt/airflow/dags/kafka_load.py took 0.318 seconds
[2026-04-12T15:38:28.310+0000] {processor.py:186} INFO - Started process (PID=112) to work on /opt/airflow/dags/kafka_load.py
[2026-04-12T15:38:28.312+0000] {processor.py:914} INFO - Processing file /opt/airflow/dags/kafka_load.py for tasks to queue
[2026-04-12T15:38:28.316+0000] {logging_mixin.py:190} INFO - [2026-04-12T15:38:28.316+0000] {dagbag.py:588} INFO - Filling up the DagBag from /opt/airflow/dags/kafka_load.py
[2026-04-12T15:38:28.362+0000] {processor.py:925} INFO - DAG(s) 'kafka_producer' retrieved from /opt/airflow/dags/kafka_load.py
[2026-04-12T15:38:28.395+0000] {logging_mixin.py:190} INFO - [2026-04-12T15:38:28.395+0000] {dag.py:3239} INFO - Sync 1 DAGs
[2026-04-12T15:38:28.438+0000] {logging_mixin.py:190} INFO - [2026-04-12T15:38:28.437+0000] {dag.py:4180} INFO - Setting next_dagrun for kafka_producer to 2026-04-11 18:30:00+00:00, run_after=2026-04-12 18:30:00+00:00
[2026-04-12T15:38:28.469+0000] {processor.py:208} INFO - Processing /opt/airflow/dags/kafka_load.py took 0.170 seconds
[2026-04-12T15:38:58.881+0000] {processor.py:186} INFO - Started process (PID=115) to work on /opt/airflow/dags/kafka_load.py
[2026-04-12T15:38:58.884+0000] {processor.py:914} INFO - Processing file /opt/airflow/dags/kafka_load.py for tasks to queue
[2026-04-12T15:38:58.889+0000] {logging_mixin.py:190} INFO - [2026-04-12T15:38:58.889+0000] {dagbag.py:588} INFO - Filling up the DagBag from /opt/airflow/dags/kafka_load.py
[2026-04-12T15:38:58.946+0000] {processor.py:925} INFO - DAG(s) 'kafka_producer' retrieved from /opt/airflow/dags/kafka_load.py
[2026-04-12T15:38:58.999+0000] {logging_mixin.py:190} INFO - [2026-04-12T15:38:58.999+0000] {dag.py:3239} INFO - Sync 1 DAGs
[2026-04-12T15:38:59.059+0000] {logging_mixin.py:190} INFO - [2026-04-12T15:38:59.059+0000] {dag.py:4180} INFO - Setting next_dagrun for kafka_producer to 2026-04-11 18:30:00+00:00, run_after=2026-04-12 18:30:00+00:00
[2026-04-12T15:38:59.101+0000] {processor.py:208} INFO - Processing /opt/airflow/dags/kafka_load.py took 0.232 seconds
[2026-04-12T15:39:29.625+0000] {processor.py:186} INFO - Started process (PID=118) to work on /opt/airflow/dags/kafka_load.py
[2026-04-12T15:39:29.626+0000] {processor.py:914} INFO - Processing file /opt/airflow/dags/kafka_load.py for tasks to queue
[2026-04-12T15:39:29.630+0000] {logging_mixin.py:190} INFO - [2026-04-12T15:39:29.629+0000] {dagbag.py:588} INFO - Filling up the DagBag from /opt/airflow/dags/kafka_load.py
[2026-04-12T15:39:29.672+0000] {processor.py:925} INFO - DAG(s) 'kafka_producer' retrieved from /opt/airflow/dags/kafka_load.py
[2026-04-12T15:39:29.701+0000] {logging_mixin.py:190} INFO - [2026-04-12T15:39:29.701+0000] {dag.py:3239} INFO - Sync 1 DAGs
[2026-04-12T15:39:29.732+0000] {logging_mixin.py:190} INFO - [2026-04-12T15:39:29.732+0000] {dag.py:4180} INFO - Setting next_dagrun for kafka_producer to 2026-04-11 18:30:00+00:00, run_after=2026-04-12 18:30:00+00:00
[2026-04-12T15:39:29.755+0000] {processor.py:208} INFO - Processing /opt/airflow/dags/kafka_load.py took 0.143 seconds
[2026-04-12T15:40:00.132+0000] {processor.py:186} INFO - Started process (PID=121) to work on /opt/airflow/dags/kafka_load.py
[2026-04-12T15:40:00.133+0000] {processor.py:914} INFO - Processing file /opt/airflow/dags/kafka_load.py for tasks to queue
[2026-04-12T15:40:00.137+0000] {logging_mixin.py:190} INFO - [2026-04-12T15:40:00.136+0000] {dagbag.py:588} INFO - Filling up the DagBag from /opt/airflow/dags/kafka_load.py
[2026-04-12T15:40:00.170+0000] {processor.py:925} INFO - DAG(s) 'kafka_producer' retrieved from /opt/airflow/dags/kafka_load.py
[2026-04-12T15:40:00.199+0000] {logging_mixin.py:190} INFO - [2026-04-12T15:40:00.199+0000] {dag.py:3239} INFO - Sync 1 DAGs
[2026-04-12T15:40:00.237+0000] {logging_mixin.py:190} INFO - [2026-04-12T15:40:00.237+0000] {dag.py:4180} INFO - Setting next_dagrun for kafka_producer to 2026-04-11 18:30:00+00:00, run_after=2026-04-12 18:30:00+00:00
[2026-04-12T15:40:00.268+0000] {processor.py:208} INFO - Processing /opt/airflow/dags/kafka_load.py took 0.149 seconds
[2026-04-12T15:40:30.792+0000] {processor.py:186} INFO - Started process (PID=124) to work on /opt/airflow/dags/kafka_load.py
[2026-04-12T15:40:30.793+0000] {processor.py:914} INFO - Processing file /opt/airflow/dags/kafka_load.py for tasks to queue
[2026-04-12T15:40:30.797+0000] {logging_mixin.py:190} INFO - [2026-04-12T15:40:30.796+0000] {dagbag.py:588} INFO - Filling up the DagBag from /opt/airflow/dags/kafka_load.py
[2026-04-12T15:40:30.844+0000] {processor.py:925} INFO - DAG(s) 'kafka_producer' retrieved from /opt/airflow/dags/kafka_load.py
[2026-04-12T15:40:30.885+0000] {logging_mixin.py:190} INFO - [2026-04-12T15:40:30.885+0000] {dag.py:3239} INFO - Sync 1 DAGs
[2026-04-12T15:40:30.933+0000] {logging_mixin.py:190} INFO - [2026-04-12T15:40:30.932+0000] {dag.py:4180} INFO - Setting next_dagrun for kafka_producer to 2026-04-11 18:30:00+00:00, run_after=2026-04-12 18:30:00+00:00
[2026-04-12T15:40:30.957+0000] {processor.py:208} INFO - Processing /opt/airflow/dags/kafka_load.py took 0.175 seconds
[2026-04-12T15:41:01.436+0000] {processor.py:186} INFO - Started process (PID=127) to work on /opt/airflow/dags/kafka_load.py
[2026-04-12T15:41:01.437+0000] {processor.py:914} INFO - Processing file /opt/airflow/dags/kafka_load.py for tasks to queue
[2026-04-12T15:41:01.441+0000] {logging_mixin.py:190} INFO - [2026-04-12T15:41:01.440+0000] {dagbag.py:588} INFO - Filling up the DagBag from /opt/airflow/dags/kafka_load.py
[2026-04-12T15:41:01.483+0000] {processor.py:925} INFO - DAG(s) 'kafka_producer' retrieved from /opt/airflow/dags/kafka_load.py
[2026-04-12T15:41:01.510+0000] {logging_mixin.py:190} INFO - [2026-04-12T15:41:01.510+0000] {dag.py:3239} INFO - Sync 1 DAGs
[2026-04-12T15:41:01.550+0000] {logging_mixin.py:190} INFO - [2026-04-12T15:41:01.550+0000] {dag.py:4180} INFO - Setting next_dagrun for kafka_producer to 2026-04-11 18:30:00+00:00, run_after=2026-04-12 18:30:00+00:00
[2026-04-12T15:41:01.587+0000] {processor.py:208} INFO - Processing /opt/airflow/dags/kafka_load.py took 0.160 seconds
[2026-04-12T15:41:32.061+0000] {processor.py:186} INFO - Started process (PID=130) to work on /opt/airflow/dags/kafka_load.py
[2026-04-12T15:41:32.063+0000] {processor.py:914} INFO - Processing file /opt/airflow/dags/kafka_load.py for tasks to queue
[2026-04-12T15:41:32.067+0000] {logging_mixin.py:190} INFO - [2026-04-12T15:41:32.067+0000] {dagbag.py:588} INFO - Filling up the DagBag from /opt/airflow/dags/kafka_load.py
[2026-04-12T15:41:32.106+0000] {processor.py:925} INFO - DAG(s) 'kafka_producer' retrieved from /opt/airflow/dags/kafka_load.py
[2026-04-12T15:41:32.139+0000] {logging_mixin.py:190} INFO - [2026-04-12T15:41:32.138+0000] {dag.py:3239} INFO - Sync 1 DAGs
[2026-04-12T15:41:32.172+0000] {logging_mixin.py:190} INFO - [2026-04-12T15:41:32.172+0000] {dag.py:4180} INFO - Setting next_dagrun for kafka_producer to 2026-04-11 18:30:00+00:00, run_after=2026-04-12 18:30:00+00:00
[2026-04-12T15:41:32.198+0000] {processor.py:208} INFO - Processing /opt/airflow/dags/kafka_load.py took 0.148 seconds
[2026-04-12T15:42:02.728+0000] {processor.py:186} INFO - Started process (PID=133) to work on /opt/airflow/dags/kafka_load.py
[2026-04-12T15:42:02.730+0000] {processor.py:914} INFO - Processing file /opt/airflow/dags/kafka_load.py for tasks to queue
[2026-04-12T15:42:02.733+0000] {logging_mixin.py:190} INFO - [2026-04-12T15:42:02.732+0000] {dagbag.py:588} INFO - Filling up the DagBag from /opt/airflow/dags/kafka_load.py
[2026-04-12T15:42:02.767+0000] {processor.py:925} INFO - DAG(s) 'kafka_producer' retrieved from /opt/airflow/dags/kafka_load.py
[2026-04-12T15:42:02.796+0000] {logging_mixin.py:190} INFO - [2026-04-12T15:42:02.796+0000] {dag.py:3239} INFO - Sync 1 DAGs
[2026-04-12T15:42:02.826+0000] {logging_mixin.py:190} INFO - [2026-04-12T15:42:02.826+0000] {dag.py:4180} INFO - Setting next_dagrun for kafka_producer to 2026-04-11 18:30:00+00:00, run_after=2026-04-12 18:30:00+00:00
[2026-04-12T15:42:03.167+0000] {processor.py:208} INFO - Processing /opt/airflow/dags/kafka_load.py took 0.448 seconds
[2026-04-12T15:42:33.384+0000] {processor.py:186} INFO - Started process (PID=136) to work on /opt/airflow/dags/kafka_load.py
[2026-04-12T15:42:33.386+0000] {processor.py:914} INFO - Processing file /opt/airflow/dags/kafka_load.py for tasks to queue
[2026-04-12T15:42:33.390+0000] {logging_mixin.py:190} INFO - [2026-04-12T15:42:33.390+0000] {dagbag.py:588} INFO - Filling up the DagBag from /opt/airflow/dags/kafka_load.py
[2026-04-12T15:42:33.427+0000] {processor.py:925} INFO - DAG(s) 'kafka_producer' retrieved from /opt/airflow/dags/kafka_load.py
[2026-04-12T15:42:33.455+0000] {logging_mixin.py:190} INFO - [2026-04-12T15:42:33.455+0000] {dag.py:3239} INFO - Sync 1 DAGs
[2026-04-12T15:42:33.487+0000] {logging_mixin.py:190} INFO - [2026-04-12T15:42:33.487+0000] {dag.py:4180} INFO - Setting next_dagrun for kafka_producer to 2026-04-11 18:30:00+00:00, run_after=2026-04-12 18:30:00+00:00
[2026-04-12T15:42:33.517+0000] {processor.py:208} INFO - Processing /opt/airflow/dags/kafka_load.py took 0.143 seconds
[2026-04-12T15:43:03.955+0000] {processor.py:186} INFO - Started process (PID=139) to work on /opt/airflow/dags/kafka_load.py
[2026-04-12T15:43:03.957+0000] {processor.py:914} INFO - Processing file /opt/airflow/dags/kafka_load.py for tasks to queue
[2026-04-12T15:43:03.963+0000] {logging_mixin.py:190} INFO - [2026-04-12T15:43:03.963+0000] {dagbag.py:588} INFO - Filling up the DagBag from /opt/airflow/dags/kafka_load.py
[2026-04-12T15:43:04.020+0000] {processor.py:925} INFO - DAG(s) 'kafka_producer' retrieved from /opt/airflow/dags/kafka_load.py
[2026-04-12T15:43:04.107+0000] {logging_mixin.py:190} INFO - [2026-04-12T15:43:04.107+0000] {dag.py:3239} INFO - Sync 1 DAGs
[2026-04-12T15:43:04.143+0000] {logging_mixin.py:190} INFO - [2026-04-12T15:43:04.143+0000] {dag.py:4180} INFO - Setting next_dagrun for kafka_producer to 2026-04-11 18:30:00+00:00, run_after=2026-04-12 18:30:00+00:00
[2026-04-12T15:43:04.170+0000] {processor.py:208} INFO - Processing /opt/airflow/dags/kafka_load.py took 0.225 seconds
[2026-04-12T15:43:34.715+0000] {processor.py:186} INFO - Started process (PID=142) to work on /opt/airflow/dags/kafka_load.py
[2026-04-12T15:43:34.717+0000] {processor.py:914} INFO - Processing file /opt/airflow/dags/kafka_load.py for tasks to queue
[2026-04-12T15:43:34.721+0000] {logging_mixin.py:190} INFO - [2026-04-12T15:43:34.721+0000] {dagbag.py:588} INFO - Filling up the DagBag from /opt/airflow/dags/kafka_load.py
[2026-04-12T15:43:34.764+0000] {processor.py:925} INFO - DAG(s) 'kafka_producer' retrieved from /opt/airflow/dags/kafka_load.py
[2026-04-12T15:43:34.795+0000] {logging_mixin.py:190} INFO - [2026-04-12T15:43:34.795+0000] {dag.py:3239} INFO - Sync 1 DAGs
[2026-04-12T15:43:34.826+0000] {logging_mixin.py:190} INFO - [2026-04-12T15:43:34.826+0000] {dag.py:4180} INFO - Setting next_dagrun for kafka_producer to 2026-04-11 18:30:00+00:00, run_after=2026-04-12 18:30:00+00:00
[2026-04-12T15:43:34.851+0000] {processor.py:208} INFO - Processing /opt/airflow/dags/kafka_load.py took 0.145 seconds
[2026-04-12T15:44:05.278+0000] {processor.py:186} INFO - Started process (PID=145) to work on /opt/airflow/dags/kafka_load.py
[2026-04-12T15:44:05.280+0000] {processor.py:914} INFO - Processing file /opt/airflow/dags/kafka_load.py for tasks to queue
[2026-04-12T15:44:05.283+0000] {logging_mixin.py:190} INFO - [2026-04-12T15:44:05.283+0000] {dagbag.py:588} INFO - Filling up the DagBag from /opt/airflow/dags/kafka_load.py
[2026-04-12T15:44:05.325+0000] {processor.py:925} INFO - DAG(s) 'kafka_producer' retrieved from /opt/airflow/dags/kafka_load.py
[2026-04-12T15:44:05.355+0000] {logging_mixin.py:190} INFO - [2026-04-12T15:44:05.355+0000] {dag.py:3239} INFO - Sync 1 DAGs
[2026-04-12T15:44:05.389+0000] {logging_mixin.py:190} INFO - [2026-04-12T15:44:05.389+0000] {dag.py:4180} INFO - Setting next_dagrun for kafka_producer to 2026-04-11 18:30:00+00:00, run_after=2026-04-12 18:30:00+00:00
[2026-04-12T15:44:05.422+0000] {processor.py:208} INFO - Processing /opt/airflow/dags/kafka_load.py took 0.153 seconds
[2026-04-12T15:44:35.889+0000] {processor.py:186} INFO - Started process (PID=148) to work on /opt/airflow/dags/kafka_load.py
[2026-04-12T15:44:35.891+0000] {processor.py:914} INFO - Processing file /opt/airflow/dags/kafka_load.py for tasks to queue
[2026-04-12T15:44:35.894+0000] {logging_mixin.py:190} INFO - [2026-04-12T15:44:35.894+0000] {dagbag.py:588} INFO - Filling up the DagBag from /opt/airflow/dags/kafka_load.py
[2026-04-12T15:44:35.936+0000] {processor.py:925} INFO - DAG(s) 'kafka_producer' retrieved from /opt/airflow/dags/kafka_load.py
[2026-04-12T15:44:35.972+0000] {logging_mixin.py:190} INFO - [2026-04-12T15:44:35.972+0000] {dag.py:3239} INFO - Sync 1 DAGs
[2026-04-12T15:44:36.003+0000] {logging_mixin.py:190} INFO - [2026-04-12T15:44:36.003+0000] {dag.py:4180} INFO - Setting next_dagrun for kafka_producer to 2026-04-11 18:30:00+00:00, run_after=2026-04-12 18:30:00+00:00
[2026-04-12T15:44:36.028+0000] {processor.py:208} INFO - Processing /opt/airflow/dags/kafka_load.py took 0.147 seconds
[2026-04-12T15:45:06.573+0000] {processor.py:186} INFO - Started process (PID=151) to work on /opt/airflow/dags/kafka_load.py
[2026-04-12T15:45:06.575+0000] {processor.py:914} INFO - Processing file /opt/airflow/dags/kafka_load.py for tasks to queue
[2026-04-12T15:45:06.578+0000] {logging_mixin.py:190} INFO - [2026-04-12T15:45:06.578+0000] {dagbag.py:588} INFO - Filling up the DagBag from /opt/airflow/dags/kafka_load.py
[2026-04-12T15:45:06.618+0000] {processor.py:925} INFO - DAG(s) 'kafka_producer' retrieved from /opt/airflow/dags/kafka_load.py
[2026-04-12T15:45:06.646+0000] {logging_mixin.py:190} INFO - [2026-04-12T15:45:06.646+0000] {dag.py:3239} INFO - Sync 1 DAGs
[2026-04-12T15:45:06.677+0000] {logging_mixin.py:190} INFO - [2026-04-12T15:45:06.677+0000] {dag.py:4180} INFO - Setting next_dagrun for kafka_producer to 2026-04-11 18:30:00+00:00, run_after=2026-04-12 18:30:00+00:00
[2026-04-12T15:45:06.701+0000] {processor.py:208} INFO - Processing /opt/airflow/dags/kafka_load.py took 0.139 seconds
[2026-04-12T15:45:37.292+0000] {processor.py:186} INFO - Started process (PID=154) to work on /opt/airflow/dags/kafka_load.py
[2026-04-12T15:45:37.295+0000] {processor.py:914} INFO - Processing file /opt/airflow/dags/kafka_load.py for tasks to queue
[2026-04-12T15:45:37.307+0000] {logging_mixin.py:190} INFO - [2026-04-12T15:45:37.306+0000] {dagbag.py:588} INFO - Filling up the DagBag from /opt/airflow/dags/kafka_load.py
[2026-04-12T15:45:37.488+0000] {processor.py:925} INFO - DAG(s) 'kafka_producer' retrieved from /opt/airflow/dags/kafka_load.py
[2026-04-12T15:45:37.532+0000] {logging_mixin.py:190} INFO - [2026-04-12T15:45:37.532+0000] {dag.py:3239} INFO - Sync 1 DAGs
[2026-04-12T15:45:37.580+0000] {logging_mixin.py:190} INFO - [2026-04-12T15:45:37.579+0000] {dag.py:4180} INFO - Setting next_dagrun for kafka_producer to 2026-04-11 18:30:00+00:00, run_after=2026-04-12 18:30:00+00:00
[2026-04-12T15:45:37.605+0000] {processor.py:208} INFO - Processing /opt/airflow/dags/kafka_load.py took 0.367 seconds
[2026-04-12T15:46:08.050+0000] {processor.py:186} INFO - Started process (PID=157) to work on /opt/airflow/dags/kafka_load.py
[2026-04-12T15:46:08.052+0000] {processor.py:914} INFO - Processing file /opt/airflow/dags/kafka_load.py for tasks to queue
[2026-04-12T15:46:08.056+0000] {logging_mixin.py:190} INFO - [2026-04-12T15:46:08.055+0000] {dagbag.py:588} INFO - Filling up the DagBag from /opt/airflow/dags/kafka_load.py
[2026-04-12T15:46:08.108+0000] {processor.py:925} INFO - DAG(s) 'kafka_producer' retrieved from /opt/airflow/dags/kafka_load.py
[2026-04-12T15:46:08.138+0000] {logging_mixin.py:190} INFO - [2026-04-12T15:46:08.138+0000] {dag.py:3239} INFO - Sync 1 DAGs
[2026-04-12T15:46:08.172+0000] {logging_mixin.py:190} INFO - [2026-04-12T15:46:08.172+0000] {dag.py:4180} INFO - Setting next_dagrun for kafka_producer to 2026-04-11 18:30:00+00:00, run_after=2026-04-12 18:30:00+00:00
[2026-04-12T15:46:08.199+0000] {processor.py:208} INFO - Processing /opt/airflow/dags/kafka_load.py took 0.163 seconds
[2026-04-12T15:46:38.658+0000] {processor.py:186} INFO - Started process (PID=160) to work on /opt/airflow/dags/kafka_load.py
[2026-04-12T15:46:38.660+0000] {processor.py:914} INFO - Processing file /opt/airflow/dags/kafka_load.py for tasks to queue
[2026-04-12T15:46:38.663+0000] {logging_mixin.py:190} INFO - [2026-04-12T15:46:38.662+0000] {dagbag.py:588} INFO - Filling up the DagBag from /opt/airflow/dags/kafka_load.py
[2026-04-12T15:46:38.704+0000] {processor.py:925} INFO - DAG(s) 'kafka_producer' retrieved from /opt/airflow/dags/kafka_load.py
[2026-04-12T15:46:38.750+0000] {logging_mixin.py:190} INFO - [2026-04-12T15:46:38.749+0000] {dag.py:3239} INFO - Sync 1 DAGs
[2026-04-12T15:46:38.785+0000] {logging_mixin.py:190} INFO - [2026-04-12T15:46:38.785+0000] {dag.py:4180} INFO - Setting next_dagrun for kafka_producer to 2026-04-11 18:30:00+00:00, run_after=2026-04-12 18:30:00+00:00
[2026-04-12T15:46:38.823+0000] {processor.py:208} INFO - Processing /opt/airflow/dags/kafka_load.py took 0.176 seconds
[2026-04-12T15:47:09.248+0000] {processor.py:186} INFO - Started process (PID=163) to work on /opt/airflow/dags/kafka_load.py
[2026-04-12T15:47:09.250+0000] {processor.py:914} INFO - Processing file /opt/airflow/dags/kafka_load.py for tasks to queue
[2026-04-12T15:47:09.255+0000] {logging_mixin.py:190} INFO - [2026-04-12T15:47:09.254+0000] {dagbag.py:588} INFO - Filling up the DagBag from /opt/airflow/dags/kafka_load.py
[2026-04-12T15:47:09.288+0000] {processor.py:925} INFO - DAG(s) 'kafka_producer' retrieved from /opt/airflow/dags/kafka_load.py
[2026-04-12T15:47:09.321+0000] {logging_mixin.py:190} INFO - [2026-04-12T15:47:09.320+0000] {dag.py:3239} INFO - Sync 1 DAGs
[2026-04-12T15:47:09.358+0000] {logging_mixin.py:190} INFO - [2026-04-12T15:47:09.357+0000] {dag.py:4180} INFO - Setting next_dagrun for kafka_producer to 2026-04-11 18:30:00+00:00, run_after=2026-04-12 18:30:00+00:00
[2026-04-12T15:47:09.390+0000] {processor.py:208} INFO - Processing /opt/airflow/dags/kafka_load.py took 0.152 seconds
[2026-04-12T15:47:39.846+0000] {processor.py:186} INFO - Started process (PID=166) to work on /opt/airflow/dags/kafka_load.py
[2026-04-12T15:47:39.848+0000] {processor.py:914} INFO - Processing file /opt/airflow/dags/kafka_load.py for tasks to queue
[2026-04-12T15:47:39.858+0000] {logging_mixin.py:190} INFO - [2026-04-12T15:47:39.858+0000] {dagbag.py:588} INFO - Filling up the DagBag from /opt/airflow/dags/kafka_load.py
[2026-04-12T15:47:39.891+0000] {processor.py:925} INFO - DAG(s) 'kafka_producer' retrieved from /opt/airflow/dags/kafka_load.py
[2026-04-12T15:47:39.919+0000] {logging_mixin.py:190} INFO - [2026-04-12T15:47:39.919+0000] {dag.py:3239} INFO - Sync 1 DAGs
[2026-04-12T15:47:39.954+0000] {logging_mixin.py:190} INFO - [2026-04-12T15:47:39.954+0000] {dag.py:4180} INFO - Setting next_dagrun for kafka_producer to 2026-04-11 18:30:00+00:00, run_after=2026-04-12 18:30:00+00:00
[2026-04-12T15:47:39.981+0000] {processor.py:208} INFO - Processing /opt/airflow/dags/kafka_load.py took 0.145 seconds
[2026-04-12T15:48:10.490+0000] {processor.py:186} INFO - Started process (PID=169) to work on /opt/airflow/dags/kafka_load.py
[2026-04-12T15:48:10.493+0000] {processor.py:914} INFO - Processing file /opt/airflow/dags/kafka_load.py for tasks to queue
[2026-04-12T15:48:10.500+0000] {logging_mixin.py:190} INFO - [2026-04-12T15:48:10.499+0000] {dagbag.py:588} INFO - Filling up the DagBag from /opt/airflow/dags/kafka_load.py
[2026-04-12T15:48:10.555+0000] {processor.py:925} INFO - DAG(s) 'kafka_producer' retrieved from /opt/airflow/dags/kafka_load.py
[2026-04-12T15:48:10.602+0000] {logging_mixin.py:190} INFO - [2026-04-12T15:48:10.601+0000] {dag.py:3239} INFO - Sync 1 DAGs
[2026-04-12T15:48:10.635+0000] {logging_mixin.py:190} INFO - [2026-04-12T15:48:10.635+0000] {dag.py:4180} INFO - Setting next_dagrun for kafka_producer to 2026-04-11 18:30:00+00:00, run_after=2026-04-12 18:30:00+00:00
[2026-04-12T15:48:10.664+0000] {processor.py:208} INFO - Processing /opt/airflow/dags/kafka_load.py took 0.185 seconds
[2026-04-12T15:48:41.174+0000] {processor.py:186} INFO - Started process (PID=172) to work on /opt/airflow/dags/kafka_load.py
[2026-04-12T15:48:41.176+0000] {processor.py:914} INFO - Processing file /opt/airflow/dags/kafka_load.py for tasks to queue
[2026-04-12T15:48:41.179+0000] {logging_mixin.py:190} INFO - [2026-04-12T15:48:41.179+0000] {dagbag.py:588} INFO - Filling up the DagBag from /opt/airflow/dags/kafka_load.py
[2026-04-12T15:48:41.222+0000] {processor.py:925} INFO - DAG(s) 'kafka_producer' retrieved from /opt/airflow/dags/kafka_load.py
[2026-04-12T15:48:41.251+0000] {logging_mixin.py:190} INFO - [2026-04-12T15:48:41.250+0000] {dag.py:3239} INFO - Sync 1 DAGs
[2026-04-12T15:48:41.282+0000] {logging_mixin.py:190} INFO - [2026-04-12T15:48:41.281+0000] {dag.py:4180} INFO - Setting next_dagrun for kafka_producer to 2026-04-11 18:30:00+00:00, run_after=2026-04-12 18:30:00+00:00
[2026-04-12T15:48:41.310+0000] {processor.py:208} INFO - Processing /opt/airflow/dags/kafka_load.py took 0.145 seconds
[2026-04-12T15:49:11.817+0000] {processor.py:186} INFO - Started process (PID=175) to work on /opt/airflow/dags/kafka_load.py
[2026-04-12T15:49:11.819+0000] {processor.py:914} INFO - Processing file /opt/airflow/dags/kafka_load.py for tasks to queue
[2026-04-12T15:49:11.823+0000] {logging_mixin.py:190} INFO - [2026-04-12T15:49:11.822+0000] {dagbag.py:588} INFO - Filling up the DagBag from /opt/airflow/dags/kafka_load.py
[2026-04-12T15:49:11.863+0000] {processor.py:925} INFO - DAG(s) 'kafka_producer' retrieved from /opt/airflow/dags/kafka_load.py
[2026-04-12T15:49:11.893+0000] {logging_mixin.py:190} INFO - [2026-04-12T15:49:11.893+0000] {dag.py:3239} INFO - Sync 1 DAGs
[2026-04-12T15:49:11.927+0000] {logging_mixin.py:190} INFO - [2026-04-12T15:49:11.927+0000] {dag.py:4180} INFO - Setting next_dagrun for kafka_producer to 2026-04-11 18:30:00+00:00, run_after=2026-04-12 18:30:00+00:00
[2026-04-12T15:49:11.951+0000] {processor.py:208} INFO - Processing /opt/airflow/dags/kafka_load.py took 0.150 seconds
[2026-04-12T15:49:42.340+0000] {processor.py:186} INFO - Started process (PID=178) to work on /opt/airflow/dags/kafka_load.py
[2026-04-12T15:49:42.341+0000] {processor.py:914} INFO - Processing file /opt/airflow/dags/kafka_load.py for tasks to queue
[2026-04-12T15:49:42.349+0000] {logging_mixin.py:190} INFO - [2026-04-12T15:49:42.347+0000] {dagbag.py:588} INFO - Filling up the DagBag from /opt/airflow/dags/kafka_load.py
[2026-04-12T15:49:42.402+0000] {processor.py:925} INFO - DAG(s) 'kafka_producer' retrieved from /opt/airflow/dags/kafka_load.py
[2026-04-12T15:49:42.433+0000] {logging_mixin.py:190} INFO - [2026-04-12T15:49:42.432+0000] {dag.py:3239} INFO - Sync 1 DAGs
[2026-04-12T15:49:42.462+0000] {logging_mixin.py:190} INFO - [2026-04-12T15:49:42.461+0000] {dag.py:4180} INFO - Setting next_dagrun for kafka_producer to 2026-04-11 18:30:00+00:00, run_after=2026-04-12 18:30:00+00:00
[2026-04-12T15:49:42.489+0000] {processor.py:208} INFO - Processing /opt/airflow/dags/kafka_load.py took 0.160 seconds
[2026-04-12T15:51:30.861+0000] {processor.py:186} INFO - Started process (PID=30) to work on /opt/airflow/dags/kafka_load.py
[2026-04-12T15:51:30.864+0000] {processor.py:914} INFO - Processing file /opt/airflow/dags/kafka_load.py for tasks to queue
[2026-04-12T15:51:30.867+0000] {logging_mixin.py:190} INFO - [2026-04-12T15:51:30.867+0000] {dagbag.py:588} INFO - Filling up the DagBag from /opt/airflow/dags/kafka_load.py
[2026-04-12T15:51:30.909+0000] {processor.py:925} INFO - DAG(s) 'kafka_producer' retrieved from /opt/airflow/dags/kafka_load.py
[2026-04-12T15:51:31.393+0000] {logging_mixin.py:190} INFO - [2026-04-12T15:51:31.392+0000] {override.py:1912} INFO - Created Permission View: can read on DAG:kafka_producer
[2026-04-12T15:51:31.409+0000] {logging_mixin.py:190} INFO - [2026-04-12T15:51:31.409+0000] {override.py:1912} INFO - Created Permission View: can edit on DAG:kafka_producer
[2026-04-12T15:51:31.421+0000] {logging_mixin.py:190} INFO - [2026-04-12T15:51:31.420+0000] {override.py:1912} INFO - Created Permission View: can delete on DAG:kafka_producer
[2026-04-12T15:51:31.437+0000] {logging_mixin.py:190} INFO - [2026-04-12T15:51:31.436+0000] {override.py:1912} INFO - Created Permission View: can read on DAG Run:kafka_producer
[2026-04-12T15:51:31.465+0000] {logging_mixin.py:190} INFO - [2026-04-12T15:51:31.464+0000] {override.py:1912} INFO - Created Permission View: can create on DAG Run:kafka_producer
[2026-04-12T15:51:31.489+0000] {logging_mixin.py:190} INFO - [2026-04-12T15:51:31.489+0000] {override.py:1912} INFO - Created Permission View: can delete on DAG Run:kafka_producer
[2026-04-12T15:51:31.507+0000] {logging_mixin.py:190} INFO - [2026-04-12T15:51:31.507+0000] {override.py:1912} INFO - Created Permission View: menu access on DAG Run:kafka_producer
[2026-04-12T15:51:31.508+0000] {logging_mixin.py:190} INFO - [2026-04-12T15:51:31.508+0000] {dag.py:3239} INFO - Sync 1 DAGs
[2026-04-12T15:51:31.543+0000] {logging_mixin.py:190} INFO - [2026-04-12T15:51:31.542+0000] {dag.py:3262} INFO - Creating ORM DAG for kafka_producer
[2026-04-12T15:51:31.562+0000] {logging_mixin.py:190} INFO - [2026-04-12T15:51:31.561+0000] {dag.py:4180} INFO - Setting next_dagrun for kafka_producer to 2026-04-10 18:30:00+00:00, run_after=2026-04-11 18:30:00+00:00
[2026-04-12T15:51:31.603+0000] {processor.py:208} INFO - Processing /opt/airflow/dags/kafka_load.py took 0.752 seconds
[2026-04-12T15:52:02.291+0000] {processor.py:186} INFO - Started process (PID=33) to work on /opt/airflow/dags/kafka_load.py
[2026-04-12T15:52:02.293+0000] {processor.py:914} INFO - Processing file /opt/airflow/dags/kafka_load.py for tasks to queue
[2026-04-12T15:52:02.298+0000] {logging_mixin.py:190} INFO - [2026-04-12T15:52:02.298+0000] {dagbag.py:588} INFO - Filling up the DagBag from /opt/airflow/dags/kafka_load.py
[2026-04-12T15:52:02.380+0000] {processor.py:925} INFO - DAG(s) 'kafka_producer' retrieved from /opt/airflow/dags/kafka_load.py
[2026-04-12T15:52:02.421+0000] {logging_mixin.py:190} INFO - [2026-04-12T15:52:02.421+0000] {dag.py:3239} INFO - Sync 1 DAGs
[2026-04-12T15:52:02.466+0000] {logging_mixin.py:190} INFO - [2026-04-12T15:52:02.466+0000] {dag.py:4180} INFO - Setting next_dagrun for kafka_producer to 2026-04-10 18:30:00+00:00, run_after=2026-04-11 18:30:00+00:00
[2026-04-12T15:52:02.492+0000] {processor.py:208} INFO - Processing /opt/airflow/dags/kafka_load.py took 0.217 seconds
[2026-04-12T15:52:32.920+0000] {processor.py:186} INFO - Started process (PID=36) to work on /opt/airflow/dags/kafka_load.py
[2026-04-12T15:52:32.921+0000] {processor.py:914} INFO - Processing file /opt/airflow/dags/kafka_load.py for tasks to queue
[2026-04-12T15:52:32.925+0000] {logging_mixin.py:190} INFO - [2026-04-12T15:52:32.925+0000] {dagbag.py:588} INFO - Filling up the DagBag from /opt/airflow/dags/kafka_load.py
[2026-04-12T15:52:32.964+0000] {processor.py:925} INFO - DAG(s) 'kafka_producer' retrieved from /opt/airflow/dags/kafka_load.py
[2026-04-12T15:52:32.998+0000] {logging_mixin.py:190} INFO - [2026-04-12T15:52:32.998+0000] {dag.py:3239} INFO - Sync 1 DAGs
[2026-04-12T15:52:33.043+0000] {logging_mixin.py:190} INFO - [2026-04-12T15:52:33.042+0000] {dag.py:4180} INFO - Setting next_dagrun for kafka_producer to 2026-04-10 18:30:00+00:00, run_after=2026-04-11 18:30:00+00:00
[2026-04-12T15:52:33.072+0000] {processor.py:208} INFO - Processing /opt/airflow/dags/kafka_load.py took 0.166 seconds
[2026-04-12T15:53:03.588+0000] {processor.py:186} INFO - Started process (PID=39) to work on /opt/airflow/dags/kafka_load.py
[2026-04-12T15:53:03.591+0000] {processor.py:914} INFO - Processing file /opt/airflow/dags/kafka_load.py for tasks to queue
[2026-04-12T15:53:03.596+0000] {logging_mixin.py:190} INFO - [2026-04-12T15:53:03.595+0000] {dagbag.py:588} INFO - Filling up the DagBag from /opt/airflow/dags/kafka_load.py
[2026-04-12T15:53:03.641+0000] {processor.py:925} INFO - DAG(s) 'kafka_producer' retrieved from /opt/airflow/dags/kafka_load.py
[2026-04-12T15:53:03.677+0000] {logging_mixin.py:190} INFO - [2026-04-12T15:53:03.676+0000] {dag.py:3239} INFO - Sync 1 DAGs
[2026-04-12T15:53:03.715+0000] {logging_mixin.py:190} INFO - [2026-04-12T15:53:03.715+0000] {dag.py:4180} INFO - Setting next_dagrun for kafka_producer to 2026-04-11 18:30:00+00:00, run_after=2026-04-12 18:30:00+00:00
[2026-04-12T15:53:03.749+0000] {processor.py:208} INFO - Processing /opt/airflow/dags/kafka_load.py took 0.172 seconds
[2026-04-12T15:53:34.254+0000] {processor.py:186} INFO - Started process (PID=42) to work on /opt/airflow/dags/kafka_load.py
[2026-04-12T15:53:34.255+0000] {processor.py:914} INFO - Processing file /opt/airflow/dags/kafka_load.py for tasks to queue
[2026-04-12T15:53:34.260+0000] {logging_mixin.py:190} INFO - [2026-04-12T15:53:34.259+0000] {dagbag.py:588} INFO - Filling up the DagBag from /opt/airflow/dags/kafka_load.py
[2026-04-12T15:53:34.299+0000] {processor.py:925} INFO - DAG(s) 'kafka_producer' retrieved from /opt/airflow/dags/kafka_load.py
[2026-04-12T15:53:34.325+0000] {logging_mixin.py:190} INFO - [2026-04-12T15:53:34.324+0000] {dag.py:3239} INFO - Sync 1 DAGs
[2026-04-12T15:53:34.357+0000] {logging_mixin.py:190} INFO - [2026-04-12T15:53:34.357+0000] {dag.py:4180} INFO - Setting next_dagrun for kafka_producer to 2026-04-11 18:30:00+00:00, run_after=2026-04-12 18:30:00+00:00
[2026-04-12T15:53:34.384+0000] {processor.py:208} INFO - Processing /opt/airflow/dags/kafka_load.py took 0.140 seconds
[2026-04-12T15:54:04.848+0000] {processor.py:186} INFO - Started process (PID=45) to work on /opt/airflow/dags/kafka_load.py
[2026-04-12T15:54:04.850+0000] {processor.py:914} INFO - Processing file /opt/airflow/dags/kafka_load.py for tasks to queue
[2026-04-12T15:54:04.859+0000] {logging_mixin.py:190} INFO - [2026-04-12T15:54:04.859+0000] {dagbag.py:588} INFO - Filling up the DagBag from /opt/airflow/dags/kafka_load.py
[2026-04-12T15:54:04.906+0000] {processor.py:925} INFO - DAG(s) 'kafka_producer' retrieved from /opt/airflow/dags/kafka_load.py
[2026-04-12T15:54:04.937+0000] {logging_mixin.py:190} INFO - [2026-04-12T15:54:04.937+0000] {dag.py:3239} INFO - Sync 1 DAGs
[2026-04-12T15:54:04.974+0000] {logging_mixin.py:190} INFO - [2026-04-12T15:54:04.974+0000] {dag.py:4180} INFO - Setting next_dagrun for kafka_producer to 2026-04-11 18:30:00+00:00, run_after=2026-04-12 18:30:00+00:00
[2026-04-12T15:54:05.001+0000] {processor.py:208} INFO - Processing /opt/airflow/dags/kafka_load.py took 0.166 seconds
[2026-04-12T15:54:35.460+0000] {processor.py:186} INFO - Started process (PID=48) to work on /opt/airflow/dags/kafka_load.py
[2026-04-12T15:54:35.462+0000] {processor.py:914} INFO - Processing file /opt/airflow/dags/kafka_load.py for tasks to queue
[2026-04-12T15:54:35.466+0000] {logging_mixin.py:190} INFO - [2026-04-12T15:54:35.465+0000] {dagbag.py:588} INFO - Filling up the DagBag from /opt/airflow/dags/kafka_load.py
[2026-04-12T15:54:35.507+0000] {processor.py:925} INFO - DAG(s) 'kafka_producer' retrieved from /opt/airflow/dags/kafka_load.py
[2026-04-12T15:54:35.543+0000] {logging_mixin.py:190} INFO - [2026-04-12T15:54:35.543+0000] {dag.py:3239} INFO - Sync 1 DAGs
[2026-04-12T15:54:35.601+0000] {logging_mixin.py:190} INFO - [2026-04-12T15:54:35.601+0000] {dag.py:4180} INFO - Setting next_dagrun for kafka_producer to 2026-04-11 18:30:00+00:00, run_after=2026-04-12 18:30:00+00:00
[2026-04-12T15:54:35.731+0000] {processor.py:208} INFO - Processing /opt/airflow/dags/kafka_load.py took 0.282 seconds
[2026-04-12T15:55:06.213+0000] {processor.py:186} INFO - Started process (PID=51) to work on /opt/airflow/dags/kafka_load.py
[2026-04-12T15:55:06.215+0000] {processor.py:914} INFO - Processing file /opt/airflow/dags/kafka_load.py for tasks to queue
[2026-04-12T15:55:06.219+0000] {logging_mixin.py:190} INFO - [2026-04-12T15:55:06.218+0000] {dagbag.py:588} INFO - Filling up the DagBag from /opt/airflow/dags/kafka_load.py
[2026-04-12T15:55:06.257+0000] {processor.py:925} INFO - DAG(s) 'kafka_producer' retrieved from /opt/airflow/dags/kafka_load.py
[2026-04-12T15:55:06.285+0000] {logging_mixin.py:190} INFO - [2026-04-12T15:55:06.284+0000] {dag.py:3239} INFO - Sync 1 DAGs
[2026-04-12T15:55:06.322+0000] {logging_mixin.py:190} INFO - [2026-04-12T15:55:06.321+0000] {dag.py:4180} INFO - Setting next_dagrun for kafka_producer to 2026-04-11 18:30:00+00:00, run_after=2026-04-12 18:30:00+00:00
[2026-04-12T15:55:07.511+0000] {processor.py:208} INFO - Processing /opt/airflow/dags/kafka_load.py took 1.310 seconds
[2026-04-12T15:55:37.671+0000] {processor.py:186} INFO - Started process (PID=54) to work on /opt/airflow/dags/kafka_load.py
[2026-04-12T15:55:37.674+0000] {processor.py:914} INFO - Processing file /opt/airflow/dags/kafka_load.py for tasks to queue
[2026-04-12T15:55:37.677+0000] {logging_mixin.py:190} INFO - [2026-04-12T15:55:37.676+0000] {dagbag.py:588} INFO - Filling up the DagBag from /opt/airflow/dags/kafka_load.py
[2026-04-12T15:55:37.710+0000] {processor.py:925} INFO - DAG(s) 'kafka_producer' retrieved from /opt/airflow/dags/kafka_load.py
[2026-04-12T15:55:37.737+0000] {logging_mixin.py:190} INFO - [2026-04-12T15:55:37.737+0000] {dag.py:3239} INFO - Sync 1 DAGs
[2026-04-12T15:55:37.807+0000] {logging_mixin.py:190} INFO - [2026-04-12T15:55:37.806+0000] {dag.py:4180} INFO - Setting next_dagrun for kafka_producer to 2026-04-11 18:30:00+00:00, run_after=2026-04-12 18:30:00+00:00
[2026-04-12T15:55:37.830+0000] {processor.py:208} INFO - Processing /opt/airflow/dags/kafka_load.py took 0.169 seconds
[2026-04-12T15:56:08.265+0000] {processor.py:186} INFO - Started process (PID=57) to work on /opt/airflow/dags/kafka_load.py
[2026-04-12T15:56:08.269+0000] {processor.py:914} INFO - Processing file /opt/airflow/dags/kafka_load.py for tasks to queue
[2026-04-12T15:56:08.272+0000] {logging_mixin.py:190} INFO - [2026-04-12T15:56:08.272+0000] {dagbag.py:588} INFO - Filling up the DagBag from /opt/airflow/dags/kafka_load.py
[2026-04-12T15:56:08.304+0000] {processor.py:925} INFO - DAG(s) 'kafka_producer' retrieved from /opt/airflow/dags/kafka_load.py
[2026-04-12T15:56:08.352+0000] {logging_mixin.py:190} INFO - [2026-04-12T15:56:08.351+0000] {dag.py:3239} INFO - Sync 1 DAGs
[2026-04-12T15:56:08.392+0000] {logging_mixin.py:190} INFO - [2026-04-12T15:56:08.391+0000] {dag.py:4180} INFO - Setting next_dagrun for kafka_producer to 2026-04-11 18:30:00+00:00, run_after=2026-04-12 18:30:00+00:00
[2026-04-12T15:56:08.414+0000] {processor.py:208} INFO - Processing /opt/airflow/dags/kafka_load.py took 0.158 seconds
[2026-04-12T15:56:39.013+0000] {processor.py:186} INFO - Started process (PID=60) to work on /opt/airflow/dags/kafka_load.py
[2026-04-12T15:56:39.015+0000] {processor.py:914} INFO - Processing file /opt/airflow/dags/kafka_load.py for tasks to queue
[2026-04-12T15:56:39.021+0000] {logging_mixin.py:190} INFO - [2026-04-12T15:56:39.020+0000] {dagbag.py:588} INFO - Filling up the DagBag from /opt/airflow/dags/kafka_load.py
[2026-04-12T15:56:39.060+0000] {processor.py:925} INFO - DAG(s) 'kafka_producer' retrieved from /opt/airflow/dags/kafka_load.py
[2026-04-12T15:56:39.092+0000] {logging_mixin.py:190} INFO - [2026-04-12T15:56:39.091+0000] {dag.py:3239} INFO - Sync 1 DAGs
[2026-04-12T15:56:39.127+0000] {logging_mixin.py:190} INFO - [2026-04-12T15:56:39.126+0000] {dag.py:4180} INFO - Setting next_dagrun for kafka_producer to 2026-04-11 18:30:00+00:00, run_after=2026-04-12 18:30:00+00:00
[2026-04-12T15:56:39.153+0000] {processor.py:208} INFO - Processing /opt/airflow/dags/kafka_load.py took 0.160 seconds
[2026-04-12T15:57:09.607+0000] {processor.py:186} INFO - Started process (PID=63) to work on /opt/airflow/dags/kafka_load.py
[2026-04-12T15:57:09.608+0000] {processor.py:914} INFO - Processing file /opt/airflow/dags/kafka_load.py for tasks to queue
[2026-04-12T15:57:09.611+0000] {logging_mixin.py:190} INFO - [2026-04-12T15:57:09.611+0000] {dagbag.py:588} INFO - Filling up the DagBag from /opt/airflow/dags/kafka_load.py
[2026-04-12T15:57:09.658+0000] {processor.py:925} INFO - DAG(s) 'kafka_producer' retrieved from /opt/airflow/dags/kafka_load.py
[2026-04-12T15:57:09.694+0000] {logging_mixin.py:190} INFO - [2026-04-12T15:57:09.694+0000] {dag.py:3239} INFO - Sync 1 DAGs
[2026-04-12T15:57:09.731+0000] {logging_mixin.py:190} INFO - [2026-04-12T15:57:09.731+0000] {dag.py:4180} INFO - Setting next_dagrun for kafka_producer to 2026-04-11 18:30:00+00:00, run_after=2026-04-12 18:30:00+00:00
[2026-04-12T15:57:09.755+0000] {processor.py:208} INFO - Processing /opt/airflow/dags/kafka_load.py took 0.157 seconds
[2026-04-12T15:57:40.248+0000] {processor.py:186} INFO - Started process (PID=66) to work on /opt/airflow/dags/kafka_load.py
[2026-04-12T15:57:40.249+0000] {processor.py:914} INFO - Processing file /opt/airflow/dags/kafka_load.py for tasks to queue
[2026-04-12T15:57:40.253+0000] {logging_mixin.py:190} INFO - [2026-04-12T15:57:40.253+0000] {dagbag.py:588} INFO - Filling up the DagBag from /opt/airflow/dags/kafka_load.py
[2026-04-12T15:57:40.292+0000] {processor.py:925} INFO - DAG(s) 'kafka_producer' retrieved from /opt/airflow/dags/kafka_load.py
[2026-04-12T15:57:40.329+0000] {logging_mixin.py:190} INFO - [2026-04-12T15:57:40.328+0000] {dag.py:3239} INFO - Sync 1 DAGs
[2026-04-12T15:57:40.368+0000] {logging_mixin.py:190} INFO - [2026-04-12T15:57:40.368+0000] {dag.py:4180} INFO - Setting next_dagrun for kafka_producer to 2026-04-11 18:30:00+00:00, run_after=2026-04-12 18:30:00+00:00
[2026-04-12T15:57:40.403+0000] {processor.py:208} INFO - Processing /opt/airflow/dags/kafka_load.py took 0.166 seconds
[2026-04-12T15:58:10.827+0000] {processor.py:186} INFO - Started process (PID=69) to work on /opt/airflow/dags/kafka_load.py
[2026-04-12T15:58:10.828+0000] {processor.py:914} INFO - Processing file /opt/airflow/dags/kafka_load.py for tasks to queue
[2026-04-12T15:58:10.834+0000] {logging_mixin.py:190} INFO - [2026-04-12T15:58:10.833+0000] {dagbag.py:588} INFO - Filling up the DagBag from /opt/airflow/dags/kafka_load.py
[2026-04-12T15:58:10.874+0000] {processor.py:925} INFO - DAG(s) 'kafka_producer' retrieved from /opt/airflow/dags/kafka_load.py
[2026-04-12T15:58:10.909+0000] {logging_mixin.py:190} INFO - [2026-04-12T15:58:10.909+0000] {dag.py:3239} INFO - Sync 1 DAGs
[2026-04-12T15:58:10.949+0000] {logging_mixin.py:190} INFO - [2026-04-12T15:58:10.948+0000] {dag.py:4180} INFO - Setting next_dagrun for kafka_producer to 2026-04-11 18:30:00+00:00, run_after=2026-04-12 18:30:00+00:00
[2026-04-12T15:58:10.971+0000] {processor.py:208} INFO - Processing /opt/airflow/dags/kafka_load.py took 0.153 seconds
[2026-04-12T15:58:41.482+0000] {processor.py:186} INFO - Started process (PID=72) to work on /opt/airflow/dags/kafka_load.py
[2026-04-12T15:58:41.483+0000] {processor.py:914} INFO - Processing file /opt/airflow/dags/kafka_load.py for tasks to queue
[2026-04-12T15:58:41.487+0000] {logging_mixin.py:190} INFO - [2026-04-12T15:58:41.486+0000] {dagbag.py:588} INFO - Filling up the DagBag from /opt/airflow/dags/kafka_load.py
[2026-04-12T15:58:41.546+0000] {processor.py:925} INFO - DAG(s) 'kafka_producer' retrieved from /opt/airflow/dags/kafka_load.py
[2026-04-12T15:58:41.592+0000] {logging_mixin.py:190} INFO - [2026-04-12T15:58:41.592+0000] {dag.py:3239} INFO - Sync 1 DAGs
[2026-04-12T15:58:41.629+0000] {logging_mixin.py:190} INFO - [2026-04-12T15:58:41.629+0000] {dag.py:4180} INFO - Setting next_dagrun for kafka_producer to 2026-04-11 18:30:00+00:00, run_after=2026-04-12 18:30:00+00:00
[2026-04-12T15:58:41.662+0000] {processor.py:208} INFO - Processing /opt/airflow/dags/kafka_load.py took 0.200 seconds
[2026-04-12T15:59:12.347+0000] {processor.py:186} INFO - Started process (PID=75) to work on /opt/airflow/dags/kafka_load.py
[2026-04-12T15:59:12.352+0000] {processor.py:914} INFO - Processing file /opt/airflow/dags/kafka_load.py for tasks to queue
[2026-04-12T15:59:12.357+0000] {logging_mixin.py:190} INFO - [2026-04-12T15:59:12.357+0000] {dagbag.py:588} INFO - Filling up the DagBag from /opt/airflow/dags/kafka_load.py
[2026-04-12T15:59:12.394+0000] {processor.py:925} INFO - DAG(s) 'kafka_producer' retrieved from /opt/airflow/dags/kafka_load.py
[2026-04-12T15:59:12.455+0000] {logging_mixin.py:190} INFO - [2026-04-12T15:59:12.454+0000] {dag.py:3239} INFO - Sync 1 DAGs
[2026-04-12T15:59:12.522+0000] {logging_mixin.py:190} INFO - [2026-04-12T15:59:12.522+0000] {dag.py:4180} INFO - Setting next_dagrun for kafka_producer to 2026-04-11 18:30:00+00:00, run_after=2026-04-12 18:30:00+00:00
[2026-04-12T15:59:12.554+0000] {processor.py:208} INFO - Processing /opt/airflow/dags/kafka_load.py took 0.215 seconds
[2026-04-12T15:59:43.247+0000] {processor.py:186} INFO - Started process (PID=78) to work on /opt/airflow/dags/kafka_load.py
[2026-04-12T15:59:43.252+0000] {processor.py:914} INFO - Processing file /opt/airflow/dags/kafka_load.py for tasks to queue
[2026-04-12T15:59:43.256+0000] {logging_mixin.py:190} INFO - [2026-04-12T15:59:43.255+0000] {dagbag.py:588} INFO - Filling up the DagBag from /opt/airflow/dags/kafka_load.py
[2026-04-12T15:59:43.312+0000] {processor.py:925} INFO - DAG(s) 'kafka_producer' retrieved from /opt/airflow/dags/kafka_load.py
[2026-04-12T15:59:43.372+0000] {logging_mixin.py:190} INFO - [2026-04-12T15:59:43.372+0000] {dag.py:3239} INFO - Sync 1 DAGs
[2026-04-12T15:59:43.409+0000] {logging_mixin.py:190} INFO - [2026-04-12T15:59:43.408+0000] {dag.py:4180} INFO - Setting next_dagrun for kafka_producer to 2026-04-11 18:30:00+00:00, run_after=2026-04-12 18:30:00+00:00
[2026-04-12T15:59:43.445+0000] {processor.py:208} INFO - Processing /opt/airflow/dags/kafka_load.py took 0.215 seconds
[2026-04-12T16:00:13.911+0000] {processor.py:186} INFO - Started process (PID=81) to work on /opt/airflow/dags/kafka_load.py
[2026-04-12T16:00:13.913+0000] {processor.py:914} INFO - Processing file /opt/airflow/dags/kafka_load.py for tasks to queue
[2026-04-12T16:00:13.917+0000] {logging_mixin.py:190} INFO - [2026-04-12T16:00:13.917+0000] {dagbag.py:588} INFO - Filling up the DagBag from /opt/airflow/dags/kafka_load.py
[2026-04-12T16:00:13.951+0000] {processor.py:925} INFO - DAG(s) 'kafka_producer' retrieved from /opt/airflow/dags/kafka_load.py
[2026-04-12T16:00:13.979+0000] {logging_mixin.py:190} INFO - [2026-04-12T16:00:13.979+0000] {dag.py:3239} INFO - Sync 1 DAGs
[2026-04-12T16:00:14.014+0000] {logging_mixin.py:190} INFO - [2026-04-12T16:00:14.014+0000] {dag.py:4180} INFO - Setting next_dagrun for kafka_producer to 2026-04-11 18:30:00+00:00, run_after=2026-04-12 18:30:00+00:00
[2026-04-12T16:00:14.038+0000] {processor.py:208} INFO - Processing /opt/airflow/dags/kafka_load.py took 0.138 seconds
[2026-04-12T16:00:44.528+0000] {processor.py:186} INFO - Started process (PID=84) to work on /opt/airflow/dags/kafka_load.py
[2026-04-12T16:00:44.529+0000] {processor.py:914} INFO - Processing file /opt/airflow/dags/kafka_load.py for tasks to queue
[2026-04-12T16:00:44.535+0000] {logging_mixin.py:190} INFO - [2026-04-12T16:00:44.535+0000] {dagbag.py:588} INFO - Filling up the DagBag from /opt/airflow/dags/kafka_load.py
[2026-04-12T16:00:44.567+0000] {processor.py:925} INFO - DAG(s) 'kafka_producer' retrieved from /opt/airflow/dags/kafka_load.py
[2026-04-12T16:00:44.594+0000] {logging_mixin.py:190} INFO - [2026-04-12T16:00:44.594+0000] {dag.py:3239} INFO - Sync 1 DAGs
[2026-04-12T16:00:44.630+0000] {logging_mixin.py:190} INFO - [2026-04-12T16:00:44.630+0000] {dag.py:4180} INFO - Setting next_dagrun for kafka_producer to 2026-04-11 18:30:00+00:00, run_after=2026-04-12 18:30:00+00:00
[2026-04-12T16:00:44.656+0000] {processor.py:208} INFO - Processing /opt/airflow/dags/kafka_load.py took 0.137 seconds
[2026-04-12T16:01:15.080+0000] {processor.py:186} INFO - Started process (PID=87) to work on /opt/airflow/dags/kafka_load.py
[2026-04-12T16:01:15.081+0000] {processor.py:914} INFO - Processing file /opt/airflow/dags/kafka_load.py for tasks to queue
[2026-04-12T16:01:15.086+0000] {logging_mixin.py:190} INFO - [2026-04-12T16:01:15.085+0000] {dagbag.py:588} INFO - Filling up the DagBag from /opt/airflow/dags/kafka_load.py
[2026-04-12T16:01:15.125+0000] {processor.py:925} INFO - DAG(s) 'kafka_producer' retrieved from /opt/airflow/dags/kafka_load.py
[2026-04-12T16:01:15.154+0000] {logging_mixin.py:190} INFO - [2026-04-12T16:01:15.154+0000] {dag.py:3239} INFO - Sync 1 DAGs
[2026-04-12T16:01:15.187+0000] {logging_mixin.py:190} INFO - [2026-04-12T16:01:15.186+0000] {dag.py:4180} INFO - Setting next_dagrun for kafka_producer to 2026-04-11 18:30:00+00:00, run_after=2026-04-12 18:30:00+00:00
[2026-04-12T16:01:15.211+0000] {processor.py:208} INFO - Processing /opt/airflow/dags/kafka_load.py took 0.140 seconds
[2026-04-12T16:01:45.740+0000] {processor.py:186} INFO - Started process (PID=90) to work on /opt/airflow/dags/kafka_load.py
[2026-04-12T16:01:45.741+0000] {processor.py:914} INFO - Processing file /opt/airflow/dags/kafka_load.py for tasks to queue
[2026-04-12T16:01:45.745+0000] {logging_mixin.py:190} INFO - [2026-04-12T16:01:45.745+0000] {dagbag.py:588} INFO - Filling up the DagBag from /opt/airflow/dags/kafka_load.py
[2026-04-12T16:01:45.781+0000] {processor.py:925} INFO - DAG(s) 'kafka_producer' retrieved from /opt/airflow/dags/kafka_load.py
[2026-04-12T16:01:45.808+0000] {logging_mixin.py:190} INFO - [2026-04-12T16:01:45.807+0000] {dag.py:3239} INFO - Sync 1 DAGs
[2026-04-12T16:01:45.842+0000] {logging_mixin.py:190} INFO - [2026-04-12T16:01:45.842+0000] {dag.py:4180} INFO - Setting next_dagrun for kafka_producer to 2026-04-11 18:30:00+00:00, run_after=2026-04-12 18:30:00+00:00
[2026-04-12T16:01:45.871+0000] {processor.py:208} INFO - Processing /opt/airflow/dags/kafka_load.py took 0.141 seconds
[2026-04-12T16:02:16.339+0000] {processor.py:186} INFO - Started process (PID=93) to work on /opt/airflow/dags/kafka_load.py
[2026-04-12T16:02:16.341+0000] {processor.py:914} INFO - Processing file /opt/airflow/dags/kafka_load.py for tasks to queue
[2026-04-12T16:02:16.344+0000] {logging_mixin.py:190} INFO - [2026-04-12T16:02:16.344+0000] {dagbag.py:588} INFO - Filling up the DagBag from /opt/airflow/dags/kafka_load.py
[2026-04-12T16:02:16.387+0000] {processor.py:925} INFO - DAG(s) 'kafka_producer' retrieved from /opt/airflow/dags/kafka_load.py
[2026-04-12T16:02:16.420+0000] {logging_mixin.py:190} INFO - [2026-04-12T16:02:16.420+0000] {dag.py:3239} INFO - Sync 1 DAGs
[2026-04-12T16:02:16.457+0000] {logging_mixin.py:190} INFO - [2026-04-12T16:02:16.457+0000] {dag.py:4180} INFO - Setting next_dagrun for kafka_producer to 2026-04-11 18:30:00+00:00, run_after=2026-04-12 18:30:00+00:00
[2026-04-12T16:02:16.482+0000] {processor.py:208} INFO - Processing /opt/airflow/dags/kafka_load.py took 0.157 seconds
[2026-04-12T16:02:46.945+0000] {processor.py:186} INFO - Started process (PID=96) to work on /opt/airflow/dags/kafka_load.py
[2026-04-12T16:02:46.946+0000] {processor.py:914} INFO - Processing file /opt/airflow/dags/kafka_load.py for tasks to queue
[2026-04-12T16:02:46.950+0000] {logging_mixin.py:190} INFO - [2026-04-12T16:02:46.950+0000] {dagbag.py:588} INFO - Filling up the DagBag from /opt/airflow/dags/kafka_load.py
[2026-04-12T16:02:46.982+0000] {processor.py:925} INFO - DAG(s) 'kafka_producer' retrieved from /opt/airflow/dags/kafka_load.py
[2026-04-12T16:02:47.010+0000] {logging_mixin.py:190} INFO - [2026-04-12T16:02:47.010+0000] {dag.py:3239} INFO - Sync 1 DAGs
[2026-04-12T16:02:47.044+0000] {logging_mixin.py:190} INFO - [2026-04-12T16:02:47.044+0000] {dag.py:4180} INFO - Setting next_dagrun for kafka_producer to 2026-04-11 18:30:00+00:00, run_after=2026-04-12 18:30:00+00:00
[2026-04-12T16:02:47.067+0000] {processor.py:208} INFO - Processing /opt/airflow/dags/kafka_load.py took 0.132 seconds
[2026-04-12T16:03:17.555+0000] {processor.py:186} INFO - Started process (PID=99) to work on /opt/airflow/dags/kafka_load.py
[2026-04-12T16:03:17.557+0000] {processor.py:914} INFO - Processing file /opt/airflow/dags/kafka_load.py for tasks to queue
[2026-04-12T16:03:17.560+0000] {logging_mixin.py:190} INFO - [2026-04-12T16:03:17.560+0000] {dagbag.py:588} INFO - Filling up the DagBag from /opt/airflow/dags/kafka_load.py
[2026-04-12T16:03:17.594+0000] {processor.py:925} INFO - DAG(s) 'kafka_producer' retrieved from /opt/airflow/dags/kafka_load.py
[2026-04-12T16:03:17.621+0000] {logging_mixin.py:190} INFO - [2026-04-12T16:03:17.620+0000] {dag.py:3239} INFO - Sync 1 DAGs
[2026-04-12T16:03:17.650+0000] {logging_mixin.py:190} INFO - [2026-04-12T16:03:17.650+0000] {dag.py:4180} INFO - Setting next_dagrun for kafka_producer to 2026-04-11 18:30:00+00:00, run_after=2026-04-12 18:30:00+00:00
[2026-04-12T16:03:17.675+0000] {processor.py:208} INFO - Processing /opt/airflow/dags/kafka_load.py took 0.129 seconds
[2026-04-12T16:03:48.229+0000] {processor.py:186} INFO - Started process (PID=102) to work on /opt/airflow/dags/kafka_load.py
[2026-04-12T16:03:48.230+0000] {processor.py:914} INFO - Processing file /opt/airflow/dags/kafka_load.py for tasks to queue
[2026-04-12T16:03:48.236+0000] {logging_mixin.py:190} INFO - [2026-04-12T16:03:48.235+0000] {dagbag.py:588} INFO - Filling up the DagBag from /opt/airflow/dags/kafka_load.py
[2026-04-12T16:03:48.270+0000] {processor.py:925} INFO - DAG(s) 'kafka_producer' retrieved from /opt/airflow/dags/kafka_load.py
[2026-04-12T16:03:48.331+0000] {logging_mixin.py:190} INFO - [2026-04-12T16:03:48.330+0000] {dag.py:3239} INFO - Sync 1 DAGs
[2026-04-12T16:03:48.375+0000] {logging_mixin.py:190} INFO - [2026-04-12T16:03:48.374+0000] {dag.py:4180} INFO - Setting next_dagrun for kafka_producer to 2026-04-11 18:30:00+00:00, run_after=2026-04-12 18:30:00+00:00
[2026-04-12T16:03:48.401+0000] {processor.py:208} INFO - Processing /opt/airflow/dags/kafka_load.py took 0.181 seconds
[2026-04-12T16:04:18.876+0000] {processor.py:186} INFO - Started process (PID=105) to work on /opt/airflow/dags/kafka_load.py
[2026-04-12T16:04:18.878+0000] {processor.py:914} INFO - Processing file /opt/airflow/dags/kafka_load.py for tasks to queue
[2026-04-12T16:04:18.884+0000] {logging_mixin.py:190} INFO - [2026-04-12T16:04:18.883+0000] {dagbag.py:588} INFO - Filling up the DagBag from /opt/airflow/dags/kafka_load.py
[2026-04-12T16:04:18.920+0000] {processor.py:925} INFO - DAG(s) 'kafka_producer' retrieved from /opt/airflow/dags/kafka_load.py
[2026-04-12T16:04:18.961+0000] {logging_mixin.py:190} INFO - [2026-04-12T16:04:18.961+0000] {dag.py:3239} INFO - Sync 1 DAGs
[2026-04-12T16:04:18.999+0000] {logging_mixin.py:190} INFO - [2026-04-12T16:04:18.999+0000] {dag.py:4180} INFO - Setting next_dagrun for kafka_producer to 2026-04-11 18:30:00+00:00, run_after=2026-04-12 18:30:00+00:00
[2026-04-12T16:04:19.025+0000] {processor.py:208} INFO - Processing /opt/airflow/dags/kafka_load.py took 0.158 seconds
[2026-04-12T16:04:49.561+0000] {processor.py:186} INFO - Started process (PID=108) to work on /opt/airflow/dags/kafka_load.py
[2026-04-12T16:04:49.562+0000] {processor.py:914} INFO - Processing file /opt/airflow/dags/kafka_load.py for tasks to queue
[2026-04-12T16:04:49.566+0000] {logging_mixin.py:190} INFO - [2026-04-12T16:04:49.566+0000] {dagbag.py:588} INFO - Filling up the DagBag from /opt/airflow/dags/kafka_load.py
[2026-04-12T16:04:49.597+0000] {processor.py:925} INFO - DAG(s) 'kafka_producer' retrieved from /opt/airflow/dags/kafka_load.py
[2026-04-12T16:04:49.630+0000] {logging_mixin.py:190} INFO - [2026-04-12T16:04:49.630+0000] {dag.py:3239} INFO - Sync 1 DAGs
[2026-04-12T16:04:49.679+0000] {logging_mixin.py:190} INFO - [2026-04-12T16:04:49.679+0000] {dag.py:4180} INFO - Setting next_dagrun for kafka_producer to 2026-04-11 18:30:00+00:00, run_after=2026-04-12 18:30:00+00:00
[2026-04-12T16:04:49.701+0000] {processor.py:208} INFO - Processing /opt/airflow/dags/kafka_load.py took 0.151 seconds
[2026-04-12T16:05:20.178+0000] {processor.py:186} INFO - Started process (PID=111) to work on /opt/airflow/dags/kafka_load.py
[2026-04-12T16:05:20.180+0000] {processor.py:914} INFO - Processing file /opt/airflow/dags/kafka_load.py for tasks to queue
[2026-04-12T16:05:20.184+0000] {logging_mixin.py:190} INFO - [2026-04-12T16:05:20.183+0000] {dagbag.py:588} INFO - Filling up the DagBag from /opt/airflow/dags/kafka_load.py
[2026-04-12T16:05:20.218+0000] {processor.py:925} INFO - DAG(s) 'kafka_producer' retrieved from /opt/airflow/dags/kafka_load.py
[2026-04-12T16:05:20.246+0000] {logging_mixin.py:190} INFO - [2026-04-12T16:05:20.246+0000] {dag.py:3239} INFO - Sync 1 DAGs
[2026-04-12T16:05:20.279+0000] {logging_mixin.py:190} INFO - [2026-04-12T16:05:20.279+0000] {dag.py:4180} INFO - Setting next_dagrun for kafka_producer to 2026-04-11 18:30:00+00:00, run_after=2026-04-12 18:30:00+00:00
[2026-04-12T16:05:21.035+0000] {processor.py:208} INFO - Processing /opt/airflow/dags/kafka_load.py took 0.868 seconds
[2026-04-12T16:05:51.727+0000] {processor.py:186} INFO - Started process (PID=114) to work on /opt/airflow/dags/kafka_load.py
[2026-04-12T16:05:51.729+0000] {processor.py:914} INFO - Processing file /opt/airflow/dags/kafka_load.py for tasks to queue
[2026-04-12T16:05:51.732+0000] {logging_mixin.py:190} INFO - [2026-04-12T16:05:51.732+0000] {dagbag.py:588} INFO - Filling up the DagBag from /opt/airflow/dags/kafka_load.py
[2026-04-12T16:05:51.772+0000] {processor.py:925} INFO - DAG(s) 'kafka_producer' retrieved from /opt/airflow/dags/kafka_load.py
[2026-04-12T16:05:51.800+0000] {logging_mixin.py:190} INFO - [2026-04-12T16:05:51.800+0000] {dag.py:3239} INFO - Sync 1 DAGs
[2026-04-12T16:05:51.833+0000] {logging_mixin.py:190} INFO - [2026-04-12T16:05:51.832+0000] {dag.py:4180} INFO - Setting next_dagrun for kafka_producer to 2026-04-11 18:30:00+00:00, run_after=2026-04-12 18:30:00+00:00
[2026-04-12T16:05:51.862+0000] {processor.py:208} INFO - Processing /opt/airflow/dags/kafka_load.py took 0.143 seconds
[2026-04-12T16:06:22.365+0000] {processor.py:186} INFO - Started process (PID=117) to work on /opt/airflow/dags/kafka_load.py
[2026-04-12T16:06:22.367+0000] {processor.py:914} INFO - Processing file /opt/airflow/dags/kafka_load.py for tasks to queue
[2026-04-12T16:06:22.371+0000] {logging_mixin.py:190} INFO - [2026-04-12T16:06:22.370+0000] {dagbag.py:588} INFO - Filling up the DagBag from /opt/airflow/dags/kafka_load.py
[2026-04-12T16:06:22.402+0000] {processor.py:925} INFO - DAG(s) 'kafka_producer' retrieved from /opt/airflow/dags/kafka_load.py
[2026-04-12T16:06:22.425+0000] {logging_mixin.py:190} INFO - [2026-04-12T16:06:22.425+0000] {dag.py:3239} INFO - Sync 1 DAGs
[2026-04-12T16:06:22.455+0000] {logging_mixin.py:190} INFO - [2026-04-12T16:06:22.455+0000] {dag.py:4180} INFO - Setting next_dagrun for kafka_producer to 2026-04-11 18:30:00+00:00, run_after=2026-04-12 18:30:00+00:00
[2026-04-12T16:06:22.481+0000] {processor.py:208} INFO - Processing /opt/airflow/dags/kafka_load.py took 0.127 seconds
[2026-04-12T16:06:53.096+0000] {processor.py:186} INFO - Started process (PID=120) to work on /opt/airflow/dags/kafka_load.py
[2026-04-12T16:06:53.098+0000] {processor.py:914} INFO - Processing file /opt/airflow/dags/kafka_load.py for tasks to queue
[2026-04-12T16:06:53.102+0000] {logging_mixin.py:190} INFO - [2026-04-12T16:06:53.101+0000] {dagbag.py:588} INFO - Filling up the DagBag from /opt/airflow/dags/kafka_load.py
[2026-04-12T16:06:53.134+0000] {processor.py:925} INFO - DAG(s) 'kafka_producer' retrieved from /opt/airflow/dags/kafka_load.py
[2026-04-12T16:06:53.163+0000] {logging_mixin.py:190} INFO - [2026-04-12T16:06:53.163+0000] {dag.py:3239} INFO - Sync 1 DAGs
[2026-04-12T16:06:53.196+0000] {logging_mixin.py:190} INFO - [2026-04-12T16:06:53.196+0000] {dag.py:4180} INFO - Setting next_dagrun for kafka_producer to 2026-04-11 18:30:00+00:00, run_after=2026-04-12 18:30:00+00:00
[2026-04-12T16:06:53.224+0000] {processor.py:208} INFO - Processing /opt/airflow/dags/kafka_load.py took 0.137 seconds
[2026-04-12T16:07:23.711+0000] {processor.py:186} INFO - Started process (PID=123) to work on /opt/airflow/dags/kafka_load.py
[2026-04-12T16:07:23.712+0000] {processor.py:914} INFO - Processing file /opt/airflow/dags/kafka_load.py for tasks to queue
[2026-04-12T16:07:23.716+0000] {logging_mixin.py:190} INFO - [2026-04-12T16:07:23.715+0000] {dagbag.py:588} INFO - Filling up the DagBag from /opt/airflow/dags/kafka_load.py
[2026-04-12T16:07:23.751+0000] {processor.py:925} INFO - DAG(s) 'kafka_producer' retrieved from /opt/airflow/dags/kafka_load.py
[2026-04-12T16:07:23.779+0000] {logging_mixin.py:190} INFO - [2026-04-12T16:07:23.778+0000] {dag.py:3239} INFO - Sync 1 DAGs
[2026-04-12T16:07:23.812+0000] {logging_mixin.py:190} INFO - [2026-04-12T16:07:23.812+0000] {dag.py:4180} INFO - Setting next_dagrun for kafka_producer to 2026-04-11 18:30:00+00:00, run_after=2026-04-12 18:30:00+00:00
[2026-04-12T16:07:23.838+0000] {processor.py:208} INFO - Processing /opt/airflow/dags/kafka_load.py took 0.136 seconds
[2026-04-12T16:07:54.351+0000] {processor.py:186} INFO - Started process (PID=126) to work on /opt/airflow/dags/kafka_load.py
[2026-04-12T16:07:54.352+0000] {processor.py:914} INFO - Processing file /opt/airflow/dags/kafka_load.py for tasks to queue
[2026-04-12T16:07:54.355+0000] {logging_mixin.py:190} INFO - [2026-04-12T16:07:54.355+0000] {dagbag.py:588} INFO - Filling up the DagBag from /opt/airflow/dags/kafka_load.py
[2026-04-12T16:07:54.393+0000] {processor.py:925} INFO - DAG(s) 'kafka_producer' retrieved from /opt/airflow/dags/kafka_load.py
[2026-04-12T16:07:54.422+0000] {logging_mixin.py:190} INFO - [2026-04-12T16:07:54.422+0000] {dag.py:3239} INFO - Sync 1 DAGs
[2026-04-12T16:07:54.455+0000] {logging_mixin.py:190} INFO - [2026-04-12T16:07:54.455+0000] {dag.py:4180} INFO - Setting next_dagrun for kafka_producer to 2026-04-11 18:30:00+00:00, run_after=2026-04-12 18:30:00+00:00
[2026-04-12T16:07:54.482+0000] {processor.py:208} INFO - Processing /opt/airflow/dags/kafka_load.py took 0.140 seconds
[2026-04-12T16:08:25.048+0000] {processor.py:186} INFO - Started process (PID=129) to work on /opt/airflow/dags/kafka_load.py
[2026-04-12T16:08:25.050+0000] {processor.py:914} INFO - Processing file /opt/airflow/dags/kafka_load.py for tasks to queue
[2026-04-12T16:08:25.055+0000] {logging_mixin.py:190} INFO - [2026-04-12T16:08:25.054+0000] {dagbag.py:588} INFO - Filling up the DagBag from /opt/airflow/dags/kafka_load.py
[2026-04-12T16:08:25.096+0000] {processor.py:925} INFO - DAG(s) 'kafka_producer' retrieved from /opt/airflow/dags/kafka_load.py
[2026-04-12T16:08:25.129+0000] {logging_mixin.py:190} INFO - [2026-04-12T16:08:25.129+0000] {dag.py:3239} INFO - Sync 1 DAGs
[2026-04-12T16:08:25.169+0000] {logging_mixin.py:190} INFO - [2026-04-12T16:08:25.169+0000] {dag.py:4180} INFO - Setting next_dagrun for kafka_producer to 2026-04-11 18:30:00+00:00, run_after=2026-04-12 18:30:00+00:00
[2026-04-12T16:08:25.193+0000] {processor.py:208} INFO - Processing /opt/airflow/dags/kafka_load.py took 0.158 seconds
[2026-04-12T16:08:55.694+0000] {processor.py:186} INFO - Started process (PID=132) to work on /opt/airflow/dags/kafka_load.py
[2026-04-12T16:08:55.695+0000] {processor.py:914} INFO - Processing file /opt/airflow/dags/kafka_load.py for tasks to queue
[2026-04-12T16:08:55.699+0000] {logging_mixin.py:190} INFO - [2026-04-12T16:08:55.698+0000] {dagbag.py:588} INFO - Filling up the DagBag from /opt/airflow/dags/kafka_load.py
[2026-04-12T16:08:55.742+0000] {processor.py:925} INFO - DAG(s) 'kafka_producer' retrieved from /opt/airflow/dags/kafka_load.py
[2026-04-12T16:08:55.770+0000] {logging_mixin.py:190} INFO - [2026-04-12T16:08:55.769+0000] {dag.py:3239} INFO - Sync 1 DAGs
[2026-04-12T16:08:55.801+0000] {logging_mixin.py:190} INFO - [2026-04-12T16:08:55.801+0000] {dag.py:4180} INFO - Setting next_dagrun for kafka_producer to 2026-04-11 18:30:00+00:00, run_after=2026-04-12 18:30:00+00:00
[2026-04-12T16:08:55.827+0000] {processor.py:208} INFO - Processing /opt/airflow/dags/kafka_load.py took 0.142 seconds
[2026-04-12T16:09:26.489+0000] {processor.py:186} INFO - Started process (PID=135) to work on /opt/airflow/dags/kafka_load.py
[2026-04-12T16:09:26.491+0000] {processor.py:914} INFO - Processing file /opt/airflow/dags/kafka_load.py for tasks to queue
[2026-04-12T16:09:26.495+0000] {logging_mixin.py:190} INFO - [2026-04-12T16:09:26.494+0000] {dagbag.py:588} INFO - Filling up the DagBag from /opt/airflow/dags/kafka_load.py
[2026-04-12T16:09:26.540+0000] {processor.py:925} INFO - DAG(s) 'kafka_producer' retrieved from /opt/airflow/dags/kafka_load.py
[2026-04-12T16:09:26.595+0000] {logging_mixin.py:190} INFO - [2026-04-12T16:09:26.595+0000] {dag.py:3239} INFO - Sync 1 DAGs
[2026-04-12T16:09:26.665+0000] {logging_mixin.py:190} INFO - [2026-04-12T16:09:26.664+0000] {dag.py:4180} INFO - Setting next_dagrun for kafka_producer to 2026-04-11 18:30:00+00:00, run_after=2026-04-12 18:30:00+00:00
[2026-04-12T16:09:26.697+0000] {processor.py:208} INFO - Processing /opt/airflow/dags/kafka_load.py took 0.218 seconds
[2026-04-12T16:09:57.031+0000] {processor.py:186} INFO - Started process (PID=138) to work on /opt/airflow/dags/kafka_load.py
[2026-04-12T16:09:57.033+0000] {processor.py:914} INFO - Processing file /opt/airflow/dags/kafka_load.py for tasks to queue
[2026-04-12T16:09:57.037+0000] {logging_mixin.py:190} INFO - [2026-04-12T16:09:57.036+0000] {dagbag.py:588} INFO - Filling up the DagBag from /opt/airflow/dags/kafka_load.py
[2026-04-12T16:09:57.084+0000] {processor.py:925} INFO - DAG(s) 'kafka_producer' retrieved from /opt/airflow/dags/kafka_load.py
[2026-04-12T16:09:57.125+0000] {logging_mixin.py:190} INFO - [2026-04-12T16:09:57.125+0000] {dag.py:3239} INFO - Sync 1 DAGs
[2026-04-12T16:09:57.159+0000] {logging_mixin.py:190} INFO - [2026-04-12T16:09:57.158+0000] {dag.py:4180} INFO - Setting next_dagrun for kafka_producer to 2026-04-11 18:30:00+00:00, run_after=2026-04-12 18:30:00+00:00
[2026-04-12T16:09:57.188+0000] {processor.py:208} INFO - Processing /opt/airflow/dags/kafka_load.py took 0.170 seconds
[2026-04-12T16:10:27.607+0000] {processor.py:186} INFO - Started process (PID=141) to work on /opt/airflow/dags/kafka_load.py
[2026-04-12T16:10:27.608+0000] {processor.py:914} INFO - Processing file /opt/airflow/dags/kafka_load.py for tasks to queue
[2026-04-12T16:10:27.612+0000] {logging_mixin.py:190} INFO - [2026-04-12T16:10:27.612+0000] {dagbag.py:588} INFO - Filling up the DagBag from /opt/airflow/dags/kafka_load.py
[2026-04-12T16:10:27.645+0000] {processor.py:925} INFO - DAG(s) 'kafka_producer' retrieved from /opt/airflow/dags/kafka_load.py
[2026-04-12T16:10:27.679+0000] {logging_mixin.py:190} INFO - [2026-04-12T16:10:27.679+0000] {dag.py:3239} INFO - Sync 1 DAGs
[2026-04-12T16:10:27.718+0000] {logging_mixin.py:190} INFO - [2026-04-12T16:10:27.718+0000] {dag.py:4180} INFO - Setting next_dagrun for kafka_producer to 2026-04-11 18:30:00+00:00, run_after=2026-04-12 18:30:00+00:00
[2026-04-12T16:10:27.958+0000] {processor.py:208} INFO - Processing /opt/airflow/dags/kafka_load.py took 0.361 seconds
[2026-04-12T16:10:58.302+0000] {processor.py:186} INFO - Started process (PID=144) to work on /opt/airflow/dags/kafka_load.py
[2026-04-12T16:10:58.304+0000] {processor.py:914} INFO - Processing file /opt/airflow/dags/kafka_load.py for tasks to queue
[2026-04-12T16:10:58.307+0000] {logging_mixin.py:190} INFO - [2026-04-12T16:10:58.306+0000] {dagbag.py:588} INFO - Filling up the DagBag from /opt/airflow/dags/kafka_load.py
[2026-04-12T16:10:58.350+0000] {processor.py:925} INFO - DAG(s) 'kafka_producer' retrieved from /opt/airflow/dags/kafka_load.py
[2026-04-12T16:10:58.380+0000] {logging_mixin.py:190} INFO - [2026-04-12T16:10:58.380+0000] {dag.py:3239} INFO - Sync 1 DAGs
[2026-04-12T16:10:58.412+0000] {logging_mixin.py:190} INFO - [2026-04-12T16:10:58.412+0000] {dag.py:4180} INFO - Setting next_dagrun for kafka_producer to 2026-04-11 18:30:00+00:00, run_after=2026-04-12 18:30:00+00:00
[2026-04-12T16:10:58.439+0000] {processor.py:208} INFO - Processing /opt/airflow/dags/kafka_load.py took 0.146 seconds
[2026-04-12T16:11:28.913+0000] {processor.py:186} INFO - Started process (PID=147) to work on /opt/airflow/dags/kafka_load.py
[2026-04-12T16:11:28.915+0000] {processor.py:914} INFO - Processing file /opt/airflow/dags/kafka_load.py for tasks to queue
[2026-04-12T16:11:28.922+0000] {logging_mixin.py:190} INFO - [2026-04-12T16:11:28.921+0000] {dagbag.py:588} INFO - Filling up the DagBag from /opt/airflow/dags/kafka_load.py
[2026-04-12T16:11:28.961+0000] {processor.py:925} INFO - DAG(s) 'kafka_producer' retrieved from /opt/airflow/dags/kafka_load.py
[2026-04-12T16:11:29.011+0000] {logging_mixin.py:190} INFO - [2026-04-12T16:11:29.010+0000] {dag.py:3239} INFO - Sync 1 DAGs
[2026-04-12T16:11:29.047+0000] {logging_mixin.py:190} INFO - [2026-04-12T16:11:29.047+0000] {dag.py:4180} INFO - Setting next_dagrun for kafka_producer to 2026-04-11 18:30:00+00:00, run_after=2026-04-12 18:30:00+00:00
[2026-04-12T16:11:29.084+0000] {processor.py:208} INFO - Processing /opt/airflow/dags/kafka_load.py took 0.187 seconds
[2026-04-12T16:11:59.633+0000] {processor.py:186} INFO - Started process (PID=150) to work on /opt/airflow/dags/kafka_load.py
[2026-04-12T16:11:59.635+0000] {processor.py:914} INFO - Processing file /opt/airflow/dags/kafka_load.py for tasks to queue
[2026-04-12T16:11:59.638+0000] {logging_mixin.py:190} INFO - [2026-04-12T16:11:59.637+0000] {dagbag.py:588} INFO - Filling up the DagBag from /opt/airflow/dags/kafka_load.py
[2026-04-12T16:11:59.677+0000] {processor.py:925} INFO - DAG(s) 'kafka_producer' retrieved from /opt/airflow/dags/kafka_load.py
[2026-04-12T16:11:59.706+0000] {logging_mixin.py:190} INFO - [2026-04-12T16:11:59.706+0000] {dag.py:3239} INFO - Sync 1 DAGs
[2026-04-12T16:11:59.737+0000] {logging_mixin.py:190} INFO - [2026-04-12T16:11:59.737+0000] {dag.py:4180} INFO - Setting next_dagrun for kafka_producer to 2026-04-11 18:30:00+00:00, run_after=2026-04-12 18:30:00+00:00
[2026-04-12T16:11:59.766+0000] {processor.py:208} INFO - Processing /opt/airflow/dags/kafka_load.py took 0.142 seconds
[2026-04-12T16:12:30.398+0000] {processor.py:186} INFO - Started process (PID=153) to work on /opt/airflow/dags/kafka_load.py
[2026-04-12T16:12:30.400+0000] {processor.py:914} INFO - Processing file /opt/airflow/dags/kafka_load.py for tasks to queue
[2026-04-12T16:12:30.404+0000] {logging_mixin.py:190} INFO - [2026-04-12T16:12:30.403+0000] {dagbag.py:588} INFO - Filling up the DagBag from /opt/airflow/dags/kafka_load.py
[2026-04-12T16:12:30.441+0000] {processor.py:925} INFO - DAG(s) 'kafka_producer' retrieved from /opt/airflow/dags/kafka_load.py
[2026-04-12T16:12:30.471+0000] {logging_mixin.py:190} INFO - [2026-04-12T16:12:30.470+0000] {dag.py:3239} INFO - Sync 1 DAGs
[2026-04-12T16:12:30.505+0000] {logging_mixin.py:190} INFO - [2026-04-12T16:12:30.505+0000] {dag.py:4180} INFO - Setting next_dagrun for kafka_producer to 2026-04-11 18:30:00+00:00, run_after=2026-04-12 18:30:00+00:00
[2026-04-12T16:12:30.532+0000] {processor.py:208} INFO - Processing /opt/airflow/dags/kafka_load.py took 0.146 seconds
[2026-04-12T16:13:01.007+0000] {processor.py:186} INFO - Started process (PID=156) to work on /opt/airflow/dags/kafka_load.py
[2026-04-12T16:13:01.010+0000] {processor.py:914} INFO - Processing file /opt/airflow/dags/kafka_load.py for tasks to queue
[2026-04-12T16:13:01.015+0000] {logging_mixin.py:190} INFO - [2026-04-12T16:13:01.015+0000] {dagbag.py:588} INFO - Filling up the DagBag from /opt/airflow/dags/kafka_load.py
[2026-04-12T16:13:01.049+0000] {processor.py:925} INFO - DAG(s) 'kafka_producer' retrieved from /opt/airflow/dags/kafka_load.py
[2026-04-12T16:13:01.079+0000] {logging_mixin.py:190} INFO - [2026-04-12T16:13:01.079+0000] {dag.py:3239} INFO - Sync 1 DAGs
[2026-04-12T16:13:01.110+0000] {logging_mixin.py:190} INFO - [2026-04-12T16:13:01.110+0000] {dag.py:4180} INFO - Setting next_dagrun for kafka_producer to 2026-04-11 18:30:00+00:00, run_after=2026-04-12 18:30:00+00:00
[2026-04-12T16:13:01.132+0000] {processor.py:208} INFO - Processing /opt/airflow/dags/kafka_load.py took 0.135 seconds
[2026-04-12T16:13:31.644+0000] {processor.py:186} INFO - Started process (PID=159) to work on /opt/airflow/dags/kafka_load.py
[2026-04-12T16:13:31.646+0000] {processor.py:914} INFO - Processing file /opt/airflow/dags/kafka_load.py for tasks to queue
[2026-04-12T16:13:31.650+0000] {logging_mixin.py:190} INFO - [2026-04-12T16:13:31.649+0000] {dagbag.py:588} INFO - Filling up the DagBag from /opt/airflow/dags/kafka_load.py
[2026-04-12T16:13:31.688+0000] {processor.py:925} INFO - DAG(s) 'kafka_producer' retrieved from /opt/airflow/dags/kafka_load.py
[2026-04-12T16:13:31.719+0000] {logging_mixin.py:190} INFO - [2026-04-12T16:13:31.719+0000] {dag.py:3239} INFO - Sync 1 DAGs
[2026-04-12T16:13:31.749+0000] {logging_mixin.py:190} INFO - [2026-04-12T16:13:31.749+0000] {dag.py:4180} INFO - Setting next_dagrun for kafka_producer to 2026-04-11 18:30:00+00:00, run_after=2026-04-12 18:30:00+00:00
[2026-04-12T16:13:31.775+0000] {processor.py:208} INFO - Processing /opt/airflow/dags/kafka_load.py took 0.139 seconds
[2026-04-12T16:14:02.224+0000] {processor.py:186} INFO - Started process (PID=162) to work on /opt/airflow/dags/kafka_load.py
[2026-04-12T16:14:02.226+0000] {processor.py:914} INFO - Processing file /opt/airflow/dags/kafka_load.py for tasks to queue
[2026-04-12T16:14:02.229+0000] {logging_mixin.py:190} INFO - [2026-04-12T16:14:02.229+0000] {dagbag.py:588} INFO - Filling up the DagBag from /opt/airflow/dags/kafka_load.py
[2026-04-12T16:14:02.266+0000] {processor.py:925} INFO - DAG(s) 'kafka_producer' retrieved from /opt/airflow/dags/kafka_load.py
[2026-04-12T16:14:02.295+0000] {logging_mixin.py:190} INFO - [2026-04-12T16:14:02.295+0000] {dag.py:3239} INFO - Sync 1 DAGs
[2026-04-12T16:14:02.329+0000] {logging_mixin.py:190} INFO - [2026-04-12T16:14:02.329+0000] {dag.py:4180} INFO - Setting next_dagrun for kafka_producer to 2026-04-11 18:30:00+00:00, run_after=2026-04-12 18:30:00+00:00
[2026-04-12T16:14:03.037+0000] {processor.py:208} INFO - Processing /opt/airflow/dags/kafka_load.py took 0.821 seconds
[2026-04-12T16:14:33.655+0000] {processor.py:186} INFO - Started process (PID=165) to work on /opt/airflow/dags/kafka_load.py
[2026-04-12T16:14:33.656+0000] {processor.py:914} INFO - Processing file /opt/airflow/dags/kafka_load.py for tasks to queue
[2026-04-12T16:14:33.660+0000] {logging_mixin.py:190} INFO - [2026-04-12T16:14:33.660+0000] {dagbag.py:588} INFO - Filling up the DagBag from /opt/airflow/dags/kafka_load.py
[2026-04-12T16:14:33.700+0000] {processor.py:925} INFO - DAG(s) 'kafka_producer' retrieved from /opt/airflow/dags/kafka_load.py
[2026-04-12T16:14:33.726+0000] {logging_mixin.py:190} INFO - [2026-04-12T16:14:33.726+0000] {dag.py:3239} INFO - Sync 1 DAGs
[2026-04-12T16:14:33.758+0000] {logging_mixin.py:190} INFO - [2026-04-12T16:14:33.758+0000] {dag.py:4180} INFO - Setting next_dagrun for kafka_producer to 2026-04-11 18:30:00+00:00, run_after=2026-04-12 18:30:00+00:00
[2026-04-12T16:14:33.784+0000] {processor.py:208} INFO - Processing /opt/airflow/dags/kafka_load.py took 0.141 seconds
[2026-04-12T16:15:04.227+0000] {processor.py:186} INFO - Started process (PID=168) to work on /opt/airflow/dags/kafka_load.py
[2026-04-12T16:15:04.230+0000] {processor.py:914} INFO - Processing file /opt/airflow/dags/kafka_load.py for tasks to queue
[2026-04-12T16:15:04.235+0000] {logging_mixin.py:190} INFO - [2026-04-12T16:15:04.235+0000] {dagbag.py:588} INFO - Filling up the DagBag from /opt/airflow/dags/kafka_load.py
[2026-04-12T16:15:04.271+0000] {processor.py:925} INFO - DAG(s) 'kafka_producer' retrieved from /opt/airflow/dags/kafka_load.py
[2026-04-12T16:15:04.308+0000] {logging_mixin.py:190} INFO - [2026-04-12T16:15:04.308+0000] {dag.py:3239} INFO - Sync 1 DAGs
[2026-04-12T16:15:04.342+0000] {logging_mixin.py:190} INFO - [2026-04-12T16:15:04.342+0000] {dag.py:4180} INFO - Setting next_dagrun for kafka_producer to 2026-04-11 18:30:00+00:00, run_after=2026-04-12 18:30:00+00:00
[2026-04-12T16:15:04.367+0000] {processor.py:208} INFO - Processing /opt/airflow/dags/kafka_load.py took 0.150 seconds
[2026-04-12T16:15:34.815+0000] {processor.py:186} INFO - Started process (PID=171) to work on /opt/airflow/dags/kafka_load.py
[2026-04-12T16:15:34.816+0000] {processor.py:914} INFO - Processing file /opt/airflow/dags/kafka_load.py for tasks to queue
[2026-04-12T16:15:34.820+0000] {logging_mixin.py:190} INFO - [2026-04-12T16:15:34.819+0000] {dagbag.py:588} INFO - Filling up the DagBag from /opt/airflow/dags/kafka_load.py
[2026-04-12T16:15:34.860+0000] {processor.py:925} INFO - DAG(s) 'kafka_producer' retrieved from /opt/airflow/dags/kafka_load.py
[2026-04-12T16:15:34.891+0000] {logging_mixin.py:190} INFO - [2026-04-12T16:15:34.891+0000] {dag.py:3239} INFO - Sync 1 DAGs
[2026-04-12T16:15:34.923+0000] {logging_mixin.py:190} INFO - [2026-04-12T16:15:34.922+0000] {dag.py:4180} INFO - Setting next_dagrun for kafka_producer to 2026-04-11 18:30:00+00:00, run_after=2026-04-12 18:30:00+00:00
[2026-04-12T16:15:34.948+0000] {processor.py:208} INFO - Processing /opt/airflow/dags/kafka_load.py took 0.144 seconds
[2026-04-12T16:16:05.420+0000] {processor.py:186} INFO - Started process (PID=174) to work on /opt/airflow/dags/kafka_load.py
[2026-04-12T16:16:05.421+0000] {processor.py:914} INFO - Processing file /opt/airflow/dags/kafka_load.py for tasks to queue
[2026-04-12T16:16:05.425+0000] {logging_mixin.py:190} INFO - [2026-04-12T16:16:05.424+0000] {dagbag.py:588} INFO - Filling up the DagBag from /opt/airflow/dags/kafka_load.py
[2026-04-12T16:16:05.462+0000] {processor.py:925} INFO - DAG(s) 'kafka_producer' retrieved from /opt/airflow/dags/kafka_load.py
[2026-04-12T16:16:05.492+0000] {logging_mixin.py:190} INFO - [2026-04-12T16:16:05.492+0000] {dag.py:3239} INFO - Sync 1 DAGs
[2026-04-12T16:16:05.524+0000] {logging_mixin.py:190} INFO - [2026-04-12T16:16:05.523+0000] {dag.py:4180} INFO - Setting next_dagrun for kafka_producer to 2026-04-11 18:30:00+00:00, run_after=2026-04-12 18:30:00+00:00
[2026-04-12T16:16:05.547+0000] {processor.py:208} INFO - Processing /opt/airflow/dags/kafka_load.py took 0.137 seconds
[2026-04-12T16:16:36.069+0000] {processor.py:186} INFO - Started process (PID=177) to work on /opt/airflow/dags/kafka_load.py
[2026-04-12T16:16:36.071+0000] {processor.py:914} INFO - Processing file /opt/airflow/dags/kafka_load.py for tasks to queue
[2026-04-12T16:16:36.074+0000] {logging_mixin.py:190} INFO - [2026-04-12T16:16:36.074+0000] {dagbag.py:588} INFO - Filling up the DagBag from /opt/airflow/dags/kafka_load.py
[2026-04-12T16:16:36.112+0000] {processor.py:925} INFO - DAG(s) 'kafka_producer' retrieved from /opt/airflow/dags/kafka_load.py
[2026-04-12T16:16:36.141+0000] {logging_mixin.py:190} INFO - [2026-04-12T16:16:36.140+0000] {dag.py:3239} INFO - Sync 1 DAGs
[2026-04-12T16:16:36.175+0000] {logging_mixin.py:190} INFO - [2026-04-12T16:16:36.175+0000] {dag.py:4180} INFO - Setting next_dagrun for kafka_producer to 2026-04-11 18:30:00+00:00, run_after=2026-04-12 18:30:00+00:00
[2026-04-12T16:16:36.201+0000] {processor.py:208} INFO - Processing /opt/airflow/dags/kafka_load.py took 0.142 seconds
[2026-04-12T16:17:06.656+0000] {processor.py:186} INFO - Started process (PID=180) to work on /opt/airflow/dags/kafka_load.py
[2026-04-12T16:17:06.658+0000] {processor.py:914} INFO - Processing file /opt/airflow/dags/kafka_load.py for tasks to queue
[2026-04-12T16:17:06.662+0000] {logging_mixin.py:190} INFO - [2026-04-12T16:17:06.662+0000] {dagbag.py:588} INFO - Filling up the DagBag from /opt/airflow/dags/kafka_load.py
[2026-04-12T16:17:06.711+0000] {processor.py:925} INFO - DAG(s) 'kafka_producer' retrieved from /opt/airflow/dags/kafka_load.py
[2026-04-12T16:17:06.795+0000] {logging_mixin.py:190} INFO - [2026-04-12T16:17:06.795+0000] {dag.py:3239} INFO - Sync 1 DAGs
[2026-04-12T16:17:06.837+0000] {logging_mixin.py:190} INFO - [2026-04-12T16:17:06.837+0000] {dag.py:4180} INFO - Setting next_dagrun for kafka_producer to 2026-04-11 18:30:00+00:00, run_after=2026-04-12 18:30:00+00:00
[2026-04-12T16:17:06.865+0000] {processor.py:208} INFO - Processing /opt/airflow/dags/kafka_load.py took 0.221 seconds
[2026-04-12T16:17:37.329+0000] {processor.py:186} INFO - Started process (PID=183) to work on /opt/airflow/dags/kafka_load.py
[2026-04-12T16:17:37.331+0000] {processor.py:914} INFO - Processing file /opt/airflow/dags/kafka_load.py for tasks to queue
[2026-04-12T16:17:37.335+0000] {logging_mixin.py:190} INFO - [2026-04-12T16:17:37.334+0000] {dagbag.py:588} INFO - Filling up the DagBag from /opt/airflow/dags/kafka_load.py
[2026-04-12T16:17:37.368+0000] {processor.py:925} INFO - DAG(s) 'kafka_producer' retrieved from /opt/airflow/dags/kafka_load.py
[2026-04-12T16:17:37.394+0000] {logging_mixin.py:190} INFO - [2026-04-12T16:17:37.394+0000] {dag.py:3239} INFO - Sync 1 DAGs
[2026-04-12T16:17:37.425+0000] {logging_mixin.py:190} INFO - [2026-04-12T16:17:37.425+0000] {dag.py:4180} INFO - Setting next_dagrun for kafka_producer to 2026-04-11 18:30:00+00:00, run_after=2026-04-12 18:30:00+00:00
[2026-04-12T16:17:37.451+0000] {processor.py:208} INFO - Processing /opt/airflow/dags/kafka_load.py took 0.135 seconds
[2026-04-12T16:18:08.021+0000] {processor.py:186} INFO - Started process (PID=186) to work on /opt/airflow/dags/kafka_load.py
[2026-04-12T16:18:08.022+0000] {processor.py:914} INFO - Processing file /opt/airflow/dags/kafka_load.py for tasks to queue
[2026-04-12T16:18:08.025+0000] {logging_mixin.py:190} INFO - [2026-04-12T16:18:08.025+0000] {dagbag.py:588} INFO - Filling up the DagBag from /opt/airflow/dags/kafka_load.py
[2026-04-12T16:18:08.057+0000] {processor.py:925} INFO - DAG(s) 'kafka_producer' retrieved from /opt/airflow/dags/kafka_load.py
[2026-04-12T16:18:08.085+0000] {logging_mixin.py:190} INFO - [2026-04-12T16:18:08.084+0000] {dag.py:3239} INFO - Sync 1 DAGs
[2026-04-12T16:18:08.117+0000] {logging_mixin.py:190} INFO - [2026-04-12T16:18:08.117+0000] {dag.py:4180} INFO - Setting next_dagrun for kafka_producer to 2026-04-11 18:30:00+00:00, run_after=2026-04-12 18:30:00+00:00
[2026-04-12T16:18:08.145+0000] {processor.py:208} INFO - Processing /opt/airflow/dags/kafka_load.py took 0.134 seconds
[2026-04-12T16:18:38.642+0000] {processor.py:186} INFO - Started process (PID=189) to work on /opt/airflow/dags/kafka_load.py
[2026-04-12T16:18:38.644+0000] {processor.py:914} INFO - Processing file /opt/airflow/dags/kafka_load.py for tasks to queue
[2026-04-12T16:18:38.646+0000] {logging_mixin.py:190} INFO - [2026-04-12T16:18:38.646+0000] {dagbag.py:588} INFO - Filling up the DagBag from /opt/airflow/dags/kafka_load.py
[2026-04-12T16:18:38.678+0000] {processor.py:925} INFO - DAG(s) 'kafka_producer' retrieved from /opt/airflow/dags/kafka_load.py
[2026-04-12T16:18:38.708+0000] {logging_mixin.py:190} INFO - [2026-04-12T16:18:38.708+0000] {dag.py:3239} INFO - Sync 1 DAGs
[2026-04-12T16:18:38.740+0000] {logging_mixin.py:190} INFO - [2026-04-12T16:18:38.740+0000] {dag.py:4180} INFO - Setting next_dagrun for kafka_producer to 2026-04-11 18:30:00+00:00, run_after=2026-04-12 18:30:00+00:00
[2026-04-12T16:18:38.768+0000] {processor.py:208} INFO - Processing /opt/airflow/dags/kafka_load.py took 0.137 seconds
[2026-04-12T16:19:09.210+0000] {processor.py:186} INFO - Started process (PID=192) to work on /opt/airflow/dags/kafka_load.py
[2026-04-12T16:19:09.211+0000] {processor.py:914} INFO - Processing file /opt/airflow/dags/kafka_load.py for tasks to queue
[2026-04-12T16:19:09.215+0000] {logging_mixin.py:190} INFO - [2026-04-12T16:19:09.214+0000] {dagbag.py:588} INFO - Filling up the DagBag from /opt/airflow/dags/kafka_load.py
[2026-04-12T16:19:09.257+0000] {processor.py:925} INFO - DAG(s) 'kafka_producer' retrieved from /opt/airflow/dags/kafka_load.py
[2026-04-12T16:19:09.288+0000] {logging_mixin.py:190} INFO - [2026-04-12T16:19:09.287+0000] {dag.py:3239} INFO - Sync 1 DAGs
[2026-04-12T16:19:09.324+0000] {logging_mixin.py:190} INFO - [2026-04-12T16:19:09.324+0000] {dag.py:4180} INFO - Setting next_dagrun for kafka_producer to 2026-04-11 18:30:00+00:00, run_after=2026-04-12 18:30:00+00:00
[2026-04-12T16:19:09.354+0000] {processor.py:208} INFO - Processing /opt/airflow/dags/kafka_load.py took 0.153 seconds
[2026-04-12T16:19:39.795+0000] {processor.py:186} INFO - Started process (PID=195) to work on /opt/airflow/dags/kafka_load.py
[2026-04-12T16:19:39.797+0000] {processor.py:914} INFO - Processing file /opt/airflow/dags/kafka_load.py for tasks to queue
[2026-04-12T16:19:39.801+0000] {logging_mixin.py:190} INFO - [2026-04-12T16:19:39.800+0000] {dagbag.py:588} INFO - Filling up the DagBag from /opt/airflow/dags/kafka_load.py
[2026-04-12T16:19:39.838+0000] {processor.py:925} INFO - DAG(s) 'kafka_producer' retrieved from /opt/airflow/dags/kafka_load.py
[2026-04-12T16:19:39.869+0000] {logging_mixin.py:190} INFO - [2026-04-12T16:19:39.868+0000] {dag.py:3239} INFO - Sync 1 DAGs
[2026-04-12T16:19:39.899+0000] {logging_mixin.py:190} INFO - [2026-04-12T16:19:39.899+0000] {dag.py:4180} INFO - Setting next_dagrun for kafka_producer to 2026-04-11 18:30:00+00:00, run_after=2026-04-12 18:30:00+00:00
[2026-04-12T16:19:39.924+0000] {processor.py:208} INFO - Processing /opt/airflow/dags/kafka_load.py took 0.140 seconds
[2026-04-12T16:20:10.417+0000] {processor.py:186} INFO - Started process (PID=198) to work on /opt/airflow/dags/kafka_load.py
[2026-04-12T16:20:10.419+0000] {processor.py:914} INFO - Processing file /opt/airflow/dags/kafka_load.py for tasks to queue
[2026-04-12T16:20:10.423+0000] {logging_mixin.py:190} INFO - [2026-04-12T16:20:10.422+0000] {dagbag.py:588} INFO - Filling up the DagBag from /opt/airflow/dags/kafka_load.py
[2026-04-12T16:20:10.464+0000] {processor.py:925} INFO - DAG(s) 'kafka_producer' retrieved from /opt/airflow/dags/kafka_load.py
[2026-04-12T16:20:10.492+0000] {logging_mixin.py:190} INFO - [2026-04-12T16:20:10.491+0000] {dag.py:3239} INFO - Sync 1 DAGs
[2026-04-12T16:20:10.536+0000] {logging_mixin.py:190} INFO - [2026-04-12T16:20:10.536+0000] {dag.py:4180} INFO - Setting next_dagrun for kafka_producer to 2026-04-11 18:30:00+00:00, run_after=2026-04-12 18:30:00+00:00
[2026-04-12T16:20:10.564+0000] {processor.py:208} INFO - Processing /opt/airflow/dags/kafka_load.py took 0.156 seconds
[2026-04-12T16:20:41.010+0000] {processor.py:186} INFO - Started process (PID=201) to work on /opt/airflow/dags/kafka_load.py
[2026-04-12T16:20:41.011+0000] {processor.py:914} INFO - Processing file /opt/airflow/dags/kafka_load.py for tasks to queue
[2026-04-12T16:20:41.014+0000] {logging_mixin.py:190} INFO - [2026-04-12T16:20:41.014+0000] {dagbag.py:588} INFO - Filling up the DagBag from /opt/airflow/dags/kafka_load.py
[2026-04-12T16:20:41.053+0000] {processor.py:925} INFO - DAG(s) 'kafka_producer' retrieved from /opt/airflow/dags/kafka_load.py
[2026-04-12T16:20:41.082+0000] {logging_mixin.py:190} INFO - [2026-04-12T16:20:41.082+0000] {dag.py:3239} INFO - Sync 1 DAGs
[2026-04-12T16:20:41.115+0000] {logging_mixin.py:190} INFO - [2026-04-12T16:20:41.115+0000] {dag.py:4180} INFO - Setting next_dagrun for kafka_producer to 2026-04-11 18:30:00+00:00, run_after=2026-04-12 18:30:00+00:00
[2026-04-12T16:20:41.141+0000] {processor.py:208} INFO - Processing /opt/airflow/dags/kafka_load.py took 0.141 seconds
[2026-04-12T16:21:11.592+0000] {processor.py:186} INFO - Started process (PID=204) to work on /opt/airflow/dags/kafka_load.py
[2026-04-12T16:21:11.593+0000] {processor.py:914} INFO - Processing file /opt/airflow/dags/kafka_load.py for tasks to queue
[2026-04-12T16:21:11.596+0000] {logging_mixin.py:190} INFO - [2026-04-12T16:21:11.596+0000] {dagbag.py:588} INFO - Filling up the DagBag from /opt/airflow/dags/kafka_load.py
[2026-04-12T16:21:11.636+0000] {processor.py:925} INFO - DAG(s) 'kafka_producer' retrieved from /opt/airflow/dags/kafka_load.py
[2026-04-12T16:21:11.668+0000] {logging_mixin.py:190} INFO - [2026-04-12T16:21:11.667+0000] {dag.py:3239} INFO - Sync 1 DAGs
[2026-04-12T16:21:11.700+0000] {logging_mixin.py:190} INFO - [2026-04-12T16:21:11.700+0000] {dag.py:4180} INFO - Setting next_dagrun for kafka_producer to 2026-04-11 18:30:00+00:00, run_after=2026-04-12 18:30:00+00:00
[2026-04-12T16:21:11.730+0000] {processor.py:208} INFO - Processing /opt/airflow/dags/kafka_load.py took 0.150 seconds
[2026-04-12T16:21:42.249+0000] {processor.py:186} INFO - Started process (PID=207) to work on /opt/airflow/dags/kafka_load.py
[2026-04-12T16:21:42.251+0000] {processor.py:914} INFO - Processing file /opt/airflow/dags/kafka_load.py for tasks to queue
[2026-04-12T16:21:42.262+0000] {logging_mixin.py:190} INFO - [2026-04-12T16:21:42.261+0000] {dagbag.py:588} INFO - Filling up the DagBag from /opt/airflow/dags/kafka_load.py
[2026-04-12T16:21:42.316+0000] {processor.py:925} INFO - DAG(s) 'kafka_producer' retrieved from /opt/airflow/dags/kafka_load.py
[2026-04-12T16:21:42.348+0000] {logging_mixin.py:190} INFO - [2026-04-12T16:21:42.348+0000] {dag.py:3239} INFO - Sync 1 DAGs
[2026-04-12T16:21:42.382+0000] {logging_mixin.py:190} INFO - [2026-04-12T16:21:42.381+0000] {dag.py:4180} INFO - Setting next_dagrun for kafka_producer to 2026-04-11 18:30:00+00:00, run_after=2026-04-12 18:30:00+00:00
[2026-04-12T16:21:42.422+0000] {processor.py:208} INFO - Processing /opt/airflow/dags/kafka_load.py took 0.195 seconds
[2026-04-12T16:22:12.889+0000] {processor.py:186} INFO - Started process (PID=210) to work on /opt/airflow/dags/kafka_load.py
[2026-04-12T16:22:12.892+0000] {processor.py:914} INFO - Processing file /opt/airflow/dags/kafka_load.py for tasks to queue
[2026-04-12T16:22:12.897+0000] {logging_mixin.py:190} INFO - [2026-04-12T16:22:12.896+0000] {dagbag.py:588} INFO - Filling up the DagBag from /opt/airflow/dags/kafka_load.py
[2026-04-12T16:22:12.941+0000] {processor.py:925} INFO - DAG(s) 'kafka_producer' retrieved from /opt/airflow/dags/kafka_load.py
[2026-04-12T16:22:12.969+0000] {logging_mixin.py:190} INFO - [2026-04-12T16:22:12.968+0000] {dag.py:3239} INFO - Sync 1 DAGs
[2026-04-12T16:22:13.003+0000] {logging_mixin.py:190} INFO - [2026-04-12T16:22:13.003+0000] {dag.py:4180} INFO - Setting next_dagrun for kafka_producer to 2026-04-11 18:30:00+00:00, run_after=2026-04-12 18:30:00+00:00
[2026-04-12T16:22:13.032+0000] {processor.py:208} INFO - Processing /opt/airflow/dags/kafka_load.py took 0.153 seconds
[2026-04-12T16:22:43.614+0000] {processor.py:186} INFO - Started process (PID=213) to work on /opt/airflow/dags/kafka_load.py
[2026-04-12T16:22:43.615+0000] {processor.py:914} INFO - Processing file /opt/airflow/dags/kafka_load.py for tasks to queue
[2026-04-12T16:22:43.619+0000] {logging_mixin.py:190} INFO - [2026-04-12T16:22:43.618+0000] {dagbag.py:588} INFO - Filling up the DagBag from /opt/airflow/dags/kafka_load.py
[2026-04-12T16:22:43.678+0000] {processor.py:925} INFO - DAG(s) 'kafka_producer' retrieved from /opt/airflow/dags/kafka_load.py
[2026-04-12T16:22:43.714+0000] {logging_mixin.py:190} INFO - [2026-04-12T16:22:43.714+0000] {dag.py:3239} INFO - Sync 1 DAGs
[2026-04-12T16:22:43.759+0000] {logging_mixin.py:190} INFO - [2026-04-12T16:22:43.759+0000] {dag.py:4180} INFO - Setting next_dagrun for kafka_producer to 2026-04-11 18:30:00+00:00, run_after=2026-04-12 18:30:00+00:00
[2026-04-12T16:22:43.810+0000] {processor.py:208} INFO - Processing /opt/airflow/dags/kafka_load.py took 0.214 seconds
[2026-04-12T16:23:14.256+0000] {processor.py:186} INFO - Started process (PID=216) to work on /opt/airflow/dags/kafka_load.py
[2026-04-12T16:23:14.258+0000] {processor.py:914} INFO - Processing file /opt/airflow/dags/kafka_load.py for tasks to queue
[2026-04-12T16:23:14.261+0000] {logging_mixin.py:190} INFO - [2026-04-12T16:23:14.260+0000] {dagbag.py:588} INFO - Filling up the DagBag from /opt/airflow/dags/kafka_load.py
[2026-04-12T16:23:14.298+0000] {processor.py:925} INFO - DAG(s) 'kafka_producer' retrieved from /opt/airflow/dags/kafka_load.py
[2026-04-12T16:23:14.327+0000] {logging_mixin.py:190} INFO - [2026-04-12T16:23:14.326+0000] {dag.py:3239} INFO - Sync 1 DAGs
[2026-04-12T16:23:14.362+0000] {logging_mixin.py:190} INFO - [2026-04-12T16:23:14.362+0000] {dag.py:4180} INFO - Setting next_dagrun for kafka_producer to 2026-04-11 18:30:00+00:00, run_after=2026-04-12 18:30:00+00:00
[2026-04-12T16:23:14.390+0000] {processor.py:208} INFO - Processing /opt/airflow/dags/kafka_load.py took 0.144 seconds
[2026-04-12T16:23:44.929+0000] {processor.py:186} INFO - Started process (PID=219) to work on /opt/airflow/dags/kafka_load.py
[2026-04-12T16:23:44.933+0000] {processor.py:914} INFO - Processing file /opt/airflow/dags/kafka_load.py for tasks to queue
[2026-04-12T16:23:44.939+0000] {logging_mixin.py:190} INFO - [2026-04-12T16:23:44.938+0000] {dagbag.py:588} INFO - Filling up the DagBag from /opt/airflow/dags/kafka_load.py
[2026-04-12T16:23:44.982+0000] {processor.py:925} INFO - DAG(s) 'kafka_producer' retrieved from /opt/airflow/dags/kafka_load.py
[2026-04-12T16:23:45.025+0000] {logging_mixin.py:190} INFO - [2026-04-12T16:23:45.025+0000] {dag.py:3239} INFO - Sync 1 DAGs
[2026-04-12T16:23:45.057+0000] {logging_mixin.py:190} INFO - [2026-04-12T16:23:45.056+0000] {dag.py:4180} INFO - Setting next_dagrun for kafka_producer to 2026-04-11 18:30:00+00:00, run_after=2026-04-12 18:30:00+00:00
[2026-04-12T16:23:45.084+0000] {processor.py:208} INFO - Processing /opt/airflow/dags/kafka_load.py took 0.167 seconds
[2026-04-12T16:24:15.535+0000] {processor.py:186} INFO - Started process (PID=222) to work on /opt/airflow/dags/kafka_load.py
[2026-04-12T16:24:15.538+0000] {processor.py:914} INFO - Processing file /opt/airflow/dags/kafka_load.py for tasks to queue
[2026-04-12T16:24:15.541+0000] {logging_mixin.py:190} INFO - [2026-04-12T16:24:15.541+0000] {dagbag.py:588} INFO - Filling up the DagBag from /opt/airflow/dags/kafka_load.py
[2026-04-12T16:24:15.582+0000] {processor.py:925} INFO - DAG(s) 'kafka_producer' retrieved from /opt/airflow/dags/kafka_load.py
[2026-04-12T16:24:15.616+0000] {logging_mixin.py:190} INFO - [2026-04-12T16:24:15.616+0000] {dag.py:3239} INFO - Sync 1 DAGs
[2026-04-12T16:24:15.651+0000] {logging_mixin.py:190} INFO - [2026-04-12T16:24:15.651+0000] {dag.py:4180} INFO - Setting next_dagrun for kafka_producer to 2026-04-11 18:30:00+00:00, run_after=2026-04-12 18:30:00+00:00
[2026-04-12T16:24:15.676+0000] {processor.py:208} INFO - Processing /opt/airflow/dags/kafka_load.py took 0.152 seconds
[2026-04-12T16:24:46.163+0000] {processor.py:186} INFO - Started process (PID=225) to work on /opt/airflow/dags/kafka_load.py
[2026-04-12T16:24:46.165+0000] {processor.py:914} INFO - Processing file /opt/airflow/dags/kafka_load.py for tasks to queue
[2026-04-12T16:24:46.169+0000] {logging_mixin.py:190} INFO - [2026-04-12T16:24:46.169+0000] {dagbag.py:588} INFO - Filling up the DagBag from /opt/airflow/dags/kafka_load.py
[2026-04-12T16:24:46.208+0000] {processor.py:925} INFO - DAG(s) 'kafka_producer' retrieved from /opt/airflow/dags/kafka_load.py
[2026-04-12T16:24:46.238+0000] {logging_mixin.py:190} INFO - [2026-04-12T16:24:46.238+0000] {dag.py:3239} INFO - Sync 1 DAGs
[2026-04-12T16:24:46.272+0000] {logging_mixin.py:190} INFO - [2026-04-12T16:24:46.272+0000] {dag.py:4180} INFO - Setting next_dagrun for kafka_producer to 2026-04-11 18:30:00+00:00, run_after=2026-04-12 18:30:00+00:00
[2026-04-12T16:24:46.299+0000] {processor.py:208} INFO - Processing /opt/airflow/dags/kafka_load.py took 0.146 seconds
[2026-04-12T16:25:16.801+0000] {processor.py:186} INFO - Started process (PID=228) to work on /opt/airflow/dags/kafka_load.py
[2026-04-12T16:25:16.802+0000] {processor.py:914} INFO - Processing file /opt/airflow/dags/kafka_load.py for tasks to queue
[2026-04-12T16:25:16.805+0000] {logging_mixin.py:190} INFO - [2026-04-12T16:25:16.805+0000] {dagbag.py:588} INFO - Filling up the DagBag from /opt/airflow/dags/kafka_load.py
[2026-04-12T16:25:16.842+0000] {processor.py:925} INFO - DAG(s) 'kafka_producer' retrieved from /opt/airflow/dags/kafka_load.py
[2026-04-12T16:25:16.868+0000] {logging_mixin.py:190} INFO - [2026-04-12T16:25:16.867+0000] {dag.py:3239} INFO - Sync 1 DAGs
[2026-04-12T16:25:16.898+0000] {logging_mixin.py:190} INFO - [2026-04-12T16:25:16.898+0000] {dag.py:4180} INFO - Setting next_dagrun for kafka_producer to 2026-04-11 18:30:00+00:00, run_after=2026-04-12 18:30:00+00:00
[2026-04-12T16:25:17.722+0000] {processor.py:208} INFO - Processing /opt/airflow/dags/kafka_load.py took 0.930 seconds
[2026-04-12T16:25:48.283+0000] {processor.py:186} INFO - Started process (PID=231) to work on /opt/airflow/dags/kafka_load.py
[2026-04-12T16:25:48.284+0000] {processor.py:914} INFO - Processing file /opt/airflow/dags/kafka_load.py for tasks to queue
[2026-04-12T16:25:48.287+0000] {logging_mixin.py:190} INFO - [2026-04-12T16:25:48.287+0000] {dagbag.py:588} INFO - Filling up the DagBag from /opt/airflow/dags/kafka_load.py
[2026-04-12T16:25:48.330+0000] {processor.py:925} INFO - DAG(s) 'kafka_producer' retrieved from /opt/airflow/dags/kafka_load.py
[2026-04-12T16:25:48.358+0000] {logging_mixin.py:190} INFO - [2026-04-12T16:25:48.357+0000] {dag.py:3239} INFO - Sync 1 DAGs
[2026-04-12T16:25:48.670+0000] {logging_mixin.py:190} INFO - [2026-04-12T16:25:48.670+0000] {dag.py:4180} INFO - Setting next_dagrun for kafka_producer to 2026-04-11 18:30:00+00:00, run_after=2026-04-12 18:30:00+00:00
[2026-04-12T16:25:48.699+0000] {processor.py:208} INFO - Processing /opt/airflow/dags/kafka_load.py took 0.425 seconds
[2026-04-12T16:26:19.303+0000] {processor.py:186} INFO - Started process (PID=234) to work on /opt/airflow/dags/kafka_load.py
[2026-04-12T16:26:19.304+0000] {processor.py:914} INFO - Processing file /opt/airflow/dags/kafka_load.py for tasks to queue
[2026-04-12T16:26:19.310+0000] {logging_mixin.py:190} INFO - [2026-04-12T16:26:19.309+0000] {dagbag.py:588} INFO - Filling up the DagBag from /opt/airflow/dags/kafka_load.py
[2026-04-12T16:26:19.412+0000] {processor.py:925} INFO - DAG(s) 'kafka_producer' retrieved from /opt/airflow/dags/kafka_load.py
[2026-04-12T16:26:19.447+0000] {logging_mixin.py:190} INFO - [2026-04-12T16:26:19.447+0000] {dag.py:3239} INFO - Sync 1 DAGs
[2026-04-12T16:26:19.482+0000] {logging_mixin.py:190} INFO - [2026-04-12T16:26:19.482+0000] {dag.py:4180} INFO - Setting next_dagrun for kafka_producer to 2026-04-11 18:30:00+00:00, run_after=2026-04-12 18:30:00+00:00
[2026-04-12T16:26:19.509+0000] {processor.py:208} INFO - Processing /opt/airflow/dags/kafka_load.py took 0.218 seconds
[2026-04-12T16:26:50.003+0000] {processor.py:186} INFO - Started process (PID=237) to work on /opt/airflow/dags/kafka_load.py
[2026-04-12T16:26:50.005+0000] {processor.py:914} INFO - Processing file /opt/airflow/dags/kafka_load.py for tasks to queue
[2026-04-12T16:26:50.008+0000] {logging_mixin.py:190} INFO - [2026-04-12T16:26:50.008+0000] {dagbag.py:588} INFO - Filling up the DagBag from /opt/airflow/dags/kafka_load.py
[2026-04-12T16:26:50.053+0000] {processor.py:925} INFO - DAG(s) 'kafka_producer' retrieved from /opt/airflow/dags/kafka_load.py
[2026-04-12T16:26:50.082+0000] {logging_mixin.py:190} INFO - [2026-04-12T16:26:50.081+0000] {dag.py:3239} INFO - Sync 1 DAGs
[2026-04-12T16:26:50.117+0000] {logging_mixin.py:190} INFO - [2026-04-12T16:26:50.117+0000] {dag.py:4180} INFO - Setting next_dagrun for kafka_producer to 2026-04-11 18:30:00+00:00, run_after=2026-04-12 18:30:00+00:00
[2026-04-12T16:26:50.147+0000] {processor.py:208} INFO - Processing /opt/airflow/dags/kafka_load.py took 0.154 seconds
[2026-04-12T16:27:20.659+0000] {processor.py:186} INFO - Started process (PID=240) to work on /opt/airflow/dags/kafka_load.py
[2026-04-12T16:27:20.661+0000] {processor.py:914} INFO - Processing file /opt/airflow/dags/kafka_load.py for tasks to queue
[2026-04-12T16:27:20.664+0000] {logging_mixin.py:190} INFO - [2026-04-12T16:27:20.664+0000] {dagbag.py:588} INFO - Filling up the DagBag from /opt/airflow/dags/kafka_load.py
[2026-04-12T16:27:20.701+0000] {processor.py:925} INFO - DAG(s) 'kafka_producer' retrieved from /opt/airflow/dags/kafka_load.py
[2026-04-12T16:27:20.735+0000] {logging_mixin.py:190} INFO - [2026-04-12T16:27:20.734+0000] {dag.py:3239} INFO - Sync 1 DAGs
[2026-04-12T16:27:20.765+0000] {logging_mixin.py:190} INFO - [2026-04-12T16:27:20.765+0000] {dag.py:4180} INFO - Setting next_dagrun for kafka_producer to 2026-04-11 18:30:00+00:00, run_after=2026-04-12 18:30:00+00:00
[2026-04-12T16:27:20.793+0000] {processor.py:208} INFO - Processing /opt/airflow/dags/kafka_load.py took 0.144 seconds
[2026-04-12T16:27:51.282+0000] {processor.py:186} INFO - Started process (PID=243) to work on /opt/airflow/dags/kafka_load.py
[2026-04-12T16:27:51.285+0000] {processor.py:914} INFO - Processing file /opt/airflow/dags/kafka_load.py for tasks to queue
[2026-04-12T16:27:51.290+0000] {logging_mixin.py:190} INFO - [2026-04-12T16:27:51.289+0000] {dagbag.py:588} INFO - Filling up the DagBag from /opt/airflow/dags/kafka_load.py
[2026-04-12T16:27:51.342+0000] {processor.py:925} INFO - DAG(s) 'kafka_producer' retrieved from /opt/airflow/dags/kafka_load.py
[2026-04-12T16:27:51.386+0000] {logging_mixin.py:190} INFO - [2026-04-12T16:27:51.386+0000] {dag.py:3239} INFO - Sync 1 DAGs
[2026-04-12T16:27:51.455+0000] {logging_mixin.py:190} INFO - [2026-04-12T16:27:51.454+0000] {dag.py:4180} INFO - Setting next_dagrun for kafka_producer to 2026-04-11 18:30:00+00:00, run_after=2026-04-12 18:30:00+00:00
[2026-04-12T16:27:51.677+0000] {processor.py:208} INFO - Processing /opt/airflow/dags/kafka_load.py took 0.405 seconds
[2026-04-12T16:28:22.113+0000] {processor.py:186} INFO - Started process (PID=246) to work on /opt/airflow/dags/kafka_load.py
[2026-04-12T16:28:22.115+0000] {processor.py:914} INFO - Processing file /opt/airflow/dags/kafka_load.py for tasks to queue
[2026-04-12T16:28:22.118+0000] {logging_mixin.py:190} INFO - [2026-04-12T16:28:22.118+0000] {dagbag.py:588} INFO - Filling up the DagBag from /opt/airflow/dags/kafka_load.py
[2026-04-12T16:28:22.153+0000] {processor.py:925} INFO - DAG(s) 'kafka_producer' retrieved from /opt/airflow/dags/kafka_load.py
[2026-04-12T16:28:22.179+0000] {logging_mixin.py:190} INFO - [2026-04-12T16:28:22.178+0000] {dag.py:3239} INFO - Sync 1 DAGs
[2026-04-12T16:28:22.210+0000] {logging_mixin.py:190} INFO - [2026-04-12T16:28:22.209+0000] {dag.py:4180} INFO - Setting next_dagrun for kafka_producer to 2026-04-11 18:30:00+00:00, run_after=2026-04-12 18:30:00+00:00
[2026-04-12T16:28:22.233+0000] {processor.py:208} INFO - Processing /opt/airflow/dags/kafka_load.py took 0.132 seconds
[2026-04-12T16:28:52.714+0000] {processor.py:186} INFO - Started process (PID=249) to work on /opt/airflow/dags/kafka_load.py
[2026-04-12T16:28:52.716+0000] {processor.py:914} INFO - Processing file /opt/airflow/dags/kafka_load.py for tasks to queue
[2026-04-12T16:28:52.719+0000] {logging_mixin.py:190} INFO - [2026-04-12T16:28:52.719+0000] {dagbag.py:588} INFO - Filling up the DagBag from /opt/airflow/dags/kafka_load.py
[2026-04-12T16:28:52.754+0000] {processor.py:925} INFO - DAG(s) 'kafka_producer' retrieved from /opt/airflow/dags/kafka_load.py
[2026-04-12T16:28:52.782+0000] {logging_mixin.py:190} INFO - [2026-04-12T16:28:52.782+0000] {dag.py:3239} INFO - Sync 1 DAGs
[2026-04-12T16:28:52.816+0000] {logging_mixin.py:190} INFO - [2026-04-12T16:28:52.815+0000] {dag.py:4180} INFO - Setting next_dagrun for kafka_producer to 2026-04-11 18:30:00+00:00, run_after=2026-04-12 18:30:00+00:00
[2026-04-12T16:28:52.846+0000] {processor.py:208} INFO - Processing /opt/airflow/dags/kafka_load.py took 0.142 seconds
[2026-04-12T16:29:23.342+0000] {processor.py:186} INFO - Started process (PID=252) to work on /opt/airflow/dags/kafka_load.py
[2026-04-12T16:29:23.348+0000] {processor.py:914} INFO - Processing file /opt/airflow/dags/kafka_load.py for tasks to queue
[2026-04-12T16:29:23.353+0000] {logging_mixin.py:190} INFO - [2026-04-12T16:29:23.353+0000] {dagbag.py:588} INFO - Filling up the DagBag from /opt/airflow/dags/kafka_load.py
[2026-04-12T16:29:23.410+0000] {processor.py:925} INFO - DAG(s) 'kafka_producer' retrieved from /opt/airflow/dags/kafka_load.py
[2026-04-12T16:29:23.464+0000] {logging_mixin.py:190} INFO - [2026-04-12T16:29:23.463+0000] {dag.py:3239} INFO - Sync 1 DAGs
[2026-04-12T16:29:23.507+0000] {logging_mixin.py:190} INFO - [2026-04-12T16:29:23.506+0000] {dag.py:4180} INFO - Setting next_dagrun for kafka_producer to 2026-04-11 18:30:00+00:00, run_after=2026-04-12 18:30:00+00:00
[2026-04-12T16:29:23.540+0000] {processor.py:208} INFO - Processing /opt/airflow/dags/kafka_load.py took 0.207 seconds
[2026-04-12T16:29:54.014+0000] {processor.py:186} INFO - Started process (PID=255) to work on /opt/airflow/dags/kafka_load.py
[2026-04-12T16:29:54.016+0000] {processor.py:914} INFO - Processing file /opt/airflow/dags/kafka_load.py for tasks to queue
[2026-04-12T16:29:54.019+0000] {logging_mixin.py:190} INFO - [2026-04-12T16:29:54.019+0000] {dagbag.py:588} INFO - Filling up the DagBag from /opt/airflow/dags/kafka_load.py
[2026-04-12T16:29:54.051+0000] {processor.py:925} INFO - DAG(s) 'kafka_producer' retrieved from /opt/airflow/dags/kafka_load.py
[2026-04-12T16:29:54.079+0000] {logging_mixin.py:190} INFO - [2026-04-12T16:29:54.079+0000] {dag.py:3239} INFO - Sync 1 DAGs
[2026-04-12T16:29:54.111+0000] {logging_mixin.py:190} INFO - [2026-04-12T16:29:54.111+0000] {dag.py:4180} INFO - Setting next_dagrun for kafka_producer to 2026-04-11 18:30:00+00:00, run_after=2026-04-12 18:30:00+00:00
[2026-04-12T16:29:54.138+0000] {processor.py:208} INFO - Processing /opt/airflow/dags/kafka_load.py took 0.135 seconds
[2026-04-12T16:30:24.718+0000] {processor.py:186} INFO - Started process (PID=258) to work on /opt/airflow/dags/kafka_load.py
[2026-04-12T16:30:24.719+0000] {processor.py:914} INFO - Processing file /opt/airflow/dags/kafka_load.py for tasks to queue
[2026-04-12T16:30:24.722+0000] {logging_mixin.py:190} INFO - [2026-04-12T16:30:24.722+0000] {dagbag.py:588} INFO - Filling up the DagBag from /opt/airflow/dags/kafka_load.py
[2026-04-12T16:30:24.753+0000] {processor.py:925} INFO - DAG(s) 'kafka_producer' retrieved from /opt/airflow/dags/kafka_load.py
[2026-04-12T16:30:24.781+0000] {logging_mixin.py:190} INFO - [2026-04-12T16:30:24.780+0000] {dag.py:3239} INFO - Sync 1 DAGs
[2026-04-12T16:30:24.812+0000] {logging_mixin.py:190} INFO - [2026-04-12T16:30:24.812+0000] {dag.py:4180} INFO - Setting next_dagrun for kafka_producer to 2026-04-11 18:30:00+00:00, run_after=2026-04-12 18:30:00+00:00
[2026-04-12T16:30:24.835+0000] {processor.py:208} INFO - Processing /opt/airflow/dags/kafka_load.py took 0.126 seconds
[2026-04-12T16:30:55.427+0000] {processor.py:186} INFO - Started process (PID=261) to work on /opt/airflow/dags/kafka_load.py
[2026-04-12T16:30:55.432+0000] {processor.py:914} INFO - Processing file /opt/airflow/dags/kafka_load.py for tasks to queue
[2026-04-12T16:30:55.443+0000] {logging_mixin.py:190} INFO - [2026-04-12T16:30:55.442+0000] {dagbag.py:588} INFO - Filling up the DagBag from /opt/airflow/dags/kafka_load.py
[2026-04-12T16:30:55.554+0000] {processor.py:925} INFO - DAG(s) 'kafka_producer' retrieved from /opt/airflow/dags/kafka_load.py
[2026-04-12T16:30:55.618+0000] {logging_mixin.py:190} INFO - [2026-04-12T16:30:55.616+0000] {dag.py:3239} INFO - Sync 1 DAGs
[2026-04-12T16:30:56.240+0000] {logging_mixin.py:190} INFO - [2026-04-12T16:30:56.239+0000] {dag.py:4180} INFO - Setting next_dagrun for kafka_producer to 2026-04-11 18:30:00+00:00, run_after=2026-04-12 18:30:00+00:00
[2026-04-12T16:30:56.266+0000] {processor.py:208} INFO - Processing /opt/airflow/dags/kafka_load.py took 0.859 seconds
[2026-04-12T16:31:26.789+0000] {processor.py:186} INFO - Started process (PID=264) to work on /opt/airflow/dags/kafka_load.py
[2026-04-12T16:31:26.790+0000] {processor.py:914} INFO - Processing file /opt/airflow/dags/kafka_load.py for tasks to queue
[2026-04-12T16:31:26.793+0000] {logging_mixin.py:190} INFO - [2026-04-12T16:31:26.793+0000] {dagbag.py:588} INFO - Filling up the DagBag from /opt/airflow/dags/kafka_load.py
[2026-04-12T16:31:26.833+0000] {processor.py:925} INFO - DAG(s) 'kafka_producer' retrieved from /opt/airflow/dags/kafka_load.py
[2026-04-12T16:31:26.861+0000] {logging_mixin.py:190} INFO - [2026-04-12T16:31:26.860+0000] {dag.py:3239} INFO - Sync 1 DAGs
[2026-04-12T16:31:26.897+0000] {logging_mixin.py:190} INFO - [2026-04-12T16:31:26.897+0000] {dag.py:4180} INFO - Setting next_dagrun for kafka_producer to 2026-04-11 18:30:00+00:00, run_after=2026-04-12 18:30:00+00:00
[2026-04-12T16:31:26.925+0000] {processor.py:208} INFO - Processing /opt/airflow/dags/kafka_load.py took 0.148 seconds
[2026-04-12T16:31:57.483+0000] {processor.py:186} INFO - Started process (PID=267) to work on /opt/airflow/dags/kafka_load.py
[2026-04-12T16:31:57.485+0000] {processor.py:914} INFO - Processing file /opt/airflow/dags/kafka_load.py for tasks to queue
[2026-04-12T16:31:57.491+0000] {logging_mixin.py:190} INFO - [2026-04-12T16:31:57.490+0000] {dagbag.py:588} INFO - Filling up the DagBag from /opt/airflow/dags/kafka_load.py
[2026-04-12T16:31:57.534+0000] {processor.py:925} INFO - DAG(s) 'kafka_producer' retrieved from /opt/airflow/dags/kafka_load.py
[2026-04-12T16:31:57.568+0000] {logging_mixin.py:190} INFO - [2026-04-12T16:31:57.568+0000] {dag.py:3239} INFO - Sync 1 DAGs
[2026-04-12T16:31:57.600+0000] {logging_mixin.py:190} INFO - [2026-04-12T16:31:57.600+0000] {dag.py:4180} INFO - Setting next_dagrun for kafka_producer to 2026-04-11 18:30:00+00:00, run_after=2026-04-12 18:30:00+00:00
[2026-04-12T16:31:57.627+0000] {processor.py:208} INFO - Processing /opt/airflow/dags/kafka_load.py took 0.163 seconds
[2026-04-12T16:32:28.077+0000] {processor.py:186} INFO - Started process (PID=270) to work on /opt/airflow/dags/kafka_load.py
[2026-04-12T16:32:28.088+0000] {processor.py:914} INFO - Processing file /opt/airflow/dags/kafka_load.py for tasks to queue
[2026-04-12T16:32:28.104+0000] {logging_mixin.py:190} INFO - [2026-04-12T16:32:28.103+0000] {dagbag.py:588} INFO - Filling up the DagBag from /opt/airflow/dags/kafka_load.py
[2026-04-12T16:32:28.189+0000] {processor.py:925} INFO - DAG(s) 'kafka_producer' retrieved from /opt/airflow/dags/kafka_load.py
[2026-04-12T16:32:28.262+0000] {logging_mixin.py:190} INFO - [2026-04-12T16:32:28.261+0000] {dag.py:3239} INFO - Sync 1 DAGs
[2026-04-12T16:32:28.372+0000] {logging_mixin.py:190} INFO - [2026-04-12T16:32:28.372+0000] {dag.py:4180} INFO - Setting next_dagrun for kafka_producer to 2026-04-11 18:30:00+00:00, run_after=2026-04-12 18:30:00+00:00
[2026-04-12T16:32:28.481+0000] {processor.py:208} INFO - Processing /opt/airflow/dags/kafka_load.py took 0.413 seconds
[2026-04-12T16:32:58.944+0000] {processor.py:186} INFO - Started process (PID=273) to work on /opt/airflow/dags/kafka_load.py
[2026-04-12T16:32:58.946+0000] {processor.py:914} INFO - Processing file /opt/airflow/dags/kafka_load.py for tasks to queue
[2026-04-12T16:32:58.954+0000] {logging_mixin.py:190} INFO - [2026-04-12T16:32:58.954+0000] {dagbag.py:588} INFO - Filling up the DagBag from /opt/airflow/dags/kafka_load.py
[2026-04-12T16:32:59.012+0000] {processor.py:925} INFO - DAG(s) 'kafka_producer' retrieved from /opt/airflow/dags/kafka_load.py
[2026-04-12T16:32:59.085+0000] {logging_mixin.py:190} INFO - [2026-04-12T16:32:59.085+0000] {dag.py:3239} INFO - Sync 1 DAGs
[2026-04-12T16:32:59.150+0000] {logging_mixin.py:190} INFO - [2026-04-12T16:32:59.150+0000] {dag.py:4180} INFO - Setting next_dagrun for kafka_producer to 2026-04-11 18:30:00+00:00, run_after=2026-04-12 18:30:00+00:00
[2026-04-12T16:32:59.188+0000] {processor.py:208} INFO - Processing /opt/airflow/dags/kafka_load.py took 0.258 seconds
[2026-04-12T16:33:29.901+0000] {processor.py:186} INFO - Started process (PID=276) to work on /opt/airflow/dags/kafka_load.py
[2026-04-12T16:33:29.905+0000] {processor.py:914} INFO - Processing file /opt/airflow/dags/kafka_load.py for tasks to queue
[2026-04-12T16:33:29.910+0000] {logging_mixin.py:190} INFO - [2026-04-12T16:33:29.909+0000] {dagbag.py:588} INFO - Filling up the DagBag from /opt/airflow/dags/kafka_load.py
[2026-04-12T16:33:29.971+0000] {processor.py:925} INFO - DAG(s) 'kafka_producer' retrieved from /opt/airflow/dags/kafka_load.py
[2026-04-12T16:33:30.026+0000] {logging_mixin.py:190} INFO - [2026-04-12T16:33:30.026+0000] {dag.py:3239} INFO - Sync 1 DAGs
[2026-04-12T16:33:30.406+0000] {logging_mixin.py:190} INFO - [2026-04-12T16:33:30.406+0000] {dag.py:4180} INFO - Setting next_dagrun for kafka_producer to 2026-04-11 18:30:00+00:00, run_after=2026-04-12 18:30:00+00:00
[2026-04-12T16:33:30.433+0000] {processor.py:208} INFO - Processing /opt/airflow/dags/kafka_load.py took 0.556 seconds
[2026-04-12T16:34:00.948+0000] {processor.py:186} INFO - Started process (PID=279) to work on /opt/airflow/dags/kafka_load.py
[2026-04-12T16:34:00.952+0000] {processor.py:914} INFO - Processing file /opt/airflow/dags/kafka_load.py for tasks to queue
[2026-04-12T16:34:00.955+0000] {logging_mixin.py:190} INFO - [2026-04-12T16:34:00.955+0000] {dagbag.py:588} INFO - Filling up the DagBag from /opt/airflow/dags/kafka_load.py
[2026-04-12T16:34:01.002+0000] {processor.py:925} INFO - DAG(s) 'kafka_producer' retrieved from /opt/airflow/dags/kafka_load.py
[2026-04-12T16:34:01.040+0000] {logging_mixin.py:190} INFO - [2026-04-12T16:34:01.040+0000] {dag.py:3239} INFO - Sync 1 DAGs
[2026-04-12T16:34:01.090+0000] {logging_mixin.py:190} INFO - [2026-04-12T16:34:01.090+0000] {dag.py:4180} INFO - Setting next_dagrun for kafka_producer to 2026-04-11 18:30:00+00:00, run_after=2026-04-12 18:30:00+00:00
[2026-04-12T16:34:01.119+0000] {processor.py:208} INFO - Processing /opt/airflow/dags/kafka_load.py took 0.189 seconds
[2026-04-12T16:34:31.611+0000] {processor.py:186} INFO - Started process (PID=282) to work on /opt/airflow/dags/kafka_load.py
[2026-04-12T16:34:31.613+0000] {processor.py:914} INFO - Processing file /opt/airflow/dags/kafka_load.py for tasks to queue
[2026-04-12T16:34:31.616+0000] {logging_mixin.py:190} INFO - [2026-04-12T16:34:31.616+0000] {dagbag.py:588} INFO - Filling up the DagBag from /opt/airflow/dags/kafka_load.py
[2026-04-12T16:34:31.653+0000] {processor.py:925} INFO - DAG(s) 'kafka_producer' retrieved from /opt/airflow/dags/kafka_load.py
[2026-04-12T16:34:31.686+0000] {logging_mixin.py:190} INFO - [2026-04-12T16:34:31.686+0000] {dag.py:3239} INFO - Sync 1 DAGs
[2026-04-12T16:34:31.717+0000] {logging_mixin.py:190} INFO - [2026-04-12T16:34:31.717+0000] {dag.py:4180} INFO - Setting next_dagrun for kafka_producer to 2026-04-11 18:30:00+00:00, run_after=2026-04-12 18:30:00+00:00
[2026-04-12T16:34:31.756+0000] {processor.py:208} INFO - Processing /opt/airflow/dags/kafka_load.py took 0.155 seconds
[2026-04-12T16:35:02.192+0000] {processor.py:186} INFO - Started process (PID=285) to work on /opt/airflow/dags/kafka_load.py
[2026-04-12T16:35:02.193+0000] {processor.py:914} INFO - Processing file /opt/airflow/dags/kafka_load.py for tasks to queue
[2026-04-12T16:35:02.197+0000] {logging_mixin.py:190} INFO - [2026-04-12T16:35:02.196+0000] {dagbag.py:588} INFO - Filling up the DagBag from /opt/airflow/dags/kafka_load.py
[2026-04-12T16:35:02.245+0000] {processor.py:925} INFO - DAG(s) 'kafka_producer' retrieved from /opt/airflow/dags/kafka_load.py
[2026-04-12T16:35:02.275+0000] {logging_mixin.py:190} INFO - [2026-04-12T16:35:02.275+0000] {dag.py:3239} INFO - Sync 1 DAGs
[2026-04-12T16:35:02.311+0000] {logging_mixin.py:190} INFO - [2026-04-12T16:35:02.310+0000] {dag.py:4180} INFO - Setting next_dagrun for kafka_producer to 2026-04-11 18:30:00+00:00, run_after=2026-04-12 18:30:00+00:00
[2026-04-12T16:35:02.339+0000] {processor.py:208} INFO - Processing /opt/airflow/dags/kafka_load.py took 0.157 seconds
[2026-04-12T16:35:32.794+0000] {processor.py:186} INFO - Started process (PID=288) to work on /opt/airflow/dags/kafka_load.py
[2026-04-12T16:35:32.796+0000] {processor.py:914} INFO - Processing file /opt/airflow/dags/kafka_load.py for tasks to queue
[2026-04-12T16:35:32.799+0000] {logging_mixin.py:190} INFO - [2026-04-12T16:35:32.799+0000] {dagbag.py:588} INFO - Filling up the DagBag from /opt/airflow/dags/kafka_load.py
[2026-04-12T16:35:32.831+0000] {processor.py:925} INFO - DAG(s) 'kafka_producer' retrieved from /opt/airflow/dags/kafka_load.py
[2026-04-12T16:35:32.862+0000] {logging_mixin.py:190} INFO - [2026-04-12T16:35:32.862+0000] {dag.py:3239} INFO - Sync 1 DAGs
[2026-04-12T16:35:32.894+0000] {logging_mixin.py:190} INFO - [2026-04-12T16:35:32.894+0000] {dag.py:4180} INFO - Setting next_dagrun for kafka_producer to 2026-04-11 18:30:00+00:00, run_after=2026-04-12 18:30:00+00:00
[2026-04-12T16:35:32.922+0000] {processor.py:208} INFO - Processing /opt/airflow/dags/kafka_load.py took 0.137 seconds
[2026-04-12T16:36:03.356+0000] {processor.py:186} INFO - Started process (PID=291) to work on /opt/airflow/dags/kafka_load.py
[2026-04-12T16:36:03.358+0000] {processor.py:914} INFO - Processing file /opt/airflow/dags/kafka_load.py for tasks to queue
[2026-04-12T16:36:03.361+0000] {logging_mixin.py:190} INFO - [2026-04-12T16:36:03.361+0000] {dagbag.py:588} INFO - Filling up the DagBag from /opt/airflow/dags/kafka_load.py
[2026-04-12T16:36:03.398+0000] {processor.py:925} INFO - DAG(s) 'kafka_producer' retrieved from /opt/airflow/dags/kafka_load.py
[2026-04-12T16:36:03.427+0000] {logging_mixin.py:190} INFO - [2026-04-12T16:36:03.427+0000] {dag.py:3239} INFO - Sync 1 DAGs
[2026-04-12T16:36:03.698+0000] {logging_mixin.py:190} INFO - [2026-04-12T16:36:03.698+0000] {dag.py:4180} INFO - Setting next_dagrun for kafka_producer to 2026-04-11 18:30:00+00:00, run_after=2026-04-12 18:30:00+00:00
[2026-04-12T16:36:03.723+0000] {processor.py:208} INFO - Processing /opt/airflow/dags/kafka_load.py took 0.377 seconds
[2026-04-12T16:36:34.192+0000] {processor.py:186} INFO - Started process (PID=294) to work on /opt/airflow/dags/kafka_load.py
[2026-04-12T16:36:34.194+0000] {processor.py:914} INFO - Processing file /opt/airflow/dags/kafka_load.py for tasks to queue
[2026-04-12T16:36:34.198+0000] {logging_mixin.py:190} INFO - [2026-04-12T16:36:34.197+0000] {dagbag.py:588} INFO - Filling up the DagBag from /opt/airflow/dags/kafka_load.py
[2026-04-12T16:36:34.232+0000] {processor.py:925} INFO - DAG(s) 'kafka_producer' retrieved from /opt/airflow/dags/kafka_load.py
[2026-04-12T16:36:34.260+0000] {logging_mixin.py:190} INFO - [2026-04-12T16:36:34.259+0000] {dag.py:3239} INFO - Sync 1 DAGs
[2026-04-12T16:36:34.290+0000] {logging_mixin.py:190} INFO - [2026-04-12T16:36:34.289+0000] {dag.py:4180} INFO - Setting next_dagrun for kafka_producer to 2026-04-11 18:30:00+00:00, run_after=2026-04-12 18:30:00+00:00
[2026-04-12T16:36:34.316+0000] {processor.py:208} INFO - Processing /opt/airflow/dags/kafka_load.py took 0.135 seconds
[2026-04-12T16:37:04.808+0000] {processor.py:186} INFO - Started process (PID=297) to work on /opt/airflow/dags/kafka_load.py
[2026-04-12T16:37:04.810+0000] {processor.py:914} INFO - Processing file /opt/airflow/dags/kafka_load.py for tasks to queue
[2026-04-12T16:37:04.815+0000] {logging_mixin.py:190} INFO - [2026-04-12T16:37:04.813+0000] {dagbag.py:588} INFO - Filling up the DagBag from /opt/airflow/dags/kafka_load.py
[2026-04-12T16:37:04.869+0000] {processor.py:925} INFO - DAG(s) 'kafka_producer' retrieved from /opt/airflow/dags/kafka_load.py
[2026-04-12T16:37:04.900+0000] {logging_mixin.py:190} INFO - [2026-04-12T16:37:04.899+0000] {dag.py:3239} INFO - Sync 1 DAGs
[2026-04-12T16:37:04.941+0000] {logging_mixin.py:190} INFO - [2026-04-12T16:37:04.940+0000] {dag.py:4180} INFO - Setting next_dagrun for kafka_producer to 2026-04-11 18:30:00+00:00, run_after=2026-04-12 18:30:00+00:00
[2026-04-12T16:37:04.967+0000] {processor.py:208} INFO - Processing /opt/airflow/dags/kafka_load.py took 0.171 seconds
[2026-04-12T16:37:35.390+0000] {processor.py:186} INFO - Started process (PID=300) to work on /opt/airflow/dags/kafka_load.py
[2026-04-12T16:37:35.392+0000] {processor.py:914} INFO - Processing file /opt/airflow/dags/kafka_load.py for tasks to queue
[2026-04-12T16:37:35.396+0000] {logging_mixin.py:190} INFO - [2026-04-12T16:37:35.395+0000] {dagbag.py:588} INFO - Filling up the DagBag from /opt/airflow/dags/kafka_load.py
[2026-04-12T16:37:35.436+0000] {processor.py:925} INFO - DAG(s) 'kafka_producer' retrieved from /opt/airflow/dags/kafka_load.py
[2026-04-12T16:37:35.467+0000] {logging_mixin.py:190} INFO - [2026-04-12T16:37:35.467+0000] {dag.py:3239} INFO - Sync 1 DAGs
[2026-04-12T16:37:35.501+0000] {logging_mixin.py:190} INFO - [2026-04-12T16:37:35.500+0000] {dag.py:4180} INFO - Setting next_dagrun for kafka_producer to 2026-04-11 18:30:00+00:00, run_after=2026-04-12 18:30:00+00:00
[2026-04-12T16:37:35.526+0000] {processor.py:208} INFO - Processing /opt/airflow/dags/kafka_load.py took 0.146 seconds
[2026-04-12T16:38:06.037+0000] {processor.py:186} INFO - Started process (PID=303) to work on /opt/airflow/dags/kafka_load.py
[2026-04-12T16:38:06.039+0000] {processor.py:914} INFO - Processing file /opt/airflow/dags/kafka_load.py for tasks to queue
[2026-04-12T16:38:06.042+0000] {logging_mixin.py:190} INFO - [2026-04-12T16:38:06.042+0000] {dagbag.py:588} INFO - Filling up the DagBag from /opt/airflow/dags/kafka_load.py
[2026-04-12T16:38:06.081+0000] {processor.py:925} INFO - DAG(s) 'kafka_producer' retrieved from /opt/airflow/dags/kafka_load.py
[2026-04-12T16:38:06.113+0000] {logging_mixin.py:190} INFO - [2026-04-12T16:38:06.113+0000] {dag.py:3239} INFO - Sync 1 DAGs
[2026-04-12T16:38:06.147+0000] {logging_mixin.py:190} INFO - [2026-04-12T16:38:06.147+0000] {dag.py:4180} INFO - Setting next_dagrun for kafka_producer to 2026-04-11 18:30:00+00:00, run_after=2026-04-12 18:30:00+00:00
[2026-04-12T16:38:06.176+0000] {processor.py:208} INFO - Processing /opt/airflow/dags/kafka_load.py took 0.151 seconds
[2026-04-12T16:38:36.605+0000] {processor.py:186} INFO - Started process (PID=306) to work on /opt/airflow/dags/kafka_load.py
[2026-04-12T16:38:36.607+0000] {processor.py:914} INFO - Processing file /opt/airflow/dags/kafka_load.py for tasks to queue
[2026-04-12T16:38:36.610+0000] {logging_mixin.py:190} INFO - [2026-04-12T16:38:36.610+0000] {dagbag.py:588} INFO - Filling up the DagBag from /opt/airflow/dags/kafka_load.py
[2026-04-12T16:38:36.663+0000] {processor.py:925} INFO - DAG(s) 'kafka_producer' retrieved from /opt/airflow/dags/kafka_load.py
[2026-04-12T16:38:36.707+0000] {logging_mixin.py:190} INFO - [2026-04-12T16:38:36.707+0000] {dag.py:3239} INFO - Sync 1 DAGs
[2026-04-12T16:38:36.987+0000] {logging_mixin.py:190} INFO - [2026-04-12T16:38:36.987+0000] {dag.py:4180} INFO - Setting next_dagrun for kafka_producer to 2026-04-11 18:30:00+00:00, run_after=2026-04-12 18:30:00+00:00
[2026-04-12T16:38:37.011+0000] {processor.py:208} INFO - Processing /opt/airflow/dags/kafka_load.py took 0.418 seconds
[2026-04-12T16:39:07.496+0000] {processor.py:186} INFO - Started process (PID=309) to work on /opt/airflow/dags/kafka_load.py
[2026-04-12T16:39:07.497+0000] {processor.py:914} INFO - Processing file /opt/airflow/dags/kafka_load.py for tasks to queue
[2026-04-12T16:39:07.501+0000] {logging_mixin.py:190} INFO - [2026-04-12T16:39:07.500+0000] {dagbag.py:588} INFO - Filling up the DagBag from /opt/airflow/dags/kafka_load.py
[2026-04-12T16:39:07.539+0000] {processor.py:925} INFO - DAG(s) 'kafka_producer' retrieved from /opt/airflow/dags/kafka_load.py
[2026-04-12T16:39:07.568+0000] {logging_mixin.py:190} INFO - [2026-04-12T16:39:07.567+0000] {dag.py:3239} INFO - Sync 1 DAGs
[2026-04-12T16:39:07.899+0000] {logging_mixin.py:190} INFO - [2026-04-12T16:39:07.898+0000] {dag.py:4180} INFO - Setting next_dagrun for kafka_producer to 2026-04-11 18:30:00+00:00, run_after=2026-04-12 18:30:00+00:00
[2026-04-12T16:39:07.937+0000] {processor.py:208} INFO - Processing /opt/airflow/dags/kafka_load.py took 0.452 seconds
[2026-04-12T16:39:38.346+0000] {processor.py:186} INFO - Started process (PID=312) to work on /opt/airflow/dags/kafka_load.py
[2026-04-12T16:39:38.355+0000] {processor.py:914} INFO - Processing file /opt/airflow/dags/kafka_load.py for tasks to queue
[2026-04-12T16:39:38.359+0000] {logging_mixin.py:190} INFO - [2026-04-12T16:39:38.358+0000] {dagbag.py:588} INFO - Filling up the DagBag from /opt/airflow/dags/kafka_load.py
[2026-04-12T16:39:38.390+0000] {processor.py:925} INFO - DAG(s) 'kafka_producer' retrieved from /opt/airflow/dags/kafka_load.py
[2026-04-12T16:39:38.422+0000] {logging_mixin.py:190} INFO - [2026-04-12T16:39:38.422+0000] {dag.py:3239} INFO - Sync 1 DAGs
[2026-04-12T16:39:38.476+0000] {logging_mixin.py:190} INFO - [2026-04-12T16:39:38.476+0000] {dag.py:4180} INFO - Setting next_dagrun for kafka_producer to 2026-04-11 18:30:00+00:00, run_after=2026-04-12 18:30:00+00:00
[2026-04-12T16:39:38.541+0000] {processor.py:208} INFO - Processing /opt/airflow/dags/kafka_load.py took 0.204 seconds
[2026-04-12T16:40:09.303+0000] {processor.py:186} INFO - Started process (PID=315) to work on /opt/airflow/dags/kafka_load.py
[2026-04-12T16:40:09.316+0000] {processor.py:914} INFO - Processing file /opt/airflow/dags/kafka_load.py for tasks to queue
[2026-04-12T16:40:09.321+0000] {logging_mixin.py:190} INFO - [2026-04-12T16:40:09.320+0000] {dagbag.py:588} INFO - Filling up the DagBag from /opt/airflow/dags/kafka_load.py
[2026-04-12T16:40:09.416+0000] {processor.py:925} INFO - DAG(s) 'kafka_producer' retrieved from /opt/airflow/dags/kafka_load.py
[2026-04-12T16:40:09.449+0000] {logging_mixin.py:190} INFO - [2026-04-12T16:40:09.449+0000] {dag.py:3239} INFO - Sync 1 DAGs
[2026-04-12T16:40:09.491+0000] {logging_mixin.py:190} INFO - [2026-04-12T16:40:09.491+0000] {dag.py:4180} INFO - Setting next_dagrun for kafka_producer to 2026-04-11 18:30:00+00:00, run_after=2026-04-12 18:30:00+00:00
[2026-04-12T16:40:10.165+0000] {processor.py:208} INFO - Processing /opt/airflow/dags/kafka_load.py took 0.899 seconds
[2026-04-12T16:40:40.754+0000] {processor.py:186} INFO - Started process (PID=318) to work on /opt/airflow/dags/kafka_load.py
[2026-04-12T16:40:40.756+0000] {processor.py:914} INFO - Processing file /opt/airflow/dags/kafka_load.py for tasks to queue
[2026-04-12T16:40:40.762+0000] {logging_mixin.py:190} INFO - [2026-04-12T16:40:40.761+0000] {dagbag.py:588} INFO - Filling up the DagBag from /opt/airflow/dags/kafka_load.py
[2026-04-12T16:40:40.799+0000] {processor.py:925} INFO - DAG(s) 'kafka_producer' retrieved from /opt/airflow/dags/kafka_load.py
[2026-04-12T16:40:40.831+0000] {logging_mixin.py:190} INFO - [2026-04-12T16:40:40.831+0000] {dag.py:3239} INFO - Sync 1 DAGs
[2026-04-12T16:40:40.868+0000] {logging_mixin.py:190} INFO - [2026-04-12T16:40:40.868+0000] {dag.py:4180} INFO - Setting next_dagrun for kafka_producer to 2026-04-11 18:30:00+00:00, run_after=2026-04-12 18:30:00+00:00
[2026-04-12T16:40:40.894+0000] {processor.py:208} INFO - Processing /opt/airflow/dags/kafka_load.py took 0.152 seconds
[2026-04-12T16:41:11.397+0000] {processor.py:186} INFO - Started process (PID=321) to work on /opt/airflow/dags/kafka_load.py
[2026-04-12T16:41:11.398+0000] {processor.py:914} INFO - Processing file /opt/airflow/dags/kafka_load.py for tasks to queue
[2026-04-12T16:41:11.403+0000] {logging_mixin.py:190} INFO - [2026-04-12T16:41:11.402+0000] {dagbag.py:588} INFO - Filling up the DagBag from /opt/airflow/dags/kafka_load.py
[2026-04-12T16:41:11.437+0000] {processor.py:925} INFO - DAG(s) 'kafka_producer' retrieved from /opt/airflow/dags/kafka_load.py
[2026-04-12T16:41:11.465+0000] {logging_mixin.py:190} INFO - [2026-04-12T16:41:11.465+0000] {dag.py:3239} INFO - Sync 1 DAGs
[2026-04-12T16:41:11.699+0000] {logging_mixin.py:190} INFO - [2026-04-12T16:41:11.699+0000] {dag.py:4180} INFO - Setting next_dagrun for kafka_producer to 2026-04-11 18:30:00+00:00, run_after=2026-04-12 18:30:00+00:00
[2026-04-12T16:41:11.721+0000] {processor.py:208} INFO - Processing /opt/airflow/dags/kafka_load.py took 0.339 seconds
[2026-04-12T16:41:42.163+0000] {processor.py:186} INFO - Started process (PID=324) to work on /opt/airflow/dags/kafka_load.py
[2026-04-12T16:41:42.166+0000] {processor.py:914} INFO - Processing file /opt/airflow/dags/kafka_load.py for tasks to queue
[2026-04-12T16:41:42.170+0000] {logging_mixin.py:190} INFO - [2026-04-12T16:41:42.169+0000] {dagbag.py:588} INFO - Filling up the DagBag from /opt/airflow/dags/kafka_load.py
[2026-04-12T16:41:42.205+0000] {processor.py:925} INFO - DAG(s) 'kafka_producer' retrieved from /opt/airflow/dags/kafka_load.py
[2026-04-12T16:41:42.233+0000] {logging_mixin.py:190} INFO - [2026-04-12T16:41:42.233+0000] {dag.py:3239} INFO - Sync 1 DAGs
[2026-04-12T16:41:42.510+0000] {logging_mixin.py:190} INFO - [2026-04-12T16:41:42.509+0000] {dag.py:4180} INFO - Setting next_dagrun for kafka_producer to 2026-04-11 18:30:00+00:00, run_after=2026-04-12 18:30:00+00:00
[2026-04-12T16:41:42.541+0000] {processor.py:208} INFO - Processing /opt/airflow/dags/kafka_load.py took 0.387 seconds
[2026-04-12T16:42:12.779+0000] {processor.py:186} INFO - Started process (PID=327) to work on /opt/airflow/dags/kafka_load.py
[2026-04-12T16:42:12.781+0000] {processor.py:914} INFO - Processing file /opt/airflow/dags/kafka_load.py for tasks to queue
[2026-04-12T16:42:12.785+0000] {logging_mixin.py:190} INFO - [2026-04-12T16:42:12.784+0000] {dagbag.py:588} INFO - Filling up the DagBag from /opt/airflow/dags/kafka_load.py
[2026-04-12T16:42:12.830+0000] {processor.py:925} INFO - DAG(s) 'kafka_producer' retrieved from /opt/airflow/dags/kafka_load.py
[2026-04-12T16:42:12.859+0000] {logging_mixin.py:190} INFO - [2026-04-12T16:42:12.859+0000] {dag.py:3239} INFO - Sync 1 DAGs
[2026-04-12T16:42:12.895+0000] {logging_mixin.py:190} INFO - [2026-04-12T16:42:12.895+0000] {dag.py:4180} INFO - Setting next_dagrun for kafka_producer to 2026-04-11 18:30:00+00:00, run_after=2026-04-12 18:30:00+00:00
[2026-04-12T16:42:12.924+0000] {processor.py:208} INFO - Processing /opt/airflow/dags/kafka_load.py took 0.154 seconds
[2026-04-12T16:42:43.387+0000] {processor.py:186} INFO - Started process (PID=330) to work on /opt/airflow/dags/kafka_load.py
[2026-04-12T16:42:43.390+0000] {processor.py:914} INFO - Processing file /opt/airflow/dags/kafka_load.py for tasks to queue
[2026-04-12T16:42:43.395+0000] {logging_mixin.py:190} INFO - [2026-04-12T16:42:43.394+0000] {dagbag.py:588} INFO - Filling up the DagBag from /opt/airflow/dags/kafka_load.py
[2026-04-12T16:42:43.433+0000] {processor.py:925} INFO - DAG(s) 'kafka_producer' retrieved from /opt/airflow/dags/kafka_load.py
[2026-04-12T16:42:43.462+0000] {logging_mixin.py:190} INFO - [2026-04-12T16:42:43.461+0000] {dag.py:3239} INFO - Sync 1 DAGs
[2026-04-12T16:42:43.495+0000] {logging_mixin.py:190} INFO - [2026-04-12T16:42:43.494+0000] {dag.py:4180} INFO - Setting next_dagrun for kafka_producer to 2026-04-11 18:30:00+00:00, run_after=2026-04-12 18:30:00+00:00
[2026-04-12T16:42:43.520+0000] {processor.py:208} INFO - Processing /opt/airflow/dags/kafka_load.py took 0.147 seconds
[2026-04-12T16:43:13.977+0000] {processor.py:186} INFO - Started process (PID=333) to work on /opt/airflow/dags/kafka_load.py
[2026-04-12T16:43:13.979+0000] {processor.py:914} INFO - Processing file /opt/airflow/dags/kafka_load.py for tasks to queue
[2026-04-12T16:43:13.982+0000] {logging_mixin.py:190} INFO - [2026-04-12T16:43:13.982+0000] {dagbag.py:588} INFO - Filling up the DagBag from /opt/airflow/dags/kafka_load.py
[2026-04-12T16:43:14.019+0000] {processor.py:925} INFO - DAG(s) 'kafka_producer' retrieved from /opt/airflow/dags/kafka_load.py
[2026-04-12T16:43:14.048+0000] {logging_mixin.py:190} INFO - [2026-04-12T16:43:14.048+0000] {dag.py:3239} INFO - Sync 1 DAGs
[2026-04-12T16:43:14.079+0000] {logging_mixin.py:190} INFO - [2026-04-12T16:43:14.079+0000] {dag.py:4180} INFO - Setting next_dagrun for kafka_producer to 2026-04-11 18:30:00+00:00, run_after=2026-04-12 18:30:00+00:00
[2026-04-12T16:43:14.106+0000] {processor.py:208} INFO - Processing /opt/airflow/dags/kafka_load.py took 0.146 seconds
[2026-04-12T16:43:44.543+0000] {processor.py:186} INFO - Started process (PID=336) to work on /opt/airflow/dags/kafka_load.py
[2026-04-12T16:43:44.544+0000] {processor.py:914} INFO - Processing file /opt/airflow/dags/kafka_load.py for tasks to queue
[2026-04-12T16:43:44.548+0000] {logging_mixin.py:190} INFO - [2026-04-12T16:43:44.547+0000] {dagbag.py:588} INFO - Filling up the DagBag from /opt/airflow/dags/kafka_load.py
[2026-04-12T16:43:44.586+0000] {processor.py:925} INFO - DAG(s) 'kafka_producer' retrieved from /opt/airflow/dags/kafka_load.py
[2026-04-12T16:43:44.613+0000] {logging_mixin.py:190} INFO - [2026-04-12T16:43:44.613+0000] {dag.py:3239} INFO - Sync 1 DAGs
[2026-04-12T16:43:44.830+0000] {logging_mixin.py:190} INFO - [2026-04-12T16:43:44.829+0000] {dag.py:4180} INFO - Setting next_dagrun for kafka_producer to 2026-04-11 18:30:00+00:00, run_after=2026-04-12 18:30:00+00:00
[2026-04-12T16:43:44.854+0000] {processor.py:208} INFO - Processing /opt/airflow/dags/kafka_load.py took 0.324 seconds
[2026-04-12T16:44:15.285+0000] {processor.py:186} INFO - Started process (PID=339) to work on /opt/airflow/dags/kafka_load.py
[2026-04-12T16:44:15.287+0000] {processor.py:914} INFO - Processing file /opt/airflow/dags/kafka_load.py for tasks to queue
[2026-04-12T16:44:15.294+0000] {logging_mixin.py:190} INFO - [2026-04-12T16:44:15.293+0000] {dagbag.py:588} INFO - Filling up the DagBag from /opt/airflow/dags/kafka_load.py
[2026-04-12T16:44:15.336+0000] {processor.py:925} INFO - DAG(s) 'kafka_producer' retrieved from /opt/airflow/dags/kafka_load.py
[2026-04-12T16:44:15.376+0000] {logging_mixin.py:190} INFO - [2026-04-12T16:44:15.375+0000] {dag.py:3239} INFO - Sync 1 DAGs
[2026-04-12T16:44:15.841+0000] {logging_mixin.py:190} INFO - [2026-04-12T16:44:15.841+0000] {dag.py:4180} INFO - Setting next_dagrun for kafka_producer to 2026-04-11 18:30:00+00:00, run_after=2026-04-12 18:30:00+00:00
[2026-04-12T16:44:15.873+0000] {processor.py:208} INFO - Processing /opt/airflow/dags/kafka_load.py took 0.598 seconds
[2026-04-12T16:44:46.336+0000] {processor.py:186} INFO - Started process (PID=342) to work on /opt/airflow/dags/kafka_load.py
[2026-04-12T16:44:46.337+0000] {processor.py:914} INFO - Processing file /opt/airflow/dags/kafka_load.py for tasks to queue
[2026-04-12T16:44:46.341+0000] {logging_mixin.py:190} INFO - [2026-04-12T16:44:46.340+0000] {dagbag.py:588} INFO - Filling up the DagBag from /opt/airflow/dags/kafka_load.py
[2026-04-12T16:44:46.381+0000] {processor.py:925} INFO - DAG(s) 'kafka_producer' retrieved from /opt/airflow/dags/kafka_load.py
[2026-04-12T16:44:46.423+0000] {logging_mixin.py:190} INFO - [2026-04-12T16:44:46.423+0000] {dag.py:3239} INFO - Sync 1 DAGs
[2026-04-12T16:44:46.479+0000] {logging_mixin.py:190} INFO - [2026-04-12T16:44:46.479+0000] {dag.py:4180} INFO - Setting next_dagrun for kafka_producer to 2026-04-11 18:30:00+00:00, run_after=2026-04-12 18:30:00+00:00
[2026-04-12T16:44:46.504+0000] {processor.py:208} INFO - Processing /opt/airflow/dags/kafka_load.py took 0.179 seconds
[2026-04-12T16:45:16.945+0000] {processor.py:186} INFO - Started process (PID=345) to work on /opt/airflow/dags/kafka_load.py
[2026-04-12T16:45:16.947+0000] {processor.py:914} INFO - Processing file /opt/airflow/dags/kafka_load.py for tasks to queue
[2026-04-12T16:45:16.952+0000] {logging_mixin.py:190} INFO - [2026-04-12T16:45:16.952+0000] {dagbag.py:588} INFO - Filling up the DagBag from /opt/airflow/dags/kafka_load.py
[2026-04-12T16:45:16.987+0000] {processor.py:925} INFO - DAG(s) 'kafka_producer' retrieved from /opt/airflow/dags/kafka_load.py
[2026-04-12T16:45:17.022+0000] {logging_mixin.py:190} INFO - [2026-04-12T16:45:17.022+0000] {dag.py:3239} INFO - Sync 1 DAGs
[2026-04-12T16:45:17.057+0000] {logging_mixin.py:190} INFO - [2026-04-12T16:45:17.057+0000] {dag.py:4180} INFO - Setting next_dagrun for kafka_producer to 2026-04-11 18:30:00+00:00, run_after=2026-04-12 18:30:00+00:00
[2026-04-12T16:45:17.084+0000] {processor.py:208} INFO - Processing /opt/airflow/dags/kafka_load.py took 0.151 seconds
[2026-04-12T16:45:47.526+0000] {processor.py:186} INFO - Started process (PID=348) to work on /opt/airflow/dags/kafka_load.py
[2026-04-12T16:45:47.528+0000] {processor.py:914} INFO - Processing file /opt/airflow/dags/kafka_load.py for tasks to queue
[2026-04-12T16:45:47.531+0000] {logging_mixin.py:190} INFO - [2026-04-12T16:45:47.531+0000] {dagbag.py:588} INFO - Filling up the DagBag from /opt/airflow/dags/kafka_load.py
[2026-04-12T16:45:47.571+0000] {processor.py:925} INFO - DAG(s) 'kafka_producer' retrieved from /opt/airflow/dags/kafka_load.py
[2026-04-12T16:45:47.599+0000] {logging_mixin.py:190} INFO - [2026-04-12T16:45:47.599+0000] {dag.py:3239} INFO - Sync 1 DAGs
[2026-04-12T16:45:47.631+0000] {logging_mixin.py:190} INFO - [2026-04-12T16:45:47.630+0000] {dag.py:4180} INFO - Setting next_dagrun for kafka_producer to 2026-04-11 18:30:00+00:00, run_after=2026-04-12 18:30:00+00:00
[2026-04-12T16:45:47.659+0000] {processor.py:208} INFO - Processing /opt/airflow/dags/kafka_load.py took 0.143 seconds
[2026-04-12T16:46:18.103+0000] {processor.py:186} INFO - Started process (PID=351) to work on /opt/airflow/dags/kafka_load.py
[2026-04-12T16:46:18.105+0000] {processor.py:914} INFO - Processing file /opt/airflow/dags/kafka_load.py for tasks to queue
[2026-04-12T16:46:18.111+0000] {logging_mixin.py:190} INFO - [2026-04-12T16:46:18.110+0000] {dagbag.py:588} INFO - Filling up the DagBag from /opt/airflow/dags/kafka_load.py
[2026-04-12T16:46:18.155+0000] {processor.py:925} INFO - DAG(s) 'kafka_producer' retrieved from /opt/airflow/dags/kafka_load.py
[2026-04-12T16:46:18.200+0000] {logging_mixin.py:190} INFO - [2026-04-12T16:46:18.200+0000] {dag.py:3239} INFO - Sync 1 DAGs
[2026-04-12T16:46:18.481+0000] {logging_mixin.py:190} INFO - [2026-04-12T16:46:18.480+0000] {dag.py:4180} INFO - Setting next_dagrun for kafka_producer to 2026-04-11 18:30:00+00:00, run_after=2026-04-12 18:30:00+00:00
[2026-04-12T16:46:18.505+0000] {processor.py:208} INFO - Processing /opt/airflow/dags/kafka_load.py took 0.412 seconds
[2026-04-12T16:46:48.985+0000] {processor.py:186} INFO - Started process (PID=354) to work on /opt/airflow/dags/kafka_load.py
[2026-04-12T16:46:48.987+0000] {processor.py:914} INFO - Processing file /opt/airflow/dags/kafka_load.py for tasks to queue
[2026-04-12T16:46:48.991+0000] {logging_mixin.py:190} INFO - [2026-04-12T16:46:48.990+0000] {dagbag.py:588} INFO - Filling up the DagBag from /opt/airflow/dags/kafka_load.py
[2026-04-12T16:46:49.029+0000] {processor.py:925} INFO - DAG(s) 'kafka_producer' retrieved from /opt/airflow/dags/kafka_load.py
[2026-04-12T16:46:49.055+0000] {logging_mixin.py:190} INFO - [2026-04-12T16:46:49.055+0000] {dag.py:3239} INFO - Sync 1 DAGs
[2026-04-12T16:46:49.482+0000] {logging_mixin.py:190} INFO - [2026-04-12T16:46:49.482+0000] {dag.py:4180} INFO - Setting next_dagrun for kafka_producer to 2026-04-11 18:30:00+00:00, run_after=2026-04-12 18:30:00+00:00
[2026-04-12T16:46:49.510+0000] {processor.py:208} INFO - Processing /opt/airflow/dags/kafka_load.py took 0.539 seconds
[2026-04-12T16:47:19.729+0000] {processor.py:186} INFO - Started process (PID=357) to work on /opt/airflow/dags/kafka_load.py
[2026-04-12T16:47:19.730+0000] {processor.py:914} INFO - Processing file /opt/airflow/dags/kafka_load.py for tasks to queue
[2026-04-12T16:47:19.737+0000] {logging_mixin.py:190} INFO - [2026-04-12T16:47:19.736+0000] {dagbag.py:588} INFO - Filling up the DagBag from /opt/airflow/dags/kafka_load.py
[2026-04-12T16:47:19.776+0000] {processor.py:925} INFO - DAG(s) 'kafka_producer' retrieved from /opt/airflow/dags/kafka_load.py
[2026-04-12T16:47:19.805+0000] {logging_mixin.py:190} INFO - [2026-04-12T16:47:19.804+0000] {dag.py:3239} INFO - Sync 1 DAGs
[2026-04-12T16:47:19.836+0000] {logging_mixin.py:190} INFO - [2026-04-12T16:47:19.836+0000] {dag.py:4180} INFO - Setting next_dagrun for kafka_producer to 2026-04-11 18:30:00+00:00, run_after=2026-04-12 18:30:00+00:00
[2026-04-12T16:47:19.867+0000] {processor.py:208} INFO - Processing /opt/airflow/dags/kafka_load.py took 0.148 seconds
[2026-04-12T16:47:50.459+0000] {processor.py:186} INFO - Started process (PID=360) to work on /opt/airflow/dags/kafka_load.py
[2026-04-12T16:47:50.461+0000] {processor.py:914} INFO - Processing file /opt/airflow/dags/kafka_load.py for tasks to queue
[2026-04-12T16:47:50.464+0000] {logging_mixin.py:190} INFO - [2026-04-12T16:47:50.464+0000] {dagbag.py:588} INFO - Filling up the DagBag from /opt/airflow/dags/kafka_load.py
[2026-04-12T16:47:50.502+0000] {processor.py:925} INFO - DAG(s) 'kafka_producer' retrieved from /opt/airflow/dags/kafka_load.py
[2026-04-12T16:47:50.534+0000] {logging_mixin.py:190} INFO - [2026-04-12T16:47:50.533+0000] {dag.py:3239} INFO - Sync 1 DAGs
[2026-04-12T16:47:50.574+0000] {logging_mixin.py:190} INFO - [2026-04-12T16:47:50.574+0000] {dag.py:4180} INFO - Setting next_dagrun for kafka_producer to 2026-04-11 18:30:00+00:00, run_after=2026-04-12 18:30:00+00:00
[2026-04-12T16:47:50.641+0000] {processor.py:208} INFO - Processing /opt/airflow/dags/kafka_load.py took 0.193 seconds
[2026-04-12T16:48:21.043+0000] {processor.py:186} INFO - Started process (PID=363) to work on /opt/airflow/dags/kafka_load.py
[2026-04-12T16:48:21.046+0000] {processor.py:914} INFO - Processing file /opt/airflow/dags/kafka_load.py for tasks to queue
[2026-04-12T16:48:21.061+0000] {logging_mixin.py:190} INFO - [2026-04-12T16:48:21.060+0000] {dagbag.py:588} INFO - Filling up the DagBag from /opt/airflow/dags/kafka_load.py
[2026-04-12T16:48:21.124+0000] {processor.py:925} INFO - DAG(s) 'kafka_producer' retrieved from /opt/airflow/dags/kafka_load.py
[2026-04-12T16:48:21.161+0000] {logging_mixin.py:190} INFO - [2026-04-12T16:48:21.160+0000] {dag.py:3239} INFO - Sync 1 DAGs
[2026-04-12T16:48:21.196+0000] {logging_mixin.py:190} INFO - [2026-04-12T16:48:21.196+0000] {dag.py:4180} INFO - Setting next_dagrun for kafka_producer to 2026-04-11 18:30:00+00:00, run_after=2026-04-12 18:30:00+00:00
[2026-04-12T16:48:21.258+0000] {processor.py:208} INFO - Processing /opt/airflow/dags/kafka_load.py took 0.229 seconds
[2026-04-12T16:48:51.686+0000] {processor.py:186} INFO - Started process (PID=366) to work on /opt/airflow/dags/kafka_load.py
[2026-04-12T16:48:51.688+0000] {processor.py:914} INFO - Processing file /opt/airflow/dags/kafka_load.py for tasks to queue
[2026-04-12T16:48:51.692+0000] {logging_mixin.py:190} INFO - [2026-04-12T16:48:51.691+0000] {dagbag.py:588} INFO - Filling up the DagBag from /opt/airflow/dags/kafka_load.py
[2026-04-12T16:48:51.736+0000] {processor.py:925} INFO - DAG(s) 'kafka_producer' retrieved from /opt/airflow/dags/kafka_load.py
[2026-04-12T16:48:51.764+0000] {logging_mixin.py:190} INFO - [2026-04-12T16:48:51.764+0000] {dag.py:3239} INFO - Sync 1 DAGs
[2026-04-12T16:48:52.093+0000] {logging_mixin.py:190} INFO - [2026-04-12T16:48:52.092+0000] {dag.py:4180} INFO - Setting next_dagrun for kafka_producer to 2026-04-11 18:30:00+00:00, run_after=2026-04-12 18:30:00+00:00
[2026-04-12T16:48:52.120+0000] {processor.py:208} INFO - Processing /opt/airflow/dags/kafka_load.py took 0.448 seconds
[2026-04-12T16:49:22.544+0000] {processor.py:186} INFO - Started process (PID=369) to work on /opt/airflow/dags/kafka_load.py
[2026-04-12T16:49:22.546+0000] {processor.py:914} INFO - Processing file /opt/airflow/dags/kafka_load.py for tasks to queue
[2026-04-12T16:49:22.549+0000] {logging_mixin.py:190} INFO - [2026-04-12T16:49:22.548+0000] {dagbag.py:588} INFO - Filling up the DagBag from /opt/airflow/dags/kafka_load.py
[2026-04-12T16:49:22.594+0000] {processor.py:925} INFO - DAG(s) 'kafka_producer' retrieved from /opt/airflow/dags/kafka_load.py
[2026-04-12T16:49:22.626+0000] {logging_mixin.py:190} INFO - [2026-04-12T16:49:22.625+0000] {dag.py:3239} INFO - Sync 1 DAGs
[2026-04-12T16:49:23.036+0000] {logging_mixin.py:190} INFO - [2026-04-12T16:49:23.036+0000] {dag.py:4180} INFO - Setting next_dagrun for kafka_producer to 2026-04-11 18:30:00+00:00, run_after=2026-04-12 18:30:00+00:00
[2026-04-12T16:49:23.068+0000] {processor.py:208} INFO - Processing /opt/airflow/dags/kafka_load.py took 0.539 seconds
[2026-04-12T16:49:53.671+0000] {processor.py:186} INFO - Started process (PID=372) to work on /opt/airflow/dags/kafka_load.py
[2026-04-12T16:49:53.673+0000] {processor.py:914} INFO - Processing file /opt/airflow/dags/kafka_load.py for tasks to queue
[2026-04-12T16:49:53.676+0000] {logging_mixin.py:190} INFO - [2026-04-12T16:49:53.676+0000] {dagbag.py:588} INFO - Filling up the DagBag from /opt/airflow/dags/kafka_load.py
[2026-04-12T16:49:53.716+0000] {processor.py:925} INFO - DAG(s) 'kafka_producer' retrieved from /opt/airflow/dags/kafka_load.py
[2026-04-12T16:49:53.749+0000] {logging_mixin.py:190} INFO - [2026-04-12T16:49:53.749+0000] {dag.py:3239} INFO - Sync 1 DAGs
[2026-04-12T16:49:53.787+0000] {logging_mixin.py:190} INFO - [2026-04-12T16:49:53.786+0000] {dag.py:4180} INFO - Setting next_dagrun for kafka_producer to 2026-04-11 18:30:00+00:00, run_after=2026-04-12 18:30:00+00:00
[2026-04-12T16:49:53.816+0000] {processor.py:208} INFO - Processing /opt/airflow/dags/kafka_load.py took 0.155 seconds
[2026-04-12T16:50:24.267+0000] {processor.py:186} INFO - Started process (PID=375) to work on /opt/airflow/dags/kafka_load.py
[2026-04-12T16:50:24.269+0000] {processor.py:914} INFO - Processing file /opt/airflow/dags/kafka_load.py for tasks to queue
[2026-04-12T16:50:24.273+0000] {logging_mixin.py:190} INFO - [2026-04-12T16:50:24.272+0000] {dagbag.py:588} INFO - Filling up the DagBag from /opt/airflow/dags/kafka_load.py
[2026-04-12T16:50:24.318+0000] {processor.py:925} INFO - DAG(s) 'kafka_producer' retrieved from /opt/airflow/dags/kafka_load.py
[2026-04-12T16:50:24.357+0000] {logging_mixin.py:190} INFO - [2026-04-12T16:50:24.357+0000] {dag.py:3239} INFO - Sync 1 DAGs
[2026-04-12T16:50:24.405+0000] {logging_mixin.py:190} INFO - [2026-04-12T16:50:24.405+0000] {dag.py:4180} INFO - Setting next_dagrun for kafka_producer to 2026-04-11 18:30:00+00:00, run_after=2026-04-12 18:30:00+00:00
[2026-04-12T16:50:25.016+0000] {processor.py:208} INFO - Processing /opt/airflow/dags/kafka_load.py took 0.760 seconds
[2026-04-12T16:50:55.492+0000] {processor.py:186} INFO - Started process (PID=378) to work on /opt/airflow/dags/kafka_load.py
[2026-04-12T16:50:55.494+0000] {processor.py:914} INFO - Processing file /opt/airflow/dags/kafka_load.py for tasks to queue
[2026-04-12T16:50:55.498+0000] {logging_mixin.py:190} INFO - [2026-04-12T16:50:55.498+0000] {dagbag.py:588} INFO - Filling up the DagBag from /opt/airflow/dags/kafka_load.py
[2026-04-12T16:50:55.547+0000] {processor.py:925} INFO - DAG(s) 'kafka_producer' retrieved from /opt/airflow/dags/kafka_load.py
[2026-04-12T16:50:55.590+0000] {logging_mixin.py:190} INFO - [2026-04-12T16:50:55.589+0000] {dag.py:3239} INFO - Sync 1 DAGs
[2026-04-12T16:50:55.638+0000] {logging_mixin.py:190} INFO - [2026-04-12T16:50:55.638+0000] {dag.py:4180} INFO - Setting next_dagrun for kafka_producer to 2026-04-11 18:30:00+00:00, run_after=2026-04-12 18:30:00+00:00
[2026-04-12T16:50:55.676+0000] {processor.py:208} INFO - Processing /opt/airflow/dags/kafka_load.py took 0.199 seconds
[2026-04-12T16:51:26.126+0000] {processor.py:186} INFO - Started process (PID=381) to work on /opt/airflow/dags/kafka_load.py
[2026-04-12T16:51:26.127+0000] {processor.py:914} INFO - Processing file /opt/airflow/dags/kafka_load.py for tasks to queue
[2026-04-12T16:51:26.131+0000] {logging_mixin.py:190} INFO - [2026-04-12T16:51:26.130+0000] {dagbag.py:588} INFO - Filling up the DagBag from /opt/airflow/dags/kafka_load.py
[2026-04-12T16:51:26.165+0000] {processor.py:925} INFO - DAG(s) 'kafka_producer' retrieved from /opt/airflow/dags/kafka_load.py
[2026-04-12T16:51:26.195+0000] {logging_mixin.py:190} INFO - [2026-04-12T16:51:26.195+0000] {dag.py:3239} INFO - Sync 1 DAGs
[2026-04-12T16:51:26.484+0000] {logging_mixin.py:190} INFO - [2026-04-12T16:51:26.483+0000] {dag.py:4180} INFO - Setting next_dagrun for kafka_producer to 2026-04-11 18:30:00+00:00, run_after=2026-04-12 18:30:00+00:00
[2026-04-12T16:51:26.505+0000] {processor.py:208} INFO - Processing /opt/airflow/dags/kafka_load.py took 0.395 seconds
[2026-04-12T16:51:56.961+0000] {processor.py:186} INFO - Started process (PID=384) to work on /opt/airflow/dags/kafka_load.py
[2026-04-12T16:51:56.963+0000] {processor.py:914} INFO - Processing file /opt/airflow/dags/kafka_load.py for tasks to queue
[2026-04-12T16:51:56.966+0000] {logging_mixin.py:190} INFO - [2026-04-12T16:51:56.966+0000] {dagbag.py:588} INFO - Filling up the DagBag from /opt/airflow/dags/kafka_load.py
[2026-04-12T16:51:57.007+0000] {processor.py:925} INFO - DAG(s) 'kafka_producer' retrieved from /opt/airflow/dags/kafka_load.py
[2026-04-12T16:51:57.040+0000] {logging_mixin.py:190} INFO - [2026-04-12T16:51:57.039+0000] {dag.py:3239} INFO - Sync 1 DAGs
[2026-04-12T16:51:57.263+0000] {logging_mixin.py:190} INFO - [2026-04-12T16:51:57.262+0000] {dag.py:4180} INFO - Setting next_dagrun for kafka_producer to 2026-04-11 18:30:00+00:00, run_after=2026-04-12 18:30:00+00:00
[2026-04-12T16:51:57.286+0000] {processor.py:208} INFO - Processing /opt/airflow/dags/kafka_load.py took 0.333 seconds
[2026-04-12T16:52:27.834+0000] {processor.py:186} INFO - Started process (PID=387) to work on /opt/airflow/dags/kafka_load.py
[2026-04-12T16:52:27.836+0000] {processor.py:914} INFO - Processing file /opt/airflow/dags/kafka_load.py for tasks to queue
[2026-04-12T16:52:27.840+0000] {logging_mixin.py:190} INFO - [2026-04-12T16:52:27.839+0000] {dagbag.py:588} INFO - Filling up the DagBag from /opt/airflow/dags/kafka_load.py
[2026-04-12T16:52:27.873+0000] {processor.py:925} INFO - DAG(s) 'kafka_producer' retrieved from /opt/airflow/dags/kafka_load.py
[2026-04-12T16:52:27.905+0000] {logging_mixin.py:190} INFO - [2026-04-12T16:52:27.905+0000] {dag.py:3239} INFO - Sync 1 DAGs
[2026-04-12T16:52:27.954+0000] {logging_mixin.py:190} INFO - [2026-04-12T16:52:27.953+0000] {dag.py:4180} INFO - Setting next_dagrun for kafka_producer to 2026-04-11 18:30:00+00:00, run_after=2026-04-12 18:30:00+00:00
[2026-04-12T16:52:27.987+0000] {processor.py:208} INFO - Processing /opt/airflow/dags/kafka_load.py took 0.164 seconds
[2026-04-12T16:52:58.403+0000] {processor.py:186} INFO - Started process (PID=390) to work on /opt/airflow/dags/kafka_load.py
[2026-04-12T16:52:58.405+0000] {processor.py:914} INFO - Processing file /opt/airflow/dags/kafka_load.py for tasks to queue
[2026-04-12T16:52:58.409+0000] {logging_mixin.py:190} INFO - [2026-04-12T16:52:58.408+0000] {dagbag.py:588} INFO - Filling up the DagBag from /opt/airflow/dags/kafka_load.py
[2026-04-12T16:52:58.449+0000] {processor.py:925} INFO - DAG(s) 'kafka_producer' retrieved from /opt/airflow/dags/kafka_load.py
[2026-04-12T16:52:58.489+0000] {logging_mixin.py:190} INFO - [2026-04-12T16:52:58.489+0000] {dag.py:3239} INFO - Sync 1 DAGs
[2026-04-12T16:52:58.555+0000] {logging_mixin.py:190} INFO - [2026-04-12T16:52:58.554+0000] {dag.py:4180} INFO - Setting next_dagrun for kafka_producer to 2026-04-11 18:30:00+00:00, run_after=2026-04-12 18:30:00+00:00
[2026-04-12T16:52:58.606+0000] {processor.py:208} INFO - Processing /opt/airflow/dags/kafka_load.py took 0.214 seconds
[2026-04-12T16:53:29.081+0000] {processor.py:186} INFO - Started process (PID=393) to work on /opt/airflow/dags/kafka_load.py
[2026-04-12T16:53:29.083+0000] {processor.py:914} INFO - Processing file /opt/airflow/dags/kafka_load.py for tasks to queue
[2026-04-12T16:53:29.090+0000] {logging_mixin.py:190} INFO - [2026-04-12T16:53:29.089+0000] {dagbag.py:588} INFO - Filling up the DagBag from /opt/airflow/dags/kafka_load.py
[2026-04-12T16:53:29.129+0000] {processor.py:925} INFO - DAG(s) 'kafka_producer' retrieved from /opt/airflow/dags/kafka_load.py
[2026-04-12T16:53:29.174+0000] {logging_mixin.py:190} INFO - [2026-04-12T16:53:29.173+0000] {dag.py:3239} INFO - Sync 1 DAGs
[2026-04-12T16:53:29.236+0000] {logging_mixin.py:190} INFO - [2026-04-12T16:53:29.236+0000] {dag.py:4180} INFO - Setting next_dagrun for kafka_producer to 2026-04-11 18:30:00+00:00, run_after=2026-04-12 18:30:00+00:00
[2026-04-12T16:53:29.271+0000] {processor.py:208} INFO - Processing /opt/airflow/dags/kafka_load.py took 0.199 seconds
[2026-04-12T16:53:59.768+0000] {processor.py:186} INFO - Started process (PID=396) to work on /opt/airflow/dags/kafka_load.py
[2026-04-12T16:53:59.770+0000] {processor.py:914} INFO - Processing file /opt/airflow/dags/kafka_load.py for tasks to queue
[2026-04-12T16:53:59.775+0000] {logging_mixin.py:190} INFO - [2026-04-12T16:53:59.774+0000] {dagbag.py:588} INFO - Filling up the DagBag from /opt/airflow/dags/kafka_load.py
[2026-04-12T16:53:59.816+0000] {processor.py:925} INFO - DAG(s) 'kafka_producer' retrieved from /opt/airflow/dags/kafka_load.py
[2026-04-12T16:53:59.842+0000] {logging_mixin.py:190} INFO - [2026-04-12T16:53:59.842+0000] {dag.py:3239} INFO - Sync 1 DAGs
[2026-04-12T16:54:00.064+0000] {logging_mixin.py:190} INFO - [2026-04-12T16:54:00.063+0000] {dag.py:4180} INFO - Setting next_dagrun for kafka_producer to 2026-04-11 18:30:00+00:00, run_after=2026-04-12 18:30:00+00:00
[2026-04-12T16:54:00.095+0000] {processor.py:208} INFO - Processing /opt/airflow/dags/kafka_load.py took 0.335 seconds
[2026-04-12T16:54:30.544+0000] {processor.py:186} INFO - Started process (PID=399) to work on /opt/airflow/dags/kafka_load.py
[2026-04-12T16:54:30.546+0000] {processor.py:914} INFO - Processing file /opt/airflow/dags/kafka_load.py for tasks to queue
[2026-04-12T16:54:30.550+0000] {logging_mixin.py:190} INFO - [2026-04-12T16:54:30.549+0000] {dagbag.py:588} INFO - Filling up the DagBag from /opt/airflow/dags/kafka_load.py
[2026-04-12T16:54:30.589+0000] {processor.py:925} INFO - DAG(s) 'kafka_producer' retrieved from /opt/airflow/dags/kafka_load.py
[2026-04-12T16:54:30.622+0000] {logging_mixin.py:190} INFO - [2026-04-12T16:54:30.621+0000] {dag.py:3239} INFO - Sync 1 DAGs
[2026-04-12T16:54:30.996+0000] {logging_mixin.py:190} INFO - [2026-04-12T16:54:30.995+0000] {dag.py:4180} INFO - Setting next_dagrun for kafka_producer to 2026-04-11 18:30:00+00:00, run_after=2026-04-12 18:30:00+00:00
[2026-04-12T16:54:31.033+0000] {processor.py:208} INFO - Processing /opt/airflow/dags/kafka_load.py took 0.502 seconds
[2026-04-12T16:55:01.498+0000] {processor.py:186} INFO - Started process (PID=402) to work on /opt/airflow/dags/kafka_load.py
[2026-04-12T16:55:01.501+0000] {processor.py:914} INFO - Processing file /opt/airflow/dags/kafka_load.py for tasks to queue
[2026-04-12T16:55:01.505+0000] {logging_mixin.py:190} INFO - [2026-04-12T16:55:01.504+0000] {dagbag.py:588} INFO - Filling up the DagBag from /opt/airflow/dags/kafka_load.py
[2026-04-12T16:55:01.547+0000] {processor.py:925} INFO - DAG(s) 'kafka_producer' retrieved from /opt/airflow/dags/kafka_load.py
[2026-04-12T16:55:01.580+0000] {logging_mixin.py:190} INFO - [2026-04-12T16:55:01.579+0000] {dag.py:3239} INFO - Sync 1 DAGs
[2026-04-12T16:55:01.614+0000] {logging_mixin.py:190} INFO - [2026-04-12T16:55:01.613+0000] {dag.py:4180} INFO - Setting next_dagrun for kafka_producer to 2026-04-11 18:30:00+00:00, run_after=2026-04-12 18:30:00+00:00
[2026-04-12T16:55:01.642+0000] {processor.py:208} INFO - Processing /opt/airflow/dags/kafka_load.py took 0.159 seconds
[2026-04-12T16:55:32.138+0000] {processor.py:186} INFO - Started process (PID=405) to work on /opt/airflow/dags/kafka_load.py
[2026-04-12T16:55:32.140+0000] {processor.py:914} INFO - Processing file /opt/airflow/dags/kafka_load.py for tasks to queue
[2026-04-12T16:55:32.144+0000] {logging_mixin.py:190} INFO - [2026-04-12T16:55:32.144+0000] {dagbag.py:588} INFO - Filling up the DagBag from /opt/airflow/dags/kafka_load.py
[2026-04-12T16:55:32.200+0000] {processor.py:925} INFO - DAG(s) 'kafka_producer' retrieved from /opt/airflow/dags/kafka_load.py
[2026-04-12T16:55:32.270+0000] {logging_mixin.py:190} INFO - [2026-04-12T16:55:32.270+0000] {dag.py:3239} INFO - Sync 1 DAGs
[2026-04-12T16:55:32.317+0000] {logging_mixin.py:190} INFO - [2026-04-12T16:55:32.317+0000] {dag.py:4180} INFO - Setting next_dagrun for kafka_producer to 2026-04-11 18:30:00+00:00, run_after=2026-04-12 18:30:00+00:00
[2026-04-12T16:55:32.376+0000] {processor.py:208} INFO - Processing /opt/airflow/dags/kafka_load.py took 0.249 seconds
