[2026-04-13T05:46:52.125+0000] {local_task_job_runner.py:123} INFO - ::group::Pre task execution logs
[2026-04-13T05:46:52.153+0000] {taskinstance.py:2614} INFO - Dependencies all met for dep_context=non-requeueable deps ti=<TaskInstance: kafka_producer.execute_update_layers scheduled__2026-04-11T18:30:00+00:00 [queued]>
[2026-04-13T05:46:52.171+0000] {taskinstance.py:2614} INFO - Dependencies all met for dep_context=requeueable deps ti=<TaskInstance: kafka_producer.execute_update_layers scheduled__2026-04-11T18:30:00+00:00 [queued]>
[2026-04-13T05:46:52.172+0000] {taskinstance.py:2867} INFO - Starting attempt 1 of 1
[2026-04-13T05:46:52.193+0000] {taskinstance.py:2890} INFO - Executing <Task(TriggerDagRunOperator): execute_update_layers> on 2026-04-11 18:30:00+00:00
[2026-04-13T05:46:52.200+0000] {warnings.py:112} WARNING - /home/***/.local/lib/python3.12/site-packages/***/task/task_runner/standard_task_runner.py:70: DeprecationWarning: This process (pid=56) is multi-threaded, use of fork() may lead to deadlocks in the child.
  pid = os.fork()

[2026-04-13T05:46:52.205+0000] {standard_task_runner.py:72} INFO - Started process 57 to run task
[2026-04-13T05:46:52.207+0000] {standard_task_runner.py:104} INFO - Running: ['***', 'tasks', 'run', 'kafka_producer', 'execute_update_layers', 'scheduled__2026-04-11T18:30:00+00:00', '--job-id', '3', '--raw', '--subdir', 'DAGS_FOLDER/kafka_load.py', '--cfg-path', '/tmp/tmpoa8uy42u']
[2026-04-13T05:46:52.209+0000] {standard_task_runner.py:105} INFO - Job 3: Subtask execute_update_layers
[2026-04-13T05:46:52.291+0000] {task_command.py:467} INFO - Running <TaskInstance: kafka_producer.execute_update_layers scheduled__2026-04-11T18:30:00+00:00 [running]> on host 5a44e77a0e87
[2026-04-13T05:46:52.399+0000] {taskinstance.py:3134} INFO - Exporting env vars: AIRFLOW_CTX_DAG_OWNER='***' AIRFLOW_CTX_DAG_ID='kafka_producer' AIRFLOW_CTX_TASK_ID='execute_update_layers' AIRFLOW_CTX_EXECUTION_DATE='2026-04-11T18:30:00+00:00' AIRFLOW_CTX_TRY_NUMBER='1' AIRFLOW_CTX_DAG_RUN_ID='scheduled__2026-04-11T18:30:00+00:00'
[2026-04-13T05:46:52.402+0000] {taskinstance.py:732} INFO - ::endgroup::
[2026-04-13T05:46:56.129+0000] {warnings.py:112} WARNING - /home/***/.local/lib/python3.12/site-packages/azure/synapse/artifacts/models/_models_py3.py:175: SyntaxWarning: invalid escape sequence '\d'
  """Execution policy for an activity.

[2026-04-13T05:46:56.129+0000] {warnings.py:112} WARNING - /home/***/.local/lib/python3.12/site-packages/azure/synapse/artifacts/models/_models_py3.py:222: SyntaxWarning: invalid escape sequence '\d'
  """

[2026-04-13T05:46:56.132+0000] {warnings.py:112} WARNING - /home/***/.local/lib/python3.12/site-packages/azure/synapse/artifacts/models/_models_py3.py:1151: SyntaxWarning: invalid escape sequence '\d'
  """A copy activity source.

[2026-04-13T05:46:56.133+0000] {warnings.py:112} WARNING - /home/***/.local/lib/python3.12/site-packages/azure/synapse/artifacts/models/_models_py3.py:1248: SyntaxWarning: invalid escape sequence '\d'
  """

[2026-04-13T05:46:56.136+0000] {warnings.py:112} WARNING - /home/***/.local/lib/python3.12/site-packages/azure/synapse/artifacts/models/_models_py3.py:1271: SyntaxWarning: invalid escape sequence '\d'
  """Copy activity sources of tabular type.

[2026-04-13T05:46:56.140+0000] {warnings.py:112} WARNING - /home/***/.local/lib/python3.12/site-packages/azure/synapse/artifacts/models/_models_py3.py:1406: SyntaxWarning: invalid escape sequence '\d'
  """

[2026-04-13T05:46:56.141+0000] {warnings.py:112} WARNING - /home/***/.local/lib/python3.12/site-packages/azure/synapse/artifacts/models/_models_py3.py:1439: SyntaxWarning: invalid escape sequence '\d'
  """A copy activity Amazon Marketplace Web Service source.

[2026-04-13T05:46:56.142+0000] {warnings.py:112} WARNING - /home/***/.local/lib/python3.12/site-packages/azure/synapse/artifacts/models/_models_py3.py:1495: SyntaxWarning: invalid escape sequence '\d'
  """

[2026-04-13T05:46:56.145+0000] {warnings.py:112} WARNING - /home/***/.local/lib/python3.12/site-packages/azure/synapse/artifacts/models/_models_py3.py:1683: SyntaxWarning: invalid escape sequence '\d'
  """A copy activity AmazonRdsForOracle source.

[2026-04-13T05:46:56.147+0000] {warnings.py:112} WARNING - /home/***/.local/lib/python3.12/site-packages/azure/synapse/artifacts/models/_models_py3.py:1750: SyntaxWarning: invalid escape sequence '\d'
  """

[2026-04-13T05:46:56.148+0000] {warnings.py:112} WARNING - /home/***/.local/lib/python3.12/site-packages/azure/synapse/artifacts/models/_models_py3.py:2025: SyntaxWarning: invalid escape sequence '\d'
  """A copy activity Amazon RDS for SQL Server source.

[2026-04-13T05:46:56.149+0000] {warnings.py:112} WARNING - /home/***/.local/lib/python3.12/site-packages/azure/synapse/artifacts/models/_models_py3.py:2110: SyntaxWarning: invalid escape sequence '\d'
  """

[2026-04-13T05:46:56.151+0000] {warnings.py:112} WARNING - /home/***/.local/lib/python3.12/site-packages/azure/synapse/artifacts/models/_models_py3.py:2407: SyntaxWarning: invalid escape sequence '\d'
  """A copy activity source for Amazon Redshift Source.

[2026-04-13T05:46:56.151+0000] {warnings.py:112} WARNING - /home/***/.local/lib/python3.12/site-packages/azure/synapse/artifacts/models/_models_py3.py:2468: SyntaxWarning: invalid escape sequence '\d'
  """

[2026-04-13T05:46:56.156+0000] {warnings.py:112} WARNING - /home/***/.local/lib/python3.12/site-packages/azure/synapse/artifacts/models/_models_py3.py:3987: SyntaxWarning: invalid escape sequence '\d'
  """A copy activity sink.

[2026-04-13T05:46:56.157+0000] {warnings.py:112} WARNING - /home/***/.local/lib/python3.12/site-packages/azure/synapse/artifacts/models/_models_py3.py:4096: SyntaxWarning: invalid escape sequence '\d'
  """

[2026-04-13T05:46:56.157+0000] {warnings.py:112} WARNING - /home/***/.local/lib/python3.12/site-packages/azure/synapse/artifacts/models/_models_py3.py:4127: SyntaxWarning: invalid escape sequence '\d'
  """A copy activity Avro sink.

[2026-04-13T05:46:56.158+0000] {warnings.py:112} WARNING - /home/***/.local/lib/python3.12/site-packages/azure/synapse/artifacts/models/_models_py3.py:4186: SyntaxWarning: invalid escape sequence '\d'
  """

[2026-04-13T05:46:56.158+0000] {warnings.py:112} WARNING - /home/***/.local/lib/python3.12/site-packages/azure/synapse/artifacts/models/_models_py3.py:4225: SyntaxWarning: invalid escape sequence '\d'
  """A copy activity Avro source.

[2026-04-13T05:46:56.159+0000] {warnings.py:112} WARNING - /home/***/.local/lib/python3.12/site-packages/azure/synapse/artifacts/models/_models_py3.py:4275: SyntaxWarning: invalid escape sequence '\d'
  """

[2026-04-13T05:46:56.161+0000] {warnings.py:112} WARNING - /home/***/.local/lib/python3.12/site-packages/azure/synapse/artifacts/models/_models_py3.py:5209: SyntaxWarning: invalid escape sequence '\d'
  """A copy activity Azure Data Lake Storage Gen2 sink.

[2026-04-13T05:46:56.162+0000] {warnings.py:112} WARNING - /home/***/.local/lib/python3.12/site-packages/azure/synapse/artifacts/models/_models_py3.py:5265: SyntaxWarning: invalid escape sequence '\d'
  """

[2026-04-13T05:46:56.163+0000] {warnings.py:112} WARNING - /home/***/.local/lib/python3.12/site-packages/azure/synapse/artifacts/models/_models_py3.py:5302: SyntaxWarning: invalid escape sequence '\d'
  """A copy activity Azure BlobFS source.

[2026-04-13T05:46:56.163+0000] {warnings.py:112} WARNING - /home/***/.local/lib/python3.12/site-packages/azure/synapse/artifacts/models/_models_py3.py:5358: SyntaxWarning: invalid escape sequence '\d'
  """

[2026-04-13T05:46:56.166+0000] {warnings.py:112} WARNING - /home/***/.local/lib/python3.12/site-packages/azure/synapse/artifacts/models/_models_py3.py:6437: SyntaxWarning: invalid escape sequence '\d'
  """A copy activity Azure Databricks Delta Lake sink.

[2026-04-13T05:46:56.166+0000] {warnings.py:112} WARNING - /home/***/.local/lib/python3.12/site-packages/azure/synapse/artifacts/models/_models_py3.py:6497: SyntaxWarning: invalid escape sequence '\d'
  """

[2026-04-13T05:46:56.167+0000] {warnings.py:112} WARNING - /home/***/.local/lib/python3.12/site-packages/azure/synapse/artifacts/models/_models_py3.py:6538: SyntaxWarning: invalid escape sequence '\d'
  """A copy activity Azure Databricks Delta Lake source.

[2026-04-13T05:46:56.168+0000] {warnings.py:112} WARNING - /home/***/.local/lib/python3.12/site-packages/azure/synapse/artifacts/models/_models_py3.py:6588: SyntaxWarning: invalid escape sequence '\d'
  """

[2026-04-13T05:46:56.169+0000] {warnings.py:112} WARNING - /home/***/.local/lib/python3.12/site-packages/azure/synapse/artifacts/models/_models_py3.py:7023: SyntaxWarning: invalid escape sequence '\d'
  """Azure Data Explorer command activity.

[2026-04-13T05:46:56.170+0000] {warnings.py:112} WARNING - /home/***/.local/lib/python3.12/site-packages/azure/synapse/artifacts/models/_models_py3.py:7096: SyntaxWarning: invalid escape sequence '\d'
  """

[2026-04-13T05:46:56.170+0000] {warnings.py:112} WARNING - /home/***/.local/lib/python3.12/site-packages/azure/synapse/artifacts/models/_models_py3.py:7267: SyntaxWarning: invalid escape sequence '\d'
  """A copy activity Azure Data Explorer sink.

[2026-04-13T05:46:56.171+0000] {warnings.py:112} WARNING - /home/***/.local/lib/python3.12/site-packages/azure/synapse/artifacts/models/_models_py3.py:7333: SyntaxWarning: invalid escape sequence '\d'
  """

[2026-04-13T05:46:56.171+0000] {warnings.py:112} WARNING - /home/***/.local/lib/python3.12/site-packages/azure/synapse/artifacts/models/_models_py3.py:7378: SyntaxWarning: invalid escape sequence '\d'
  """A copy activity Azure Data Explorer (Kusto) source.

[2026-04-13T05:46:56.172+0000] {warnings.py:112} WARNING - /home/***/.local/lib/python3.12/site-packages/azure/synapse/artifacts/models/_models_py3.py:7440: SyntaxWarning: invalid escape sequence '\d'
  """

[2026-04-13T05:46:56.174+0000] {warnings.py:112} WARNING - /home/***/.local/lib/python3.12/site-packages/azure/synapse/artifacts/models/_models_py3.py:8222: SyntaxWarning: invalid escape sequence '\d'
  """A copy activity Azure Data Lake Store sink.

[2026-04-13T05:46:56.174+0000] {warnings.py:112} WARNING - /home/***/.local/lib/python3.12/site-packages/azure/synapse/artifacts/models/_models_py3.py:8282: SyntaxWarning: invalid escape sequence '\d'
  """

[2026-04-13T05:46:56.175+0000] {warnings.py:112} WARNING - /home/***/.local/lib/python3.12/site-packages/azure/synapse/artifacts/models/_models_py3.py:8322: SyntaxWarning: invalid escape sequence '\d'
  """A copy activity Azure Data Lake source.

[2026-04-13T05:46:56.175+0000] {warnings.py:112} WARNING - /home/***/.local/lib/python3.12/site-packages/azure/synapse/artifacts/models/_models_py3.py:8368: SyntaxWarning: invalid escape sequence '\d'
  """

[2026-04-13T05:46:56.178+0000] {warnings.py:112} WARNING - /home/***/.local/lib/python3.12/site-packages/azure/synapse/artifacts/models/_models_py3.py:9475: SyntaxWarning: invalid escape sequence '\d'
  """A copy activity Azure MariaDB source.

[2026-04-13T05:46:56.182+0000] {warnings.py:112} WARNING - /home/***/.local/lib/python3.12/site-packages/azure/synapse/artifacts/models/_models_py3.py:9531: SyntaxWarning: invalid escape sequence '\d'
  """

[2026-04-13T05:46:56.185+0000] {warnings.py:112} WARNING - /home/***/.local/lib/python3.12/site-packages/azure/synapse/artifacts/models/_models_py3.py:10532: SyntaxWarning: invalid escape sequence '\d'
  """A copy activity Azure MySql sink.

[2026-04-13T05:46:56.186+0000] {warnings.py:112} WARNING - /home/***/.local/lib/python3.12/site-packages/azure/synapse/artifacts/models/_models_py3.py:10588: SyntaxWarning: invalid escape sequence '\d'
  """

[2026-04-13T05:46:56.186+0000] {warnings.py:112} WARNING - /home/***/.local/lib/python3.12/site-packages/azure/synapse/artifacts/models/_models_py3.py:10625: SyntaxWarning: invalid escape sequence '\d'
  """A copy activity Azure MySQL source.

[2026-04-13T05:46:56.187+0000] {warnings.py:112} WARNING - /home/***/.local/lib/python3.12/site-packages/azure/synapse/artifacts/models/_models_py3.py:10680: SyntaxWarning: invalid escape sequence '\d'
  """

[2026-04-13T05:46:56.191+0000] {warnings.py:112} WARNING - /home/***/.local/lib/python3.12/site-packages/azure/synapse/artifacts/models/_models_py3.py:10923: SyntaxWarning: invalid escape sequence '\d'
  """A copy activity Azure PostgreSQL sink.

[2026-04-13T05:46:56.192+0000] {warnings.py:112} WARNING - /home/***/.local/lib/python3.12/site-packages/azure/synapse/artifacts/models/_models_py3.py:10979: SyntaxWarning: invalid escape sequence '\d'
  """

[2026-04-13T05:46:56.193+0000] {warnings.py:112} WARNING - /home/***/.local/lib/python3.12/site-packages/azure/synapse/artifacts/models/_models_py3.py:11016: SyntaxWarning: invalid escape sequence '\d'
  """A copy activity Azure PostgreSQL source.

[2026-04-13T05:46:56.194+0000] {warnings.py:112} WARNING - /home/***/.local/lib/python3.12/site-packages/azure/synapse/artifacts/models/_models_py3.py:11072: SyntaxWarning: invalid escape sequence '\d'
  """

[2026-04-13T05:46:56.194+0000] {warnings.py:112} WARNING - /home/***/.local/lib/python3.12/site-packages/azure/synapse/artifacts/models/_models_py3.py:11231: SyntaxWarning: invalid escape sequence '\d'
  """A copy activity Azure Queue sink.

[2026-04-13T05:46:56.195+0000] {warnings.py:112} WARNING - /home/***/.local/lib/python3.12/site-packages/azure/synapse/artifacts/models/_models_py3.py:11282: SyntaxWarning: invalid escape sequence '\d'
  """

[2026-04-13T05:46:56.197+0000] {warnings.py:112} WARNING - /home/***/.local/lib/python3.12/site-packages/azure/synapse/artifacts/models/_models_py3.py:11420: SyntaxWarning: invalid escape sequence '\d'
  """A copy activity Azure Search Index sink.

[2026-04-13T05:46:56.198+0000] {warnings.py:112} WARNING - /home/***/.local/lib/python3.12/site-packages/azure/synapse/artifacts/models/_models_py3.py:11477: SyntaxWarning: invalid escape sequence '\d'
  """

[2026-04-13T05:46:56.202+0000] {warnings.py:112} WARNING - /home/***/.local/lib/python3.12/site-packages/azure/synapse/artifacts/models/_models_py3.py:12300: SyntaxWarning: invalid escape sequence '\d'
  """A copy activity Azure SQL sink.

[2026-04-13T05:46:56.206+0000] {warnings.py:112} WARNING - /home/***/.local/lib/python3.12/site-packages/azure/synapse/artifacts/models/_models_py3.py:12383: SyntaxWarning: invalid escape sequence '\d'
  """

[2026-04-13T05:46:56.209+0000] {warnings.py:112} WARNING - /home/***/.local/lib/python3.12/site-packages/azure/synapse/artifacts/models/_models_py3.py:12439: SyntaxWarning: invalid escape sequence '\d'
  """A copy activity Azure SQL source.

[2026-04-13T05:46:56.210+0000] {warnings.py:112} WARNING - /home/***/.local/lib/python3.12/site-packages/azure/synapse/artifacts/models/_models_py3.py:12524: SyntaxWarning: invalid escape sequence '\d'
  """

[2026-04-13T05:46:56.212+0000] {warnings.py:112} WARNING - /home/***/.local/lib/python3.12/site-packages/azure/synapse/artifacts/models/_models_py3.py:13019: SyntaxWarning: invalid escape sequence '\d'
  """A copy activity Azure Table sink.

[2026-04-13T05:46:56.214+0000] {warnings.py:112} WARNING - /home/***/.local/lib/python3.12/site-packages/azure/synapse/artifacts/models/_models_py3.py:13090: SyntaxWarning: invalid escape sequence '\d'
  """

[2026-04-13T05:46:56.215+0000] {warnings.py:112} WARNING - /home/***/.local/lib/python3.12/site-packages/azure/synapse/artifacts/models/_models_py3.py:13139: SyntaxWarning: invalid escape sequence '\d'
  """A copy activity Azure Table source.

[2026-04-13T05:46:56.215+0000] {warnings.py:112} WARNING - /home/***/.local/lib/python3.12/site-packages/azure/synapse/artifacts/models/_models_py3.py:13200: SyntaxWarning: invalid escape sequence '\d'
  """

[2026-04-13T05:46:56.218+0000] {warnings.py:112} WARNING - /home/***/.local/lib/python3.12/site-packages/azure/synapse/artifacts/models/_models_py3.py:13886: SyntaxWarning: invalid escape sequence '\d'
  """A copy activity Binary sink.

[2026-04-13T05:46:56.220+0000] {warnings.py:112} WARNING - /home/***/.local/lib/python3.12/site-packages/azure/synapse/artifacts/models/_models_py3.py:13941: SyntaxWarning: invalid escape sequence '\d'
  """

[2026-04-13T05:46:56.221+0000] {warnings.py:112} WARNING - /home/***/.local/lib/python3.12/site-packages/azure/synapse/artifacts/models/_models_py3.py:13977: SyntaxWarning: invalid escape sequence '\d'
  """A copy activity Binary source.

[2026-04-13T05:46:56.222+0000] {warnings.py:112} WARNING - /home/***/.local/lib/python3.12/site-packages/azure/synapse/artifacts/models/_models_py3.py:14026: SyntaxWarning: invalid escape sequence '\d'
  """

[2026-04-13T05:46:56.224+0000] {warnings.py:112} WARNING - /home/***/.local/lib/python3.12/site-packages/azure/synapse/artifacts/models/_models_py3.py:14318: SyntaxWarning: invalid escape sequence '\d'
  """A copy activity Azure Blob sink.

[2026-04-13T05:46:56.225+0000] {warnings.py:112} WARNING - /home/***/.local/lib/python3.12/site-packages/azure/synapse/artifacts/models/_models_py3.py:14388: SyntaxWarning: invalid escape sequence '\d'
  """

[2026-04-13T05:46:56.226+0000] {warnings.py:112} WARNING - /home/***/.local/lib/python3.12/site-packages/azure/synapse/artifacts/models/_models_py3.py:14436: SyntaxWarning: invalid escape sequence '\d'
  """A copy activity Azure Blob source.

[2026-04-13T05:46:56.229+0000] {warnings.py:112} WARNING - /home/***/.local/lib/python3.12/site-packages/azure/synapse/artifacts/models/_models_py3.py:14492: SyntaxWarning: invalid escape sequence '\d'
  """

[2026-04-13T05:46:56.230+0000] {warnings.py:112} WARNING - /home/***/.local/lib/python3.12/site-packages/azure/synapse/artifacts/models/_models_py3.py:14744: SyntaxWarning: invalid escape sequence '\d'
  """A copy activity source for a Cassandra database.

[2026-04-13T05:46:56.232+0000] {warnings.py:112} WARNING - /home/***/.local/lib/python3.12/site-packages/azure/synapse/artifacts/models/_models_py3.py:14810: SyntaxWarning: invalid escape sequence '\d'
  """

[2026-04-13T05:46:56.234+0000] {warnings.py:112} WARNING - /home/***/.local/lib/python3.12/site-packages/azure/synapse/artifacts/models/_models_py3.py:15415: SyntaxWarning: invalid escape sequence '\d'
  """A copy activity Common Data Service for Apps sink.

[2026-04-13T05:46:56.248+0000] {warnings.py:112} WARNING - /home/***/.local/lib/python3.12/site-packages/azure/synapse/artifacts/models/_models_py3.py:15482: SyntaxWarning: invalid escape sequence '\d'
  """

[2026-04-13T05:46:56.250+0000] {warnings.py:112} WARNING - /home/***/.local/lib/python3.12/site-packages/azure/synapse/artifacts/models/_models_py3.py:15527: SyntaxWarning: invalid escape sequence '\d'
  """A copy activity Common Data Service for Apps source.

[2026-04-13T05:46:56.251+0000] {warnings.py:112} WARNING - /home/***/.local/lib/python3.12/site-packages/azure/synapse/artifacts/models/_models_py3.py:15578: SyntaxWarning: invalid escape sequence '\d'
  """

[2026-04-13T05:46:56.252+0000] {warnings.py:112} WARNING - /home/***/.local/lib/python3.12/site-packages/azure/synapse/artifacts/models/_models_py3.py:15897: SyntaxWarning: invalid escape sequence '\d'
  """A copy activity Concur Service source.

[2026-04-13T05:46:56.254+0000] {warnings.py:112} WARNING - /home/***/.local/lib/python3.12/site-packages/azure/synapse/artifacts/models/_models_py3.py:15953: SyntaxWarning: invalid escape sequence '\d'
  """

[2026-04-13T05:46:56.257+0000] {warnings.py:112} WARNING - /home/***/.local/lib/python3.12/site-packages/azure/synapse/artifacts/models/_models_py3.py:16617: SyntaxWarning: invalid escape sequence '\d'
  """A copy activity sink for a CosmosDB (MongoDB API) database.

[2026-04-13T05:46:56.262+0000] {warnings.py:112} WARNING - /home/***/.local/lib/python3.12/site-packages/azure/synapse/artifacts/models/_models_py3.py:16674: SyntaxWarning: invalid escape sequence '\d'
  """

[2026-04-13T05:46:56.263+0000] {warnings.py:112} WARNING - /home/***/.local/lib/python3.12/site-packages/azure/synapse/artifacts/models/_models_py3.py:16712: SyntaxWarning: invalid escape sequence '\d'
  """A copy activity source for a CosmosDB (MongoDB API) database.

[2026-04-13T05:46:56.264+0000] {warnings.py:112} WARNING - /home/***/.local/lib/python3.12/site-packages/azure/synapse/artifacts/models/_models_py3.py:16780: SyntaxWarning: invalid escape sequence '\d'
  """

[2026-04-13T05:46:56.265+0000] {warnings.py:112} WARNING - /home/***/.local/lib/python3.12/site-packages/azure/synapse/artifacts/models/_models_py3.py:16932: SyntaxWarning: invalid escape sequence '\d'
  """A copy activity Azure CosmosDB (SQL API) Collection sink.

[2026-04-13T05:46:56.272+0000] {warnings.py:112} WARNING - /home/***/.local/lib/python3.12/site-packages/azure/synapse/artifacts/models/_models_py3.py:16988: SyntaxWarning: invalid escape sequence '\d'
  """

[2026-04-13T05:46:56.273+0000] {warnings.py:112} WARNING - /home/***/.local/lib/python3.12/site-packages/azure/synapse/artifacts/models/_models_py3.py:17025: SyntaxWarning: invalid escape sequence '\d'
  """A copy activity Azure CosmosDB (SQL API) Collection source.

[2026-04-13T05:46:56.274+0000] {warnings.py:112} WARNING - /home/***/.local/lib/python3.12/site-packages/azure/synapse/artifacts/models/_models_py3.py:17090: SyntaxWarning: invalid escape sequence '\d'
  """

[2026-04-13T05:46:56.275+0000] {warnings.py:112} WARNING - /home/***/.local/lib/python3.12/site-packages/azure/synapse/artifacts/models/_models_py3.py:17228: SyntaxWarning: invalid escape sequence '\d'
  """A copy activity Couchbase server source.

[2026-04-13T05:46:56.276+0000] {warnings.py:112} WARNING - /home/***/.local/lib/python3.12/site-packages/azure/synapse/artifacts/models/_models_py3.py:17284: SyntaxWarning: invalid escape sequence '\d'
  """

[2026-04-13T05:46:56.287+0000] {warnings.py:112} WARNING - /home/***/.local/lib/python3.12/site-packages/azure/synapse/artifacts/models/_models_py3.py:20234: SyntaxWarning: invalid escape sequence '\d'
  """A copy activity source for Db2 databases.

[2026-04-13T05:46:56.289+0000] {warnings.py:112} WARNING - /home/***/.local/lib/python3.12/site-packages/azure/synapse/artifacts/models/_models_py3.py:20289: SyntaxWarning: invalid escape sequence '\d'
  """

[2026-04-13T05:46:56.291+0000] {warnings.py:112} WARNING - /home/***/.local/lib/python3.12/site-packages/azure/synapse/artifacts/models/_models_py3.py:20862: SyntaxWarning: invalid escape sequence '\d'
  """A copy activity DelimitedText sink.

[2026-04-13T05:46:56.292+0000] {warnings.py:112} WARNING - /home/***/.local/lib/python3.12/site-packages/azure/synapse/artifacts/models/_models_py3.py:20921: SyntaxWarning: invalid escape sequence '\d'
  """

[2026-04-13T05:46:56.292+0000] {warnings.py:112} WARNING - /home/***/.local/lib/python3.12/site-packages/azure/synapse/artifacts/models/_models_py3.py:20960: SyntaxWarning: invalid escape sequence '\d'
  """A copy activity DelimitedText source.

[2026-04-13T05:46:56.293+0000] {warnings.py:112} WARNING - /home/***/.local/lib/python3.12/site-packages/azure/synapse/artifacts/models/_models_py3.py:21014: SyntaxWarning: invalid escape sequence '\d'
  """

[2026-04-13T05:46:56.300+0000] {warnings.py:112} WARNING - /home/***/.local/lib/python3.12/site-packages/azure/synapse/artifacts/models/_models_py3.py:21316: SyntaxWarning: invalid escape sequence '\d'
  """A copy activity Document Database Collection sink.

[2026-04-13T05:46:56.301+0000] {warnings.py:112} WARNING - /home/***/.local/lib/python3.12/site-packages/azure/synapse/artifacts/models/_models_py3.py:21377: SyntaxWarning: invalid escape sequence '\d'
  """

[2026-04-13T05:46:56.302+0000] {warnings.py:112} WARNING - /home/***/.local/lib/python3.12/site-packages/azure/synapse/artifacts/models/_models_py3.py:21418: SyntaxWarning: invalid escape sequence '\d'
  """A copy activity Document Database Collection source.

[2026-04-13T05:46:56.303+0000] {warnings.py:112} WARNING - /home/***/.local/lib/python3.12/site-packages/azure/synapse/artifacts/models/_models_py3.py:21478: SyntaxWarning: invalid escape sequence '\d'
  """

[2026-04-13T05:46:56.304+0000] {warnings.py:112} WARNING - /home/***/.local/lib/python3.12/site-packages/azure/synapse/artifacts/models/_models_py3.py:21612: SyntaxWarning: invalid escape sequence '\d'
  """A copy activity Drill server source.

[2026-04-13T05:46:56.305+0000] {warnings.py:112} WARNING - /home/***/.local/lib/python3.12/site-packages/azure/synapse/artifacts/models/_models_py3.py:21668: SyntaxWarning: invalid escape sequence '\d'
  """

[2026-04-13T05:46:56.308+0000] {warnings.py:112} WARNING - /home/***/.local/lib/python3.12/site-packages/azure/synapse/artifacts/models/_models_py3.py:22155: SyntaxWarning: invalid escape sequence '\d'
  """A copy activity Dynamics AX source.

[2026-04-13T05:46:56.309+0000] {warnings.py:112} WARNING - /home/***/.local/lib/python3.12/site-packages/azure/synapse/artifacts/models/_models_py3.py:22218: SyntaxWarning: invalid escape sequence '\d'
  """

[2026-04-13T05:46:56.310+0000] {warnings.py:112} WARNING - /home/***/.local/lib/python3.12/site-packages/azure/synapse/artifacts/models/_models_py3.py:22559: SyntaxWarning: invalid escape sequence '\d'
  """A copy activity Dynamics CRM sink.

[2026-04-13T05:46:56.311+0000] {warnings.py:112} WARNING - /home/***/.local/lib/python3.12/site-packages/azure/synapse/artifacts/models/_models_py3.py:22626: SyntaxWarning: invalid escape sequence '\d'
  """

[2026-04-13T05:46:56.312+0000] {warnings.py:112} WARNING - /home/***/.local/lib/python3.12/site-packages/azure/synapse/artifacts/models/_models_py3.py:22671: SyntaxWarning: invalid escape sequence '\d'
  """A copy activity Dynamics CRM source.

[2026-04-13T05:46:56.312+0000] {warnings.py:112} WARNING - /home/***/.local/lib/python3.12/site-packages/azure/synapse/artifacts/models/_models_py3.py:22722: SyntaxWarning: invalid escape sequence '\d'
  """

[2026-04-13T05:46:56.314+0000] {warnings.py:112} WARNING - /home/***/.local/lib/python3.12/site-packages/azure/synapse/artifacts/models/_models_py3.py:23061: SyntaxWarning: invalid escape sequence '\d'
  """A copy activity Dynamics sink.

[2026-04-13T05:46:56.315+0000] {warnings.py:112} WARNING - /home/***/.local/lib/python3.12/site-packages/azure/synapse/artifacts/models/_models_py3.py:23128: SyntaxWarning: invalid escape sequence '\d'
  """

[2026-04-13T05:46:56.316+0000] {warnings.py:112} WARNING - /home/***/.local/lib/python3.12/site-packages/azure/synapse/artifacts/models/_models_py3.py:23173: SyntaxWarning: invalid escape sequence '\d'
  """A copy activity Dynamics source.

[2026-04-13T05:46:56.317+0000] {warnings.py:112} WARNING - /home/***/.local/lib/python3.12/site-packages/azure/synapse/artifacts/models/_models_py3.py:23224: SyntaxWarning: invalid escape sequence '\d'
  """

[2026-04-13T05:46:56.318+0000] {warnings.py:112} WARNING - /home/***/.local/lib/python3.12/site-packages/azure/synapse/artifacts/models/_models_py3.py:23511: SyntaxWarning: invalid escape sequence '\d'
  """A copy activity Eloqua server source.

[2026-04-13T05:46:56.319+0000] {warnings.py:112} WARNING - /home/***/.local/lib/python3.12/site-packages/azure/synapse/artifacts/models/_models_py3.py:23567: SyntaxWarning: invalid escape sequence '\d'
  """

[2026-04-13T05:46:56.320+0000] {warnings.py:112} WARNING - /home/***/.local/lib/python3.12/site-packages/azure/synapse/artifacts/models/_models_py3.py:23968: SyntaxWarning: invalid escape sequence '\d'
  """A copy activity excel source.

[2026-04-13T05:46:56.321+0000] {warnings.py:112} WARNING - /home/***/.local/lib/python3.12/site-packages/azure/synapse/artifacts/models/_models_py3.py:24018: SyntaxWarning: invalid escape sequence '\d'
  """

[2026-04-13T05:46:56.324+0000] {warnings.py:112} WARNING - /home/***/.local/lib/python3.12/site-packages/azure/synapse/artifacts/models/_models_py3.py:25343: SyntaxWarning: invalid escape sequence '\d'
  """A copy activity file system sink.

[2026-04-13T05:46:56.325+0000] {warnings.py:112} WARNING - /home/***/.local/lib/python3.12/site-packages/azure/synapse/artifacts/models/_models_py3.py:25398: SyntaxWarning: invalid escape sequence '\d'
  """

[2026-04-13T05:46:56.326+0000] {warnings.py:112} WARNING - /home/***/.local/lib/python3.12/site-packages/azure/synapse/artifacts/models/_models_py3.py:25434: SyntaxWarning: invalid escape sequence '\d'
  """A copy activity file system source.

[2026-04-13T05:46:56.327+0000] {warnings.py:112} WARNING - /home/***/.local/lib/python3.12/site-packages/azure/synapse/artifacts/models/_models_py3.py:25485: SyntaxWarning: invalid escape sequence '\d'
  """

[2026-04-13T05:46:56.330+0000] {warnings.py:112} WARNING - /home/***/.local/lib/python3.12/site-packages/azure/synapse/artifacts/models/_models_py3.py:26723: SyntaxWarning: invalid escape sequence '\d'
  """A copy activity Google AdWords service source.

[2026-04-13T05:46:56.331+0000] {warnings.py:112} WARNING - /home/***/.local/lib/python3.12/site-packages/azure/synapse/artifacts/models/_models_py3.py:26779: SyntaxWarning: invalid escape sequence '\d'
  """

[2026-04-13T05:46:56.333+0000] {warnings.py:112} WARNING - /home/***/.local/lib/python3.12/site-packages/azure/synapse/artifacts/models/_models_py3.py:27121: SyntaxWarning: invalid escape sequence '\d'
  """A copy activity Google BigQuery service source.

[2026-04-13T05:46:56.333+0000] {warnings.py:112} WARNING - /home/***/.local/lib/python3.12/site-packages/azure/synapse/artifacts/models/_models_py3.py:27177: SyntaxWarning: invalid escape sequence '\d'
  """

[2026-04-13T05:46:56.335+0000] {warnings.py:112} WARNING - /home/***/.local/lib/python3.12/site-packages/azure/synapse/artifacts/models/_models_py3.py:27461: SyntaxWarning: invalid escape sequence '\d'
  """A copy activity Google BigQuery service source.

[2026-04-13T05:46:56.336+0000] {warnings.py:112} WARNING - /home/***/.local/lib/python3.12/site-packages/azure/synapse/artifacts/models/_models_py3.py:27517: SyntaxWarning: invalid escape sequence '\d'
  """

[2026-04-13T05:46:56.338+0000] {warnings.py:112} WARNING - /home/***/.local/lib/python3.12/site-packages/azure/synapse/artifacts/models/_models_py3.py:28053: SyntaxWarning: invalid escape sequence '\d'
  """A copy activity Greenplum Database source.

[2026-04-13T05:46:56.339+0000] {warnings.py:112} WARNING - /home/***/.local/lib/python3.12/site-packages/azure/synapse/artifacts/models/_models_py3.py:28109: SyntaxWarning: invalid escape sequence '\d'
  """

[2026-04-13T05:46:56.341+0000] {warnings.py:112} WARNING - /home/***/.local/lib/python3.12/site-packages/azure/synapse/artifacts/models/_models_py3.py:28536: SyntaxWarning: invalid escape sequence '\d'
  """A copy activity HBase server source.

[2026-04-13T05:46:56.342+0000] {warnings.py:112} WARNING - /home/***/.local/lib/python3.12/site-packages/azure/synapse/artifacts/models/_models_py3.py:28592: SyntaxWarning: invalid escape sequence '\d'
  """

[2026-04-13T05:46:56.343+0000] {warnings.py:112} WARNING - /home/***/.local/lib/python3.12/site-packages/azure/synapse/artifacts/models/_models_py3.py:28932: SyntaxWarning: invalid escape sequence '\d'
  """A copy activity HDFS source.

[2026-04-13T05:46:56.344+0000] {warnings.py:112} WARNING - /home/***/.local/lib/python3.12/site-packages/azure/synapse/artifacts/models/_models_py3.py:28982: SyntaxWarning: invalid escape sequence '\d'
  """

[2026-04-13T05:46:56.348+0000] {warnings.py:112} WARNING - /home/***/.local/lib/python3.12/site-packages/azure/synapse/artifacts/models/_models_py3.py:30727: SyntaxWarning: invalid escape sequence '\d'
  """A copy activity Hive Server source.

[2026-04-13T05:46:56.349+0000] {warnings.py:112} WARNING - /home/***/.local/lib/python3.12/site-packages/azure/synapse/artifacts/models/_models_py3.py:30783: SyntaxWarning: invalid escape sequence '\d'
  """

[2026-04-13T05:46:56.350+0000] {warnings.py:112} WARNING - /home/***/.local/lib/python3.12/site-packages/azure/synapse/artifacts/models/_models_py3.py:31296: SyntaxWarning: invalid escape sequence '\d'
  """A copy activity source for an HTTP file.

[2026-04-13T05:46:56.351+0000] {warnings.py:112} WARNING - /home/***/.local/lib/python3.12/site-packages/azure/synapse/artifacts/models/_models_py3.py:31344: SyntaxWarning: invalid escape sequence '\d'
  """

[2026-04-13T05:46:56.352+0000] {warnings.py:112} WARNING - /home/***/.local/lib/python3.12/site-packages/azure/synapse/artifacts/models/_models_py3.py:31617: SyntaxWarning: invalid escape sequence '\d'
  """A copy activity Hubspot Service source.

[2026-04-13T05:46:56.353+0000] {warnings.py:112} WARNING - /home/***/.local/lib/python3.12/site-packages/azure/synapse/artifacts/models/_models_py3.py:31673: SyntaxWarning: invalid escape sequence '\d'
  """

[2026-04-13T05:46:56.354+0000] {warnings.py:112} WARNING - /home/***/.local/lib/python3.12/site-packages/azure/synapse/artifacts/models/_models_py3.py:32120: SyntaxWarning: invalid escape sequence '\d'
  """A copy activity Impala server source.

[2026-04-13T05:46:56.355+0000] {warnings.py:112} WARNING - /home/***/.local/lib/python3.12/site-packages/azure/synapse/artifacts/models/_models_py3.py:32176: SyntaxWarning: invalid escape sequence '\d'
  """

[2026-04-13T05:46:56.356+0000] {warnings.py:112} WARNING - /home/***/.local/lib/python3.12/site-packages/azure/synapse/artifacts/models/_models_py3.py:32339: SyntaxWarning: invalid escape sequence '\d'
  """A copy activity Informix sink.

[2026-04-13T05:46:56.357+0000] {warnings.py:112} WARNING - /home/***/.local/lib/python3.12/site-packages/azure/synapse/artifacts/models/_models_py3.py:32395: SyntaxWarning: invalid escape sequence '\d'
  """

[2026-04-13T05:46:56.358+0000] {warnings.py:112} WARNING - /home/***/.local/lib/python3.12/site-packages/azure/synapse/artifacts/models/_models_py3.py:32432: SyntaxWarning: invalid escape sequence '\d'
  """A copy activity source for Informix.

[2026-04-13T05:46:56.359+0000] {warnings.py:112} WARNING - /home/***/.local/lib/python3.12/site-packages/azure/synapse/artifacts/models/_models_py3.py:32487: SyntaxWarning: invalid escape sequence '\d'
  """

[2026-04-13T05:46:56.362+0000] {warnings.py:112} WARNING - /home/***/.local/lib/python3.12/site-packages/azure/synapse/artifacts/models/_models_py3.py:33502: SyntaxWarning: invalid escape sequence '\d'
  """A copy activity Jira Service source.

[2026-04-13T05:46:56.363+0000] {warnings.py:112} WARNING - /home/***/.local/lib/python3.12/site-packages/azure/synapse/artifacts/models/_models_py3.py:33558: SyntaxWarning: invalid escape sequence '\d'
  """

[2026-04-13T05:46:56.364+0000] {warnings.py:112} WARNING - /home/***/.local/lib/python3.12/site-packages/azure/synapse/artifacts/models/_models_py3.py:33869: SyntaxWarning: invalid escape sequence '\d'
  """A copy activity Json sink.

[2026-04-13T05:46:56.365+0000] {warnings.py:112} WARNING - /home/***/.local/lib/python3.12/site-packages/azure/synapse/artifacts/models/_models_py3.py:33928: SyntaxWarning: invalid escape sequence '\d'
  """

[2026-04-13T05:46:56.366+0000] {warnings.py:112} WARNING - /home/***/.local/lib/python3.12/site-packages/azure/synapse/artifacts/models/_models_py3.py:33967: SyntaxWarning: invalid escape sequence '\d'
  """A copy activity Json source.

[2026-04-13T05:46:56.367+0000] {warnings.py:112} WARNING - /home/***/.local/lib/python3.12/site-packages/azure/synapse/artifacts/models/_models_py3.py:34021: SyntaxWarning: invalid escape sequence '\d'
  """

[2026-04-13T05:46:56.369+0000] {warnings.py:112} WARNING - /home/***/.local/lib/python3.12/site-packages/azure/synapse/artifacts/models/_models_py3.py:34739: SyntaxWarning: invalid escape sequence '\d'
  """A copy activity for Microsoft Fabric LakeHouse Table sink.

[2026-04-13T05:46:56.369+0000] {warnings.py:112} WARNING - /home/***/.local/lib/python3.12/site-packages/azure/synapse/artifacts/models/_models_py3.py:34806: SyntaxWarning: invalid escape sequence '\d'
  """

[2026-04-13T05:46:56.370+0000] {warnings.py:112} WARNING - /home/***/.local/lib/python3.12/site-packages/azure/synapse/artifacts/models/_models_py3.py:34852: SyntaxWarning: invalid escape sequence '\d'
  """A copy activity source for Microsoft Fabric LakeHouse Table.

[2026-04-13T05:46:56.370+0000] {warnings.py:112} WARNING - /home/***/.local/lib/python3.12/site-packages/azure/synapse/artifacts/models/_models_py3.py:34908: SyntaxWarning: invalid escape sequence '\d'
  """

[2026-04-13T05:46:56.375+0000] {warnings.py:112} WARNING - /home/***/.local/lib/python3.12/site-packages/azure/synapse/artifacts/models/_models_py3.py:36915: SyntaxWarning: invalid escape sequence '\d'
  """A copy activity Magento server source.

[2026-04-13T05:46:56.376+0000] {warnings.py:112} WARNING - /home/***/.local/lib/python3.12/site-packages/azure/synapse/artifacts/models/_models_py3.py:36971: SyntaxWarning: invalid escape sequence '\d'
  """

[2026-04-13T05:46:56.377+0000] {warnings.py:112} WARNING - /home/***/.local/lib/python3.12/site-packages/azure/synapse/artifacts/models/_models_py3.py:37417: SyntaxWarning: invalid escape sequence '\d'
  """A copy activity MariaDB server source.

[2026-04-13T05:46:56.378+0000] {warnings.py:112} WARNING - /home/***/.local/lib/python3.12/site-packages/azure/synapse/artifacts/models/_models_py3.py:37473: SyntaxWarning: invalid escape sequence '\d'
  """

[2026-04-13T05:46:56.379+0000] {warnings.py:112} WARNING - /home/***/.local/lib/python3.12/site-packages/azure/synapse/artifacts/models/_models_py3.py:37845: SyntaxWarning: invalid escape sequence '\d'
  """A copy activity Marketo server source.

[2026-04-13T05:46:56.380+0000] {warnings.py:112} WARNING - /home/***/.local/lib/python3.12/site-packages/azure/synapse/artifacts/models/_models_py3.py:37901: SyntaxWarning: invalid escape sequence '\d'
  """

[2026-04-13T05:46:56.381+0000] {warnings.py:112} WARNING - /home/***/.local/lib/python3.12/site-packages/azure/synapse/artifacts/models/_models_py3.py:38208: SyntaxWarning: invalid escape sequence '\d'
  """A copy activity Microsoft Access sink.

[2026-04-13T05:46:56.382+0000] {warnings.py:112} WARNING - /home/***/.local/lib/python3.12/site-packages/azure/synapse/artifacts/models/_models_py3.py:38264: SyntaxWarning: invalid escape sequence '\d'
  """

[2026-04-13T05:46:56.383+0000] {warnings.py:112} WARNING - /home/***/.local/lib/python3.12/site-packages/azure/synapse/artifacts/models/_models_py3.py:38301: SyntaxWarning: invalid escape sequence '\d'
  """A copy activity source for Microsoft Access.

[2026-04-13T05:46:56.384+0000] {warnings.py:112} WARNING - /home/***/.local/lib/python3.12/site-packages/azure/synapse/artifacts/models/_models_py3.py:38351: SyntaxWarning: invalid escape sequence '\d'
  """

[2026-04-13T05:46:56.385+0000] {warnings.py:112} WARNING - /home/***/.local/lib/python3.12/site-packages/azure/synapse/artifacts/models/_models_py3.py:38690: SyntaxWarning: invalid escape sequence '\d'
  """A copy activity source for a MongoDB Atlas database.

[2026-04-13T05:46:56.386+0000] {warnings.py:112} WARNING - /home/***/.local/lib/python3.12/site-packages/azure/synapse/artifacts/models/_models_py3.py:38758: SyntaxWarning: invalid escape sequence '\d'
  """

[2026-04-13T05:46:56.387+0000] {warnings.py:112} WARNING - /home/***/.local/lib/python3.12/site-packages/azure/synapse/artifacts/models/_models_py3.py:39141: SyntaxWarning: invalid escape sequence '\d'
  """A copy activity source for a MongoDB database.

[2026-04-13T05:46:56.388+0000] {warnings.py:112} WARNING - /home/***/.local/lib/python3.12/site-packages/azure/synapse/artifacts/models/_models_py3.py:39192: SyntaxWarning: invalid escape sequence '\d'
  """

[2026-04-13T05:46:56.389+0000] {warnings.py:112} WARNING - /home/***/.local/lib/python3.12/site-packages/azure/synapse/artifacts/models/_models_py3.py:39419: SyntaxWarning: invalid escape sequence '\d'
  """A copy activity source for a MongoDB database.

[2026-04-13T05:46:56.390+0000] {warnings.py:112} WARNING - /home/***/.local/lib/python3.12/site-packages/azure/synapse/artifacts/models/_models_py3.py:39487: SyntaxWarning: invalid escape sequence '\d'
  """

[2026-04-13T05:46:56.391+0000] {warnings.py:112} WARNING - /home/***/.local/lib/python3.12/site-packages/azure/synapse/artifacts/models/_models_py3.py:39683: SyntaxWarning: invalid escape sequence '\d'
  """A copy activity source for MySQL databases.

[2026-04-13T05:46:56.392+0000] {warnings.py:112} WARNING - /home/***/.local/lib/python3.12/site-packages/azure/synapse/artifacts/models/_models_py3.py:39738: SyntaxWarning: invalid escape sequence '\d'
  """

[2026-04-13T05:46:56.393+0000] {warnings.py:112} WARNING - /home/***/.local/lib/python3.12/site-packages/azure/synapse/artifacts/models/_models_py3.py:40019: SyntaxWarning: invalid escape sequence '\d'
  """A copy activity Netezza source.

[2026-04-13T05:46:56.395+0000] {warnings.py:112} WARNING - /home/***/.local/lib/python3.12/site-packages/azure/synapse/artifacts/models/_models_py3.py:40084: SyntaxWarning: invalid escape sequence '\d'
  """

[2026-04-13T05:46:56.399+0000] {warnings.py:112} WARNING - /home/***/.local/lib/python3.12/site-packages/azure/synapse/artifacts/models/_models_py3.py:41138: SyntaxWarning: invalid escape sequence '\d'
  """A copy activity source for OData source.

[2026-04-13T05:46:56.400+0000] {warnings.py:112} WARNING - /home/***/.local/lib/python3.12/site-packages/azure/synapse/artifacts/models/_models_py3.py:41196: SyntaxWarning: invalid escape sequence '\d'
  """

[2026-04-13T05:46:56.402+0000] {warnings.py:112} WARNING - /home/***/.local/lib/python3.12/site-packages/azure/synapse/artifacts/models/_models_py3.py:41359: SyntaxWarning: invalid escape sequence '\d'
  """A copy activity ODBC sink.

[2026-04-13T05:46:56.402+0000] {warnings.py:112} WARNING - /home/***/.local/lib/python3.12/site-packages/azure/synapse/artifacts/models/_models_py3.py:41415: SyntaxWarning: invalid escape sequence '\d'
  """

[2026-04-13T05:46:56.403+0000] {warnings.py:112} WARNING - /home/***/.local/lib/python3.12/site-packages/azure/synapse/artifacts/models/_models_py3.py:41452: SyntaxWarning: invalid escape sequence '\d'
  """A copy activity source for ODBC databases.

[2026-04-13T05:46:56.404+0000] {warnings.py:112} WARNING - /home/***/.local/lib/python3.12/site-packages/azure/synapse/artifacts/models/_models_py3.py:41507: SyntaxWarning: invalid escape sequence '\d'
  """

[2026-04-13T05:46:56.406+0000] {warnings.py:112} WARNING - /home/***/.local/lib/python3.12/site-packages/azure/synapse/artifacts/models/_models_py3.py:41875: SyntaxWarning: invalid escape sequence '\d'
  """A copy activity source for an Office 365 service.

[2026-04-13T05:46:56.407+0000] {warnings.py:112} WARNING - /home/***/.local/lib/python3.12/site-packages/azure/synapse/artifacts/models/_models_py3.py:41947: SyntaxWarning: invalid escape sequence '\d'
  """

[2026-04-13T05:46:56.422+0000] {warnings.py:112} WARNING - /home/***/.local/lib/python3.12/site-packages/azure/synapse/artifacts/models/_models_py3.py:42441: SyntaxWarning: invalid escape sequence '\d'
  """A copy activity Oracle Service Cloud source.

[2026-04-13T05:46:56.423+0000] {warnings.py:112} WARNING - /home/***/.local/lib/python3.12/site-packages/azure/synapse/artifacts/models/_models_py3.py:42497: SyntaxWarning: invalid escape sequence '\d'
  """

[2026-04-13T05:46:56.424+0000] {warnings.py:112} WARNING - /home/***/.local/lib/python3.12/site-packages/azure/synapse/artifacts/models/_models_py3.py:42534: SyntaxWarning: invalid escape sequence '\d'
  """A copy activity Oracle sink.

[2026-04-13T05:46:56.424+0000] {warnings.py:112} WARNING - /home/***/.local/lib/python3.12/site-packages/azure/synapse/artifacts/models/_models_py3.py:42590: SyntaxWarning: invalid escape sequence '\d'
  """

[2026-04-13T05:46:56.425+0000] {warnings.py:112} WARNING - /home/***/.local/lib/python3.12/site-packages/azure/synapse/artifacts/models/_models_py3.py:42627: SyntaxWarning: invalid escape sequence '\d'
  """A copy activity Oracle source.

[2026-04-13T05:46:56.426+0000] {warnings.py:112} WARNING - /home/***/.local/lib/python3.12/site-packages/azure/synapse/artifacts/models/_models_py3.py:42692: SyntaxWarning: invalid escape sequence '\d'
  """

[2026-04-13T05:46:56.427+0000] {warnings.py:112} WARNING - /home/***/.local/lib/python3.12/site-packages/azure/synapse/artifacts/models/_models_py3.py:43020: SyntaxWarning: invalid escape sequence '\d'
  """A copy activity ORC sink.

[2026-04-13T05:46:56.428+0000] {warnings.py:112} WARNING - /home/***/.local/lib/python3.12/site-packages/azure/synapse/artifacts/models/_models_py3.py:43079: SyntaxWarning: invalid escape sequence '\d'
  """

[2026-04-13T05:46:56.429+0000] {warnings.py:112} WARNING - /home/***/.local/lib/python3.12/site-packages/azure/synapse/artifacts/models/_models_py3.py:43118: SyntaxWarning: invalid escape sequence '\d'
  """A copy activity ORC source.

[2026-04-13T05:46:56.430+0000] {warnings.py:112} WARNING - /home/***/.local/lib/python3.12/site-packages/azure/synapse/artifacts/models/_models_py3.py:43168: SyntaxWarning: invalid escape sequence '\d'
  """

[2026-04-13T05:46:56.431+0000] {warnings.py:112} WARNING - /home/***/.local/lib/python3.12/site-packages/azure/synapse/artifacts/models/_models_py3.py:43514: SyntaxWarning: invalid escape sequence '\d'
  """A copy activity Parquet sink.

[2026-04-13T05:46:56.432+0000] {warnings.py:112} WARNING - /home/***/.local/lib/python3.12/site-packages/azure/synapse/artifacts/models/_models_py3.py:43573: SyntaxWarning: invalid escape sequence '\d'
  """

[2026-04-13T05:46:56.433+0000] {warnings.py:112} WARNING - /home/***/.local/lib/python3.12/site-packages/azure/synapse/artifacts/models/_models_py3.py:43612: SyntaxWarning: invalid escape sequence '\d'
  """A copy activity Parquet source.

[2026-04-13T05:46:56.434+0000] {warnings.py:112} WARNING - /home/***/.local/lib/python3.12/site-packages/azure/synapse/artifacts/models/_models_py3.py:43666: SyntaxWarning: invalid escape sequence '\d'
  """

[2026-04-13T05:46:56.435+0000] {warnings.py:112} WARNING - /home/***/.local/lib/python3.12/site-packages/azure/synapse/artifacts/models/_models_py3.py:43989: SyntaxWarning: invalid escape sequence '\d'
  """A copy activity Paypal Service source.

[2026-04-13T05:46:56.436+0000] {warnings.py:112} WARNING - /home/***/.local/lib/python3.12/site-packages/azure/synapse/artifacts/models/_models_py3.py:44045: SyntaxWarning: invalid escape sequence '\d'
  """

[2026-04-13T05:46:56.438+0000] {warnings.py:112} WARNING - /home/***/.local/lib/python3.12/site-packages/azure/synapse/artifacts/models/_models_py3.py:44386: SyntaxWarning: invalid escape sequence '\d'
  """A copy activity Phoenix server source.

[2026-04-13T05:46:56.439+0000] {warnings.py:112} WARNING - /home/***/.local/lib/python3.12/site-packages/azure/synapse/artifacts/models/_models_py3.py:44442: SyntaxWarning: invalid escape sequence '\d'
  """

[2026-04-13T05:46:56.444+0000] {warnings.py:112} WARNING - /home/***/.local/lib/python3.12/site-packages/azure/synapse/artifacts/models/_models_py3.py:45003: SyntaxWarning: invalid escape sequence '\d'
  """A copy activity source for PostgreSQL databases.

[2026-04-13T05:46:56.445+0000] {warnings.py:112} WARNING - /home/***/.local/lib/python3.12/site-packages/azure/synapse/artifacts/models/_models_py3.py:45058: SyntaxWarning: invalid escape sequence '\d'
  """

[2026-04-13T05:46:56.447+0000] {warnings.py:112} WARNING - /home/***/.local/lib/python3.12/site-packages/azure/synapse/artifacts/models/_models_py3.py:45444: SyntaxWarning: invalid escape sequence '\d'
  """A copy activity source for PostgreSQL databases.

[2026-04-13T05:46:56.448+0000] {warnings.py:112} WARNING - /home/***/.local/lib/python3.12/site-packages/azure/synapse/artifacts/models/_models_py3.py:45499: SyntaxWarning: invalid escape sequence '\d'
  """

[2026-04-13T05:46:56.449+0000] {warnings.py:112} WARNING - /home/***/.local/lib/python3.12/site-packages/azure/synapse/artifacts/models/_models_py3.py:46042: SyntaxWarning: invalid escape sequence '\d'
  """A copy activity Presto server source.

[2026-04-13T05:46:56.450+0000] {warnings.py:112} WARNING - /home/***/.local/lib/python3.12/site-packages/azure/synapse/artifacts/models/_models_py3.py:46098: SyntaxWarning: invalid escape sequence '\d'
  """

[2026-04-13T05:46:56.452+0000] {warnings.py:112} WARNING - /home/***/.local/lib/python3.12/site-packages/azure/synapse/artifacts/models/_models_py3.py:46702: SyntaxWarning: invalid escape sequence '\d'
  """A copy activity QuickBooks server source.

[2026-04-13T05:46:56.453+0000] {warnings.py:112} WARNING - /home/***/.local/lib/python3.12/site-packages/azure/synapse/artifacts/models/_models_py3.py:46758: SyntaxWarning: invalid escape sequence '\d'
  """

[2026-04-13T05:46:56.454+0000] {warnings.py:112} WARNING - /home/***/.local/lib/python3.12/site-packages/azure/synapse/artifacts/models/_models_py3.py:47000: SyntaxWarning: invalid escape sequence '\d'
  """A copy activity source for various relational databases.

[2026-04-13T05:46:56.455+0000] {warnings.py:112} WARNING - /home/***/.local/lib/python3.12/site-packages/azure/synapse/artifacts/models/_models_py3.py:47050: SyntaxWarning: invalid escape sequence '\d'
  """

[2026-04-13T05:46:56.457+0000] {warnings.py:112} WARNING - /home/***/.local/lib/python3.12/site-packages/azure/synapse/artifacts/models/_models_py3.py:47648: SyntaxWarning: invalid escape sequence '\d'
  """A copy activity Responsys source.

[2026-04-13T05:46:56.458+0000] {warnings.py:112} WARNING - /home/***/.local/lib/python3.12/site-packages/azure/synapse/artifacts/models/_models_py3.py:47704: SyntaxWarning: invalid escape sequence '\d'
  """

[2026-04-13T05:46:56.460+0000] {warnings.py:112} WARNING - /home/***/.local/lib/python3.12/site-packages/azure/synapse/artifacts/models/_models_py3.py:48113: SyntaxWarning: invalid escape sequence '\d'
  """A copy activity Rest service Sink.

[2026-04-13T05:46:56.461+0000] {warnings.py:112} WARNING - /home/***/.local/lib/python3.12/site-packages/azure/synapse/artifacts/models/_models_py3.py:48190: SyntaxWarning: invalid escape sequence '\d'
  """

[2026-04-13T05:46:56.462+0000] {warnings.py:112} WARNING - /home/***/.local/lib/python3.12/site-packages/azure/synapse/artifacts/models/_models_py3.py:48244: SyntaxWarning: invalid escape sequence '\d'
  """A copy activity Rest service source.

[2026-04-13T05:46:56.463+0000] {warnings.py:112} WARNING - /home/***/.local/lib/python3.12/site-packages/azure/synapse/artifacts/models/_models_py3.py:48321: SyntaxWarning: invalid escape sequence '\d'
  """

[2026-04-13T05:46:56.466+0000] {warnings.py:112} WARNING - /home/***/.local/lib/python3.12/site-packages/azure/synapse/artifacts/models/_models_py3.py:49499: SyntaxWarning: invalid escape sequence '\d'
  """A copy activity Salesforce Marketing Cloud source.

[2026-04-13T05:46:56.467+0000] {warnings.py:112} WARNING - /home/***/.local/lib/python3.12/site-packages/azure/synapse/artifacts/models/_models_py3.py:49555: SyntaxWarning: invalid escape sequence '\d'
  """

[2026-04-13T05:46:56.468+0000] {warnings.py:112} WARNING - /home/***/.local/lib/python3.12/site-packages/azure/synapse/artifacts/models/_models_py3.py:49932: SyntaxWarning: invalid escape sequence '\d'
  """A copy activity Salesforce Service Cloud sink.

[2026-04-13T05:46:56.469+0000] {warnings.py:112} WARNING - /home/***/.local/lib/python3.12/site-packages/azure/synapse/artifacts/models/_models_py3.py:50002: SyntaxWarning: invalid escape sequence '\d'
  """

[2026-04-13T05:46:56.470+0000] {warnings.py:112} WARNING - /home/***/.local/lib/python3.12/site-packages/azure/synapse/artifacts/models/_models_py3.py:50052: SyntaxWarning: invalid escape sequence '\d'
  """A copy activity Salesforce Service Cloud source.

[2026-04-13T05:46:56.471+0000] {warnings.py:112} WARNING - /home/***/.local/lib/python3.12/site-packages/azure/synapse/artifacts/models/_models_py3.py:50107: SyntaxWarning: invalid escape sequence '\d'
  """

[2026-04-13T05:46:56.472+0000] {warnings.py:112} WARNING - /home/***/.local/lib/python3.12/site-packages/azure/synapse/artifacts/models/_models_py3.py:50379: SyntaxWarning: invalid escape sequence '\d'
  """A copy activity Salesforce Service Cloud V2 sink.

[2026-04-13T05:46:56.473+0000] {warnings.py:112} WARNING - /home/***/.local/lib/python3.12/site-packages/azure/synapse/artifacts/models/_models_py3.py:50449: SyntaxWarning: invalid escape sequence '\d'
  """

[2026-04-13T05:46:56.474+0000] {warnings.py:112} WARNING - /home/***/.local/lib/python3.12/site-packages/azure/synapse/artifacts/models/_models_py3.py:50499: SyntaxWarning: invalid escape sequence '\d'
  """A copy activity Salesforce Service Cloud V2 source.

[2026-04-13T05:46:56.474+0000] {warnings.py:112} WARNING - /home/***/.local/lib/python3.12/site-packages/azure/synapse/artifacts/models/_models_py3.py:50554: SyntaxWarning: invalid escape sequence '\d'
  """

[2026-04-13T05:46:56.475+0000] {warnings.py:112} WARNING - /home/***/.local/lib/python3.12/site-packages/azure/synapse/artifacts/models/_models_py3.py:50590: SyntaxWarning: invalid escape sequence '\d'
  """A copy activity Salesforce sink.

[2026-04-13T05:46:56.475+0000] {warnings.py:112} WARNING - /home/***/.local/lib/python3.12/site-packages/azure/synapse/artifacts/models/_models_py3.py:50660: SyntaxWarning: invalid escape sequence '\d'
  """

[2026-04-13T05:46:56.476+0000] {warnings.py:112} WARNING - /home/***/.local/lib/python3.12/site-packages/azure/synapse/artifacts/models/_models_py3.py:50710: SyntaxWarning: invalid escape sequence '\d'
  """A copy activity Salesforce source.

[2026-04-13T05:46:56.477+0000] {warnings.py:112} WARNING - /home/***/.local/lib/python3.12/site-packages/azure/synapse/artifacts/models/_models_py3.py:50770: SyntaxWarning: invalid escape sequence '\d'
  """

[2026-04-13T05:46:56.478+0000] {warnings.py:112} WARNING - /home/***/.local/lib/python3.12/site-packages/azure/synapse/artifacts/models/_models_py3.py:51046: SyntaxWarning: invalid escape sequence '\d'
  """A copy activity Salesforce V2 sink.

[2026-04-13T05:46:56.478+0000] {warnings.py:112} WARNING - /home/***/.local/lib/python3.12/site-packages/azure/synapse/artifacts/models/_models_py3.py:51116: SyntaxWarning: invalid escape sequence '\d'
  """

[2026-04-13T05:46:56.479+0000] {warnings.py:112} WARNING - /home/***/.local/lib/python3.12/site-packages/azure/synapse/artifacts/models/_models_py3.py:51166: SyntaxWarning: invalid escape sequence '\d'
  """A copy activity Salesforce V2 source.

[2026-04-13T05:46:56.480+0000] {warnings.py:112} WARNING - /home/***/.local/lib/python3.12/site-packages/azure/synapse/artifacts/models/_models_py3.py:51226: SyntaxWarning: invalid escape sequence '\d'
  """

[2026-04-13T05:46:56.481+0000] {warnings.py:112} WARNING - /home/***/.local/lib/python3.12/site-packages/azure/synapse/artifacts/models/_models_py3.py:51485: SyntaxWarning: invalid escape sequence '\d'
  """A copy activity source for SapBW server via MDX.

[2026-04-13T05:46:56.482+0000] {warnings.py:112} WARNING - /home/***/.local/lib/python3.12/site-packages/azure/synapse/artifacts/models/_models_py3.py:51540: SyntaxWarning: invalid escape sequence '\d'
  """

[2026-04-13T05:46:56.483+0000] {warnings.py:112} WARNING - /home/***/.local/lib/python3.12/site-packages/azure/synapse/artifacts/models/_models_py3.py:51787: SyntaxWarning: invalid escape sequence '\d'
  """A copy activity SAP Cloud for Customer sink.

[2026-04-13T05:46:56.484+0000] {warnings.py:112} WARNING - /home/***/.local/lib/python3.12/site-packages/azure/synapse/artifacts/models/_models_py3.py:51851: SyntaxWarning: invalid escape sequence '\d'
  """

[2026-04-13T05:46:56.485+0000] {warnings.py:112} WARNING - /home/***/.local/lib/python3.12/site-packages/azure/synapse/artifacts/models/_models_py3.py:51895: SyntaxWarning: invalid escape sequence '\d'
  """A copy activity source for SAP Cloud for Customer source.

[2026-04-13T05:46:56.486+0000] {warnings.py:112} WARNING - /home/***/.local/lib/python3.12/site-packages/azure/synapse/artifacts/models/_models_py3.py:51958: SyntaxWarning: invalid escape sequence '\d'
  """

[2026-04-13T05:46:56.487+0000] {warnings.py:112} WARNING - /home/***/.local/lib/python3.12/site-packages/azure/synapse/artifacts/models/_models_py3.py:52212: SyntaxWarning: invalid escape sequence '\d'
  """A copy activity source for SAP ECC source.

[2026-04-13T05:46:56.488+0000] {warnings.py:112} WARNING - /home/***/.local/lib/python3.12/site-packages/azure/synapse/artifacts/models/_models_py3.py:52275: SyntaxWarning: invalid escape sequence '\d'
  """

[2026-04-13T05:46:56.489+0000] {warnings.py:112} WARNING - /home/***/.local/lib/python3.12/site-packages/azure/synapse/artifacts/models/_models_py3.py:52463: SyntaxWarning: invalid escape sequence '\d'
  """A copy activity source for SAP HANA source.

[2026-04-13T05:46:56.489+0000] {warnings.py:112} WARNING - /home/***/.local/lib/python3.12/site-packages/azure/synapse/artifacts/models/_models_py3.py:52532: SyntaxWarning: invalid escape sequence '\d'
  """

[2026-04-13T05:46:56.491+0000] {warnings.py:112} WARNING - /home/***/.local/lib/python3.12/site-packages/azure/synapse/artifacts/models/_models_py3.py:53040: SyntaxWarning: invalid escape sequence '\d'
  """A copy activity source for SAP ODP source.

[2026-04-13T05:46:56.491+0000] {warnings.py:112} WARNING - /home/***/.local/lib/python3.12/site-packages/azure/synapse/artifacts/models/_models_py3.py:53111: SyntaxWarning: invalid escape sequence '\d'
  """

[2026-04-13T05:46:56.492+0000] {warnings.py:112} WARNING - /home/***/.local/lib/python3.12/site-packages/azure/synapse/artifacts/models/_models_py3.py:53334: SyntaxWarning: invalid escape sequence '\d'
  """A copy activity source for SAP Business Warehouse Open Hub Destination source.

[2026-04-13T05:46:56.493+0000] {warnings.py:112} WARNING - /home/***/.local/lib/python3.12/site-packages/azure/synapse/artifacts/models/_models_py3.py:53407: SyntaxWarning: invalid escape sequence '\d'
  """

[2026-04-13T05:46:56.495+0000] {warnings.py:112} WARNING - /home/***/.local/lib/python3.12/site-packages/azure/synapse/artifacts/models/_models_py3.py:53961: SyntaxWarning: invalid escape sequence '\d'
  """A copy activity source for SAP Table source.

[2026-04-13T05:46:56.496+0000] {warnings.py:112} WARNING - /home/***/.local/lib/python3.12/site-packages/azure/synapse/artifacts/models/_models_py3.py:54059: SyntaxWarning: invalid escape sequence '\d'
  """

[2026-04-13T05:46:56.497+0000] {warnings.py:112} WARNING - /home/***/.local/lib/python3.12/site-packages/azure/synapse/artifacts/models/_models_py3.py:54322: SyntaxWarning: invalid escape sequence '\d'
  """Script activity type.

[2026-04-13T05:46:56.498+0000] {warnings.py:112} WARNING - /home/***/.local/lib/python3.12/site-packages/azure/synapse/artifacts/models/_models_py3.py:54398: SyntaxWarning: invalid escape sequence '\d'
  """

[2026-04-13T05:46:56.500+0000] {warnings.py:112} WARNING - /home/***/.local/lib/python3.12/site-packages/azure/synapse/artifacts/models/_models_py3.py:55022: SyntaxWarning: invalid escape sequence '\d'
  """A copy activity ServiceNow server source.

[2026-04-13T05:46:56.501+0000] {warnings.py:112} WARNING - /home/***/.local/lib/python3.12/site-packages/azure/synapse/artifacts/models/_models_py3.py:55078: SyntaxWarning: invalid escape sequence '\d'
  """

[2026-04-13T05:46:56.503+0000] {warnings.py:112} WARNING - /home/***/.local/lib/python3.12/site-packages/azure/synapse/artifacts/models/_models_py3.py:55310: SyntaxWarning: invalid escape sequence '\d'
  """A copy activity ServiceNowV2 server source.

[2026-04-13T05:46:56.503+0000] {warnings.py:112} WARNING - /home/***/.local/lib/python3.12/site-packages/azure/synapse/artifacts/models/_models_py3.py:55365: SyntaxWarning: invalid escape sequence '\d'
  """

[2026-04-13T05:46:56.506+0000] {warnings.py:112} WARNING - /home/***/.local/lib/python3.12/site-packages/azure/synapse/artifacts/models/_models_py3.py:56196: SyntaxWarning: invalid escape sequence '\d'
  """A copy activity source for sharePoint online list source.

[2026-04-13T05:46:56.506+0000] {warnings.py:112} WARNING - /home/***/.local/lib/python3.12/site-packages/azure/synapse/artifacts/models/_models_py3.py:56248: SyntaxWarning: invalid escape sequence '\d'
  """

[2026-04-13T05:46:56.507+0000] {warnings.py:112} WARNING - /home/***/.local/lib/python3.12/site-packages/azure/synapse/artifacts/models/_models_py3.py:56508: SyntaxWarning: invalid escape sequence '\d'
  """A copy activity Shopify Service source.

[2026-04-13T05:46:56.508+0000] {warnings.py:112} WARNING - /home/***/.local/lib/python3.12/site-packages/azure/synapse/artifacts/models/_models_py3.py:56564: SyntaxWarning: invalid escape sequence '\d'
  """

[2026-04-13T05:46:56.509+0000] {warnings.py:112} WARNING - /home/***/.local/lib/python3.12/site-packages/azure/synapse/artifacts/models/_models_py3.py:57087: SyntaxWarning: invalid escape sequence '\d'
  """A copy activity snowflake sink.

[2026-04-13T05:46:56.510+0000] {warnings.py:112} WARNING - /home/***/.local/lib/python3.12/site-packages/azure/synapse/artifacts/models/_models_py3.py:57147: SyntaxWarning: invalid escape sequence '\d'
  """

[2026-04-13T05:46:56.510+0000] {warnings.py:112} WARNING - /home/***/.local/lib/python3.12/site-packages/azure/synapse/artifacts/models/_models_py3.py:57187: SyntaxWarning: invalid escape sequence '\d'
  """A copy activity snowflake source.

[2026-04-13T05:46:56.511+0000] {warnings.py:112} WARNING - /home/***/.local/lib/python3.12/site-packages/azure/synapse/artifacts/models/_models_py3.py:57237: SyntaxWarning: invalid escape sequence '\d'
  """

[2026-04-13T05:46:56.512+0000] {warnings.py:112} WARNING - /home/***/.local/lib/python3.12/site-packages/azure/synapse/artifacts/models/_models_py3.py:57560: SyntaxWarning: invalid escape sequence '\d'
  """A copy activity snowflake sink.

[2026-04-13T05:46:56.513+0000] {warnings.py:112} WARNING - /home/***/.local/lib/python3.12/site-packages/azure/synapse/artifacts/models/_models_py3.py:57620: SyntaxWarning: invalid escape sequence '\d'
  """

[2026-04-13T05:46:56.514+0000] {warnings.py:112} WARNING - /home/***/.local/lib/python3.12/site-packages/azure/synapse/artifacts/models/_models_py3.py:57660: SyntaxWarning: invalid escape sequence '\d'
  """A copy activity snowflake source.

[2026-04-13T05:46:56.514+0000] {warnings.py:112} WARNING - /home/***/.local/lib/python3.12/site-packages/azure/synapse/artifacts/models/_models_py3.py:57710: SyntaxWarning: invalid escape sequence '\d'
  """

[2026-04-13T05:46:56.518+0000] {warnings.py:112} WARNING - /home/***/.local/lib/python3.12/site-packages/azure/synapse/artifacts/models/_models_py3.py:59106: SyntaxWarning: invalid escape sequence '\d'
  """A copy activity Spark Server source.

[2026-04-13T05:46:56.519+0000] {warnings.py:112} WARNING - /home/***/.local/lib/python3.12/site-packages/azure/synapse/artifacts/models/_models_py3.py:59162: SyntaxWarning: invalid escape sequence '\d'
  """

[2026-04-13T05:46:56.520+0000] {warnings.py:112} WARNING - /home/***/.local/lib/python3.12/site-packages/azure/synapse/artifacts/models/_models_py3.py:59316: SyntaxWarning: invalid escape sequence '\d'
  """A copy activity SQL Data Warehouse sink.

[2026-04-13T05:46:56.521+0000] {warnings.py:112} WARNING - /home/***/.local/lib/python3.12/site-packages/azure/synapse/artifacts/models/_models_py3.py:59396: SyntaxWarning: invalid escape sequence '\d'
  """

[2026-04-13T05:46:56.521+0000] {warnings.py:112} WARNING - /home/***/.local/lib/python3.12/site-packages/azure/synapse/artifacts/models/_models_py3.py:59452: SyntaxWarning: invalid escape sequence '\d'
  """A copy activity SQL Data Warehouse source.

[2026-04-13T05:46:56.522+0000] {warnings.py:112} WARNING - /home/***/.local/lib/python3.12/site-packages/azure/synapse/artifacts/models/_models_py3.py:59535: SyntaxWarning: invalid escape sequence '\d'
  """

[2026-04-13T05:46:56.523+0000] {warnings.py:112} WARNING - /home/***/.local/lib/python3.12/site-packages/azure/synapse/artifacts/models/_models_py3.py:59594: SyntaxWarning: invalid escape sequence '\d'
  """A copy activity Azure SQL Managed Instance sink.

[2026-04-13T05:46:56.523+0000] {warnings.py:112} WARNING - /home/***/.local/lib/python3.12/site-packages/azure/synapse/artifacts/models/_models_py3.py:59677: SyntaxWarning: invalid escape sequence '\d'
  """

[2026-04-13T05:46:56.524+0000] {warnings.py:112} WARNING - /home/***/.local/lib/python3.12/site-packages/azure/synapse/artifacts/models/_models_py3.py:59733: SyntaxWarning: invalid escape sequence '\d'
  """A copy activity Azure SQL Managed Instance source.

[2026-04-13T05:46:56.525+0000] {warnings.py:112} WARNING - /home/***/.local/lib/python3.12/site-packages/azure/synapse/artifacts/models/_models_py3.py:59818: SyntaxWarning: invalid escape sequence '\d'
  """

[2026-04-13T05:46:56.527+0000] {warnings.py:112} WARNING - /home/***/.local/lib/python3.12/site-packages/azure/synapse/artifacts/models/_models_py3.py:60639: SyntaxWarning: invalid escape sequence '\d'
  """A copy activity SQL server sink.

[2026-04-13T05:46:56.528+0000] {warnings.py:112} WARNING - /home/***/.local/lib/python3.12/site-packages/azure/synapse/artifacts/models/_models_py3.py:60722: SyntaxWarning: invalid escape sequence '\d'
  """

[2026-04-13T05:46:56.528+0000] {warnings.py:112} WARNING - /home/***/.local/lib/python3.12/site-packages/azure/synapse/artifacts/models/_models_py3.py:60778: SyntaxWarning: invalid escape sequence '\d'
  """A copy activity SQL server source.

[2026-04-13T05:46:56.529+0000] {warnings.py:112} WARNING - /home/***/.local/lib/python3.12/site-packages/azure/synapse/artifacts/models/_models_py3.py:60863: SyntaxWarning: invalid escape sequence '\d'
  """

[2026-04-13T05:46:56.530+0000] {warnings.py:112} WARNING - /home/***/.local/lib/python3.12/site-packages/azure/synapse/artifacts/models/_models_py3.py:61167: SyntaxWarning: invalid escape sequence '\d'
  """A copy activity SQL sink.

[2026-04-13T05:46:56.531+0000] {warnings.py:112} WARNING - /home/***/.local/lib/python3.12/site-packages/azure/synapse/artifacts/models/_models_py3.py:61250: SyntaxWarning: invalid escape sequence '\d'
  """

[2026-04-13T05:46:56.531+0000] {warnings.py:112} WARNING - /home/***/.local/lib/python3.12/site-packages/azure/synapse/artifacts/models/_models_py3.py:61306: SyntaxWarning: invalid escape sequence '\d'
  """A copy activity SQL source.

[2026-04-13T05:46:56.532+0000] {warnings.py:112} WARNING - /home/***/.local/lib/python3.12/site-packages/azure/synapse/artifacts/models/_models_py3.py:61387: SyntaxWarning: invalid escape sequence '\d'
  """

[2026-04-13T05:46:56.533+0000] {warnings.py:112} WARNING - /home/***/.local/lib/python3.12/site-packages/azure/synapse/artifacts/models/_models_py3.py:61696: SyntaxWarning: invalid escape sequence '\d'
  """A copy activity Square Service source.

[2026-04-13T05:46:56.534+0000] {warnings.py:112} WARNING - /home/***/.local/lib/python3.12/site-packages/azure/synapse/artifacts/models/_models_py3.py:61752: SyntaxWarning: invalid escape sequence '\d'
  """

[2026-04-13T05:46:56.535+0000] {warnings.py:112} WARNING - /home/***/.local/lib/python3.12/site-packages/azure/synapse/artifacts/models/_models_py3.py:61954: SyntaxWarning: invalid escape sequence '\d'
  """SSIS package execution log location.

[2026-04-13T05:46:56.535+0000] {warnings.py:112} WARNING - /home/***/.local/lib/python3.12/site-packages/azure/synapse/artifacts/models/_models_py3.py:61992: SyntaxWarning: invalid escape sequence '\d'
  """

[2026-04-13T05:46:56.537+0000] {warnings.py:112} WARNING - /home/***/.local/lib/python3.12/site-packages/azure/synapse/artifacts/models/_models_py3.py:62660: SyntaxWarning: invalid escape sequence '\d'
  """A copy activity source for Sybase databases.

[2026-04-13T05:46:56.538+0000] {warnings.py:112} WARNING - /home/***/.local/lib/python3.12/site-packages/azure/synapse/artifacts/models/_models_py3.py:62715: SyntaxWarning: invalid escape sequence '\d'
  """

[2026-04-13T05:46:56.541+0000] {warnings.py:112} WARNING - /home/***/.local/lib/python3.12/site-packages/azure/synapse/artifacts/models/_models_py3.py:63882: SyntaxWarning: invalid escape sequence '\d'
  """A copy activity Teradata source.

[2026-04-13T05:46:56.541+0000] {warnings.py:112} WARNING - /home/***/.local/lib/python3.12/site-packages/azure/synapse/artifacts/models/_models_py3.py:63946: SyntaxWarning: invalid escape sequence '\d'
  """

[2026-04-13T05:46:56.543+0000] {warnings.py:112} WARNING - /home/***/.local/lib/python3.12/site-packages/azure/synapse/artifacts/models/_models_py3.py:64582: SyntaxWarning: invalid escape sequence '\d'
  """Trigger that schedules pipeline runs for all fixed time interval windows from a start time

[2026-04-13T05:46:56.544+0000] {warnings.py:112} WARNING - /home/***/.local/lib/python3.12/site-packages/azure/synapse/artifacts/models/_models_py3.py:64674: SyntaxWarning: invalid escape sequence '\d'
  """

[2026-04-13T05:46:56.545+0000] {warnings.py:112} WARNING - /home/***/.local/lib/python3.12/site-packages/azure/synapse/artifacts/models/_models_py3.py:64940: SyntaxWarning: invalid escape sequence '\d'
  """This activity executes inner activities until the specified boolean expression results to true

[2026-04-13T05:46:56.548+0000] {warnings.py:112} WARNING - /home/***/.local/lib/python3.12/site-packages/azure/synapse/artifacts/models/_models_py3.py:65014: SyntaxWarning: invalid escape sequence '\d'
  """

[2026-04-13T05:46:56.549+0000] {warnings.py:112} WARNING - /home/***/.local/lib/python3.12/site-packages/azure/synapse/artifacts/models/_models_py3.py:65117: SyntaxWarning: invalid escape sequence '\d'
  """This activity verifies that an external resource exists.

[2026-04-13T05:46:56.550+0000] {warnings.py:112} WARNING - /home/***/.local/lib/python3.12/site-packages/azure/synapse/artifacts/models/_models_py3.py:65199: SyntaxWarning: invalid escape sequence '\d'
  """

[2026-04-13T05:46:56.551+0000] {warnings.py:112} WARNING - /home/***/.local/lib/python3.12/site-packages/azure/synapse/artifacts/models/_models_py3.py:65385: SyntaxWarning: invalid escape sequence '\d'
  """A copy activity Vertica source.

[2026-04-13T05:46:56.551+0000] {warnings.py:112} WARNING - /home/***/.local/lib/python3.12/site-packages/azure/synapse/artifacts/models/_models_py3.py:65441: SyntaxWarning: invalid escape sequence '\d'
  """

[2026-04-13T05:46:56.552+0000] {warnings.py:112} WARNING - /home/***/.local/lib/python3.12/site-packages/azure/synapse/artifacts/models/_models_py3.py:65874: SyntaxWarning: invalid escape sequence '\d'
  """A copy activity Microsoft Fabric Warehouse sink.

[2026-04-13T05:46:56.553+0000] {warnings.py:112} WARNING - /home/***/.local/lib/python3.12/site-packages/azure/synapse/artifacts/models/_models_py3.py:65950: SyntaxWarning: invalid escape sequence '\d'
  """

[2026-04-13T05:46:56.554+0000] {warnings.py:112} WARNING - /home/***/.local/lib/python3.12/site-packages/azure/synapse/artifacts/models/_models_py3.py:66003: SyntaxWarning: invalid escape sequence '\d'
  """A copy activity Microsoft Fabric Warehouse source.

[2026-04-13T05:46:56.554+0000] {warnings.py:112} WARNING - /home/***/.local/lib/python3.12/site-packages/azure/synapse/artifacts/models/_models_py3.py:66087: SyntaxWarning: invalid escape sequence '\d'
  """

[2026-04-13T05:46:56.556+0000] {warnings.py:112} WARNING - /home/***/.local/lib/python3.12/site-packages/azure/synapse/artifacts/models/_models_py3.py:66686: SyntaxWarning: invalid escape sequence '\d'
  """WebHook activity.

[2026-04-13T05:46:56.557+0000] {warnings.py:112} WARNING - /home/***/.local/lib/python3.12/site-packages/azure/synapse/artifacts/models/_models_py3.py:66779: SyntaxWarning: invalid escape sequence '\d'
  """

[2026-04-13T05:46:56.557+0000] {warnings.py:112} WARNING - /home/***/.local/lib/python3.12/site-packages/azure/synapse/artifacts/models/_models_py3.py:66918: SyntaxWarning: invalid escape sequence '\d'
  """A copy activity source for web page table.

[2026-04-13T05:46:56.558+0000] {warnings.py:112} WARNING - /home/***/.local/lib/python3.12/site-packages/azure/synapse/artifacts/models/_models_py3.py:66964: SyntaxWarning: invalid escape sequence '\d'
  """

[2026-04-13T05:46:56.560+0000] {warnings.py:112} WARNING - /home/***/.local/lib/python3.12/site-packages/azure/synapse/artifacts/models/_models_py3.py:67735: SyntaxWarning: invalid escape sequence '\d'
  """A copy activity Xero Service source.

[2026-04-13T05:46:56.561+0000] {warnings.py:112} WARNING - /home/***/.local/lib/python3.12/site-packages/azure/synapse/artifacts/models/_models_py3.py:67791: SyntaxWarning: invalid escape sequence '\d'
  """

[2026-04-13T05:46:56.562+0000] {warnings.py:112} WARNING - /home/***/.local/lib/python3.12/site-packages/azure/synapse/artifacts/models/_models_py3.py:68043: SyntaxWarning: invalid escape sequence '\d'
  """A copy activity Xml source.

[2026-04-13T05:46:56.563+0000] {warnings.py:112} WARNING - /home/***/.local/lib/python3.12/site-packages/azure/synapse/artifacts/models/_models_py3.py:68097: SyntaxWarning: invalid escape sequence '\d'
  """

[2026-04-13T05:46:56.565+0000] {warnings.py:112} WARNING - /home/***/.local/lib/python3.12/site-packages/azure/synapse/artifacts/models/_models_py3.py:68532: SyntaxWarning: invalid escape sequence '\d'
  """A copy activity Zoho server source.

[2026-04-13T05:46:56.566+0000] {warnings.py:112} WARNING - /home/***/.local/lib/python3.12/site-packages/azure/synapse/artifacts/models/_models_py3.py:68588: SyntaxWarning: invalid escape sequence '\d'
  """

[2026-04-13T05:46:57.893+0000] {taskinstance.py:341} INFO - ::group::Post task execution logs
[2026-04-13T05:46:57.894+0000] {taskinstance.py:353} INFO - Marking task as SUCCESS. dag_id=kafka_producer, task_id=execute_update_layers, run_id=scheduled__2026-04-11T18:30:00+00:00, execution_date=20260411T183000, start_date=20260413T054652, end_date=20260413T054657
[2026-04-13T05:46:57.988+0000] {local_task_job_runner.py:266} INFO - Task exited with return code 0
[2026-04-13T05:46:58.012+0000] {taskinstance.py:3901} INFO - 0 downstream tasks scheduled from follow-on schedule check
[2026-04-13T05:46:58.016+0000] {local_task_job_runner.py:245} INFO - ::endgroup::
[2026-04-13T07:14:50.233+0000] {local_task_job_runner.py:123} INFO - ::group::Pre task execution logs
[2026-04-13T07:14:50.261+0000] {taskinstance.py:2614} INFO - Dependencies all met for dep_context=non-requeueable deps ti=<TaskInstance: kafka_producer.execute_update_layers scheduled__2026-04-11T18:30:00+00:00 [queued]>
[2026-04-13T07:14:50.275+0000] {taskinstance.py:2614} INFO - Dependencies all met for dep_context=requeueable deps ti=<TaskInstance: kafka_producer.execute_update_layers scheduled__2026-04-11T18:30:00+00:00 [queued]>
[2026-04-13T07:14:50.275+0000] {taskinstance.py:2867} INFO - Starting attempt 1 of 1
[2026-04-13T07:14:50.301+0000] {taskinstance.py:2890} INFO - Executing <Task(TriggerDagRunOperator): execute_update_layers> on 2026-04-11 18:30:00+00:00
[2026-04-13T07:14:50.314+0000] {warnings.py:112} WARNING - /home/***/.local/lib/python3.12/site-packages/***/task/task_runner/standard_task_runner.py:70: DeprecationWarning: This process (pid=56) is multi-threaded, use of fork() may lead to deadlocks in the child.
  pid = os.fork()

[2026-04-13T07:14:50.318+0000] {standard_task_runner.py:104} INFO - Running: ['***', 'tasks', 'run', 'kafka_producer', 'execute_update_layers', 'scheduled__2026-04-11T18:30:00+00:00', '--job-id', '3', '--raw', '--subdir', 'DAGS_FOLDER/kafka_load.py', '--cfg-path', '/tmp/tmp0naql67j']
[2026-04-13T07:14:50.323+0000] {standard_task_runner.py:72} INFO - Started process 57 to run task
[2026-04-13T07:14:50.323+0000] {standard_task_runner.py:105} INFO - Job 3: Subtask execute_update_layers
[2026-04-13T07:14:50.406+0000] {task_command.py:467} INFO - Running <TaskInstance: kafka_producer.execute_update_layers scheduled__2026-04-11T18:30:00+00:00 [running]> on host d6d5614e9793
[2026-04-13T07:14:50.528+0000] {taskinstance.py:3134} INFO - Exporting env vars: AIRFLOW_CTX_DAG_OWNER='***' AIRFLOW_CTX_DAG_ID='kafka_producer' AIRFLOW_CTX_TASK_ID='execute_update_layers' AIRFLOW_CTX_EXECUTION_DATE='2026-04-11T18:30:00+00:00' AIRFLOW_CTX_TRY_NUMBER='1' AIRFLOW_CTX_DAG_RUN_ID='scheduled__2026-04-11T18:30:00+00:00'
[2026-04-13T07:14:50.529+0000] {taskinstance.py:732} INFO - ::endgroup::
[2026-04-13T07:14:54.211+0000] {warnings.py:112} WARNING - /home/***/.local/lib/python3.12/site-packages/azure/synapse/artifacts/models/_models_py3.py:175: SyntaxWarning: invalid escape sequence '\d'
  """Execution policy for an activity.

[2026-04-13T07:14:54.212+0000] {warnings.py:112} WARNING - /home/***/.local/lib/python3.12/site-packages/azure/synapse/artifacts/models/_models_py3.py:222: SyntaxWarning: invalid escape sequence '\d'
  """

[2026-04-13T07:14:54.214+0000] {warnings.py:112} WARNING - /home/***/.local/lib/python3.12/site-packages/azure/synapse/artifacts/models/_models_py3.py:1151: SyntaxWarning: invalid escape sequence '\d'
  """A copy activity source.

[2026-04-13T07:14:54.215+0000] {warnings.py:112} WARNING - /home/***/.local/lib/python3.12/site-packages/azure/synapse/artifacts/models/_models_py3.py:1248: SyntaxWarning: invalid escape sequence '\d'
  """

[2026-04-13T07:14:54.216+0000] {warnings.py:112} WARNING - /home/***/.local/lib/python3.12/site-packages/azure/synapse/artifacts/models/_models_py3.py:1271: SyntaxWarning: invalid escape sequence '\d'
  """Copy activity sources of tabular type.

[2026-04-13T07:14:54.217+0000] {warnings.py:112} WARNING - /home/***/.local/lib/python3.12/site-packages/azure/synapse/artifacts/models/_models_py3.py:1406: SyntaxWarning: invalid escape sequence '\d'
  """

[2026-04-13T07:14:54.217+0000] {warnings.py:112} WARNING - /home/***/.local/lib/python3.12/site-packages/azure/synapse/artifacts/models/_models_py3.py:1439: SyntaxWarning: invalid escape sequence '\d'
  """A copy activity Amazon Marketplace Web Service source.

[2026-04-13T07:14:54.218+0000] {warnings.py:112} WARNING - /home/***/.local/lib/python3.12/site-packages/azure/synapse/artifacts/models/_models_py3.py:1495: SyntaxWarning: invalid escape sequence '\d'
  """

[2026-04-13T07:14:54.219+0000] {warnings.py:112} WARNING - /home/***/.local/lib/python3.12/site-packages/azure/synapse/artifacts/models/_models_py3.py:1683: SyntaxWarning: invalid escape sequence '\d'
  """A copy activity AmazonRdsForOracle source.

[2026-04-13T07:14:54.219+0000] {warnings.py:112} WARNING - /home/***/.local/lib/python3.12/site-packages/azure/synapse/artifacts/models/_models_py3.py:1750: SyntaxWarning: invalid escape sequence '\d'
  """

[2026-04-13T07:14:54.221+0000] {warnings.py:112} WARNING - /home/***/.local/lib/python3.12/site-packages/azure/synapse/artifacts/models/_models_py3.py:2025: SyntaxWarning: invalid escape sequence '\d'
  """A copy activity Amazon RDS for SQL Server source.

[2026-04-13T07:14:54.221+0000] {warnings.py:112} WARNING - /home/***/.local/lib/python3.12/site-packages/azure/synapse/artifacts/models/_models_py3.py:2110: SyntaxWarning: invalid escape sequence '\d'
  """

[2026-04-13T07:14:54.223+0000] {warnings.py:112} WARNING - /home/***/.local/lib/python3.12/site-packages/azure/synapse/artifacts/models/_models_py3.py:2407: SyntaxWarning: invalid escape sequence '\d'
  """A copy activity source for Amazon Redshift Source.

[2026-04-13T07:14:54.223+0000] {warnings.py:112} WARNING - /home/***/.local/lib/python3.12/site-packages/azure/synapse/artifacts/models/_models_py3.py:2468: SyntaxWarning: invalid escape sequence '\d'
  """

[2026-04-13T07:14:54.230+0000] {warnings.py:112} WARNING - /home/***/.local/lib/python3.12/site-packages/azure/synapse/artifacts/models/_models_py3.py:3987: SyntaxWarning: invalid escape sequence '\d'
  """A copy activity sink.

[2026-04-13T07:14:54.230+0000] {warnings.py:112} WARNING - /home/***/.local/lib/python3.12/site-packages/azure/synapse/artifacts/models/_models_py3.py:4096: SyntaxWarning: invalid escape sequence '\d'
  """

[2026-04-13T07:14:54.232+0000] {warnings.py:112} WARNING - /home/***/.local/lib/python3.12/site-packages/azure/synapse/artifacts/models/_models_py3.py:4127: SyntaxWarning: invalid escape sequence '\d'
  """A copy activity Avro sink.

[2026-04-13T07:14:54.232+0000] {warnings.py:112} WARNING - /home/***/.local/lib/python3.12/site-packages/azure/synapse/artifacts/models/_models_py3.py:4186: SyntaxWarning: invalid escape sequence '\d'
  """

[2026-04-13T07:14:54.233+0000] {warnings.py:112} WARNING - /home/***/.local/lib/python3.12/site-packages/azure/synapse/artifacts/models/_models_py3.py:4225: SyntaxWarning: invalid escape sequence '\d'
  """A copy activity Avro source.

[2026-04-13T07:14:54.234+0000] {warnings.py:112} WARNING - /home/***/.local/lib/python3.12/site-packages/azure/synapse/artifacts/models/_models_py3.py:4275: SyntaxWarning: invalid escape sequence '\d'
  """

[2026-04-13T07:14:54.236+0000] {warnings.py:112} WARNING - /home/***/.local/lib/python3.12/site-packages/azure/synapse/artifacts/models/_models_py3.py:5209: SyntaxWarning: invalid escape sequence '\d'
  """A copy activity Azure Data Lake Storage Gen2 sink.

[2026-04-13T07:14:54.238+0000] {warnings.py:112} WARNING - /home/***/.local/lib/python3.12/site-packages/azure/synapse/artifacts/models/_models_py3.py:5265: SyntaxWarning: invalid escape sequence '\d'
  """

[2026-04-13T07:14:54.239+0000] {warnings.py:112} WARNING - /home/***/.local/lib/python3.12/site-packages/azure/synapse/artifacts/models/_models_py3.py:5302: SyntaxWarning: invalid escape sequence '\d'
  """A copy activity Azure BlobFS source.

[2026-04-13T07:14:54.240+0000] {warnings.py:112} WARNING - /home/***/.local/lib/python3.12/site-packages/azure/synapse/artifacts/models/_models_py3.py:5358: SyntaxWarning: invalid escape sequence '\d'
  """

[2026-04-13T07:14:54.242+0000] {warnings.py:112} WARNING - /home/***/.local/lib/python3.12/site-packages/azure/synapse/artifacts/models/_models_py3.py:6437: SyntaxWarning: invalid escape sequence '\d'
  """A copy activity Azure Databricks Delta Lake sink.

[2026-04-13T07:14:54.243+0000] {warnings.py:112} WARNING - /home/***/.local/lib/python3.12/site-packages/azure/synapse/artifacts/models/_models_py3.py:6497: SyntaxWarning: invalid escape sequence '\d'
  """

[2026-04-13T07:14:54.244+0000] {warnings.py:112} WARNING - /home/***/.local/lib/python3.12/site-packages/azure/synapse/artifacts/models/_models_py3.py:6538: SyntaxWarning: invalid escape sequence '\d'
  """A copy activity Azure Databricks Delta Lake source.

[2026-04-13T07:14:54.245+0000] {warnings.py:112} WARNING - /home/***/.local/lib/python3.12/site-packages/azure/synapse/artifacts/models/_models_py3.py:6588: SyntaxWarning: invalid escape sequence '\d'
  """

[2026-04-13T07:14:54.246+0000] {warnings.py:112} WARNING - /home/***/.local/lib/python3.12/site-packages/azure/synapse/artifacts/models/_models_py3.py:7023: SyntaxWarning: invalid escape sequence '\d'
  """Azure Data Explorer command activity.

[2026-04-13T07:14:54.247+0000] {warnings.py:112} WARNING - /home/***/.local/lib/python3.12/site-packages/azure/synapse/artifacts/models/_models_py3.py:7096: SyntaxWarning: invalid escape sequence '\d'
  """

[2026-04-13T07:14:54.248+0000] {warnings.py:112} WARNING - /home/***/.local/lib/python3.12/site-packages/azure/synapse/artifacts/models/_models_py3.py:7267: SyntaxWarning: invalid escape sequence '\d'
  """A copy activity Azure Data Explorer sink.

[2026-04-13T07:14:54.248+0000] {warnings.py:112} WARNING - /home/***/.local/lib/python3.12/site-packages/azure/synapse/artifacts/models/_models_py3.py:7333: SyntaxWarning: invalid escape sequence '\d'
  """

[2026-04-13T07:14:54.249+0000] {warnings.py:112} WARNING - /home/***/.local/lib/python3.12/site-packages/azure/synapse/artifacts/models/_models_py3.py:7378: SyntaxWarning: invalid escape sequence '\d'
  """A copy activity Azure Data Explorer (Kusto) source.

[2026-04-13T07:14:54.250+0000] {warnings.py:112} WARNING - /home/***/.local/lib/python3.12/site-packages/azure/synapse/artifacts/models/_models_py3.py:7440: SyntaxWarning: invalid escape sequence '\d'
  """

[2026-04-13T07:14:54.252+0000] {warnings.py:112} WARNING - /home/***/.local/lib/python3.12/site-packages/azure/synapse/artifacts/models/_models_py3.py:8222: SyntaxWarning: invalid escape sequence '\d'
  """A copy activity Azure Data Lake Store sink.

[2026-04-13T07:14:54.252+0000] {warnings.py:112} WARNING - /home/***/.local/lib/python3.12/site-packages/azure/synapse/artifacts/models/_models_py3.py:8282: SyntaxWarning: invalid escape sequence '\d'
  """

[2026-04-13T07:14:54.253+0000] {warnings.py:112} WARNING - /home/***/.local/lib/python3.12/site-packages/azure/synapse/artifacts/models/_models_py3.py:8322: SyntaxWarning: invalid escape sequence '\d'
  """A copy activity Azure Data Lake source.

[2026-04-13T07:14:54.254+0000] {warnings.py:112} WARNING - /home/***/.local/lib/python3.12/site-packages/azure/synapse/artifacts/models/_models_py3.py:8368: SyntaxWarning: invalid escape sequence '\d'
  """

[2026-04-13T07:14:54.257+0000] {warnings.py:112} WARNING - /home/***/.local/lib/python3.12/site-packages/azure/synapse/artifacts/models/_models_py3.py:9475: SyntaxWarning: invalid escape sequence '\d'
  """A copy activity Azure MariaDB source.

[2026-04-13T07:14:54.258+0000] {warnings.py:112} WARNING - /home/***/.local/lib/python3.12/site-packages/azure/synapse/artifacts/models/_models_py3.py:9531: SyntaxWarning: invalid escape sequence '\d'
  """

[2026-04-13T07:14:54.261+0000] {warnings.py:112} WARNING - /home/***/.local/lib/python3.12/site-packages/azure/synapse/artifacts/models/_models_py3.py:10532: SyntaxWarning: invalid escape sequence '\d'
  """A copy activity Azure MySql sink.

[2026-04-13T07:14:54.261+0000] {warnings.py:112} WARNING - /home/***/.local/lib/python3.12/site-packages/azure/synapse/artifacts/models/_models_py3.py:10588: SyntaxWarning: invalid escape sequence '\d'
  """

[2026-04-13T07:14:54.262+0000] {warnings.py:112} WARNING - /home/***/.local/lib/python3.12/site-packages/azure/synapse/artifacts/models/_models_py3.py:10625: SyntaxWarning: invalid escape sequence '\d'
  """A copy activity Azure MySQL source.

[2026-04-13T07:14:54.263+0000] {warnings.py:112} WARNING - /home/***/.local/lib/python3.12/site-packages/azure/synapse/artifacts/models/_models_py3.py:10680: SyntaxWarning: invalid escape sequence '\d'
  """

[2026-04-13T07:14:54.267+0000] {warnings.py:112} WARNING - /home/***/.local/lib/python3.12/site-packages/azure/synapse/artifacts/models/_models_py3.py:10923: SyntaxWarning: invalid escape sequence '\d'
  """A copy activity Azure PostgreSQL sink.

[2026-04-13T07:14:54.269+0000] {warnings.py:112} WARNING - /home/***/.local/lib/python3.12/site-packages/azure/synapse/artifacts/models/_models_py3.py:10979: SyntaxWarning: invalid escape sequence '\d'
  """

[2026-04-13T07:14:54.270+0000] {warnings.py:112} WARNING - /home/***/.local/lib/python3.12/site-packages/azure/synapse/artifacts/models/_models_py3.py:11016: SyntaxWarning: invalid escape sequence '\d'
  """A copy activity Azure PostgreSQL source.

[2026-04-13T07:14:54.270+0000] {warnings.py:112} WARNING - /home/***/.local/lib/python3.12/site-packages/azure/synapse/artifacts/models/_models_py3.py:11072: SyntaxWarning: invalid escape sequence '\d'
  """

[2026-04-13T07:14:54.271+0000] {warnings.py:112} WARNING - /home/***/.local/lib/python3.12/site-packages/azure/synapse/artifacts/models/_models_py3.py:11231: SyntaxWarning: invalid escape sequence '\d'
  """A copy activity Azure Queue sink.

[2026-04-13T07:14:54.272+0000] {warnings.py:112} WARNING - /home/***/.local/lib/python3.12/site-packages/azure/synapse/artifacts/models/_models_py3.py:11282: SyntaxWarning: invalid escape sequence '\d'
  """

[2026-04-13T07:14:54.273+0000] {warnings.py:112} WARNING - /home/***/.local/lib/python3.12/site-packages/azure/synapse/artifacts/models/_models_py3.py:11420: SyntaxWarning: invalid escape sequence '\d'
  """A copy activity Azure Search Index sink.

[2026-04-13T07:14:54.274+0000] {warnings.py:112} WARNING - /home/***/.local/lib/python3.12/site-packages/azure/synapse/artifacts/models/_models_py3.py:11477: SyntaxWarning: invalid escape sequence '\d'
  """

[2026-04-13T07:14:54.276+0000] {warnings.py:112} WARNING - /home/***/.local/lib/python3.12/site-packages/azure/synapse/artifacts/models/_models_py3.py:12300: SyntaxWarning: invalid escape sequence '\d'
  """A copy activity Azure SQL sink.

[2026-04-13T07:14:54.277+0000] {warnings.py:112} WARNING - /home/***/.local/lib/python3.12/site-packages/azure/synapse/artifacts/models/_models_py3.py:12383: SyntaxWarning: invalid escape sequence '\d'
  """

[2026-04-13T07:14:54.278+0000] {warnings.py:112} WARNING - /home/***/.local/lib/python3.12/site-packages/azure/synapse/artifacts/models/_models_py3.py:12439: SyntaxWarning: invalid escape sequence '\d'
  """A copy activity Azure SQL source.

[2026-04-13T07:14:54.279+0000] {warnings.py:112} WARNING - /home/***/.local/lib/python3.12/site-packages/azure/synapse/artifacts/models/_models_py3.py:12524: SyntaxWarning: invalid escape sequence '\d'
  """

[2026-04-13T07:14:54.281+0000] {warnings.py:112} WARNING - /home/***/.local/lib/python3.12/site-packages/azure/synapse/artifacts/models/_models_py3.py:13019: SyntaxWarning: invalid escape sequence '\d'
  """A copy activity Azure Table sink.

[2026-04-13T07:14:54.282+0000] {warnings.py:112} WARNING - /home/***/.local/lib/python3.12/site-packages/azure/synapse/artifacts/models/_models_py3.py:13090: SyntaxWarning: invalid escape sequence '\d'
  """

[2026-04-13T07:14:54.282+0000] {warnings.py:112} WARNING - /home/***/.local/lib/python3.12/site-packages/azure/synapse/artifacts/models/_models_py3.py:13139: SyntaxWarning: invalid escape sequence '\d'
  """A copy activity Azure Table source.

[2026-04-13T07:14:54.283+0000] {warnings.py:112} WARNING - /home/***/.local/lib/python3.12/site-packages/azure/synapse/artifacts/models/_models_py3.py:13200: SyntaxWarning: invalid escape sequence '\d'
  """

[2026-04-13T07:14:54.285+0000] {warnings.py:112} WARNING - /home/***/.local/lib/python3.12/site-packages/azure/synapse/artifacts/models/_models_py3.py:13886: SyntaxWarning: invalid escape sequence '\d'
  """A copy activity Binary sink.

[2026-04-13T07:14:54.286+0000] {warnings.py:112} WARNING - /home/***/.local/lib/python3.12/site-packages/azure/synapse/artifacts/models/_models_py3.py:13941: SyntaxWarning: invalid escape sequence '\d'
  """

[2026-04-13T07:14:54.286+0000] {warnings.py:112} WARNING - /home/***/.local/lib/python3.12/site-packages/azure/synapse/artifacts/models/_models_py3.py:13977: SyntaxWarning: invalid escape sequence '\d'
  """A copy activity Binary source.

[2026-04-13T07:14:54.287+0000] {warnings.py:112} WARNING - /home/***/.local/lib/python3.12/site-packages/azure/synapse/artifacts/models/_models_py3.py:14026: SyntaxWarning: invalid escape sequence '\d'
  """

[2026-04-13T07:14:54.289+0000] {warnings.py:112} WARNING - /home/***/.local/lib/python3.12/site-packages/azure/synapse/artifacts/models/_models_py3.py:14318: SyntaxWarning: invalid escape sequence '\d'
  """A copy activity Azure Blob sink.

[2026-04-13T07:14:54.290+0000] {warnings.py:112} WARNING - /home/***/.local/lib/python3.12/site-packages/azure/synapse/artifacts/models/_models_py3.py:14388: SyntaxWarning: invalid escape sequence '\d'
  """

[2026-04-13T07:14:54.290+0000] {warnings.py:112} WARNING - /home/***/.local/lib/python3.12/site-packages/azure/synapse/artifacts/models/_models_py3.py:14436: SyntaxWarning: invalid escape sequence '\d'
  """A copy activity Azure Blob source.

[2026-04-13T07:14:54.291+0000] {warnings.py:112} WARNING - /home/***/.local/lib/python3.12/site-packages/azure/synapse/artifacts/models/_models_py3.py:14492: SyntaxWarning: invalid escape sequence '\d'
  """

[2026-04-13T07:14:54.292+0000] {warnings.py:112} WARNING - /home/***/.local/lib/python3.12/site-packages/azure/synapse/artifacts/models/_models_py3.py:14744: SyntaxWarning: invalid escape sequence '\d'
  """A copy activity source for a Cassandra database.

[2026-04-13T07:14:54.292+0000] {warnings.py:112} WARNING - /home/***/.local/lib/python3.12/site-packages/azure/synapse/artifacts/models/_models_py3.py:14810: SyntaxWarning: invalid escape sequence '\d'
  """

[2026-04-13T07:14:54.294+0000] {warnings.py:112} WARNING - /home/***/.local/lib/python3.12/site-packages/azure/synapse/artifacts/models/_models_py3.py:15415: SyntaxWarning: invalid escape sequence '\d'
  """A copy activity Common Data Service for Apps sink.

[2026-04-13T07:14:54.295+0000] {warnings.py:112} WARNING - /home/***/.local/lib/python3.12/site-packages/azure/synapse/artifacts/models/_models_py3.py:15482: SyntaxWarning: invalid escape sequence '\d'
  """

[2026-04-13T07:14:54.295+0000] {warnings.py:112} WARNING - /home/***/.local/lib/python3.12/site-packages/azure/synapse/artifacts/models/_models_py3.py:15527: SyntaxWarning: invalid escape sequence '\d'
  """A copy activity Common Data Service for Apps source.

[2026-04-13T07:14:54.296+0000] {warnings.py:112} WARNING - /home/***/.local/lib/python3.12/site-packages/azure/synapse/artifacts/models/_models_py3.py:15578: SyntaxWarning: invalid escape sequence '\d'
  """

[2026-04-13T07:14:54.297+0000] {warnings.py:112} WARNING - /home/***/.local/lib/python3.12/site-packages/azure/synapse/artifacts/models/_models_py3.py:15897: SyntaxWarning: invalid escape sequence '\d'
  """A copy activity Concur Service source.

[2026-04-13T07:14:54.298+0000] {warnings.py:112} WARNING - /home/***/.local/lib/python3.12/site-packages/azure/synapse/artifacts/models/_models_py3.py:15953: SyntaxWarning: invalid escape sequence '\d'
  """

[2026-04-13T07:14:54.299+0000] {warnings.py:112} WARNING - /home/***/.local/lib/python3.12/site-packages/azure/synapse/artifacts/models/_models_py3.py:16617: SyntaxWarning: invalid escape sequence '\d'
  """A copy activity sink for a CosmosDB (MongoDB API) database.

[2026-04-13T07:14:54.300+0000] {warnings.py:112} WARNING - /home/***/.local/lib/python3.12/site-packages/azure/synapse/artifacts/models/_models_py3.py:16674: SyntaxWarning: invalid escape sequence '\d'
  """

[2026-04-13T07:14:54.301+0000] {warnings.py:112} WARNING - /home/***/.local/lib/python3.12/site-packages/azure/synapse/artifacts/models/_models_py3.py:16712: SyntaxWarning: invalid escape sequence '\d'
  """A copy activity source for a CosmosDB (MongoDB API) database.

[2026-04-13T07:14:54.301+0000] {warnings.py:112} WARNING - /home/***/.local/lib/python3.12/site-packages/azure/synapse/artifacts/models/_models_py3.py:16780: SyntaxWarning: invalid escape sequence '\d'
  """

[2026-04-13T07:14:54.302+0000] {warnings.py:112} WARNING - /home/***/.local/lib/python3.12/site-packages/azure/synapse/artifacts/models/_models_py3.py:16932: SyntaxWarning: invalid escape sequence '\d'
  """A copy activity Azure CosmosDB (SQL API) Collection sink.

[2026-04-13T07:14:54.303+0000] {warnings.py:112} WARNING - /home/***/.local/lib/python3.12/site-packages/azure/synapse/artifacts/models/_models_py3.py:16988: SyntaxWarning: invalid escape sequence '\d'
  """

[2026-04-13T07:14:54.304+0000] {warnings.py:112} WARNING - /home/***/.local/lib/python3.12/site-packages/azure/synapse/artifacts/models/_models_py3.py:17025: SyntaxWarning: invalid escape sequence '\d'
  """A copy activity Azure CosmosDB (SQL API) Collection source.

[2026-04-13T07:14:54.304+0000] {warnings.py:112} WARNING - /home/***/.local/lib/python3.12/site-packages/azure/synapse/artifacts/models/_models_py3.py:17090: SyntaxWarning: invalid escape sequence '\d'
  """

[2026-04-13T07:14:54.305+0000] {warnings.py:112} WARNING - /home/***/.local/lib/python3.12/site-packages/azure/synapse/artifacts/models/_models_py3.py:17228: SyntaxWarning: invalid escape sequence '\d'
  """A copy activity Couchbase server source.

[2026-04-13T07:14:54.306+0000] {warnings.py:112} WARNING - /home/***/.local/lib/python3.12/site-packages/azure/synapse/artifacts/models/_models_py3.py:17284: SyntaxWarning: invalid escape sequence '\d'
  """

[2026-04-13T07:14:54.312+0000] {warnings.py:112} WARNING - /home/***/.local/lib/python3.12/site-packages/azure/synapse/artifacts/models/_models_py3.py:20234: SyntaxWarning: invalid escape sequence '\d'
  """A copy activity source for Db2 databases.

[2026-04-13T07:14:54.313+0000] {warnings.py:112} WARNING - /home/***/.local/lib/python3.12/site-packages/azure/synapse/artifacts/models/_models_py3.py:20289: SyntaxWarning: invalid escape sequence '\d'
  """

[2026-04-13T07:14:54.315+0000] {warnings.py:112} WARNING - /home/***/.local/lib/python3.12/site-packages/azure/synapse/artifacts/models/_models_py3.py:20862: SyntaxWarning: invalid escape sequence '\d'
  """A copy activity DelimitedText sink.

[2026-04-13T07:14:54.316+0000] {warnings.py:112} WARNING - /home/***/.local/lib/python3.12/site-packages/azure/synapse/artifacts/models/_models_py3.py:20921: SyntaxWarning: invalid escape sequence '\d'
  """

[2026-04-13T07:14:54.317+0000] {warnings.py:112} WARNING - /home/***/.local/lib/python3.12/site-packages/azure/synapse/artifacts/models/_models_py3.py:20960: SyntaxWarning: invalid escape sequence '\d'
  """A copy activity DelimitedText source.

[2026-04-13T07:14:54.317+0000] {warnings.py:112} WARNING - /home/***/.local/lib/python3.12/site-packages/azure/synapse/artifacts/models/_models_py3.py:21014: SyntaxWarning: invalid escape sequence '\d'
  """

[2026-04-13T07:14:54.325+0000] {warnings.py:112} WARNING - /home/***/.local/lib/python3.12/site-packages/azure/synapse/artifacts/models/_models_py3.py:21316: SyntaxWarning: invalid escape sequence '\d'
  """A copy activity Document Database Collection sink.

[2026-04-13T07:14:54.326+0000] {warnings.py:112} WARNING - /home/***/.local/lib/python3.12/site-packages/azure/synapse/artifacts/models/_models_py3.py:21377: SyntaxWarning: invalid escape sequence '\d'
  """

[2026-04-13T07:14:54.326+0000] {warnings.py:112} WARNING - /home/***/.local/lib/python3.12/site-packages/azure/synapse/artifacts/models/_models_py3.py:21418: SyntaxWarning: invalid escape sequence '\d'
  """A copy activity Document Database Collection source.

[2026-04-13T07:14:54.327+0000] {warnings.py:112} WARNING - /home/***/.local/lib/python3.12/site-packages/azure/synapse/artifacts/models/_models_py3.py:21478: SyntaxWarning: invalid escape sequence '\d'
  """

[2026-04-13T07:14:54.328+0000] {warnings.py:112} WARNING - /home/***/.local/lib/python3.12/site-packages/azure/synapse/artifacts/models/_models_py3.py:21612: SyntaxWarning: invalid escape sequence '\d'
  """A copy activity Drill server source.

[2026-04-13T07:14:54.328+0000] {warnings.py:112} WARNING - /home/***/.local/lib/python3.12/site-packages/azure/synapse/artifacts/models/_models_py3.py:21668: SyntaxWarning: invalid escape sequence '\d'
  """

[2026-04-13T07:14:54.331+0000] {warnings.py:112} WARNING - /home/***/.local/lib/python3.12/site-packages/azure/synapse/artifacts/models/_models_py3.py:22155: SyntaxWarning: invalid escape sequence '\d'
  """A copy activity Dynamics AX source.

[2026-04-13T07:14:54.331+0000] {warnings.py:112} WARNING - /home/***/.local/lib/python3.12/site-packages/azure/synapse/artifacts/models/_models_py3.py:22218: SyntaxWarning: invalid escape sequence '\d'
  """

[2026-04-13T07:14:54.333+0000] {warnings.py:112} WARNING - /home/***/.local/lib/python3.12/site-packages/azure/synapse/artifacts/models/_models_py3.py:22559: SyntaxWarning: invalid escape sequence '\d'
  """A copy activity Dynamics CRM sink.

[2026-04-13T07:14:54.333+0000] {warnings.py:112} WARNING - /home/***/.local/lib/python3.12/site-packages/azure/synapse/artifacts/models/_models_py3.py:22626: SyntaxWarning: invalid escape sequence '\d'
  """

[2026-04-13T07:14:54.334+0000] {warnings.py:112} WARNING - /home/***/.local/lib/python3.12/site-packages/azure/synapse/artifacts/models/_models_py3.py:22671: SyntaxWarning: invalid escape sequence '\d'
  """A copy activity Dynamics CRM source.

[2026-04-13T07:14:54.334+0000] {warnings.py:112} WARNING - /home/***/.local/lib/python3.12/site-packages/azure/synapse/artifacts/models/_models_py3.py:22722: SyntaxWarning: invalid escape sequence '\d'
  """

[2026-04-13T07:14:54.337+0000] {warnings.py:112} WARNING - /home/***/.local/lib/python3.12/site-packages/azure/synapse/artifacts/models/_models_py3.py:23061: SyntaxWarning: invalid escape sequence '\d'
  """A copy activity Dynamics sink.

[2026-04-13T07:14:54.337+0000] {warnings.py:112} WARNING - /home/***/.local/lib/python3.12/site-packages/azure/synapse/artifacts/models/_models_py3.py:23128: SyntaxWarning: invalid escape sequence '\d'
  """

[2026-04-13T07:14:54.338+0000] {warnings.py:112} WARNING - /home/***/.local/lib/python3.12/site-packages/azure/synapse/artifacts/models/_models_py3.py:23173: SyntaxWarning: invalid escape sequence '\d'
  """A copy activity Dynamics source.

[2026-04-13T07:14:54.339+0000] {warnings.py:112} WARNING - /home/***/.local/lib/python3.12/site-packages/azure/synapse/artifacts/models/_models_py3.py:23224: SyntaxWarning: invalid escape sequence '\d'
  """

[2026-04-13T07:14:54.340+0000] {warnings.py:112} WARNING - /home/***/.local/lib/python3.12/site-packages/azure/synapse/artifacts/models/_models_py3.py:23511: SyntaxWarning: invalid escape sequence '\d'
  """A copy activity Eloqua server source.

[2026-04-13T07:14:54.340+0000] {warnings.py:112} WARNING - /home/***/.local/lib/python3.12/site-packages/azure/synapse/artifacts/models/_models_py3.py:23567: SyntaxWarning: invalid escape sequence '\d'
  """

[2026-04-13T07:14:54.342+0000] {warnings.py:112} WARNING - /home/***/.local/lib/python3.12/site-packages/azure/synapse/artifacts/models/_models_py3.py:23968: SyntaxWarning: invalid escape sequence '\d'
  """A copy activity excel source.

[2026-04-13T07:14:54.342+0000] {warnings.py:112} WARNING - /home/***/.local/lib/python3.12/site-packages/azure/synapse/artifacts/models/_models_py3.py:24018: SyntaxWarning: invalid escape sequence '\d'
  """

[2026-04-13T07:14:54.346+0000] {warnings.py:112} WARNING - /home/***/.local/lib/python3.12/site-packages/azure/synapse/artifacts/models/_models_py3.py:25343: SyntaxWarning: invalid escape sequence '\d'
  """A copy activity file system sink.

[2026-04-13T07:14:54.346+0000] {warnings.py:112} WARNING - /home/***/.local/lib/python3.12/site-packages/azure/synapse/artifacts/models/_models_py3.py:25398: SyntaxWarning: invalid escape sequence '\d'
  """

[2026-04-13T07:14:54.347+0000] {warnings.py:112} WARNING - /home/***/.local/lib/python3.12/site-packages/azure/synapse/artifacts/models/_models_py3.py:25434: SyntaxWarning: invalid escape sequence '\d'
  """A copy activity file system source.

[2026-04-13T07:14:54.348+0000] {warnings.py:112} WARNING - /home/***/.local/lib/python3.12/site-packages/azure/synapse/artifacts/models/_models_py3.py:25485: SyntaxWarning: invalid escape sequence '\d'
  """

[2026-04-13T07:14:54.351+0000] {warnings.py:112} WARNING - /home/***/.local/lib/python3.12/site-packages/azure/synapse/artifacts/models/_models_py3.py:26723: SyntaxWarning: invalid escape sequence '\d'
  """A copy activity Google AdWords service source.

[2026-04-13T07:14:54.352+0000] {warnings.py:112} WARNING - /home/***/.local/lib/python3.12/site-packages/azure/synapse/artifacts/models/_models_py3.py:26779: SyntaxWarning: invalid escape sequence '\d'
  """

[2026-04-13T07:14:54.353+0000] {warnings.py:112} WARNING - /home/***/.local/lib/python3.12/site-packages/azure/synapse/artifacts/models/_models_py3.py:27121: SyntaxWarning: invalid escape sequence '\d'
  """A copy activity Google BigQuery service source.

[2026-04-13T07:14:54.353+0000] {warnings.py:112} WARNING - /home/***/.local/lib/python3.12/site-packages/azure/synapse/artifacts/models/_models_py3.py:27177: SyntaxWarning: invalid escape sequence '\d'
  """

[2026-04-13T07:14:54.354+0000] {warnings.py:112} WARNING - /home/***/.local/lib/python3.12/site-packages/azure/synapse/artifacts/models/_models_py3.py:27461: SyntaxWarning: invalid escape sequence '\d'
  """A copy activity Google BigQuery service source.

[2026-04-13T07:14:54.355+0000] {warnings.py:112} WARNING - /home/***/.local/lib/python3.12/site-packages/azure/synapse/artifacts/models/_models_py3.py:27517: SyntaxWarning: invalid escape sequence '\d'
  """

[2026-04-13T07:14:54.357+0000] {warnings.py:112} WARNING - /home/***/.local/lib/python3.12/site-packages/azure/synapse/artifacts/models/_models_py3.py:28053: SyntaxWarning: invalid escape sequence '\d'
  """A copy activity Greenplum Database source.

[2026-04-13T07:14:54.358+0000] {warnings.py:112} WARNING - /home/***/.local/lib/python3.12/site-packages/azure/synapse/artifacts/models/_models_py3.py:28109: SyntaxWarning: invalid escape sequence '\d'
  """

[2026-04-13T07:14:54.359+0000] {warnings.py:112} WARNING - /home/***/.local/lib/python3.12/site-packages/azure/synapse/artifacts/models/_models_py3.py:28536: SyntaxWarning: invalid escape sequence '\d'
  """A copy activity HBase server source.

[2026-04-13T07:14:54.359+0000] {warnings.py:112} WARNING - /home/***/.local/lib/python3.12/site-packages/azure/synapse/artifacts/models/_models_py3.py:28592: SyntaxWarning: invalid escape sequence '\d'
  """

[2026-04-13T07:14:54.361+0000] {warnings.py:112} WARNING - /home/***/.local/lib/python3.12/site-packages/azure/synapse/artifacts/models/_models_py3.py:28932: SyntaxWarning: invalid escape sequence '\d'
  """A copy activity HDFS source.

[2026-04-13T07:14:54.362+0000] {warnings.py:112} WARNING - /home/***/.local/lib/python3.12/site-packages/azure/synapse/artifacts/models/_models_py3.py:28982: SyntaxWarning: invalid escape sequence '\d'
  """

[2026-04-13T07:14:54.366+0000] {warnings.py:112} WARNING - /home/***/.local/lib/python3.12/site-packages/azure/synapse/artifacts/models/_models_py3.py:30727: SyntaxWarning: invalid escape sequence '\d'
  """A copy activity Hive Server source.

[2026-04-13T07:14:54.367+0000] {warnings.py:112} WARNING - /home/***/.local/lib/python3.12/site-packages/azure/synapse/artifacts/models/_models_py3.py:30783: SyntaxWarning: invalid escape sequence '\d'
  """

[2026-04-13T07:14:54.368+0000] {warnings.py:112} WARNING - /home/***/.local/lib/python3.12/site-packages/azure/synapse/artifacts/models/_models_py3.py:31296: SyntaxWarning: invalid escape sequence '\d'
  """A copy activity source for an HTTP file.

[2026-04-13T07:14:54.369+0000] {warnings.py:112} WARNING - /home/***/.local/lib/python3.12/site-packages/azure/synapse/artifacts/models/_models_py3.py:31344: SyntaxWarning: invalid escape sequence '\d'
  """

[2026-04-13T07:14:54.370+0000] {warnings.py:112} WARNING - /home/***/.local/lib/python3.12/site-packages/azure/synapse/artifacts/models/_models_py3.py:31617: SyntaxWarning: invalid escape sequence '\d'
  """A copy activity Hubspot Service source.

[2026-04-13T07:14:54.371+0000] {warnings.py:112} WARNING - /home/***/.local/lib/python3.12/site-packages/azure/synapse/artifacts/models/_models_py3.py:31673: SyntaxWarning: invalid escape sequence '\d'
  """

[2026-04-13T07:14:54.372+0000] {warnings.py:112} WARNING - /home/***/.local/lib/python3.12/site-packages/azure/synapse/artifacts/models/_models_py3.py:32120: SyntaxWarning: invalid escape sequence '\d'
  """A copy activity Impala server source.

[2026-04-13T07:14:54.373+0000] {warnings.py:112} WARNING - /home/***/.local/lib/python3.12/site-packages/azure/synapse/artifacts/models/_models_py3.py:32176: SyntaxWarning: invalid escape sequence '\d'
  """

[2026-04-13T07:14:54.374+0000] {warnings.py:112} WARNING - /home/***/.local/lib/python3.12/site-packages/azure/synapse/artifacts/models/_models_py3.py:32339: SyntaxWarning: invalid escape sequence '\d'
  """A copy activity Informix sink.

[2026-04-13T07:14:54.374+0000] {warnings.py:112} WARNING - /home/***/.local/lib/python3.12/site-packages/azure/synapse/artifacts/models/_models_py3.py:32395: SyntaxWarning: invalid escape sequence '\d'
  """

[2026-04-13T07:14:54.375+0000] {warnings.py:112} WARNING - /home/***/.local/lib/python3.12/site-packages/azure/synapse/artifacts/models/_models_py3.py:32432: SyntaxWarning: invalid escape sequence '\d'
  """A copy activity source for Informix.

[2026-04-13T07:14:54.375+0000] {warnings.py:112} WARNING - /home/***/.local/lib/python3.12/site-packages/azure/synapse/artifacts/models/_models_py3.py:32487: SyntaxWarning: invalid escape sequence '\d'
  """

[2026-04-13T07:14:54.378+0000] {warnings.py:112} WARNING - /home/***/.local/lib/python3.12/site-packages/azure/synapse/artifacts/models/_models_py3.py:33502: SyntaxWarning: invalid escape sequence '\d'
  """A copy activity Jira Service source.

[2026-04-13T07:14:54.379+0000] {warnings.py:112} WARNING - /home/***/.local/lib/python3.12/site-packages/azure/synapse/artifacts/models/_models_py3.py:33558: SyntaxWarning: invalid escape sequence '\d'
  """

[2026-04-13T07:14:54.380+0000] {warnings.py:112} WARNING - /home/***/.local/lib/python3.12/site-packages/azure/synapse/artifacts/models/_models_py3.py:33869: SyntaxWarning: invalid escape sequence '\d'
  """A copy activity Json sink.

[2026-04-13T07:14:54.381+0000] {warnings.py:112} WARNING - /home/***/.local/lib/python3.12/site-packages/azure/synapse/artifacts/models/_models_py3.py:33928: SyntaxWarning: invalid escape sequence '\d'
  """

[2026-04-13T07:14:54.381+0000] {warnings.py:112} WARNING - /home/***/.local/lib/python3.12/site-packages/azure/synapse/artifacts/models/_models_py3.py:33967: SyntaxWarning: invalid escape sequence '\d'
  """A copy activity Json source.

[2026-04-13T07:14:54.382+0000] {warnings.py:112} WARNING - /home/***/.local/lib/python3.12/site-packages/azure/synapse/artifacts/models/_models_py3.py:34021: SyntaxWarning: invalid escape sequence '\d'
  """

[2026-04-13T07:14:54.384+0000] {warnings.py:112} WARNING - /home/***/.local/lib/python3.12/site-packages/azure/synapse/artifacts/models/_models_py3.py:34739: SyntaxWarning: invalid escape sequence '\d'
  """A copy activity for Microsoft Fabric LakeHouse Table sink.

[2026-04-13T07:14:54.384+0000] {warnings.py:112} WARNING - /home/***/.local/lib/python3.12/site-packages/azure/synapse/artifacts/models/_models_py3.py:34806: SyntaxWarning: invalid escape sequence '\d'
  """

[2026-04-13T07:14:54.385+0000] {warnings.py:112} WARNING - /home/***/.local/lib/python3.12/site-packages/azure/synapse/artifacts/models/_models_py3.py:34852: SyntaxWarning: invalid escape sequence '\d'
  """A copy activity source for Microsoft Fabric LakeHouse Table.

[2026-04-13T07:14:54.385+0000] {warnings.py:112} WARNING - /home/***/.local/lib/python3.12/site-packages/azure/synapse/artifacts/models/_models_py3.py:34908: SyntaxWarning: invalid escape sequence '\d'
  """

[2026-04-13T07:14:54.390+0000] {warnings.py:112} WARNING - /home/***/.local/lib/python3.12/site-packages/azure/synapse/artifacts/models/_models_py3.py:36915: SyntaxWarning: invalid escape sequence '\d'
  """A copy activity Magento server source.

[2026-04-13T07:14:54.391+0000] {warnings.py:112} WARNING - /home/***/.local/lib/python3.12/site-packages/azure/synapse/artifacts/models/_models_py3.py:36971: SyntaxWarning: invalid escape sequence '\d'
  """

[2026-04-13T07:14:54.392+0000] {warnings.py:112} WARNING - /home/***/.local/lib/python3.12/site-packages/azure/synapse/artifacts/models/_models_py3.py:37417: SyntaxWarning: invalid escape sequence '\d'
  """A copy activity MariaDB server source.

[2026-04-13T07:14:54.392+0000] {warnings.py:112} WARNING - /home/***/.local/lib/python3.12/site-packages/azure/synapse/artifacts/models/_models_py3.py:37473: SyntaxWarning: invalid escape sequence '\d'
  """

[2026-04-13T07:14:54.394+0000] {warnings.py:112} WARNING - /home/***/.local/lib/python3.12/site-packages/azure/synapse/artifacts/models/_models_py3.py:37845: SyntaxWarning: invalid escape sequence '\d'
  """A copy activity Marketo server source.

[2026-04-13T07:14:54.394+0000] {warnings.py:112} WARNING - /home/***/.local/lib/python3.12/site-packages/azure/synapse/artifacts/models/_models_py3.py:37901: SyntaxWarning: invalid escape sequence '\d'
  """

[2026-04-13T07:14:54.395+0000] {warnings.py:112} WARNING - /home/***/.local/lib/python3.12/site-packages/azure/synapse/artifacts/models/_models_py3.py:38208: SyntaxWarning: invalid escape sequence '\d'
  """A copy activity Microsoft Access sink.

[2026-04-13T07:14:54.396+0000] {warnings.py:112} WARNING - /home/***/.local/lib/python3.12/site-packages/azure/synapse/artifacts/models/_models_py3.py:38264: SyntaxWarning: invalid escape sequence '\d'
  """

[2026-04-13T07:14:54.397+0000] {warnings.py:112} WARNING - /home/***/.local/lib/python3.12/site-packages/azure/synapse/artifacts/models/_models_py3.py:38301: SyntaxWarning: invalid escape sequence '\d'
  """A copy activity source for Microsoft Access.

[2026-04-13T07:14:54.398+0000] {warnings.py:112} WARNING - /home/***/.local/lib/python3.12/site-packages/azure/synapse/artifacts/models/_models_py3.py:38351: SyntaxWarning: invalid escape sequence '\d'
  """

[2026-04-13T07:14:54.400+0000] {warnings.py:112} WARNING - /home/***/.local/lib/python3.12/site-packages/azure/synapse/artifacts/models/_models_py3.py:38690: SyntaxWarning: invalid escape sequence '\d'
  """A copy activity source for a MongoDB Atlas database.

[2026-04-13T07:14:54.400+0000] {warnings.py:112} WARNING - /home/***/.local/lib/python3.12/site-packages/azure/synapse/artifacts/models/_models_py3.py:38758: SyntaxWarning: invalid escape sequence '\d'
  """

[2026-04-13T07:14:54.401+0000] {warnings.py:112} WARNING - /home/***/.local/lib/python3.12/site-packages/azure/synapse/artifacts/models/_models_py3.py:39141: SyntaxWarning: invalid escape sequence '\d'
  """A copy activity source for a MongoDB database.

[2026-04-13T07:14:54.402+0000] {warnings.py:112} WARNING - /home/***/.local/lib/python3.12/site-packages/azure/synapse/artifacts/models/_models_py3.py:39192: SyntaxWarning: invalid escape sequence '\d'
  """

[2026-04-13T07:14:54.403+0000] {warnings.py:112} WARNING - /home/***/.local/lib/python3.12/site-packages/azure/synapse/artifacts/models/_models_py3.py:39419: SyntaxWarning: invalid escape sequence '\d'
  """A copy activity source for a MongoDB database.

[2026-04-13T07:14:54.403+0000] {warnings.py:112} WARNING - /home/***/.local/lib/python3.12/site-packages/azure/synapse/artifacts/models/_models_py3.py:39487: SyntaxWarning: invalid escape sequence '\d'
  """

[2026-04-13T07:14:54.404+0000] {warnings.py:112} WARNING - /home/***/.local/lib/python3.12/site-packages/azure/synapse/artifacts/models/_models_py3.py:39683: SyntaxWarning: invalid escape sequence '\d'
  """A copy activity source for MySQL databases.

[2026-04-13T07:14:54.405+0000] {warnings.py:112} WARNING - /home/***/.local/lib/python3.12/site-packages/azure/synapse/artifacts/models/_models_py3.py:39738: SyntaxWarning: invalid escape sequence '\d'
  """

[2026-04-13T07:14:54.406+0000] {warnings.py:112} WARNING - /home/***/.local/lib/python3.12/site-packages/azure/synapse/artifacts/models/_models_py3.py:40019: SyntaxWarning: invalid escape sequence '\d'
  """A copy activity Netezza source.

[2026-04-13T07:14:54.407+0000] {warnings.py:112} WARNING - /home/***/.local/lib/python3.12/site-packages/azure/synapse/artifacts/models/_models_py3.py:40084: SyntaxWarning: invalid escape sequence '\d'
  """

[2026-04-13T07:14:54.409+0000] {warnings.py:112} WARNING - /home/***/.local/lib/python3.12/site-packages/azure/synapse/artifacts/models/_models_py3.py:41138: SyntaxWarning: invalid escape sequence '\d'
  """A copy activity source for OData source.

[2026-04-13T07:14:54.410+0000] {warnings.py:112} WARNING - /home/***/.local/lib/python3.12/site-packages/azure/synapse/artifacts/models/_models_py3.py:41196: SyntaxWarning: invalid escape sequence '\d'
  """

[2026-04-13T07:14:54.411+0000] {warnings.py:112} WARNING - /home/***/.local/lib/python3.12/site-packages/azure/synapse/artifacts/models/_models_py3.py:41359: SyntaxWarning: invalid escape sequence '\d'
  """A copy activity ODBC sink.

[2026-04-13T07:14:54.411+0000] {warnings.py:112} WARNING - /home/***/.local/lib/python3.12/site-packages/azure/synapse/artifacts/models/_models_py3.py:41415: SyntaxWarning: invalid escape sequence '\d'
  """

[2026-04-13T07:14:54.412+0000] {warnings.py:112} WARNING - /home/***/.local/lib/python3.12/site-packages/azure/synapse/artifacts/models/_models_py3.py:41452: SyntaxWarning: invalid escape sequence '\d'
  """A copy activity source for ODBC databases.

[2026-04-13T07:14:54.413+0000] {warnings.py:112} WARNING - /home/***/.local/lib/python3.12/site-packages/azure/synapse/artifacts/models/_models_py3.py:41507: SyntaxWarning: invalid escape sequence '\d'
  """

[2026-04-13T07:14:54.414+0000] {warnings.py:112} WARNING - /home/***/.local/lib/python3.12/site-packages/azure/synapse/artifacts/models/_models_py3.py:41875: SyntaxWarning: invalid escape sequence '\d'
  """A copy activity source for an Office 365 service.

[2026-04-13T07:14:54.416+0000] {warnings.py:112} WARNING - /home/***/.local/lib/python3.12/site-packages/azure/synapse/artifacts/models/_models_py3.py:41947: SyntaxWarning: invalid escape sequence '\d'
  """

[2026-04-13T07:14:54.430+0000] {warnings.py:112} WARNING - /home/***/.local/lib/python3.12/site-packages/azure/synapse/artifacts/models/_models_py3.py:42441: SyntaxWarning: invalid escape sequence '\d'
  """A copy activity Oracle Service Cloud source.

[2026-04-13T07:14:54.431+0000] {warnings.py:112} WARNING - /home/***/.local/lib/python3.12/site-packages/azure/synapse/artifacts/models/_models_py3.py:42497: SyntaxWarning: invalid escape sequence '\d'
  """

[2026-04-13T07:14:54.432+0000] {warnings.py:112} WARNING - /home/***/.local/lib/python3.12/site-packages/azure/synapse/artifacts/models/_models_py3.py:42534: SyntaxWarning: invalid escape sequence '\d'
  """A copy activity Oracle sink.

[2026-04-13T07:14:54.433+0000] {warnings.py:112} WARNING - /home/***/.local/lib/python3.12/site-packages/azure/synapse/artifacts/models/_models_py3.py:42590: SyntaxWarning: invalid escape sequence '\d'
  """

[2026-04-13T07:14:54.434+0000] {warnings.py:112} WARNING - /home/***/.local/lib/python3.12/site-packages/azure/synapse/artifacts/models/_models_py3.py:42627: SyntaxWarning: invalid escape sequence '\d'
  """A copy activity Oracle source.

[2026-04-13T07:14:54.435+0000] {warnings.py:112} WARNING - /home/***/.local/lib/python3.12/site-packages/azure/synapse/artifacts/models/_models_py3.py:42692: SyntaxWarning: invalid escape sequence '\d'
  """

[2026-04-13T07:14:54.440+0000] {warnings.py:112} WARNING - /home/***/.local/lib/python3.12/site-packages/azure/synapse/artifacts/models/_models_py3.py:43020: SyntaxWarning: invalid escape sequence '\d'
  """A copy activity ORC sink.

[2026-04-13T07:14:54.441+0000] {warnings.py:112} WARNING - /home/***/.local/lib/python3.12/site-packages/azure/synapse/artifacts/models/_models_py3.py:43079: SyntaxWarning: invalid escape sequence '\d'
  """

[2026-04-13T07:14:54.442+0000] {warnings.py:112} WARNING - /home/***/.local/lib/python3.12/site-packages/azure/synapse/artifacts/models/_models_py3.py:43118: SyntaxWarning: invalid escape sequence '\d'
  """A copy activity ORC source.

[2026-04-13T07:14:54.443+0000] {warnings.py:112} WARNING - /home/***/.local/lib/python3.12/site-packages/azure/synapse/artifacts/models/_models_py3.py:43168: SyntaxWarning: invalid escape sequence '\d'
  """

[2026-04-13T07:14:54.445+0000] {warnings.py:112} WARNING - /home/***/.local/lib/python3.12/site-packages/azure/synapse/artifacts/models/_models_py3.py:43514: SyntaxWarning: invalid escape sequence '\d'
  """A copy activity Parquet sink.

[2026-04-13T07:14:54.445+0000] {warnings.py:112} WARNING - /home/***/.local/lib/python3.12/site-packages/azure/synapse/artifacts/models/_models_py3.py:43573: SyntaxWarning: invalid escape sequence '\d'
  """

[2026-04-13T07:14:54.446+0000] {warnings.py:112} WARNING - /home/***/.local/lib/python3.12/site-packages/azure/synapse/artifacts/models/_models_py3.py:43612: SyntaxWarning: invalid escape sequence '\d'
  """A copy activity Parquet source.

[2026-04-13T07:14:54.446+0000] {warnings.py:112} WARNING - /home/***/.local/lib/python3.12/site-packages/azure/synapse/artifacts/models/_models_py3.py:43666: SyntaxWarning: invalid escape sequence '\d'
  """

[2026-04-13T07:14:54.448+0000] {warnings.py:112} WARNING - /home/***/.local/lib/python3.12/site-packages/azure/synapse/artifacts/models/_models_py3.py:43989: SyntaxWarning: invalid escape sequence '\d'
  """A copy activity Paypal Service source.

[2026-04-13T07:14:54.449+0000] {warnings.py:112} WARNING - /home/***/.local/lib/python3.12/site-packages/azure/synapse/artifacts/models/_models_py3.py:44045: SyntaxWarning: invalid escape sequence '\d'
  """

[2026-04-13T07:14:54.450+0000] {warnings.py:112} WARNING - /home/***/.local/lib/python3.12/site-packages/azure/synapse/artifacts/models/_models_py3.py:44386: SyntaxWarning: invalid escape sequence '\d'
  """A copy activity Phoenix server source.

[2026-04-13T07:14:54.451+0000] {warnings.py:112} WARNING - /home/***/.local/lib/python3.12/site-packages/azure/synapse/artifacts/models/_models_py3.py:44442: SyntaxWarning: invalid escape sequence '\d'
  """

[2026-04-13T07:14:54.454+0000] {warnings.py:112} WARNING - /home/***/.local/lib/python3.12/site-packages/azure/synapse/artifacts/models/_models_py3.py:45003: SyntaxWarning: invalid escape sequence '\d'
  """A copy activity source for PostgreSQL databases.

[2026-04-13T07:14:54.455+0000] {warnings.py:112} WARNING - /home/***/.local/lib/python3.12/site-packages/azure/synapse/artifacts/models/_models_py3.py:45058: SyntaxWarning: invalid escape sequence '\d'
  """

[2026-04-13T07:14:54.457+0000] {warnings.py:112} WARNING - /home/***/.local/lib/python3.12/site-packages/azure/synapse/artifacts/models/_models_py3.py:45444: SyntaxWarning: invalid escape sequence '\d'
  """A copy activity source for PostgreSQL databases.

[2026-04-13T07:14:54.457+0000] {warnings.py:112} WARNING - /home/***/.local/lib/python3.12/site-packages/azure/synapse/artifacts/models/_models_py3.py:45499: SyntaxWarning: invalid escape sequence '\d'
  """

[2026-04-13T07:14:54.459+0000] {warnings.py:112} WARNING - /home/***/.local/lib/python3.12/site-packages/azure/synapse/artifacts/models/_models_py3.py:46042: SyntaxWarning: invalid escape sequence '\d'
  """A copy activity Presto server source.

[2026-04-13T07:14:54.460+0000] {warnings.py:112} WARNING - /home/***/.local/lib/python3.12/site-packages/azure/synapse/artifacts/models/_models_py3.py:46098: SyntaxWarning: invalid escape sequence '\d'
  """

[2026-04-13T07:14:54.462+0000] {warnings.py:112} WARNING - /home/***/.local/lib/python3.12/site-packages/azure/synapse/artifacts/models/_models_py3.py:46702: SyntaxWarning: invalid escape sequence '\d'
  """A copy activity QuickBooks server source.

[2026-04-13T07:14:54.462+0000] {warnings.py:112} WARNING - /home/***/.local/lib/python3.12/site-packages/azure/synapse/artifacts/models/_models_py3.py:46758: SyntaxWarning: invalid escape sequence '\d'
  """

[2026-04-13T07:14:54.464+0000] {warnings.py:112} WARNING - /home/***/.local/lib/python3.12/site-packages/azure/synapse/artifacts/models/_models_py3.py:47000: SyntaxWarning: invalid escape sequence '\d'
  """A copy activity source for various relational databases.

[2026-04-13T07:14:54.466+0000] {warnings.py:112} WARNING - /home/***/.local/lib/python3.12/site-packages/azure/synapse/artifacts/models/_models_py3.py:47050: SyntaxWarning: invalid escape sequence '\d'
  """

[2026-04-13T07:14:54.469+0000] {warnings.py:112} WARNING - /home/***/.local/lib/python3.12/site-packages/azure/synapse/artifacts/models/_models_py3.py:47648: SyntaxWarning: invalid escape sequence '\d'
  """A copy activity Responsys source.

[2026-04-13T07:14:54.469+0000] {warnings.py:112} WARNING - /home/***/.local/lib/python3.12/site-packages/azure/synapse/artifacts/models/_models_py3.py:47704: SyntaxWarning: invalid escape sequence '\d'
  """

[2026-04-13T07:14:54.474+0000] {warnings.py:112} WARNING - /home/***/.local/lib/python3.12/site-packages/azure/synapse/artifacts/models/_models_py3.py:48113: SyntaxWarning: invalid escape sequence '\d'
  """A copy activity Rest service Sink.

[2026-04-13T07:14:54.475+0000] {warnings.py:112} WARNING - /home/***/.local/lib/python3.12/site-packages/azure/synapse/artifacts/models/_models_py3.py:48190: SyntaxWarning: invalid escape sequence '\d'
  """

[2026-04-13T07:14:54.476+0000] {warnings.py:112} WARNING - /home/***/.local/lib/python3.12/site-packages/azure/synapse/artifacts/models/_models_py3.py:48244: SyntaxWarning: invalid escape sequence '\d'
  """A copy activity Rest service source.

[2026-04-13T07:14:54.477+0000] {warnings.py:112} WARNING - /home/***/.local/lib/python3.12/site-packages/azure/synapse/artifacts/models/_models_py3.py:48321: SyntaxWarning: invalid escape sequence '\d'
  """

[2026-04-13T07:14:54.483+0000] {warnings.py:112} WARNING - /home/***/.local/lib/python3.12/site-packages/azure/synapse/artifacts/models/_models_py3.py:49499: SyntaxWarning: invalid escape sequence '\d'
  """A copy activity Salesforce Marketing Cloud source.

[2026-04-13T07:14:54.486+0000] {warnings.py:112} WARNING - /home/***/.local/lib/python3.12/site-packages/azure/synapse/artifacts/models/_models_py3.py:49555: SyntaxWarning: invalid escape sequence '\d'
  """

[2026-04-13T07:14:54.491+0000] {warnings.py:112} WARNING - /home/***/.local/lib/python3.12/site-packages/azure/synapse/artifacts/models/_models_py3.py:49932: SyntaxWarning: invalid escape sequence '\d'
  """A copy activity Salesforce Service Cloud sink.

[2026-04-13T07:14:54.492+0000] {warnings.py:112} WARNING - /home/***/.local/lib/python3.12/site-packages/azure/synapse/artifacts/models/_models_py3.py:50002: SyntaxWarning: invalid escape sequence '\d'
  """

[2026-04-13T07:14:54.493+0000] {warnings.py:112} WARNING - /home/***/.local/lib/python3.12/site-packages/azure/synapse/artifacts/models/_models_py3.py:50052: SyntaxWarning: invalid escape sequence '\d'
  """A copy activity Salesforce Service Cloud source.

[2026-04-13T07:14:54.494+0000] {warnings.py:112} WARNING - /home/***/.local/lib/python3.12/site-packages/azure/synapse/artifacts/models/_models_py3.py:50107: SyntaxWarning: invalid escape sequence '\d'
  """

[2026-04-13T07:14:54.495+0000] {warnings.py:112} WARNING - /home/***/.local/lib/python3.12/site-packages/azure/synapse/artifacts/models/_models_py3.py:50379: SyntaxWarning: invalid escape sequence '\d'
  """A copy activity Salesforce Service Cloud V2 sink.

[2026-04-13T07:14:54.496+0000] {warnings.py:112} WARNING - /home/***/.local/lib/python3.12/site-packages/azure/synapse/artifacts/models/_models_py3.py:50449: SyntaxWarning: invalid escape sequence '\d'
  """

[2026-04-13T07:14:54.497+0000] {warnings.py:112} WARNING - /home/***/.local/lib/python3.12/site-packages/azure/synapse/artifacts/models/_models_py3.py:50499: SyntaxWarning: invalid escape sequence '\d'
  """A copy activity Salesforce Service Cloud V2 source.

[2026-04-13T07:14:54.498+0000] {warnings.py:112} WARNING - /home/***/.local/lib/python3.12/site-packages/azure/synapse/artifacts/models/_models_py3.py:50554: SyntaxWarning: invalid escape sequence '\d'
  """

[2026-04-13T07:14:54.499+0000] {warnings.py:112} WARNING - /home/***/.local/lib/python3.12/site-packages/azure/synapse/artifacts/models/_models_py3.py:50590: SyntaxWarning: invalid escape sequence '\d'
  """A copy activity Salesforce sink.

[2026-04-13T07:14:54.500+0000] {warnings.py:112} WARNING - /home/***/.local/lib/python3.12/site-packages/azure/synapse/artifacts/models/_models_py3.py:50660: SyntaxWarning: invalid escape sequence '\d'
  """

[2026-04-13T07:14:54.501+0000] {warnings.py:112} WARNING - /home/***/.local/lib/python3.12/site-packages/azure/synapse/artifacts/models/_models_py3.py:50710: SyntaxWarning: invalid escape sequence '\d'
  """A copy activity Salesforce source.

[2026-04-13T07:14:54.502+0000] {warnings.py:112} WARNING - /home/***/.local/lib/python3.12/site-packages/azure/synapse/artifacts/models/_models_py3.py:50770: SyntaxWarning: invalid escape sequence '\d'
  """

[2026-04-13T07:14:54.503+0000] {warnings.py:112} WARNING - /home/***/.local/lib/python3.12/site-packages/azure/synapse/artifacts/models/_models_py3.py:51046: SyntaxWarning: invalid escape sequence '\d'
  """A copy activity Salesforce V2 sink.

[2026-04-13T07:14:54.504+0000] {warnings.py:112} WARNING - /home/***/.local/lib/python3.12/site-packages/azure/synapse/artifacts/models/_models_py3.py:51116: SyntaxWarning: invalid escape sequence '\d'
  """

[2026-04-13T07:14:54.506+0000] {warnings.py:112} WARNING - /home/***/.local/lib/python3.12/site-packages/azure/synapse/artifacts/models/_models_py3.py:51166: SyntaxWarning: invalid escape sequence '\d'
  """A copy activity Salesforce V2 source.

[2026-04-13T07:14:54.507+0000] {warnings.py:112} WARNING - /home/***/.local/lib/python3.12/site-packages/azure/synapse/artifacts/models/_models_py3.py:51226: SyntaxWarning: invalid escape sequence '\d'
  """

[2026-04-13T07:14:54.510+0000] {warnings.py:112} WARNING - /home/***/.local/lib/python3.12/site-packages/azure/synapse/artifacts/models/_models_py3.py:51485: SyntaxWarning: invalid escape sequence '\d'
  """A copy activity source for SapBW server via MDX.

[2026-04-13T07:14:54.512+0000] {warnings.py:112} WARNING - /home/***/.local/lib/python3.12/site-packages/azure/synapse/artifacts/models/_models_py3.py:51540: SyntaxWarning: invalid escape sequence '\d'
  """

[2026-04-13T07:14:54.513+0000] {warnings.py:112} WARNING - /home/***/.local/lib/python3.12/site-packages/azure/synapse/artifacts/models/_models_py3.py:51787: SyntaxWarning: invalid escape sequence '\d'
  """A copy activity SAP Cloud for Customer sink.

[2026-04-13T07:14:54.514+0000] {warnings.py:112} WARNING - /home/***/.local/lib/python3.12/site-packages/azure/synapse/artifacts/models/_models_py3.py:51851: SyntaxWarning: invalid escape sequence '\d'
  """

[2026-04-13T07:14:54.515+0000] {warnings.py:112} WARNING - /home/***/.local/lib/python3.12/site-packages/azure/synapse/artifacts/models/_models_py3.py:51895: SyntaxWarning: invalid escape sequence '\d'
  """A copy activity source for SAP Cloud for Customer source.

[2026-04-13T07:14:54.516+0000] {warnings.py:112} WARNING - /home/***/.local/lib/python3.12/site-packages/azure/synapse/artifacts/models/_models_py3.py:51958: SyntaxWarning: invalid escape sequence '\d'
  """

[2026-04-13T07:14:54.518+0000] {warnings.py:112} WARNING - /home/***/.local/lib/python3.12/site-packages/azure/synapse/artifacts/models/_models_py3.py:52212: SyntaxWarning: invalid escape sequence '\d'
  """A copy activity source for SAP ECC source.

[2026-04-13T07:14:54.519+0000] {warnings.py:112} WARNING - /home/***/.local/lib/python3.12/site-packages/azure/synapse/artifacts/models/_models_py3.py:52275: SyntaxWarning: invalid escape sequence '\d'
  """

[2026-04-13T07:14:54.521+0000] {warnings.py:112} WARNING - /home/***/.local/lib/python3.12/site-packages/azure/synapse/artifacts/models/_models_py3.py:52463: SyntaxWarning: invalid escape sequence '\d'
  """A copy activity source for SAP HANA source.

[2026-04-13T07:14:54.522+0000] {warnings.py:112} WARNING - /home/***/.local/lib/python3.12/site-packages/azure/synapse/artifacts/models/_models_py3.py:52532: SyntaxWarning: invalid escape sequence '\d'
  """

[2026-04-13T07:14:54.524+0000] {warnings.py:112} WARNING - /home/***/.local/lib/python3.12/site-packages/azure/synapse/artifacts/models/_models_py3.py:53040: SyntaxWarning: invalid escape sequence '\d'
  """A copy activity source for SAP ODP source.

[2026-04-13T07:14:54.525+0000] {warnings.py:112} WARNING - /home/***/.local/lib/python3.12/site-packages/azure/synapse/artifacts/models/_models_py3.py:53111: SyntaxWarning: invalid escape sequence '\d'
  """

[2026-04-13T07:14:54.526+0000] {warnings.py:112} WARNING - /home/***/.local/lib/python3.12/site-packages/azure/synapse/artifacts/models/_models_py3.py:53334: SyntaxWarning: invalid escape sequence '\d'
  """A copy activity source for SAP Business Warehouse Open Hub Destination source.

[2026-04-13T07:14:54.526+0000] {warnings.py:112} WARNING - /home/***/.local/lib/python3.12/site-packages/azure/synapse/artifacts/models/_models_py3.py:53407: SyntaxWarning: invalid escape sequence '\d'
  """

[2026-04-13T07:14:54.528+0000] {warnings.py:112} WARNING - /home/***/.local/lib/python3.12/site-packages/azure/synapse/artifacts/models/_models_py3.py:53961: SyntaxWarning: invalid escape sequence '\d'
  """A copy activity source for SAP Table source.

[2026-04-13T07:14:54.529+0000] {warnings.py:112} WARNING - /home/***/.local/lib/python3.12/site-packages/azure/synapse/artifacts/models/_models_py3.py:54059: SyntaxWarning: invalid escape sequence '\d'
  """

[2026-04-13T07:14:54.530+0000] {warnings.py:112} WARNING - /home/***/.local/lib/python3.12/site-packages/azure/synapse/artifacts/models/_models_py3.py:54322: SyntaxWarning: invalid escape sequence '\d'
  """Script activity type.

[2026-04-13T07:14:54.531+0000] {warnings.py:112} WARNING - /home/***/.local/lib/python3.12/site-packages/azure/synapse/artifacts/models/_models_py3.py:54398: SyntaxWarning: invalid escape sequence '\d'
  """

[2026-04-13T07:14:54.532+0000] {warnings.py:112} WARNING - /home/***/.local/lib/python3.12/site-packages/azure/synapse/artifacts/models/_models_py3.py:55022: SyntaxWarning: invalid escape sequence '\d'
  """A copy activity ServiceNow server source.

[2026-04-13T07:14:54.533+0000] {warnings.py:112} WARNING - /home/***/.local/lib/python3.12/site-packages/azure/synapse/artifacts/models/_models_py3.py:55078: SyntaxWarning: invalid escape sequence '\d'
  """

[2026-04-13T07:14:54.534+0000] {warnings.py:112} WARNING - /home/***/.local/lib/python3.12/site-packages/azure/synapse/artifacts/models/_models_py3.py:55310: SyntaxWarning: invalid escape sequence '\d'
  """A copy activity ServiceNowV2 server source.

[2026-04-13T07:14:54.535+0000] {warnings.py:112} WARNING - /home/***/.local/lib/python3.12/site-packages/azure/synapse/artifacts/models/_models_py3.py:55365: SyntaxWarning: invalid escape sequence '\d'
  """

[2026-04-13T07:14:54.538+0000] {warnings.py:112} WARNING - /home/***/.local/lib/python3.12/site-packages/azure/synapse/artifacts/models/_models_py3.py:56196: SyntaxWarning: invalid escape sequence '\d'
  """A copy activity source for sharePoint online list source.

[2026-04-13T07:14:54.538+0000] {warnings.py:112} WARNING - /home/***/.local/lib/python3.12/site-packages/azure/synapse/artifacts/models/_models_py3.py:56248: SyntaxWarning: invalid escape sequence '\d'
  """

[2026-04-13T07:14:54.539+0000] {warnings.py:112} WARNING - /home/***/.local/lib/python3.12/site-packages/azure/synapse/artifacts/models/_models_py3.py:56508: SyntaxWarning: invalid escape sequence '\d'
  """A copy activity Shopify Service source.

[2026-04-13T07:14:54.540+0000] {warnings.py:112} WARNING - /home/***/.local/lib/python3.12/site-packages/azure/synapse/artifacts/models/_models_py3.py:56564: SyntaxWarning: invalid escape sequence '\d'
  """

[2026-04-13T07:14:54.541+0000] {warnings.py:112} WARNING - /home/***/.local/lib/python3.12/site-packages/azure/synapse/artifacts/models/_models_py3.py:57087: SyntaxWarning: invalid escape sequence '\d'
  """A copy activity snowflake sink.

[2026-04-13T07:14:54.542+0000] {warnings.py:112} WARNING - /home/***/.local/lib/python3.12/site-packages/azure/synapse/artifacts/models/_models_py3.py:57147: SyntaxWarning: invalid escape sequence '\d'
  """

[2026-04-13T07:14:54.542+0000] {warnings.py:112} WARNING - /home/***/.local/lib/python3.12/site-packages/azure/synapse/artifacts/models/_models_py3.py:57187: SyntaxWarning: invalid escape sequence '\d'
  """A copy activity snowflake source.

[2026-04-13T07:14:54.543+0000] {warnings.py:112} WARNING - /home/***/.local/lib/python3.12/site-packages/azure/synapse/artifacts/models/_models_py3.py:57237: SyntaxWarning: invalid escape sequence '\d'
  """

[2026-04-13T07:14:54.544+0000] {warnings.py:112} WARNING - /home/***/.local/lib/python3.12/site-packages/azure/synapse/artifacts/models/_models_py3.py:57560: SyntaxWarning: invalid escape sequence '\d'
  """A copy activity snowflake sink.

[2026-04-13T07:14:54.544+0000] {warnings.py:112} WARNING - /home/***/.local/lib/python3.12/site-packages/azure/synapse/artifacts/models/_models_py3.py:57620: SyntaxWarning: invalid escape sequence '\d'
  """

[2026-04-13T07:14:54.545+0000] {warnings.py:112} WARNING - /home/***/.local/lib/python3.12/site-packages/azure/synapse/artifacts/models/_models_py3.py:57660: SyntaxWarning: invalid escape sequence '\d'
  """A copy activity snowflake source.

[2026-04-13T07:14:54.545+0000] {warnings.py:112} WARNING - /home/***/.local/lib/python3.12/site-packages/azure/synapse/artifacts/models/_models_py3.py:57710: SyntaxWarning: invalid escape sequence '\d'
  """

[2026-04-13T07:14:54.549+0000] {warnings.py:112} WARNING - /home/***/.local/lib/python3.12/site-packages/azure/synapse/artifacts/models/_models_py3.py:59106: SyntaxWarning: invalid escape sequence '\d'
  """A copy activity Spark Server source.

[2026-04-13T07:14:54.549+0000] {warnings.py:112} WARNING - /home/***/.local/lib/python3.12/site-packages/azure/synapse/artifacts/models/_models_py3.py:59162: SyntaxWarning: invalid escape sequence '\d'
  """

[2026-04-13T07:14:54.550+0000] {warnings.py:112} WARNING - /home/***/.local/lib/python3.12/site-packages/azure/synapse/artifacts/models/_models_py3.py:59316: SyntaxWarning: invalid escape sequence '\d'
  """A copy activity SQL Data Warehouse sink.

[2026-04-13T07:14:54.551+0000] {warnings.py:112} WARNING - /home/***/.local/lib/python3.12/site-packages/azure/synapse/artifacts/models/_models_py3.py:59396: SyntaxWarning: invalid escape sequence '\d'
  """

[2026-04-13T07:14:54.552+0000] {warnings.py:112} WARNING - /home/***/.local/lib/python3.12/site-packages/azure/synapse/artifacts/models/_models_py3.py:59452: SyntaxWarning: invalid escape sequence '\d'
  """A copy activity SQL Data Warehouse source.

[2026-04-13T07:14:54.553+0000] {warnings.py:112} WARNING - /home/***/.local/lib/python3.12/site-packages/azure/synapse/artifacts/models/_models_py3.py:59535: SyntaxWarning: invalid escape sequence '\d'
  """

[2026-04-13T07:14:54.553+0000] {warnings.py:112} WARNING - /home/***/.local/lib/python3.12/site-packages/azure/synapse/artifacts/models/_models_py3.py:59594: SyntaxWarning: invalid escape sequence '\d'
  """A copy activity Azure SQL Managed Instance sink.

[2026-04-13T07:14:54.554+0000] {warnings.py:112} WARNING - /home/***/.local/lib/python3.12/site-packages/azure/synapse/artifacts/models/_models_py3.py:59677: SyntaxWarning: invalid escape sequence '\d'
  """

[2026-04-13T07:14:54.554+0000] {warnings.py:112} WARNING - /home/***/.local/lib/python3.12/site-packages/azure/synapse/artifacts/models/_models_py3.py:59733: SyntaxWarning: invalid escape sequence '\d'
  """A copy activity Azure SQL Managed Instance source.

[2026-04-13T07:14:54.555+0000] {warnings.py:112} WARNING - /home/***/.local/lib/python3.12/site-packages/azure/synapse/artifacts/models/_models_py3.py:59818: SyntaxWarning: invalid escape sequence '\d'
  """

[2026-04-13T07:14:54.557+0000] {warnings.py:112} WARNING - /home/***/.local/lib/python3.12/site-packages/azure/synapse/artifacts/models/_models_py3.py:60639: SyntaxWarning: invalid escape sequence '\d'
  """A copy activity SQL server sink.

[2026-04-13T07:14:54.558+0000] {warnings.py:112} WARNING - /home/***/.local/lib/python3.12/site-packages/azure/synapse/artifacts/models/_models_py3.py:60722: SyntaxWarning: invalid escape sequence '\d'
  """

[2026-04-13T07:14:54.558+0000] {warnings.py:112} WARNING - /home/***/.local/lib/python3.12/site-packages/azure/synapse/artifacts/models/_models_py3.py:60778: SyntaxWarning: invalid escape sequence '\d'
  """A copy activity SQL server source.

[2026-04-13T07:14:54.559+0000] {warnings.py:112} WARNING - /home/***/.local/lib/python3.12/site-packages/azure/synapse/artifacts/models/_models_py3.py:60863: SyntaxWarning: invalid escape sequence '\d'
  """

[2026-04-13T07:14:54.560+0000] {warnings.py:112} WARNING - /home/***/.local/lib/python3.12/site-packages/azure/synapse/artifacts/models/_models_py3.py:61167: SyntaxWarning: invalid escape sequence '\d'
  """A copy activity SQL sink.

[2026-04-13T07:14:54.560+0000] {warnings.py:112} WARNING - /home/***/.local/lib/python3.12/site-packages/azure/synapse/artifacts/models/_models_py3.py:61250: SyntaxWarning: invalid escape sequence '\d'
  """

[2026-04-13T07:14:54.561+0000] {warnings.py:112} WARNING - /home/***/.local/lib/python3.12/site-packages/azure/synapse/artifacts/models/_models_py3.py:61306: SyntaxWarning: invalid escape sequence '\d'
  """A copy activity SQL source.

[2026-04-13T07:14:54.562+0000] {warnings.py:112} WARNING - /home/***/.local/lib/python3.12/site-packages/azure/synapse/artifacts/models/_models_py3.py:61387: SyntaxWarning: invalid escape sequence '\d'
  """

[2026-04-13T07:14:54.563+0000] {warnings.py:112} WARNING - /home/***/.local/lib/python3.12/site-packages/azure/synapse/artifacts/models/_models_py3.py:61696: SyntaxWarning: invalid escape sequence '\d'
  """A copy activity Square Service source.

[2026-04-13T07:14:54.564+0000] {warnings.py:112} WARNING - /home/***/.local/lib/python3.12/site-packages/azure/synapse/artifacts/models/_models_py3.py:61752: SyntaxWarning: invalid escape sequence '\d'
  """

[2026-04-13T07:14:54.565+0000] {warnings.py:112} WARNING - /home/***/.local/lib/python3.12/site-packages/azure/synapse/artifacts/models/_models_py3.py:61954: SyntaxWarning: invalid escape sequence '\d'
  """SSIS package execution log location.

[2026-04-13T07:14:54.565+0000] {warnings.py:112} WARNING - /home/***/.local/lib/python3.12/site-packages/azure/synapse/artifacts/models/_models_py3.py:61992: SyntaxWarning: invalid escape sequence '\d'
  """

[2026-04-13T07:14:54.567+0000] {warnings.py:112} WARNING - /home/***/.local/lib/python3.12/site-packages/azure/synapse/artifacts/models/_models_py3.py:62660: SyntaxWarning: invalid escape sequence '\d'
  """A copy activity source for Sybase databases.

[2026-04-13T07:14:54.568+0000] {warnings.py:112} WARNING - /home/***/.local/lib/python3.12/site-packages/azure/synapse/artifacts/models/_models_py3.py:62715: SyntaxWarning: invalid escape sequence '\d'
  """

[2026-04-13T07:14:54.571+0000] {warnings.py:112} WARNING - /home/***/.local/lib/python3.12/site-packages/azure/synapse/artifacts/models/_models_py3.py:63882: SyntaxWarning: invalid escape sequence '\d'
  """A copy activity Teradata source.

[2026-04-13T07:14:54.571+0000] {warnings.py:112} WARNING - /home/***/.local/lib/python3.12/site-packages/azure/synapse/artifacts/models/_models_py3.py:63946: SyntaxWarning: invalid escape sequence '\d'
  """

[2026-04-13T07:14:54.573+0000] {warnings.py:112} WARNING - /home/***/.local/lib/python3.12/site-packages/azure/synapse/artifacts/models/_models_py3.py:64582: SyntaxWarning: invalid escape sequence '\d'
  """Trigger that schedules pipeline runs for all fixed time interval windows from a start time

[2026-04-13T07:14:54.574+0000] {warnings.py:112} WARNING - /home/***/.local/lib/python3.12/site-packages/azure/synapse/artifacts/models/_models_py3.py:64674: SyntaxWarning: invalid escape sequence '\d'
  """

[2026-04-13T07:14:54.575+0000] {warnings.py:112} WARNING - /home/***/.local/lib/python3.12/site-packages/azure/synapse/artifacts/models/_models_py3.py:64940: SyntaxWarning: invalid escape sequence '\d'
  """This activity executes inner activities until the specified boolean expression results to true

[2026-04-13T07:14:54.575+0000] {warnings.py:112} WARNING - /home/***/.local/lib/python3.12/site-packages/azure/synapse/artifacts/models/_models_py3.py:65014: SyntaxWarning: invalid escape sequence '\d'
  """

[2026-04-13T07:14:54.576+0000] {warnings.py:112} WARNING - /home/***/.local/lib/python3.12/site-packages/azure/synapse/artifacts/models/_models_py3.py:65117: SyntaxWarning: invalid escape sequence '\d'
  """This activity verifies that an external resource exists.

[2026-04-13T07:14:54.577+0000] {warnings.py:112} WARNING - /home/***/.local/lib/python3.12/site-packages/azure/synapse/artifacts/models/_models_py3.py:65199: SyntaxWarning: invalid escape sequence '\d'
  """

[2026-04-13T07:14:54.577+0000] {warnings.py:112} WARNING - /home/***/.local/lib/python3.12/site-packages/azure/synapse/artifacts/models/_models_py3.py:65385: SyntaxWarning: invalid escape sequence '\d'
  """A copy activity Vertica source.

[2026-04-13T07:14:54.578+0000] {warnings.py:112} WARNING - /home/***/.local/lib/python3.12/site-packages/azure/synapse/artifacts/models/_models_py3.py:65441: SyntaxWarning: invalid escape sequence '\d'
  """

[2026-04-13T07:14:54.579+0000] {warnings.py:112} WARNING - /home/***/.local/lib/python3.12/site-packages/azure/synapse/artifacts/models/_models_py3.py:65874: SyntaxWarning: invalid escape sequence '\d'
  """A copy activity Microsoft Fabric Warehouse sink.

[2026-04-13T07:14:54.580+0000] {warnings.py:112} WARNING - /home/***/.local/lib/python3.12/site-packages/azure/synapse/artifacts/models/_models_py3.py:65950: SyntaxWarning: invalid escape sequence '\d'
  """

[2026-04-13T07:14:54.580+0000] {warnings.py:112} WARNING - /home/***/.local/lib/python3.12/site-packages/azure/synapse/artifacts/models/_models_py3.py:66003: SyntaxWarning: invalid escape sequence '\d'
  """A copy activity Microsoft Fabric Warehouse source.

[2026-04-13T07:14:54.581+0000] {warnings.py:112} WARNING - /home/***/.local/lib/python3.12/site-packages/azure/synapse/artifacts/models/_models_py3.py:66087: SyntaxWarning: invalid escape sequence '\d'
  """

[2026-04-13T07:14:54.582+0000] {warnings.py:112} WARNING - /home/***/.local/lib/python3.12/site-packages/azure/synapse/artifacts/models/_models_py3.py:66686: SyntaxWarning: invalid escape sequence '\d'
  """WebHook activity.

[2026-04-13T07:14:54.583+0000] {warnings.py:112} WARNING - /home/***/.local/lib/python3.12/site-packages/azure/synapse/artifacts/models/_models_py3.py:66779: SyntaxWarning: invalid escape sequence '\d'
  """

[2026-04-13T07:14:54.584+0000] {warnings.py:112} WARNING - /home/***/.local/lib/python3.12/site-packages/azure/synapse/artifacts/models/_models_py3.py:66918: SyntaxWarning: invalid escape sequence '\d'
  """A copy activity source for web page table.

[2026-04-13T07:14:54.584+0000] {warnings.py:112} WARNING - /home/***/.local/lib/python3.12/site-packages/azure/synapse/artifacts/models/_models_py3.py:66964: SyntaxWarning: invalid escape sequence '\d'
  """

[2026-04-13T07:14:54.586+0000] {warnings.py:112} WARNING - /home/***/.local/lib/python3.12/site-packages/azure/synapse/artifacts/models/_models_py3.py:67735: SyntaxWarning: invalid escape sequence '\d'
  """A copy activity Xero Service source.

[2026-04-13T07:14:54.587+0000] {warnings.py:112} WARNING - /home/***/.local/lib/python3.12/site-packages/azure/synapse/artifacts/models/_models_py3.py:67791: SyntaxWarning: invalid escape sequence '\d'
  """

[2026-04-13T07:14:54.588+0000] {warnings.py:112} WARNING - /home/***/.local/lib/python3.12/site-packages/azure/synapse/artifacts/models/_models_py3.py:68043: SyntaxWarning: invalid escape sequence '\d'
  """A copy activity Xml source.

[2026-04-13T07:14:54.588+0000] {warnings.py:112} WARNING - /home/***/.local/lib/python3.12/site-packages/azure/synapse/artifacts/models/_models_py3.py:68097: SyntaxWarning: invalid escape sequence '\d'
  """

[2026-04-13T07:14:54.590+0000] {warnings.py:112} WARNING - /home/***/.local/lib/python3.12/site-packages/azure/synapse/artifacts/models/_models_py3.py:68532: SyntaxWarning: invalid escape sequence '\d'
  """A copy activity Zoho server source.

[2026-04-13T07:14:54.590+0000] {warnings.py:112} WARNING - /home/***/.local/lib/python3.12/site-packages/azure/synapse/artifacts/models/_models_py3.py:68588: SyntaxWarning: invalid escape sequence '\d'
  """

[2026-04-13T07:14:55.907+0000] {taskinstance.py:341} INFO - ::group::Post task execution logs
[2026-04-13T07:14:55.907+0000] {taskinstance.py:353} INFO - Marking task as SUCCESS. dag_id=kafka_producer, task_id=execute_update_layers, run_id=scheduled__2026-04-11T18:30:00+00:00, execution_date=20260411T183000, start_date=20260413T071450, end_date=20260413T071455
[2026-04-13T07:14:56.004+0000] {local_task_job_runner.py:266} INFO - Task exited with return code 0
[2026-04-13T07:14:56.021+0000] {taskinstance.py:3901} INFO - 0 downstream tasks scheduled from follow-on schedule check
[2026-04-13T07:14:56.024+0000] {local_task_job_runner.py:245} INFO - ::endgroup::
[2026-04-13T07:42:18.831+0000] {local_task_job_runner.py:123} INFO - ::group::Pre task execution logs
[2026-04-13T07:42:18.858+0000] {taskinstance.py:2614} INFO - Dependencies all met for dep_context=non-requeueable deps ti=<TaskInstance: kafka_producer.execute_update_layers scheduled__2026-04-11T18:30:00+00:00 [queued]>
[2026-04-13T07:42:18.871+0000] {taskinstance.py:2614} INFO - Dependencies all met for dep_context=requeueable deps ti=<TaskInstance: kafka_producer.execute_update_layers scheduled__2026-04-11T18:30:00+00:00 [queued]>
[2026-04-13T07:42:18.871+0000] {taskinstance.py:2867} INFO - Starting attempt 1 of 1
[2026-04-13T07:42:18.889+0000] {taskinstance.py:2890} INFO - Executing <Task(TriggerDagRunOperator): execute_update_layers> on 2026-04-11 18:30:00+00:00
[2026-04-13T07:42:18.898+0000] {warnings.py:112} WARNING - /home/***/.local/lib/python3.12/site-packages/***/task/task_runner/standard_task_runner.py:70: DeprecationWarning: This process (pid=55) is multi-threaded, use of fork() may lead to deadlocks in the child.
  pid = os.fork()

[2026-04-13T07:42:18.901+0000] {standard_task_runner.py:72} INFO - Started process 56 to run task
[2026-04-13T07:42:18.900+0000] {standard_task_runner.py:104} INFO - Running: ['***', 'tasks', 'run', 'kafka_producer', 'execute_update_layers', 'scheduled__2026-04-11T18:30:00+00:00', '--job-id', '3', '--raw', '--subdir', 'DAGS_FOLDER/kafka_load.py', '--cfg-path', '/tmp/tmpu9a4hzai']
[2026-04-13T07:42:18.903+0000] {standard_task_runner.py:105} INFO - Job 3: Subtask execute_update_layers
[2026-04-13T07:42:18.982+0000] {task_command.py:467} INFO - Running <TaskInstance: kafka_producer.execute_update_layers scheduled__2026-04-11T18:30:00+00:00 [running]> on host aa4cdc9ccb97
[2026-04-13T07:42:19.092+0000] {taskinstance.py:3134} INFO - Exporting env vars: AIRFLOW_CTX_DAG_OWNER='***' AIRFLOW_CTX_DAG_ID='kafka_producer' AIRFLOW_CTX_TASK_ID='execute_update_layers' AIRFLOW_CTX_EXECUTION_DATE='2026-04-11T18:30:00+00:00' AIRFLOW_CTX_TRY_NUMBER='1' AIRFLOW_CTX_DAG_RUN_ID='scheduled__2026-04-11T18:30:00+00:00'
[2026-04-13T07:42:19.094+0000] {taskinstance.py:732} INFO - ::endgroup::
[2026-04-13T07:42:22.564+0000] {warnings.py:112} WARNING - /home/***/.local/lib/python3.12/site-packages/azure/synapse/artifacts/models/_models_py3.py:175: SyntaxWarning: invalid escape sequence '\d'
  """Execution policy for an activity.

[2026-04-13T07:42:22.565+0000] {warnings.py:112} WARNING - /home/***/.local/lib/python3.12/site-packages/azure/synapse/artifacts/models/_models_py3.py:222: SyntaxWarning: invalid escape sequence '\d'
  """

[2026-04-13T07:42:22.568+0000] {warnings.py:112} WARNING - /home/***/.local/lib/python3.12/site-packages/azure/synapse/artifacts/models/_models_py3.py:1151: SyntaxWarning: invalid escape sequence '\d'
  """A copy activity source.

[2026-04-13T07:42:22.569+0000] {warnings.py:112} WARNING - /home/***/.local/lib/python3.12/site-packages/azure/synapse/artifacts/models/_models_py3.py:1248: SyntaxWarning: invalid escape sequence '\d'
  """

[2026-04-13T07:42:22.570+0000] {warnings.py:112} WARNING - /home/***/.local/lib/python3.12/site-packages/azure/synapse/artifacts/models/_models_py3.py:1271: SyntaxWarning: invalid escape sequence '\d'
  """Copy activity sources of tabular type.

[2026-04-13T07:42:22.570+0000] {warnings.py:112} WARNING - /home/***/.local/lib/python3.12/site-packages/azure/synapse/artifacts/models/_models_py3.py:1406: SyntaxWarning: invalid escape sequence '\d'
  """

[2026-04-13T07:42:22.571+0000] {warnings.py:112} WARNING - /home/***/.local/lib/python3.12/site-packages/azure/synapse/artifacts/models/_models_py3.py:1439: SyntaxWarning: invalid escape sequence '\d'
  """A copy activity Amazon Marketplace Web Service source.

[2026-04-13T07:42:22.571+0000] {warnings.py:112} WARNING - /home/***/.local/lib/python3.12/site-packages/azure/synapse/artifacts/models/_models_py3.py:1495: SyntaxWarning: invalid escape sequence '\d'
  """

[2026-04-13T07:42:22.572+0000] {warnings.py:112} WARNING - /home/***/.local/lib/python3.12/site-packages/azure/synapse/artifacts/models/_models_py3.py:1683: SyntaxWarning: invalid escape sequence '\d'
  """A copy activity AmazonRdsForOracle source.

[2026-04-13T07:42:22.573+0000] {warnings.py:112} WARNING - /home/***/.local/lib/python3.12/site-packages/azure/synapse/artifacts/models/_models_py3.py:1750: SyntaxWarning: invalid escape sequence '\d'
  """

[2026-04-13T07:42:22.574+0000] {warnings.py:112} WARNING - /home/***/.local/lib/python3.12/site-packages/azure/synapse/artifacts/models/_models_py3.py:2025: SyntaxWarning: invalid escape sequence '\d'
  """A copy activity Amazon RDS for SQL Server source.

[2026-04-13T07:42:22.574+0000] {warnings.py:112} WARNING - /home/***/.local/lib/python3.12/site-packages/azure/synapse/artifacts/models/_models_py3.py:2110: SyntaxWarning: invalid escape sequence '\d'
  """

[2026-04-13T07:42:22.576+0000] {warnings.py:112} WARNING - /home/***/.local/lib/python3.12/site-packages/azure/synapse/artifacts/models/_models_py3.py:2407: SyntaxWarning: invalid escape sequence '\d'
  """A copy activity source for Amazon Redshift Source.

[2026-04-13T07:42:22.576+0000] {warnings.py:112} WARNING - /home/***/.local/lib/python3.12/site-packages/azure/synapse/artifacts/models/_models_py3.py:2468: SyntaxWarning: invalid escape sequence '\d'
  """

[2026-04-13T07:42:22.580+0000] {warnings.py:112} WARNING - /home/***/.local/lib/python3.12/site-packages/azure/synapse/artifacts/models/_models_py3.py:3987: SyntaxWarning: invalid escape sequence '\d'
  """A copy activity sink.

[2026-04-13T07:42:22.581+0000] {warnings.py:112} WARNING - /home/***/.local/lib/python3.12/site-packages/azure/synapse/artifacts/models/_models_py3.py:4096: SyntaxWarning: invalid escape sequence '\d'
  """

[2026-04-13T07:42:22.582+0000] {warnings.py:112} WARNING - /home/***/.local/lib/python3.12/site-packages/azure/synapse/artifacts/models/_models_py3.py:4127: SyntaxWarning: invalid escape sequence '\d'
  """A copy activity Avro sink.

[2026-04-13T07:42:22.582+0000] {warnings.py:112} WARNING - /home/***/.local/lib/python3.12/site-packages/azure/synapse/artifacts/models/_models_py3.py:4186: SyntaxWarning: invalid escape sequence '\d'
  """

[2026-04-13T07:42:22.583+0000] {warnings.py:112} WARNING - /home/***/.local/lib/python3.12/site-packages/azure/synapse/artifacts/models/_models_py3.py:4225: SyntaxWarning: invalid escape sequence '\d'
  """A copy activity Avro source.

[2026-04-13T07:42:22.583+0000] {warnings.py:112} WARNING - /home/***/.local/lib/python3.12/site-packages/azure/synapse/artifacts/models/_models_py3.py:4275: SyntaxWarning: invalid escape sequence '\d'
  """

[2026-04-13T07:42:22.585+0000] {warnings.py:112} WARNING - /home/***/.local/lib/python3.12/site-packages/azure/synapse/artifacts/models/_models_py3.py:5209: SyntaxWarning: invalid escape sequence '\d'
  """A copy activity Azure Data Lake Storage Gen2 sink.

[2026-04-13T07:42:22.587+0000] {warnings.py:112} WARNING - /home/***/.local/lib/python3.12/site-packages/azure/synapse/artifacts/models/_models_py3.py:5265: SyntaxWarning: invalid escape sequence '\d'
  """

[2026-04-13T07:42:22.588+0000] {warnings.py:112} WARNING - /home/***/.local/lib/python3.12/site-packages/azure/synapse/artifacts/models/_models_py3.py:5302: SyntaxWarning: invalid escape sequence '\d'
  """A copy activity Azure BlobFS source.

[2026-04-13T07:42:22.588+0000] {warnings.py:112} WARNING - /home/***/.local/lib/python3.12/site-packages/azure/synapse/artifacts/models/_models_py3.py:5358: SyntaxWarning: invalid escape sequence '\d'
  """

[2026-04-13T07:42:22.591+0000] {warnings.py:112} WARNING - /home/***/.local/lib/python3.12/site-packages/azure/synapse/artifacts/models/_models_py3.py:6437: SyntaxWarning: invalid escape sequence '\d'
  """A copy activity Azure Databricks Delta Lake sink.

[2026-04-13T07:42:22.592+0000] {warnings.py:112} WARNING - /home/***/.local/lib/python3.12/site-packages/azure/synapse/artifacts/models/_models_py3.py:6497: SyntaxWarning: invalid escape sequence '\d'
  """

[2026-04-13T07:42:22.592+0000] {warnings.py:112} WARNING - /home/***/.local/lib/python3.12/site-packages/azure/synapse/artifacts/models/_models_py3.py:6538: SyntaxWarning: invalid escape sequence '\d'
  """A copy activity Azure Databricks Delta Lake source.

[2026-04-13T07:42:22.592+0000] {warnings.py:112} WARNING - /home/***/.local/lib/python3.12/site-packages/azure/synapse/artifacts/models/_models_py3.py:6588: SyntaxWarning: invalid escape sequence '\d'
  """

[2026-04-13T07:42:22.594+0000] {warnings.py:112} WARNING - /home/***/.local/lib/python3.12/site-packages/azure/synapse/artifacts/models/_models_py3.py:7023: SyntaxWarning: invalid escape sequence '\d'
  """Azure Data Explorer command activity.

[2026-04-13T07:42:22.594+0000] {warnings.py:112} WARNING - /home/***/.local/lib/python3.12/site-packages/azure/synapse/artifacts/models/_models_py3.py:7096: SyntaxWarning: invalid escape sequence '\d'
  """

[2026-04-13T07:42:22.595+0000] {warnings.py:112} WARNING - /home/***/.local/lib/python3.12/site-packages/azure/synapse/artifacts/models/_models_py3.py:7267: SyntaxWarning: invalid escape sequence '\d'
  """A copy activity Azure Data Explorer sink.

[2026-04-13T07:42:22.596+0000] {warnings.py:112} WARNING - /home/***/.local/lib/python3.12/site-packages/azure/synapse/artifacts/models/_models_py3.py:7333: SyntaxWarning: invalid escape sequence '\d'
  """

[2026-04-13T07:42:22.597+0000] {warnings.py:112} WARNING - /home/***/.local/lib/python3.12/site-packages/azure/synapse/artifacts/models/_models_py3.py:7378: SyntaxWarning: invalid escape sequence '\d'
  """A copy activity Azure Data Explorer (Kusto) source.

[2026-04-13T07:42:22.597+0000] {warnings.py:112} WARNING - /home/***/.local/lib/python3.12/site-packages/azure/synapse/artifacts/models/_models_py3.py:7440: SyntaxWarning: invalid escape sequence '\d'
  """

[2026-04-13T07:42:22.600+0000] {warnings.py:112} WARNING - /home/***/.local/lib/python3.12/site-packages/azure/synapse/artifacts/models/_models_py3.py:8222: SyntaxWarning: invalid escape sequence '\d'
  """A copy activity Azure Data Lake Store sink.

[2026-04-13T07:42:22.601+0000] {warnings.py:112} WARNING - /home/***/.local/lib/python3.12/site-packages/azure/synapse/artifacts/models/_models_py3.py:8282: SyntaxWarning: invalid escape sequence '\d'
  """

[2026-04-13T07:42:22.602+0000] {warnings.py:112} WARNING - /home/***/.local/lib/python3.12/site-packages/azure/synapse/artifacts/models/_models_py3.py:8322: SyntaxWarning: invalid escape sequence '\d'
  """A copy activity Azure Data Lake source.

[2026-04-13T07:42:22.602+0000] {warnings.py:112} WARNING - /home/***/.local/lib/python3.12/site-packages/azure/synapse/artifacts/models/_models_py3.py:8368: SyntaxWarning: invalid escape sequence '\d'
  """

[2026-04-13T07:42:22.605+0000] {warnings.py:112} WARNING - /home/***/.local/lib/python3.12/site-packages/azure/synapse/artifacts/models/_models_py3.py:9475: SyntaxWarning: invalid escape sequence '\d'
  """A copy activity Azure MariaDB source.

[2026-04-13T07:42:22.606+0000] {warnings.py:112} WARNING - /home/***/.local/lib/python3.12/site-packages/azure/synapse/artifacts/models/_models_py3.py:9531: SyntaxWarning: invalid escape sequence '\d'
  """

[2026-04-13T07:42:22.608+0000] {warnings.py:112} WARNING - /home/***/.local/lib/python3.12/site-packages/azure/synapse/artifacts/models/_models_py3.py:10532: SyntaxWarning: invalid escape sequence '\d'
  """A copy activity Azure MySql sink.

[2026-04-13T07:42:22.609+0000] {warnings.py:112} WARNING - /home/***/.local/lib/python3.12/site-packages/azure/synapse/artifacts/models/_models_py3.py:10588: SyntaxWarning: invalid escape sequence '\d'
  """

[2026-04-13T07:42:22.610+0000] {warnings.py:112} WARNING - /home/***/.local/lib/python3.12/site-packages/azure/synapse/artifacts/models/_models_py3.py:10625: SyntaxWarning: invalid escape sequence '\d'
  """A copy activity Azure MySQL source.

[2026-04-13T07:42:22.610+0000] {warnings.py:112} WARNING - /home/***/.local/lib/python3.12/site-packages/azure/synapse/artifacts/models/_models_py3.py:10680: SyntaxWarning: invalid escape sequence '\d'
  """

[2026-04-13T07:42:22.614+0000] {warnings.py:112} WARNING - /home/***/.local/lib/python3.12/site-packages/azure/synapse/artifacts/models/_models_py3.py:10923: SyntaxWarning: invalid escape sequence '\d'
  """A copy activity Azure PostgreSQL sink.

[2026-04-13T07:42:22.615+0000] {warnings.py:112} WARNING - /home/***/.local/lib/python3.12/site-packages/azure/synapse/artifacts/models/_models_py3.py:10979: SyntaxWarning: invalid escape sequence '\d'
  """

[2026-04-13T07:42:22.615+0000] {warnings.py:112} WARNING - /home/***/.local/lib/python3.12/site-packages/azure/synapse/artifacts/models/_models_py3.py:11016: SyntaxWarning: invalid escape sequence '\d'
  """A copy activity Azure PostgreSQL source.

[2026-04-13T07:42:22.616+0000] {warnings.py:112} WARNING - /home/***/.local/lib/python3.12/site-packages/azure/synapse/artifacts/models/_models_py3.py:11072: SyntaxWarning: invalid escape sequence '\d'
  """

[2026-04-13T07:42:22.617+0000] {warnings.py:112} WARNING - /home/***/.local/lib/python3.12/site-packages/azure/synapse/artifacts/models/_models_py3.py:11231: SyntaxWarning: invalid escape sequence '\d'
  """A copy activity Azure Queue sink.

[2026-04-13T07:42:22.618+0000] {warnings.py:112} WARNING - /home/***/.local/lib/python3.12/site-packages/azure/synapse/artifacts/models/_models_py3.py:11282: SyntaxWarning: invalid escape sequence '\d'
  """

[2026-04-13T07:42:22.618+0000] {warnings.py:112} WARNING - /home/***/.local/lib/python3.12/site-packages/azure/synapse/artifacts/models/_models_py3.py:11420: SyntaxWarning: invalid escape sequence '\d'
  """A copy activity Azure Search Index sink.

[2026-04-13T07:42:22.619+0000] {warnings.py:112} WARNING - /home/***/.local/lib/python3.12/site-packages/azure/synapse/artifacts/models/_models_py3.py:11477: SyntaxWarning: invalid escape sequence '\d'
  """

[2026-04-13T07:42:22.621+0000] {warnings.py:112} WARNING - /home/***/.local/lib/python3.12/site-packages/azure/synapse/artifacts/models/_models_py3.py:12300: SyntaxWarning: invalid escape sequence '\d'
  """A copy activity Azure SQL sink.

[2026-04-13T07:42:22.621+0000] {warnings.py:112} WARNING - /home/***/.local/lib/python3.12/site-packages/azure/synapse/artifacts/models/_models_py3.py:12383: SyntaxWarning: invalid escape sequence '\d'
  """

[2026-04-13T07:42:22.622+0000] {warnings.py:112} WARNING - /home/***/.local/lib/python3.12/site-packages/azure/synapse/artifacts/models/_models_py3.py:12439: SyntaxWarning: invalid escape sequence '\d'
  """A copy activity Azure SQL source.

[2026-04-13T07:42:22.623+0000] {warnings.py:112} WARNING - /home/***/.local/lib/python3.12/site-packages/azure/synapse/artifacts/models/_models_py3.py:12524: SyntaxWarning: invalid escape sequence '\d'
  """

[2026-04-13T07:42:22.625+0000] {warnings.py:112} WARNING - /home/***/.local/lib/python3.12/site-packages/azure/synapse/artifacts/models/_models_py3.py:13019: SyntaxWarning: invalid escape sequence '\d'
  """A copy activity Azure Table sink.

[2026-04-13T07:42:22.625+0000] {warnings.py:112} WARNING - /home/***/.local/lib/python3.12/site-packages/azure/synapse/artifacts/models/_models_py3.py:13090: SyntaxWarning: invalid escape sequence '\d'
  """

[2026-04-13T07:42:22.626+0000] {warnings.py:112} WARNING - /home/***/.local/lib/python3.12/site-packages/azure/synapse/artifacts/models/_models_py3.py:13139: SyntaxWarning: invalid escape sequence '\d'
  """A copy activity Azure Table source.

[2026-04-13T07:42:22.627+0000] {warnings.py:112} WARNING - /home/***/.local/lib/python3.12/site-packages/azure/synapse/artifacts/models/_models_py3.py:13200: SyntaxWarning: invalid escape sequence '\d'
  """

[2026-04-13T07:42:22.629+0000] {warnings.py:112} WARNING - /home/***/.local/lib/python3.12/site-packages/azure/synapse/artifacts/models/_models_py3.py:13886: SyntaxWarning: invalid escape sequence '\d'
  """A copy activity Binary sink.

[2026-04-13T07:42:22.629+0000] {warnings.py:112} WARNING - /home/***/.local/lib/python3.12/site-packages/azure/synapse/artifacts/models/_models_py3.py:13941: SyntaxWarning: invalid escape sequence '\d'
  """

[2026-04-13T07:42:22.630+0000] {warnings.py:112} WARNING - /home/***/.local/lib/python3.12/site-packages/azure/synapse/artifacts/models/_models_py3.py:13977: SyntaxWarning: invalid escape sequence '\d'
  """A copy activity Binary source.

[2026-04-13T07:42:22.631+0000] {warnings.py:112} WARNING - /home/***/.local/lib/python3.12/site-packages/azure/synapse/artifacts/models/_models_py3.py:14026: SyntaxWarning: invalid escape sequence '\d'
  """

[2026-04-13T07:42:22.632+0000] {warnings.py:112} WARNING - /home/***/.local/lib/python3.12/site-packages/azure/synapse/artifacts/models/_models_py3.py:14318: SyntaxWarning: invalid escape sequence '\d'
  """A copy activity Azure Blob sink.

[2026-04-13T07:42:22.633+0000] {warnings.py:112} WARNING - /home/***/.local/lib/python3.12/site-packages/azure/synapse/artifacts/models/_models_py3.py:14388: SyntaxWarning: invalid escape sequence '\d'
  """

[2026-04-13T07:42:22.634+0000] {warnings.py:112} WARNING - /home/***/.local/lib/python3.12/site-packages/azure/synapse/artifacts/models/_models_py3.py:14436: SyntaxWarning: invalid escape sequence '\d'
  """A copy activity Azure Blob source.

[2026-04-13T07:42:22.634+0000] {warnings.py:112} WARNING - /home/***/.local/lib/python3.12/site-packages/azure/synapse/artifacts/models/_models_py3.py:14492: SyntaxWarning: invalid escape sequence '\d'
  """

[2026-04-13T07:42:22.636+0000] {warnings.py:112} WARNING - /home/***/.local/lib/python3.12/site-packages/azure/synapse/artifacts/models/_models_py3.py:14744: SyntaxWarning: invalid escape sequence '\d'
  """A copy activity source for a Cassandra database.

[2026-04-13T07:42:22.636+0000] {warnings.py:112} WARNING - /home/***/.local/lib/python3.12/site-packages/azure/synapse/artifacts/models/_models_py3.py:14810: SyntaxWarning: invalid escape sequence '\d'
  """

[2026-04-13T07:42:22.638+0000] {warnings.py:112} WARNING - /home/***/.local/lib/python3.12/site-packages/azure/synapse/artifacts/models/_models_py3.py:15415: SyntaxWarning: invalid escape sequence '\d'
  """A copy activity Common Data Service for Apps sink.

[2026-04-13T07:42:22.639+0000] {warnings.py:112} WARNING - /home/***/.local/lib/python3.12/site-packages/azure/synapse/artifacts/models/_models_py3.py:15482: SyntaxWarning: invalid escape sequence '\d'
  """

[2026-04-13T07:42:22.639+0000] {warnings.py:112} WARNING - /home/***/.local/lib/python3.12/site-packages/azure/synapse/artifacts/models/_models_py3.py:15527: SyntaxWarning: invalid escape sequence '\d'
  """A copy activity Common Data Service for Apps source.

[2026-04-13T07:42:22.640+0000] {warnings.py:112} WARNING - /home/***/.local/lib/python3.12/site-packages/azure/synapse/artifacts/models/_models_py3.py:15578: SyntaxWarning: invalid escape sequence '\d'
  """

[2026-04-13T07:42:22.641+0000] {warnings.py:112} WARNING - /home/***/.local/lib/python3.12/site-packages/azure/synapse/artifacts/models/_models_py3.py:15897: SyntaxWarning: invalid escape sequence '\d'
  """A copy activity Concur Service source.

[2026-04-13T07:42:22.642+0000] {warnings.py:112} WARNING - /home/***/.local/lib/python3.12/site-packages/azure/synapse/artifacts/models/_models_py3.py:15953: SyntaxWarning: invalid escape sequence '\d'
  """

[2026-04-13T07:42:22.643+0000] {warnings.py:112} WARNING - /home/***/.local/lib/python3.12/site-packages/azure/synapse/artifacts/models/_models_py3.py:16617: SyntaxWarning: invalid escape sequence '\d'
  """A copy activity sink for a CosmosDB (MongoDB API) database.

[2026-04-13T07:42:22.644+0000] {warnings.py:112} WARNING - /home/***/.local/lib/python3.12/site-packages/azure/synapse/artifacts/models/_models_py3.py:16674: SyntaxWarning: invalid escape sequence '\d'
  """

[2026-04-13T07:42:22.645+0000] {warnings.py:112} WARNING - /home/***/.local/lib/python3.12/site-packages/azure/synapse/artifacts/models/_models_py3.py:16712: SyntaxWarning: invalid escape sequence '\d'
  """A copy activity source for a CosmosDB (MongoDB API) database.

[2026-04-13T07:42:22.645+0000] {warnings.py:112} WARNING - /home/***/.local/lib/python3.12/site-packages/azure/synapse/artifacts/models/_models_py3.py:16780: SyntaxWarning: invalid escape sequence '\d'
  """

[2026-04-13T07:42:22.647+0000] {warnings.py:112} WARNING - /home/***/.local/lib/python3.12/site-packages/azure/synapse/artifacts/models/_models_py3.py:16932: SyntaxWarning: invalid escape sequence '\d'
  """A copy activity Azure CosmosDB (SQL API) Collection sink.

[2026-04-13T07:42:22.647+0000] {warnings.py:112} WARNING - /home/***/.local/lib/python3.12/site-packages/azure/synapse/artifacts/models/_models_py3.py:16988: SyntaxWarning: invalid escape sequence '\d'
  """

[2026-04-13T07:42:22.648+0000] {warnings.py:112} WARNING - /home/***/.local/lib/python3.12/site-packages/azure/synapse/artifacts/models/_models_py3.py:17025: SyntaxWarning: invalid escape sequence '\d'
  """A copy activity Azure CosmosDB (SQL API) Collection source.

[2026-04-13T07:42:22.648+0000] {warnings.py:112} WARNING - /home/***/.local/lib/python3.12/site-packages/azure/synapse/artifacts/models/_models_py3.py:17090: SyntaxWarning: invalid escape sequence '\d'
  """

[2026-04-13T07:42:22.649+0000] {warnings.py:112} WARNING - /home/***/.local/lib/python3.12/site-packages/azure/synapse/artifacts/models/_models_py3.py:17228: SyntaxWarning: invalid escape sequence '\d'
  """A copy activity Couchbase server source.

[2026-04-13T07:42:22.650+0000] {warnings.py:112} WARNING - /home/***/.local/lib/python3.12/site-packages/azure/synapse/artifacts/models/_models_py3.py:17284: SyntaxWarning: invalid escape sequence '\d'
  """

[2026-04-13T07:42:22.655+0000] {warnings.py:112} WARNING - /home/***/.local/lib/python3.12/site-packages/azure/synapse/artifacts/models/_models_py3.py:20234: SyntaxWarning: invalid escape sequence '\d'
  """A copy activity source for Db2 databases.

[2026-04-13T07:42:22.656+0000] {warnings.py:112} WARNING - /home/***/.local/lib/python3.12/site-packages/azure/synapse/artifacts/models/_models_py3.py:20289: SyntaxWarning: invalid escape sequence '\d'
  """

[2026-04-13T07:42:22.658+0000] {warnings.py:112} WARNING - /home/***/.local/lib/python3.12/site-packages/azure/synapse/artifacts/models/_models_py3.py:20862: SyntaxWarning: invalid escape sequence '\d'
  """A copy activity DelimitedText sink.

[2026-04-13T07:42:22.658+0000] {warnings.py:112} WARNING - /home/***/.local/lib/python3.12/site-packages/azure/synapse/artifacts/models/_models_py3.py:20921: SyntaxWarning: invalid escape sequence '\d'
  """

[2026-04-13T07:42:22.659+0000] {warnings.py:112} WARNING - /home/***/.local/lib/python3.12/site-packages/azure/synapse/artifacts/models/_models_py3.py:20960: SyntaxWarning: invalid escape sequence '\d'
  """A copy activity DelimitedText source.

[2026-04-13T07:42:22.659+0000] {warnings.py:112} WARNING - /home/***/.local/lib/python3.12/site-packages/azure/synapse/artifacts/models/_models_py3.py:21014: SyntaxWarning: invalid escape sequence '\d'
  """

[2026-04-13T07:42:22.665+0000] {warnings.py:112} WARNING - /home/***/.local/lib/python3.12/site-packages/azure/synapse/artifacts/models/_models_py3.py:21316: SyntaxWarning: invalid escape sequence '\d'
  """A copy activity Document Database Collection sink.

[2026-04-13T07:42:22.666+0000] {warnings.py:112} WARNING - /home/***/.local/lib/python3.12/site-packages/azure/synapse/artifacts/models/_models_py3.py:21377: SyntaxWarning: invalid escape sequence '\d'
  """

[2026-04-13T07:42:22.667+0000] {warnings.py:112} WARNING - /home/***/.local/lib/python3.12/site-packages/azure/synapse/artifacts/models/_models_py3.py:21418: SyntaxWarning: invalid escape sequence '\d'
  """A copy activity Document Database Collection source.

[2026-04-13T07:42:22.667+0000] {warnings.py:112} WARNING - /home/***/.local/lib/python3.12/site-packages/azure/synapse/artifacts/models/_models_py3.py:21478: SyntaxWarning: invalid escape sequence '\d'
  """

[2026-04-13T07:42:22.668+0000] {warnings.py:112} WARNING - /home/***/.local/lib/python3.12/site-packages/azure/synapse/artifacts/models/_models_py3.py:21612: SyntaxWarning: invalid escape sequence '\d'
  """A copy activity Drill server source.

[2026-04-13T07:42:22.669+0000] {warnings.py:112} WARNING - /home/***/.local/lib/python3.12/site-packages/azure/synapse/artifacts/models/_models_py3.py:21668: SyntaxWarning: invalid escape sequence '\d'
  """

[2026-04-13T07:42:22.671+0000] {warnings.py:112} WARNING - /home/***/.local/lib/python3.12/site-packages/azure/synapse/artifacts/models/_models_py3.py:22155: SyntaxWarning: invalid escape sequence '\d'
  """A copy activity Dynamics AX source.

[2026-04-13T07:42:22.672+0000] {warnings.py:112} WARNING - /home/***/.local/lib/python3.12/site-packages/azure/synapse/artifacts/models/_models_py3.py:22218: SyntaxWarning: invalid escape sequence '\d'
  """

[2026-04-13T07:42:22.673+0000] {warnings.py:112} WARNING - /home/***/.local/lib/python3.12/site-packages/azure/synapse/artifacts/models/_models_py3.py:22559: SyntaxWarning: invalid escape sequence '\d'
  """A copy activity Dynamics CRM sink.

[2026-04-13T07:42:22.674+0000] {warnings.py:112} WARNING - /home/***/.local/lib/python3.12/site-packages/azure/synapse/artifacts/models/_models_py3.py:22626: SyntaxWarning: invalid escape sequence '\d'
  """

[2026-04-13T07:42:22.674+0000] {warnings.py:112} WARNING - /home/***/.local/lib/python3.12/site-packages/azure/synapse/artifacts/models/_models_py3.py:22671: SyntaxWarning: invalid escape sequence '\d'
  """A copy activity Dynamics CRM source.

[2026-04-13T07:42:22.675+0000] {warnings.py:112} WARNING - /home/***/.local/lib/python3.12/site-packages/azure/synapse/artifacts/models/_models_py3.py:22722: SyntaxWarning: invalid escape sequence '\d'
  """

[2026-04-13T07:42:22.676+0000] {warnings.py:112} WARNING - /home/***/.local/lib/python3.12/site-packages/azure/synapse/artifacts/models/_models_py3.py:23061: SyntaxWarning: invalid escape sequence '\d'
  """A copy activity Dynamics sink.

[2026-04-13T07:42:22.677+0000] {warnings.py:112} WARNING - /home/***/.local/lib/python3.12/site-packages/azure/synapse/artifacts/models/_models_py3.py:23128: SyntaxWarning: invalid escape sequence '\d'
  """

[2026-04-13T07:42:22.678+0000] {warnings.py:112} WARNING - /home/***/.local/lib/python3.12/site-packages/azure/synapse/artifacts/models/_models_py3.py:23173: SyntaxWarning: invalid escape sequence '\d'
  """A copy activity Dynamics source.

[2026-04-13T07:42:22.678+0000] {warnings.py:112} WARNING - /home/***/.local/lib/python3.12/site-packages/azure/synapse/artifacts/models/_models_py3.py:23224: SyntaxWarning: invalid escape sequence '\d'
  """

[2026-04-13T07:42:22.679+0000] {warnings.py:112} WARNING - /home/***/.local/lib/python3.12/site-packages/azure/synapse/artifacts/models/_models_py3.py:23511: SyntaxWarning: invalid escape sequence '\d'
  """A copy activity Eloqua server source.

[2026-04-13T07:42:22.680+0000] {warnings.py:112} WARNING - /home/***/.local/lib/python3.12/site-packages/azure/synapse/artifacts/models/_models_py3.py:23567: SyntaxWarning: invalid escape sequence '\d'
  """

[2026-04-13T07:42:22.681+0000] {warnings.py:112} WARNING - /home/***/.local/lib/python3.12/site-packages/azure/synapse/artifacts/models/_models_py3.py:23968: SyntaxWarning: invalid escape sequence '\d'
  """A copy activity excel source.

[2026-04-13T07:42:22.682+0000] {warnings.py:112} WARNING - /home/***/.local/lib/python3.12/site-packages/azure/synapse/artifacts/models/_models_py3.py:24018: SyntaxWarning: invalid escape sequence '\d'
  """

[2026-04-13T07:42:22.685+0000] {warnings.py:112} WARNING - /home/***/.local/lib/python3.12/site-packages/azure/synapse/artifacts/models/_models_py3.py:25343: SyntaxWarning: invalid escape sequence '\d'
  """A copy activity file system sink.

[2026-04-13T07:42:22.685+0000] {warnings.py:112} WARNING - /home/***/.local/lib/python3.12/site-packages/azure/synapse/artifacts/models/_models_py3.py:25398: SyntaxWarning: invalid escape sequence '\d'
  """

[2026-04-13T07:42:22.686+0000] {warnings.py:112} WARNING - /home/***/.local/lib/python3.12/site-packages/azure/synapse/artifacts/models/_models_py3.py:25434: SyntaxWarning: invalid escape sequence '\d'
  """A copy activity file system source.

[2026-04-13T07:42:22.686+0000] {warnings.py:112} WARNING - /home/***/.local/lib/python3.12/site-packages/azure/synapse/artifacts/models/_models_py3.py:25485: SyntaxWarning: invalid escape sequence '\d'
  """

[2026-04-13T07:42:22.689+0000] {warnings.py:112} WARNING - /home/***/.local/lib/python3.12/site-packages/azure/synapse/artifacts/models/_models_py3.py:26723: SyntaxWarning: invalid escape sequence '\d'
  """A copy activity Google AdWords service source.

[2026-04-13T07:42:22.690+0000] {warnings.py:112} WARNING - /home/***/.local/lib/python3.12/site-packages/azure/synapse/artifacts/models/_models_py3.py:26779: SyntaxWarning: invalid escape sequence '\d'
  """

[2026-04-13T07:42:22.691+0000] {warnings.py:112} WARNING - /home/***/.local/lib/python3.12/site-packages/azure/synapse/artifacts/models/_models_py3.py:27121: SyntaxWarning: invalid escape sequence '\d'
  """A copy activity Google BigQuery service source.

[2026-04-13T07:42:22.692+0000] {warnings.py:112} WARNING - /home/***/.local/lib/python3.12/site-packages/azure/synapse/artifacts/models/_models_py3.py:27177: SyntaxWarning: invalid escape sequence '\d'
  """

[2026-04-13T07:42:22.693+0000] {warnings.py:112} WARNING - /home/***/.local/lib/python3.12/site-packages/azure/synapse/artifacts/models/_models_py3.py:27461: SyntaxWarning: invalid escape sequence '\d'
  """A copy activity Google BigQuery service source.

[2026-04-13T07:42:22.693+0000] {warnings.py:112} WARNING - /home/***/.local/lib/python3.12/site-packages/azure/synapse/artifacts/models/_models_py3.py:27517: SyntaxWarning: invalid escape sequence '\d'
  """

[2026-04-13T07:42:22.695+0000] {warnings.py:112} WARNING - /home/***/.local/lib/python3.12/site-packages/azure/synapse/artifacts/models/_models_py3.py:28053: SyntaxWarning: invalid escape sequence '\d'
  """A copy activity Greenplum Database source.

[2026-04-13T07:42:22.696+0000] {warnings.py:112} WARNING - /home/***/.local/lib/python3.12/site-packages/azure/synapse/artifacts/models/_models_py3.py:28109: SyntaxWarning: invalid escape sequence '\d'
  """

[2026-04-13T07:42:22.697+0000] {warnings.py:112} WARNING - /home/***/.local/lib/python3.12/site-packages/azure/synapse/artifacts/models/_models_py3.py:28536: SyntaxWarning: invalid escape sequence '\d'
  """A copy activity HBase server source.

[2026-04-13T07:42:22.698+0000] {warnings.py:112} WARNING - /home/***/.local/lib/python3.12/site-packages/azure/synapse/artifacts/models/_models_py3.py:28592: SyntaxWarning: invalid escape sequence '\d'
  """

[2026-04-13T07:42:22.699+0000] {warnings.py:112} WARNING - /home/***/.local/lib/python3.12/site-packages/azure/synapse/artifacts/models/_models_py3.py:28932: SyntaxWarning: invalid escape sequence '\d'
  """A copy activity HDFS source.

[2026-04-13T07:42:22.699+0000] {warnings.py:112} WARNING - /home/***/.local/lib/python3.12/site-packages/azure/synapse/artifacts/models/_models_py3.py:28982: SyntaxWarning: invalid escape sequence '\d'
  """

[2026-04-13T07:42:22.703+0000] {warnings.py:112} WARNING - /home/***/.local/lib/python3.12/site-packages/azure/synapse/artifacts/models/_models_py3.py:30727: SyntaxWarning: invalid escape sequence '\d'
  """A copy activity Hive Server source.

[2026-04-13T07:42:22.704+0000] {warnings.py:112} WARNING - /home/***/.local/lib/python3.12/site-packages/azure/synapse/artifacts/models/_models_py3.py:30783: SyntaxWarning: invalid escape sequence '\d'
  """

[2026-04-13T07:42:22.706+0000] {warnings.py:112} WARNING - /home/***/.local/lib/python3.12/site-packages/azure/synapse/artifacts/models/_models_py3.py:31296: SyntaxWarning: invalid escape sequence '\d'
  """A copy activity source for an HTTP file.

[2026-04-13T07:42:22.707+0000] {warnings.py:112} WARNING - /home/***/.local/lib/python3.12/site-packages/azure/synapse/artifacts/models/_models_py3.py:31344: SyntaxWarning: invalid escape sequence '\d'
  """

[2026-04-13T07:42:22.708+0000] {warnings.py:112} WARNING - /home/***/.local/lib/python3.12/site-packages/azure/synapse/artifacts/models/_models_py3.py:31617: SyntaxWarning: invalid escape sequence '\d'
  """A copy activity Hubspot Service source.

[2026-04-13T07:42:22.709+0000] {warnings.py:112} WARNING - /home/***/.local/lib/python3.12/site-packages/azure/synapse/artifacts/models/_models_py3.py:31673: SyntaxWarning: invalid escape sequence '\d'
  """

[2026-04-13T07:42:22.711+0000] {warnings.py:112} WARNING - /home/***/.local/lib/python3.12/site-packages/azure/synapse/artifacts/models/_models_py3.py:32120: SyntaxWarning: invalid escape sequence '\d'
  """A copy activity Impala server source.

[2026-04-13T07:42:22.712+0000] {warnings.py:112} WARNING - /home/***/.local/lib/python3.12/site-packages/azure/synapse/artifacts/models/_models_py3.py:32176: SyntaxWarning: invalid escape sequence '\d'
  """

[2026-04-13T07:42:22.712+0000] {warnings.py:112} WARNING - /home/***/.local/lib/python3.12/site-packages/azure/synapse/artifacts/models/_models_py3.py:32339: SyntaxWarning: invalid escape sequence '\d'
  """A copy activity Informix sink.

[2026-04-13T07:42:22.713+0000] {warnings.py:112} WARNING - /home/***/.local/lib/python3.12/site-packages/azure/synapse/artifacts/models/_models_py3.py:32395: SyntaxWarning: invalid escape sequence '\d'
  """

[2026-04-13T07:42:22.714+0000] {warnings.py:112} WARNING - /home/***/.local/lib/python3.12/site-packages/azure/synapse/artifacts/models/_models_py3.py:32432: SyntaxWarning: invalid escape sequence '\d'
  """A copy activity source for Informix.

[2026-04-13T07:42:22.714+0000] {warnings.py:112} WARNING - /home/***/.local/lib/python3.12/site-packages/azure/synapse/artifacts/models/_models_py3.py:32487: SyntaxWarning: invalid escape sequence '\d'
  """

[2026-04-13T07:42:22.717+0000] {warnings.py:112} WARNING - /home/***/.local/lib/python3.12/site-packages/azure/synapse/artifacts/models/_models_py3.py:33502: SyntaxWarning: invalid escape sequence '\d'
  """A copy activity Jira Service source.

[2026-04-13T07:42:22.718+0000] {warnings.py:112} WARNING - /home/***/.local/lib/python3.12/site-packages/azure/synapse/artifacts/models/_models_py3.py:33558: SyntaxWarning: invalid escape sequence '\d'
  """

[2026-04-13T07:42:22.719+0000] {warnings.py:112} WARNING - /home/***/.local/lib/python3.12/site-packages/azure/synapse/artifacts/models/_models_py3.py:33869: SyntaxWarning: invalid escape sequence '\d'
  """A copy activity Json sink.

[2026-04-13T07:42:22.720+0000] {warnings.py:112} WARNING - /home/***/.local/lib/python3.12/site-packages/azure/synapse/artifacts/models/_models_py3.py:33928: SyntaxWarning: invalid escape sequence '\d'
  """

[2026-04-13T07:42:22.720+0000] {warnings.py:112} WARNING - /home/***/.local/lib/python3.12/site-packages/azure/synapse/artifacts/models/_models_py3.py:33967: SyntaxWarning: invalid escape sequence '\d'
  """A copy activity Json source.

[2026-04-13T07:42:22.721+0000] {warnings.py:112} WARNING - /home/***/.local/lib/python3.12/site-packages/azure/synapse/artifacts/models/_models_py3.py:34021: SyntaxWarning: invalid escape sequence '\d'
  """

[2026-04-13T07:42:22.723+0000] {warnings.py:112} WARNING - /home/***/.local/lib/python3.12/site-packages/azure/synapse/artifacts/models/_models_py3.py:34739: SyntaxWarning: invalid escape sequence '\d'
  """A copy activity for Microsoft Fabric LakeHouse Table sink.

[2026-04-13T07:42:22.724+0000] {warnings.py:112} WARNING - /home/***/.local/lib/python3.12/site-packages/azure/synapse/artifacts/models/_models_py3.py:34806: SyntaxWarning: invalid escape sequence '\d'
  """

[2026-04-13T07:42:22.725+0000] {warnings.py:112} WARNING - /home/***/.local/lib/python3.12/site-packages/azure/synapse/artifacts/models/_models_py3.py:34852: SyntaxWarning: invalid escape sequence '\d'
  """A copy activity source for Microsoft Fabric LakeHouse Table.

[2026-04-13T07:42:22.725+0000] {warnings.py:112} WARNING - /home/***/.local/lib/python3.12/site-packages/azure/synapse/artifacts/models/_models_py3.py:34908: SyntaxWarning: invalid escape sequence '\d'
  """

[2026-04-13T07:42:22.730+0000] {warnings.py:112} WARNING - /home/***/.local/lib/python3.12/site-packages/azure/synapse/artifacts/models/_models_py3.py:36915: SyntaxWarning: invalid escape sequence '\d'
  """A copy activity Magento server source.

[2026-04-13T07:42:22.731+0000] {warnings.py:112} WARNING - /home/***/.local/lib/python3.12/site-packages/azure/synapse/artifacts/models/_models_py3.py:36971: SyntaxWarning: invalid escape sequence '\d'
  """

[2026-04-13T07:42:22.733+0000] {warnings.py:112} WARNING - /home/***/.local/lib/python3.12/site-packages/azure/synapse/artifacts/models/_models_py3.py:37417: SyntaxWarning: invalid escape sequence '\d'
  """A copy activity MariaDB server source.

[2026-04-13T07:42:22.733+0000] {warnings.py:112} WARNING - /home/***/.local/lib/python3.12/site-packages/azure/synapse/artifacts/models/_models_py3.py:37473: SyntaxWarning: invalid escape sequence '\d'
  """

[2026-04-13T07:42:22.735+0000] {warnings.py:112} WARNING - /home/***/.local/lib/python3.12/site-packages/azure/synapse/artifacts/models/_models_py3.py:37845: SyntaxWarning: invalid escape sequence '\d'
  """A copy activity Marketo server source.

[2026-04-13T07:42:22.736+0000] {warnings.py:112} WARNING - /home/***/.local/lib/python3.12/site-packages/azure/synapse/artifacts/models/_models_py3.py:37901: SyntaxWarning: invalid escape sequence '\d'
  """

[2026-04-13T07:42:22.737+0000] {warnings.py:112} WARNING - /home/***/.local/lib/python3.12/site-packages/azure/synapse/artifacts/models/_models_py3.py:38208: SyntaxWarning: invalid escape sequence '\d'
  """A copy activity Microsoft Access sink.

[2026-04-13T07:42:22.738+0000] {warnings.py:112} WARNING - /home/***/.local/lib/python3.12/site-packages/azure/synapse/artifacts/models/_models_py3.py:38264: SyntaxWarning: invalid escape sequence '\d'
  """

[2026-04-13T07:42:22.739+0000] {warnings.py:112} WARNING - /home/***/.local/lib/python3.12/site-packages/azure/synapse/artifacts/models/_models_py3.py:38301: SyntaxWarning: invalid escape sequence '\d'
  """A copy activity source for Microsoft Access.

[2026-04-13T07:42:22.740+0000] {warnings.py:112} WARNING - /home/***/.local/lib/python3.12/site-packages/azure/synapse/artifacts/models/_models_py3.py:38351: SyntaxWarning: invalid escape sequence '\d'
  """

[2026-04-13T07:42:22.742+0000] {warnings.py:112} WARNING - /home/***/.local/lib/python3.12/site-packages/azure/synapse/artifacts/models/_models_py3.py:38690: SyntaxWarning: invalid escape sequence '\d'
  """A copy activity source for a MongoDB Atlas database.

[2026-04-13T07:42:22.742+0000] {warnings.py:112} WARNING - /home/***/.local/lib/python3.12/site-packages/azure/synapse/artifacts/models/_models_py3.py:38758: SyntaxWarning: invalid escape sequence '\d'
  """

[2026-04-13T07:42:22.743+0000] {warnings.py:112} WARNING - /home/***/.local/lib/python3.12/site-packages/azure/synapse/artifacts/models/_models_py3.py:39141: SyntaxWarning: invalid escape sequence '\d'
  """A copy activity source for a MongoDB database.

[2026-04-13T07:42:22.744+0000] {warnings.py:112} WARNING - /home/***/.local/lib/python3.12/site-packages/azure/synapse/artifacts/models/_models_py3.py:39192: SyntaxWarning: invalid escape sequence '\d'
  """

[2026-04-13T07:42:22.745+0000] {warnings.py:112} WARNING - /home/***/.local/lib/python3.12/site-packages/azure/synapse/artifacts/models/_models_py3.py:39419: SyntaxWarning: invalid escape sequence '\d'
  """A copy activity source for a MongoDB database.

[2026-04-13T07:42:22.746+0000] {warnings.py:112} WARNING - /home/***/.local/lib/python3.12/site-packages/azure/synapse/artifacts/models/_models_py3.py:39487: SyntaxWarning: invalid escape sequence '\d'
  """

[2026-04-13T07:42:22.747+0000] {warnings.py:112} WARNING - /home/***/.local/lib/python3.12/site-packages/azure/synapse/artifacts/models/_models_py3.py:39683: SyntaxWarning: invalid escape sequence '\d'
  """A copy activity source for MySQL databases.

[2026-04-13T07:42:22.748+0000] {warnings.py:112} WARNING - /home/***/.local/lib/python3.12/site-packages/azure/synapse/artifacts/models/_models_py3.py:39738: SyntaxWarning: invalid escape sequence '\d'
  """

[2026-04-13T07:42:22.749+0000] {warnings.py:112} WARNING - /home/***/.local/lib/python3.12/site-packages/azure/synapse/artifacts/models/_models_py3.py:40019: SyntaxWarning: invalid escape sequence '\d'
  """A copy activity Netezza source.

[2026-04-13T07:42:22.750+0000] {warnings.py:112} WARNING - /home/***/.local/lib/python3.12/site-packages/azure/synapse/artifacts/models/_models_py3.py:40084: SyntaxWarning: invalid escape sequence '\d'
  """

[2026-04-13T07:42:22.752+0000] {warnings.py:112} WARNING - /home/***/.local/lib/python3.12/site-packages/azure/synapse/artifacts/models/_models_py3.py:41138: SyntaxWarning: invalid escape sequence '\d'
  """A copy activity source for OData source.

[2026-04-13T07:42:22.753+0000] {warnings.py:112} WARNING - /home/***/.local/lib/python3.12/site-packages/azure/synapse/artifacts/models/_models_py3.py:41196: SyntaxWarning: invalid escape sequence '\d'
  """

[2026-04-13T07:42:22.755+0000] {warnings.py:112} WARNING - /home/***/.local/lib/python3.12/site-packages/azure/synapse/artifacts/models/_models_py3.py:41359: SyntaxWarning: invalid escape sequence '\d'
  """A copy activity ODBC sink.

[2026-04-13T07:42:22.759+0000] {warnings.py:112} WARNING - /home/***/.local/lib/python3.12/site-packages/azure/synapse/artifacts/models/_models_py3.py:41415: SyntaxWarning: invalid escape sequence '\d'
  """

[2026-04-13T07:42:22.760+0000] {warnings.py:112} WARNING - /home/***/.local/lib/python3.12/site-packages/azure/synapse/artifacts/models/_models_py3.py:41452: SyntaxWarning: invalid escape sequence '\d'
  """A copy activity source for ODBC databases.

[2026-04-13T07:42:22.761+0000] {warnings.py:112} WARNING - /home/***/.local/lib/python3.12/site-packages/azure/synapse/artifacts/models/_models_py3.py:41507: SyntaxWarning: invalid escape sequence '\d'
  """

[2026-04-13T07:42:22.762+0000] {warnings.py:112} WARNING - /home/***/.local/lib/python3.12/site-packages/azure/synapse/artifacts/models/_models_py3.py:41875: SyntaxWarning: invalid escape sequence '\d'
  """A copy activity source for an Office 365 service.

[2026-04-13T07:42:22.763+0000] {warnings.py:112} WARNING - /home/***/.local/lib/python3.12/site-packages/azure/synapse/artifacts/models/_models_py3.py:41947: SyntaxWarning: invalid escape sequence '\d'
  """

[2026-04-13T07:42:22.777+0000] {warnings.py:112} WARNING - /home/***/.local/lib/python3.12/site-packages/azure/synapse/artifacts/models/_models_py3.py:42441: SyntaxWarning: invalid escape sequence '\d'
  """A copy activity Oracle Service Cloud source.

[2026-04-13T07:42:22.778+0000] {warnings.py:112} WARNING - /home/***/.local/lib/python3.12/site-packages/azure/synapse/artifacts/models/_models_py3.py:42497: SyntaxWarning: invalid escape sequence '\d'
  """

[2026-04-13T07:42:22.778+0000] {warnings.py:112} WARNING - /home/***/.local/lib/python3.12/site-packages/azure/synapse/artifacts/models/_models_py3.py:42534: SyntaxWarning: invalid escape sequence '\d'
  """A copy activity Oracle sink.

[2026-04-13T07:42:22.779+0000] {warnings.py:112} WARNING - /home/***/.local/lib/python3.12/site-packages/azure/synapse/artifacts/models/_models_py3.py:42590: SyntaxWarning: invalid escape sequence '\d'
  """

[2026-04-13T07:42:22.779+0000] {warnings.py:112} WARNING - /home/***/.local/lib/python3.12/site-packages/azure/synapse/artifacts/models/_models_py3.py:42627: SyntaxWarning: invalid escape sequence '\d'
  """A copy activity Oracle source.

[2026-04-13T07:42:22.780+0000] {warnings.py:112} WARNING - /home/***/.local/lib/python3.12/site-packages/azure/synapse/artifacts/models/_models_py3.py:42692: SyntaxWarning: invalid escape sequence '\d'
  """

[2026-04-13T07:42:22.781+0000] {warnings.py:112} WARNING - /home/***/.local/lib/python3.12/site-packages/azure/synapse/artifacts/models/_models_py3.py:43020: SyntaxWarning: invalid escape sequence '\d'
  """A copy activity ORC sink.

[2026-04-13T07:42:22.782+0000] {warnings.py:112} WARNING - /home/***/.local/lib/python3.12/site-packages/azure/synapse/artifacts/models/_models_py3.py:43079: SyntaxWarning: invalid escape sequence '\d'
  """

[2026-04-13T07:42:22.782+0000] {warnings.py:112} WARNING - /home/***/.local/lib/python3.12/site-packages/azure/synapse/artifacts/models/_models_py3.py:43118: SyntaxWarning: invalid escape sequence '\d'
  """A copy activity ORC source.

[2026-04-13T07:42:22.783+0000] {warnings.py:112} WARNING - /home/***/.local/lib/python3.12/site-packages/azure/synapse/artifacts/models/_models_py3.py:43168: SyntaxWarning: invalid escape sequence '\d'
  """

[2026-04-13T07:42:22.784+0000] {warnings.py:112} WARNING - /home/***/.local/lib/python3.12/site-packages/azure/synapse/artifacts/models/_models_py3.py:43514: SyntaxWarning: invalid escape sequence '\d'
  """A copy activity Parquet sink.

[2026-04-13T07:42:22.785+0000] {warnings.py:112} WARNING - /home/***/.local/lib/python3.12/site-packages/azure/synapse/artifacts/models/_models_py3.py:43573: SyntaxWarning: invalid escape sequence '\d'
  """

[2026-04-13T07:42:22.788+0000] {warnings.py:112} WARNING - /home/***/.local/lib/python3.12/site-packages/azure/synapse/artifacts/models/_models_py3.py:43612: SyntaxWarning: invalid escape sequence '\d'
  """A copy activity Parquet source.

[2026-04-13T07:42:22.789+0000] {warnings.py:112} WARNING - /home/***/.local/lib/python3.12/site-packages/azure/synapse/artifacts/models/_models_py3.py:43666: SyntaxWarning: invalid escape sequence '\d'
  """

[2026-04-13T07:42:22.791+0000] {warnings.py:112} WARNING - /home/***/.local/lib/python3.12/site-packages/azure/synapse/artifacts/models/_models_py3.py:43989: SyntaxWarning: invalid escape sequence '\d'
  """A copy activity Paypal Service source.

[2026-04-13T07:42:22.792+0000] {warnings.py:112} WARNING - /home/***/.local/lib/python3.12/site-packages/azure/synapse/artifacts/models/_models_py3.py:44045: SyntaxWarning: invalid escape sequence '\d'
  """

[2026-04-13T07:42:22.793+0000] {warnings.py:112} WARNING - /home/***/.local/lib/python3.12/site-packages/azure/synapse/artifacts/models/_models_py3.py:44386: SyntaxWarning: invalid escape sequence '\d'
  """A copy activity Phoenix server source.

[2026-04-13T07:42:22.794+0000] {warnings.py:112} WARNING - /home/***/.local/lib/python3.12/site-packages/azure/synapse/artifacts/models/_models_py3.py:44442: SyntaxWarning: invalid escape sequence '\d'
  """

[2026-04-13T07:42:22.798+0000] {warnings.py:112} WARNING - /home/***/.local/lib/python3.12/site-packages/azure/synapse/artifacts/models/_models_py3.py:45003: SyntaxWarning: invalid escape sequence '\d'
  """A copy activity source for PostgreSQL databases.

[2026-04-13T07:42:22.799+0000] {warnings.py:112} WARNING - /home/***/.local/lib/python3.12/site-packages/azure/synapse/artifacts/models/_models_py3.py:45058: SyntaxWarning: invalid escape sequence '\d'
  """

[2026-04-13T07:42:22.801+0000] {warnings.py:112} WARNING - /home/***/.local/lib/python3.12/site-packages/azure/synapse/artifacts/models/_models_py3.py:45444: SyntaxWarning: invalid escape sequence '\d'
  """A copy activity source for PostgreSQL databases.

[2026-04-13T07:42:22.803+0000] {warnings.py:112} WARNING - /home/***/.local/lib/python3.12/site-packages/azure/synapse/artifacts/models/_models_py3.py:45499: SyntaxWarning: invalid escape sequence '\d'
  """

[2026-04-13T07:42:22.805+0000] {warnings.py:112} WARNING - /home/***/.local/lib/python3.12/site-packages/azure/synapse/artifacts/models/_models_py3.py:46042: SyntaxWarning: invalid escape sequence '\d'
  """A copy activity Presto server source.

[2026-04-13T07:42:22.806+0000] {warnings.py:112} WARNING - /home/***/.local/lib/python3.12/site-packages/azure/synapse/artifacts/models/_models_py3.py:46098: SyntaxWarning: invalid escape sequence '\d'
  """

[2026-04-13T07:42:22.807+0000] {warnings.py:112} WARNING - /home/***/.local/lib/python3.12/site-packages/azure/synapse/artifacts/models/_models_py3.py:46702: SyntaxWarning: invalid escape sequence '\d'
  """A copy activity QuickBooks server source.

[2026-04-13T07:42:22.808+0000] {warnings.py:112} WARNING - /home/***/.local/lib/python3.12/site-packages/azure/synapse/artifacts/models/_models_py3.py:46758: SyntaxWarning: invalid escape sequence '\d'
  """

[2026-04-13T07:42:22.809+0000] {warnings.py:112} WARNING - /home/***/.local/lib/python3.12/site-packages/azure/synapse/artifacts/models/_models_py3.py:47000: SyntaxWarning: invalid escape sequence '\d'
  """A copy activity source for various relational databases.

[2026-04-13T07:42:22.810+0000] {warnings.py:112} WARNING - /home/***/.local/lib/python3.12/site-packages/azure/synapse/artifacts/models/_models_py3.py:47050: SyntaxWarning: invalid escape sequence '\d'
  """

[2026-04-13T07:42:22.813+0000] {warnings.py:112} WARNING - /home/***/.local/lib/python3.12/site-packages/azure/synapse/artifacts/models/_models_py3.py:47648: SyntaxWarning: invalid escape sequence '\d'
  """A copy activity Responsys source.

[2026-04-13T07:42:22.814+0000] {warnings.py:112} WARNING - /home/***/.local/lib/python3.12/site-packages/azure/synapse/artifacts/models/_models_py3.py:47704: SyntaxWarning: invalid escape sequence '\d'
  """

[2026-04-13T07:42:22.816+0000] {warnings.py:112} WARNING - /home/***/.local/lib/python3.12/site-packages/azure/synapse/artifacts/models/_models_py3.py:48113: SyntaxWarning: invalid escape sequence '\d'
  """A copy activity Rest service Sink.

[2026-04-13T07:42:22.817+0000] {warnings.py:112} WARNING - /home/***/.local/lib/python3.12/site-packages/azure/synapse/artifacts/models/_models_py3.py:48190: SyntaxWarning: invalid escape sequence '\d'
  """

[2026-04-13T07:42:22.818+0000] {warnings.py:112} WARNING - /home/***/.local/lib/python3.12/site-packages/azure/synapse/artifacts/models/_models_py3.py:48244: SyntaxWarning: invalid escape sequence '\d'
  """A copy activity Rest service source.

[2026-04-13T07:42:22.819+0000] {warnings.py:112} WARNING - /home/***/.local/lib/python3.12/site-packages/azure/synapse/artifacts/models/_models_py3.py:48321: SyntaxWarning: invalid escape sequence '\d'
  """

[2026-04-13T07:42:22.822+0000] {warnings.py:112} WARNING - /home/***/.local/lib/python3.12/site-packages/azure/synapse/artifacts/models/_models_py3.py:49499: SyntaxWarning: invalid escape sequence '\d'
  """A copy activity Salesforce Marketing Cloud source.

[2026-04-13T07:42:22.823+0000] {warnings.py:112} WARNING - /home/***/.local/lib/python3.12/site-packages/azure/synapse/artifacts/models/_models_py3.py:49555: SyntaxWarning: invalid escape sequence '\d'
  """

[2026-04-13T07:42:22.824+0000] {warnings.py:112} WARNING - /home/***/.local/lib/python3.12/site-packages/azure/synapse/artifacts/models/_models_py3.py:49932: SyntaxWarning: invalid escape sequence '\d'
  """A copy activity Salesforce Service Cloud sink.

[2026-04-13T07:42:22.825+0000] {warnings.py:112} WARNING - /home/***/.local/lib/python3.12/site-packages/azure/synapse/artifacts/models/_models_py3.py:50002: SyntaxWarning: invalid escape sequence '\d'
  """

[2026-04-13T07:42:22.825+0000] {warnings.py:112} WARNING - /home/***/.local/lib/python3.12/site-packages/azure/synapse/artifacts/models/_models_py3.py:50052: SyntaxWarning: invalid escape sequence '\d'
  """A copy activity Salesforce Service Cloud source.

[2026-04-13T07:42:22.826+0000] {warnings.py:112} WARNING - /home/***/.local/lib/python3.12/site-packages/azure/synapse/artifacts/models/_models_py3.py:50107: SyntaxWarning: invalid escape sequence '\d'
  """

[2026-04-13T07:42:22.827+0000] {warnings.py:112} WARNING - /home/***/.local/lib/python3.12/site-packages/azure/synapse/artifacts/models/_models_py3.py:50379: SyntaxWarning: invalid escape sequence '\d'
  """A copy activity Salesforce Service Cloud V2 sink.

[2026-04-13T07:42:22.828+0000] {warnings.py:112} WARNING - /home/***/.local/lib/python3.12/site-packages/azure/synapse/artifacts/models/_models_py3.py:50449: SyntaxWarning: invalid escape sequence '\d'
  """

[2026-04-13T07:42:22.829+0000] {warnings.py:112} WARNING - /home/***/.local/lib/python3.12/site-packages/azure/synapse/artifacts/models/_models_py3.py:50499: SyntaxWarning: invalid escape sequence '\d'
  """A copy activity Salesforce Service Cloud V2 source.

[2026-04-13T07:42:22.830+0000] {warnings.py:112} WARNING - /home/***/.local/lib/python3.12/site-packages/azure/synapse/artifacts/models/_models_py3.py:50554: SyntaxWarning: invalid escape sequence '\d'
  """

[2026-04-13T07:42:22.830+0000] {warnings.py:112} WARNING - /home/***/.local/lib/python3.12/site-packages/azure/synapse/artifacts/models/_models_py3.py:50590: SyntaxWarning: invalid escape sequence '\d'
  """A copy activity Salesforce sink.

[2026-04-13T07:42:22.831+0000] {warnings.py:112} WARNING - /home/***/.local/lib/python3.12/site-packages/azure/synapse/artifacts/models/_models_py3.py:50660: SyntaxWarning: invalid escape sequence '\d'
  """

[2026-04-13T07:42:22.832+0000] {warnings.py:112} WARNING - /home/***/.local/lib/python3.12/site-packages/azure/synapse/artifacts/models/_models_py3.py:50710: SyntaxWarning: invalid escape sequence '\d'
  """A copy activity Salesforce source.

[2026-04-13T07:42:22.833+0000] {warnings.py:112} WARNING - /home/***/.local/lib/python3.12/site-packages/azure/synapse/artifacts/models/_models_py3.py:50770: SyntaxWarning: invalid escape sequence '\d'
  """

[2026-04-13T07:42:22.835+0000] {warnings.py:112} WARNING - /home/***/.local/lib/python3.12/site-packages/azure/synapse/artifacts/models/_models_py3.py:51046: SyntaxWarning: invalid escape sequence '\d'
  """A copy activity Salesforce V2 sink.

[2026-04-13T07:42:22.836+0000] {warnings.py:112} WARNING - /home/***/.local/lib/python3.12/site-packages/azure/synapse/artifacts/models/_models_py3.py:51116: SyntaxWarning: invalid escape sequence '\d'
  """

[2026-04-13T07:42:22.837+0000] {warnings.py:112} WARNING - /home/***/.local/lib/python3.12/site-packages/azure/synapse/artifacts/models/_models_py3.py:51166: SyntaxWarning: invalid escape sequence '\d'
  """A copy activity Salesforce V2 source.

[2026-04-13T07:42:22.837+0000] {warnings.py:112} WARNING - /home/***/.local/lib/python3.12/site-packages/azure/synapse/artifacts/models/_models_py3.py:51226: SyntaxWarning: invalid escape sequence '\d'
  """

[2026-04-13T07:42:22.839+0000] {warnings.py:112} WARNING - /home/***/.local/lib/python3.12/site-packages/azure/synapse/artifacts/models/_models_py3.py:51485: SyntaxWarning: invalid escape sequence '\d'
  """A copy activity source for SapBW server via MDX.

[2026-04-13T07:42:22.839+0000] {warnings.py:112} WARNING - /home/***/.local/lib/python3.12/site-packages/azure/synapse/artifacts/models/_models_py3.py:51540: SyntaxWarning: invalid escape sequence '\d'
  """

[2026-04-13T07:42:22.840+0000] {warnings.py:112} WARNING - /home/***/.local/lib/python3.12/site-packages/azure/synapse/artifacts/models/_models_py3.py:51787: SyntaxWarning: invalid escape sequence '\d'
  """A copy activity SAP Cloud for Customer sink.

[2026-04-13T07:42:22.841+0000] {warnings.py:112} WARNING - /home/***/.local/lib/python3.12/site-packages/azure/synapse/artifacts/models/_models_py3.py:51851: SyntaxWarning: invalid escape sequence '\d'
  """

[2026-04-13T07:42:22.841+0000] {warnings.py:112} WARNING - /home/***/.local/lib/python3.12/site-packages/azure/synapse/artifacts/models/_models_py3.py:51895: SyntaxWarning: invalid escape sequence '\d'
  """A copy activity source for SAP Cloud for Customer source.

[2026-04-13T07:42:22.842+0000] {warnings.py:112} WARNING - /home/***/.local/lib/python3.12/site-packages/azure/synapse/artifacts/models/_models_py3.py:51958: SyntaxWarning: invalid escape sequence '\d'
  """

[2026-04-13T07:42:22.843+0000] {warnings.py:112} WARNING - /home/***/.local/lib/python3.12/site-packages/azure/synapse/artifacts/models/_models_py3.py:52212: SyntaxWarning: invalid escape sequence '\d'
  """A copy activity source for SAP ECC source.

[2026-04-13T07:42:22.844+0000] {warnings.py:112} WARNING - /home/***/.local/lib/python3.12/site-packages/azure/synapse/artifacts/models/_models_py3.py:52275: SyntaxWarning: invalid escape sequence '\d'
  """

[2026-04-13T07:42:22.845+0000] {warnings.py:112} WARNING - /home/***/.local/lib/python3.12/site-packages/azure/synapse/artifacts/models/_models_py3.py:52463: SyntaxWarning: invalid escape sequence '\d'
  """A copy activity source for SAP HANA source.

[2026-04-13T07:42:22.845+0000] {warnings.py:112} WARNING - /home/***/.local/lib/python3.12/site-packages/azure/synapse/artifacts/models/_models_py3.py:52532: SyntaxWarning: invalid escape sequence '\d'
  """

[2026-04-13T07:42:22.847+0000] {warnings.py:112} WARNING - /home/***/.local/lib/python3.12/site-packages/azure/synapse/artifacts/models/_models_py3.py:53040: SyntaxWarning: invalid escape sequence '\d'
  """A copy activity source for SAP ODP source.

[2026-04-13T07:42:22.848+0000] {warnings.py:112} WARNING - /home/***/.local/lib/python3.12/site-packages/azure/synapse/artifacts/models/_models_py3.py:53111: SyntaxWarning: invalid escape sequence '\d'
  """

[2026-04-13T07:42:22.850+0000] {warnings.py:112} WARNING - /home/***/.local/lib/python3.12/site-packages/azure/synapse/artifacts/models/_models_py3.py:53334: SyntaxWarning: invalid escape sequence '\d'
  """A copy activity source for SAP Business Warehouse Open Hub Destination source.

[2026-04-13T07:42:22.850+0000] {warnings.py:112} WARNING - /home/***/.local/lib/python3.12/site-packages/azure/synapse/artifacts/models/_models_py3.py:53407: SyntaxWarning: invalid escape sequence '\d'
  """

[2026-04-13T07:42:22.852+0000] {warnings.py:112} WARNING - /home/***/.local/lib/python3.12/site-packages/azure/synapse/artifacts/models/_models_py3.py:53961: SyntaxWarning: invalid escape sequence '\d'
  """A copy activity source for SAP Table source.

[2026-04-13T07:42:22.853+0000] {warnings.py:112} WARNING - /home/***/.local/lib/python3.12/site-packages/azure/synapse/artifacts/models/_models_py3.py:54059: SyntaxWarning: invalid escape sequence '\d'
  """

[2026-04-13T07:42:22.854+0000] {warnings.py:112} WARNING - /home/***/.local/lib/python3.12/site-packages/azure/synapse/artifacts/models/_models_py3.py:54322: SyntaxWarning: invalid escape sequence '\d'
  """Script activity type.

[2026-04-13T07:42:22.854+0000] {warnings.py:112} WARNING - /home/***/.local/lib/python3.12/site-packages/azure/synapse/artifacts/models/_models_py3.py:54398: SyntaxWarning: invalid escape sequence '\d'
  """

[2026-04-13T07:42:22.856+0000] {warnings.py:112} WARNING - /home/***/.local/lib/python3.12/site-packages/azure/synapse/artifacts/models/_models_py3.py:55022: SyntaxWarning: invalid escape sequence '\d'
  """A copy activity ServiceNow server source.

[2026-04-13T07:42:22.857+0000] {warnings.py:112} WARNING - /home/***/.local/lib/python3.12/site-packages/azure/synapse/artifacts/models/_models_py3.py:55078: SyntaxWarning: invalid escape sequence '\d'
  """

[2026-04-13T07:42:22.858+0000] {warnings.py:112} WARNING - /home/***/.local/lib/python3.12/site-packages/azure/synapse/artifacts/models/_models_py3.py:55310: SyntaxWarning: invalid escape sequence '\d'
  """A copy activity ServiceNowV2 server source.

[2026-04-13T07:42:22.858+0000] {warnings.py:112} WARNING - /home/***/.local/lib/python3.12/site-packages/azure/synapse/artifacts/models/_models_py3.py:55365: SyntaxWarning: invalid escape sequence '\d'
  """

[2026-04-13T07:42:22.860+0000] {warnings.py:112} WARNING - /home/***/.local/lib/python3.12/site-packages/azure/synapse/artifacts/models/_models_py3.py:56196: SyntaxWarning: invalid escape sequence '\d'
  """A copy activity source for sharePoint online list source.

[2026-04-13T07:42:22.861+0000] {warnings.py:112} WARNING - /home/***/.local/lib/python3.12/site-packages/azure/synapse/artifacts/models/_models_py3.py:56248: SyntaxWarning: invalid escape sequence '\d'
  """

[2026-04-13T07:42:22.862+0000] {warnings.py:112} WARNING - /home/***/.local/lib/python3.12/site-packages/azure/synapse/artifacts/models/_models_py3.py:56508: SyntaxWarning: invalid escape sequence '\d'
  """A copy activity Shopify Service source.

[2026-04-13T07:42:22.863+0000] {warnings.py:112} WARNING - /home/***/.local/lib/python3.12/site-packages/azure/synapse/artifacts/models/_models_py3.py:56564: SyntaxWarning: invalid escape sequence '\d'
  """

[2026-04-13T07:42:22.864+0000] {warnings.py:112} WARNING - /home/***/.local/lib/python3.12/site-packages/azure/synapse/artifacts/models/_models_py3.py:57087: SyntaxWarning: invalid escape sequence '\d'
  """A copy activity snowflake sink.

[2026-04-13T07:42:22.865+0000] {warnings.py:112} WARNING - /home/***/.local/lib/python3.12/site-packages/azure/synapse/artifacts/models/_models_py3.py:57147: SyntaxWarning: invalid escape sequence '\d'
  """

[2026-04-13T07:42:22.866+0000] {warnings.py:112} WARNING - /home/***/.local/lib/python3.12/site-packages/azure/synapse/artifacts/models/_models_py3.py:57187: SyntaxWarning: invalid escape sequence '\d'
  """A copy activity snowflake source.

[2026-04-13T07:42:22.867+0000] {warnings.py:112} WARNING - /home/***/.local/lib/python3.12/site-packages/azure/synapse/artifacts/models/_models_py3.py:57237: SyntaxWarning: invalid escape sequence '\d'
  """

[2026-04-13T07:42:22.868+0000] {warnings.py:112} WARNING - /home/***/.local/lib/python3.12/site-packages/azure/synapse/artifacts/models/_models_py3.py:57560: SyntaxWarning: invalid escape sequence '\d'
  """A copy activity snowflake sink.

[2026-04-13T07:42:22.869+0000] {warnings.py:112} WARNING - /home/***/.local/lib/python3.12/site-packages/azure/synapse/artifacts/models/_models_py3.py:57620: SyntaxWarning: invalid escape sequence '\d'
  """

[2026-04-13T07:42:22.870+0000] {warnings.py:112} WARNING - /home/***/.local/lib/python3.12/site-packages/azure/synapse/artifacts/models/_models_py3.py:57660: SyntaxWarning: invalid escape sequence '\d'
  """A copy activity snowflake source.

[2026-04-13T07:42:22.870+0000] {warnings.py:112} WARNING - /home/***/.local/lib/python3.12/site-packages/azure/synapse/artifacts/models/_models_py3.py:57710: SyntaxWarning: invalid escape sequence '\d'
  """

[2026-04-13T07:42:22.874+0000] {warnings.py:112} WARNING - /home/***/.local/lib/python3.12/site-packages/azure/synapse/artifacts/models/_models_py3.py:59106: SyntaxWarning: invalid escape sequence '\d'
  """A copy activity Spark Server source.

[2026-04-13T07:42:22.875+0000] {warnings.py:112} WARNING - /home/***/.local/lib/python3.12/site-packages/azure/synapse/artifacts/models/_models_py3.py:59162: SyntaxWarning: invalid escape sequence '\d'
  """

[2026-04-13T07:42:22.876+0000] {warnings.py:112} WARNING - /home/***/.local/lib/python3.12/site-packages/azure/synapse/artifacts/models/_models_py3.py:59316: SyntaxWarning: invalid escape sequence '\d'
  """A copy activity SQL Data Warehouse sink.

[2026-04-13T07:42:22.877+0000] {warnings.py:112} WARNING - /home/***/.local/lib/python3.12/site-packages/azure/synapse/artifacts/models/_models_py3.py:59396: SyntaxWarning: invalid escape sequence '\d'
  """

[2026-04-13T07:42:22.877+0000] {warnings.py:112} WARNING - /home/***/.local/lib/python3.12/site-packages/azure/synapse/artifacts/models/_models_py3.py:59452: SyntaxWarning: invalid escape sequence '\d'
  """A copy activity SQL Data Warehouse source.

[2026-04-13T07:42:22.878+0000] {warnings.py:112} WARNING - /home/***/.local/lib/python3.12/site-packages/azure/synapse/artifacts/models/_models_py3.py:59535: SyntaxWarning: invalid escape sequence '\d'
  """

[2026-04-13T07:42:22.879+0000] {warnings.py:112} WARNING - /home/***/.local/lib/python3.12/site-packages/azure/synapse/artifacts/models/_models_py3.py:59594: SyntaxWarning: invalid escape sequence '\d'
  """A copy activity Azure SQL Managed Instance sink.

[2026-04-13T07:42:22.880+0000] {warnings.py:112} WARNING - /home/***/.local/lib/python3.12/site-packages/azure/synapse/artifacts/models/_models_py3.py:59677: SyntaxWarning: invalid escape sequence '\d'
  """

[2026-04-13T07:42:22.880+0000] {warnings.py:112} WARNING - /home/***/.local/lib/python3.12/site-packages/azure/synapse/artifacts/models/_models_py3.py:59733: SyntaxWarning: invalid escape sequence '\d'
  """A copy activity Azure SQL Managed Instance source.

[2026-04-13T07:42:22.881+0000] {warnings.py:112} WARNING - /home/***/.local/lib/python3.12/site-packages/azure/synapse/artifacts/models/_models_py3.py:59818: SyntaxWarning: invalid escape sequence '\d'
  """

[2026-04-13T07:42:22.883+0000] {warnings.py:112} WARNING - /home/***/.local/lib/python3.12/site-packages/azure/synapse/artifacts/models/_models_py3.py:60639: SyntaxWarning: invalid escape sequence '\d'
  """A copy activity SQL server sink.

[2026-04-13T07:42:22.884+0000] {warnings.py:112} WARNING - /home/***/.local/lib/python3.12/site-packages/azure/synapse/artifacts/models/_models_py3.py:60722: SyntaxWarning: invalid escape sequence '\d'
  """

[2026-04-13T07:42:22.884+0000] {warnings.py:112} WARNING - /home/***/.local/lib/python3.12/site-packages/azure/synapse/artifacts/models/_models_py3.py:60778: SyntaxWarning: invalid escape sequence '\d'
  """A copy activity SQL server source.

[2026-04-13T07:42:22.885+0000] {warnings.py:112} WARNING - /home/***/.local/lib/python3.12/site-packages/azure/synapse/artifacts/models/_models_py3.py:60863: SyntaxWarning: invalid escape sequence '\d'
  """

[2026-04-13T07:42:22.886+0000] {warnings.py:112} WARNING - /home/***/.local/lib/python3.12/site-packages/azure/synapse/artifacts/models/_models_py3.py:61167: SyntaxWarning: invalid escape sequence '\d'
  """A copy activity SQL sink.

[2026-04-13T07:42:22.887+0000] {warnings.py:112} WARNING - /home/***/.local/lib/python3.12/site-packages/azure/synapse/artifacts/models/_models_py3.py:61250: SyntaxWarning: invalid escape sequence '\d'
  """

[2026-04-13T07:42:22.887+0000] {warnings.py:112} WARNING - /home/***/.local/lib/python3.12/site-packages/azure/synapse/artifacts/models/_models_py3.py:61306: SyntaxWarning: invalid escape sequence '\d'
  """A copy activity SQL source.

[2026-04-13T07:42:22.888+0000] {warnings.py:112} WARNING - /home/***/.local/lib/python3.12/site-packages/azure/synapse/artifacts/models/_models_py3.py:61387: SyntaxWarning: invalid escape sequence '\d'
  """

[2026-04-13T07:42:22.889+0000] {warnings.py:112} WARNING - /home/***/.local/lib/python3.12/site-packages/azure/synapse/artifacts/models/_models_py3.py:61696: SyntaxWarning: invalid escape sequence '\d'
  """A copy activity Square Service source.

[2026-04-13T07:42:22.890+0000] {warnings.py:112} WARNING - /home/***/.local/lib/python3.12/site-packages/azure/synapse/artifacts/models/_models_py3.py:61752: SyntaxWarning: invalid escape sequence '\d'
  """

[2026-04-13T07:42:22.891+0000] {warnings.py:112} WARNING - /home/***/.local/lib/python3.12/site-packages/azure/synapse/artifacts/models/_models_py3.py:61954: SyntaxWarning: invalid escape sequence '\d'
  """SSIS package execution log location.

[2026-04-13T07:42:22.891+0000] {warnings.py:112} WARNING - /home/***/.local/lib/python3.12/site-packages/azure/synapse/artifacts/models/_models_py3.py:61992: SyntaxWarning: invalid escape sequence '\d'
  """

[2026-04-13T07:42:22.893+0000] {warnings.py:112} WARNING - /home/***/.local/lib/python3.12/site-packages/azure/synapse/artifacts/models/_models_py3.py:62660: SyntaxWarning: invalid escape sequence '\d'
  """A copy activity source for Sybase databases.

[2026-04-13T07:42:22.894+0000] {warnings.py:112} WARNING - /home/***/.local/lib/python3.12/site-packages/azure/synapse/artifacts/models/_models_py3.py:62715: SyntaxWarning: invalid escape sequence '\d'
  """

[2026-04-13T07:42:22.897+0000] {warnings.py:112} WARNING - /home/***/.local/lib/python3.12/site-packages/azure/synapse/artifacts/models/_models_py3.py:63882: SyntaxWarning: invalid escape sequence '\d'
  """A copy activity Teradata source.

[2026-04-13T07:42:22.897+0000] {warnings.py:112} WARNING - /home/***/.local/lib/python3.12/site-packages/azure/synapse/artifacts/models/_models_py3.py:63946: SyntaxWarning: invalid escape sequence '\d'
  """

[2026-04-13T07:42:22.899+0000] {warnings.py:112} WARNING - /home/***/.local/lib/python3.12/site-packages/azure/synapse/artifacts/models/_models_py3.py:64582: SyntaxWarning: invalid escape sequence '\d'
  """Trigger that schedules pipeline runs for all fixed time interval windows from a start time

[2026-04-13T07:42:22.900+0000] {warnings.py:112} WARNING - /home/***/.local/lib/python3.12/site-packages/azure/synapse/artifacts/models/_models_py3.py:64674: SyntaxWarning: invalid escape sequence '\d'
  """

[2026-04-13T07:42:22.901+0000] {warnings.py:112} WARNING - /home/***/.local/lib/python3.12/site-packages/azure/synapse/artifacts/models/_models_py3.py:64940: SyntaxWarning: invalid escape sequence '\d'
  """This activity executes inner activities until the specified boolean expression results to true

[2026-04-13T07:42:22.902+0000] {warnings.py:112} WARNING - /home/***/.local/lib/python3.12/site-packages/azure/synapse/artifacts/models/_models_py3.py:65014: SyntaxWarning: invalid escape sequence '\d'
  """

[2026-04-13T07:42:22.902+0000] {warnings.py:112} WARNING - /home/***/.local/lib/python3.12/site-packages/azure/synapse/artifacts/models/_models_py3.py:65117: SyntaxWarning: invalid escape sequence '\d'
  """This activity verifies that an external resource exists.

[2026-04-13T07:42:22.903+0000] {warnings.py:112} WARNING - /home/***/.local/lib/python3.12/site-packages/azure/synapse/artifacts/models/_models_py3.py:65199: SyntaxWarning: invalid escape sequence '\d'
  """

[2026-04-13T07:42:22.904+0000] {warnings.py:112} WARNING - /home/***/.local/lib/python3.12/site-packages/azure/synapse/artifacts/models/_models_py3.py:65385: SyntaxWarning: invalid escape sequence '\d'
  """A copy activity Vertica source.

[2026-04-13T07:42:22.904+0000] {warnings.py:112} WARNING - /home/***/.local/lib/python3.12/site-packages/azure/synapse/artifacts/models/_models_py3.py:65441: SyntaxWarning: invalid escape sequence '\d'
  """

[2026-04-13T07:42:22.905+0000] {warnings.py:112} WARNING - /home/***/.local/lib/python3.12/site-packages/azure/synapse/artifacts/models/_models_py3.py:65874: SyntaxWarning: invalid escape sequence '\d'
  """A copy activity Microsoft Fabric Warehouse sink.

[2026-04-13T07:42:22.906+0000] {warnings.py:112} WARNING - /home/***/.local/lib/python3.12/site-packages/azure/synapse/artifacts/models/_models_py3.py:65950: SyntaxWarning: invalid escape sequence '\d'
  """

[2026-04-13T07:42:22.907+0000] {warnings.py:112} WARNING - /home/***/.local/lib/python3.12/site-packages/azure/synapse/artifacts/models/_models_py3.py:66003: SyntaxWarning: invalid escape sequence '\d'
  """A copy activity Microsoft Fabric Warehouse source.

[2026-04-13T07:42:22.907+0000] {warnings.py:112} WARNING - /home/***/.local/lib/python3.12/site-packages/azure/synapse/artifacts/models/_models_py3.py:66087: SyntaxWarning: invalid escape sequence '\d'
  """

[2026-04-13T07:42:22.909+0000] {warnings.py:112} WARNING - /home/***/.local/lib/python3.12/site-packages/azure/synapse/artifacts/models/_models_py3.py:66686: SyntaxWarning: invalid escape sequence '\d'
  """WebHook activity.

[2026-04-13T07:42:22.910+0000] {warnings.py:112} WARNING - /home/***/.local/lib/python3.12/site-packages/azure/synapse/artifacts/models/_models_py3.py:66779: SyntaxWarning: invalid escape sequence '\d'
  """

[2026-04-13T07:42:22.912+0000] {warnings.py:112} WARNING - /home/***/.local/lib/python3.12/site-packages/azure/synapse/artifacts/models/_models_py3.py:66918: SyntaxWarning: invalid escape sequence '\d'
  """A copy activity source for web page table.

[2026-04-13T07:42:22.913+0000] {warnings.py:112} WARNING - /home/***/.local/lib/python3.12/site-packages/azure/synapse/artifacts/models/_models_py3.py:66964: SyntaxWarning: invalid escape sequence '\d'
  """

[2026-04-13T07:42:22.916+0000] {warnings.py:112} WARNING - /home/***/.local/lib/python3.12/site-packages/azure/synapse/artifacts/models/_models_py3.py:67735: SyntaxWarning: invalid escape sequence '\d'
  """A copy activity Xero Service source.

[2026-04-13T07:42:22.917+0000] {warnings.py:112} WARNING - /home/***/.local/lib/python3.12/site-packages/azure/synapse/artifacts/models/_models_py3.py:67791: SyntaxWarning: invalid escape sequence '\d'
  """

[2026-04-13T07:42:22.918+0000] {warnings.py:112} WARNING - /home/***/.local/lib/python3.12/site-packages/azure/synapse/artifacts/models/_models_py3.py:68043: SyntaxWarning: invalid escape sequence '\d'
  """A copy activity Xml source.

[2026-04-13T07:42:22.918+0000] {warnings.py:112} WARNING - /home/***/.local/lib/python3.12/site-packages/azure/synapse/artifacts/models/_models_py3.py:68097: SyntaxWarning: invalid escape sequence '\d'
  """

[2026-04-13T07:42:22.920+0000] {warnings.py:112} WARNING - /home/***/.local/lib/python3.12/site-packages/azure/synapse/artifacts/models/_models_py3.py:68532: SyntaxWarning: invalid escape sequence '\d'
  """A copy activity Zoho server source.

[2026-04-13T07:42:22.920+0000] {warnings.py:112} WARNING - /home/***/.local/lib/python3.12/site-packages/azure/synapse/artifacts/models/_models_py3.py:68588: SyntaxWarning: invalid escape sequence '\d'
  """

[2026-04-13T07:42:24.405+0000] {taskinstance.py:341} INFO - ::group::Post task execution logs
[2026-04-13T07:42:24.406+0000] {taskinstance.py:353} INFO - Marking task as SUCCESS. dag_id=kafka_producer, task_id=execute_update_layers, run_id=scheduled__2026-04-11T18:30:00+00:00, execution_date=20260411T183000, start_date=20260413T074218, end_date=20260413T074224
[2026-04-13T07:42:24.475+0000] {local_task_job_runner.py:266} INFO - Task exited with return code 0
[2026-04-13T07:42:24.494+0000] {taskinstance.py:3901} INFO - 0 downstream tasks scheduled from follow-on schedule check
[2026-04-13T07:42:24.498+0000] {local_task_job_runner.py:245} INFO - ::endgroup::
